Godot Engine v4.7.1.stable.mono.official.a13da4feb - https://godotengine.org
Vulkan 1.3.280 - Forward+ - Using Device #0: NVIDIA - NVIDIA GeForce GTX 970

act1-kit-lod-parity-notice: /root/Act1FootstepLagProbe/Main/ZoneHost/Act1ConnectedWorld/village-main-road/GeneratedModularKit variant=style-day-house pairs=12 overTolerance=1 worstCrown=100.00% worstHeight=0.15% worstBase=1.70% rootOffset=0.0000m
act1-kit-lod-parity-notice: /root/Act1FootstepLagProbe/Main/ZoneHost/Act1ConnectedWorld/village-main-road/@Node3D@304 variant=style-day-well pairs=7 overTolerance=7 worstCrown=100.00% worstHeight=0.42% worstBase=100.00% rootOffset=0.0000m
act1-kit-lod-parity-notice: /root/Act1FootstepLagProbe/Main/ZoneHost/Act1ConnectedWorld/village-main-road/@Node3D@307 variant=style-day-woodpile pairs=4 overTolerance=4 worstCrown=2.20% worstHeight=0.00% worstBase=0.40% rootOffset=0.0000m
act1-kit-lod-parity-notice: /root/Act1FootstepLagProbe/Main/ZoneHost/Act1ConnectedWorld/babay-abi-house/GeneratedModularKit variant=style-house-interior-eight-by-seven pairs=46 overTolerance=25 worstCrown=9.89% worstHeight=13.92% worstBase=15.96% rootOffset=0.0000m
act1-kit-lod-parity-notice: /root/Act1FootstepLagProbe/Main/ZoneHost/Act1ConnectedWorld/babay-abi-house/GeneratedModularKit variant=style-house-old-pc pairs=8 overTolerance=3 worstCrown=2.55% worstHeight=7.22% worstBase=0.11% rootOffset=0.0000m
act1-kit-lod-parity-notice: /root/Act1FootstepLagProbe/Main/ZoneHost/Act1ConnectedWorld/kara-urman-edge/GeneratedModularKit variant=style-forest-pine pairs=2 overTolerance=2 worstCrown=4.26% worstHeight=0.45% worstBase=3.77% rootOffset=0.0000m
act1-kit-lod-parity-notice: /root/Act1FootstepLagProbe/Main/ZoneHost/Act1ConnectedWorld/kara-urman-edge/@Node3D@1228 variant=style-forest-pine pairs=2 overTolerance=2 worstCrown=4.26% worstHeight=0.45% worstBase=3.77% rootOffset=0.0000m
act1-kit-lod-parity-notice: /root/Act1FootstepLagProbe/Main/ZoneHost/Act1ConnectedWorld/kara-urman-edge/@Node3D@1229 variant=style-forest-pine pairs=2 overTolerance=2 worstCrown=4.26% worstHeight=0.45% worstBase=3.77% rootOffset=0.0000m
WARNING: PainterlyMaterialLibrary: surface 'snow_ground' has no declared mode; it gets the flat world-space default.
   at: Godot.Material Urman.Godot.PainterlyMaterialLibrary.ForColor(string, string, bool) (res://scripts/PainterlyMaterialLibrary.cs:1406)
   C# backtrace (most recent call first):
       [0] void Godot.GD.PushWarning(string) (/root/godot/modules/mono/glue/GodotSharp/GodotSharp/Core/GD.cs:396)
       [1] Godot.Material Urman.Godot.PainterlyMaterialLibrary.ForColor(string, string, bool) (D:\URMAN-STATION\data\runs\753a9cc00fff49fcb36a717340929108\source\game\scripts\PainterlyMaterialLibrary.cs:1406)
       [2] void Urman.Godot.Act1ConnectedWorld.BuildArrivalKitchenGardens(Godot.Node3D) (D:\URMAN-STATION\data\runs\753a9cc00fff49fcb36a717340929108\source\game\scripts\Act1ConnectedWorld.cs:6239)
       [3] void Urman.Godot.Act1ConnectedWorld.BuildCoreArrival(Godot.Node3D) (D:\URMAN-STATION\data\runs\753a9cc00fff49fcb36a717340929108\source\game\scripts\Act1ConnectedWorld.cs:5960)
       [4] void Urman.Godot.Act1ConnectedWorld.BuildAct1CoreWorldGreybox() (D:\URMAN-STATION\data\runs\753a9cc00fff49fcb36a717340929108\source\game\scripts\Act1ConnectedWorld.cs:1145)
       [5] void Urman.Godot.Act1ConnectedWorld.ProfileWorldBuildStep(string, System.Action) (D:\URMAN-STATION\data\runs\753a9cc00fff49fcb36a717340929108\source\game\scripts\Act1ConnectedWorld.cs:6348)
       [6] void Urman.Godot.Act1ConnectedWorld.Build() (D:\URMAN-STATION\data\runs\753a9cc00fff49fcb36a717340929108\source\game\scripts\Act1ConnectedWorld.cs:407)
       [7] void Urman.Godot.Act1ConnectedWorld._Ready() (D:\URMAN-STATION\data\runs\753a9cc00fff49fcb36a717340929108\source\game\scripts\Act1ConnectedWorld.cs:309)
       [8] bool Godot.Node.InvokeGodotClassMethod(Godot.NativeInterop.godot_string_name&, Godot.NativeInterop.NativeVariantPtrArgs, Godot.NativeInterop.godot_variant&) (/root/godot/modules/mono/glue/GodotSharp/GodotSharp/Generated/GodotObjects/Node.cs:2660)
       [9] bool Godot.Node3D.InvokeGodotClassMethod(Godot.NativeInterop.godot_string_name&, Godot.NativeInterop.NativeVariantPtrArgs, Godot.NativeInterop.godot_variant&) (/root/godot/modules/mono/glue/GodotSharp/GodotSharp/Generated/GodotObjects/Node3D.cs:1127)
       [10] bool Urman.Godot.Act1ConnectedWorld.InvokeGodotClassMethod(Godot.NativeInterop.godot_string_name&, Godot.NativeInterop.NativeVariantPtrArgs, Godot.NativeInterop.godot_variant&) (D:\URMAN-STATION\data\runs\753a9cc00fff49fcb36a717340929108\source\game\.godot\mono\temp\obj\Debug\Godot.SourceGenerators\Godot.SourceGenerators.ScriptMethodsGenerator\Urman.Godot.Act1ConnectedWorld_ScriptMethods.generated.cs:5726)
       [11] Godot.NativeInterop.godot_bool Godot.Bridge.CSharpInstanceBridge.Call(nint, Godot.NativeInterop.godot_string_name*, Godot.NativeInterop.godot_variant**, int, Godot.NativeInterop.godot_variant_call_error*, Godot.NativeInterop.godot_variant*) (/root/godot/modules/mono/glue/GodotSharp/GodotSharp/Core/Bridge/CSharpInstanceBridge.cs:24)
       [12] void Godot.NativeInterop.NativeFuncs.godotsharp_method_bind_ptrcall(nint, nint, System.Void**, System.Void*) (/root/godot/modules/mono/glue/GodotSharp/GodotSharp/Godot.SourceGenerators.Internal/Godot.SourceGenerators.Internal.UnmanagedCallbacksGenerator/Godot.NativeInterop.NativeFuncs.generated.cs:380)
       [13] void Godot.NativeCalls.godot_icall_3_912(nint, nint, nint, Godot.NativeInterop.godot_bool, int) (/root/godot/modules/mono/glue/GodotSharp/GodotSharp/Generated/NativeCalls.cs:8061)
       [14] void Godot.Node.AddChild(Godot.Node, bool, Godot.Node+InternalMode) (/root/godot/modules/mono/glue/GodotSharp/GodotSharp/Generated/GodotObjects/Node.cs:848)
       [15] void Urman.Godot.Main._Ready() (D:\URMAN-STATION\data\runs\753a9cc00fff49fcb36a717340929108\source\game\scripts\Main.cs:83)
       [16] bool Godot.Node.InvokeGodotClassMethod(Godot.NativeInterop.godot_string_name&, Godot.NativeInterop.NativeVariantPtrArgs, Godot.NativeInterop.godot_variant&) (/root/godot/modules/mono/glue/GodotSharp/GodotSharp/Generated/GodotObjects/Node.cs:2660)
       [17] bool Godot.Node3D.InvokeGodotClassMethod(Godot.NativeInterop.godot_string_name&, Godot.NativeInterop.NativeVariantPtrArgs, Godot.NativeInterop.godot_variant&) (/root/godot/modules/mono/glue/GodotSharp/GodotSharp/Generated/GodotObjects/Node3D.cs:1127)
       [18] bool Urman.Godot.Main.InvokeGodotClassMethod(Godot.NativeInterop.godot_string_name&, Godot.NativeInterop.NativeVariantPtrArgs, Godot.NativeInterop.godot_variant&) (D:\URMAN-STATION\data\runs\753a9cc00fff49fcb36a717340929108\source\game\.godot\mono\temp\obj\Debug\Godot.SourceGenerators\Godot.SourceGenerators.ScriptMethodsGenerator\Urman.Godot.Main_ScriptMethods.generated.cs:70)
       [19] Godot.NativeInterop.godot_bool Godot.Bridge.CSharpInstanceBridge.Call(nint, Godot.NativeInterop.godot_string_name*, Godot.NativeInterop.godot_variant**, int, Godot.NativeInterop.godot_variant_call_error*, Godot.NativeInterop.godot_variant*) (/root/godot/modules/mono/glue/GodotSharp/GodotSharp/Core/Bridge/CSharpInstanceBridge.cs:24)
       [20] void Godot.NativeInterop.NativeFuncs.godotsharp_method_bind_ptrcall(nint, nint, System.Void**, System.Void*) (/root/godot/modules/mono/glue/GodotSharp/GodotSharp/Godot.SourceGenerators.Internal/Godot.SourceGenerators.Internal.UnmanagedCallbacksGenerator/Godot.NativeInterop.NativeFuncs.generated.cs:380)
       [21] void Godot.NativeCalls.godot_icall_3_912(nint, nint, nint, Godot.NativeInterop.godot_bool, int) (/root/godot/modules/mono/glue/GodotSharp/GodotSharp/Generated/NativeCalls.cs:8061)
       [22] void Godot.Node.AddChild(Godot.Node, bool, Godot.Node+InternalMode) (/root/godot/modules/mono/glue/GodotSharp/GodotSharp/Generated/GodotObjects/Node.cs:848)
       [23] void Urman.Godot.Tests.Act1FootstepLagProbe+<_Ready>d__49.MoveNext() (D:\URMAN-STATION\data\runs\753a9cc00fff49fcb36a717340929108\source\game\tests\Act1FootstepLagProbe.cs:104)
       [24] void System.Runtime.CompilerServices.AsyncMethodBuilderCore.Start<TStateMachine>(TStateMachine&)
       [25] void Urman.Godot.Tests.Act1FootstepLagProbe._Ready()
       [26] bool Godot.Node.InvokeGodotClassMethod(Godot.NativeInterop.godot_string_name&, Godot.NativeInterop.NativeVariantPtrArgs, Godot.NativeInterop.godot_variant&) (/root/godot/modules/mono/glue/GodotSharp/GodotSharp/Generated/GodotObjects/Node.cs:2660)
       [27] bool Urman.Godot.Tests.Act1FootstepLagProbe.InvokeGodotClassMethod(Godot.NativeInterop.godot_string_name&, Godot.NativeInterop.NativeVariantPtrArgs, Godot.NativeInterop.godot_variant&) (D:\URMAN-STATION\data\runs\753a9cc00fff49fcb36a717340929108\source\game\.godot\mono\temp\obj\Debug\Godot.SourceGenerators\Godot.SourceGenerators.ScriptMethodsGenerator\Urman.Godot.Tests.Act1FootstepLagProbe_ScriptMethods.generated.cs:90)
       [28] Godot.NativeInterop.godot_bool Godot.Bridge.CSharpInstanceBridge.Call(nint, Godot.NativeInterop.godot_string_name*, Godot.NativeInterop.godot_variant**, int, Godot.NativeInterop.godot_variant_call_error*, Godot.NativeInterop.godot_variant*) (/root/godot/modules/mono/glue/GodotSharp/GodotSharp/Core/Bridge/CSharpInstanceBridge.cs:24)
WARNING: PainterlyMaterialLibrary: surface 'ice' has no declared mode; it gets the flat world-space default.
   at: Godot.Material Urman.Godot.PainterlyMaterialLibrary.ForColor(string, string, bool) (res://scripts/PainterlyMaterialLibrary.cs:1406)
   C# backtrace (most recent call first):
       [0] void Godot.GD.PushWarning(string) (/root/godot/modules/mono/glue/GodotSharp/GodotSharp/Core/GD.cs:396)
       [1] Godot.Material Urman.Godot.PainterlyMaterialLibrary.ForColor(string, string, bool) (D:\URMAN-STATION\data\runs\753a9cc00fff49fcb36a717340929108\source\game\scripts\PainterlyMaterialLibrary.cs:1406)
       [2] Godot.MeshInstance3D Urman.Godot.Act1ConnectedWorld.AddVisualBox(Godot.Node3D, string, Godot.Vector3, Godot.Vector3, string, string, float, float) (D:\URMAN-STATION\data\runs\753a9cc00fff49fcb36a717340929108\source\game\scripts\Act1ConnectedWorld.cs:10965)
       [3] void Urman.Godot.Act1ConnectedWorld.AddVisualSweepWell(Godot.Node3D, string, Godot.Vector3, float, float) (D:\URMAN-STATION\data\runs\753a9cc00fff49fcb36a717340929108\source\game\scripts\Act1ConnectedWorld.cs:8238)
       [4] void Urman.Godot.Act1ConnectedWorld.BuildCoreArrival(Godot.Node3D) (D:\URMAN-STATION\data\runs\753a9cc00fff49fcb36a717340929108\source\game\scripts\Act1ConnectedWorld.cs:5964)
       [5] void Urman.Godot.Act1ConnectedWorld.BuildAct1CoreWorldGreybox() (D:\URMAN-STATION\data\runs\753a9cc00fff49fcb36a717340929108\source\game\scripts\Act1ConnectedWorld.cs:1145)
       [6] void Urman.Godot.Act1ConnectedWorld.ProfileWorldBuildStep(string, System.Action) (D:\URMAN-STATION\data\runs\753a9cc00fff49fcb36a717340929108\source\game\scripts\Act1ConnectedWorld.cs:6348)
       [7] void Urman.Godot.Act1ConnectedWorld.Build() (D:\URMAN-STATION\data\runs\753a9cc00fff49fcb36a717340929108\source\game\scripts\Act1ConnectedWorld.cs:407)
       [8] void Urman.Godot.Act1ConnectedWorld._Ready() (D:\URMAN-STATION\data\runs\753a9cc00fff49fcb36a717340929108\source\game\scripts\Act1ConnectedWorld.cs:309)
       [9] bool Godot.Node.InvokeGodotClassMethod(Godot.NativeInterop.godot_string_name&, Godot.NativeInterop.NativeVariantPtrArgs, Godot.NativeInterop.godot_variant&) (/root/godot/modules/mono/glue/GodotSharp/GodotSharp/Generated/GodotObjects/Node.cs:2660)
       [10] bool Godot.Node3D.InvokeGodotClassMethod(Godot.NativeInterop.godot_string_name&, Godot.NativeInterop.NativeVariantPtrArgs, Godot.NativeInterop.godot_variant&) (/root/godot/modules/mono/glue/GodotSharp/GodotSharp/Generated/GodotObjects/Node3D.cs:1127)
       [11] bool Urman.Godot.Act1ConnectedWorld.InvokeGodotClassMethod(Godot.NativeInterop.godot_string_name&, Godot.NativeInterop.NativeVariantPtrArgs, Godot.NativeInterop.godot_variant&) (D:\URMAN-STATION\data\runs\753a9cc00fff49fcb36a717340929108\source\game\.godot\mono\temp\obj\Debug\Godot.SourceGenerators\Godot.SourceGenerators.ScriptMethodsGenerator\Urman.Godot.Act1ConnectedWorld_ScriptMethods.generated.cs:5726)
       [12] Godot.NativeInterop.godot_bool Godot.Bridge.CSharpInstanceBridge.Call(nint, Godot.NativeInterop.godot_string_name*, Godot.NativeInterop.godot_variant**, int, Godot.NativeInterop.godot_variant_call_error*, Godot.NativeInterop.godot_variant*) (/root/godot/modules/mono/glue/GodotSharp/GodotSharp/Core/Bridge/CSharpInstanceBridge.cs:24)
       [13] void Godot.NativeInterop.NativeFuncs.godotsharp_method_bind_ptrcall(nint, nint, System.Void**, System.Void*) (/root/godot/modules/mono/glue/GodotSharp/GodotSharp/Godot.SourceGenerators.Internal/Godot.SourceGenerators.Internal.UnmanagedCallbacksGenerator/Godot.NativeInterop.NativeFuncs.generated.cs:380)
       [14] void Godot.NativeCalls.godot_icall_3_912(nint, nint, nint, Godot.NativeInterop.godot_bool, int) (/root/godot/modules/mono/glue/GodotSharp/GodotSharp/Generated/NativeCalls.cs:8061)
       [15] void Godot.Node.AddChild(Godot.Node, bool, Godot.Node+InternalMode) (/root/godot/modules/mono/glue/GodotSharp/GodotSharp/Generated/GodotObjects/Node.cs:848)
       [16] void Urman.Godot.Main._Ready() (D:\URMAN-STATION\data\runs\753a9cc00fff49fcb36a717340929108\source\game\scripts\Main.cs:83)
       [17] bool Godot.Node.InvokeGodotClassMethod(Godot.NativeInterop.godot_string_name&, Godot.NativeInterop.NativeVariantPtrArgs, Godot.NativeInterop.godot_variant&) (/root/godot/modules/mono/glue/GodotSharp/GodotSharp/Generated/GodotObjects/Node.cs:2660)
       [18] bool Godot.Node3D.InvokeGodotClassMethod(Godot.NativeInterop.godot_string_name&, Godot.NativeInterop.NativeVariantPtrArgs, Godot.NativeInterop.godot_variant&) (/root/godot/modules/mono/glue/GodotSharp/GodotSharp/Generated/GodotObjects/Node3D.cs:1127)
       [19] bool Urman.Godot.Main.InvokeGodotClassMethod(Godot.NativeInterop.godot_string_name&, Godot.NativeInterop.NativeVariantPtrArgs, Godot.NativeInterop.godot_variant&) (D:\URMAN-STATION\data\runs\753a9cc00fff49fcb36a717340929108\source\game\.godot\mono\temp\obj\Debug\Godot.SourceGenerators\Godot.SourceGenerators.ScriptMethodsGenerator\Urman.Godot.Main_ScriptMethods.generated.cs:70)
       [20] Godot.NativeInterop.godot_bool Godot.Bridge.CSharpInstanceBridge.Call(nint, Godot.NativeInterop.godot_string_name*, Godot.NativeInterop.godot_variant**, int, Godot.NativeInterop.godot_variant_call_error*, Godot.NativeInterop.godot_variant*) (/root/godot/modules/mono/glue/GodotSharp/GodotSharp/Core/Bridge/CSharpInstanceBridge.cs:24)
       [21] void Godot.NativeInterop.NativeFuncs.godotsharp_method_bind_ptrcall(nint, nint, System.Void**, System.Void*) (/root/godot/modules/mono/glue/GodotSharp/GodotSharp/Godot.SourceGenerators.Internal/Godot.SourceGenerators.Internal.UnmanagedCallbacksGenerator/Godot.NativeInterop.NativeFuncs.generated.cs:380)
       [22] void Godot.NativeCalls.godot_icall_3_912(nint, nint, nint, Godot.NativeInterop.godot_bool, int) (/root/godot/modules/mono/glue/GodotSharp/GodotSharp/Generated/NativeCalls.cs:8061)
       [23] void Godot.Node.AddChild(Godot.Node, bool, Godot.Node+InternalMode) (/root/godot/modules/mono/glue/GodotSharp/GodotSharp/Generated/GodotObjects/Node.cs:848)
       [24] void Urman.Godot.Tests.Act1FootstepLagProbe+<_Ready>d__49.MoveNext() (D:\URMAN-STATION\data\runs\753a9cc00fff49fcb36a717340929108\source\game\tests\Act1FootstepLagProbe.cs:104)
       [25] void System.Runtime.CompilerServices.AsyncMethodBuilderCore.Start<TStateMachine>(TStateMachine&)
       [26] void Urman.Godot.Tests.Act1FootstepLagProbe._Ready()
       [27] bool Godot.Node.InvokeGodotClassMethod(Godot.NativeInterop.godot_string_name&, Godot.NativeInterop.NativeVariantPtrArgs, Godot.NativeInterop.godot_variant&) (/root/godot/modules/mono/glue/GodotSharp/GodotSharp/Generated/GodotObjects/Node.cs:2660)
       [28] bool Urman.Godot.Tests.Act1FootstepLagProbe.InvokeGodotClassMethod(Godot.NativeInterop.godot_string_name&, Godot.NativeInterop.NativeVariantPtrArgs, Godot.NativeInterop.godot_variant&) (D:\URMAN-STATION\data\runs\753a9cc00fff49fcb36a717340929108\source\game\.godot\mono\temp\obj\Debug\Godot.SourceGenerators\Godot.SourceGenerators.ScriptMethodsGenerator\Urman.Godot.Tests.Act1FootstepLagProbe_ScriptMethods.generated.cs:90)
       [29] Godot.NativeInterop.godot_bool Godot.Bridge.CSharpInstanceBridge.Call(nint, Godot.NativeInterop.godot_string_name*, Godot.NativeInterop.godot_variant**, int, Godot.NativeInterop.godot_variant_call_error*, Godot.NativeInterop.godot_variant*) (/root/godot/modules/mono/glue/GodotSharp/GodotSharp/Core/Bridge/CSharpInstanceBridge.cs:24)
WARNING: PainterlyMaterialLibrary: surface 'snow_trampled' has no declared mode; it gets the flat world-space default.
   at: Godot.Material Urman.Godot.PainterlyMaterialLibrary.ForColor(string, string, bool) (res://scripts/PainterlyMaterialLibrary.cs:1406)
   C# backtrace (most recent call first):
       [0] void Godot.GD.PushWarning(string) (/root/godot/modules/mono/glue/GodotSharp/GodotSharp/Core/GD.cs:396)
       [1] Godot.Material Urman.Godot.PainterlyMaterialLibrary.ForColor(string, string, bool) (D:\URMAN-STATION\data\runs\753a9cc00fff49fcb36a717340929108\source\game\scripts\PainterlyMaterialLibrary.cs:1406)
       [2] Godot.Material Urman.Godot.PainterlyMaterialLibrary.ForPath(string) (D:\URMAN-STATION\data\runs\753a9cc00fff49fcb36a717340929108\source\game\scripts\PainterlyMaterialLibrary.cs:1347)
       [3] Godot.MeshInstance3D Urman.Godot.Act1ConnectedWorld.AddVisualLandformSurface(Godot.Node3D, string, float, float, float, Godot.Vector3, string, string, float, bool, Godot.Curve3D, System.Func`2[System.Single,System.Single]) (D:\URMAN-STATION\data\runs\753a9cc00fff49fcb36a717340929108\source\game\scripts\Act1ConnectedWorld.cs:7872)
       [4] void Urman.Godot.Act1ConnectedWorld.BuildCoreZirat(Godot.Node3D) (D:\URMAN-STATION\data\runs\753a9cc00fff49fcb36a717340929108\source\game\scripts\Act1ConnectedWorld.cs:6638)
       [5] void Urman.Godot.Act1ConnectedWorld.BuildAct1CoreWorldGreybox() (D:\URMAN-STATION\data\runs\753a9cc00fff49fcb36a717340929108\source\game\scripts\Act1ConnectedWorld.cs:1151)
       [6] void Urman.Godot.Act1ConnectedWorld.ProfileWorldBuildStep(string, System.Action) (D:\URMAN-STATION\data\runs\753a9cc00fff49fcb36a717340929108\source\game\scripts\Act1ConnectedWorld.cs:6348)
       [7] void Urman.Godot.Act1ConnectedWorld.Build() (D:\URMAN-STATION\data\runs\753a9cc00fff49fcb36a717340929108\source\game\scripts\Act1ConnectedWorld.cs:407)
       [8] void Urman.Godot.Act1ConnectedWorld._Ready() (D:\URMAN-STATION\data\runs\753a9cc00fff49fcb36a717340929108\source\game\scripts\Act1ConnectedWorld.cs:309)
       [9] bool Godot.Node.InvokeGodotClassMethod(Godot.NativeInterop.godot_string_name&, Godot.NativeInterop.NativeVariantPtrArgs, Godot.NativeInterop.godot_variant&) (/root/godot/modules/mono/glue/GodotSharp/GodotSharp/Generated/GodotObjects/Node.cs:2660)
       [10] bool Godot.Node3D.InvokeGodotClassMethod(Godot.NativeInterop.godot_string_name&, Godot.NativeInterop.NativeVariantPtrArgs, Godot.NativeInterop.godot_variant&) (/root/godot/modules/mono/glue/GodotSharp/GodotSharp/Generated/GodotObjects/Node3D.cs:1127)
       [11] bool Urman.Godot.Act1ConnectedWorld.InvokeGodotClassMethod(Godot.NativeInterop.godot_string_name&, Godot.NativeInterop.NativeVariantPtrArgs, Godot.NativeInterop.godot_variant&) (D:\URMAN-STATION\data\runs\753a9cc00fff49fcb36a717340929108\source\game\.godot\mono\temp\obj\Debug\Godot.SourceGenerators\Godot.SourceGenerators.ScriptMethodsGenerator\Urman.Godot.Act1ConnectedWorld_ScriptMethods.generated.cs:5726)
       [12] Godot.NativeInterop.godot_bool Godot.Bridge.CSharpInstanceBridge.Call(nint, Godot.NativeInterop.godot_string_name*, Godot.NativeInterop.godot_variant**, int, Godot.NativeInterop.godot_variant_call_error*, Godot.NativeInterop.godot_variant*) (/root/godot/modules/mono/glue/GodotSharp/GodotSharp/Core/Bridge/CSharpInstanceBridge.cs:24)
       [13] void Godot.NativeInterop.NativeFuncs.godotsharp_method_bind_ptrcall(nint, nint, System.Void**, System.Void*) (/root/godot/modules/mono/glue/GodotSharp/GodotSharp/Godot.SourceGenerators.Internal/Godot.SourceGenerators.Internal.UnmanagedCallbacksGenerator/Godot.NativeInterop.NativeFuncs.generated.cs:380)
       [14] void Godot.NativeCalls.godot_icall_3_912(nint, nint, nint, Godot.NativeInterop.godot_bool, int) (/root/godot/modules/mono/glue/GodotSharp/GodotSharp/Generated/NativeCalls.cs:8061)
       [15] void Godot.Node.AddChild(Godot.Node, bool, Godot.Node+InternalMode) (/root/godot/modules/mono/glue/GodotSharp/GodotSharp/Generated/GodotObjects/Node.cs:848)
       [16] void Urman.Godot.Main._Ready() (D:\URMAN-STATION\data\runs\753a9cc00fff49fcb36a717340929108\source\game\scripts\Main.cs:83)
       [17] bool Godot.Node.InvokeGodotClassMethod(Godot.NativeInterop.godot_string_name&, Godot.NativeInterop.NativeVariantPtrArgs, Godot.NativeInterop.godot_variant&) (/root/godot/modules/mono/glue/GodotSharp/GodotSharp/Generated/GodotObjects/Node.cs:2660)
       [18] bool Godot.Node3D.InvokeGodotClassMethod(Godot.NativeInterop.godot_string_name&, Godot.NativeInterop.NativeVariantPtrArgs, Godot.NativeInterop.godot_variant&) (/root/godot/modules/mono/glue/GodotSharp/GodotSharp/Generated/GodotObjects/Node3D.cs:1127)
       [19] bool Urman.Godot.Main.InvokeGodotClassMethod(Godot.NativeInterop.godot_string_name&, Godot.NativeInterop.NativeVariantPtrArgs, Godot.NativeInterop.godot_variant&) (D:\URMAN-STATION\data\runs\753a9cc00fff49fcb36a717340929108\source\game\.godot\mono\temp\obj\Debug\Godot.SourceGenerators\Godot.SourceGenerators.ScriptMethodsGenerator\Urman.Godot.Main_ScriptMethods.generated.cs:70)
       [20] Godot.NativeInterop.godot_bool Godot.Bridge.CSharpInstanceBridge.Call(nint, Godot.NativeInterop.godot_string_name*, Godot.NativeInterop.godot_variant**, int, Godot.NativeInterop.godot_variant_call_error*, Godot.NativeInterop.godot_variant*) (/root/godot/modules/mono/glue/GodotSharp/GodotSharp/Core/Bridge/CSharpInstanceBridge.cs:24)
       [21] void Godot.NativeInterop.NativeFuncs.godotsharp_method_bind_ptrcall(nint, nint, System.Void**, System.Void*) (/root/godot/modules/mono/glue/GodotSharp/GodotSharp/Godot.SourceGenerators.Internal/Godot.SourceGenerators.Internal.UnmanagedCallbacksGenerator/Godot.NativeInterop.NativeFuncs.generated.cs:380)
       [22] void Godot.NativeCalls.godot_icall_3_912(nint, nint, nint, Godot.NativeInterop.godot_bool, int) (/root/godot/modules/mono/glue/GodotSharp/GodotSharp/Generated/NativeCalls.cs:8061)
       [23] void Godot.Node.AddChild(Godot.Node, bool, Godot.Node+InternalMode) (/root/godot/modules/mono/glue/GodotSharp/GodotSharp/Generated/GodotObjects/Node.cs:848)
       [24] void Urman.Godot.Tests.Act1FootstepLagProbe+<_Ready>d__49.MoveNext() (D:\URMAN-STATION\data\runs\753a9cc00fff49fcb36a717340929108\source\game\tests\Act1FootstepLagProbe.cs:104)
       [25] void System.Runtime.CompilerServices.AsyncMethodBuilderCore.Start<TStateMachine>(TStateMachine&)
       [26] void Urman.Godot.Tests.Act1FootstepLagProbe._Ready()
       [27] bool Godot.Node.InvokeGodotClassMethod(Godot.NativeInterop.godot_string_name&, Godot.NativeInterop.NativeVariantPtrArgs, Godot.NativeInterop.godot_variant&) (/root/godot/modules/mono/glue/GodotSharp/GodotSharp/Generated/GodotObjects/Node.cs:2660)
       [28] bool Urman.Godot.Tests.Act1FootstepLagProbe.InvokeGodotClassMethod(Godot.NativeInterop.godot_string_name&, Godot.NativeInterop.NativeVariantPtrArgs, Godot.NativeInterop.godot_variant&) (D:\URMAN-STATION\data\runs\753a9cc00fff49fcb36a717340929108\source\game\.godot\mono\temp\obj\Debug\Godot.SourceGenerators\Godot.SourceGenerators.ScriptMethodsGenerator\Urman.Godot.Tests.Act1FootstepLagProbe_ScriptMethods.generated.cs:90)
       [29] Godot.NativeInterop.godot_bool Godot.Bridge.CSharpInstanceBridge.Call(nint, Godot.NativeInterop.godot_string_name*, Godot.NativeInterop.godot_variant**, int, Godot.NativeInterop.godot_variant_call_error*, Godot.NativeInterop.godot_variant*) (/root/godot/modules/mono/glue/GodotSharp/GodotSharp/Core/Bridge/CSharpInstanceBridge.cs:24)
act1-bridge-joint: name=SuspensionRimBearing_near slotBefore=0.09 crestMax=0.11 gapAfter=0 target=0.01 cap=0.12
act1-bridge-joint: name=SuspensionRimBearing_far slotBefore=0.09 crestMax=0.08 gapAfter=0.01 target=0.01 cap=0.12
act1-gorge-joint: deckCollisionTopError=0.0832 planks=49 sections=14 apronBoards=10
suspension-bridge-dynamics: nodes=183 sections=14 span=17.4m maxAmpY=0.3 voices=3
act1-gorge: halfWidth=8 depth=9 bridge=suspension@(0,-97.0)
act1-gorge-bridge: planks=49 patchBoards=4 apronBoards=10 sections=14 deckHoles=0
act1-bridge-joint: name=BridgeNearLandBearing slotBefore=0.3 crestMax=0.12 gapAfter=0.0947 target=0.01 cap=0.12
act1-bridge-joint: name=BridgeFarLandBearing slotBefore=0.3 crestMax=0.12 gapAfter=0.0349 target=0.01 cap=0.12
WARNING: PainterlyMaterialLibrary: surface 'frost_window' has no declared mode; it gets the flat world-space default.
   at: Godot.Material Urman.Godot.PainterlyMaterialLibrary.ForColor(string, string, bool) (res://scripts/PainterlyMaterialLibrary.cs:1406)
   C# backtrace (most recent call first):
       [0] void Godot.GD.PushWarning(string) (/root/godot/modules/mono/glue/GodotSharp/GodotSharp/Core/GD.cs:396)
       [1] Godot.Material Urman.Godot.PainterlyMaterialLibrary.ForColor(string, string, bool) (D:\URMAN-STATION\data\runs\753a9cc00fff49fcb36a717340929108\source\game\scripts\PainterlyMaterialLibrary.cs:1406)
       [2] Godot.MeshInstance3D Urman.Godot.Act1ConnectedWorld.AddVisualBox(Godot.Node3D, string, Godot.Vector3, Godot.Vector3, string, string, float, float) (D:\URMAN-STATION\data\runs\753a9cc00fff49fcb36a717340929108\source\game\scripts\Act1ConnectedWorld.cs:10965)
       [3] void Urman.Godot.Act1ConnectedWorld.AddFarBankPublicBuilding(Godot.Node3D, Urman.Godot.Act1ConnectedWorld+FarBankPublic) (D:\URMAN-STATION\data\runs\753a9cc00fff49fcb36a717340929108\source\game\scripts\Act1ConnectedWorld.FarBank.cs:98)
       [4] void Urman.Godot.Act1ConnectedWorld.AddFarBankQuarter(Godot.Node3D) (D:\URMAN-STATION\data\runs\753a9cc00fff49fcb36a717340929108\source\game\scripts\Act1ConnectedWorld.FarBank.cs:58)
       [5] void Urman.Godot.Act1ConnectedWorld.AddRavineFarBank(Godot.Node3D) (D:\URMAN-STATION\data\runs\753a9cc00fff49fcb36a717340929108\source\game\scripts\Act1ConnectedWorld.Ravine.cs:314)
       [6] void Urman.Godot.Act1ConnectedWorld.AddVillageRavine(Godot.Node3D) (D:\URMAN-STATION\data\runs\753a9cc00fff49fcb36a717340929108\source\game\scripts\Act1ConnectedWorld.Ravine.cs:55)
       [7] void Urman.Godot.Act1ConnectedWorld.BuildAct1CoreWorldGreybox() (D:\URMAN-STATION\data\runs\753a9cc00fff49fcb36a717340929108\source\game\scripts\Act1ConnectedWorld.cs:1169)
       [8] void Urman.Godot.Act1ConnectedWorld.ProfileWorldBuildStep(string, System.Action) (D:\URMAN-STATION\data\runs\753a9cc00fff49fcb36a717340929108\source\game\scripts\Act1ConnectedWorld.cs:6348)
       [9] void Urman.Godot.Act1ConnectedWorld.Build() (D:\URMAN-STATION\data\runs\753a9cc00fff49fcb36a717340929108\source\game\scripts\Act1ConnectedWorld.cs:407)
       [10] void Urman.Godot.Act1ConnectedWorld._Ready() (D:\URMAN-STATION\data\runs\753a9cc00fff49fcb36a717340929108\source\game\scripts\Act1ConnectedWorld.cs:309)
       [11] bool Godot.Node.InvokeGodotClassMethod(Godot.NativeInterop.godot_string_name&, Godot.NativeInterop.NativeVariantPtrArgs, Godot.NativeInterop.godot_variant&) (/root/godot/modules/mono/glue/GodotSharp/GodotSharp/Generated/GodotObjects/Node.cs:2660)
       [12] bool Godot.Node3D.InvokeGodotClassMethod(Godot.NativeInterop.godot_string_name&, Godot.NativeInterop.NativeVariantPtrArgs, Godot.NativeInterop.godot_variant&) (/root/godot/modules/mono/glue/GodotSharp/GodotSharp/Generated/GodotObjects/Node3D.cs:1127)
       [13] bool Urman.Godot.Act1ConnectedWorld.InvokeGodotClassMethod(Godot.NativeInterop.godot_string_name&, Godot.NativeInterop.NativeVariantPtrArgs, Godot.NativeInterop.godot_variant&) (D:\URMAN-STATION\data\runs\753a9cc00fff49fcb36a717340929108\source\game\.godot\mono\temp\obj\Debug\Godot.SourceGenerators\Godot.SourceGenerators.ScriptMethodsGenerator\Urman.Godot.Act1ConnectedWorld_ScriptMethods.generated.cs:5726)
       [14] Godot.NativeInterop.godot_bool Godot.Bridge.CSharpInstanceBridge.Call(nint, Godot.NativeInterop.godot_string_name*, Godot.NativeInterop.godot_variant**, int, Godot.NativeInterop.godot_variant_call_error*, Godot.NativeInterop.godot_variant*) (/root/godot/modules/mono/glue/GodotSharp/GodotSharp/Core/Bridge/CSharpInstanceBridge.cs:24)
       [15] void Godot.NativeInterop.NativeFuncs.godotsharp_method_bind_ptrcall(nint, nint, System.Void**, System.Void*) (/root/godot/modules/mono/glue/GodotSharp/GodotSharp/Godot.SourceGenerators.Internal/Godot.SourceGenerators.Internal.UnmanagedCallbacksGenerator/Godot.NativeInterop.NativeFuncs.generated.cs:380)
       [16] void Godot.NativeCalls.godot_icall_3_912(nint, nint, nint, Godot.NativeInterop.godot_bool, int) (/root/godot/modules/mono/glue/GodotSharp/GodotSharp/Generated/NativeCalls.cs:8061)
       [17] void Godot.Node.AddChild(Godot.Node, bool, Godot.Node+InternalMode) (/root/godot/modules/mono/glue/GodotSharp/GodotSharp/Generated/GodotObjects/Node.cs:848)
       [18] void Urman.Godot.Main._Ready() (D:\URMAN-STATION\data\runs\753a9cc00fff49fcb36a717340929108\source\game\scripts\Main.cs:83)
       [19] bool Godot.Node.InvokeGodotClassMethod(Godot.NativeInterop.godot_string_name&, Godot.NativeInterop.NativeVariantPtrArgs, Godot.NativeInterop.godot_variant&) (/root/godot/modules/mono/glue/GodotSharp/GodotSharp/Generated/GodotObjects/Node.cs:2660)
       [20] bool Godot.Node3D.InvokeGodotClassMethod(Godot.NativeInterop.godot_string_name&, Godot.NativeInterop.NativeVariantPtrArgs, Godot.NativeInterop.godot_variant&) (/root/godot/modules/mono/glue/GodotSharp/GodotSharp/Generated/GodotObjects/Node3D.cs:1127)
       [21] bool Urman.Godot.Main.InvokeGodotClassMethod(Godot.NativeInterop.godot_string_name&, Godot.NativeInterop.NativeVariantPtrArgs, Godot.NativeInterop.godot_variant&) (D:\URMAN-STATION\data\runs\753a9cc00fff49fcb36a717340929108\source\game\.godot\mono\temp\obj\Debug\Godot.SourceGenerators\Godot.SourceGenerators.ScriptMethodsGenerator\Urman.Godot.Main_ScriptMethods.generated.cs:70)
       [22] Godot.NativeInterop.godot_bool Godot.Bridge.CSharpInstanceBridge.Call(nint, Godot.NativeInterop.godot_string_name*, Godot.NativeInterop.godot_variant**, int, Godot.NativeInterop.godot_variant_call_error*, Godot.NativeInterop.godot_variant*) (/root/godot/modules/mono/glue/GodotSharp/GodotSharp/Core/Bridge/CSharpInstanceBridge.cs:24)
       [23] void Godot.NativeInterop.NativeFuncs.godotsharp_method_bind_ptrcall(nint, nint, System.Void**, System.Void*) (/root/godot/modules/mono/glue/GodotSharp/GodotSharp/Godot.SourceGenerators.Internal/Godot.SourceGenerators.Internal.UnmanagedCallbacksGenerator/Godot.NativeInterop.NativeFuncs.generated.cs:380)
       [24] void Godot.NativeCalls.godot_icall_3_912(nint, nint, nint, Godot.NativeInterop.godot_bool, int) (/root/godot/modules/mono/glue/GodotSharp/GodotSharp/Generated/NativeCalls.cs:8061)
       [25] void Godot.Node.AddChild(Godot.Node, bool, Godot.Node+InternalMode) (/root/godot/modules/mono/glue/GodotSharp/GodotSharp/Generated/GodotObjects/Node.cs:848)
       [26] void Urman.Godot.Tests.Act1FootstepLagProbe+<_Ready>d__49.MoveNext() (D:\URMAN-STATION\data\runs\753a9cc00fff49fcb36a717340929108\source\game\tests\Act1FootstepLagProbe.cs:104)
       [27] void System.Runtime.CompilerServices.AsyncMethodBuilderCore.Start<TStateMachine>(TStateMachine&)
       [28] void Urman.Godot.Tests.Act1FootstepLagProbe._Ready()
       [29] bool Godot.Node.InvokeGodotClassMethod(Godot.NativeInterop.godot_string_name&, Godot.NativeInterop.NativeVariantPtrArgs, Godot.NativeInterop.godot_variant&) (/root/godot/modules/mono/glue/GodotSharp/GodotSharp/Generated/GodotObjects/Node.cs:2660)
       [30] bool Urman.Godot.Tests.Act1FootstepLagProbe.InvokeGodotClassMethod(Godot.NativeInterop.godot_string_name&, Godot.NativeInterop.NativeVariantPtrArgs, Godot.NativeInterop.godot_variant&) (D:\URMAN-STATION\data\runs\753a9cc00fff49fcb36a717340929108\source\game\.godot\mono\temp\obj\Debug\Godot.SourceGenerators\Godot.SourceGenerators.ScriptMethodsGenerator\Urman.Godot.Tests.Act1FootstepLagProbe_ScriptMethods.generated.cs:90)
       [31] Godot.NativeInterop.godot_bool Godot.Bridge.CSharpInstanceBridge.Call(nint, Godot.NativeInterop.godot_string_name*, Godot.NativeInterop.godot_variant**, int, Godot.NativeInterop.godot_variant_call_error*, Godot.NativeInterop.godot_variant*) (/root/godot/modules/mono/glue/GodotSharp/GodotSharp/Core/Bridge/CSharpInstanceBridge.cs:24)
WARNING: PainterlyMaterialLibrary: surface 'snow_roof' has no declared mode; it gets the flat world-space default.
   at: Godot.Material Urman.Godot.PainterlyMaterialLibrary.ForColor(string, string, bool) (res://scripts/PainterlyMaterialLibrary.cs:1406)
   C# backtrace (most recent call first):
       [0] void Godot.GD.PushWarning(string) (/root/godot/modules/mono/glue/GodotSharp/GodotSharp/Core/GD.cs:396)
       [1] Godot.Material Urman.Godot.PainterlyMaterialLibrary.ForColor(string, string, bool) (D:\URMAN-STATION\data\runs\753a9cc00fff49fcb36a717340929108\source\game\scripts\PainterlyMaterialLibrary.cs:1406)
       [2] Godot.MeshInstance3D Urman.Godot.Act1ConnectedWorld.AddVisualBox(Godot.Node3D, string, Godot.Vector3, Godot.Vector3, string, string, float, float) (D:\URMAN-STATION\data\runs\753a9cc00fff49fcb36a717340929108\source\game\scripts\Act1ConnectedWorld.cs:10965)
       [3] void Urman.Godot.Act1ConnectedWorld.AddFarBankPublicBuilding(Godot.Node3D, Urman.Godot.Act1ConnectedWorld+FarBankPublic) (D:\URMAN-STATION\data\runs\753a9cc00fff49fcb36a717340929108\source\game\scripts\Act1ConnectedWorld.FarBank.cs:120)
       [4] void Urman.Godot.Act1ConnectedWorld.AddFarBankQuarter(Godot.Node3D) (D:\URMAN-STATION\data\runs\753a9cc00fff49fcb36a717340929108\source\game\scripts\Act1ConnectedWorld.FarBank.cs:58)
       [5] void Urman.Godot.Act1ConnectedWorld.AddRavineFarBank(Godot.Node3D) (D:\URMAN-STATION\data\runs\753a9cc00fff49fcb36a717340929108\source\game\scripts\Act1ConnectedWorld.Ravine.cs:314)
       [6] void Urman.Godot.Act1ConnectedWorld.AddVillageRavine(Godot.Node3D) (D:\URMAN-STATION\data\runs\753a9cc00fff49fcb36a717340929108\source\game\scripts\Act1ConnectedWorld.Ravine.cs:55)
       [7] void Urman.Godot.Act1ConnectedWorld.BuildAct1CoreWorldGreybox() (D:\URMAN-STATION\data\runs\753a9cc00fff49fcb36a717340929108\source\game\scripts\Act1ConnectedWorld.cs:1169)
       [8] void Urman.Godot.Act1ConnectedWorld.ProfileWorldBuildStep(string, System.Action) (D:\URMAN-STATION\data\runs\753a9cc00fff49fcb36a717340929108\source\game\scripts\Act1ConnectedWorld.cs:6348)
       [9] void Urman.Godot.Act1ConnectedWorld.Build() (D:\URMAN-STATION\data\runs\753a9cc00fff49fcb36a717340929108\source\game\scripts\Act1ConnectedWorld.cs:407)
       [10] void Urman.Godot.Act1ConnectedWorld._Ready() (D:\URMAN-STATION\data\runs\753a9cc00fff49fcb36a717340929108\source\game\scripts\Act1ConnectedWorld.cs:309)
       [11] bool Godot.Node.InvokeGodotClassMethod(Godot.NativeInterop.godot_string_name&, Godot.NativeInterop.NativeVariantPtrArgs, Godot.NativeInterop.godot_variant&) (/root/godot/modules/mono/glue/GodotSharp/GodotSharp/Generated/GodotObjects/Node.cs:2660)
       [12] bool Godot.Node3D.InvokeGodotClassMethod(Godot.NativeInterop.godot_string_name&, Godot.NativeInterop.NativeVariantPtrArgs, Godot.NativeInterop.godot_variant&) (/root/godot/modules/mono/glue/GodotSharp/GodotSharp/Generated/GodotObjects/Node3D.cs:1127)
       [13] bool Urman.Godot.Act1ConnectedWorld.InvokeGodotClassMethod(Godot.NativeInterop.godot_string_name&, Godot.NativeInterop.NativeVariantPtrArgs, Godot.NativeInterop.godot_variant&) (D:\URMAN-STATION\data\runs\753a9cc00fff49fcb36a717340929108\source\game\.godot\mono\temp\obj\Debug\Godot.SourceGenerators\Godot.SourceGenerators.ScriptMethodsGenerator\Urman.Godot.Act1ConnectedWorld_ScriptMethods.generated.cs:5726)
       [14] Godot.NativeInterop.godot_bool Godot.Bridge.CSharpInstanceBridge.Call(nint, Godot.NativeInterop.godot_string_name*, Godot.NativeInterop.godot_variant**, int, Godot.NativeInterop.godot_variant_call_error*, Godot.NativeInterop.godot_variant*) (/root/godot/modules/mono/glue/GodotSharp/GodotSharp/Core/Bridge/CSharpInstanceBridge.cs:24)
       [15] void Godot.NativeInterop.NativeFuncs.godotsharp_method_bind_ptrcall(nint, nint, System.Void**, System.Void*) (/root/godot/modules/mono/glue/GodotSharp/GodotSharp/Godot.SourceGenerators.Internal/Godot.SourceGenerators.Internal.UnmanagedCallbacksGenerator/Godot.NativeInterop.NativeFuncs.generated.cs:380)
       [16] void Godot.NativeCalls.godot_icall_3_912(nint, nint, nint, Godot.NativeInterop.godot_bool, int) (/root/godot/modules/mono/glue/GodotSharp/GodotSharp/Generated/NativeCalls.cs:8061)
       [17] void Godot.Node.AddChild(Godot.Node, bool, Godot.Node+InternalMode) (/root/godot/modules/mono/glue/GodotSharp/GodotSharp/Generated/GodotObjects/Node.cs:848)
       [18] void Urman.Godot.Main._Ready() (D:\URMAN-STATION\data\runs\753a9cc00fff49fcb36a717340929108\source\game\scripts\Main.cs:83)
       [19] bool Godot.Node.InvokeGodotClassMethod(Godot.NativeInterop.godot_string_name&, Godot.NativeInterop.NativeVariantPtrArgs, Godot.NativeInterop.godot_variant&) (/root/godot/modules/mono/glue/GodotSharp/GodotSharp/Generated/GodotObjects/Node.cs:2660)
       [20] bool Godot.Node3D.InvokeGodotClassMethod(Godot.NativeInterop.godot_string_name&, Godot.NativeInterop.NativeVariantPtrArgs, Godot.NativeInterop.godot_variant&) (/root/godot/modules/mono/glue/GodotSharp/GodotSharp/Generated/GodotObjects/Node3D.cs:1127)
       [21] bool Urman.Godot.Main.InvokeGodotClassMethod(Godot.NativeInterop.godot_string_name&, Godot.NativeInterop.NativeVariantPtrArgs, Godot.NativeInterop.godot_variant&) (D:\URMAN-STATION\data\runs\753a9cc00fff49fcb36a717340929108\source\game\.godot\mono\temp\obj\Debug\Godot.SourceGenerators\Godot.SourceGenerators.ScriptMethodsGenerator\Urman.Godot.Main_ScriptMethods.generated.cs:70)
       [22] Godot.NativeInterop.godot_bool Godot.Bridge.CSharpInstanceBridge.Call(nint, Godot.NativeInterop.godot_string_name*, Godot.NativeInterop.godot_variant**, int, Godot.NativeInterop.godot_variant_call_error*, Godot.NativeInterop.godot_variant*) (/root/godot/modules/mono/glue/GodotSharp/GodotSharp/Core/Bridge/CSharpInstanceBridge.cs:24)
       [23] void Godot.NativeInterop.NativeFuncs.godotsharp_method_bind_ptrcall(nint, nint, System.Void**, System.Void*) (/root/godot/modules/mono/glue/GodotSharp/GodotSharp/Godot.SourceGenerators.Internal/Godot.SourceGenerators.Internal.UnmanagedCallbacksGenerator/Godot.NativeInterop.NativeFuncs.generated.cs:380)
       [24] void Godot.NativeCalls.godot_icall_3_912(nint, nint, nint, Godot.NativeInterop.godot_bool, int) (/root/godot/modules/mono/glue/GodotSharp/GodotSharp/Generated/NativeCalls.cs:8061)
       [25] void Godot.Node.AddChild(Godot.Node, bool, Godot.Node+InternalMode) (/root/godot/modules/mono/glue/GodotSharp/GodotSharp/Generated/GodotObjects/Node.cs:848)
       [26] void Urman.Godot.Tests.Act1FootstepLagProbe+<_Ready>d__49.MoveNext() (D:\URMAN-STATION\data\runs\753a9cc00fff49fcb36a717340929108\source\game\tests\Act1FootstepLagProbe.cs:104)
       [27] void System.Runtime.CompilerServices.AsyncMethodBuilderCore.Start<TStateMachine>(TStateMachine&)
       [28] void Urman.Godot.Tests.Act1FootstepLagProbe._Ready()
       [29] bool Godot.Node.InvokeGodotClassMethod(Godot.NativeInterop.godot_string_name&, Godot.NativeInterop.NativeVariantPtrArgs, Godot.NativeInterop.godot_variant&) (/root/godot/modules/mono/glue/GodotSharp/GodotSharp/Generated/GodotObjects/Node.cs:2660)
       [30] bool Urman.Godot.Tests.Act1FootstepLagProbe.InvokeGodotClassMethod(Godot.NativeInterop.godot_string_name&, Godot.NativeInterop.NativeVariantPtrArgs, Godot.NativeInterop.godot_variant&) (D:\URMAN-STATION\data\runs\753a9cc00fff49fcb36a717340929108\source\game\.godot\mono\temp\obj\Debug\Godot.SourceGenerators\Godot.SourceGenerators.ScriptMethodsGenerator\Urman.Godot.Tests.Act1FootstepLagProbe_ScriptMethods.generated.cs:90)
       [31] Godot.NativeInterop.godot_bool Godot.Bridge.CSharpInstanceBridge.Call(nint, Godot.NativeInterop.godot_string_name*, Godot.NativeInterop.godot_variant**, int, Godot.NativeInterop.godot_variant_call_error*, Godot.NativeInterop.godot_variant*) (/root/godot/modules/mono/glue/GodotSharp/GodotSharp/Core/Bridge/CSharpInstanceBridge.cs:24)
zirat-relocation: family stones=2 quiet stones=7 rows=2
WARNING: VIS-022 zirat grave axis: measured 87.5°, the project qibla parameter 195.1725° puts the row axis at 105.2° => 17.7° to be confirmed by the author and a cultural consultant (measured only: nothing was rotated).
   at: void Urman.Godot.Act1ConnectedWorld.AuditZiratCulturalContract(Godot.Node3D, Godot.Node3D, Godot.Node3D) (res://scripts/Act1ConnectedWorld.cs:3633)
   C# backtrace (most recent call first):
       [0] void Godot.GD.PushWarning(string) (/root/godot/modules/mono/glue/GodotSharp/GodotSharp/Core/GD.cs:396)
       [1] void Urman.Godot.Act1ConnectedWorld.AuditZiratCulturalContract(Godot.Node3D, Godot.Node3D, Godot.Node3D) (D:\URMAN-STATION\data\runs\753a9cc00fff49fcb36a717340929108\source\game\scripts\Act1ConnectedWorld.cs:3633)
       [2] void Urman.Godot.Act1ConnectedWorld.BuildAct1ZiratRoadsideKit(Godot.Node3D) (D:\URMAN-STATION\data\runs\753a9cc00fff49fcb36a717340929108\source\game\scripts\Act1ConnectedWorld.cs:3501)
       [3] void Urman.Godot.Act1ConnectedWorld.BuildAct1CoreWorldGreybox() (D:\URMAN-STATION\data\runs\753a9cc00fff49fcb36a717340929108\source\game\scripts\Act1ConnectedWorld.cs:1214)
       [4] void Urman.Godot.Act1ConnectedWorld.ProfileWorldBuildStep(string, System.Action) (D:\URMAN-STATION\data\runs\753a9cc00fff49fcb36a717340929108\source\game\scripts\Act1ConnectedWorld.cs:6348)
       [5] void Urman.Godot.Act1ConnectedWorld.Build() (D:\URMAN-STATION\data\runs\753a9cc00fff49fcb36a717340929108\source\game\scripts\Act1ConnectedWorld.cs:407)
       [6] void Urman.Godot.Act1ConnectedWorld._Ready() (D:\URMAN-STATION\data\runs\753a9cc00fff49fcb36a717340929108\source\game\scripts\Act1ConnectedWorld.cs:309)
       [7] bool Godot.Node.InvokeGodotClassMethod(Godot.NativeInterop.godot_string_name&, Godot.NativeInterop.NativeVariantPtrArgs, Godot.NativeInterop.godot_variant&) (/root/godot/modules/mono/glue/GodotSharp/GodotSharp/Generated/GodotObjects/Node.cs:2660)
       [8] bool Godot.Node3D.InvokeGodotClassMethod(Godot.NativeInterop.godot_string_name&, Godot.NativeInterop.NativeVariantPtrArgs, Godot.NativeInterop.godot_variant&) (/root/godot/modules/mono/glue/GodotSharp/GodotSharp/Generated/GodotObjects/Node3D.cs:1127)
       [9] bool Urman.Godot.Act1ConnectedWorld.InvokeGodotClassMethod(Godot.NativeInterop.godot_string_name&, Godot.NativeInterop.NativeVariantPtrArgs, Godot.NativeInterop.godot_variant&) (D:\URMAN-STATION\data\runs\753a9cc00fff49fcb36a717340929108\source\game\.godot\mono\temp\obj\Debug\Godot.SourceGenerators\Godot.SourceGenerators.ScriptMethodsGenerator\Urman.Godot.Act1ConnectedWorld_ScriptMethods.generated.cs:5726)
       [10] Godot.NativeInterop.godot_bool Godot.Bridge.CSharpInstanceBridge.Call(nint, Godot.NativeInterop.godot_string_name*, Godot.NativeInterop.godot_variant**, int, Godot.NativeInterop.godot_variant_call_error*, Godot.NativeInterop.godot_variant*) (/root/godot/modules/mono/glue/GodotSharp/GodotSharp/Core/Bridge/CSharpInstanceBridge.cs:24)
       [11] void Godot.NativeInterop.NativeFuncs.godotsharp_method_bind_ptrcall(nint, nint, System.Void**, System.Void*) (/root/godot/modules/mono/glue/GodotSharp/GodotSharp/Godot.SourceGenerators.Internal/Godot.SourceGenerators.Internal.UnmanagedCallbacksGenerator/Godot.NativeInterop.NativeFuncs.generated.cs:380)
       [12] void Godot.NativeCalls.godot_icall_3_912(nint, nint, nint, Godot.NativeInterop.godot_bool, int) (/root/godot/modules/mono/glue/GodotSharp/GodotSharp/Generated/NativeCalls.cs:8061)
       [13] void Godot.Node.AddChild(Godot.Node, bool, Godot.Node+InternalMode) (/root/godot/modules/mono/glue/GodotSharp/GodotSharp/Generated/GodotObjects/Node.cs:848)
       [14] void Urman.Godot.Main._Ready() (D:\URMAN-STATION\data\runs\753a9cc00fff49fcb36a717340929108\source\game\scripts\Main.cs:83)
       [15] bool Godot.Node.InvokeGodotClassMethod(Godot.NativeInterop.godot_string_name&, Godot.NativeInterop.NativeVariantPtrArgs, Godot.NativeInterop.godot_variant&) (/root/godot/modules/mono/glue/GodotSharp/GodotSharp/Generated/GodotObjects/Node.cs:2660)
       [16] bool Godot.Node3D.InvokeGodotClassMethod(Godot.NativeInterop.godot_string_name&, Godot.NativeInterop.NativeVariantPtrArgs, Godot.NativeInterop.godot_variant&) (/root/godot/modules/mono/glue/GodotSharp/GodotSharp/Generated/GodotObjects/Node3D.cs:1127)
       [17] bool Urman.Godot.Main.InvokeGodotClassMethod(Godot.NativeInterop.godot_string_name&, Godot.NativeInterop.NativeVariantPtrArgs, Godot.NativeInterop.godot_variant&) (D:\URMAN-STATION\data\runs\753a9cc00fff49fcb36a717340929108\source\game\.godot\mono\temp\obj\Debug\Godot.SourceGenerators\Godot.SourceGenerators.ScriptMethodsGenerator\Urman.Godot.Main_ScriptMethods.generated.cs:70)
       [18] Godot.NativeInterop.godot_bool Godot.Bridge.CSharpInstanceBridge.Call(nint, Godot.NativeInterop.godot_string_name*, Godot.NativeInterop.godot_variant**, int, Godot.NativeInterop.godot_variant_call_error*, Godot.NativeInterop.godot_variant*) (/root/godot/modules/mono/glue/GodotSharp/GodotSharp/Core/Bridge/CSharpInstanceBridge.cs:24)
       [19] void Godot.NativeInterop.NativeFuncs.godotsharp_method_bind_ptrcall(nint, nint, System.Void**, System.Void*) (/root/godot/modules/mono/glue/GodotSharp/GodotSharp/Godot.SourceGenerators.Internal/Godot.SourceGenerators.Internal.UnmanagedCallbacksGenerator/Godot.NativeInterop.NativeFuncs.generated.cs:380)
       [20] void Godot.NativeCalls.godot_icall_3_912(nint, nint, nint, Godot.NativeInterop.godot_bool, int) (/root/godot/modules/mono/glue/GodotSharp/GodotSharp/Generated/NativeCalls.cs:8061)
       [21] void Godot.Node.AddChild(Godot.Node, bool, Godot.Node+InternalMode) (/root/godot/modules/mono/glue/GodotSharp/GodotSharp/Generated/GodotObjects/Node.cs:848)
       [22] void Urman.Godot.Tests.Act1FootstepLagProbe+<_Ready>d__49.MoveNext() (D:\URMAN-STATION\data\runs\753a9cc00fff49fcb36a717340929108\source\game\tests\Act1FootstepLagProbe.cs:104)
       [23] void System.Runtime.CompilerServices.AsyncMethodBuilderCore.Start<TStateMachine>(TStateMachine&)
       [24] void Urman.Godot.Tests.Act1FootstepLagProbe._Ready()
       [25] bool Godot.Node.InvokeGodotClassMethod(Godot.NativeInterop.godot_string_name&, Godot.NativeInterop.NativeVariantPtrArgs, Godot.NativeInterop.godot_variant&) (/root/godot/modules/mono/glue/GodotSharp/GodotSharp/Generated/GodotObjects/Node.cs:2660)
       [26] bool Urman.Godot.Tests.Act1FootstepLagProbe.InvokeGodotClassMethod(Godot.NativeInterop.godot_string_name&, Godot.NativeInterop.NativeVariantPtrArgs, Godot.NativeInterop.godot_variant&) (D:\URMAN-STATION\data\runs\753a9cc00fff49fcb36a717340929108\source\game\.godot\mono\temp\obj\Debug\Godot.SourceGenerators\Godot.SourceGenerators.ScriptMethodsGenerator\Urman.Godot.Tests.Act1FootstepLagProbe_ScriptMethods.generated.cs:90)
       [27] Godot.NativeInterop.godot_bool Godot.Bridge.CSharpInstanceBridge.Call(nint, Godot.NativeInterop.godot_string_name*, Godot.NativeInterop.godot_variant**, int, Godot.NativeInterop.godot_variant_call_error*, Godot.NativeInterop.godot_variant*) (/root/godot/modules/mono/glue/GodotSharp/GodotSharp/Core/Bridge/CSharpInstanceBridge.cs:24)
zirat-cultural-audit: forbidden=0 fenceTop=1.03m gateTop=1.48m paths=1 stones=13/13 axis=87.5° expected=105.2° delta=17.7°
WARNING: PainterlyMaterialLibrary: surface 'snow_grass' has no declared mode; it gets the flat world-space default.
   at: Godot.Material Urman.Godot.PainterlyMaterialLibrary.ForColor(string, string, bool) (res://scripts/PainterlyMaterialLibrary.cs:1406)
   C# backtrace (most recent call first):
       [0] void Godot.GD.PushWarning(string) (/root/godot/modules/mono/glue/GodotSharp/GodotSharp/Core/GD.cs:396)
       [1] Godot.Material Urman.Godot.PainterlyMaterialLibrary.ForColor(string, string, bool) (D:\URMAN-STATION\data\runs\753a9cc00fff49fcb36a717340929108\source\game\scripts\PainterlyMaterialLibrary.cs:1406)
       [2] void Urman.Godot.Act1ConnectedWorld.RegradeKaraEdgeMaterials(Godot.Node3D) (D:\URMAN-STATION\data\runs\753a9cc00fff49fcb36a717340929108\source\game\scripts\Act1ConnectedWorld.cs:3949)
       [3] void Urman.Godot.Act1ConnectedWorld.BuildAct1KaraForestEdgeKit(Godot.Node3D) (D:\URMAN-STATION\data\runs\753a9cc00fff49fcb36a717340929108\source\game\scripts\Act1ConnectedWorld.cs:3895)
       [4] void Urman.Godot.Act1ConnectedWorld.BuildAct1CoreWorldGreybox() (D:\URMAN-STATION\data\runs\753a9cc00fff49fcb36a717340929108\source\game\scripts\Act1ConnectedWorld.cs:1215)
       [5] void Urman.Godot.Act1ConnectedWorld.ProfileWorldBuildStep(string, System.Action) (D:\URMAN-STATION\data\runs\753a9cc00fff49fcb36a717340929108\source\game\scripts\Act1ConnectedWorld.cs:6348)
       [6] void Urman.Godot.Act1ConnectedWorld.Build() (D:\URMAN-STATION\data\runs\753a9cc00fff49fcb36a717340929108\source\game\scripts\Act1ConnectedWorld.cs:407)
       [7] void Urman.Godot.Act1ConnectedWorld._Ready() (D:\URMAN-STATION\data\runs\753a9cc00fff49fcb36a717340929108\source\game\scripts\Act1ConnectedWorld.cs:309)
       [8] bool Godot.Node.InvokeGodotClassMethod(Godot.NativeInterop.godot_string_name&, Godot.NativeInterop.NativeVariantPtrArgs, Godot.NativeInterop.godot_variant&) (/root/godot/modules/mono/glue/GodotSharp/GodotSharp/Generated/GodotObjects/Node.cs:2660)
       [9] bool Godot.Node3D.InvokeGodotClassMethod(Godot.NativeInterop.godot_string_name&, Godot.NativeInterop.NativeVariantPtrArgs, Godot.NativeInterop.godot_variant&) (/root/godot/modules/mono/glue/GodotSharp/GodotSharp/Generated/GodotObjects/Node3D.cs:1127)
       [10] bool Urman.Godot.Act1ConnectedWorld.InvokeGodotClassMethod(Godot.NativeInterop.godot_string_name&, Godot.NativeInterop.NativeVariantPtrArgs, Godot.NativeInterop.godot_variant&) (D:\URMAN-STATION\data\runs\753a9cc00fff49fcb36a717340929108\source\game\.godot\mono\temp\obj\Debug\Godot.SourceGenerators\Godot.SourceGenerators.ScriptMethodsGenerator\Urman.Godot.Act1ConnectedWorld_ScriptMethods.generated.cs:5726)
       [11] Godot.NativeInterop.godot_bool Godot.Bridge.CSharpInstanceBridge.Call(nint, Godot.NativeInterop.godot_string_name*, Godot.NativeInterop.godot_variant**, int, Godot.NativeInterop.godot_variant_call_error*, Godot.NativeInterop.godot_variant*) (/root/godot/modules/mono/glue/GodotSharp/GodotSharp/Core/Bridge/CSharpInstanceBridge.cs:24)
       [12] void Godot.NativeInterop.NativeFuncs.godotsharp_method_bind_ptrcall(nint, nint, System.Void**, System.Void*) (/root/godot/modules/mono/glue/GodotSharp/GodotSharp/Godot.SourceGenerators.Internal/Godot.SourceGenerators.Internal.UnmanagedCallbacksGenerator/Godot.NativeInterop.NativeFuncs.generated.cs:380)
       [13] void Godot.NativeCalls.godot_icall_3_912(nint, nint, nint, Godot.NativeInterop.godot_bool, int) (/root/godot/modules/mono/glue/GodotSharp/GodotSharp/Generated/NativeCalls.cs:8061)
       [14] void Godot.Node.AddChild(Godot.Node, bool, Godot.Node+InternalMode) (/root/godot/modules/mono/glue/GodotSharp/GodotSharp/Generated/GodotObjects/Node.cs:848)
       [15] void Urman.Godot.Main._Ready() (D:\URMAN-STATION\data\runs\753a9cc00fff49fcb36a717340929108\source\game\scripts\Main.cs:83)
       [16] bool Godot.Node.InvokeGodotClassMethod(Godot.NativeInterop.godot_string_name&, Godot.NativeInterop.NativeVariantPtrArgs, Godot.NativeInterop.godot_variant&) (/root/godot/modules/mono/glue/GodotSharp/GodotSharp/Generated/GodotObjects/Node.cs:2660)
       [17] bool Godot.Node3D.InvokeGodotClassMethod(Godot.NativeInterop.godot_string_name&, Godot.NativeInterop.NativeVariantPtrArgs, Godot.NativeInterop.godot_variant&) (/root/godot/modules/mono/glue/GodotSharp/GodotSharp/Generated/GodotObjects/Node3D.cs:1127)
       [18] bool Urman.Godot.Main.InvokeGodotClassMethod(Godot.NativeInterop.godot_string_name&, Godot.NativeInterop.NativeVariantPtrArgs, Godot.NativeInterop.godot_variant&) (D:\URMAN-STATION\data\runs\753a9cc00fff49fcb36a717340929108\source\game\.godot\mono\temp\obj\Debug\Godot.SourceGenerators\Godot.SourceGenerators.ScriptMethodsGenerator\Urman.Godot.Main_ScriptMethods.generated.cs:70)
       [19] Godot.NativeInterop.godot_bool Godot.Bridge.CSharpInstanceBridge.Call(nint, Godot.NativeInterop.godot_string_name*, Godot.NativeInterop.godot_variant**, int, Godot.NativeInterop.godot_variant_call_error*, Godot.NativeInterop.godot_variant*) (/root/godot/modules/mono/glue/GodotSharp/GodotSharp/Core/Bridge/CSharpInstanceBridge.cs:24)
       [20] void Godot.NativeInterop.NativeFuncs.godotsharp_method_bind_ptrcall(nint, nint, System.Void**, System.Void*) (/root/godot/modules/mono/glue/GodotSharp/GodotSharp/Godot.SourceGenerators.Internal/Godot.SourceGenerators.Internal.UnmanagedCallbacksGenerator/Godot.NativeInterop.NativeFuncs.generated.cs:380)
       [21] void Godot.NativeCalls.godot_icall_3_912(nint, nint, nint, Godot.NativeInterop.godot_bool, int) (/root/godot/modules/mono/glue/GodotSharp/GodotSharp/Generated/NativeCalls.cs:8061)
       [22] void Godot.Node.AddChild(Godot.Node, bool, Godot.Node+InternalMode) (/root/godot/modules/mono/glue/GodotSharp/GodotSharp/Generated/GodotObjects/Node.cs:848)
       [23] void Urman.Godot.Tests.Act1FootstepLagProbe+<_Ready>d__49.MoveNext() (D:\URMAN-STATION\data\runs\753a9cc00fff49fcb36a717340929108\source\game\tests\Act1FootstepLagProbe.cs:104)
       [24] void System.Runtime.CompilerServices.AsyncMethodBuilderCore.Start<TStateMachine>(TStateMachine&)
       [25] void Urman.Godot.Tests.Act1FootstepLagProbe._Ready()
       [26] bool Godot.Node.InvokeGodotClassMethod(Godot.NativeInterop.godot_string_name&, Godot.NativeInterop.NativeVariantPtrArgs, Godot.NativeInterop.godot_variant&) (/root/godot/modules/mono/glue/GodotSharp/GodotSharp/Generated/GodotObjects/Node.cs:2660)
       [27] bool Urman.Godot.Tests.Act1FootstepLagProbe.InvokeGodotClassMethod(Godot.NativeInterop.godot_string_name&, Godot.NativeInterop.NativeVariantPtrArgs, Godot.NativeInterop.godot_variant&) (D:\URMAN-STATION\data\runs\753a9cc00fff49fcb36a717340929108\source\game\.godot\mono\temp\obj\Debug\Godot.SourceGenerators\Godot.SourceGenerators.ScriptMethodsGenerator\Urman.Godot.Tests.Act1FootstepLagProbe_ScriptMethods.generated.cs:90)
       [28] Godot.NativeInterop.godot_bool Godot.Bridge.CSharpInstanceBridge.Call(nint, Godot.NativeInterop.godot_string_name*, Godot.NativeInterop.godot_variant**, int, Godot.NativeInterop.godot_variant_call_error*, Godot.NativeInterop.godot_variant*) (/root/godot/modules/mono/glue/GodotSharp/GodotSharp/Core/Bridge/CSharpInstanceBridge.cs:24)
WARNING: PainterlyMaterialLibrary: surface 'rowan_berries' has no declared mode; it gets the flat world-space default.
   at: Godot.Material Urman.Godot.PainterlyMaterialLibrary.ForColor(string, string, bool) (res://scripts/PainterlyMaterialLibrary.cs:1406)
   C# backtrace (most recent call first):
       [0] void Godot.GD.PushWarning(string) (/root/godot/modules/mono/glue/GodotSharp/GodotSharp/Core/GD.cs:396)
       [1] Godot.Material Urman.Godot.PainterlyMaterialLibrary.ForColor(string, string, bool) (D:\URMAN-STATION\data\runs\753a9cc00fff49fcb36a717340929108\source\game\scripts\PainterlyMaterialLibrary.cs:1406)
       [2] Godot.Material Urman.Experiments.AgentBAct1.AgentBKitMaterials.MaterialFor(string) (D:\URMAN-STATION\data\runs\753a9cc00fff49fcb36a717340929108\source\game\scripts\experiments\agent_b_act1\AgentBKitMaterials.cs:109)
       [3] void Urman.Experiments.AgentBAct1.AgentBKitMaterials.RebindMaterials(Godot.Node3D) (D:\URMAN-STATION\data\runs\753a9cc00fff49fcb36a717340929108\source\game\scripts\experiments\agent_b_act1\AgentBKitMaterials.cs:153)
       [4] Godot.Node3D Urman.Experiments.AgentBAct1.AgentBKitMaterials.InstantiateKit(Godot.Node, string, string) (D:\URMAN-STATION\data\runs\753a9cc00fff49fcb36a717340929108\source\game\scripts\experiments\agent_b_act1\AgentBKitMaterials.cs:124)
       [5] void Urman.Godot.AgentBAct1ExteriorLayer.Build() (D:\URMAN-STATION\data\runs\753a9cc00fff49fcb36a717340929108\source\game\scripts\experiments\agent_b_act1\AgentBAct1ExteriorLayer.cs:145)
       [6] void Urman.Godot.Act1ConnectedWorld.BuildAgentBExteriorWorld(Godot.Node3D) (D:\URMAN-STATION\data\runs\753a9cc00fff49fcb36a717340929108\source\game\scripts\Act1ConnectedWorld.cs:1681)
       [7] void Urman.Godot.Act1ConnectedWorld.BuildAct1CoreWorldGreybox() (D:\URMAN-STATION\data\runs\753a9cc00fff49fcb36a717340929108\source\game\scripts\Act1ConnectedWorld.cs:1218)
       [8] void Urman.Godot.Act1ConnectedWorld.ProfileWorldBuildStep(string, System.Action) (D:\URMAN-STATION\data\runs\753a9cc00fff49fcb36a717340929108\source\game\scripts\Act1ConnectedWorld.cs:6348)
       [9] void Urman.Godot.Act1ConnectedWorld.Build() (D:\URMAN-STATION\data\runs\753a9cc00fff49fcb36a717340929108\source\game\scripts\Act1ConnectedWorld.cs:407)
       [10] void Urman.Godot.Act1ConnectedWorld._Ready() (D:\URMAN-STATION\data\runs\753a9cc00fff49fcb36a717340929108\source\game\scripts\Act1ConnectedWorld.cs:309)
       [11] bool Godot.Node.InvokeGodotClassMethod(Godot.NativeInterop.godot_string_name&, Godot.NativeInterop.NativeVariantPtrArgs, Godot.NativeInterop.godot_variant&) (/root/godot/modules/mono/glue/GodotSharp/GodotSharp/Generated/GodotObjects/Node.cs:2660)
       [12] bool Godot.Node3D.InvokeGodotClassMethod(Godot.NativeInterop.godot_string_name&, Godot.NativeInterop.NativeVariantPtrArgs, Godot.NativeInterop.godot_variant&) (/root/godot/modules/mono/glue/GodotSharp/GodotSharp/Generated/GodotObjects/Node3D.cs:1127)
       [13] bool Urman.Godot.Act1ConnectedWorld.InvokeGodotClassMethod(Godot.NativeInterop.godot_string_name&, Godot.NativeInterop.NativeVariantPtrArgs, Godot.NativeInterop.godot_variant&) (D:\URMAN-STATION\data\runs\753a9cc00fff49fcb36a717340929108\source\game\.godot\mono\temp\obj\Debug\Godot.SourceGenerators\Godot.SourceGenerators.ScriptMethodsGenerator\Urman.Godot.Act1ConnectedWorld_ScriptMethods.generated.cs:5726)
       [14] Godot.NativeInterop.godot_bool Godot.Bridge.CSharpInstanceBridge.Call(nint, Godot.NativeInterop.godot_string_name*, Godot.NativeInterop.godot_variant**, int, Godot.NativeInterop.godot_variant_call_error*, Godot.NativeInterop.godot_variant*) (/root/godot/modules/mono/glue/GodotSharp/GodotSharp/Core/Bridge/CSharpInstanceBridge.cs:24)
       [15] void Godot.NativeInterop.NativeFuncs.godotsharp_method_bind_ptrcall(nint, nint, System.Void**, System.Void*) (/root/godot/modules/mono/glue/GodotSharp/GodotSharp/Godot.SourceGenerators.Internal/Godot.SourceGenerators.Internal.UnmanagedCallbacksGenerator/Godot.NativeInterop.NativeFuncs.generated.cs:380)
       [16] void Godot.NativeCalls.godot_icall_3_912(nint, nint, nint, Godot.NativeInterop.godot_bool, int) (/root/godot/modules/mono/glue/GodotSharp/GodotSharp/Generated/NativeCalls.cs:8061)
       [17] void Godot.Node.AddChild(Godot.Node, bool, Godot.Node+InternalMode) (/root/godot/modules/mono/glue/GodotSharp/GodotSharp/Generated/GodotObjects/Node.cs:848)
       [18] void Urman.Godot.Main._Ready() (D:\URMAN-STATION\data\runs\753a9cc00fff49fcb36a717340929108\source\game\scripts\Main.cs:83)
       [19] bool Godot.Node.InvokeGodotClassMethod(Godot.NativeInterop.godot_string_name&, Godot.NativeInterop.NativeVariantPtrArgs, Godot.NativeInterop.godot_variant&) (/root/godot/modules/mono/glue/GodotSharp/GodotSharp/Generated/GodotObjects/Node.cs:2660)
       [20] bool Godot.Node3D.InvokeGodotClassMethod(Godot.NativeInterop.godot_string_name&, Godot.NativeInterop.NativeVariantPtrArgs, Godot.NativeInterop.godot_variant&) (/root/godot/modules/mono/glue/GodotSharp/GodotSharp/Generated/GodotObjects/Node3D.cs:1127)
       [21] bool Urman.Godot.Main.InvokeGodotClassMethod(Godot.NativeInterop.godot_string_name&, Godot.NativeInterop.NativeVariantPtrArgs, Godot.NativeInterop.godot_variant&) (D:\URMAN-STATION\data\runs\753a9cc00fff49fcb36a717340929108\source\game\.godot\mono\temp\obj\Debug\Godot.SourceGenerators\Godot.SourceGenerators.ScriptMethodsGenerator\Urman.Godot.Main_ScriptMethods.generated.cs:70)
       [22] Godot.NativeInterop.godot_bool Godot.Bridge.CSharpInstanceBridge.Call(nint, Godot.NativeInterop.godot_string_name*, Godot.NativeInterop.godot_variant**, int, Godot.NativeInterop.godot_variant_call_error*, Godot.NativeInterop.godot_variant*) (/root/godot/modules/mono/glue/GodotSharp/GodotSharp/Core/Bridge/CSharpInstanceBridge.cs:24)
       [23] void Godot.NativeInterop.NativeFuncs.godotsharp_method_bind_ptrcall(nint, nint, System.Void**, System.Void*) (/root/godot/modules/mono/glue/GodotSharp/GodotSharp/Godot.SourceGenerators.Internal/Godot.SourceGenerators.Internal.UnmanagedCallbacksGenerator/Godot.NativeInterop.NativeFuncs.generated.cs:380)
       [24] void Godot.NativeCalls.godot_icall_3_912(nint, nint, nint, Godot.NativeInterop.godot_bool, int) (/root/godot/modules/mono/glue/GodotSharp/GodotSharp/Generated/NativeCalls.cs:8061)
       [25] void Godot.Node.AddChild(Godot.Node, bool, Godot.Node+InternalMode) (/root/godot/modules/mono/glue/GodotSharp/GodotSharp/Generated/GodotObjects/Node.cs:848)
       [26] void Urman.Godot.Tests.Act1FootstepLagProbe+<_Ready>d__49.MoveNext() (D:\URMAN-STATION\data\runs\753a9cc00fff49fcb36a717340929108\source\game\tests\Act1FootstepLagProbe.cs:104)
       [27] void System.Runtime.CompilerServices.AsyncMethodBuilderCore.Start<TStateMachine>(TStateMachine&)
       [28] void Urman.Godot.Tests.Act1FootstepLagProbe._Ready()
       [29] bool Godot.Node.InvokeGodotClassMethod(Godot.NativeInterop.godot_string_name&, Godot.NativeInterop.NativeVariantPtrArgs, Godot.NativeInterop.godot_variant&) (/root/godot/modules/mono/glue/GodotSharp/GodotSharp/Generated/GodotObjects/Node.cs:2660)
       [30] bool Urman.Godot.Tests.Act1FootstepLagProbe.InvokeGodotClassMethod(Godot.NativeInterop.godot_string_name&, Godot.NativeInterop.NativeVariantPtrArgs, Godot.NativeInterop.godot_variant&) (D:\URMAN-STATION\data\runs\753a9cc00fff49fcb36a717340929108\source\game\.godot\mono\temp\obj\Debug\Godot.SourceGenerators\Godot.SourceGenerators.ScriptMethodsGenerator\Urman.Godot.Tests.Act1FootstepLagProbe_ScriptMethods.generated.cs:90)
       [31] Godot.NativeInterop.godot_bool Godot.Bridge.CSharpInstanceBridge.Call(nint, Godot.NativeInterop.godot_string_name*, Godot.NativeInterop.godot_variant**, int, Godot.NativeInterop.godot_variant_call_error*, Godot.NativeInterop.godot_variant*) (/root/godot/modules/mono/glue/GodotSharp/GodotSharp/Core/Bridge/CSharpInstanceBridge.cs:24)
WARNING: PainterlyMaterialLibrary: surface 'bark_birch_winter' has no declared mode; it gets the flat world-space default.
   at: Godot.Material Urman.Godot.PainterlyMaterialLibrary.ForColor(string, string, bool) (res://scripts/PainterlyMaterialLibrary.cs:1406)
   C# backtrace (most recent call first):
       [0] void Godot.GD.PushWarning(string) (/root/godot/modules/mono/glue/GodotSharp/GodotSharp/Core/GD.cs:396)
       [1] Godot.Material Urman.Godot.PainterlyMaterialLibrary.ForColor(string, string, bool) (D:\URMAN-STATION\data\runs\753a9cc00fff49fcb36a717340929108\source\game\scripts\PainterlyMaterialLibrary.cs:1406)
       [2] Godot.Material Urman.Godot.AgentBAct1ExteriorLayer.RegionalFoliageMaterial(string, string, string) (D:\URMAN-STATION\data\runs\753a9cc00fff49fcb36a717340929108\source\game\scripts\experiments\agent_b_act1\AgentBAct1ExteriorLayer.cs:1762)
       [3] Godot.ArrayMesh Urman.Godot.AgentBAct1ExteriorLayer+<>c__DisplayClass50_0.<PlantFoliage>g__RegionalMesh|5(string, string) (D:\URMAN-STATION\data\runs\753a9cc00fff49fcb36a717340929108\source\game\scripts\experiments\agent_b_act1\AgentBAct1ExteriorLayer.cs:1391)
       [4] void Urman.Godot.AgentBAct1ExteriorLayer.PlantFoliage() (D:\URMAN-STATION\data\runs\753a9cc00fff49fcb36a717340929108\source\game\scripts\experiments\agent_b_act1\AgentBAct1ExteriorLayer.cs:1565)
       [5] void Urman.Godot.AgentBAct1ExteriorLayer.Build() (D:\URMAN-STATION\data\runs\753a9cc00fff49fcb36a717340929108\source\game\scripts\experiments\agent_b_act1\AgentBAct1ExteriorLayer.cs:242)
       [6] void Urman.Godot.Act1ConnectedWorld.BuildAgentBExteriorWorld(Godot.Node3D) (D:\URMAN-STATION\data\runs\753a9cc00fff49fcb36a717340929108\source\game\scripts\Act1ConnectedWorld.cs:1681)
       [7] void Urman.Godot.Act1ConnectedWorld.BuildAct1CoreWorldGreybox() (D:\URMAN-STATION\data\runs\753a9cc00fff49fcb36a717340929108\source\game\scripts\Act1ConnectedWorld.cs:1218)
       [8] void Urman.Godot.Act1ConnectedWorld.ProfileWorldBuildStep(string, System.Action) (D:\URMAN-STATION\data\runs\753a9cc00fff49fcb36a717340929108\source\game\scripts\Act1ConnectedWorld.cs:6348)
       [9] void Urman.Godot.Act1ConnectedWorld.Build() (D:\URMAN-STATION\data\runs\753a9cc00fff49fcb36a717340929108\source\game\scripts\Act1ConnectedWorld.cs:407)
       [10] void Urman.Godot.Act1ConnectedWorld._Ready() (D:\URMAN-STATION\data\runs\753a9cc00fff49fcb36a717340929108\source\game\scripts\Act1ConnectedWorld.cs:309)
       [11] bool Godot.Node.InvokeGodotClassMethod(Godot.NativeInterop.godot_string_name&, Godot.NativeInterop.NativeVariantPtrArgs, Godot.NativeInterop.godot_variant&) (/root/godot/modules/mono/glue/GodotSharp/GodotSharp/Generated/GodotObjects/Node.cs:2660)
       [12] bool Godot.Node3D.InvokeGodotClassMethod(Godot.NativeInterop.godot_string_name&, Godot.NativeInterop.NativeVariantPtrArgs, Godot.NativeInterop.godot_variant&) (/root/godot/modules/mono/glue/GodotSharp/GodotSharp/Generated/GodotObjects/Node3D.cs:1127)
       [13] bool Urman.Godot.Act1ConnectedWorld.InvokeGodotClassMethod(Godot.NativeInterop.godot_string_name&, Godot.NativeInterop.NativeVariantPtrArgs, Godot.NativeInterop.godot_variant&) (D:\URMAN-STATION\data\runs\753a9cc00fff49fcb36a717340929108\source\game\.godot\mono\temp\obj\Debug\Godot.SourceGenerators\Godot.SourceGenerators.ScriptMethodsGenerator\Urman.Godot.Act1ConnectedWorld_ScriptMethods.generated.cs:5726)
       [14] Godot.NativeInterop.godot_bool Godot.Bridge.CSharpInstanceBridge.Call(nint, Godot.NativeInterop.godot_string_name*, Godot.NativeInterop.godot_variant**, int, Godot.NativeInterop.godot_variant_call_error*, Godot.NativeInterop.godot_variant*) (/root/godot/modules/mono/glue/GodotSharp/GodotSharp/Core/Bridge/CSharpInstanceBridge.cs:24)
       [15] void Godot.NativeInterop.NativeFuncs.godotsharp_method_bind_ptrcall(nint, nint, System.Void**, System.Void*) (/root/godot/modules/mono/glue/GodotSharp/GodotSharp/Godot.SourceGenerators.Internal/Godot.SourceGenerators.Internal.UnmanagedCallbacksGenerator/Godot.NativeInterop.NativeFuncs.generated.cs:380)
       [16] void Godot.NativeCalls.godot_icall_3_912(nint, nint, nint, Godot.NativeInterop.godot_bool, int) (/root/godot/modules/mono/glue/GodotSharp/GodotSharp/Generated/NativeCalls.cs:8061)
       [17] void Godot.Node.AddChild(Godot.Node, bool, Godot.Node+InternalMode) (/root/godot/modules/mono/glue/GodotSharp/GodotSharp/Generated/GodotObjects/Node.cs:848)
       [18] void Urman.Godot.Main._Ready() (D:\URMAN-STATION\data\runs\753a9cc00fff49fcb36a717340929108\source\game\scripts\Main.cs:83)
       [19] bool Godot.Node.InvokeGodotClassMethod(Godot.NativeInterop.godot_string_name&, Godot.NativeInterop.NativeVariantPtrArgs, Godot.NativeInterop.godot_variant&) (/root/godot/modules/mono/glue/GodotSharp/GodotSharp/Generated/GodotObjects/Node.cs:2660)
       [20] bool Godot.Node3D.InvokeGodotClassMethod(Godot.NativeInterop.godot_string_name&, Godot.NativeInterop.NativeVariantPtrArgs, Godot.NativeInterop.godot_variant&) (/root/godot/modules/mono/glue/GodotSharp/GodotSharp/Generated/GodotObjects/Node3D.cs:1127)
       [21] bool Urman.Godot.Main.InvokeGodotClassMethod(Godot.NativeInterop.godot_string_name&, Godot.NativeInterop.NativeVariantPtrArgs, Godot.NativeInterop.godot_variant&) (D:\URMAN-STATION\data\runs\753a9cc00fff49fcb36a717340929108\source\game\.godot\mono\temp\obj\Debug\Godot.SourceGenerators\Godot.SourceGenerators.ScriptMethodsGenerator\Urman.Godot.Main_ScriptMethods.generated.cs:70)
       [22] Godot.NativeInterop.godot_bool Godot.Bridge.CSharpInstanceBridge.Call(nint, Godot.NativeInterop.godot_string_name*, Godot.NativeInterop.godot_variant**, int, Godot.NativeInterop.godot_variant_call_error*, Godot.NativeInterop.godot_variant*) (/root/godot/modules/mono/glue/GodotSharp/GodotSharp/Core/Bridge/CSharpInstanceBridge.cs:24)
       [23] void Godot.NativeInterop.NativeFuncs.godotsharp_method_bind_ptrcall(nint, nint, System.Void**, System.Void*) (/root/godot/modules/mono/glue/GodotSharp/GodotSharp/Godot.SourceGenerators.Internal/Godot.SourceGenerators.Internal.UnmanagedCallbacksGenerator/Godot.NativeInterop.NativeFuncs.generated.cs:380)
       [24] void Godot.NativeCalls.godot_icall_3_912(nint, nint, nint, Godot.NativeInterop.godot_bool, int) (/root/godot/modules/mono/glue/GodotSharp/GodotSharp/Generated/NativeCalls.cs:8061)
       [25] void Godot.Node.AddChild(Godot.Node, bool, Godot.Node+InternalMode) (/root/godot/modules/mono/glue/GodotSharp/GodotSharp/Generated/GodotObjects/Node.cs:848)
       [26] void Urman.Godot.Tests.Act1FootstepLagProbe+<_Ready>d__49.MoveNext() (D:\URMAN-STATION\data\runs\753a9cc00fff49fcb36a717340929108\source\game\tests\Act1FootstepLagProbe.cs:104)
       [27] void System.Runtime.CompilerServices.AsyncMethodBuilderCore.Start<TStateMachine>(TStateMachine&)
       [28] void Urman.Godot.Tests.Act1FootstepLagProbe._Ready()
       [29] bool Godot.Node.InvokeGodotClassMethod(Godot.NativeInterop.godot_string_name&, Godot.NativeInterop.NativeVariantPtrArgs, Godot.NativeInterop.godot_variant&) (/root/godot/modules/mono/glue/GodotSharp/GodotSharp/Generated/GodotObjects/Node.cs:2660)
       [30] bool Urman.Godot.Tests.Act1FootstepLagProbe.InvokeGodotClassMethod(Godot.NativeInterop.godot_string_name&, Godot.NativeInterop.NativeVariantPtrArgs, Godot.NativeInterop.godot_variant&) (D:\URMAN-STATION\data\runs\753a9cc00fff49fcb36a717340929108\source\game\.godot\mono\temp\obj\Debug\Godot.SourceGenerators\Godot.SourceGenerators.ScriptMethodsGenerator\Urman.Godot.Tests.Act1FootstepLagProbe_ScriptMethods.generated.cs:90)
       [31] Godot.NativeInterop.godot_bool Godot.Bridge.CSharpInstanceBridge.Call(nint, Godot.NativeInterop.godot_string_name*, Godot.NativeInterop.godot_variant**, int, Godot.NativeInterop.godot_variant_call_error*, Godot.NativeInterop.godot_variant*) (/root/godot/modules/mono/glue/GodotSharp/GodotSharp/Core/Bridge/CSharpInstanceBridge.cs:24)
act1-foliage-lod: families=36 tolerance=2.0% worstCrown=14.03% worstHeight=0.55% worstBase=14.05% overTolerance=35 farAlphaSurfaces=1 cells=2444 cellInstances=7849 maxCellDiagonal=21.3m maxCellVolume=1467m3 overFootprint=0 swayReserve=0.427m treeSwayReserve=1.582m uncovered=0 bounds=measured budget=budget lodRangeScaleCeiling=1.60 tieredTrees=6037 sharedRootInstances=18236 rangeGaps=0 doubleFullBands=0 tiers=[6162,6037,6037] meshes=135 materials=13 surfaces=297 alphaSurfaces=3 shadowCasters=14643 skippedOuterUnderstory=1360 occlusion=False graphics=preset=medium,lod_threshold=1.50,scale=0.90,msaa=Msaa2X,shadow_filter=SoftLow,directional_shadow_distance=80,directional_shadow_atlas=4096,positional_shadow_atlas=2048,ssao_gate=authored,probe=none
act1-forest-rhythm: mode=broken trunks=3137 intervalShare=[39.8%->25.2%] modal=[3.80m->3.40m] gapSpreadAfter=[0.01,7.99]m nearBandTrunks=1587 nearestMin=0.01m nearestMedian=2.49m speciesRuns=238 longestRun=6 rows=[5,7,9]@15/25/40m
WARNING: PainterlyMaterialLibrary: surface 'snow_road' has no declared mode; it gets the flat world-space default.
   at: Godot.Material Urman.Godot.PainterlyMaterialLibrary.ForColor(string, string, bool) (res://scripts/PainterlyMaterialLibrary.cs:1406)
   C# backtrace (most recent call first):
       [0] void Godot.GD.PushWarning(string) (/root/godot/modules/mono/glue/GodotSharp/GodotSharp/Core/GD.cs:396)
       [1] Godot.Material Urman.Godot.PainterlyMaterialLibrary.ForColor(string, string, bool) (D:\URMAN-STATION\data\runs\753a9cc00fff49fcb36a717340929108\source\game\scripts\PainterlyMaterialLibrary.cs:1406)
       [2] int Urman.Godot.Act1ConnectedWorld.RegradeAct1DaylightKitMaterials(Godot.Node3D) (D:\URMAN-STATION\data\runs\753a9cc00fff49fcb36a717340929108\source\game\scripts\Act1ConnectedWorld.cs:2140)
       [3] void Urman.Godot.Act1ConnectedWorld.ApplyAct1DaylightPresentationPass(Godot.Node3D) (D:\URMAN-STATION\data\runs\753a9cc00fff49fcb36a717340929108\source\game\scripts\Act1ConnectedWorld.cs:2042)
       [4] void Urman.Godot.Act1ConnectedWorld.BuildAct1CoreWorldGreybox() (D:\URMAN-STATION\data\runs\753a9cc00fff49fcb36a717340929108\source\game\scripts\Act1ConnectedWorld.cs:1228)
       [5] void Urman.Godot.Act1ConnectedWorld.ProfileWorldBuildStep(string, System.Action) (D:\URMAN-STATION\data\runs\753a9cc00fff49fcb36a717340929108\source\game\scripts\Act1ConnectedWorld.cs:6348)
       [6] void Urman.Godot.Act1ConnectedWorld.Build() (D:\URMAN-STATION\data\runs\753a9cc00fff49fcb36a717340929108\source\game\scripts\Act1ConnectedWorld.cs:407)
       [7] void Urman.Godot.Act1ConnectedWorld._Ready() (D:\URMAN-STATION\data\runs\753a9cc00fff49fcb36a717340929108\source\game\scripts\Act1ConnectedWorld.cs:309)
       [8] bool Godot.Node.InvokeGodotClassMethod(Godot.NativeInterop.godot_string_name&, Godot.NativeInterop.NativeVariantPtrArgs, Godot.NativeInterop.godot_variant&) (/root/godot/modules/mono/glue/GodotSharp/GodotSharp/Generated/GodotObjects/Node.cs:2660)
       [9] bool Godot.Node3D.InvokeGodotClassMethod(Godot.NativeInterop.godot_string_name&, Godot.NativeInterop.NativeVariantPtrArgs, Godot.NativeInterop.godot_variant&) (/root/godot/modules/mono/glue/GodotSharp/GodotSharp/Generated/GodotObjects/Node3D.cs:1127)
       [10] bool Urman.Godot.Act1ConnectedWorld.InvokeGodotClassMethod(Godot.NativeInterop.godot_string_name&, Godot.NativeInterop.NativeVariantPtrArgs, Godot.NativeInterop.godot_variant&) (D:\URMAN-STATION\data\runs\753a9cc00fff49fcb36a717340929108\source\game\.godot\mono\temp\obj\Debug\Godot.SourceGenerators\Godot.SourceGenerators.ScriptMethodsGenerator\Urman.Godot.Act1ConnectedWorld_ScriptMethods.generated.cs:5726)
       [11] Godot.NativeInterop.godot_bool Godot.Bridge.CSharpInstanceBridge.Call(nint, Godot.NativeInterop.godot_string_name*, Godot.NativeInterop.godot_variant**, int, Godot.NativeInterop.godot_variant_call_error*, Godot.NativeInterop.godot_variant*) (/root/godot/modules/mono/glue/GodotSharp/GodotSharp/Core/Bridge/CSharpInstanceBridge.cs:24)
       [12] void Godot.NativeInterop.NativeFuncs.godotsharp_method_bind_ptrcall(nint, nint, System.Void**, System.Void*) (/root/godot/modules/mono/glue/GodotSharp/GodotSharp/Godot.SourceGenerators.Internal/Godot.SourceGenerators.Internal.UnmanagedCallbacksGenerator/Godot.NativeInterop.NativeFuncs.generated.cs:380)
       [13] void Godot.NativeCalls.godot_icall_3_912(nint, nint, nint, Godot.NativeInterop.godot_bool, int) (/root/godot/modules/mono/glue/GodotSharp/GodotSharp/Generated/NativeCalls.cs:8061)
       [14] void Godot.Node.AddChild(Godot.Node, bool, Godot.Node+InternalMode) (/root/godot/modules/mono/glue/GodotSharp/GodotSharp/Generated/GodotObjects/Node.cs:848)
       [15] void Urman.Godot.Main._Ready() (D:\URMAN-STATION\data\runs\753a9cc00fff49fcb36a717340929108\source\game\scripts\Main.cs:83)
       [16] bool Godot.Node.InvokeGodotClassMethod(Godot.NativeInterop.godot_string_name&, Godot.NativeInterop.NativeVariantPtrArgs, Godot.NativeInterop.godot_variant&) (/root/godot/modules/mono/glue/GodotSharp/GodotSharp/Generated/GodotObjects/Node.cs:2660)
       [17] bool Godot.Node3D.InvokeGodotClassMethod(Godot.NativeInterop.godot_string_name&, Godot.NativeInterop.NativeVariantPtrArgs, Godot.NativeInterop.godot_variant&) (/root/godot/modules/mono/glue/GodotSharp/GodotSharp/Generated/GodotObjects/Node3D.cs:1127)
       [18] bool Urman.Godot.Main.InvokeGodotClassMethod(Godot.NativeInterop.godot_string_name&, Godot.NativeInterop.NativeVariantPtrArgs, Godot.NativeInterop.godot_variant&) (D:\URMAN-STATION\data\runs\753a9cc00fff49fcb36a717340929108\source\game\.godot\mono\temp\obj\Debug\Godot.SourceGenerators\Godot.SourceGenerators.ScriptMethodsGenerator\Urman.Godot.Main_ScriptMethods.generated.cs:70)
       [19] Godot.NativeInterop.godot_bool Godot.Bridge.CSharpInstanceBridge.Call(nint, Godot.NativeInterop.godot_string_name*, Godot.NativeInterop.godot_variant**, int, Godot.NativeInterop.godot_variant_call_error*, Godot.NativeInterop.godot_variant*) (/root/godot/modules/mono/glue/GodotSharp/GodotSharp/Core/Bridge/CSharpInstanceBridge.cs:24)
       [20] void Godot.NativeInterop.NativeFuncs.godotsharp_method_bind_ptrcall(nint, nint, System.Void**, System.Void*) (/root/godot/modules/mono/glue/GodotSharp/GodotSharp/Godot.SourceGenerators.Internal/Godot.SourceGenerators.Internal.UnmanagedCallbacksGenerator/Godot.NativeInterop.NativeFuncs.generated.cs:380)
       [21] void Godot.NativeCalls.godot_icall_3_912(nint, nint, nint, Godot.NativeInterop.godot_bool, int) (/root/godot/modules/mono/glue/GodotSharp/GodotSharp/Generated/NativeCalls.cs:8061)
       [22] void Godot.Node.AddChild(Godot.Node, bool, Godot.Node+InternalMode) (/root/godot/modules/mono/glue/GodotSharp/GodotSharp/Generated/GodotObjects/Node.cs:848)
       [23] void Urman.Godot.Tests.Act1FootstepLagProbe+<_Ready>d__49.MoveNext() (D:\URMAN-STATION\data\runs\753a9cc00fff49fcb36a717340929108\source\game\tests\Act1FootstepLagProbe.cs:104)
       [24] void System.Runtime.CompilerServices.AsyncMethodBuilderCore.Start<TStateMachine>(TStateMachine&)
       [25] void Urman.Godot.Tests.Act1FootstepLagProbe._Ready()
       [26] bool Godot.Node.InvokeGodotClassMethod(Godot.NativeInterop.godot_string_name&, Godot.NativeInterop.NativeVariantPtrArgs, Godot.NativeInterop.godot_variant&) (/root/godot/modules/mono/glue/GodotSharp/GodotSharp/Generated/GodotObjects/Node.cs:2660)
       [27] bool Urman.Godot.Tests.Act1FootstepLagProbe.InvokeGodotClassMethod(Godot.NativeInterop.godot_string_name&, Godot.NativeInterop.NativeVariantPtrArgs, Godot.NativeInterop.godot_variant&) (D:\URMAN-STATION\data\runs\753a9cc00fff49fcb36a717340929108\source\game\.godot\mono\temp\obj\Debug\Godot.SourceGenerators\Godot.SourceGenerators.ScriptMethodsGenerator\Urman.Godot.Tests.Act1FootstepLagProbe_ScriptMethods.generated.cs:90)
       [28] Godot.NativeInterop.godot_bool Godot.Bridge.CSharpInstanceBridge.Call(nint, Godot.NativeInterop.godot_string_name*, Godot.NativeInterop.godot_variant**, int, Godot.NativeInterop.godot_variant_call_error*, Godot.NativeInterop.godot_variant*) (/root/godot/modules/mono/glue/GodotSharp/GodotSharp/Core/Bridge/CSharpInstanceBridge.cs:24)
village-chimney: /root/Act1FootstepLagProbe/Main/ZoneHost/Act1ConnectedWorld/Act1CoreWorldGreybox/Act1AuthoredExteriorKitPresentation/BabaiApproachDwellingFacade/HeroHouse_TimberPlaster/HeroHouse_ChimneyCap_LOD0 top=(-31.425797, 5.598152, -3.367765)
village-chimney: /root/Act1FootstepLagProbe/Main/ZoneHost/Act1ConnectedWorld/Act1CoreWorldGreybox/Act1AuthoredExteriorKitPresentation/DistantPerimeterParcels/WestReturnMidParcel/WestReturnMidFacade/VillageParcel_VariantB_PlasterAnnex_Dwelling/VariantB_PlasterAnnex_Dwelling_ChimneyCap_LOD0 top=(13.285, 4.224752, 39.610004)
act1-terrain-room-cut: room=/root/Act1FootstepLagProbe/Main/ZoneHost/Act1ConnectedWorld/babay-abi-house half=(4, 3.5) affectedTriangles=48 clippedVertices=123318 publishedVertices=123318 physicsVertices=123318 visualAndPhysics=shared-published-faces
act1-apron-room-cut: mesh=/root/Act1FootstepLagProbe/Main/ZoneHost/Act1ConnectedWorld/Act1CoreWorldGreybox/AgentBExteriorWorld/AgentB_TerrainRoadKit/URMAN_AgentB_TerrainRoadKit/Apron_BabaiYard affectedTriangles=11 clippedVertices=123 surfaces=1 collision=existing-terrain-owner
act1-south-fence-house-junction: wallX=-33.5880 retainedMembers=13 retiredPostsAndCaps=10 supportedWestWing=2.4920m
WARNING: PainterlyMaterialLibrary: surface 'snow' has no declared mode; it gets the flat world-space default.
   at: Godot.Material Urman.Godot.PainterlyMaterialLibrary.ForColor(string, string, bool) (res://scripts/PainterlyMaterialLibrary.cs:1406)
   C# backtrace (most recent call first):
       [0] void Godot.GD.PushWarning(string) (/root/godot/modules/mono/glue/GodotSharp/GodotSharp/Core/GD.cs:396)
       [1] Godot.Material Urman.Godot.PainterlyMaterialLibrary.ForColor(string, string, bool) (D:\URMAN-STATION\data\runs\753a9cc00fff49fcb36a717340929108\source\game\scripts\PainterlyMaterialLibrary.cs:1406)
       [2] Godot.MeshInstance3D Urman.Godot.Act1ConnectedWorld.MechanismVisual(Godot.Node3D, string, Godot.Vector3, Godot.Vector3, string, string) (D:\URMAN-STATION\data\runs\753a9cc00fff49fcb36a717340929108\source\game\scripts\Act1ConnectedWorld.YardMechanisms.cs:309)
       [3] void Urman.Godot.Act1ConnectedWorld.BuildYardMechanisms(Godot.Node3D, Urman.Godot.CarryCoordinator) (D:\URMAN-STATION\data\runs\753a9cc00fff49fcb36a717340929108\source\game\scripts\Act1ConnectedWorld.YardMechanisms.cs:22)
       [4] void Urman.Godot.Act1ConnectedWorld.BuildCarryables(Godot.Node3D) (D:\URMAN-STATION\data\runs\753a9cc00fff49fcb36a717340929108\source\game\scripts\Act1ConnectedWorld.cs:1366)
       [5] void Urman.Godot.Act1ConnectedWorld.Build() (D:\URMAN-STATION\data\runs\753a9cc00fff49fcb36a717340929108\source\game\scripts\Act1ConnectedWorld.cs:431)
       [6] void Urman.Godot.Act1ConnectedWorld._Ready() (D:\URMAN-STATION\data\runs\753a9cc00fff49fcb36a717340929108\source\game\scripts\Act1ConnectedWorld.cs:309)
       [7] bool Godot.Node.InvokeGodotClassMethod(Godot.NativeInterop.godot_string_name&, Godot.NativeInterop.NativeVariantPtrArgs, Godot.NativeInterop.godot_variant&) (/root/godot/modules/mono/glue/GodotSharp/GodotSharp/Generated/GodotObjects/Node.cs:2660)
       [8] bool Godot.Node3D.InvokeGodotClassMethod(Godot.NativeInterop.godot_string_name&, Godot.NativeInterop.NativeVariantPtrArgs, Godot.NativeInterop.godot_variant&) (/root/godot/modules/mono/glue/GodotSharp/GodotSharp/Generated/GodotObjects/Node3D.cs:1127)
       [9] bool Urman.Godot.Act1ConnectedWorld.InvokeGodotClassMethod(Godot.NativeInterop.godot_string_name&, Godot.NativeInterop.NativeVariantPtrArgs, Godot.NativeInterop.godot_variant&) (D:\URMAN-STATION\data\runs\753a9cc00fff49fcb36a717340929108\source\game\.godot\mono\temp\obj\Debug\Godot.SourceGenerators\Godot.SourceGenerators.ScriptMethodsGenerator\Urman.Godot.Act1ConnectedWorld_ScriptMethods.generated.cs:5726)
       [10] Godot.NativeInterop.godot_bool Godot.Bridge.CSharpInstanceBridge.Call(nint, Godot.NativeInterop.godot_string_name*, Godot.NativeInterop.godot_variant**, int, Godot.NativeInterop.godot_variant_call_error*, Godot.NativeInterop.godot_variant*) (/root/godot/modules/mono/glue/GodotSharp/GodotSharp/Core/Bridge/CSharpInstanceBridge.cs:24)
       [11] void Godot.NativeInterop.NativeFuncs.godotsharp_method_bind_ptrcall(nint, nint, System.Void**, System.Void*) (/root/godot/modules/mono/glue/GodotSharp/GodotSharp/Godot.SourceGenerators.Internal/Godot.SourceGenerators.Internal.UnmanagedCallbacksGenerator/Godot.NativeInterop.NativeFuncs.generated.cs:380)
       [12] void Godot.NativeCalls.godot_icall_3_912(nint, nint, nint, Godot.NativeInterop.godot_bool, int) (/root/godot/modules/mono/glue/GodotSharp/GodotSharp/Generated/NativeCalls.cs:8061)
       [13] void Godot.Node.AddChild(Godot.Node, bool, Godot.Node+InternalMode) (/root/godot/modules/mono/glue/GodotSharp/GodotSharp/Generated/GodotObjects/Node.cs:848)
       [14] void Urman.Godot.Main._Ready() (D:\URMAN-STATION\data\runs\753a9cc00fff49fcb36a717340929108\source\game\scripts\Main.cs:83)
       [15] bool Godot.Node.InvokeGodotClassMethod(Godot.NativeInterop.godot_string_name&, Godot.NativeInterop.NativeVariantPtrArgs, Godot.NativeInterop.godot_variant&) (/root/godot/modules/mono/glue/GodotSharp/GodotSharp/Generated/GodotObjects/Node.cs:2660)
       [16] bool Godot.Node3D.InvokeGodotClassMethod(Godot.NativeInterop.godot_string_name&, Godot.NativeInterop.NativeVariantPtrArgs, Godot.NativeInterop.godot_variant&) (/root/godot/modules/mono/glue/GodotSharp/GodotSharp/Generated/GodotObjects/Node3D.cs:1127)
       [17] bool Urman.Godot.Main.InvokeGodotClassMethod(Godot.NativeInterop.godot_string_name&, Godot.NativeInterop.NativeVariantPtrArgs, Godot.NativeInterop.godot_variant&) (D:\URMAN-STATION\data\runs\753a9cc00fff49fcb36a717340929108\source\game\.godot\mono\temp\obj\Debug\Godot.SourceGenerators\Godot.SourceGenerators.ScriptMethodsGenerator\Urman.Godot.Main_ScriptMethods.generated.cs:70)
       [18] Godot.NativeInterop.godot_bool Godot.Bridge.CSharpInstanceBridge.Call(nint, Godot.NativeInterop.godot_string_name*, Godot.NativeInterop.godot_variant**, int, Godot.NativeInterop.godot_variant_call_error*, Godot.NativeInterop.godot_variant*) (/root/godot/modules/mono/glue/GodotSharp/GodotSharp/Core/Bridge/CSharpInstanceBridge.cs:24)
       [19] void Godot.NativeInterop.NativeFuncs.godotsharp_method_bind_ptrcall(nint, nint, System.Void**, System.Void*) (/root/godot/modules/mono/glue/GodotSharp/GodotSharp/Godot.SourceGenerators.Internal/Godot.SourceGenerators.Internal.UnmanagedCallbacksGenerator/Godot.NativeInterop.NativeFuncs.generated.cs:380)
       [20] void Godot.NativeCalls.godot_icall_3_912(nint, nint, nint, Godot.NativeInterop.godot_bool, int) (/root/godot/modules/mono/glue/GodotSharp/GodotSharp/Generated/NativeCalls.cs:8061)
       [21] void Godot.Node.AddChild(Godot.Node, bool, Godot.Node+InternalMode) (/root/godot/modules/mono/glue/GodotSharp/GodotSharp/Generated/GodotObjects/Node.cs:848)
       [22] void Urman.Godot.Tests.Act1FootstepLagProbe+<_Ready>d__49.MoveNext() (D:\URMAN-STATION\data\runs\753a9cc00fff49fcb36a717340929108\source\game\tests\Act1FootstepLagProbe.cs:104)
       [23] void System.Runtime.CompilerServices.AsyncMethodBuilderCore.Start<TStateMachine>(TStateMachine&)
       [24] void Urman.Godot.Tests.Act1FootstepLagProbe._Ready()
       [25] bool Godot.Node.InvokeGodotClassMethod(Godot.NativeInterop.godot_string_name&, Godot.NativeInterop.NativeVariantPtrArgs, Godot.NativeInterop.godot_variant&) (/root/godot/modules/mono/glue/GodotSharp/GodotSharp/Generated/GodotObjects/Node.cs:2660)
       [26] bool Urman.Godot.Tests.Act1FootstepLagProbe.InvokeGodotClassMethod(Godot.NativeInterop.godot_string_name&, Godot.NativeInterop.NativeVariantPtrArgs, Godot.NativeInterop.godot_variant&) (D:\URMAN-STATION\data\runs\753a9cc00fff49fcb36a717340929108\source\game\.godot\mono\temp\obj\Debug\Godot.SourceGenerators\Godot.SourceGenerators.ScriptMethodsGenerator\Urman.Godot.Tests.Act1FootstepLagProbe_ScriptMethods.generated.cs:90)
       [27] Godot.NativeInterop.godot_bool Godot.Bridge.CSharpInstanceBridge.Call(nint, Godot.NativeInterop.godot_string_name*, Godot.NativeInterop.godot_variant**, int, Godot.NativeInterop.godot_variant_call_error*, Godot.NativeInterop.godot_variant*) (/root/godot/modules/mono/glue/GodotSharp/GodotSharp/Core/Bridge/CSharpInstanceBridge.cs:24)
act1-drain-bank-conform: mesh=/root/Act1FootstepLagProbe/Main/ZoneHost/Act1ConnectedWorld/Act1CoreWorldGreybox/AgentBExteriorWorld/AgentB_TerrainRoadKit/URMAN_AgentB_TerrainRoadKit/BabaiYard_EastFenceSwale originalTriangles=78 affectedTriangles=35 outputTriangles=3543 groundOwner=unchanged
act1-rear-gate: retired_meshes=15 disabled_shapes=15 bypass=/root/Act1FootstepLagProbe/Main/ZoneHost/Act1ConnectedWorld/village-main-road/Act1BypassCollision
act1-mosque-terrain-cut: affectedTriangles=86 publishedVertices=123324 physicsVertices=123324 sameOwner=true
mosque-address-mount available=True doorFound=True door=(-30.916079, 1.8232076, 24.329773) preferredOutward=(0.96514225, 0, -0.261726) point=(-30.976536, 2.5172076, 23.128733) readingFloorY=0.71720755 readingHeight=1.8000001 outward=(0.96514225, 0, -0.261726) owner=/root/Act1FootstepLagProbe/Main/ZoneHost/Act1ConnectedWorld/Act1CoreWorldGreybox/VillageMosqueComplex/MosqueHallEastLeft failure=
act1-mosque-entrance: firstRise=-0.022 approachFeet=-0.448 lowerTop=-0.471 upperTop=0.000 innerRise=0.157 treadDepth=2.150 thresholdSlotBefore=0.025 firstStepAdded=False sillAdded=True
banya-atmosphere: emitters=3 particles=19 hazeQuads=2 voices=3 ready=True
act1-shop-storefront: reskinned=75 gableSign=(8.815001, 2.7757518, 38.800003) entry=(12.295, 0.06675188, 41.950005)
act1-school-bank-cut: the field bank does not meet the school footprint (relayout v3); no cut
act1-council-fence-format: source=urman_village_exterior_kit_Cube_040 vertices=96 normals=96 uv=96 tangents=384 colors=0 uv2=0 lods=0 sourceFormat=536875031 publishedFormat=4119
act1-council-fence-format: source=urman_village_exterior_kit_FenceSegment_RailMiddle_Crooked_LOD0Mesh vertices=48 normals=48 uv=0 tangents=192 colors=0 uv2=0 lods=0 sourceFormat=536875015 publishedFormat=4103
act1-council-fence-format: source=urman_village_exterior_kit_Cube_039 vertices=96 normals=96 uv=96 tangents=384 colors=0 uv2=0 lods=0 sourceFormat=536875031 publishedFormat=4119
act1-council-fence-junction: fence=/root/Act1FootstepLagProbe/Main/ZoneHost/Act1ConnectedWorld/Act1CoreWorldGreybox/Act1AuthoredExteriorKitPresentation/DistantPerimeterParcels/EastStreetHorizonParcel/EastStreetHorizonFence wall=/root/Act1FootstepLagProbe/Main/ZoneHost/Act1ConnectedWorld/Act1CoreWorldGreybox/Act1AuthoredExteriorKitPresentation/DistantPerimeterParcels/EastStreetHorizonParcel/EastStreetHorizonFacade/VillageParcel_VariantA_TimberGable_Dwelling/VariantA_TimberGable_Dwelling_SeniRear_Wall_LOD0 localCutZ=-4.4 hiddenMembers=4 trimmedRails=3 retainedMembers=8 sourceAsset=unchanged
act1-terrain-room-cut: room=/root/Act1FootstepLagProbe/Main/ZoneHost/Act1ConnectedWorld/Act1CoreWorldGreybox/VillageRavine/RavineFarBank/FarBankPublic_police half=(5.79, 4.29) affectedTriangles=72 clippedVertices=123330 publishedVertices=123330 physicsVertices=123330 visualAndPhysics=shared-published-faces
act1-apron-room-cut: mesh=/root/Act1FootstepLagProbe/Main/ZoneHost/Act1ConnectedWorld/Act1CoreWorldGreybox/AgentBExteriorWorld/AgentB_TerrainRoadKit/URMAN_AgentB_TerrainRoadKit/Apron_BabaiYard affectedTriangles=0 clippedVertices=123 surfaces=1 collision=existing-terrain-owner
police-seat: sourcePelvis=(-3.097206, 0.6009963, 1.0985031) mounted=(-3.1, 0.56, 1.43)
act1-fap-plate: at=(25.390001, 1.9432073, -28.118002) outward=(0, 0, 1)
act1-overlap-cleanup: hidden=4
act1-overlap-cleanup: legacyRelocated=0 authoredOwners=12
act1-yard-composition: hidden=27
authored-world: 127 objects from res://content/world
open-part-kept-near-interaction|/root/Act1FootstepLagProbe/Main/ZoneHost/Act1ConnectedWorld/village-main-road/@Node3D@904/@MeshInstance3D@901@6.1,7.2
open-part-kept-near-interaction|/root/Act1FootstepLagProbe/Main/ZoneHost/Act1ConnectedWorld/Act1CoreWorldGreybox/ConnectiveStreetReturn/ConnectiveReturnCareBench/BenchLegLeft@-5.1,-39.1
open-part-kept-near-interaction|/root/Act1FootstepLagProbe/Main/ZoneHost/Act1ConnectedWorld/Act1CoreWorldGreybox/ConnectiveStreetReturn/ConnectiveReturnCareBench/BenchBackPostLeft@-5.0,-39.3
open-part-kept-near-interaction|/root/Act1FootstepLagProbe/Main/ZoneHost/Act1ConnectedWorld/Act1CoreWorldGreybox/ConnectiveStreetReturn/ConnectiveReturnCareBench/BenchBackRest@-4.3,-39.0
open-part-kept-near-interaction|/root/Act1FootstepLagProbe/Main/ZoneHost/Act1ConnectedWorld/village-main-road/RestBenchCollision/Seat@-5.0,-52.0
open-part-kept-near-interaction|/root/Act1FootstepLagProbe/Main/ZoneHost/Act1ConnectedWorld/village-main-road/RestBenchCollision/Back@-5.0,-52.3
open-part-kept-near-interaction|/root/Act1FootstepLagProbe/Main/ZoneHost/Act1ConnectedWorld/village-main-road/ConnectiveReturnCareBenchCollision/Back@-4.3,-39.0
act1-open-part-clear: hiddenMeshes=778 disabledShapes=4 sunkInstances=106 keptNearInteraction=7
act1-babai-foliage: owners=0 contacts=0
act1-terrain-room-cut: room=/root/Act1FootstepLagProbe/Main/ZoneHost/Act1ConnectedWorld/babay-abi-house half=(4, 3.5) affectedTriangles=50 clippedVertices=123294 publishedVertices=123294 physicsVertices=123294 visualAndPhysics=shared-published-faces
act1-apron-room-cut: mesh=/root/Act1FootstepLagProbe/Main/ZoneHost/Act1ConnectedWorld/Act1CoreWorldGreybox/AgentBExteriorWorld/AgentB_TerrainRoadKit/URMAN_AgentB_TerrainRoadKit/Apron_BabaiYard affectedTriangles=0 clippedVertices=123 surfaces=1 collision=existing-terrain-owner
act1-babai-relocation: moved=601 cleared=932 door=(-9.5,-1.88315) yaw+=25.28
act1-gorge-clear: large mesh spans the gorge: /root/Act1FootstepLagProbe/Main/ZoneHost/Act1ConnectedWorld/Act1CoreWorldGreybox/BackdropGround box=(-420, -5.3091583, -420)..(420, 12.931662, 360)
act1-gorge-clear: hidden=595 shapesDisabled=16 foliageInstances=182
act1-street-frontage: rejected axis=39, footprint=2
act1-street-frontage: houses=1 runs=3 gates=0 wickets=0 wood_tris=1996 iron_tris=0 hidden_old_fence_pieces=0
act1-deck-seat: deck=/root/Act1FootstepLagProbe/Main/ZoneHost/Act1ConnectedWorld/Act1CoreWorldGreybox/BabaiStorageBarn/Floor topY=0.318 seats=8 trimmed=3 letDown=5 worst=88.9mm sawhorseFeet=4 undersidePiercing=0
act1-yard-biography: lot=ADR-H047 groups=2 moves=0 instances=23->23 corridor=0.00m (min 0.90m)
act1-yard-fences: lots=85 runs=329 gates=84 wickets=0 openings=70 holes=0 retired=477 designs=5
act1-clean-yards: removed=1817 owners=79; real fences, storage and interactions retained
vehicle-snow-tracks: segments=0 budget=512
act1-roadside-grounding: independent contact meshes=34; source meshes and usable footbridge preserved
act1-kit-blockers: placements=12 shapes=227 carved_door_slabs=26 flat_slab_skipped=313 exact_architecture_surfaces=123 hidden_skipped=108 road_clearance_skipped=0
act1-dwelling-threshold: placements=78 worst_analytic_vs_collision_delta=0.166m worst_placement=ZiratEastNearMidHouse
act1-building-supports: supported foundations=16; maximum ground drop=1.888m; level entrances preserved
act1-council-fence-contacts: retainedSourceContacts=0 hiddenMemberContacts=0 newBodyOwners=0
zone-loaded: village_day@arrival connected-world=131566933643
УРМАН Godot vertical slice ready: Painterly Low-Poly / first person
act1-window-surrounds: painted=952
act1-legacy-sign: suppressed=1
village-households: 86 homes, 777 warm panes, 47 events; budgets lights=6, voices=4, clips=8, PCM=2000000
village-sound-mood: layers village=True dread=True adhan=True defaultMood=0,90
forest-edge-presence: anchor=True pos=0,0,-115 voices=3 radius=60m
club-gramophone: anchor=True songs=5 crackle=True
village-pa: speakers=4 songs=5 bus=Loudspeaker
village-window-silhouettes: windows=777 pool=10 variants=5
mosque-sanctuary: room=True soundMood=True lamps=3 forest=True bathSpirit=True
village-chimney-smoke: chimneys=86 emitters=14 particles=140
WARNING: Vehicle forest-horse-cart placement rejected: the actual articulated hoof pose is blocked or unsupported: {"foot":1,"reason":"IK reached its unstretched joint limit","kind":"support-or-reach","vehicleShape":"HoofContactQuery1","colliderPath":"/root/Act1FootstepLagProbe/Main/ZoneHost/Act1ConnectedWorld/Act1CoreWorldGreybox/AgentBExteriorWorld/AgentB_TerrainCollision"}; recovered to physically checked parking.
   at: void Urman.Godot.VehicleFleet.FinishSessionProjection() (res://scripts/VehicleFleet.cs:211)
   C# backtrace (most recent call first):
       [0] void Godot.GD.PushWarning(string) (/root/godot/modules/mono/glue/GodotSharp/GodotSharp/Core/GD.cs:396)
       [1] void Urman.Godot.VehicleFleet.FinishSessionProjection() (D:\URMAN-STATION\data\runs\753a9cc00fff49fcb36a717340929108\source\game\scripts\VehicleFleet.cs:211)
       [2] void Urman.Godot.VehicleFleet._PhysicsProcess(double) (D:\URMAN-STATION\data\runs\753a9cc00fff49fcb36a717340929108\source\game\scripts\VehicleFleet.cs:124)
       [3] bool Godot.Node.InvokeGodotClassMethod(Godot.NativeInterop.godot_string_name&, Godot.NativeInterop.NativeVariantPtrArgs, Godot.NativeInterop.godot_variant&) (/root/godot/modules/mono/glue/GodotSharp/GodotSharp/Generated/GodotObjects/Node.cs:2648)
       [4] bool Godot.Node3D.InvokeGodotClassMethod(Godot.NativeInterop.godot_string_name&, Godot.NativeInterop.NativeVariantPtrArgs, Godot.NativeInterop.godot_variant&) (/root/godot/modules/mono/glue/GodotSharp/GodotSharp/Generated/GodotObjects/Node3D.cs:1127)
       [5] bool Urman.Godot.VehicleFleet.InvokeGodotClassMethod(Godot.NativeInterop.godot_string_name&, Godot.NativeInterop.NativeVariantPtrArgs, Godot.NativeInterop.godot_variant&) (D:\URMAN-STATION\data\runs\753a9cc00fff49fcb36a717340929108\source\game\.godot\mono\temp\obj\Debug\Godot.SourceGenerators\Godot.SourceGenerators.ScriptMethodsGenerator\Urman.Godot.VehicleFleet_ScriptMethods.generated.cs:180)
       [6] Godot.NativeInterop.godot_bool Godot.Bridge.CSharpInstanceBridge.Call(nint, Godot.NativeInterop.godot_string_name*, Godot.NativeInterop.godot_variant**, int, Godot.NativeInterop.godot_variant_call_error*, Godot.NativeInterop.godot_variant*) (/root/godot/modules/mono/glue/GodotSharp/GodotSharp/Core/Bridge/CSharpInstanceBridge.cs:24)
act1-snow-exclusions: corridors=92 solids=3574 footprints=96 totalCorridors=92
act1-snow-mass: drifts=12 vertices=2124 band=0,12 heightMin=0,18 heightMax=0,4
act1-street-banks: reworked=50 apertures=2 corridorCrossings=0 unparsed=0 corridors=92 solids=3574 footprints=96
act1-snow-relief: clipped meshes=14 triangles=662 solids=672 addedVertices=1743
act1-snow-elevation: meshes=109 levels=35 band=0,12 riseMin=-1,519 riseMax=4,777
act1-street-banks: reworked=0 apertures=0 corridorCrossings=0 unparsed=0 corridors=159 solids=3574 footprints=96
act1-street-banks: reworked=0 apertures=0 corridorCrossings=0 unparsed=0 corridors=182 solids=3574 footprints=96
SaveGameV3 written to C:\Users\ruste\AppData\Roaming\Godot\app_userdata\URMAN\savegames\checkpoint.savegame-v3.json
checkpoint: auto-saved at urman.chapter1:scene/arrival_vehicle_dusk
act1-footstep-lag-profile: {"probe":"act1-footstep-lag-profile","result":"data_complete","route_complete":true,"route_steps":{"road_band":33,"offroad":16},"elapsed_ms":13277.61,"frame_count":260,"step_interval_m":0.55,"preset":"medium","display_driver":"Windows","adapter":"NVIDIA GeForce GTX 970","route":{"outbound_offroad_m":4,"road_return_m":2.2,"transitions":[{"ElapsedMs":0,"Phase":"road_outbound","X":0,"Z":9,"RoadDistance":0,"RoadHalfWidth":2.25},{"ElapsedMs":8311.942,"Phase":"offroad_outbound","X":-4.272255,"Z":2.8810437,"RoadDistance":2.08143934678014,"RoadHalfWidth":1.399999976158142},{"ElapsedMs":9591.964,"Phase":"turn_for_return","X":-3.5675135,"Z":6.924724,"RoadDistance":3.443309119068221,"RoadHalfWidth":2.25},{"ElapsedMs":11336.008,"Phase":"offroad_return","X":-3.5675135,"Z":6.924724,"RoadDistance":3.443309119068221,"RoadHalfWidth":2.25},{"ElapsedMs":12613.242,"Phase":"road_return","X":-4.023795,"Z":2.6433544,"RoadDistance":1.9514963799418912,"RoadHalfWidth":1.399999976158142},{"ElapsedMs":13277.61,"Phase":"complete","X":-4.3197427,"Z":0.39542264,"RoadDistance":0.2047676345171519,"RoadHalfWidth":1.399999976158142}],"end":{"x":-4.3197427,"z":0.39542264}},"segment_definition":"continuous phase \u002B packed-band/offroad; packed band uses road.Distance \u003C road.HalfWidth \u002B 0.6m, actual audio surface is recorded separately","segments":[{"id":1,"phase":"road_outbound","location":"packed_band","frames":147,"elapsed_ms":{"start":4.04,"end":8262.171},"position":{"start_x":0,"start_z":9,"end_x":-4.336501,"end_z":2.7377744},"step_trigger_count":29,"step_intervals_ms":{"samples":28,"median":159.10999999999967,"p95":770.1399999999994,"max":3031.1220000000003},"frame_wall_ms":{"samples":147,"median":47.927,"p95":88.845,"max":200.382},"process_monitor_ms":{"samples":147,"median":54.421,"p95":173.613,"max":173.613},"physics_monitor_ms":{"samples":147,"median":19.667,"p95":146.35999999999999,"max":146.35999999999999},"gc":{"gen0":20,"gen1":19,"gen2":5,"allocated_bytes":244929472},"snow":{"stamp_delta":29,"timed_update_frames":29,"update_ms":{"samples":29,"median":2.0144,"p95":15.5758,"max":16.9669},"redraw_ms":{"samples":29,"median":0.861,"p95":5.5173,"max":5.7207},"mesh_ms":{"samples":29,"median":1.0741,"p95":13.2339,"max":14.7575}},"last_step_surfaces":["snow_packed"]},{"id":2,"phase":"road_outbound","location":"offroad","frames":1,"elapsed_ms":{"start":8311.942,"end":8311.942},"position":{"start_x":-4.272255,"start_z":2.8810437,"end_x":-4.272255,"end_z":2.8810437},"step_trigger_count":1,"step_intervals_ms":{"samples":0,"median":null,"p95":null,"max":null},"frame_wall_ms":{"samples":1,"median":49.771,"p95":49.771,"max":49.771},"process_monitor_ms":{"samples":1,"median":109.731,"p95":109.731,"max":109.731},"physics_monitor_ms":{"samples":1,"median":29.958,"p95":29.958,"max":29.958},"gc":{"gen0":0,"gen1":0,"gen2":0,"allocated_bytes":500200},"snow":{"stamp_delta":0,"timed_update_frames":0,"update_ms":{"samples":0,"median":null,"p95":null,"max":null},"redraw_ms":{"samples":0,"median":null,"p95":null,"max":null},"mesh_ms":{"samples":0,"median":null,"p95":null,"max":null}},"last_step_surfaces":["snow_soft"]},{"id":3,"phase":"offroad_outbound","location":"offroad","frames":27,"elapsed_ms":{"start":8383.218,"end":9591.964},"position":{"start_x":-4.2069626,"start_z":3.025881,"end_x":-3.5675135,"end_z":6.924724},"step_trigger_count":7,"step_intervals_ms":{"samples":6,"median":174.40900000000147,"p95":182.6239999999998,"max":182.6239999999998},"frame_wall_ms":{"samples":27,"median":45.048,"p95":61.785,"max":71.276},"process_monitor_ms":{"samples":27,"median":111.116,"p95":111.116,"max":111.116},"physics_monitor_ms":{"samples":27,"median":18.916999999999998,"p95":27.841,"max":27.841},"gc":{"gen0":3,"gen1":3,"gen2":1,"allocated_bytes":28083144},"snow":{"stamp_delta":8,"timed_update_frames":8,"update_ms":{"samples":8,"median":1.9324,"p95":21.9369,"max":21.9369},"redraw_ms":{"samples":8,"median":0.8473,"p95":6.356,"max":6.356},"mesh_ms":{"samples":8,"median":1.0948,"p95":21.0914,"max":21.0914}},"last_step_surfaces":["snow_soft"]},{"id":4,"phase":"turn_for_return","location":"offroad","frames":47,"elapsed_ms":{"start":9632.933,"end":11336.008},"position":{"start_x":-3.5675135,"start_z":6.924724,"end_x":-3.5675135,"end_z":6.924724},"step_trigger_count":0,"step_intervals_ms":{"samples":0,"median":null,"p95":null,"max":null},"frame_wall_ms":{"samples":47,"median":35.988,"p95":47.248,"max":52.468},"process_monitor_ms":{"samples":47,"median":31.753999999999998,"p95":36.122,"max":36.122},"physics_monitor_ms":{"samples":47,"median":19.823,"p95":27.841,"max":27.841},"gc":{"gen0":2,"gen1":2,"gen2":0,"allocated_bytes":16485048},"snow":{"stamp_delta":0,"timed_update_frames":0,"update_ms":{"samples":0,"median":null,"p95":null,"max":null},"redraw_ms":{"samples":0,"median":null,"p95":null,"max":null},"mesh_ms":{"samples":0,"median":null,"p95":null,"max":null}},"last_step_surfaces":["snow_soft"]},{"id":5,"phase":"offroad_return","location":"offroad","frames":24,"elapsed_ms":{"start":11384.029,"end":12564.413},"position":{"start_x":-3.5880032,"start_z":6.756039,"end_x":-4.001587,"end_z":2.8120406},"step_trigger_count":8,"step_intervals_ms":{"samples":7,"median":154.45399999999972,"p95":197.6939999999995,"max":197.6939999999995},"frame_wall_ms":{"samples":24,"median":50.557,"p95":59.122,"max":63.807},"process_monitor_ms":{"samples":24,"median":33.9,"p95":36.631,"max":36.631},"physics_monitor_ms":{"samples":24,"median":18.634999999999998,"p95":19.483,"max":19.483},"gc":{"gen0":1,"gen1":1,"gen2":0,"allocated_bytes":17010400},"snow":{"stamp_delta":8,"timed_update_frames":8,"update_ms":{"samples":8,"median":1.8764,"p95":8.2819,"max":8.2819},"redraw_ms":{"samples":8,"median":0.8525,"p95":0.9417,"max":0.9417},"mesh_ms":{"samples":8,"median":1.0776,"p95":7.339,"max":7.339}},"last_step_surfaces":["snow_soft"]},{"id":6,"phase":"offroad_return","location":"packed_band","frames":1,"elapsed_ms":{"start":12613.242,"end":12613.242},"position":{"start_x":-4.023795,"start_z":2.6433544,"end_x":-4.023795,"end_z":2.6433544},"step_trigger_count":0,"step_intervals_ms":{"samples":0,"median":null,"p95":null,"max":null},"frame_wall_ms":{"samples":1,"median":48.829,"p95":48.829,"max":48.829},"process_monitor_ms":{"samples":1,"median":36.631,"p95":36.631,"max":36.631},"physics_monitor_ms":{"samples":1,"median":19.483,"p95":19.483,"max":19.483},"gc":{"gen0":0,"gen1":0,"gen2":0,"allocated_bytes":483800},"snow":{"stamp_delta":0,"timed_update_frames":0,"update_ms":{"samples":0,"median":null,"p95":null,"max":null},"redraw_ms":{"samples":0,"median":null,"p95":null,"max":null},"mesh_ms":{"samples":0,"median":null,"p95":null,"max":null}},"last_step_surfaces":["snow_soft"]},{"id":7,"phase":"road_return","location":"packed_band","frames":13,"elapsed_ms":{"start":12676.051,"end":13277.61},"position":{"start_x":-4.046004,"start_z":2.474666,"end_x":-4.3197427,"end_z":0.39542264},"step_trigger_count":4,"step_intervals_ms":{"samples":3,"median":153.51100000000042,"p95":193.88700000000063,"max":193.88700000000063},"frame_wall_ms":{"samples":13,"median":48.894,"p95":62.809,"max":62.809},"process_monitor_ms":{"samples":13,"median":36.631,"p95":36.631,"max":36.631},"physics_monitor_ms":{"samples":13,"median":19.483,"p95":19.483,"max":19.483},"gc":{"gen0":1,"gen1":1,"gen2":0,"allocated_bytes":6684624},"snow":{"stamp_delta":4,"timed_update_frames":4,"update_ms":{"samples":4,"median":1.9633,"p95":9.8016,"max":9.8016},"redraw_ms":{"samples":4,"median":0.9105,"p95":7.2532,"max":7.2532},"mesh_ms":{"samples":4,"median":1.0682,"p95":2.5465,"max":2.5465}},"last_step_surfaces":["snow_soft","snow_packed"]}],"step_events":[{"FrameIndex":2,"StampDelta":1,"SnowUpdateMs":16.9669,"SnowRedrawMs":5.7207,"SnowMeshMs":11.2389,"TriggerCount":1,"TriggerDelta":1,"ElapsedMs":196.013,"Phase":0,"SegmentId":1,"PackedBand":true,"Surface":"snow_packed","X":0.00016207175,"Z":8.150495,"Speed":3.4,"GapFromPreviousMs":null,"SameSegmentAsPrevious":false,"PlaybackPlaying":true,"HasStreamPlayback":true,"PlaybackPosition":0.00290249427780509,"CumulativePathMeters":0.8495054841041565,"MovementSincePreviousStep":{"from_event_frame":null,"to_event_frame":2,"sampled_frames":3,"elapsed_ms":196.013,"xz_chord_meters":0.8495054,"xz_path_meters":0.8495054841041565,"cumulative_xz_path_meters":0.8495054841041565,"max_frame_xz_displacement_meters":0.45321178436279297,"zero_displacement_frames":1,"reset_gate_frame_counts":{"off_floor":0,"modal":0,"ladder":0,"vehicle":0,"presentation_transform_revision_changed":0,"teleport_threshold_exceeded":0},"frame_trace":null}},{"FrameIndex":3,"StampDelta":1,"SnowUpdateMs":0.8064,"SnowRedrawMs":0.8006,"SnowMeshMs":0.0045,"TriggerCount":2,"TriggerDelta":1,"ElapsedMs":267.812,"Phase":0,"SegmentId":1,"PackedBand":true,"Surface":"snow_packed","X":0.0003408901,"Z":7.8107877,"Speed":3.4,"GapFromPreviousMs":71.799,"SameSegmentAsPrevious":true,"PlaybackPlaying":true,"HasStreamPlayback":true,"PlaybackPosition":0.00290249427780509,"CumulativePathMeters":1.1892124116420746,"MovementSincePreviousStep":{"from_event_frame":2,"to_event_frame":3,"sampled_frames":1,"elapsed_ms":71.799,"xz_chord_meters":0.33970693,"xz_path_meters":0.3397069275379181,"cumulative_xz_path_meters":1.1892124116420746,"max_frame_xz_displacement_meters":0.3397069275379181,"zero_displacement_frames":0,"reset_gate_frame_counts":{"off_floor":0,"modal":0,"ladder":0,"vehicle":0,"presentation_transform_revision_changed":0,"teleport_threshold_exceeded":0},"frame_trace":null}},{"FrameIndex":6,"StampDelta":1,"SnowUpdateMs":11.7687,"SnowRedrawMs":0.817,"SnowMeshMs":10.9503,"TriggerCount":3,"TriggerDelta":1,"ElapsedMs":445.731,"Phase":0,"SegmentId":1,"PackedBand":true,"Surface":"snow_packed","X":0.00069211563,"Z":7.2449303,"Speed":3.4,"GapFromPreviousMs":177.91899999999998,"SameSegmentAsPrevious":true,"PlaybackPlaying":true,"HasStreamPlayback":true,"PlaybackPosition":0.00290249427780509,"CumulativePathMeters":1.7550699263811111,"MovementSincePreviousStep":{"from_event_frame":3,"to_event_frame":6,"sampled_frames":3,"elapsed_ms":177.91899999999998,"xz_chord_meters":0.5658575,"xz_path_meters":0.5658575147390366,"cumulative_xz_path_meters":1.7550699263811111,"max_frame_xz_displacement_meters":0.226413294672966,"zero_displacement_frames":0,"reset_gate_frame_counts":{"off_floor":0,"modal":0,"ladder":0,"vehicle":0,"presentation_transform_revision_changed":0,"teleport_threshold_exceeded":0},"frame_trace":null}},{"FrameIndex":9,"StampDelta":1,"SnowUpdateMs":1.2853,"SnowRedrawMs":1.2756,"SnowMeshMs":0.0081,"TriggerCount":4,"TriggerDelta":1,"ElapsedMs":596.017,"Phase":0,"SegmentId":1,"PackedBand":true,"Surface":"snow_packed","X":0.0008046883,"Z":6.680092,"Speed":3.4,"GapFromPreviousMs":150.28600000000006,"SameSegmentAsPrevious":true,"PlaybackPlaying":true,"HasStreamPlayback":true,"PlaybackPosition":0.00290249427780509,"CumulativePathMeters":2.3199083656072617,"MovementSincePreviousStep":{"from_event_frame":6,"to_event_frame":9,"sampled_frames":3,"elapsed_ms":150.28600000000006,"xz_chord_meters":0.5648384,"xz_path_meters":0.5648384392261505,"cumulative_xz_path_meters":2.3199083656072617,"max_frame_xz_displacement_meters":0.22617104649543762,"zero_displacement_frames":0,"reset_gate_frame_counts":{"off_floor":0,"modal":0,"ladder":0,"vehicle":0,"presentation_transform_revision_changed":0,"teleport_threshold_exceeded":0},"frame_trace":null}},{"FrameIndex":12,"StampDelta":1,"SnowUpdateMs":10.3398,"SnowRedrawMs":0.8395,"SnowMeshMs":9.4989,"TriggerCount":5,"TriggerDelta":1,"ElapsedMs":752.7,"Phase":0,"SegmentId":1,"PackedBand":true,"Surface":"snow_packed","X":0.0008029712,"Z":6.172094,"Speed":3.4,"GapFromPreviousMs":156.683,"SameSegmentAsPrevious":true,"PlaybackPlaying":true,"HasStreamPlayback":true,"PlaybackPosition":0.00290249427780509,"CumulativePathMeters":2.8279063552618027,"MovementSincePreviousStep":{"from_event_frame":9,"to_event_frame":12,"sampled_frames":3,"elapsed_ms":156.683,"xz_chord_meters":0.507998,"xz_path_meters":0.507997989654541,"cumulative_xz_path_meters":2.8279063552618027,"max_frame_xz_displacement_meters":0.16933345794677734,"zero_displacement_frames":0,"reset_gate_frame_counts":{"off_floor":0,"modal":0,"ladder":0,"vehicle":0,"presentation_transform_revision_changed":0,"teleport_threshold_exceeded":0},"frame_trace":null}},{"FrameIndex":15,"StampDelta":1,"SnowUpdateMs":0.8631,"SnowRedrawMs":0.855,"SnowMeshMs":0.0066,"TriggerCount":6,"TriggerDelta":1,"ElapsedMs":911.683,"Phase":0,"SegmentId":1,"PackedBand":true,"Surface":"snow_packed","X":0.00067931454,"Z":5.607696,"Speed":3.4,"GapFromPreviousMs":158.98299999999995,"SameSegmentAsPrevious":true,"PlaybackPlaying":true,"HasStreamPlayback":true,"PlaybackPosition":0.00290249427780509,"CumulativePathMeters":3.3923041969537735,"MovementSincePreviousStep":{"from_event_frame":12,"to_event_frame":15,"sampled_frames":3,"elapsed_ms":158.98299999999995,"xz_chord_meters":0.5643979,"xz_path_meters":0.5643978416919708,"cumulative_xz_path_meters":3.3923041969537735,"max_frame_xz_displacement_meters":0.22578048706054688,"zero_displacement_frames":0,"reset_gate_frame_counts":{"off_floor":0,"modal":0,"ladder":0,"vehicle":0,"presentation_transform_revision_changed":0,"teleport_threshold_exceeded":0},"frame_trace":null}},{"FrameIndex":18,"StampDelta":0,"SnowUpdateMs":null,"SnowRedrawMs":null,"SnowMeshMs":null,"TriggerCount":7,"TriggerDelta":1,"ElapsedMs":1051.247,"Phase":0,"SegmentId":1,"PackedBand":true,"Surface":"snow_packed","X":0.0008038991,"Z":5.09874,"Speed":3.4,"GapFromPreviousMs":139.56400000000008,"SameSegmentAsPrevious":true,"PlaybackPlaying":true,"HasStreamPlayback":true,"PlaybackPosition":0.00290249427780509,"CumulativePathMeters":3.901260197162628,"MovementSincePreviousStep":{"from_event_frame":15,"to_event_frame":18,"sampled_frames":3,"elapsed_ms":139.56400000000008,"xz_chord_meters":0.50895596,"xz_path_meters":0.5089560002088547,"cumulative_xz_path_meters":3.901260197162628,"max_frame_xz_displacement_meters":0.16966105997562408,"zero_displacement_frames":0,"reset_gate_frame_counts":{"off_floor":0,"modal":0,"ladder":0,"vehicle":0,"presentation_transform_revision_changed":0,"teleport_threshold_exceeded":0},"frame_trace":null}},{"FrameIndex":21,"StampDelta":1,"SnowUpdateMs":0.8076,"SnowRedrawMs":0.8017,"SnowMeshMs":0.0046,"TriggerCount":8,"TriggerDelta":1,"ElapsedMs":1234.715,"Phase":0,"SegmentId":1,"PackedBand":true,"Surface":"snow_packed","X":0.00084629765,"Z":4.5332355,"Speed":3.4,"GapFromPreviousMs":183.46799999999985,"SameSegmentAsPrevious":true,"PlaybackPlaying":true,"HasStreamPlayback":true,"PlaybackPosition":0.00290249427780509,"CumulativePathMeters":4.466764748096466,"MovementSincePreviousStep":{"from_event_frame":18,"to_event_frame":21,"sampled_frames":3,"elapsed_ms":183.46799999999985,"xz_chord_meters":0.56550455,"xz_path_meters":0.5655045509338379,"cumulative_xz_path_meters":4.466764748096466,"max_frame_xz_displacement_meters":0.22620105743408203,"zero_displacement_frames":0,"reset_gate_frame_counts":{"off_floor":0,"modal":0,"ladder":0,"vehicle":0,"presentation_transform_revision_changed":0,"teleport_threshold_exceeded":0},"frame_trace":null}},{"FrameIndex":24,"StampDelta":0,"SnowUpdateMs":null,"SnowRedrawMs":null,"SnowMeshMs":null,"TriggerCount":9,"TriggerDelta":1,"ElapsedMs":1376.378,"Phase":0,"SegmentId":1,"PackedBand":true,"Surface":"snow_packed","X":0.0008930984,"Z":4.0242825,"Speed":3.4,"GapFromPreviousMs":141.663,"SameSegmentAsPrevious":true,"PlaybackPlaying":true,"HasStreamPlayback":true,"PlaybackPosition":0.00290249427780509,"CumulativePathMeters":4.975717842578888,"MovementSincePreviousStep":{"from_event_frame":21,"to_event_frame":24,"sampled_frames":3,"elapsed_ms":141.663,"xz_chord_meters":0.5089531,"xz_path_meters":0.5089530944824219,"cumulative_xz_path_meters":4.975717842578888,"max_frame_xz_displacement_meters":0.16965246200561523,"zero_displacement_frames":0,"reset_gate_frame_counts":{"off_floor":0,"modal":0,"ladder":0,"vehicle":0,"presentation_transform_revision_changed":0,"teleport_threshold_exceeded":0},"frame_trace":null}},{"FrameIndex":28,"StampDelta":1,"SnowUpdateMs":10.8709,"SnowRedrawMs":4.1537,"SnowMeshMs":6.715,"TriggerCount":10,"TriggerDelta":1,"ElapsedMs":1587.997,"Phase":0,"SegmentId":1,"PackedBand":true,"Surface":"snow_packed","X":0.0010333387,"Z":3.3451226,"Speed":3.4,"GapFromPreviousMs":211.61900000000014,"SameSegmentAsPrevious":true,"PlaybackPlaying":true,"HasStreamPlayback":true,"PlaybackPosition":0.00290249427780509,"CumulativePathMeters":5.654877752065659,"MovementSincePreviousStep":{"from_event_frame":24,"to_event_frame":28,"sampled_frames":4,"elapsed_ms":211.61900000000014,"xz_chord_meters":0.6791599,"xz_path_meters":0.6791599094867706,"cumulative_xz_path_meters":5.654877752065659,"max_frame_xz_displacement_meters":0.169862762093544,"zero_displacement_frames":0,"reset_gate_frame_counts":{"off_floor":0,"modal":0,"ladder":0,"vehicle":0,"presentation_transform_revision_changed":0,"teleport_threshold_exceeded":0},"frame_trace":null}},{"FrameIndex":30,"StampDelta":0,"SnowUpdateMs":null,"SnowRedrawMs":null,"SnowMeshMs":null,"TriggerCount":11,"TriggerDelta":1,"ElapsedMs":1699.102,"Phase":0,"SegmentId":1,"PackedBand":true,"Surface":"snow_packed","X":0.0010480288,"Z":2.9488797,"Speed":3.4,"GapFromPreviousMs":111.10500000000002,"SameSegmentAsPrevious":true,"PlaybackPlaying":true,"HasStreamPlayback":true,"PlaybackPosition":0.00290249427780509,"CumulativePathMeters":6.051120638847351,"MovementSincePreviousStep":{"from_event_frame":28,"to_event_frame":30,"sampled_frames":2,"elapsed_ms":111.10500000000002,"xz_chord_meters":0.39624286,"xz_path_meters":0.3962428867816925,"cumulative_xz_path_meters":6.051120638847351,"max_frame_xz_displacement_meters":0.22644497454166412,"zero_displacement_frames":0,"reset_gate_frame_counts":{"off_floor":0,"modal":0,"ladder":0,"vehicle":0,"presentation_transform_revision_changed":0,"teleport_threshold_exceeded":0},"frame_trace":null}},{"FrameIndex":34,"StampDelta":1,"SnowUpdateMs":12.3158,"SnowRedrawMs":0.8193,"SnowMeshMs":11.4951,"TriggerCount":12,"TriggerDelta":1,"ElapsedMs":1907.516,"Phase":0,"SegmentId":1,"PackedBand":true,"Surface":"snow_packed","X":1.33026915E-05,"Z":2.2699242,"Speed":3.4,"GapFromPreviousMs":208.414,"SameSegmentAsPrevious":true,"PlaybackPlaying":true,"HasStreamPlayback":true,"PlaybackPosition":0.00290249427780509,"CumulativePathMeters":6.7300769835710526,"MovementSincePreviousStep":{"from_event_frame":30,"to_event_frame":34,"sampled_frames":4,"elapsed_ms":208.414,"xz_chord_meters":0.67895633,"xz_path_meters":0.6789563447237015,"cumulative_xz_path_meters":6.7300769835710526,"max_frame_xz_displacement_meters":0.16973967850208282,"zero_displacement_frames":0,"reset_gate_frame_counts":{"off_floor":0,"modal":0,"ladder":0,"vehicle":0,"presentation_transform_revision_changed":0,"teleport_threshold_exceeded":0},"frame_trace":null}},{"FrameIndex":37,"StampDelta":1,"SnowUpdateMs":0.8494,"SnowRedrawMs":0.8394,"SnowMeshMs":0.0084,"TriggerCount":13,"TriggerDelta":1,"ElapsedMs":2046.661,"Phase":0,"SegmentId":1,"PackedBand":true,"Surface":"snow_packed","X":-0.00028781613,"Z":1.7602451,"Speed":3.4,"GapFromPreviousMs":139.14499999999998,"SameSegmentAsPrevious":true,"PlaybackPlaying":true,"HasStreamPlayback":true,"PlaybackPosition":0.00290249427780509,"CumulativePathMeters":7.239756256341934,"MovementSincePreviousStep":{"from_event_frame":34,"to_event_frame":37,"sampled_frames":3,"elapsed_ms":139.14499999999998,"xz_chord_meters":0.5096792,"xz_path_meters":0.5096792727708817,"cumulative_xz_path_meters":7.239756256341934,"max_frame_xz_displacement_meters":0.17000985145568848,"zero_displacement_frames":0,"reset_gate_frame_counts":{"off_floor":0,"modal":0,"ladder":0,"vehicle":0,"presentation_transform_revision_changed":0,"teleport_threshold_exceeded":0},"frame_trace":null}},{"FrameIndex":40,"StampDelta":0,"SnowUpdateMs":null,"SnowRedrawMs":null,"SnowMeshMs":null,"TriggerCount":14,"TriggerDelta":1,"ElapsedMs":2184.103,"Phase":0,"SegmentId":1,"PackedBand":true,"Surface":"snow_packed","X":-0.00028781613,"Z":1.2502337,"Speed":3.4,"GapFromPreviousMs":137.442,"SameSegmentAsPrevious":true,"PlaybackPlaying":true,"HasStreamPlayback":true,"PlaybackPosition":0.00290249427780509,"CumulativePathMeters":7.749767690896988,"MovementSincePreviousStep":{"from_event_frame":37,"to_event_frame":40,"sampled_frames":3,"elapsed_ms":137.442,"xz_chord_meters":0.51001143,"xz_path_meters":0.5100114345550537,"cumulative_xz_path_meters":7.749767690896988,"max_frame_xz_displacement_meters":0.17000460624694824,"zero_displacement_frames":0,"reset_gate_frame_counts":{"off_floor":0,"modal":0,"ladder":0,"vehicle":0,"presentation_transform_revision_changed":0,"teleport_threshold_exceeded":0},"frame_trace":null}},{"FrameIndex":44,"StampDelta":1,"SnowUpdateMs":0.8321,"SnowRedrawMs":0.8266,"SnowMeshMs":0.004,"TriggerCount":15,"TriggerDelta":1,"ElapsedMs":2375.851,"Phase":0,"SegmentId":1,"PackedBand":true,"Surface":"snow_packed","X":-0.0008035841,"Z":0.62721366,"Speed":3.4,"GapFromPreviousMs":191.74800000000005,"SameSegmentAsPrevious":true,"PlaybackPlaying":true,"HasStreamPlayback":true,"PlaybackPosition":0.00290249427780509,"CumulativePathMeters":8.372788161039352,"MovementSincePreviousStep":{"from_event_frame":40,"to_event_frame":44,"sampled_frames":4,"elapsed_ms":191.74800000000005,"xz_chord_meters":0.62302023,"xz_path_meters":0.6230204701423645,"cumulative_xz_path_meters":8.372788161039352,"max_frame_xz_displacement_meters":0.1700015664100647,"zero_displacement_frames":0,"reset_gate_frame_counts":{"off_floor":0,"modal":0,"ladder":0,"vehicle":0,"presentation_transform_revision_changed":0,"teleport_threshold_exceeded":0},"frame_trace":null}},{"FrameIndex":47,"StampDelta":0,"SnowUpdateMs":null,"SnowRedrawMs":null,"SnowMeshMs":null,"TriggerCount":16,"TriggerDelta":1,"ElapsedMs":2508.438,"Phase":0,"SegmentId":1,"PackedBand":true,"Surface":"snow_packed","X":-0.0014010913,"Z":0.17426324,"Speed":3.4,"GapFromPreviousMs":132.587,"SameSegmentAsPrevious":true,"PlaybackPlaying":true,"HasStreamPlayback":true,"PlaybackPosition":0.00290249427780509,"CumulativePathMeters":8.82573913037777,"MovementSincePreviousStep":{"from_event_frame":44,"to_event_frame":47,"sampled_frames":3,"elapsed_ms":132.587,"xz_chord_meters":0.4529508,"xz_path_meters":0.45295096933841705,"cumulative_xz_path_meters":8.82573913037777,"max_frame_xz_displacement_meters":0.1698208749294281,"zero_displacement_frames":0,"reset_gate_frame_counts":{"off_floor":0,"modal":0,"ladder":0,"vehicle":0,"presentation_transform_revision_changed":0,"teleport_threshold_exceeded":0},"frame_trace":null}},{"FrameIndex":50,"StampDelta":1,"SnowUpdateMs":0.8768,"SnowRedrawMs":0.8641,"SnowMeshMs":0.0066,"TriggerCount":17,"TriggerDelta":1,"ElapsedMs":2709.534,"Phase":0,"SegmentId":1,"PackedBand":true,"Surface":"snow_packed","X":-0.114528805,"Z":-0.43608117,"Speed":3.4,"GapFromPreviousMs":201.096,"SameSegmentAsPrevious":true,"PlaybackPlaying":true,"HasStreamPlayback":true,"PlaybackPosition":0.00290249427780509,"CumulativePathMeters":9.449066892266273,"MovementSincePreviousStep":{"from_event_frame":47,"to_event_frame":50,"sampled_frames":3,"elapsed_ms":201.096,"xz_chord_meters":0.62074006,"xz_path_meters":0.623327761888504,"cumulative_xz_path_meters":9.449066892266273,"max_frame_xz_displacement_meters":0.22668102383613586,"zero_displacement_frames":0,"reset_gate_frame_counts":{"off_floor":0,"modal":0,"ladder":0,"vehicle":0,"presentation_transform_revision_changed":0,"teleport_threshold_exceeded":0},"frame_trace":null}},{"FrameIndex":53,"StampDelta":1,"SnowUpdateMs":9.9699,"SnowRedrawMs":0.9334,"SnowMeshMs":9.0348,"TriggerCount":18,"TriggerDelta":1,"ElapsedMs":2884.785,"Phase":0,"SegmentId":1,"PackedBand":true,"Surface":"snow_packed","X":-0.4081995,"Z":-0.98476654,"Speed":3.4000006,"GapFromPreviousMs":175.25099999999975,"SameSegmentAsPrevious":true,"PlaybackPlaying":true,"HasStreamPlayback":true,"PlaybackPosition":0.00290249427780509,"CumulativePathMeters":10.07255794107914,"MovementSincePreviousStep":{"from_event_frame":50,"to_event_frame":53,"sampled_frames":3,"elapsed_ms":175.25099999999975,"xz_chord_meters":0.6223328,"xz_path_meters":0.6234910488128662,"cumulative_xz_path_meters":10.07255794107914,"max_frame_xz_displacement_meters":0.2267274409532547,"zero_displacement_frames":0,"reset_gate_frame_counts":{"off_floor":0,"modal":0,"ladder":0,"vehicle":0,"presentation_transform_revision_changed":0,"teleport_threshold_exceeded":0},"frame_trace":null}},{"FrameIndex":108,"StampDelta":1,"SnowUpdateMs":3.0051,"SnowRedrawMs":3.0002,"SnowMeshMs":0.0034,"TriggerCount":19,"TriggerDelta":1,"ElapsedMs":5915.907,"Phase":0,"SegmentId":1,"PackedBand":true,"Surface":"snow_packed","X":-0.89468485,"Z":-0.9800499,"Speed":3.4,"GapFromPreviousMs":3031.1220000000003,"SameSegmentAsPrevious":true,"PlaybackPlaying":true,"HasStreamPlayback":true,"PlaybackPosition":0.00290249427780509,"CumulativePathMeters":10.60194148141295,"MovementSincePreviousStep":{"from_event_frame":53,"to_event_frame":108,"sampled_frames":55,"elapsed_ms":3031.1220000000003,"xz_chord_meters":0.48650822,"xz_path_meters":0.5293835403338107,"cumulative_xz_path_meters":10.60194148141295,"max_frame_xz_displacement_meters":0.16987714171409607,"zero_displacement_frames":51,"reset_gate_frame_counts":{"off_floor":0,"modal":0,"ladder":0,"vehicle":0,"presentation_transform_revision_changed":0,"teleport_threshold_exceeded":0},"frame_trace":[{"frame":54,"ElapsedMs":2937.315,"FrameMs":52.53,"X":-0.4480667,"Z":-1.0498726,"DisplacementX":-0.039867222,"DisplacementZ":-0.065106094,"FrameDisplacementMeters":0.0763426423072815,"CumulativePathMeters":10.148900583386421,"velocity_speed":3.4000006,"OnFloor":true,"ModalOpen":false,"ClimbingLadder":false,"VehicleControlled":false,"PresentationTransformRevision":1,"PresentationTransformRevisionChanged":false,"TeleportThresholdMeters":0.5533334612846375,"TeleportThresholdExceeded":false,"Surface":"snow_packed","TriggerDelta":0,"StampDelta":0},{"frame":55,"ElapsedMs":2985.077,"FrameMs":47.762,"X":-0.4480667,"Z":-1.0498726,"DisplacementX":0,"DisplacementZ":0,"FrameDisplacementMeters":0,"CumulativePathMeters":10.148900583386421,"velocity_speed":3.4000006,"OnFloor":true,"ModalOpen":false,"ClimbingLadder":false,"VehicleControlled":false,"PresentationTransformRevision":1,"PresentationTransformRevisionChanged":false,"TeleportThresholdMeters":0.5,"TeleportThresholdExceeded":false,"Surface":"snow_packed","TriggerDelta":0,"StampDelta":0},{"frame":56,"ElapsedMs":3034.587,"FrameMs":49.51,"X":-0.4480667,"Z":-1.0498726,"DisplacementX":0,"DisplacementZ":0,"FrameDisplacementMeters":0,"CumulativePathMeters":10.148900583386421,"velocity_speed":3.4000006,"OnFloor":true,"ModalOpen":false,"ClimbingLadder":false,"VehicleControlled":false,"PresentationTransformRevision":1,"PresentationTransformRevisionChanged":false,"TeleportThresholdMeters":0.5,"TeleportThresholdExceeded":false,"Surface":"snow_packed","TriggerDelta":0,"StampDelta":0},{"frame":57,"ElapsedMs":3081.171,"FrameMs":46.584,"X":-0.4480667,"Z":-1.0498726,"DisplacementX":0,"DisplacementZ":0,"FrameDisplacementMeters":0,"CumulativePathMeters":10.148900583386421,"velocity_speed":3.4000006,"OnFloor":true,"ModalOpen":false,"ClimbingLadder":false,"VehicleControlled":false,"PresentationTransformRevision":1,"PresentationTransformRevisionChanged":false,"TeleportThresholdMeters":0.5,"TeleportThresholdExceeded":false,"Surface":"snow_packed","TriggerDelta":0,"StampDelta":0},{"frame":58,"ElapsedMs":3131.053,"FrameMs":49.882,"X":-0.4480667,"Z":-1.0498726,"DisplacementX":0,"DisplacementZ":0,"FrameDisplacementMeters":0,"CumulativePathMeters":10.148900583386421,"velocity_speed":3.4000006,"OnFloor":true,"ModalOpen":false,"ClimbingLadder":false,"VehicleControlled":false,"PresentationTransformRevision":1,"PresentationTransformRevisionChanged":false,"TeleportThresholdMeters":0.5,"TeleportThresholdExceeded":false,"Surface":"snow_packed","TriggerDelta":0,"StampDelta":0},{"frame":59,"ElapsedMs":3174.536,"FrameMs":43.483,"X":-0.4480667,"Z":-1.0498726,"DisplacementX":0,"DisplacementZ":0,"FrameDisplacementMeters":0,"CumulativePathMeters":10.148900583386421,"velocity_speed":3.4000006,"OnFloor":true,"ModalOpen":false,"ClimbingLadder":false,"VehicleControlled":false,"PresentationTransformRevision":1,"PresentationTransformRevisionChanged":false,"TeleportThresholdMeters":0.5,"TeleportThresholdExceeded":false,"Surface":"snow_packed","TriggerDelta":0,"StampDelta":0},{"frame":60,"ElapsedMs":3221.348,"FrameMs":46.812,"X":-0.4480667,"Z":-1.0498726,"DisplacementX":0,"DisplacementZ":0,"FrameDisplacementMeters":0,"CumulativePathMeters":10.148900583386421,"velocity_speed":3.4000006,"OnFloor":true,"ModalOpen":false,"ClimbingLadder":false,"VehicleControlled":false,"PresentationTransformRevision":1,"PresentationTransformRevisionChanged":false,"TeleportThresholdMeters":0.5,"TeleportThresholdExceeded":false,"Surface":"snow_packed","TriggerDelta":0,"StampDelta":0},{"frame":61,"ElapsedMs":3271.179,"FrameMs":49.831,"X":-0.4480667,"Z":-1.0498726,"DisplacementX":0,"DisplacementZ":0,"FrameDisplacementMeters":0,"CumulativePathMeters":10.148900583386421,"velocity_speed":3.4000006,"OnFloor":true,"ModalOpen":false,"ClimbingLadder":false,"VehicleControlled":false,"PresentationTransformRevision":1,"PresentationTransformRevisionChanged":false,"TeleportThresholdMeters":0.5,"TeleportThresholdExceeded":false,"Surface":"snow_packed","TriggerDelta":0,"StampDelta":0},{"frame":62,"ElapsedMs":3318.983,"FrameMs":47.804,"X":-0.4480667,"Z":-1.0498726,"DisplacementX":0,"DisplacementZ":0,"FrameDisplacementMeters":0,"CumulativePathMeters":10.148900583386421,"velocity_speed":3.4000006,"OnFloor":true,"ModalOpen":false,"ClimbingLadder":false,"VehicleControlled":false,"PresentationTransformRevision":1,"PresentationTransformRevisionChanged":false,"TeleportThresholdMeters":0.5,"TeleportThresholdExceeded":false,"Surface":"snow_packed","TriggerDelta":0,"StampDelta":0},{"frame":63,"ElapsedMs":3368.154,"FrameMs":49.171,"X":-0.4480667,"Z":-1.0498726,"DisplacementX":0,"DisplacementZ":0,"FrameDisplacementMeters":0,"CumulativePathMeters":10.148900583386421,"velocity_speed":3.4000006,"OnFloor":true,"ModalOpen":false,"ClimbingLadder":false,"VehicleControlled":false,"PresentationTransformRevision":1,"PresentationTransformRevisionChanged":false,"TeleportThresholdMeters":0.5,"TeleportThresholdExceeded":false,"Surface":"snow_packed","TriggerDelta":0,"StampDelta":0},{"frame":64,"ElapsedMs":3428.03,"FrameMs":59.876,"X":-0.4480667,"Z":-1.0498726,"DisplacementX":0,"DisplacementZ":0,"FrameDisplacementMeters":0,"CumulativePathMeters":10.148900583386421,"velocity_speed":3.4000006,"OnFloor":true,"ModalOpen":false,"ClimbingLadder":false,"VehicleControlled":false,"PresentationTransformRevision":1,"PresentationTransformRevisionChanged":false,"TeleportThresholdMeters":0.5,"TeleportThresholdExceeded":false,"Surface":"snow_packed","TriggerDelta":0,"StampDelta":0},{"frame":65,"ElapsedMs":3476.529,"FrameMs":48.499,"X":-0.4480667,"Z":-1.0498726,"DisplacementX":0,"DisplacementZ":0,"FrameDisplacementMeters":0,"CumulativePathMeters":10.148900583386421,"velocity_speed":3.4000006,"OnFloor":true,"ModalOpen":false,"ClimbingLadder":false,"VehicleControlled":false,"PresentationTransformRevision":1,"PresentationTransformRevisionChanged":false,"TeleportThresholdMeters":0.5,"TeleportThresholdExceeded":false,"Surface":"snow_packed","TriggerDelta":0,"StampDelta":0},{"frame":66,"ElapsedMs":3523.483,"FrameMs":46.954,"X":-0.4480667,"Z":-1.0498726,"DisplacementX":0,"DisplacementZ":0,"FrameDisplacementMeters":0,"CumulativePathMeters":10.148900583386421,"velocity_speed":3.4000006,"OnFloor":true,"ModalOpen":false,"ClimbingLadder":false,"VehicleControlled":false,"PresentationTransformRevision":1,"PresentationTransformRevisionChanged":false,"TeleportThresholdMeters":0.5,"TeleportThresholdExceeded":false,"Surface":"snow_packed","TriggerDelta":0,"StampDelta":0},{"frame":67,"ElapsedMs":3571.309,"FrameMs":47.826,"X":-0.4480667,"Z":-1.0498726,"DisplacementX":0,"DisplacementZ":0,"FrameDisplacementMeters":0,"CumulativePathMeters":10.148900583386421,"velocity_speed":3.4000006,"OnFloor":true,"ModalOpen":false,"ClimbingLadder":false,"VehicleControlled":false,"PresentationTransformRevision":1,"PresentationTransformRevisionChanged":false,"TeleportThresholdMeters":0.5,"TeleportThresholdExceeded":false,"Surface":"snow_packed","TriggerDelta":0,"StampDelta":0},{"frame":68,"ElapsedMs":3762.427,"FrameMs":191.118,"X":-0.4480667,"Z":-1.0498726,"DisplacementX":0,"DisplacementZ":0,"FrameDisplacementMeters":0,"CumulativePathMeters":10.148900583386421,"velocity_speed":3.4000006,"OnFloor":true,"ModalOpen":false,"ClimbingLadder":false,"VehicleControlled":false,"PresentationTransformRevision":1,"PresentationTransformRevisionChanged":false,"TeleportThresholdMeters":0.5,"TeleportThresholdExceeded":false,"Surface":"snow_packed","TriggerDelta":0,"StampDelta":0},{"frame":69,"ElapsedMs":3832.902,"FrameMs":70.475,"X":-0.44807658,"Z":-1.0498823,"DisplacementX":-9.864569E-06,"DisplacementZ":-9.655952E-06,"FrameDisplacementMeters":1.3803881302010268E-05,"CumulativePathMeters":10.148914387267723,"velocity_speed":3.4,"OnFloor":true,"ModalOpen":false,"ClimbingLadder":false,"VehicleControlled":false,"PresentationTransformRevision":1,"PresentationTransformRevisionChanged":false,"TeleportThresholdMeters":1.1200001239776611,"TeleportThresholdExceeded":false,"Surface":"snow_packed","TriggerDelta":0,"StampDelta":0},{"frame":70,"ElapsedMs":3918.574,"FrameMs":85.672,"X":-0.44807932,"Z":-1.0498844,"DisplacementX":-2.7418137E-06,"DisplacementZ":-2.1457672E-06,"FrameDisplacementMeters":3.4816459901776398E-06,"CumulativePathMeters":10.148917868913713,"velocity_speed":3.4,"OnFloor":true,"ModalOpen":false,"ClimbingLadder":false,"VehicleControlled":false,"PresentationTransformRevision":1,"PresentationTransformRevisionChanged":false,"TeleportThresholdMeters":0.6666667461395264,"TeleportThresholdExceeded":false,"Surface":"snow_packed","TriggerDelta":0,"StampDelta":0},{"frame":71,"ElapsedMs":4118.956,"FrameMs":200.382,"X":-0.44807932,"Z":-1.0498844,"DisplacementX":0,"DisplacementZ":0,"FrameDisplacementMeters":0,"CumulativePathMeters":10.148917868913713,"velocity_speed":3.4,"OnFloor":true,"ModalOpen":false,"ClimbingLadder":false,"VehicleControlled":false,"PresentationTransformRevision":1,"PresentationTransformRevisionChanged":false,"TeleportThresholdMeters":0.7800000309944153,"TeleportThresholdExceeded":false,"Surface":"snow_packed","TriggerDelta":0,"StampDelta":0},{"frame":72,"ElapsedMs":4186.843,"FrameMs":67.887,"X":-0.44807932,"Z":-1.0498844,"DisplacementX":0,"DisplacementZ":0,"FrameDisplacementMeters":0,"CumulativePathMeters":10.148917868913713,"velocity_speed":3.4,"OnFloor":true,"ModalOpen":false,"ClimbingLadder":false,"VehicleControlled":false,"PresentationTransformRevision":1,"PresentationTransformRevisionChanged":false,"TeleportThresholdMeters":1.0680707693099976,"TeleportThresholdExceeded":false,"Surface":"snow_packed","TriggerDelta":0,"StampDelta":0},{"frame":73,"ElapsedMs":4253.09,"FrameMs":66.247,"X":-0.44807932,"Z":-1.0498844,"DisplacementX":0,"DisplacementZ":0,"FrameDisplacementMeters":0,"CumulativePathMeters":10.148917868913713,"velocity_speed":3.4,"OnFloor":true,"ModalOpen":false,"ClimbingLadder":false,"VehicleControlled":false,"PresentationTransformRevision":1,"PresentationTransformRevisionChanged":false,"TeleportThresholdMeters":0.6052626967430115,"TeleportThresholdExceeded":false,"Surface":"snow_packed","TriggerDelta":0,"StampDelta":0},{"frame":74,"ElapsedMs":4302.491,"FrameMs":49.401,"X":-0.44807932,"Z":-1.0498844,"DisplacementX":0,"DisplacementZ":0,"FrameDisplacementMeters":0,"CumulativePathMeters":10.148917868913713,"velocity_speed":3.4,"OnFloor":true,"ModalOpen":false,"ClimbingLadder":false,"VehicleControlled":false,"PresentationTransformRevision":1,"PresentationTransformRevisionChanged":false,"TeleportThresholdMeters":0.5533334016799927,"TeleportThresholdExceeded":false,"Surface":"snow_packed","TriggerDelta":0,"StampDelta":0},{"frame":75,"ElapsedMs":4348.642,"FrameMs":46.151,"X":-0.44807932,"Z":-1.0498844,"DisplacementX":0,"DisplacementZ":0,"FrameDisplacementMeters":0,"CumulativePathMeters":10.148917868913713,"velocity_speed":3.4,"OnFloor":true,"ModalOpen":false,"ClimbingLadder":false,"VehicleControlled":false,"PresentationTransformRevision":1,"PresentationTransformRevisionChanged":false,"TeleportThresholdMeters":0.5,"TeleportThresholdExceeded":false,"Surface":"snow_packed","TriggerDelta":0,"StampDelta":0},{"frame":76,"ElapsedMs":4388.74,"FrameMs":40.098,"X":-0.44807932,"Z":-1.0498844,"DisplacementX":0,"DisplacementZ":0,"FrameDisplacementMeters":0,"CumulativePathMeters":10.148917868913713,"velocity_speed":3.4,"OnFloor":true,"ModalOpen":false,"ClimbingLadder":false,"VehicleControlled":false,"PresentationTransformRevision":1,"PresentationTransformRevisionChanged":false,"TeleportThresholdMeters":0.5,"TeleportThresholdExceeded":false,"Surface":"snow_packed","TriggerDelta":0,"StampDelta":0},{"frame":77,"ElapsedMs":4434.594,"FrameMs":45.854,"X":-0.44807932,"Z":-1.0498844,"DisplacementX":0,"DisplacementZ":0,"FrameDisplacementMeters":0,"CumulativePathMeters":10.148917868913713,"velocity_speed":3.4,"OnFloor":true,"ModalOpen":false,"ClimbingLadder":false,"VehicleControlled":false,"PresentationTransformRevision":1,"PresentationTransformRevisionChanged":false,"TeleportThresholdMeters":0.5,"TeleportThresholdExceeded":false,"Surface":"snow_packed","TriggerDelta":0,"StampDelta":0},{"frame":78,"ElapsedMs":4480.501,"FrameMs":45.907,"X":-0.44807932,"Z":-1.0498844,"DisplacementX":0,"DisplacementZ":0,"FrameDisplacementMeters":0,"CumulativePathMeters":10.148917868913713,"velocity_speed":3.4,"OnFloor":true,"ModalOpen":false,"ClimbingLadder":false,"VehicleControlled":false,"PresentationTransformRevision":1,"PresentationTransformRevisionChanged":false,"TeleportThresholdMeters":0.5,"TeleportThresholdExceeded":false,"Surface":"snow_packed","TriggerDelta":0,"StampDelta":0},{"frame":79,"ElapsedMs":4521.213,"FrameMs":40.712,"X":-0.44807932,"Z":-1.0498844,"DisplacementX":0,"DisplacementZ":0,"FrameDisplacementMeters":0,"CumulativePathMeters":10.148917868913713,"velocity_speed":3.4,"OnFloor":true,"ModalOpen":false,"ClimbingLadder":false,"VehicleControlled":false,"PresentationTransformRevision":1,"PresentationTransformRevisionChanged":false,"TeleportThresholdMeters":0.5,"TeleportThresholdExceeded":false,"Surface":"snow_packed","TriggerDelta":0,"StampDelta":0},{"frame":80,"ElapsedMs":4566.283,"FrameMs":45.07,"X":-0.44807932,"Z":-1.0498844,"DisplacementX":0,"DisplacementZ":0,"FrameDisplacementMeters":0,"CumulativePathMeters":10.148917868913713,"velocity_speed":3.4,"OnFloor":true,"ModalOpen":false,"ClimbingLadder":false,"VehicleControlled":false,"PresentationTransformRevision":1,"PresentationTransformRevisionChanged":false,"TeleportThresholdMeters":0.5,"TeleportThresholdExceeded":false,"Surface":"snow_packed","TriggerDelta":0,"StampDelta":0},{"frame":81,"ElapsedMs":4606.361,"FrameMs":40.078,"X":-0.44807932,"Z":-1.0498844,"DisplacementX":0,"DisplacementZ":0,"FrameDisplacementMeters":0,"CumulativePathMeters":10.148917868913713,"velocity_speed":3.4,"OnFloor":true,"ModalOpen":false,"ClimbingLadder":false,"VehicleControlled":false,"PresentationTransformRevision":1,"PresentationTransformRevisionChanged":false,"TeleportThresholdMeters":0.5,"TeleportThresholdExceeded":false,"Surface":"snow_packed","TriggerDelta":0,"StampDelta":0},{"frame":82,"ElapsedMs":4650.505,"FrameMs":44.144,"X":-0.44807932,"Z":-1.0498844,"DisplacementX":0,"DisplacementZ":0,"FrameDisplacementMeters":0,"CumulativePathMeters":10.148917868913713,"velocity_speed":3.4,"OnFloor":true,"ModalOpen":false,"ClimbingLadder":false,"VehicleControlled":false,"PresentationTransformRevision":1,"PresentationTransformRevisionChanged":false,"TeleportThresholdMeters":0.5,"TeleportThresholdExceeded":false,"Surface":"snow_packed","TriggerDelta":0,"StampDelta":0},{"frame":83,"ElapsedMs":4692.325,"FrameMs":41.82,"X":-0.44807932,"Z":-1.0498844,"DisplacementX":0,"DisplacementZ":0,"FrameDisplacementMeters":0,"CumulativePathMeters":10.148917868913713,"velocity_speed":3.4,"OnFloor":true,"ModalOpen":false,"ClimbingLadder":false,"VehicleControlled":false,"PresentationTransformRevision":1,"PresentationTransformRevisionChanged":false,"TeleportThresholdMeters":0.5,"TeleportThresholdExceeded":false,"Surface":"snow_packed","TriggerDelta":0,"StampDelta":0},{"frame":84,"ElapsedMs":4737.769,"FrameMs":45.444,"X":-0.44807932,"Z":-1.0498844,"DisplacementX":0,"DisplacementZ":0,"FrameDisplacementMeters":0,"CumulativePathMeters":10.148917868913713,"velocity_speed":3.4000006,"OnFloor":true,"ModalOpen":false,"ClimbingLadder":false,"VehicleControlled":false,"PresentationTransformRevision":1,"PresentationTransformRevisionChanged":false,"TeleportThresholdMeters":0.5,"TeleportThresholdExceeded":false,"Surface":"snow_packed","TriggerDelta":0,"StampDelta":0},{"frame":85,"ElapsedMs":4794.073,"FrameMs":56.304,"X":-0.44807932,"Z":-1.0498844,"DisplacementX":0,"DisplacementZ":0,"FrameDisplacementMeters":0,"CumulativePathMeters":10.148917868913713,"velocity_speed":3.4000006,"OnFloor":true,"ModalOpen":false,"ClimbingLadder":false,"VehicleControlled":false,"PresentationTransformRevision":1,"PresentationTransformRevisionChanged":false,"TeleportThresholdMeters":0.5,"TeleportThresholdExceeded":false,"Surface":"snow_packed","TriggerDelta":0,"StampDelta":0},{"frame":86,"ElapsedMs":4882.527,"FrameMs":88.454,"X":-0.44807932,"Z":-1.0498844,"DisplacementX":0,"DisplacementZ":0,"FrameDisplacementMeters":0,"CumulativePathMeters":10.148917868913713,"velocity_speed":3.4000008,"OnFloor":true,"ModalOpen":false,"ClimbingLadder":false,"VehicleControlled":false,"PresentationTransformRevision":1,"PresentationTransformRevisionChanged":false,"TeleportThresholdMeters":0.6247733235359192,"TeleportThresholdExceeded":false,"Surface":"snow_packed","TriggerDelta":0,"StampDelta":0},{"frame":87,"ElapsedMs":4936.225,"FrameMs":53.698,"X":-0.44807932,"Z":-1.0498844,"DisplacementX":0,"DisplacementZ":0,"FrameDisplacementMeters":0,"CumulativePathMeters":10.148917868913713,"velocity_speed":3.4000008,"OnFloor":true,"ModalOpen":false,"ClimbingLadder":false,"VehicleControlled":false,"PresentationTransformRevision":1,"PresentationTransformRevisionChanged":false,"TeleportThresholdMeters":0.5,"TeleportThresholdExceeded":false,"Surface":"snow_packed","TriggerDelta":0,"StampDelta":0},{"frame":88,"ElapsedMs":4987.852,"FrameMs":51.627,"X":-0.44807932,"Z":-1.0498844,"DisplacementX":0,"DisplacementZ":0,"FrameDisplacementMeters":0,"CumulativePathMeters":10.148917868913713,"velocity_speed":3.4000006,"OnFloor":true,"ModalOpen":false,"ClimbingLadder":false,"VehicleControlled":false,"PresentationTransformRevision":1,"PresentationTransformRevisionChanged":false,"TeleportThresholdMeters":0.5,"TeleportThresholdExceeded":false,"Surface":"snow_packed","TriggerDelta":0,"StampDelta":0},{"frame":89,"ElapsedMs":5044.453,"FrameMs":56.601,"X":-0.44807932,"Z":-1.0498844,"DisplacementX":0,"DisplacementZ":0,"FrameDisplacementMeters":0,"CumulativePathMeters":10.148917868913713,"velocity_speed":3.4000006,"OnFloor":true,"ModalOpen":false,"ClimbingLadder":false,"VehicleControlled":false,"PresentationTransformRevision":1,"PresentationTransformRevisionChanged":false,"TeleportThresholdMeters":0.5,"TeleportThresholdExceeded":false,"Surface":"snow_packed","TriggerDelta":0,"StampDelta":0},{"frame":90,"ElapsedMs":5088.492,"FrameMs":44.039,"X":-0.44807932,"Z":-1.0498844,"DisplacementX":0,"DisplacementZ":0,"FrameDisplacementMeters":0,"CumulativePathMeters":10.148917868913713,"velocity_speed":3.4000006,"OnFloor":true,"ModalOpen":false,"ClimbingLadder":false,"VehicleControlled":false,"PresentationTransformRevision":1,"PresentationTransformRevisionChanged":false,"TeleportThresholdMeters":0.5,"TeleportThresholdExceeded":false,"Surface":"snow_packed","TriggerDelta":0,"StampDelta":0},{"frame":91,"ElapsedMs":5148.3,"FrameMs":59.808,"X":-0.44807932,"Z":-1.0498844,"DisplacementX":0,"DisplacementZ":0,"FrameDisplacementMeters":0,"CumulativePathMeters":10.148917868913713,"velocity_speed":3.4000006,"OnFloor":true,"ModalOpen":false,"ClimbingLadder":false,"VehicleControlled":false,"PresentationTransformRevision":1,"PresentationTransformRevisionChanged":false,"TeleportThresholdMeters":0.5,"TeleportThresholdExceeded":false,"Surface":"snow_packed","TriggerDelta":0,"StampDelta":0},{"frame":92,"ElapsedMs":5193.259,"FrameMs":44.959,"X":-0.44807932,"Z":-1.0498844,"DisplacementX":0,"DisplacementZ":0,"FrameDisplacementMeters":0,"CumulativePathMeters":10.148917868913713,"velocity_speed":3.4000006,"OnFloor":true,"ModalOpen":false,"ClimbingLadder":false,"VehicleControlled":false,"PresentationTransformRevision":1,"PresentationTransformRevisionChanged":false,"TeleportThresholdMeters":0.5,"TeleportThresholdExceeded":false,"Surface":"snow_packed","TriggerDelta":0,"StampDelta":0},{"frame":93,"ElapsedMs":5238.43,"FrameMs":45.171,"X":-0.44807932,"Z":-1.0498844,"DisplacementX":0,"DisplacementZ":0,"FrameDisplacementMeters":0,"CumulativePathMeters":10.148917868913713,"velocity_speed":3.4000006,"OnFloor":true,"ModalOpen":false,"ClimbingLadder":false,"VehicleControlled":false,"PresentationTransformRevision":1,"PresentationTransformRevisionChanged":false,"TeleportThresholdMeters":0.5,"TeleportThresholdExceeded":false,"Surface":"snow_packed","TriggerDelta":0,"StampDelta":0},{"frame":94,"ElapsedMs":5283.553,"FrameMs":45.123,"X":-0.44807932,"Z":-1.0498844,"DisplacementX":0,"DisplacementZ":0,"FrameDisplacementMeters":0,"CumulativePathMeters":10.148917868913713,"velocity_speed":3.4000006,"OnFloor":true,"ModalOpen":false,"ClimbingLadder":false,"VehicleControlled":false,"PresentationTransformRevision":1,"PresentationTransformRevisionChanged":false,"TeleportThresholdMeters":0.5,"TeleportThresholdExceeded":false,"Surface":"snow_packed","TriggerDelta":0,"StampDelta":0},{"frame":95,"ElapsedMs":5323.062,"FrameMs":39.509,"X":-0.44807932,"Z":-1.0498844,"DisplacementX":0,"DisplacementZ":0,"FrameDisplacementMeters":0,"CumulativePathMeters":10.148917868913713,"velocity_speed":3.4000006,"OnFloor":true,"ModalOpen":false,"ClimbingLadder":false,"VehicleControlled":false,"PresentationTransformRevision":1,"PresentationTransformRevisionChanged":false,"TeleportThresholdMeters":0.5,"TeleportThresholdExceeded":false,"Surface":"snow_packed","TriggerDelta":0,"StampDelta":0},{"frame":96,"ElapsedMs":5367.239,"FrameMs":44.177,"X":-0.44807932,"Z":-1.0498844,"DisplacementX":0,"DisplacementZ":0,"FrameDisplacementMeters":0,"CumulativePathMeters":10.148917868913713,"velocity_speed":3.4000006,"OnFloor":true,"ModalOpen":false,"ClimbingLadder":false,"VehicleControlled":false,"PresentationTransformRevision":1,"PresentationTransformRevisionChanged":false,"TeleportThresholdMeters":0.5,"TeleportThresholdExceeded":false,"Surface":"snow_packed","TriggerDelta":0,"StampDelta":0},{"frame":97,"ElapsedMs":5407.748,"FrameMs":40.509,"X":-0.44807932,"Z":-1.0498844,"DisplacementX":0,"DisplacementZ":0,"FrameDisplacementMeters":0,"CumulativePathMeters":10.148917868913713,"velocity_speed":3.4000006,"OnFloor":true,"ModalOpen":false,"ClimbingLadder":false,"VehicleControlled":false,"PresentationTransformRevision":1,"PresentationTransformRevisionChanged":false,"TeleportThresholdMeters":0.5,"TeleportThresholdExceeded":false,"Surface":"snow_packed","TriggerDelta":0,"StampDelta":0},{"frame":98,"ElapsedMs":5451.782,"FrameMs":44.034,"X":-0.44807932,"Z":-1.0498844,"DisplacementX":0,"DisplacementZ":0,"FrameDisplacementMeters":0,"CumulativePathMeters":10.148917868913713,"velocity_speed":3.4000006,"OnFloor":true,"ModalOpen":false,"ClimbingLadder":false,"VehicleControlled":false,"PresentationTransformRevision":1,"PresentationTransformRevisionChanged":false,"TeleportThresholdMeters":0.5,"TeleportThresholdExceeded":false,"Surface":"snow_packed","TriggerDelta":0,"StampDelta":0},{"frame":99,"ElapsedMs":5491.758,"FrameMs":39.976,"X":-0.44807932,"Z":-1.0498844,"DisplacementX":0,"DisplacementZ":0,"FrameDisplacementMeters":0,"CumulativePathMeters":10.148917868913713,"velocity_speed":3.4000006,"OnFloor":true,"ModalOpen":false,"ClimbingLadder":false,"VehicleControlled":false,"PresentationTransformRevision":1,"PresentationTransformRevisionChanged":false,"TeleportThresholdMeters":0.5,"TeleportThresholdExceeded":false,"Surface":"snow_packed","TriggerDelta":0,"StampDelta":0},{"frame":100,"ElapsedMs":5560.227,"FrameMs":68.469,"X":-0.44807932,"Z":-1.0498844,"DisplacementX":0,"DisplacementZ":0,"FrameDisplacementMeters":0,"CumulativePathMeters":10.148917868913713,"velocity_speed":3.4000006,"OnFloor":true,"ModalOpen":false,"ClimbingLadder":false,"VehicleControlled":false,"PresentationTransformRevision":1,"PresentationTransformRevisionChanged":false,"TeleportThresholdMeters":0.5,"TeleportThresholdExceeded":false,"Surface":"snow_packed","TriggerDelta":0,"StampDelta":0},{"frame":101,"ElapsedMs":5605.345,"FrameMs":45.118,"X":-0.44807932,"Z":-1.0498844,"DisplacementX":0,"DisplacementZ":0,"FrameDisplacementMeters":0,"CumulativePathMeters":10.148917868913713,"velocity_speed":3.4000006,"OnFloor":true,"ModalOpen":false,"ClimbingLadder":false,"VehicleControlled":false,"PresentationTransformRevision":1,"PresentationTransformRevisionChanged":false,"TeleportThresholdMeters":0.5,"TeleportThresholdExceeded":false,"Surface":"snow_packed","TriggerDelta":0,"StampDelta":0},{"frame":102,"ElapsedMs":5650.452,"FrameMs":45.107,"X":-0.44807932,"Z":-1.0498844,"DisplacementX":0,"DisplacementZ":0,"FrameDisplacementMeters":0,"CumulativePathMeters":10.148917868913713,"velocity_speed":3.4000006,"OnFloor":true,"ModalOpen":false,"ClimbingLadder":false,"VehicleControlled":false,"PresentationTransformRevision":1,"PresentationTransformRevisionChanged":false,"TeleportThresholdMeters":0.5,"TeleportThresholdExceeded":false,"Surface":"snow_packed","TriggerDelta":0,"StampDelta":0},{"frame":103,"ElapsedMs":5689.855,"FrameMs":39.403,"X":-0.44807932,"Z":-1.0498844,"DisplacementX":0,"DisplacementZ":0,"FrameDisplacementMeters":0,"CumulativePathMeters":10.148917868913713,"velocity_speed":3.4000006,"OnFloor":true,"ModalOpen":false,"ClimbingLadder":false,"VehicleControlled":false,"PresentationTransformRevision":1,"PresentationTransformRevisionChanged":false,"TeleportThresholdMeters":0.5,"TeleportThresholdExceeded":false,"Surface":"snow_packed","TriggerDelta":0,"StampDelta":0},{"frame":104,"ElapsedMs":5736.393,"FrameMs":46.538,"X":-0.44807932,"Z":-1.0498844,"DisplacementX":0,"DisplacementZ":0,"FrameDisplacementMeters":0,"CumulativePathMeters":10.148917868913713,"velocity_speed":3.4000006,"OnFloor":true,"ModalOpen":false,"ClimbingLadder":false,"VehicleControlled":false,"PresentationTransformRevision":1,"PresentationTransformRevisionChanged":false,"TeleportThresholdMeters":0.5,"TeleportThresholdExceeded":false,"Surface":"snow_packed","TriggerDelta":0,"StampDelta":0},{"frame":105,"ElapsedMs":5781.352,"FrameMs":44.959,"X":-0.44807932,"Z":-1.0498844,"DisplacementX":0,"DisplacementZ":0,"FrameDisplacementMeters":0,"CumulativePathMeters":10.148917868913713,"velocity_speed":3.4000006,"OnFloor":true,"ModalOpen":false,"ClimbingLadder":false,"VehicleControlled":false,"PresentationTransformRevision":1,"PresentationTransformRevisionChanged":false,"TeleportThresholdMeters":0.5,"TeleportThresholdExceeded":false,"Surface":"snow_packed","TriggerDelta":0,"StampDelta":0},{"frame":106,"ElapsedMs":5821.555,"FrameMs":40.203,"X":-0.56112885,"Z":-1.0427057,"DisplacementX":-0.11304954,"DisplacementZ":0.0071787834,"FrameDisplacementMeters":0.11327724158763885,"CumulativePathMeters":10.262195110501352,"velocity_speed":3.4000006,"OnFloor":true,"ModalOpen":false,"ClimbingLadder":false,"VehicleControlled":false,"PresentationTransformRevision":1,"PresentationTransformRevisionChanged":false,"TeleportThresholdMeters":0.5,"TeleportThresholdExceeded":false,"Surface":"snow_packed","TriggerDelta":0,"StampDelta":0},{"frame":107,"ElapsedMs":5868.238,"FrameMs":46.683,"X":-0.72933966,"Z":-1.019027,"DisplacementX":-0.1682108,"DisplacementZ":0.02367866,"FrameDisplacementMeters":0.16986922919750214,"CumulativePathMeters":10.432064339698854,"velocity_speed":3.4000006,"OnFloor":true,"ModalOpen":false,"ClimbingLadder":false,"VehicleControlled":false,"PresentationTransformRevision":1,"PresentationTransformRevisionChanged":false,"TeleportThresholdMeters":0.5,"TeleportThresholdExceeded":false,"Surface":"snow_packed","TriggerDelta":0,"StampDelta":0},{"frame":108,"ElapsedMs":5915.907,"FrameMs":47.669,"X":-0.89468485,"Z":-0.9800499,"DisplacementX":-0.16534519,"DisplacementZ":0.038977087,"FrameDisplacementMeters":0.16987714171409607,"CumulativePathMeters":10.60194148141295,"velocity_speed":3.4,"OnFloor":true,"ModalOpen":false,"ClimbingLadder":false,"VehicleControlled":false,"PresentationTransformRevision":1,"PresentationTransformRevisionChanged":false,"TeleportThresholdMeters":0.5,"TeleportThresholdExceeded":false,"Surface":"snow_packed","TriggerDelta":1,"StampDelta":1}]}},{"FrameIndex":111,"StampDelta":1,"SnowUpdateMs":14.0636,"SnowRedrawMs":0.8284,"SnowMeshMs":13.2339,"TriggerCount":20,"TriggerDelta":1,"ElapsedMs":6090.367,"Phase":0,"SegmentId":1,"PackedBand":true,"Surface":"snow_packed","X":-1.3598367,"Z":-0.7752205,"Speed":3.4000003,"GapFromPreviousMs":174.46000000000004,"SameSegmentAsPrevious":true,"PlaybackPlaying":true,"HasStreamPlayback":true,"PlaybackPosition":0.00290249427780509,"CumulativePathMeters":11.111620381654802,"MovementSincePreviousStep":{"from_event_frame":108,"to_event_frame":111,"sampled_frames":3,"elapsed_ms":174.46000000000004,"xz_chord_meters":0.5082532,"xz_path_meters":0.5096789002418518,"cumulative_xz_path_meters":11.111620381654802,"max_frame_xz_displacement_meters":0.1699010580778122,"zero_displacement_frames":0,"reset_gate_frame_counts":{"off_floor":0,"modal":0,"ladder":0,"vehicle":0,"presentation_transform_revision_changed":0,"teleport_threshold_exceeded":0},"frame_trace":null}},{"FrameIndex":114,"StampDelta":1,"SnowUpdateMs":0.8376,"SnowRedrawMs":0.8322,"SnowMeshMs":0.0042,"TriggerCount":21,"TriggerDelta":1,"ElapsedMs":6235.707,"Phase":0,"SegmentId":1,"PackedBand":true,"Surface":"snow_packed","X":-1.8448389,"Z":-0.48635733,"Speed":3.4000003,"GapFromPreviousMs":145.34000000000015,"SameSegmentAsPrevious":true,"PlaybackPlaying":true,"HasStreamPlayback":true,"PlaybackPosition":0.00290249427780509,"CumulativePathMeters":11.676128164114061,"MovementSincePreviousStep":{"from_event_frame":111,"to_event_frame":114,"sampled_frames":3,"elapsed_ms":145.34000000000015,"xz_chord_meters":0.5645078,"xz_path_meters":0.564507782459259,"cumulative_xz_path_meters":11.676128164114061,"max_frame_xz_displacement_meters":0.22594530880451202,"zero_displacement_frames":0,"reset_gate_frame_counts":{"off_floor":0,"modal":0,"ladder":0,"vehicle":0,"presentation_transform_revision_changed":0,"teleport_threshold_exceeded":0},"frame_trace":null}},{"FrameIndex":117,"StampDelta":1,"SnowUpdateMs":15.5758,"SnowRedrawMs":0.8166,"SnowMeshMs":14.7575,"TriggerCount":22,"TriggerDelta":1,"ElapsedMs":6394.817,"Phase":0,"SegmentId":1,"PackedBand":true,"Surface":"snow_packed","X":-2.2810287,"Z":-0.22655585,"Speed":3.4000003,"GapFromPreviousMs":159.10999999999967,"SameSegmentAsPrevious":true,"PlaybackPlaying":true,"HasStreamPlayback":true,"PlaybackPosition":0.00290249427780509,"CumulativePathMeters":12.183827296079698,"MovementSincePreviousStep":{"from_event_frame":114,"to_event_frame":117,"sampled_frames":3,"elapsed_ms":159.10999999999967,"xz_chord_meters":0.50769913,"xz_path_meters":0.5076991319656372,"cumulative_xz_path_meters":12.183827296079698,"max_frame_xz_displacement_meters":0.16928106546401978,"zero_displacement_frames":0,"reset_gate_frame_counts":{"off_floor":0,"modal":0,"ladder":0,"vehicle":0,"presentation_transform_revision_changed":0,"teleport_threshold_exceeded":0},"frame_trace":null}},{"FrameIndex":120,"StampDelta":0,"SnowUpdateMs":null,"SnowRedrawMs":null,"SnowMeshMs":null,"TriggerCount":23,"TriggerDelta":1,"ElapsedMs":6526.97,"Phase":0,"SegmentId":1,"PackedBand":true,"Surface":"snow_packed","X":-2.7168884,"Z":0.03306652,"Speed":3.4000003,"GapFromPreviousMs":132.15300000000025,"SameSegmentAsPrevious":true,"PlaybackPlaying":true,"HasStreamPlayback":true,"PlaybackPosition":0.00290249427780509,"CumulativePathMeters":12.691151097597185,"MovementSincePreviousStep":{"from_event_frame":117,"to_event_frame":120,"sampled_frames":3,"elapsed_ms":132.15300000000025,"xz_chord_meters":0.5073238,"xz_path_meters":0.5073238015174866,"cumulative_xz_path_meters":12.691151097597185,"max_frame_xz_displacement_meters":0.16918402910232544,"zero_displacement_frames":0,"reset_gate_frame_counts":{"off_floor":0,"modal":0,"ladder":0,"vehicle":0,"presentation_transform_revision_changed":0,"teleport_threshold_exceeded":0},"frame_trace":null}},{"FrameIndex":124,"StampDelta":1,"SnowUpdateMs":1.9147,"SnowRedrawMs":0.8343,"SnowMeshMs":1.0791,"TriggerCount":24,"TriggerDelta":1,"ElapsedMs":6703.478,"Phase":0,"SegmentId":1,"PackedBand":true,"Surface":"snow_packed","X":-3.2494464,"Z":0.3503613,"Speed":3.4000003,"GapFromPreviousMs":176.5079999999998,"SameSegmentAsPrevious":true,"PlaybackPlaying":true,"HasStreamPlayback":true,"PlaybackPosition":0.00290249427780509,"CumulativePathMeters":13.311065569700304,"MovementSincePreviousStep":{"from_event_frame":120,"to_event_frame":124,"sampled_frames":4,"elapsed_ms":176.5079999999998,"xz_chord_meters":0.6199145,"xz_path_meters":0.6199144721031189,"cumulative_xz_path_meters":13.311065569700304,"max_frame_xz_displacement_meters":0.16906841099262238,"zero_displacement_frames":0,"reset_gate_frame_counts":{"off_floor":0,"modal":0,"ladder":0,"vehicle":0,"presentation_transform_revision_changed":0,"teleport_threshold_exceeded":0},"frame_trace":null}},{"FrameIndex":128,"StampDelta":1,"SnowUpdateMs":0.8506,"SnowRedrawMs":0.8449,"SnowMeshMs":0.0044,"TriggerCount":25,"TriggerDelta":1,"ElapsedMs":6882.226,"Phase":0,"SegmentId":1,"PackedBand":true,"Surface":"snow_packed","X":-3.73142,"Z":0.6372452,"Speed":3.4000003,"GapFromPreviousMs":178.7479999999996,"SameSegmentAsPrevious":true,"PlaybackPlaying":true,"HasStreamPlayback":true,"PlaybackPosition":0.00290249427780509,"CumulativePathMeters":13.871958583773676,"MovementSincePreviousStep":{"from_event_frame":124,"to_event_frame":128,"sampled_frames":4,"elapsed_ms":178.7479999999996,"xz_chord_meters":0.560893,"xz_path_meters":0.5608930140733719,"cumulative_xz_path_meters":13.871958583773676,"max_frame_xz_displacement_meters":0.16826704144477844,"zero_displacement_frames":0,"reset_gate_frame_counts":{"off_floor":0,"modal":0,"ladder":0,"vehicle":0,"presentation_transform_revision_changed":0,"teleport_threshold_exceeded":0},"frame_trace":null}},{"FrameIndex":131,"StampDelta":0,"SnowUpdateMs":null,"SnowRedrawMs":null,"SnowMeshMs":null,"TriggerCount":26,"TriggerDelta":1,"ElapsedMs":7034.357,"Phase":0,"SegmentId":1,"PackedBand":true,"Surface":"snow_packed","X":-4.0810738,"Z":0.9170147,"Speed":3.4000006,"GapFromPreviousMs":152.1310000000003,"SameSegmentAsPrevious":true,"PlaybackPlaying":true,"HasStreamPlayback":true,"PlaybackPosition":0.00290249427780509,"CumulativePathMeters":14.320750326098505,"MovementSincePreviousStep":{"from_event_frame":128,"to_event_frame":131,"sampled_frames":3,"elapsed_ms":152.1310000000003,"xz_chord_meters":0.44780433,"xz_path_meters":0.4487917423248291,"cumulative_xz_path_meters":14.320750326098505,"max_frame_xz_displacement_meters":0.16834412515163422,"zero_displacement_frames":0,"reset_gate_frame_counts":{"off_floor":0,"modal":0,"ladder":0,"vehicle":0,"presentation_transform_revision_changed":0,"teleport_threshold_exceeded":0},"frame_trace":null}},{"FrameIndex":134,"StampDelta":1,"SnowUpdateMs":1.1251,"SnowRedrawMs":1.1159,"SnowMeshMs":0.0075,"TriggerCount":27,"TriggerDelta":1,"ElapsedMs":7285.495,"Phase":0,"SegmentId":1,"PackedBand":true,"Surface":"snow_packed","X":-4.5222707,"Z":1.5717208,"Speed":3.4000003,"GapFromPreviousMs":251.13799999999992,"SameSegmentAsPrevious":true,"PlaybackPlaying":true,"HasStreamPlayback":true,"PlaybackPosition":0.00290249427780509,"CumulativePathMeters":15.112758577050272,"MovementSincePreviousStep":{"from_event_frame":131,"to_event_frame":134,"sampled_frames":3,"elapsed_ms":251.13799999999992,"xz_chord_meters":0.7894902,"xz_path_meters":0.792008250951767,"cumulative_xz_path_meters":15.112758577050272,"max_frame_xz_displacement_meters":0.28333720564842224,"zero_displacement_frames":0,"reset_gate_frame_counts":{"off_floor":0,"modal":0,"ladder":0,"vehicle":0,"presentation_transform_revision_changed":0,"teleport_threshold_exceeded":0},"frame_trace":null}},{"FrameIndex":135,"StampDelta":1,"SnowUpdateMs":2.0144,"SnowRedrawMs":0.9385,"SnowMeshMs":1.0741,"TriggerCount":28,"TriggerDelta":1,"ElapsedMs":7435.428,"Phase":0,"SegmentId":1,"PackedBand":true,"Surface":"snow_packed","X":-4.6435976,"Z":1.926858,"Speed":2.3486323,"GapFromPreviousMs":149.933,"SameSegmentAsPrevious":true,"PlaybackPlaying":true,"HasStreamPlayback":true,"PlaybackPosition":0.00290249427780509,"CumulativePathMeters":15.488048583449427,"MovementSincePreviousStep":{"from_event_frame":134,"to_event_frame":135,"sampled_frames":1,"elapsed_ms":149.933,"xz_chord_meters":0.37529,"xz_path_meters":0.37529000639915466,"cumulative_xz_path_meters":15.488048583449427,"max_frame_xz_displacement_meters":0.37529000639915466,"zero_displacement_frames":0,"reset_gate_frame_counts":{"off_floor":0,"modal":0,"ladder":0,"vehicle":0,"presentation_transform_revision_changed":0,"teleport_threshold_exceeded":0},"frame_trace":null}},{"FrameIndex":145,"StampDelta":1,"SnowUpdateMs":0.8711,"SnowRedrawMs":0.8651,"SnowMeshMs":0.0046,"TriggerCount":29,"TriggerDelta":1,"ElapsedMs":8205.568,"Phase":0,"SegmentId":1,"PackedBand":true,"Surface":"snow_packed","X":-4.4174123,"Z":2.5556505,"Speed":2.8824923,"GapFromPreviousMs":770.1399999999994,"SameSegmentAsPrevious":true,"PlaybackPlaying":true,"HasStreamPlayback":true,"PlaybackPosition":0.00290249427780509,"CumulativePathMeters":16.168510541500154,"MovementSincePreviousStep":{"from_event_frame":135,"to_event_frame":145,"sampled_frames":10,"elapsed_ms":770.1399999999994,"xz_chord_meters":0.6682364,"xz_path_meters":0.6804619580507278,"cumulative_xz_path_meters":16.168510541500154,"max_frame_xz_displacement_meters":0.22989116609096527,"zero_displacement_frames":6,"reset_gate_frame_counts":{"off_floor":0,"modal":0,"ladder":0,"vehicle":0,"presentation_transform_revision_changed":0,"teleport_threshold_exceeded":0},"frame_trace":[{"frame":136,"ElapsedMs":7506.267,"FrameMs":70.839,"X":-4.6474376,"Z":2.068924,"DisplacementX":-0.0038399696,"DisplacementZ":0.142066,"FrameDisplacementMeters":0.14211788773536682,"CumulativePathMeters":15.630166471184793,"velocity_speed":0,"OnFloor":true,"ModalOpen":false,"ClimbingLadder":false,"VehicleControlled":false,"PresentationTransformRevision":1,"PresentationTransformRevisionChanged":false,"TeleportThresholdMeters":0.5,"TeleportThresholdExceeded":false,"Surface":"snow_packed","TriggerDelta":0,"StampDelta":0},{"frame":137,"ElapsedMs":7566.783,"FrameMs":60.516,"X":-4.6474376,"Z":2.068924,"DisplacementX":0,"DisplacementZ":0,"FrameDisplacementMeters":0,"CumulativePathMeters":15.630166471184793,"velocity_speed":0,"OnFloor":true,"ModalOpen":false,"ClimbingLadder":false,"VehicleControlled":false,"PresentationTransformRevision":1,"PresentationTransformRevisionChanged":false,"TeleportThresholdMeters":0.5,"TeleportThresholdExceeded":false,"Surface":"snow_packed","TriggerDelta":0,"StampDelta":0},{"frame":138,"ElapsedMs":7626.208,"FrameMs":59.425,"X":-4.6474376,"Z":2.068924,"DisplacementX":0,"DisplacementZ":0,"FrameDisplacementMeters":0,"CumulativePathMeters":15.630166471184793,"velocity_speed":0,"OnFloor":true,"ModalOpen":false,"ClimbingLadder":false,"VehicleControlled":false,"PresentationTransformRevision":1,"PresentationTransformRevisionChanged":false,"TeleportThresholdMeters":0.5,"TeleportThresholdExceeded":false,"Surface":"snow_packed","TriggerDelta":0,"StampDelta":0},{"frame":139,"ElapsedMs":7694.008,"FrameMs":67.8,"X":-4.6474376,"Z":2.068924,"DisplacementX":0,"DisplacementZ":0,"FrameDisplacementMeters":0,"CumulativePathMeters":15.630166471184793,"velocity_speed":0,"OnFloor":true,"ModalOpen":false,"ClimbingLadder":false,"VehicleControlled":false,"PresentationTransformRevision":1,"PresentationTransformRevisionChanged":false,"TeleportThresholdMeters":0.5,"TeleportThresholdExceeded":false,"Surface":"snow_packed","TriggerDelta":0,"StampDelta":0},{"frame":140,"ElapsedMs":7857.133,"FrameMs":163.125,"X":-4.6474376,"Z":2.068924,"DisplacementX":0,"DisplacementZ":0,"FrameDisplacementMeters":0,"CumulativePathMeters":15.630166471184793,"velocity_speed":0,"OnFloor":true,"ModalOpen":false,"ClimbingLadder":false,"VehicleControlled":false,"PresentationTransformRevision":1,"PresentationTransformRevisionChanged":false,"TeleportThresholdMeters":0.5,"TeleportThresholdExceeded":false,"Surface":"snow_packed","TriggerDelta":0,"StampDelta":0},{"frame":141,"ElapsedMs":7929.093,"FrameMs":71.96,"X":-4.6474376,"Z":2.068924,"DisplacementX":0,"DisplacementZ":0,"FrameDisplacementMeters":0,"CumulativePathMeters":15.630166471184793,"velocity_speed":0,"OnFloor":true,"ModalOpen":false,"ClimbingLadder":false,"VehicleControlled":false,"PresentationTransformRevision":1,"PresentationTransformRevisionChanged":false,"TeleportThresholdMeters":0.5,"TeleportThresholdExceeded":false,"Surface":"snow_packed","TriggerDelta":0,"StampDelta":0},{"frame":142,"ElapsedMs":7987.902,"FrameMs":58.809,"X":-4.6474376,"Z":2.068924,"DisplacementX":0,"DisplacementZ":0,"FrameDisplacementMeters":0,"CumulativePathMeters":15.630166471184793,"velocity_speed":0,"OnFloor":true,"ModalOpen":false,"ClimbingLadder":false,"VehicleControlled":false,"PresentationTransformRevision":1,"PresentationTransformRevisionChanged":false,"TeleportThresholdMeters":0.5,"TeleportThresholdExceeded":false,"Surface":"snow_packed","TriggerDelta":0,"StampDelta":0},{"frame":143,"ElapsedMs":8050.406,"FrameMs":62.504,"X":-4.5858536,"Z":2.1992567,"DisplacementX":0.061583996,"DisplacementZ":0.13033271,"FrameDisplacementMeters":0.14414992928504944,"CumulativePathMeters":15.774316400469843,"velocity_speed":2.28483,"OnFloor":true,"ModalOpen":false,"ClimbingLadder":false,"VehicleControlled":false,"PresentationTransformRevision":1,"PresentationTransformRevisionChanged":false,"TeleportThresholdMeters":0.5,"TeleportThresholdExceeded":false,"Surface":"snow_packed","TriggerDelta":0,"StampDelta":0},{"frame":144,"ElapsedMs":8139.251,"FrameMs":88.845,"X":-4.5156584,"Z":2.34781,"DisplacementX":0.0701952,"DisplacementZ":0.14855337,"FrameDisplacementMeters":0.1643029749393463,"CumulativePathMeters":15.93861937540919,"velocity_speed":2.5746477,"OnFloor":true,"ModalOpen":false,"ClimbingLadder":false,"VehicleControlled":false,"PresentationTransformRevision":1,"PresentationTransformRevisionChanged":false,"TeleportThresholdMeters":0.5,"TeleportThresholdExceeded":false,"Surface":"snow_packed","TriggerDelta":0,"StampDelta":0},{"frame":145,"ElapsedMs":8205.568,"FrameMs":66.317,"X":-4.4174123,"Z":2.5556505,"DisplacementX":0.0982461,"DisplacementZ":0.20784044,"FrameDisplacementMeters":0.22989116609096527,"CumulativePathMeters":16.168510541500154,"velocity_speed":2.8824923,"OnFloor":true,"ModalOpen":false,"ClimbingLadder":false,"VehicleControlled":false,"PresentationTransformRevision":1,"PresentationTransformRevisionChanged":false,"TeleportThresholdMeters":0.5804154276847839,"TeleportThresholdExceeded":false,"Surface":"snow_packed","TriggerDelta":1,"StampDelta":1}]}},{"FrameIndex":147,"StampDelta":0,"SnowUpdateMs":null,"SnowRedrawMs":null,"SnowMeshMs":null,"TriggerCount":30,"TriggerDelta":1,"ElapsedMs":8311.942,"Phase":0,"SegmentId":2,"PackedBand":false,"Surface":"snow_soft","X":-4.272255,"Z":2.8810437,"Speed":3.1994429,"GapFromPreviousMs":106.3739999999998,"SameSegmentAsPrevious":false,"PlaybackPlaying":true,"HasStreamPlayback":true,"PlaybackPosition":0.00290249427780509,"CumulativePathMeters":16.524813443602625,"MovementSincePreviousStep":{"from_event_frame":145,"to_event_frame":147,"sampled_frames":2,"elapsed_ms":106.3739999999998,"xz_chord_meters":0.35630238,"xz_path_meters":0.3563029021024704,"cumulative_xz_path_meters":16.524813443602625,"max_frame_xz_displacement_meters":0.19928805530071259,"zero_displacement_frames":0,"reset_gate_frame_counts":{"off_floor":0,"modal":0,"ladder":0,"vehicle":0,"presentation_transform_revision_changed":0,"teleport_threshold_exceeded":0},"frame_trace":null}},{"FrameIndex":151,"StampDelta":1,"SnowUpdateMs":0.8397,"SnowRedrawMs":0.827,"SnowMeshMs":0.0114,"TriggerCount":31,"TriggerDelta":1,"ElapsedMs":8553.602,"Phase":1,"SegmentId":3,"PackedBand":false,"Surface":"snow_soft","X":-3.9316795,"Z":3.3794553,"Speed":3.0770216,"GapFromPreviousMs":241.66000000000167,"SameSegmentAsPrevious":false,"PlaybackPlaying":true,"HasStreamPlayback":true,"PlaybackPosition":0.00290249427780509,"CumulativePathMeters":17.13369722682387,"MovementSincePreviousStep":{"from_event_frame":147,"to_event_frame":151,"sampled_frames":4,"elapsed_ms":241.66000000000167,"xz_chord_meters":0.60366035,"xz_path_meters":0.6088837832212448,"cumulative_xz_path_meters":17.13369722682387,"max_frame_xz_displacement_meters":0.1944359987974167,"zero_displacement_frames":0,"reset_gate_frame_counts":{"off_floor":0,"modal":0,"ladder":0,"vehicle":0,"presentation_transform_revision_changed":0,"teleport_threshold_exceeded":0},"frame_trace":null}},{"FrameIndex":154,"StampDelta":1,"SnowUpdateMs":8.1177,"SnowRedrawMs":0.8201,"SnowMeshMs":7.2935,"TriggerCount":32,"TriggerDelta":1,"ElapsedMs":8706.271,"Phase":1,"SegmentId":3,"PackedBand":false,"Surface":"snow_soft","X":-3.872004,"Z":3.8805025,"Speed":3.4000006,"GapFromPreviousMs":152.66899999999987,"SameSegmentAsPrevious":true,"PlaybackPlaying":true,"HasStreamPlayback":true,"PlaybackPosition":0.00290249427780509,"CumulativePathMeters":17.638435781182352,"MovementSincePreviousStep":{"from_event_frame":151,"to_event_frame":154,"sampled_frames":3,"elapsed_ms":152.66899999999987,"xz_chord_meters":0.50458837,"xz_path_meters":0.5047385543584824,"cumulative_xz_path_meters":17.638435781182352,"max_frame_xz_displacement_meters":0.1698075830936432,"zero_displacement_frames":0,"reset_gate_frame_counts":{"off_floor":0,"modal":0,"ladder":0,"vehicle":0,"presentation_transform_revision_changed":0,"teleport_threshold_exceeded":0},"frame_trace":null}},{"FrameIndex":158,"StampDelta":1,"SnowUpdateMs":0.8733,"SnowRedrawMs":0.868,"SnowMeshMs":0.0038,"TriggerCount":33,"TriggerDelta":1,"ElapsedMs":8887.15,"Phase":1,"SegmentId":3,"PackedBand":false,"Surface":"snow_soft","X":-3.8037488,"Z":4.5567718,"Speed":3.4000006,"GapFromPreviousMs":180.878999999999,"SameSegmentAsPrevious":true,"PlaybackPlaying":true,"HasStreamPlayback":true,"PlaybackPosition":0.00290249427780509,"CumulativePathMeters":18.318141579808298,"MovementSincePreviousStep":{"from_event_frame":154,"to_event_frame":158,"sampled_frames":4,"elapsed_ms":180.878999999999,"xz_chord_meters":0.679705,"xz_path_meters":0.679705798625946,"cumulative_xz_path_meters":18.318141579808298,"max_frame_xz_displacement_meters":0.22659820318222046,"zero_displacement_frames":0,"reset_gate_frame_counts":{"off_floor":0,"modal":0,"ladder":0,"vehicle":0,"presentation_transform_revision_changed":0,"teleport_threshold_exceeded":0},"frame_trace":null}},{"FrameIndex":161,"StampDelta":1,"SnowUpdateMs":1.9324,"SnowRedrawMs":0.8362,"SnowMeshMs":1.0948,"TriggerCount":34,"TriggerDelta":1,"ElapsedMs":9016.692,"Phase":1,"SegmentId":3,"PackedBand":false,"Surface":"snow_soft","X":-3.7578428,"Z":5.007554,"Speed":3.4000006,"GapFromPreviousMs":129.54199999999946,"SameSegmentAsPrevious":true,"PlaybackPlaying":true,"HasStreamPlayback":true,"PlaybackPosition":0.00290249427780509,"CumulativePathMeters":18.771255314530435,"MovementSincePreviousStep":{"from_event_frame":158,"to_event_frame":161,"sampled_frames":3,"elapsed_ms":129.54199999999946,"xz_chord_meters":0.45311373,"xz_path_meters":0.45311373472213745,"cumulative_xz_path_meters":18.771255314530435,"max_frame_xz_displacement_meters":0.16991718113422394,"zero_displacement_frames":0,"reset_gate_frame_counts":{"off_floor":0,"modal":0,"ladder":0,"vehicle":0,"presentation_transform_revision_changed":0,"teleport_threshold_exceeded":0},"frame_trace":null}},{"FrameIndex":165,"StampDelta":1,"SnowUpdateMs":0.9755,"SnowRedrawMs":0.9704,"SnowMeshMs":0.0039,"TriggerCount":35,"TriggerDelta":1,"ElapsedMs":9191.101,"Phase":1,"SegmentId":3,"PackedBand":false,"Surface":"snow_soft","X":-3.706125,"Z":5.5146594,"Speed":3.4000006,"GapFromPreviousMs":174.40900000000147,"SameSegmentAsPrevious":true,"PlaybackPlaying":true,"HasStreamPlayback":true,"PlaybackPosition":0.00290249427780509,"CumulativePathMeters":19.28099116701037,"MovementSincePreviousStep":{"from_event_frame":161,"to_event_frame":165,"sampled_frames":4,"elapsed_ms":174.40900000000147,"xz_chord_meters":0.50973576,"xz_path_meters":0.5097358524799347,"cumulative_xz_path_meters":19.28099116701037,"max_frame_xz_displacement_meters":0.1699124127626419,"zero_displacement_frames":0,"reset_gate_frame_counts":{"off_floor":0,"modal":0,"ladder":0,"vehicle":0,"presentation_transform_revision_changed":0,"teleport_threshold_exceeded":0},"frame_trace":null}},{"FrameIndex":169,"StampDelta":1,"SnowUpdateMs":14.844,"SnowRedrawMs":6.356,"SnowMeshMs":8.4865,"TriggerCount":36,"TriggerDelta":1,"ElapsedMs":9373.725,"Phase":1,"SegmentId":3,"PackedBand":false,"Surface":"snow_soft","X":-3.6490273,"Z":6.0781736,"Speed":3.4000006,"GapFromPreviousMs":182.6239999999998,"SameSegmentAsPrevious":true,"PlaybackPlaying":true,"HasStreamPlayback":true,"PlaybackPosition":0.00290249427780509,"CumulativePathMeters":19.84739106166512,"MovementSincePreviousStep":{"from_event_frame":165,"to_event_frame":169,"sampled_frames":4,"elapsed_ms":182.6239999999998,"xz_chord_meters":0.5663995,"xz_path_meters":0.5663998946547508,"cumulative_xz_path_meters":19.84739106166512,"max_frame_xz_displacement_meters":0.16991764307022095,"zero_displacement_frames":0,"reset_gate_frame_counts":{"off_floor":0,"modal":0,"ladder":0,"vehicle":0,"presentation_transform_revision_changed":0,"teleport_threshold_exceeded":0},"frame_trace":null}},{"FrameIndex":172,"StampDelta":1,"SnowUpdateMs":0.853,"SnowRedrawMs":0.8473,"SnowMeshMs":0.0043,"TriggerCount":37,"TriggerDelta":1,"ElapsedMs":9512.497,"Phase":1,"SegmentId":3,"PackedBand":false,"Surface":"snow_soft","X":-3.5946712,"Z":6.6426816,"Speed":3.4000006,"GapFromPreviousMs":138.77199999999903,"SameSegmentAsPrevious":true,"PlaybackPlaying":true,"HasStreamPlayback":true,"PlaybackPosition":0.00290249427780509,"CumulativePathMeters":20.414509929896894,"MovementSincePreviousStep":{"from_event_frame":169,"to_event_frame":172,"sampled_frames":3,"elapsed_ms":138.77199999999903,"xz_chord_meters":0.5671189,"xz_path_meters":0.5671188682317734,"cumulative_xz_path_meters":20.414509929896894,"max_frame_xz_displacement_meters":0.22704750299453735,"zero_displacement_frames":0,"reset_gate_frame_counts":{"off_floor":0,"modal":0,"ladder":0,"vehicle":0,"presentation_transform_revision_changed":0,"teleport_threshold_exceeded":0},"frame_trace":null}},{"FrameIndex":223,"StampDelta":1,"SnowUpdateMs":8.2819,"SnowRedrawMs":0.9417,"SnowMeshMs":7.339,"TriggerCount":38,"TriggerDelta":1,"ElapsedMs":11443.151,"Phase":3,"SegmentId":5,"PackedBand":false,"Surface":"snow_soft","X":-3.6087735,"Z":6.587377,"Speed":3.400002,"GapFromPreviousMs":1930.6540000000005,"SameSegmentAsPrevious":false,"PlaybackPlaying":true,"HasStreamPlayback":true,"PlaybackPosition":0.00290249427780509,"CumulativePathMeters":21.03771790880114,"MovementSincePreviousStep":{"from_event_frame":172,"to_event_frame":223,"sampled_frames":51,"elapsed_ms":1930.6540000000005,"xz_chord_meters":0.05707419,"xz_path_meters":0.6232079789042473,"cumulative_xz_path_meters":21.03771790880114,"max_frame_xz_displacement_meters":0.17000934481620789,"zero_displacement_frames":47,"reset_gate_frame_counts":{"off_floor":0,"modal":0,"ladder":0,"vehicle":0,"presentation_transform_revision_changed":0,"teleport_threshold_exceeded":0},"frame_trace":null}},{"FrameIndex":226,"StampDelta":1,"SnowUpdateMs":0.8386,"SnowRedrawMs":0.8339,"SnowMeshMs":0.0032,"TriggerCount":39,"TriggerDelta":1,"ElapsedMs":11592.859,"Phase":3,"SegmentId":5,"PackedBand":false,"Surface":"snow_soft","X":-3.670558,"Z":6.0851483,"Speed":3.400002,"GapFromPreviousMs":149.70800000000054,"SameSegmentAsPrevious":true,"PlaybackPlaying":true,"HasStreamPlayback":true,"PlaybackPosition":0.00290249427780509,"CumulativePathMeters":21.543732986034456,"MovementSincePreviousStep":{"from_event_frame":223,"to_event_frame":226,"sampled_frames":3,"elapsed_ms":149.70800000000054,"xz_chord_meters":0.5060149,"xz_path_meters":0.5060150772333145,"cumulative_xz_path_meters":21.543732986034456,"max_frame_xz_displacement_meters":0.1699371635913849,"zero_displacement_frames":0,"reset_gate_frame_counts":{"off_floor":0,"modal":0,"ladder":0,"vehicle":0,"presentation_transform_revision_changed":0,"teleport_threshold_exceeded":0},"frame_trace":null}},{"FrameIndex":229,"StampDelta":1,"SnowUpdateMs":1.9363,"SnowRedrawMs":0.8525,"SnowMeshMs":1.0825,"TriggerCount":40,"TriggerDelta":1,"ElapsedMs":11742.501,"Phase":3,"SegmentId":5,"PackedBand":false,"Surface":"snow_soft","X":-3.736601,"Z":5.5799375,"Speed":3.400002,"GapFromPreviousMs":149.64199999999983,"SameSegmentAsPrevious":true,"PlaybackPlaying":true,"HasStreamPlayback":true,"PlaybackPosition":0.00290249427780509,"CumulativePathMeters":22.053242698492113,"MovementSincePreviousStep":{"from_event_frame":226,"to_event_frame":229,"sampled_frames":3,"elapsed_ms":149.64199999999983,"xz_chord_meters":0.50950927,"xz_path_meters":0.5095097124576569,"cumulative_xz_path_meters":22.053242698492113,"max_frame_xz_displacement_meters":0.1700279712677002,"zero_displacement_frames":0,"reset_gate_frame_counts":{"off_floor":0,"modal":0,"ladder":0,"vehicle":0,"presentation_transform_revision_changed":0,"teleport_threshold_exceeded":0},"frame_trace":null}},{"FrameIndex":232,"StampDelta":1,"SnowUpdateMs":0.8481,"SnowRedrawMs":0.8431,"SnowMeshMs":0.0035,"TriggerCount":41,"TriggerDelta":1,"ElapsedMs":11910.281,"Phase":3,"SegmentId":5,"PackedBand":false,"Surface":"snow_soft","X":-3.8105779,"Z":5.0180297,"Speed":3.400002,"GapFromPreviousMs":167.78000000000065,"SameSegmentAsPrevious":true,"PlaybackPlaying":true,"HasStreamPlayback":true,"PlaybackPosition":0.00290249427780509,"CumulativePathMeters":22.619999185384813,"MovementSincePreviousStep":{"from_event_frame":229,"to_event_frame":232,"sampled_frames":3,"elapsed_ms":167.78000000000065,"xz_chord_meters":0.5667565,"xz_path_meters":0.5667564868927002,"cumulative_xz_path_meters":22.619999185384813,"max_frame_xz_displacement_meters":0.22671011090278625,"zero_displacement_frames":0,"reset_gate_frame_counts":{"off_floor":0,"modal":0,"ladder":0,"vehicle":0,"presentation_transform_revision_changed":0,"teleport_threshold_exceeded":0},"frame_trace":null}},{"FrameIndex":235,"StampDelta":1,"SnowUpdateMs":1.9829,"SnowRedrawMs":0.8791,"SnowMeshMs":1.1021,"TriggerCount":42,"TriggerDelta":1,"ElapsedMs":12057.04,"Phase":3,"SegmentId":5,"PackedBand":false,"Surface":"snow_soft","X":-3.8771546,"Z":4.512331,"Speed":3.400002,"GapFromPreviousMs":146.75900000000001,"SameSegmentAsPrevious":true,"PlaybackPlaying":true,"HasStreamPlayback":true,"PlaybackPosition":0.00290249427780509,"CumulativePathMeters":23.130061537207666,"MovementSincePreviousStep":{"from_event_frame":232,"to_event_frame":235,"sampled_frames":3,"elapsed_ms":146.75900000000001,"xz_chord_meters":0.5100624,"xz_path_meters":0.5100623518228531,"cumulative_xz_path_meters":23.130061537207666,"max_frame_xz_displacement_meters":0.17002367973327637,"zero_displacement_frames":0,"reset_gate_frame_counts":{"off_floor":0,"modal":0,"ladder":0,"vehicle":0,"presentation_transform_revision_changed":0,"teleport_threshold_exceeded":0},"frame_trace":null}},{"FrameIndex":239,"StampDelta":1,"SnowUpdateMs":0.8805,"SnowRedrawMs":0.8749,"SnowMeshMs":0.0042,"TriggerCount":43,"TriggerDelta":1,"ElapsedMs":12254.734,"Phase":3,"SegmentId":5,"PackedBand":false,"Surface":"snow_soft","X":-3.965922,"Z":3.8380725,"Speed":3.400002,"GapFromPreviousMs":197.6939999999995,"SameSegmentAsPrevious":true,"PlaybackPlaying":true,"HasStreamPlayback":true,"PlaybackPosition":0.00290249427780509,"CumulativePathMeters":23.810138106526438,"MovementSincePreviousStep":{"from_event_frame":235,"to_event_frame":239,"sampled_frames":4,"elapsed_ms":197.6939999999995,"xz_chord_meters":0.6800766,"xz_path_meters":0.6800765693187714,"cumulative_xz_path_meters":23.810138106526438,"max_frame_xz_displacement_meters":0.1700311005115509,"zero_displacement_frames":0,"reset_gate_frame_counts":{"off_floor":0,"modal":0,"ladder":0,"vehicle":0,"presentation_transform_revision_changed":0,"teleport_threshold_exceeded":0},"frame_trace":null}},{"FrameIndex":242,"StampDelta":1,"SnowUpdateMs":1.8764,"SnowRedrawMs":0.7973,"SnowMeshMs":1.0776,"TriggerCount":44,"TriggerDelta":1,"ElapsedMs":12409.188,"Phase":3,"SegmentId":5,"PackedBand":false,"Surface":"snow_soft","X":-3.927557,"Z":3.374351,"Speed":3.400002,"GapFromPreviousMs":154.45399999999972,"SameSegmentAsPrevious":true,"PlaybackPlaying":true,"HasStreamPlayback":true,"PlaybackPosition":0.00290249427780509,"CumulativePathMeters":24.281690687121454,"MovementSincePreviousStep":{"from_event_frame":239,"to_event_frame":242,"sampled_frames":3,"elapsed_ms":154.45399999999972,"xz_chord_meters":0.46530584,"xz_path_meters":0.4715525805950165,"cumulative_xz_path_meters":24.281690687121454,"max_frame_xz_displacement_meters":0.17009004950523376,"zero_displacement_frames":0,"reset_gate_frame_counts":{"off_floor":0,"modal":0,"ladder":0,"vehicle":0,"presentation_transform_revision_changed":0,"teleport_threshold_exceeded":0},"frame_trace":null}},{"FrameIndex":245,"StampDelta":1,"SnowUpdateMs":0.8387,"SnowRedrawMs":0.8341,"SnowMeshMs":0.0034,"TriggerCount":45,"TriggerDelta":1,"ElapsedMs":12564.413,"Phase":3,"SegmentId":5,"PackedBand":false,"Surface":"snow_soft","X":-4.001587,"Z":2.8120406,"Speed":3.400002,"GapFromPreviousMs":155.22500000000036,"SameSegmentAsPrevious":true,"PlaybackPlaying":true,"HasStreamPlayback":true,"PlaybackPosition":0.00290249427780509,"CumulativePathMeters":24.848853349865976,"MovementSincePreviousStep":{"from_event_frame":242,"to_event_frame":245,"sampled_frames":3,"elapsed_ms":155.22500000000036,"xz_chord_meters":0.56716263,"xz_path_meters":0.5671626627445221,"cumulative_xz_path_meters":24.848853349865976,"max_frame_xz_displacement_meters":0.22684647142887115,"zero_displacement_frames":0,"reset_gate_frame_counts":{"off_floor":0,"modal":0,"ladder":0,"vehicle":0,"presentation_transform_revision_changed":0,"teleport_threshold_exceeded":0},"frame_trace":null}},{"FrameIndex":248,"StampDelta":1,"SnowUpdateMs":1.8616,"SnowRedrawMs":0.8011,"SnowMeshMs":1.0591,"TriggerCount":46,"TriggerDelta":1,"ElapsedMs":12727.502,"Phase":4,"SegmentId":7,"PackedBand":true,"Surface":"snow_packed","X":-4.068204,"Z":2.306039,"Speed":3.400002,"GapFromPreviousMs":163.08899999999994,"SameSegmentAsPrevious":false,"PlaybackPlaying":true,"HasStreamPlayback":true,"PlaybackPosition":0.00290249427780509,"CumulativePathMeters":25.359221175493303,"MovementSincePreviousStep":{"from_event_frame":245,"to_event_frame":248,"sampled_frames":3,"elapsed_ms":163.08899999999994,"xz_chord_meters":0.5103679,"xz_path_meters":0.510367825627327,"cumulative_xz_path_meters":25.359221175493303,"max_frame_xz_displacement_meters":0.1701439619064331,"zero_displacement_frames":0,"reset_gate_frame_counts":{"off_floor":0,"modal":0,"ladder":0,"vehicle":0,"presentation_transform_revision_changed":0,"teleport_threshold_exceeded":0},"frame_trace":null}},{"FrameIndex":251,"StampDelta":1,"SnowUpdateMs":0.9167,"SnowRedrawMs":0.9105,"SnowMeshMs":0.0047,"TriggerCount":47,"TriggerDelta":1,"ElapsedMs":12875.523,"Phase":4,"SegmentId":7,"PackedBand":true,"Surface":"snow_packed","X":-4.1347914,"Z":1.8002682,"Speed":3.400002,"GapFromPreviousMs":148.02099999999882,"SameSegmentAsPrevious":true,"PlaybackPlaying":true,"HasStreamPlayback":true,"PlaybackPosition":0.00290249427780509,"CumulativePathMeters":25.869356557907167,"MovementSincePreviousStep":{"from_event_frame":248,"to_event_frame":251,"sampled_frames":3,"elapsed_ms":148.02099999999882,"xz_chord_meters":0.5101354,"xz_path_meters":0.5101353824138641,"cumulative_xz_path_meters":25.869356557907167,"max_frame_xz_displacement_meters":0.17004607617855072,"zero_displacement_frames":0,"reset_gate_frame_counts":{"off_floor":0,"modal":0,"ladder":0,"vehicle":0,"presentation_transform_revision_changed":0,"teleport_threshold_exceeded":0},"frame_trace":null}},{"FrameIndex":255,"StampDelta":1,"SnowUpdateMs":1.9633,"SnowRedrawMs":0.8936,"SnowMeshMs":1.0682,"TriggerCount":48,"TriggerDelta":1,"ElapsedMs":13069.41,"Phase":4,"SegmentId":7,"PackedBand":true,"Surface":"snow_packed","X":-4.22357,"Z":1.1259222,"Speed":3.400002,"GapFromPreviousMs":193.88700000000063,"SameSegmentAsPrevious":true,"PlaybackPlaying":true,"HasStreamPlayback":true,"PlaybackPosition":0.00290249427780509,"CumulativePathMeters":26.549521312297884,"MovementSincePreviousStep":{"from_event_frame":251,"to_event_frame":255,"sampled_frames":4,"elapsed_ms":193.88700000000063,"xz_chord_meters":0.68016475,"xz_path_meters":0.6801647543907166,"cumulative_xz_path_meters":26.549521312297884,"max_frame_xz_displacement_meters":0.17004305124282837,"zero_displacement_frames":0,"reset_gate_frame_counts":{"off_floor":0,"modal":0,"ladder":0,"vehicle":0,"presentation_transform_revision_changed":0,"teleport_threshold_exceeded":0},"frame_trace":null}},{"FrameIndex":258,"StampDelta":1,"SnowUpdateMs":9.8016,"SnowRedrawMs":7.2532,"SnowMeshMs":2.5465,"TriggerCount":49,"TriggerDelta":1,"ElapsedMs":13222.921,"Phase":4,"SegmentId":7,"PackedBand":true,"Surface":"snow_packed","X":-4.290151,"Z":0.6201888,"Speed":3.400002,"GapFromPreviousMs":153.51100000000042,"SameSegmentAsPrevious":true,"PlaybackPlaying":true,"HasStreamPlayback":true,"PlaybackPosition":0.00290249427780509,"CumulativePathMeters":27.059618726553026,"MovementSincePreviousStep":{"from_event_frame":255,"to_event_frame":258,"sampled_frames":3,"elapsed_ms":153.51100000000042,"xz_chord_meters":0.5100974,"xz_path_meters":0.5100974142551422,"cumulative_xz_path_meters":27.059618726553026,"max_frame_xz_displacement_meters":0.1700386255979538,"zero_displacement_frames":0,"reset_gate_frame_counts":{"off_floor":0,"modal":0,"ladder":0,"vehicle":0,"presentation_transform_revision_changed":0,"teleport_threshold_exceeded":0},"frame_trace":null}}],"transition_gaps_ms":[{"ElapsedMs":8311.942,"GapFromPreviousMs":106.3739999999998,"Phase":0,"SegmentId":2,"Surface":"snow_soft"},{"ElapsedMs":8553.602,"GapFromPreviousMs":241.66000000000167,"Phase":1,"SegmentId":3,"Surface":"snow_soft"},{"ElapsedMs":11443.151,"GapFromPreviousMs":1930.6540000000005,"Phase":3,"SegmentId":5,"Surface":"snow_soft"},{"ElapsedMs":12727.502,"GapFromPreviousMs":163.08899999999994,"Phase":4,"SegmentId":7,"Surface":"snow_packed"}],"last_step_surface_changes":[{"ElapsedMs":196.013,"Phase":0,"SegmentId":1,"From":"","To":"snow_packed","X":0.00016207175,"Z":8.150495},{"ElapsedMs":8311.942,"Phase":0,"SegmentId":2,"From":"snow_packed","To":"snow_soft","X":-4.272255,"Z":2.8810437},{"ElapsedMs":12727.502,"Phase":4,"SegmentId":7,"From":"snow_soft","To":"snow_packed","X":-4.068204,"Z":2.306039}],"timing_notes":{"frame_ms":"monotonic Time.GetTicksUsec delta between ProcessPriority=100 samples; drawn frame counters accompany it","process_physics_ms":"Godot Performance monitors sampled after default-priority game/audio callbacks","movement":"XZ displacement and cumulative path are measured between later-priority Process samples; each step event summarizes the interval since the previous event. Same-segment intervals \u003E= 500 ms also include their per-frame movement/gate trace. Gate counts observe public actor state matching FootstepAudioController reset checks; the controller\u0027s private accumulator/reset calls are not exposed.","snow":"update/redraw/mesh timings are included only on frames where snowTrampleStampCount advanced; a multi-stamp frame reports the stamp delta and latest timing once","playback":"Playing/HasStreamPlayback/GetPlaybackPosition describe the single AudioStreamPlayer; internal polyphonic voice count is unavailable","surface":"LastSurface is the last surface resolved by an actual step; trigger events carry its fresh value, while per-frame fields can carry it forward between steps","data_only":"capture status is not a diagnosis or task acceptance"},"hitches":{"threshold_ms":33.3,"threshold_is_diagnostic_only":true,"long_frame_count":245,"process_over_threshold_count":231,"physics_over_threshold_count":20,"gc_frame_count":24,"samples":[{"frame":1,"frame_index":1,"ElapsedMs":95.708,"FrameMs":91.668,"ProcessMonitorMs":135.625,"PhysicsMonitorMs":7.636,"Gen0Delta":1,"Gen1Delta":1,"Gen2Delta":0,"AllocatedBytesDelta":1340720,"X":-5.6123186E-05,"Z":8.546788,"velocity_speed":3.4,"DisplacementX":-5.6123186E-05,"DisplacementZ":-0.45321178,"FrameDisplacementMeters":0.45321178436279297,"CumulativePathMeters":0.45321178436279297,"OnFloor":true,"ModalOpen":false,"ClimbingLadder":false,"VehicleControlled":false,"PresentationTransformRevision":1,"PresentationTransformRevisionChanged":false,"TeleportThresholdMeters":0.996756911277771,"TeleportThresholdExceeded":false,"stamp_delta":0,"snow_update_ms":null,"snow_redraw_ms":null,"snow_mesh_ms":null,"phase":"road_outbound","location":"packed_band","Surface":"","TriggerDelta":0,"DrawnFrame":10,"DrawDelta":1},{"frame":2,"frame_index":2,"ElapsedMs":196.013,"FrameMs":100.305,"ProcessMonitorMs":135.625,"PhysicsMonitorMs":7.636,"Gen0Delta":0,"Gen1Delta":0,"Gen2Delta":0,"AllocatedBytesDelta":11343416,"X":0.00016207175,"Z":8.150495,"velocity_speed":3.4,"DisplacementX":0.00021819494,"DisplacementZ":-0.39629364,"FrameDisplacementMeters":0.3962936997413635,"CumulativePathMeters":0.8495054841041565,"OnFloor":true,"ModalOpen":false,"ClimbingLadder":false,"VehicleControlled":false,"PresentationTransformRevision":1,"PresentationTransformRevisionChanged":false,"TeleportThresholdMeters":0.7965308427810669,"TeleportThresholdExceeded":false,"stamp_delta":1,"snow_update_ms":16.9669,"snow_redraw_ms":5.7207,"snow_mesh_ms":11.2389,"phase":"road_outbound","location":"packed_band","Surface":"snow_packed","TriggerDelta":1,"DrawnFrame":11,"DrawDelta":1},{"frame":6,"frame_index":6,"ElapsedMs":445.731,"FrameMs":68.038,"ProcessMonitorMs":173.613,"PhysicsMonitorMs":23.917,"Gen0Delta":1,"Gen1Delta":1,"Gen2Delta":1,"AllocatedBytesDelta":10360816,"X":0.00069211563,"Z":7.2449303,"velocity_speed":3.4,"DisplacementX":0.0001067149,"DisplacementZ":-0.16972113,"FrameDisplacementMeters":0.16972115635871887,"CumulativePathMeters":1.7550699263811111,"OnFloor":true,"ModalOpen":false,"ClimbingLadder":false,"VehicleControlled":false,"PresentationTransformRevision":1,"PresentationTransformRevisionChanged":false,"TeleportThresholdMeters":0.5,"TeleportThresholdExceeded":false,"stamp_delta":1,"snow_update_ms":11.7687,"snow_redraw_ms":0.817,"snow_mesh_ms":10.9503,"phase":"road_outbound","location":"packed_band","Surface":"snow_packed","TriggerDelta":1,"DrawnFrame":15,"DrawDelta":1},{"frame":19,"frame_index":19,"ElapsedMs":1118.783,"FrameMs":67.536,"ProcessMonitorMs":173.613,"PhysicsMonitorMs":23.917,"Gen0Delta":1,"Gen1Delta":1,"Gen2Delta":1,"AllocatedBytesDelta":10494936,"X":0.00081121316,"Z":4.929086,"velocity_speed":3.4,"DisplacementX":7.3140836E-06,"DisplacementZ":-0.16965389,"FrameDisplacementMeters":0.16965389251708984,"CumulativePathMeters":4.070914089679718,"OnFloor":true,"ModalOpen":false,"ClimbingLadder":false,"VehicleControlled":false,"PresentationTransformRevision":1,"PresentationTransformRevisionChanged":false,"TeleportThresholdMeters":0.5,"TeleportThresholdExceeded":false,"stamp_delta":1,"snow_update_ms":10.9741,"snow_redraw_ms":0.8591,"snow_mesh_ms":10.1138,"phase":"road_outbound","location":"packed_band","Surface":"snow_packed","TriggerDelta":0,"DrawnFrame":28,"DrawDelta":1},{"frame":34,"frame_index":34,"ElapsedMs":1907.516,"FrameMs":68.935,"ProcessMonitorMs":47.959,"PhysicsMonitorMs":16.78,"Gen0Delta":1,"Gen1Delta":1,"Gen2Delta":1,"AllocatedBytesDelta":10716168,"X":1.33026915E-05,"Z":2.2699242,"velocity_speed":3.4,"DisplacementX":-0.0002725226,"DisplacementZ":-0.16973901,"FrameDisplacementMeters":0.169739231467247,"CumulativePathMeters":6.7300769835710526,"OnFloor":true,"ModalOpen":false,"ClimbingLadder":false,"VehicleControlled":false,"PresentationTransformRevision":1,"PresentationTransformRevisionChanged":false,"TeleportThresholdMeters":0.5,"TeleportThresholdExceeded":false,"stamp_delta":1,"snow_update_ms":12.3158,"snow_redraw_ms":0.8193,"snow_mesh_ms":11.4951,"phase":"road_outbound","location":"packed_band","Surface":"snow_packed","TriggerDelta":1,"DrawnFrame":43,"DrawDelta":1},{"frame":48,"frame_index":48,"ElapsedMs":2585.141,"FrameMs":76.703,"ProcessMonitorMs":35.204,"PhysicsMonitorMs":17.823999999999998,"Gen0Delta":2,"Gen1Delta":2,"Gen2Delta":1,"AllocatedBytesDelta":10890872,"X":-0.011780335,"Z":0.0045662858,"velocity_speed":3.4000003,"DisplacementX":-0.010379244,"DisplacementZ":-0.16969696,"FrameDisplacementMeters":0.17001406848430634,"CumulativePathMeters":8.995753198862076,"OnFloor":true,"ModalOpen":false,"ClimbingLadder":false,"VehicleControlled":false,"PresentationTransformRevision":1,"PresentationTransformRevisionChanged":false,"TeleportThresholdMeters":0.5,"TeleportThresholdExceeded":false,"stamp_delta":1,"snow_update_ms":13.8286,"snow_redraw_ms":0.8869,"snow_mesh_ms":12.9405,"phase":"road_outbound","location":"packed_band","Surface":"snow_packed","TriggerDelta":0,"DrawnFrame":57,"DrawDelta":1},{"frame":68,"frame_index":68,"ElapsedMs":3762.427,"FrameMs":191.118,"ProcessMonitorMs":45.347,"PhysicsMonitorMs":18.856,"Gen0Delta":2,"Gen1Delta":2,"Gen2Delta":0,"AllocatedBytesDelta":23352864,"X":-0.4480667,"Z":-1.0498726,"velocity_speed":3.4000006,"DisplacementX":0,"DisplacementZ":0,"FrameDisplacementMeters":0,"CumulativePathMeters":10.148900583386421,"OnFloor":true,"ModalOpen":false,"ClimbingLadder":false,"VehicleControlled":false,"PresentationTransformRevision":1,"PresentationTransformRevisionChanged":false,"TeleportThresholdMeters":0.5,"TeleportThresholdExceeded":false,"stamp_delta":0,"snow_update_ms":null,"snow_redraw_ms":null,"snow_mesh_ms":null,"phase":"road_outbound","location":"packed_band","Surface":"snow_packed","TriggerDelta":0,"DrawnFrame":77,"DrawDelta":1},{"frame":70,"frame_index":70,"ElapsedMs":3918.574,"FrameMs":85.672,"ProcessMonitorMs":45.347,"PhysicsMonitorMs":18.856,"Gen0Delta":1,"Gen1Delta":1,"Gen2Delta":0,"AllocatedBytesDelta":925056,"X":-0.44807932,"Z":-1.0498844,"velocity_speed":3.4,"DisplacementX":-2.7418137E-06,"DisplacementZ":-2.1457672E-06,"FrameDisplacementMeters":3.4816459901776398E-06,"CumulativePathMeters":10.148917868913713,"OnFloor":true,"ModalOpen":false,"ClimbingLadder":false,"VehicleControlled":false,"PresentationTransformRevision":1,"PresentationTransformRevisionChanged":false,"TeleportThresholdMeters":0.6666667461395264,"TeleportThresholdExceeded":false,"stamp_delta":0,"snow_update_ms":null,"snow_redraw_ms":null,"snow_mesh_ms":null,"phase":"road_outbound","location":"packed_band","Surface":"snow_packed","TriggerDelta":0,"DrawnFrame":79,"DrawDelta":1},{"frame":71,"frame_index":71,"ElapsedMs":4118.956,"FrameMs":200.382,"ProcessMonitorMs":45.347,"PhysicsMonitorMs":18.856,"Gen0Delta":2,"Gen1Delta":2,"Gen2Delta":0,"AllocatedBytesDelta":23180312,"X":-0.44807932,"Z":-1.0498844,"velocity_speed":3.4,"DisplacementX":0,"DisplacementZ":0,"FrameDisplacementMeters":0,"CumulativePathMeters":10.148917868913713,"OnFloor":true,"ModalOpen":false,"ClimbingLadder":false,"VehicleControlled":false,"PresentationTransformRevision":1,"PresentationTransformRevisionChanged":false,"TeleportThresholdMeters":0.7800000309944153,"TeleportThresholdExceeded":false,"stamp_delta":0,"snow_update_ms":null,"snow_redraw_ms":null,"snow_mesh_ms":null,"phase":"road_outbound","location":"packed_band","Surface":"snow_packed","TriggerDelta":0,"DrawnFrame":80,"DrawDelta":1},{"frame":73,"frame_index":73,"ElapsedMs":4253.09,"FrameMs":66.247,"ProcessMonitorMs":45.347,"PhysicsMonitorMs":18.856,"Gen0Delta":1,"Gen1Delta":1,"Gen2Delta":0,"AllocatedBytesDelta":753048,"X":-0.44807932,"Z":-1.0498844,"velocity_speed":3.4,"DisplacementX":0,"DisplacementZ":0,"FrameDisplacementMeters":0,"CumulativePathMeters":10.148917868913713,"OnFloor":true,"ModalOpen":false,"ClimbingLadder":false,"VehicleControlled":false,"PresentationTransformRevision":1,"PresentationTransformRevisionChanged":false,"TeleportThresholdMeters":0.6052626967430115,"TeleportThresholdExceeded":false,"stamp_delta":0,"snow_update_ms":null,"snow_redraw_ms":null,"snow_mesh_ms":null,"phase":"road_outbound","location":"packed_band","Surface":"snow_packed","TriggerDelta":0,"DrawnFrame":82,"DrawDelta":1},{"frame":86,"frame_index":86,"ElapsedMs":4882.527,"FrameMs":88.454,"ProcessMonitorMs":49.258,"PhysicsMonitorMs":146.35999999999999,"Gen0Delta":0,"Gen1Delta":0,"Gen2Delta":0,"AllocatedBytesDelta":615000,"X":-0.44807932,"Z":-1.0498844,"velocity_speed":3.4000008,"DisplacementX":0,"DisplacementZ":0,"FrameDisplacementMeters":0,"CumulativePathMeters":10.148917868913713,"OnFloor":true,"ModalOpen":false,"ClimbingLadder":false,"VehicleControlled":false,"PresentationTransformRevision":1,"PresentationTransformRevisionChanged":false,"TeleportThresholdMeters":0.6247733235359192,"TeleportThresholdExceeded":false,"stamp_delta":0,"snow_update_ms":null,"snow_redraw_ms":null,"snow_mesh_ms":null,"phase":"road_outbound","location":"packed_band","Surface":"snow_packed","TriggerDelta":0,"DrawnFrame":95,"DrawDelta":1},{"frame":117,"frame_index":117,"ElapsedMs":6394.817,"FrameMs":71.652,"ProcessMonitorMs":54.421,"PhysicsMonitorMs":19.67,"Gen0Delta":1,"Gen1Delta":1,"Gen2Delta":1,"AllocatedBytesDelta":11221752,"X":-2.2810287,"Z":-0.22655585,"velocity_speed":3.4000003,"DisplacementX":-0.14531565,"DisplacementZ":0.08655003,"FrameDisplacementMeters":0.169137641787529,"CumulativePathMeters":12.183827296079698,"OnFloor":true,"ModalOpen":false,"ClimbingLadder":false,"VehicleControlled":false,"PresentationTransformRevision":1,"PresentationTransformRevisionChanged":false,"TeleportThresholdMeters":0.5,"TeleportThresholdExceeded":false,"stamp_delta":1,"snow_update_ms":15.5758,"snow_redraw_ms":0.8166,"snow_mesh_ms":14.7575,"phase":"road_outbound","location":"packed_band","Surface":"snow_packed","TriggerDelta":1,"DrawnFrame":126,"DrawDelta":1},{"frame":132,"frame_index":132,"ElapsedMs":7112.358,"FrameMs":78.001,"ProcessMonitorMs":54.421,"PhysicsMonitorMs":19.67,"Gen0Delta":0,"Gen1Delta":0,"Gen2Delta":0,"AllocatedBytesDelta":5880080,"X":-4.2285748,"Z":1.0877086,"velocity_speed":3.4000003,"DisplacementX":-0.14750099,"DisplacementZ":0.17069387,"FrameDisplacementMeters":0.2255946397781372,"CumulativePathMeters":14.546344965876642,"OnFloor":true,"ModalOpen":false,"ClimbingLadder":false,"VehicleControlled":false,"PresentationTransformRevision":1,"PresentationTransformRevisionChanged":false,"TeleportThresholdMeters":0.6328957080841064,"TeleportThresholdExceeded":false,"stamp_delta":1,"snow_update_ms":12.8692,"snow_redraw_ms":5.5173,"snow_mesh_ms":7.3509,"phase":"road_outbound","location":"packed_band","Surface":"snow_packed","TriggerDelta":0,"DrawnFrame":141,"DrawDelta":1},{"frame":134,"frame_index":134,"ElapsedMs":7285.495,"FrameMs":106.138,"ProcessMonitorMs":54.421,"PhysicsMonitorMs":19.67,"Gen0Delta":0,"Gen1Delta":0,"Gen2Delta":0,"AllocatedBytesDelta":780648,"X":-4.5222707,"Z":1.5717208,"velocity_speed":3.4000003,"DisplacementX":-0.1395216,"DisplacementZ":0.24660432,"FrameDisplacementMeters":0.28333720564842224,"CumulativePathMeters":15.112758577050272,"OnFloor":true,"ModalOpen":false,"ClimbingLadder":false,"VehicleControlled":false,"PresentationTransformRevision":1,"PresentationTransformRevisionChanged":false,"TeleportThresholdMeters":0.6873636841773987,"TeleportThresholdExceeded":false,"stamp_delta":1,"snow_update_ms":1.1251,"snow_redraw_ms":1.1159,"snow_mesh_ms":0.0075,"phase":"road_outbound","location":"packed_band","Surface":"snow_packed","TriggerDelta":1,"DrawnFrame":143,"DrawDelta":1},{"frame":135,"frame_index":135,"ElapsedMs":7435.428,"FrameMs":149.933,"ProcessMonitorMs":54.421,"PhysicsMonitorMs":19.67,"Gen0Delta":0,"Gen1Delta":0,"Gen2Delta":0,"AllocatedBytesDelta":1280088,"X":-4.6435976,"Z":1.926858,"velocity_speed":2.3486323,"DisplacementX":-0.12132692,"DisplacementZ":0.3551371,"FrameDisplacementMeters":0.37529000639915466,"CumulativePathMeters":15.488048583449427,"OnFloor":true,"ModalOpen":false,"ClimbingLadder":false,"VehicleControlled":false,"PresentationTransformRevision":1,"PresentationTransformRevisionChanged":false,"TeleportThresholdMeters":0.7236902713775635,"TeleportThresholdExceeded":false,"stamp_delta":1,"snow_update_ms":2.0144,"snow_redraw_ms":0.9385,"snow_mesh_ms":1.0741,"phase":"road_outbound","location":"packed_band","Surface":"snow_packed","TriggerDelta":1,"DrawnFrame":144,"DrawDelta":1},{"frame":139,"frame_index":139,"ElapsedMs":7694.008,"FrameMs":67.8,"ProcessMonitorMs":109.731,"PhysicsMonitorMs":29.958,"Gen0Delta":1,"Gen1Delta":1,"Gen2Delta":0,"AllocatedBytesDelta":459336,"X":-4.6474376,"Z":2.068924,"velocity_speed":0,"DisplacementX":0,"DisplacementZ":0,"FrameDisplacementMeters":0,"CumulativePathMeters":15.630166471184793,"OnFloor":true,"ModalOpen":false,"ClimbingLadder":false,"VehicleControlled":false,"PresentationTransformRevision":1,"PresentationTransformRevisionChanged":false,"TeleportThresholdMeters":0.5,"TeleportThresholdExceeded":false,"stamp_delta":0,"snow_update_ms":null,"snow_redraw_ms":null,"snow_mesh_ms":null,"phase":"road_outbound","location":"packed_band","Surface":"snow_packed","TriggerDelta":0,"DrawnFrame":148,"DrawDelta":1},{"frame":140,"frame_index":140,"ElapsedMs":7857.133,"FrameMs":163.125,"ProcessMonitorMs":109.731,"PhysicsMonitorMs":29.958,"Gen0Delta":0,"Gen1Delta":0,"Gen2Delta":0,"AllocatedBytesDelta":3591272,"X":-4.6474376,"Z":2.068924,"velocity_speed":0,"DisplacementX":0,"DisplacementZ":0,"FrameDisplacementMeters":0,"CumulativePathMeters":15.630166471184793,"OnFloor":true,"ModalOpen":false,"ClimbingLadder":false,"VehicleControlled":false,"PresentationTransformRevision":1,"PresentationTransformRevisionChanged":false,"TeleportThresholdMeters":0.5,"TeleportThresholdExceeded":false,"stamp_delta":0,"snow_update_ms":null,"snow_redraw_ms":null,"snow_mesh_ms":null,"phase":"road_outbound","location":"packed_band","Surface":"snow_packed","TriggerDelta":0,"DrawnFrame":149,"DrawDelta":1},{"frame":144,"frame_index":144,"ElapsedMs":8139.251,"FrameMs":88.845,"ProcessMonitorMs":109.731,"PhysicsMonitorMs":29.958,"Gen0Delta":0,"Gen1Delta":0,"Gen2Delta":0,"AllocatedBytesDelta":656000,"X":-4.5156584,"Z":2.34781,"velocity_speed":2.5746477,"DisplacementX":0.0701952,"DisplacementZ":0.14855337,"FrameDisplacementMeters":0.1643029749393463,"CumulativePathMeters":15.93861937540919,"OnFloor":true,"ModalOpen":false,"ClimbingLadder":false,"VehicleControlled":false,"PresentationTransformRevision":1,"PresentationTransformRevisionChanged":false,"TeleportThresholdMeters":0.5,"TeleportThresholdExceeded":false,"stamp_delta":0,"snow_update_ms":null,"snow_redraw_ms":null,"snow_mesh_ms":null,"phase":"road_outbound","location":"packed_band","Surface":"snow_packed","TriggerDelta":0,"DrawnFrame":153,"DrawDelta":1},{"frame":148,"frame_index":148,"ElapsedMs":8383.218,"FrameMs":71.276,"ProcessMonitorMs":111.116,"PhysicsMonitorMs":18.916999999999998,"Gen0Delta":1,"Gen1Delta":1,"Gen2Delta":0,"AllocatedBytesDelta":5583256,"X":-4.2069626,"Z":3.025881,"velocity_speed":3.199443,"DisplacementX":0.06529236,"DisplacementZ":0.14483738,"FrameDisplacementMeters":0.1588740348815918,"CumulativePathMeters":16.683687478484217,"OnFloor":true,"ModalOpen":false,"ClimbingLadder":false,"VehicleControlled":false,"PresentationTransformRevision":1,"PresentationTransformRevisionChanged":false,"TeleportThresholdMeters":0.5,"TeleportThresholdExceeded":false,"stamp_delta":1,"snow_update_ms":21.9369,"snow_redraw_ms":0.8442,"snow_mesh_ms":21.0914,"phase":"offroad_outbound","location":"offroad","Surface":"snow_soft","TriggerDelta":0,"DrawnFrame":157,"DrawDelta":1}]}}
act1-footstep-lag-profile: data route-complete; no diagnosis asserted
userdata guard: original files restored by rename and verified (Windows ACLs not compared)
