
Сборка успешно завершена.
    Предупреждений: 0
    Ошибок: 0

Прошло времени 00:00:09.52
document-image: game\assets\images\arrival_marat_childhood_existing_v1.png sha256=c4647904f1aad0ea492858547e3f3493c9356c6ef87270d34d244f4fb882ac20
document-image: game\assets\images\council-sabantuy-2005.png sha256=5847783c6f7e9127bac529c803fc606b4ab53ed29fad64fa83ecd97db2390617
document-image: game\assets\images\first_snow_existing_v1.png sha256=8c31f2105170e876e36c02a790c2476cf3aa7d1769c20c98c5ab2ce5c72a0d7b
document-image: game\assets\images\kara_urman_edge_sketch_candidate_v1.png sha256=04b129ef18b34cc6ef49ee839bdc82e2a4c61f5e9567c1b742d69557079ee92a
document-image: game\assets\images\school-class-2005.png sha256=e1bb3bc6b854c5fdeddabdf7fa6777d7b5b6255221aa677eda24a2628bcfef3c
document-images: 5 declared raster files packaged

Сборка успешно завершена.
    Предупреждений: 0
    Ошибок: 0

Прошло времени 00:00:29.70
Godot Engine v4.7.1.stable.mono.official.a13da4feb - https://godotengine.org

[   0% ] [90m[1mfirst_scan_filesystem[22m | Started Инициализация проекта (5 steps)[39m[0m
[   0% ] [90m[1mfirst_scan_filesystem[22m | Сканирование структуры файлов…[39m[0m
[  16% ] [90m[1mfirst_scan_filesystem[22m | Загрузка глобальных имен классов…[39m[0m
[  33% ] [90m[1mfirst_scan_filesystem[22m | Проверка GDExtensions…[39m[0m
[  50% ] [90m[1mfirst_scan_filesystem[22m | Создание скриптов автозагрузки…[39m[0m
[  66% ] [90m[1mfirst_scan_filesystem[22m | Инициализация плагинов…[39m[0m
[  83% ] [90m[1mfirst_scan_filesystem[22m | Начало сканирование файлов…[39m[0m
[92m[ DONE ][39m [1mfirst_scan_filesystem[22m
[0m
[   0% ] [90m[1mupdate_scripts_classes[22m | Started Регистрация глобальных классов… (449 steps)[39m[0m
[   0% ] [90m[1mupdate_scripts_classes[22m | [39m[0m
[   0% ] [90m[1mupdate_scripts_classes[22m | [39m[0m
[   0% ] [90m[1mupdate_scripts_classes[22m | DebugUI[39m[0m
[   0% ] [90m[1mupdate_scripts_classes[22m | [39m[0m
[   0% ] [90m[1mupdate_scripts_classes[22m | [39m[0m
[   1% ] [90m[1mupdate_scripts_classes[22m | Vehicle[39m[0m
[   1% ] [90m[1mupdate_scripts_classes[22m | VehicleController[39m[0m
[   1% ] [90m[1mupdate_scripts_classes[22m | Wheel[39m[0m
[   1% ] [90m[1mupdate_scripts_classes[22m | [39m[0m
[   2% ] [90m[1mupdate_scripts_classes[22m | [39m[0m
[   2% ] [90m[1mupdate_scripts_classes[22m | [39m[0m
[   2% ] [90m[1mupdate_scripts_classes[22m | [39m[0m
[   2% ] [90m[1mupdate_scripts_classes[22m | [39m[0m
[   2% ] [90m[1mupdate_scripts_classes[22m | [39m[0m
[   3% ] [90m[1mupdate_scripts_classes[22m | [39m[0m
[   3% ] [90m[1mupdate_scripts_classes[22m | [39m[0m
[   3% ] [90m[1mupdate_scripts_classes[22m | [39m[0m
[   3% ] [90m[1mupdate_scripts_classes[22m | [39m[0m
[   4% ] [90m[1mupdate_scripts_classes[22m | [39m[0m
[   4% ] [90m[1mupdate_scripts_classes[22m | [39m[0m
[   4% ] [90m[1mupdate_scripts_classes[22m | [39m[0m
[   4% ] [90m[1mupdate_scripts_classes[22m | [39m[0m
[   4% ] [90m[1mupdate_scripts_classes[22m | [39m[0m
[   5% ] [90m[1mupdate_scripts_classes[22m | [39m[0m
[   5% ] [90m[1mupdate_scripts_classes[22m | [39m[0m
[   5% ] [90m[1mupdate_scripts_classes[22m | [39m[0m
[   5% ] [90m[1mupdate_scripts_classes[22m | [39m[0m
[   6% ] [90m[1mupdate_scripts_classes[22m | [39m[0m
[   6% ] [90m[1mupdate_scripts_classes[22m | [39m[0m
[   6% ] [90m[1mupdate_scripts_classes[22m | [39m[0m
[   6% ] [90m[1mupdate_scripts_classes[22m | [39m[0m
[   6% ] [90m[1mupdate_scripts_classes[22m | [39m[0m
[   7% ] [90m[1mupdate_scripts_classes[22m | [39m[0m
[   7% ] [90m[1mupdate_scripts_classes[22m | [39m[0m
[   7% ] [90m[1mupdate_scripts_classes[22m | [39m[0m
[   7% ] [90m[1mupdate_scripts_classes[22m | [39m[0m
[   8% ] [90m[1mupdate_scripts_classes[22m | [39m[0m
[   8% ] [90m[1mupdate_scripts_classes[22m | [39m[0m
[   8% ] [90m[1mupdate_scripts_classes[22m | [39m[0m
[   8% ] [90m[1mupdate_scripts_classes[22m | [39m[0m
[   8% ] [90m[1mupdate_scripts_classes[22m | [39m[0m
[   9% ] [90m[1mupdate_scripts_classes[22m | [39m[0m
[   9% ] [90m[1mupdate_scripts_classes[22m | [39m[0m
[   9% ] [90m[1mupdate_scripts_classes[22m | [39m[0m
[   9% ] [90m[1mupdate_scripts_classes[22m | [39m[0m
[  10% ] [90m[1mupdate_scripts_classes[22m | [39m[0m
[  10% ] [90m[1mupdate_scripts_classes[22m | [39m[0m
[  10% ] [90m[1mupdate_scripts_classes[22m | [39m[0m
[  10% ] [90m[1mupdate_scripts_classes[22m | [39m[0m
[  10% ] [90m[1mupdate_scripts_classes[22m | [39m[0m
[  11% ] [90m[1mupdate_scripts_classes[22m | [39m[0m
[  11% ] [90m[1mupdate_scripts_classes[22m | [39m[0m
[  11% ] [90m[1mupdate_scripts_classes[22m | [39m[0m
[  11% ] [90m[1mupdate_scripts_classes[22m | [39m[0m
[  12% ] [90m[1mupdate_scripts_classes[22m | [39m[0m
[  12% ] [90m[1mupdate_scripts_classes[22m | [39m[0m
[  12% ] [90m[1mupdate_scripts_classes[22m | [39m[0m
[  12% ] [90m[1mupdate_scripts_classes[22m | [39m[0m
[  12% ] [90m[1mupdate_scripts_classes[22m | [39m[0m
[  13% ] [90m[1mupdate_scripts_classes[22m | [39m[0m
[  13% ] [90m[1mupdate_scripts_classes[22m | [39m[0m
[  13% ] [90m[1mupdate_scripts_classes[22m | [39m[0m
[  13% ] [90m[1mupdate_scripts_classes[22m | [39m[0m
[  14% ] [90m[1mupdate_scripts_classes[22m | [39m[0m
[  14% ] [90m[1mupdate_scripts_classes[22m | [39m[0m
[  14% ] [90m[1mupdate_scripts_classes[22m | [39m[0m
[  14% ] [90m[1mupdate_scripts_classes[22m | [39m[0m
[  14% ] [90m[1mupdate_scripts_classes[22m | [39m[0m
[  15% ] [90m[1mupdate_scripts_classes[22m | [39m[0m
[  15% ] [90m[1mupdate_scripts_classes[22m | [39m[0m
[  15% ] [90m[1mupdate_scripts_classes[22m | [39m[0m
[  15% ] [90m[1mupdate_scripts_classes[22m | [39m[0m
[  16% ] [90m[1mupdate_scripts_classes[22m | [39m[0m
[  16% ] [90m[1mupdate_scripts_classes[22m | [39m[0m
[  16% ] [90m[1mupdate_scripts_classes[22m | [39m[0m
[  16% ] [90m[1mupdate_scripts_classes[22m | [39m[0m
[  16% ] [90m[1mupdate_scripts_classes[22m | [39m[0m
[  17% ] [90m[1mupdate_scripts_classes[22m | [39m[0m
[  17% ] [90m[1mupdate_scripts_classes[22m | [39m[0m
[  17% ] [90m[1mupdate_scripts_classes[22m | [39m[0m
[  17% ] [90m[1mupdate_scripts_classes[22m | [39m[0m
[  18% ] [90m[1mupdate_scripts_classes[22m | [39m[0m
[  18% ] [90m[1mupdate_scripts_classes[22m | [39m[0m
[  18% ] [90m[1mupdate_scripts_classes[22m | [39m[0m
[  18% ] [90m[1mupdate_scripts_classes[22m | [39m[0m
[  18% ] [90m[1mupdate_scripts_classes[22m | [39m[0m
[  19% ] [90m[1mupdate_scripts_classes[22m | [39m[0m
[  19% ] [90m[1mupdate_scripts_classes[22m | [39m[0m
[  19% ] [90m[1mupdate_scripts_classes[22m | [39m[0m
[  19% ] [90m[1mupdate_scripts_classes[22m | [39m[0m
[  20% ] [90m[1mupdate_scripts_classes[22m | [39m[0m
[  20% ] [90m[1mupdate_scripts_classes[22m | [39m[0m
[  20% ] [90m[1mupdate_scripts_classes[22m | [39m[0m
[  20% ] [90m[1mupdate_scripts_classes[22m | [39m[0m
[  20% ] [90m[1mupdate_scripts_classes[22m | [39m[0m
[  21% ] [90m[1mupdate_scripts_classes[22m | [39m[0m
[  21% ] [90m[1mupdate_scripts_classes[22m | [39m[0m
[  21% ] [90m[1mupdate_scripts_classes[22m | [39m[0m
[  21% ] [90m[1mupdate_scripts_classes[22m | [39m[0m
[  22% ] [90m[1mupdate_scripts_classes[22m | [39m[0m
[  22% ] [90m[1mupdate_scripts_classes[22m | [39m[0m
[  22% ] [90m[1mupdate_scripts_classes[22m | [39m[0m
[  22% ] [90m[1mupdate_scripts_classes[22m | [39m[0m
[  22% ] [90m[1mupdate_scripts_classes[22m | [39m[0m
[  23% ] [90m[1mupdate_scripts_classes[22m | [39m[0m
[  23% ] [90m[1mupdate_scripts_classes[22m | [39m[0m
[  23% ] [90m[1mupdate_scripts_classes[22m | [39m[0m
[  23% ] [90m[1mupdate_scripts_classes[22m | [39m[0m
[  24% ] [90m[1mupdate_scripts_classes[22m | [39m[0m
[  24% ] [90m[1mupdate_scripts_classes[22m | [39m[0m
[  24% ] [90m[1mupdate_scripts_classes[22m | [39m[0m
[  24% ] [90m[1mupdate_scripts_classes[22m | [39m[0m
[  24% ] [90m[1mupdate_scripts_classes[22m | [39m[0m
[  25% ] [90m[1mupdate_scripts_classes[22m | [39m[0m
[  25% ] [90m[1mupdate_scripts_classes[22m | [39m[0m
[  25% ] [90m[1mupdate_scripts_classes[22m | [39m[0m
[  25% ] [90m[1mupdate_scripts_classes[22m | [39m[0m
[  26% ] [90m[1mupdate_scripts_classes[22m | [39m[0m
[  26% ] [90m[1mupdate_scripts_classes[22m | [39m[0m
[  26% ] [90m[1mupdate_scripts_classes[22m | [39m[0m
[  26% ] [90m[1mupdate_scripts_classes[22m | [39m[0m
[  26% ] [90m[1mupdate_scripts_classes[22m | [39m[0m
[  27% ] [90m[1mupdate_scripts_classes[22m | [39m[0m
[  27% ] [90m[1mupdate_scripts_classes[22m | [39m[0m
[  27% ] [90m[1mupdate_scripts_classes[22m | [39m[0m
[  27% ] [90m[1mupdate_scripts_classes[22m | [39m[0m
[  28% ] [90m[1mupdate_scripts_classes[22m | [39m[0m
[  28% ] [90m[1mupdate_scripts_classes[22m | [39m[0m
[  28% ] [90m[1mupdate_scripts_classes[22m | [39m[0m
[  28% ] [90m[1mupdate_scripts_classes[22m | [39m[0m
[  28% ] [90m[1mupdate_scripts_classes[22m | [39m[0m
[  29% ] [90m[1mupdate_scripts_classes[22m | [39m[0m
[  29% ] [90m[1mupdate_scripts_classes[22m | [39m[0m
[  29% ] [90m[1mupdate_scripts_classes[22m | [39m[0m
[  29% ] [90m[1mupdate_scripts_classes[22m | [39m[0m
[  30% ] [90m[1mupdate_scripts_classes[22m | [39m[0m
[  30% ] [90m[1mupdate_scripts_classes[22m | [39m[0m
[  30% ] [90m[1mupdate_scripts_classes[22m | [39m[0m
[  30% ] [90m[1mupdate_scripts_classes[22m | [39m[0m
[  30% ] [90m[1mupdate_scripts_classes[22m | [39m[0m
[  31% ] [90m[1mupdate_scripts_classes[22m | [39m[0m
[  31% ] [90m[1mupdate_scripts_classes[22m | [39m[0m
[  31% ] [90m[1mupdate_scripts_classes[22m | [39m[0m
[  31% ] [90m[1mupdate_scripts_classes[22m | [39m[0m
[  32% ] [90m[1mupdate_scripts_classes[22m | [39m[0m
[  32% ] [90m[1mupdate_scripts_classes[22m | [39m[0m
[  32% ] [90m[1mupdate_scripts_classes[22m | [39m[0m
[  32% ] [90m[1mupdate_scripts_classes[22m | [39m[0m
[  32% ] [90m[1mupdate_scripts_classes[22m | [39m[0m
[  33% ] [90m[1mupdate_scripts_classes[22m | [39m[0m
[  33% ] [90m[1mupdate_scripts_classes[22m | [39m[0m
[  33% ] [90m[1mupdate_scripts_classes[22m | [39m[0m
[  33% ] [90m[1mupdate_scripts_classes[22m | [39m[0m
[  34% ] [90m[1mupdate_scripts_classes[22m | [39m[0m
[  34% ] [90m[1mupdate_scripts_classes[22m | [39m[0m
[  34% ] [90m[1mupdate_scripts_classes[22m | [39m[0m
[  34% ] [90m[1mupdate_scripts_classes[22m | [39m[0m
[  34% ] [90m[1mupdate_scripts_classes[22m | [39m[0m
[  35% ] [90m[1mupdate_scripts_classes[22m | [39m[0m
[  35% ] [90m[1mupdate_scripts_classes[22m | [39m[0m
[  35% ] [90m[1mupdate_scripts_classes[22m | [39m[0m
[  35% ] [90m[1mupdate_scripts_classes[22m | [39m[0m
[  36% ] [90m[1mupdate_scripts_classes[22m | [39m[0m
[  36% ] [90m[1mupdate_scripts_classes[22m | [39m[0m
[  36% ] [90m[1mupdate_scripts_classes[22m | [39m[0m
[  36% ] [90m[1mupdate_scripts_classes[22m | [39m[0m
[  36% ] [90m[1mupdate_scripts_classes[22m | [39m[0m
[  37% ] [90m[1mupdate_scripts_classes[22m | [39m[0m
[  37% ] [90m[1mupdate_scripts_classes[22m | [39m[0m
[  37% ] [90m[1mupdate_scripts_classes[22m | [39m[0m
[  37% ] [90m[1mupdate_scripts_classes[22m | [39m[0m
[  38% ] [90m[1mupdate_scripts_classes[22m | [39m[0m
[  38% ] [90m[1mupdate_scripts_classes[22m | [39m[0m
[  38% ] [90m[1mupdate_scripts_classes[22m | [39m[0m
[  38% ] [90m[1mupdate_scripts_classes[22m | [39m[0m
[  38% ] [90m[1mupdate_scripts_classes[22m | [39m[0m
[  39% ] [90m[1mupdate_scripts_classes[22m | [39m[0m
[  39% ] [90m[1mupdate_scripts_classes[22m | [39m[0m
[  39% ] [90m[1mupdate_scripts_classes[22m | [39m[0m
[  39% ] [90m[1mupdate_scripts_classes[22m | [39m[0m
[  40% ] [90m[1mupdate_scripts_classes[22m | [39m[0m
[  40% ] [90m[1mupdate_scripts_classes[22m | [39m[0m
[  40% ] [90m[1mupdate_scripts_classes[22m | [39m[0m
[  40% ] [90m[1mupdate_scripts_classes[22m | [39m[0m
[  40% ] [90m[1mupdate_scripts_classes[22m | [39m[0m
[  41% ] [90m[1mupdate_scripts_classes[22m | [39m[0m
[  41% ] [90m[1mupdate_scripts_classes[22m | [39m[0m
[  41% ] [90m[1mupdate_scripts_classes[22m | [39m[0m
[  41% ] [90m[1mupdate_scripts_classes[22m | [39m[0m
[  42% ] [90m[1mupdate_scripts_classes[22m | [39m[0m
[  42% ] [90m[1mupdate_scripts_classes[22m | [39m[0m
[  42% ] [90m[1mupdate_scripts_classes[22m | [39m[0m
[  42% ] [90m[1mupdate_scripts_classes[22m | [39m[0m
[  42% ] [90m[1mupdate_scripts_classes[22m | [39m[0m
[  43% ] [90m[1mupdate_scripts_classes[22m | [39m[0m
[  43% ] [90m[1mupdate_scripts_classes[22m | [39m[0m
[  43% ] [90m[1mupdate_scripts_classes[22m | [39m[0m
[  43% ] [90m[1mupdate_scripts_classes[22m | [39m[0m
[  44% ] [90m[1mupdate_scripts_classes[22m | [39m[0m
[  44% ] [90m[1mupdate_scripts_classes[22m | [39m[0m
[  44% ] [90m[1mupdate_scripts_classes[22m | [39m[0m
[  44% ] [90m[1mupdate_scripts_classes[22m | [39m[0m
[  44% ] [90m[1mupdate_scripts_classes[22m | [39m[0m
[  45% ] [90m[1mupdate_scripts_classes[22m | [39m[0m
[  45% ] [90m[1mupdate_scripts_classes[22m | [39m[0m
[  45% ] [90m[1mupdate_scripts_classes[22m | [39m[0m
[  45% ] [90m[1mupdate_scripts_classes[22m | [39m[0m
[  46% ] [90m[1mupdate_scripts_classes[22m | [39m[0m
[  46% ] [90m[1mupdate_scripts_classes[22m | [39m[0m
[  46% ] [90m[1mupdate_scripts_classes[22m | [39m[0m
[  46% ] [90m[1mupdate_scripts_classes[22m | [39m[0m
[  46% ] [90m[1mupdate_scripts_classes[22m | [39m[0m
[  47% ] [90m[1mupdate_scripts_classes[22m | [39m[0m
[  47% ] [90m[1mupdate_scripts_classes[22m | [39m[0m
[  47% ] [90m[1mupdate_scripts_classes[22m | [39m[0m
[  47% ] [90m[1mupdate_scripts_classes[22m | [39m[0m
[  48% ] [90m[1mupdate_scripts_classes[22m | [39m[0m
[  48% ] [90m[1mupdate_scripts_classes[22m | [39m[0m
[  48% ] [90m[1mupdate_scripts_classes[22m | [39m[0m
[  48% ] [90m[1mupdate_scripts_classes[22m | [39m[0m
[  48% ] [90m[1mupdate_scripts_classes[22m | [39m[0m
[  49% ] [90m[1mupdate_scripts_classes[22m | [39m[0m
[  49% ] [90m[1mupdate_scripts_classes[22m | [39m[0m
[  49% ] [90m[1mupdate_scripts_classes[22m | [39m[0m
[  49% ] [90m[1mupdate_scripts_classes[22m | [39m[0m
[  50% ] [90m[1mupdate_scripts_classes[22m | [39m[0m
[  50% ] [90m[1mupdate_scripts_classes[22m | [39m[0m
[  50% ] [90m[1mupdate_scripts_classes[22m | [39m[0m
[  50% ] [90m[1mupdate_scripts_classes[22m | [39m[0m
[  50% ] [90m[1mupdate_scripts_classes[22m | [39m[0m
[  51% ] [90m[1mupdate_scripts_classes[22m | [39m[0m
[  51% ] [90m[1mupdate_scripts_classes[22m | [39m[0m
[  51% ] [90m[1mupdate_scripts_classes[22m | [39m[0m
[  51% ] [90m[1mupdate_scripts_classes[22m | [39m[0m
[  52% ] [90m[1mupdate_scripts_classes[22m | [39m[0m
[  52% ] [90m[1mupdate_scripts_classes[22m | [39m[0m
[  52% ] [90m[1mupdate_scripts_classes[22m | [39m[0m
[  52% ] [90m[1mupdate_scripts_classes[22m | [39m[0m
[  52% ] [90m[1mupdate_scripts_classes[22m | [39m[0m
[  53% ] [90m[1mupdate_scripts_classes[22m | [39m[0m
[  53% ] [90m[1mupdate_scripts_classes[22m | [39m[0m
[  53% ] [90m[1mupdate_scripts_classes[22m | [39m[0m
[  53% ] [90m[1mupdate_scripts_classes[22m | [39m[0m
[  54% ] [90m[1mupdate_scripts_classes[22m | [39m[0m
[  54% ] [90m[1mupdate_scripts_classes[22m | [39m[0m
[  54% ] [90m[1mupdate_scripts_classes[22m | [39m[0m
[  54% ] [90m[1mupdate_scripts_classes[22m | [39m[0m
[  54% ] [90m[1mupdate_scripts_classes[22m | [39m[0m
[  55% ] [90m[1mupdate_scripts_classes[22m | [39m[0m
[  55% ] [90m[1mupdate_scripts_classes[22m | [39m[0m
[  55% ] [90m[1mupdate_scripts_classes[22m | [39m[0m
[  55% ] [90m[1mupdate_scripts_classes[22m | [39m[0m
[  56% ] [90m[1mupdate_scripts_classes[22m | [39m[0m
[  56% ] [90m[1mupdate_scripts_classes[22m | [39m[0m
[  56% ] [90m[1mupdate_scripts_classes[22m | [39m[0m
[  56% ] [90m[1mupdate_scripts_classes[22m | [39m[0m
[  56% ] [90m[1mupdate_scripts_classes[22m | [39m[0m
[  57% ] [90m[1mupdate_scripts_classes[22m | [39m[0m
[  57% ] [90m[1mupdate_scripts_classes[22m | [39m[0m
[  57% ] [90m[1mupdate_scripts_classes[22m | [39m[0m
[  57% ] [90m[1mupdate_scripts_classes[22m | [39m[0m
[  58% ] [90m[1mupdate_scripts_classes[22m | [39m[0m
[  58% ] [90m[1mupdate_scripts_classes[22m | [39m[0m
[  58% ] [90m[1mupdate_scripts_classes[22m | [39m[0m
[  58% ] [90m[1mupdate_scripts_classes[22m | [39m[0m
[  58% ] [90m[1mupdate_scripts_classes[22m | [39m[0m
[  59% ] [90m[1mupdate_scripts_classes[22m | [39m[0m
[  59% ] [90m[1mupdate_scripts_classes[22m | [39m[0m
[  59% ] [90m[1mupdate_scripts_classes[22m | [39m[0m
[  59% ] [90m[1mupdate_scripts_classes[22m | [39m[0m
[  60% ] [90m[1mupdate_scripts_classes[22m | [39m[0m
[  60% ] [90m[1mupdate_scripts_classes[22m | [39m[0m
[  60% ] [90m[1mupdate_scripts_classes[22m | [39m[0m
[  60% ] [90m[1mupdate_scripts_classes[22m | [39m[0m
[  60% ] [90m[1mupdate_scripts_classes[22m | [39m[0m
[  61% ] [90m[1mupdate_scripts_classes[22m | [39m[0m
[  61% ] [90m[1mupdate_scripts_classes[22m | [39m[0m
[  61% ] [90m[1mupdate_scripts_classes[22m | [39m[0m
[  61% ] [90m[1mupdate_scripts_classes[22m | [39m[0m
[  62% ] [90m[1mupdate_scripts_classes[22m | [39m[0m
[  62% ] [90m[1mupdate_scripts_classes[22m | [39m[0m
[  62% ] [90m[1mupdate_scripts_classes[22m | [39m[0m
[  62% ] [90m[1mupdate_scripts_classes[22m | [39m[0m
[  62% ] [90m[1mupdate_scripts_classes[22m | [39m[0m
[  63% ] [90m[1mupdate_scripts_classes[22m | [39m[0m
[  63% ] [90m[1mupdate_scripts_classes[22m | [39m[0m
[  63% ] [90m[1mupdate_scripts_classes[22m | [39m[0m
[  63% ] [90m[1mupdate_scripts_classes[22m | [39m[0m
[  64% ] [90m[1mupdate_scripts_classes[22m | [39m[0m
[  64% ] [90m[1mupdate_scripts_classes[22m | [39m[0m
[  64% ] [90m[1mupdate_scripts_classes[22m | [39m[0m
[  64% ] [90m[1mupdate_scripts_classes[22m | [39m[0m
[  64% ] [90m[1mupdate_scripts_classes[22m | [39m[0m
[  65% ] [90m[1mupdate_scripts_classes[22m | [39m[0m
[  65% ] [90m[1mupdate_scripts_classes[22m | [39m[0m
[  65% ] [90m[1mupdate_scripts_classes[22m | [39m[0m
[  65% ] [90m[1mupdate_scripts_classes[22m | [39m[0m
[  66% ] [90m[1mupdate_scripts_classes[22m | [39m[0m
[  66% ] [90m[1mupdate_scripts_classes[22m | [39m[0m
[  66% ] [90m[1mupdate_scripts_classes[22m | [39m[0m
[  66% ] [90m[1mupdate_scripts_classes[22m | [39m[0m
[  66% ] [90m[1mupdate_scripts_classes[22m | [39m[0m
[  67% ] [90m[1mupdate_scripts_classes[22m | [39m[0m
[  67% ] [90m[1mupdate_scripts_classes[22m | [39m[0m
[  67% ] [90m[1mupdate_scripts_classes[22m | [39m[0m
[  67% ] [90m[1mupdate_scripts_classes[22m | [39m[0m
[  68% ] [90m[1mupdate_scripts_classes[22m | [39m[0m
[  68% ] [90m[1mupdate_scripts_classes[22m | [39m[0m
[  68% ] [90m[1mupdate_scripts_classes[22m | [39m[0m
[  68% ] [90m[1mupdate_scripts_classes[22m | [39m[0m
[  68% ] [90m[1mupdate_scripts_classes[22m | [39m[0m
[  69% ] [90m[1mupdate_scripts_classes[22m | [39m[0m
[  69% ] [90m[1mupdate_scripts_classes[22m | [39m[0m
[  69% ] [90m[1mupdate_scripts_classes[22m | [39m[0m
[  69% ] [90m[1mupdate_scripts_classes[22m | [39m[0m
[  70% ] [90m[1mupdate_scripts_classes[22m | [39m[0m
[  70% ] [90m[1mupdate_scripts_classes[22m | [39m[0m
[  70% ] [90m[1mupdate_scripts_classes[22m | [39m[0m
[  70% ] [90m[1mupdate_scripts_classes[22m | [39m[0m
[  70% ] [90m[1mupdate_scripts_classes[22m | [39m[0m
[  71% ] [90m[1mupdate_scripts_classes[22m | [39m[0m
[  71% ] [90m[1mupdate_scripts_classes[22m | [39m[0m
[  71% ] [90m[1mupdate_scripts_classes[22m | [39m[0m
[  71% ] [90m[1mupdate_scripts_classes[22m | [39m[0m
[  72% ] [90m[1mupdate_scripts_classes[22m | [39m[0m
[  72% ] [90m[1mupdate_scripts_classes[22m | [39m[0m
[  72% ] [90m[1mupdate_scripts_classes[22m | [39m[0m
[  72% ] [90m[1mupdate_scripts_classes[22m | [39m[0m
[  72% ] [90m[1mupdate_scripts_classes[22m | [39m[0m
[  73% ] [90m[1mupdate_scripts_classes[22m | [39m[0m
[  73% ] [90m[1mupdate_scripts_classes[22m | [39m[0m
[  73% ] [90m[1mupdate_scripts_classes[22m | [39m[0m
[  73% ] [90m[1mupdate_scripts_classes[22m | [39m[0m
[  74% ] [90m[1mupdate_scripts_classes[22m | [39m[0m
[  74% ] [90m[1mupdate_scripts_classes[22m | [39m[0m
[  74% ] [90m[1mupdate_scripts_classes[22m | [39m[0m
[  74% ] [90m[1mupdate_scripts_classes[22m | [39m[0m
[  74% ] [90m[1mupdate_scripts_classes[22m | [39m[0m
[  75% ] [90m[1mupdate_scripts_classes[22m | [39m[0m
[  75% ] [90m[1mupdate_scripts_classes[22m | [39m[0m
[  75% ] [90m[1mupdate_scripts_classes[22m | [39m[0m
[  75% ] [90m[1mupdate_scripts_classes[22m | [39m[0m
[  76% ] [90m[1mupdate_scripts_classes[22m | [39m[0m
[  76% ] [90m[1mupdate_scripts_classes[22m | [39m[0m
[  76% ] [90m[1mupdate_scripts_classes[22m | [39m[0m
[  76% ] [90m[1mupdate_scripts_classes[22m | [39m[0m
[  76% ] [90m[1mupdate_scripts_classes[22m | [39m[0m
[  77% ] [90m[1mupdate_scripts_classes[22m | [39m[0m
[  77% ] [90m[1mupdate_scripts_classes[22m | [39m[0m
[  77% ] [90m[1mupdate_scripts_classes[22m | [39m[0m
[  77% ] [90m[1mupdate_scripts_classes[22m | [39m[0m
[  78% ] [90m[1mupdate_scripts_classes[22m | [39m[0m
[  78% ] [90m[1mupdate_scripts_classes[22m | [39m[0m
[  78% ] [90m[1mupdate_scripts_classes[22m | [39m[0m
[  78% ] [90m[1mupdate_scripts_classes[22m | [39m[0m
[  78% ] [90m[1mupdate_scripts_classes[22m | [39m[0m
[  79% ] [90m[1mupdate_scripts_classes[22m | [39m[0m
[  79% ] [90m[1mupdate_scripts_classes[22m | [39m[0m
[  79% ] [90m[1mupdate_scripts_classes[22m | [39m[0m
[  79% ] [90m[1mupdate_scripts_classes[22m | [39m[0m
[  80% ] [90m[1mupdate_scripts_classes[22m | [39m[0m
[  80% ] [90m[1mupdate_scripts_classes[22m | [39m[0m
[  80% ] [90m[1mupdate_scripts_classes[22m | [39m[0m
[  80% ] [90m[1mupdate_scripts_classes[22m | [39m[0m
[  80% ] [90m[1mupdate_scripts_classes[22m | [39m[0m
[  81% ] [90m[1mupdate_scripts_classes[22m | [39m[0m
[  81% ] [90m[1mupdate_scripts_classes[22m | [39m[0m
[  81% ] [90m[1mupdate_scripts_classes[22m | [39m[0m
[  81% ] [90m[1mupdate_scripts_classes[22m | [39m[0m
[  82% ] [90m[1mupdate_scripts_classes[22m | [39m[0m
[  82% ] [90m[1mupdate_scripts_classes[22m | [39m[0m
[  82% ] [90m[1mupdate_scripts_classes[22m | [39m[0m
[  82% ] [90m[1mupdate_scripts_classes[22m | [39m[0m
[  82% ] [90m[1mupdate_scripts_classes[22m | [39m[0m
[  83% ] [90m[1mupdate_scripts_classes[22m | [39m[0m
[  83% ] [90m[1mupdate_scripts_classes[22m | [39m[0m
[  83% ] [90m[1mupdate_scripts_classes[22m | [39m[0m
[  83% ] [90m[1mupdate_scripts_classes[22m | [39m[0m
[  84% ] [90m[1mupdate_scripts_classes[22m | [39m[0m
[  84% ] [90m[1mupdate_scripts_classes[22m | [39m[0m
[  84% ] [90m[1mupdate_scripts_classes[22m | [39m[0m
[  84% ] [90m[1mupdate_scripts_classes[22m | [39m[0m
[  84% ] [90m[1mupdate_scripts_classes[22m | [39m[0m
[  85% ] [90m[1mupdate_scripts_classes[22m | [39m[0m
[  85% ] [90m[1mupdate_scripts_classes[22m | [39m[0m
[  85% ] [90m[1mupdate_scripts_classes[22m | [39m[0m
[  85% ] [90m[1mupdate_scripts_classes[22m | [39m[0m
[  86% ] [90m[1mupdate_scripts_classes[22m | [39m[0m
[  86% ] [90m[1mupdate_scripts_classes[22m | [39m[0m
[  86% ] [90m[1mupdate_scripts_classes[22m | [39m[0m
[  86% ] [90m[1mupdate_scripts_classes[22m | [39m[0m
[  86% ] [90m[1mupdate_scripts_classes[22m | [39m[0m
[  87% ] [90m[1mupdate_scripts_classes[22m | [39m[0m
[  87% ] [90m[1mupdate_scripts_classes[22m | [39m[0m
[  87% ] [90m[1mupdate_scripts_classes[22m | [39m[0m
[  87% ] [90m[1mupdate_scripts_classes[22m | [39m[0m
[  88% ] [90m[1mupdate_scripts_classes[22m | [39m[0m
[  88% ] [90m[1mupdate_scripts_classes[22m | [39m[0m
[  88% ] [90m[1mupdate_scripts_classes[22m | [39m[0m
[  88% ] [90m[1mupdate_scripts_classes[22m | [39m[0m
[  88% ] [90m[1mupdate_scripts_classes[22m | [39m[0m
[  89% ] [90m[1mupdate_scripts_classes[22m | [39m[0m
[  89% ] [90m[1mupdate_scripts_classes[22m | [39m[0m
[  89% ] [90m[1mupdate_scripts_classes[22m | [39m[0m
[  89% ] [90m[1mupdate_scripts_classes[22m | [39m[0m
[  90% ] [90m[1mupdate_scripts_classes[22m | [39m[0m
[  90% ] [90m[1mupdate_scripts_classes[22m | [39m[0m
[  90% ] [90m[1mupdate_scripts_classes[22m | [39m[0m
[  90% ] [90m[1mupdate_scripts_classes[22m | [39m[0m
[  90% ] [90m[1mupdate_scripts_classes[22m | [39m[0m
[  91% ] [90m[1mupdate_scripts_classes[22m | [39m[0m
[  91% ] [90m[1mupdate_scripts_classes[22m | [39m[0m
[  91% ] [90m[1mupdate_scripts_classes[22m | [39m[0m
[  91% ] [90m[1mupdate_scripts_classes[22m | [39m[0m
[  92% ] [90m[1mupdate_scripts_classes[22m | [39m[0m
[  92% ] [90m[1mupdate_scripts_classes[22m | [39m[0m
[  92% ] [90m[1mupdate_scripts_classes[22m | [39m[0m
[  92% ] [90m[1mupdate_scripts_classes[22m | [39m[0m
[  92% ] [90m[1mupdate_scripts_classes[22m | [39m[0m
[  93% ] [90m[1mupdate_scripts_classes[22m | [39m[0m
[  93% ] [90m[1mupdate_scripts_classes[22m | [39m[0m
[  93% ] [90m[1mupdate_scripts_classes[22m | [39m[0m
[  93% ] [90m[1mupdate_scripts_classes[22m | [39m[0m
[  94% ] [90m[1mupdate_scripts_classes[22m | [39m[0m
[  94% ] [90m[1mupdate_scripts_classes[22m | [39m[0m
[  94% ] [90m[1mupdate_scripts_classes[22m | [39m[0m
[  94% ] [90m[1mupdate_scripts_classes[22m | [39m[0m
[  94% ] [90m[1mupdate_scripts_classes[22m | [39m[0m
[  95% ] [90m[1mupdate_scripts_classes[22m | [39m[0m
[  95% ] [90m[1mupdate_scripts_classes[22m | [39m[0m
[  95% ] [90m[1mupdate_scripts_classes[22m | [39m[0m
[  95% ] [90m[1mupdate_scripts_classes[22m | [39m[0m
[  96% ] [90m[1mupdate_scripts_classes[22m | [39m[0m
[  96% ] [90m[1mupdate_scripts_classes[22m | [39m[0m
[  96% ] [90m[1mupdate_scripts_classes[22m | [39m[0m
[  96% ] [90m[1mupdate_scripts_classes[22m | [39m[0m
[  96% ] [90m[1mupdate_scripts_classes[22m | [39m[0m
[  97% ] [90m[1mupdate_scripts_classes[22m | [39m[0m
[  97% ] [90m[1mupdate_scripts_classes[22m | [39m[0m
[  97% ] [90m[1mupdate_scripts_classes[22m | [39m[0m
[  97% ] [90m[1mupdate_scripts_classes[22m | [39m[0m
[  98% ] [90m[1mupdate_scripts_classes[22m | [39m[0m
[  98% ] [90m[1mupdate_scripts_classes[22m | [39m[0m
[  98% ] [90m[1mupdate_scripts_classes[22m | [39m[0m
[  98% ] [90m[1mupdate_scripts_classes[22m | [39m[0m
[  98% ] [90m[1mupdate_scripts_classes[22m | [39m[0m
[  99% ] [90m[1mupdate_scripts_classes[22m | [39m[0m
[  99% ] [90m[1mupdate_scripts_classes[22m | [39m[0m
[  99% ] [90m[1mupdate_scripts_classes[22m | [39m[0m
[92m[ DONE ][39m [1mupdate_scripts_classes[22m
[0m
[   0% ] [90m[1m_update_scan_actions[22m | Started Сканирование действий… (368 steps)[39m[0m
[   0% ] [90m[1m_update_scan_actions[22m | 4000.wav[39m[0m
[   0% ] [90m[1m_update_scan_actions[22m | icon.png[39m[0m
[   0% ] [90m[1m_update_scan_actions[22m | ual1_standard.glb[39m[0m
[   0% ] [90m[1m_update_scan_actions[22m | banya_room_loop.wav[39m[0m
[   1% ] [90m[1m_update_scan_actions[22m | drip_loop.wav[39m[0m
[   1% ] [90m[1m_update_scan_actions[22m | steam_burst.wav[39m[0m
[   1% ] [90m[1m_update_scan_actions[22m | water_scoop.wav[39m[0m
[   1% ] [90m[1m_update_scan_actions[22m | spirit_breath_loop.wav[39m[0m
[   2% ] [90m[1m_update_scan_actions[22m | spirit_creak.wav[39m[0m
[   2% ] [90m[1m_update_scan_actions[22m | spirit_exhale.wav[39m[0m
[   2% ] [90m[1m_update_scan_actions[22m | spirit_wet_step.wav[39m[0m
[   2% ] [90m[1m_update_scan_actions[22m | bridge_groan_loop.wav[39m[0m
[   3% ] [90m[1m_update_scan_actions[22m | bridge_rope_rattle.wav[39m[0m
[   3% ] [90m[1m_update_scan_actions[22m | body_fall.wav[39m[0m
[   3% ] [90m[1m_update_scan_actions[22m | branch_crack.wav[39m[0m
[   4% ] [90m[1m_update_scan_actions[22m | brush_rustle.wav[39m[0m
[   4% ] [90m[1m_update_scan_actions[22m | dread_drone.wav[39m[0m
[   4% ] [90m[1m_update_scan_actions[22m | fox_scream.wav[39m[0m
[   4% ] [90m[1m_update_scan_actions[22m | gasp.wav[39m[0m
[   5% ] [90m[1m_update_scan_actions[22m | heartbeat.wav[39m[0m
[   5% ] [90m[1m_update_scan_actions[22m | knockout_ring.wav[39m[0m
[   5% ] [90m[1m_update_scan_actions[22m | low_moan.wav[39m[0m
[   5% ] [90m[1m_update_scan_actions[22m | owl_eagle.wav[39m[0m
[   6% ] [90m[1m_update_scan_actions[22m | owl_tawny.wav[39m[0m
[   6% ] [90m[1m_update_scan_actions[22m | radio_evp.wav[39m[0m
[   6% ] [90m[1m_update_scan_actions[22m | runner_past.wav[39m[0m
[   7% ] [90m[1m_update_scan_actions[22m | rush_close.wav[39m[0m
[   7% ] [90m[1m_update_scan_actions[22m | scare_sting.wav[39m[0m
[   7% ] [90m[1m_update_scan_actions[22m | strange_clicks.wav[39m[0m
[   7% ] [90m[1m_update_scan_actions[22m | wind_gust.wav[39m[0m
[   8% ] [90m[1m_update_scan_actions[22m | wolf_far.wav[39m[0m
[   8% ] [90m[1m_update_scan_actions[22m | creak_00.wav[39m[0m
[   8% ] [90m[1m_update_scan_actions[22m | creak_01.wav[39m[0m
[   8% ] [90m[1m_update_scan_actions[22m | creak_02.wav[39m[0m
[   9% ] [90m[1m_update_scan_actions[22m | door_creak.wav[39m[0m
[   9% ] [90m[1m_update_scan_actions[22m | hollow_board.wav[39m[0m
[   9% ] [90m[1m_update_scan_actions[22m | keyboard_key.wav[39m[0m
[  10% ] [90m[1m_update_scan_actions[22m | metal_rattle.wav[39m[0m
[  10% ] [90m[1m_update_scan_actions[22m | paper_open.wav[39m[0m
[  10% ] [90m[1m_update_scan_actions[22m | ui_click.wav[39m[0m
[  10% ] [90m[1m_update_scan_actions[22m | wood_tap.wav[39m[0m
[  11% ] [90m[1m_update_scan_actions[22m | step_grass_00.wav[39m[0m
[  11% ] [90m[1m_update_scan_actions[22m | step_grass_01.wav[39m[0m
[  11% ] [90m[1m_update_scan_actions[22m | step_grass_02.wav[39m[0m
[  11% ] [90m[1m_update_scan_actions[22m | step_interior_floor_00.wav[39m[0m
[  12% ] [90m[1m_update_scan_actions[22m | step_interior_floor_01.wav[39m[0m
[  12% ] [90m[1m_update_scan_actions[22m | step_interior_floor_02.wav[39m[0m
[  12% ] [90m[1m_update_scan_actions[22m | step_mud_00.wav[39m[0m
[  13% ] [90m[1m_update_scan_actions[22m | step_mud_01.wav[39m[0m
[  13% ] [90m[1m_update_scan_actions[22m | step_mud_02.wav[39m[0m
[  13% ] [90m[1m_update_scan_actions[22m | step_snow_packed_00.wav[39m[0m
[  13% ] [90m[1m_update_scan_actions[22m | step_snow_packed_01.wav[39m[0m
[  14% ] [90m[1m_update_scan_actions[22m | step_snow_packed_02.wav[39m[0m
[  14% ] [90m[1m_update_scan_actions[22m | step_snow_soft_00.wav[39m[0m
[  14% ] [90m[1m_update_scan_actions[22m | step_snow_soft_01.wav[39m[0m
[  14% ] [90m[1m_update_scan_actions[22m | step_snow_soft_02.wav[39m[0m
[  15% ] [90m[1m_update_scan_actions[22m | step_wet_road_00.wav[39m[0m
[  15% ] [90m[1m_update_scan_actions[22m | step_wet_road_01.wav[39m[0m
[  15% ] [90m[1m_update_scan_actions[22m | step_wet_road_02.wav[39m[0m
[  15% ] [90m[1m_update_scan_actions[22m | step_wood_00.wav[39m[0m
[  16% ] [90m[1m_update_scan_actions[22m | step_wood_01.wav[39m[0m
[  16% ] [90m[1m_update_scan_actions[22m | step_wood_02.wav[39m[0m
[  16% ] [90m[1m_update_scan_actions[22m | avyl-ident.wav[39m[0m
[  17% ] [90m[1m_update_scan_actions[22m | family-salam.wav[39m[0m
[  17% ] [90m[1m_update_scan_actions[22m | local-workshop.wav[39m[0m
[  17% ] [90m[1m_update_scan_actions[22m | lost-glove.wav[39m[0m
[  17% ] [90m[1m_update_scan_actions[22m | nearby-villages.wav[39m[0m
[  18% ] [90m[1m_update_scan_actions[22m | night-repeat.wav[39m[0m
[  18% ] [90m[1m_update_scan_actions[22m | school-bus.wav[39m[0m
[  18% ] [90m[1m_update_scan_actions[22m | village-photos.wav[39m[0m
[  18% ] [90m[1m_update_scan_actions[22m | winter-congratulations.wav[39m[0m
[  19% ] [90m[1m_update_scan_actions[22m | winter-weather.wav[39m[0m
[  19% ] [90m[1m_update_scan_actions[22m | music-one.wav[39m[0m
[  19% ] [90m[1m_update_scan_actions[22m | adhan.wav[39m[0m
[  20% ] [90m[1m_update_scan_actions[22m | axe.wav[39m[0m
[  20% ] [90m[1m_update_scan_actions[22m | barn_hens.wav[39m[0m
[  20% ] [90m[1m_update_scan_actions[22m | boots_snow.wav[39m[0m
[  20% ] [90m[1m_update_scan_actions[22m | bullfinch.wav[39m[0m
[  21% ] [90m[1m_update_scan_actions[22m | chatter.wav[39m[0m
[  21% ] [90m[1m_update_scan_actions[22m | children.wav[39m[0m
[  21% ] [90m[1m_update_scan_actions[22m | cow.wav[39m[0m
[  21% ] [90m[1m_update_scan_actions[22m | cow_distant.wav[39m[0m
[  22% ] [90m[1m_update_scan_actions[22m | crows.wav[39m[0m
[  22% ] [90m[1m_update_scan_actions[22m | dog_distant.wav[39m[0m
[  22% ] [90m[1m_update_scan_actions[22m | forest_branch.wav[39m[0m
[  23% ] [90m[1m_update_scan_actions[22m | garmon.wav[39m[0m
[  23% ] [90m[1m_update_scan_actions[22m | gate.wav[39m[0m
[  23% ] [90m[1m_update_scan_actions[22m | gate_squeak.wav[39m[0m
[  23% ] [90m[1m_update_scan_actions[22m | gramophone_music.wav[39m[0m
[  24% ] [90m[1m_update_scan_actions[22m | horse.wav[39m[0m
[  24% ] [90m[1m_update_scan_actions[22m | house_hum.wav[39m[0m
[  24% ] [90m[1m_update_scan_actions[22m | laughter.wav[39m[0m
[  24% ] [90m[1m_update_scan_actions[22m | magpie.wav[39m[0m
[  25% ] [90m[1m_update_scan_actions[22m | pot.wav[39m[0m
[  25% ] [90m[1m_update_scan_actions[22m | raven.wav[39m[0m
[  25% ] [90m[1m_update_scan_actions[22m | saw.wav[39m[0m
[  26% ] [90m[1m_update_scan_actions[22m | song_ellar_chakyra.wav[39m[0m
[  26% ] [90m[1m_update_scan_actions[22m | song_iske_kara_urman.wav[39m[0m
[  26% ] [90m[1m_update_scan_actions[22m | song_kubalek.wav[39m[0m
[  26% ] [90m[1m_update_scan_actions[22m | song_tatarskoe_selo.wav[39m[0m
[  27% ] [90m[1m_update_scan_actions[22m | song_tynlarsynmy.wav[39m[0m
[  27% ] [90m[1m_update_scan_actions[22m | stove.wav[39m[0m
[  27% ] [90m[1m_update_scan_actions[22m | stove_kindling.wav[39m[0m
[  27% ] [90m[1m_update_scan_actions[22m | tit.wav[39m[0m
[  28% ] [90m[1m_update_scan_actions[22m | tv.wav[39m[0m
[  28% ] [90m[1m_update_scan_actions[22m | tv_movie.wav[39m[0m
[  28% ] [90m[1m_update_scan_actions[22m | tv_news.wav[39m[0m
[  28% ] [90m[1m_update_scan_actions[22m | tv_static.wav[39m[0m
[  29% ] [90m[1m_update_scan_actions[22m | tv_switch.wav[39m[0m
[  29% ] [90m[1m_update_scan_actions[22m | valenki.wav[39m[0m
[  29% ] [90m[1m_update_scan_actions[22m | village_dread_layer.wav[39m[0m
[  30% ] [90m[1m_update_scan_actions[22m | village_life_layer.wav[39m[0m
[  30% ] [90m[1m_update_scan_actions[22m | vinyl_crackle.wav[39m[0m
[  30% ] [90m[1m_update_scan_actions[22m | broom.wav[39m[0m
[  30% ] [90m[1m_update_scan_actions[22m | cat.wav[39m[0m
[  31% ] [90m[1m_update_scan_actions[22m | clock.wav[39m[0m
[  31% ] [90m[1m_update_scan_actions[22m | cutlery.wav[39m[0m
[  31% ] [90m[1m_update_scan_actions[22m | dog.wav[39m[0m
[  31% ] [90m[1m_update_scan_actions[22m | hens.wav[39m[0m
[  32% ] [90m[1m_update_scan_actions[22m | kettle.wav[39m[0m
[  32% ] [90m[1m_update_scan_actions[22m | music.wav[39m[0m
[  32% ] [90m[1m_update_scan_actions[22m | plates.wav[39m[0m
[  33% ] [90m[1m_update_scan_actions[22m | sewing.wav[39m[0m
[  33% ] [90m[1m_update_scan_actions[22m | shovel.wav[39m[0m
[  33% ] [90m[1m_update_scan_actions[22m | tap.wav[39m[0m
[  33% ] [90m[1m_update_scan_actions[22m | tea.wav[39m[0m
[  34% ] [90m[1m_update_scan_actions[22m | forest-babai-name-v2.wav[39m[0m
[  34% ] [90m[1m_update_scan_actions[22m | forest-call-far.wav[39m[0m
[  34% ] [90m[1m_update_scan_actions[22m | forest-call-hey.wav[39m[0m
[  34% ] [90m[1m_update_scan_actions[22m | forest-come-here.wav[39m[0m
[  35% ] [90m[1m_update_scan_actions[22m | forest-name-call.wav[39m[0m
[  35% ] [90m[1m_update_scan_actions[22m | forest-wake-muffled.wav[39m[0m
[  35% ] [90m[1m_update_scan_actions[22m | forest-wake-v2.wav[39m[0m
[  36% ] [90m[1m_update_scan_actions[22m | forest-wake.wav[39m[0m
[  36% ] [90m[1m_update_scan_actions[22m | prologue-niva-fluent-reply.wav[39m[0m
[  36% ] [90m[1m_update_scan_actions[22m | prologue-niva-none-reply.wav[39m[0m
[  36% ] [90m[1m_update_scan_actions[22m | prologue-niva-question.wav[39m[0m
[  37% ] [90m[1m_update_scan_actions[22m | prologue-niva-skip-reply.wav[39m[0m
[  37% ] [90m[1m_update_scan_actions[22m | prologue-niva-some-reply.wav[39m[0m
[  37% ] [90m[1m_update_scan_actions[22m | prologue-ride-bark-nightmare.lvl-fluent.wav[39m[0m
[  37% ] [90m[1m_update_scan_actions[22m | prologue-ride-bark-nightmare.lvl-some.wav[39m[0m
[  38% ] [90m[1m_update_scan_actions[22m | prologue-ride-bark-nightmare.wav[39m[0m
[  38% ] [90m[1m_update_scan_actions[22m | fap_institutional.wav[39m[0m
[  38% ] [90m[1m_update_scan_actions[22m | house_room_tone.wav[39m[0m
[  39% ] [90m[1m_update_scan_actions[22m | kara_urman_edge_ambience.wav[39m[0m
[  39% ] [90m[1m_update_scan_actions[22m | village_arrival.wav[39m[0m
[  39% ] [90m[1m_update_scan_actions[22m | village_day_ambience.wav[39m[0m
[  39% ] [90m[1m_update_scan_actions[22m | village_return.wav[39m[0m
[  40% ] [90m[1m_update_scan_actions[22m | village_yard.wav[39m[0m
[  40% ] [90m[1m_update_scan_actions[22m | water_edge_ambience.wav[39m[0m
[  40% ] [90m[1m_update_scan_actions[22m | zirat_wind.wav[39m[0m
[  40% ] [90m[1m_update_scan_actions[22m | PT_Sans-Narrow-Web-Bold.ttf[39m[0m
[  41% ] [90m[1m_update_scan_actions[22m | PT_Sans-Narrow-Web-Regular.ttf[39m[0m
[  41% ] [90m[1m_update_scan_actions[22m | PT_Sans-Web-Bold.ttf[39m[0m
[  41% ] [90m[1m_update_scan_actions[22m | PT_Sans-Web-Italic.ttf[39m[0m
[  42% ] [90m[1m_update_scan_actions[22m | PT_Sans-Web-Regular.ttf[39m[0m
[  42% ] [90m[1m_update_scan_actions[22m | urman_act1_village_landmark_kit.glb[39m[0m
[  42% ] [90m[1m_update_scan_actions[22m | urman_character_kit.glb[39m[0m
[  42% ] [90m[1m_update_scan_actions[22m | urman_character_kit_T_Eye_Brown.png[39m[0m
[  43% ] [90m[1m_update_scan_actions[22m | urman_character_kit_T_Eye_Normal.png[39m[0m
[  43% ] [90m[1m_update_scan_actions[22m | urman_character_kit_T_Superhero_Female_Dark_BaseColor.png[39m[0m
[  43% ] [90m[1m_update_scan_actions[22m | urman_character_kit_T_Superhero_Female_Normal.png[39m[0m
[  43% ] [90m[1m_update_scan_actions[22m | urman_character_kit_T_Superhero_Male_Dark.png[39m[0m
[  44% ] [90m[1m_update_scan_actions[22m | urman_character_kit_T_Superhero_Male_Normal.png[39m[0m
[  44% ] [90m[1m_update_scan_actions[22m | urman_character_kit_v2.glb[39m[0m
[  44% ] [90m[1m_update_scan_actions[22m | urman_character_kit_v2_old_lightskinned_female_diffuse.png[39m[0m
[  44% ] [90m[1m_update_scan_actions[22m | urman_character_kit_v2_TamaraPolkaDot.png[39m[0m
[  45% ] [90m[1m_update_scan_actions[22m | urman_character_kit_v2_T_Eye_Brown.png[39m[0m
[  45% ] [90m[1m_update_scan_actions[22m | urman_character_kit_v2_T_Eye_Normal_png.png[39m[0m
[  45% ] [90m[1m_update_scan_actions[22m | urman_character_kit_v2_T_Hair_1_BaseColor.png[39m[0m
[  46% ] [90m[1m_update_scan_actions[22m | urman_character_kit_v2_T_Hair_1_Normal_png.png[39m[0m
[  46% ] [90m[1m_update_scan_actions[22m | urman_character_kit_v2_T_Hair_2_BaseColor.png[39m[0m
[  46% ] [90m[1m_update_scan_actions[22m | urman_character_kit_v2_T_Hair_2_Normal.png[39m[0m
[  46% ] [90m[1m_update_scan_actions[22m | urman_character_kit_v2_T_Superhero_Female_Light_BaseColor.png[39m[0m
[  47% ] [90m[1m_update_scan_actions[22m | urman_character_kit_v2_T_Superhero_Female_Normal.png[39m[0m
[  47% ] [90m[1m_update_scan_actions[22m | urman_character_kit_v2_T_Superhero_Female_Roughness.png[39m[0m
[  47% ] [90m[1m_update_scan_actions[22m | urman_character_kit_v2_T_Superhero_Male_Ligh.png[39m[0m
[  47% ] [90m[1m_update_scan_actions[22m | urman_character_kit_v2_T_Superhero_Male_Normal.png[39m[0m
[  48% ] [90m[1m_update_scan_actions[22m | urman_character_kit_v2_T_Superhero_Male_Roughness.png[39m[0m
[  48% ] [90m[1m_update_scan_actions[22m | urman_forest_edge_kit.glb[39m[0m
[  48% ] [90m[1m_update_scan_actions[22m | urman_modular_kit.glb[39m[0m
[  49% ] [90m[1m_update_scan_actions[22m | urman_niva.glb[39m[0m
[  49% ] [90m[1m_update_scan_actions[22m | arrival_marat_childhood_existing_v1.png[39m[0m
[  49% ] [90m[1m_update_scan_actions[22m | council-sabantuy-2005.png[39m[0m
[  49% ] [90m[1m_update_scan_actions[22m | first_snow_existing_v1.png[39m[0m
[  50% ] [90m[1m_update_scan_actions[22m | kara_urman_edge_sketch_candidate_v1.png[39m[0m
[  50% ] [90m[1m_update_scan_actions[22m | school-class-2005.png[39m[0m
[  50% ] [90m[1m_update_scan_actions[22m | urman_fap_clinic_kit.glb[39m[0m
[  50% ] [90m[1m_update_scan_actions[22m | urman_kara_forest_edge_kit.glb[39m[0m
[  51% ] [90m[1m_update_scan_actions[22m | urman_village_exterior_kit.glb[39m[0m
[  51% ] [90m[1m_update_scan_actions[22m | urman_wet_village_road_kit.glb[39m[0m
[  51% ] [90m[1m_update_scan_actions[22m | urman_winter_dead_tree.glb[39m[0m
[  52% ] [90m[1m_update_scan_actions[22m | urman_winter_pine.glb[39m[0m
[  52% ] [90m[1m_update_scan_actions[22m | urman_winter_pine_Leaf_Pine_C.png[39m[0m
[  52% ] [90m[1m_update_scan_actions[22m | urman_zirat_roadside_kit.glb[39m[0m
[  52% ] [90m[1m_update_scan_actions[22m | agentb_foliage_kit.glb[39m[0m
[  53% ] [90m[1m_update_scan_actions[22m | agentb_kara_edge_kit.glb[39m[0m
[  53% ] [90m[1m_update_scan_actions[22m | agentb_terrain_road_kit.glb[39m[0m
[  53% ] [90m[1m_update_scan_actions[22m | agentb_village_buildings_kit.glb[39m[0m
[  53% ] [90m[1m_update_scan_actions[22m | agentb_zirat_kit.glb[39m[0m
[  54% ] [90m[1m_update_scan_actions[22m | karaurman_chakchak_box_preview_v1.png[39m[0m
[  54% ] [90m[1m_update_scan_actions[22m | karaurman_chakchak_box_v1.glb[39m[0m
[  54% ] [90m[1m_update_scan_actions[22m | karaurman_chakchak_box_v1_KaraUrmanChakchakContents.png[39m[0m
[  55% ] [90m[1m_update_scan_actions[22m | karaurman_chakchak_box_v1_KaraUrmanChakchakPrintAtlas.png[39m[0m
[  55% ] [90m[1m_update_scan_actions[22m | karaurman_milk_bottle_label_v1.png[39m[0m
[  55% ] [90m[1m_update_scan_actions[22m | karaurman_milk_bottle_preview_v1.png[39m[0m
[  55% ] [90m[1m_update_scan_actions[22m | karaurman_milk_bottle_v1.glb[39m[0m
[  56% ] [90m[1m_update_scan_actions[22m | karaurman_milk_bottle_v1_karaurman_milk_bottle_label_v1.png[39m[0m
[  56% ] [90m[1m_update_scan_actions[22m | chayan_magazine_animated_v1.glb[39m[0m
[  56% ] [90m[1m_update_scan_actions[22m | chayan_magazine_animated_v1_ChayanMagazine_PrintAtlas.png[39m[0m
[  56% ] [90m[1m_update_scan_actions[22m | chayan_magazine_preview_v1.png[39m[0m
[  57% ] [90m[1m_update_scan_actions[22m | council_plate_avyl_sovety_v1.png[39m[0m
[  57% ] [90m[1m_update_scan_actions[22m | fap_plate_kara_urman_v1.png[39m[0m
[  57% ] [90m[1m_update_scan_actions[22m | photo_first_snow_v1.png[39m[0m
[  57% ] [90m[1m_update_scan_actions[22m | school_plate_maktap_v1.png[39m[0m
[  58% ] [90m[1m_update_scan_actions[22m | shop_sign_ashamlyklar_v1.png[39m[0m
[  58% ] [90m[1m_update_scan_actions[22m | mansur_age_v1_albedo.png[39m[0m
[  58% ] [90m[1m_update_scan_actions[22m | mosque_prayer_carpet_v2_albedo.png[39m[0m
[  59% ] [90m[1m_update_scan_actions[22m | aged_plaster_albedo.png[39m[0m
[  59% ] [90m[1m_update_scan_actions[22m | aged_plaster_v2_albedo.png[39m[0m
[  59% ] [90m[1m_update_scan_actions[22m | aged_plaster_v3_albedo.png[39m[0m
[  59% ] [90m[1m_update_scan_actions[22m | bark_birch_v1_albedo.png[39m[0m
[  60% ] [90m[1m_update_scan_actions[22m | bark_birch_v2_albedo.png[39m[0m
[  60% ] [90m[1m_update_scan_actions[22m | bark_pine_v1_albedo.png[39m[0m
[  60% ] [90m[1m_update_scan_actions[22m | carpet_palas_v1_albedo.png[39m[0m
[  60% ] [90m[1m_update_scan_actions[22m | damp_earth_albedo.png[39m[0m
[  61% ] [90m[1m_update_scan_actions[22m | damp_earth_v2_albedo.png[39m[0m
[  61% ] [90m[1m_update_scan_actions[22m | damp_earth_v3_albedo.png[39m[0m
[  61% ] [90m[1m_update_scan_actions[22m | damp_earth_v4_albedo.png[39m[0m
[  62% ] [90m[1m_update_scan_actions[22m | damp_earth_v5_albedo.png[39m[0m
[  62% ] [90m[1m_update_scan_actions[22m | damp_earth_v6_albedo.png[39m[0m
[  62% ] [90m[1m_update_scan_actions[22m | fabric_chit_v1_albedo.png[39m[0m
[  62% ] [90m[1m_update_scan_actions[22m | frost_window_v1_albedo.png[39m[0m
[  63% ] [90m[1m_update_scan_actions[22m | grass_verge_v1_albedo.png[39m[0m
[  63% ] [90m[1m_update_scan_actions[22m | grass_verge_v2_albedo.png[39m[0m
[  63% ] [90m[1m_update_scan_actions[22m | hay_fibers_v1_albedo.png[39m[0m
[  63% ] [90m[1m_update_scan_actions[22m | ice_patch_v1_albedo.png[39m[0m
[  64% ] [90m[1m_update_scan_actions[22m | ice_patch_v2_albedo.png[39m[0m
[  64% ] [90m[1m_update_scan_actions[22m | leaf_birch_v1_albedo.png[39m[0m
[  64% ] [90m[1m_update_scan_actions[22m | leaf_birch_v2_albedo.png[39m[0m
[  65% ] [90m[1m_update_scan_actions[22m | log_wall_v1_albedo.png[39m[0m
[  65% ] [90m[1m_update_scan_actions[22m | log_wall_v2_albedo.png[39m[0m
[  65% ] [90m[1m_update_scan_actions[22m | mossy_stone_v2_albedo.png[39m[0m
[  65% ] [90m[1m_update_scan_actions[22m | mossy_stone_v3_albedo.png[39m[0m
[  66% ] [90m[1m_update_scan_actions[22m | old_fabric_v2_albedo.png[39m[0m
[  66% ] [90m[1m_update_scan_actions[22m | old_fabric_v3_albedo.png[39m[0m
[  66% ] [90m[1m_update_scan_actions[22m | ornament_trim_v1_albedo.png[39m[0m
[  66% ] [90m[1m_update_scan_actions[22m | pine_foliage_albedo.png[39m[0m
[  67% ] [90m[1m_update_scan_actions[22m | pine_foliage_v2_albedo.png[39m[0m
[  67% ] [90m[1m_update_scan_actions[22m | pine_foliage_v3_albedo.png[39m[0m
[  67% ] [90m[1m_update_scan_actions[22m | roof_metal_v2_albedo.png[39m[0m
[  68% ] [90m[1m_update_scan_actions[22m | roof_shingle_v3_albedo.png[39m[0m
[  68% ] [90m[1m_update_scan_actions[22m | roof_slate_v1_albedo.png[39m[0m
[  68% ] [90m[1m_update_scan_actions[22m | snow_fresh_v1_albedo.png[39m[0m
[  68% ] [90m[1m_update_scan_actions[22m | snow_fresh_v2_albedo.png[39m[0m
[  69% ] [90m[1m_update_scan_actions[22m | snow_grass_peek_v1_albedo.png[39m[0m
[  69% ] [90m[1m_update_scan_actions[22m | snow_micro_normal.png[39m[0m
[  69% ] [90m[1m_update_scan_actions[22m | snow_micro_response.png[39m[0m
[  69% ] [90m[1m_update_scan_actions[22m | snow_road_v1_albedo.png[39m[0m
[  70% ] [90m[1m_update_scan_actions[22m | snow_roof_v1_albedo.png[39m[0m
[  70% ] [90m[1m_update_scan_actions[22m | snow_trampled_v1_albedo.png[39m[0m
[  70% ] [90m[1m_update_scan_actions[22m | urman_b01_v01_basecolor.png[39m[0m
[  71% ] [90m[1m_update_scan_actions[22m | urman_b03_v01_basecolor.png[39m[0m
[  71% ] [90m[1m_update_scan_actions[22m | urman_b04_v01_basecolor.png[39m[0m
[  71% ] [90m[1m_update_scan_actions[22m | urman_b07_v02_basecolor.png[39m[0m
[  71% ] [90m[1m_update_scan_actions[22m | urman_f01_v03_basecolor.png[39m[0m
[  72% ] [90m[1m_update_scan_actions[22m | urman_f02_v02_basecolor.png[39m[0m
[  72% ] [90m[1m_update_scan_actions[22m | urman_m05_v01_basecolor.png[39m[0m
[  72% ] [90m[1m_update_scan_actions[22m | urman_s01_v01_basecolor.png[39m[0m
[  72% ] [90m[1m_update_scan_actions[22m | urman_s02_v02_basecolor.png[39m[0m
[  73% ] [90m[1m_update_scan_actions[22m | urman_t01_v02_basecolor.png[39m[0m
[  73% ] [90m[1m_update_scan_actions[22m | urman_t04_v01_basecolor.png[39m[0m
[  73% ] [90m[1m_update_scan_actions[22m | urman_t07_v01_basecolor.png[39m[0m
[  73% ] [90m[1m_update_scan_actions[22m | urman_t08_v01_basecolor.png[39m[0m
[  74% ] [90m[1m_update_scan_actions[22m | urman_t10_v02_basecolor.png[39m[0m
[  74% ] [90m[1m_update_scan_actions[22m | urman_w01_v01_basecolor.png[39m[0m
[  74% ] [90m[1m_update_scan_actions[22m | urman_w02_v02_basecolor.png[39m[0m
[  75% ] [90m[1m_update_scan_actions[22m | urman_w03_v01_basecolor.png[39m[0m
[  75% ] [90m[1m_update_scan_actions[22m | urman_w04_v02_basecolor.png[39m[0m
[  75% ] [90m[1m_update_scan_actions[22m | urman_w05_v02_basecolor.png[39m[0m
[  75% ] [90m[1m_update_scan_actions[22m | urman_w08_v01_basecolor.png[39m[0m
[  76% ] [90m[1m_update_scan_actions[22m | urman_w09_v01_basecolor.png[39m[0m
[  76% ] [90m[1m_update_scan_actions[22m | wallpaper_old_v1_albedo.png[39m[0m
[  76% ] [90m[1m_update_scan_actions[22m | wallpaper_old_v2_albedo.png[39m[0m
[  76% ] [90m[1m_update_scan_actions[22m | wall_institution_v1_albedo.png[39m[0m
[  77% ] [90m[1m_update_scan_actions[22m | weathered_wood_boards_albedo.png[39m[0m
[  77% ] [90m[1m_update_scan_actions[22m | weathered_wood_boards_v2_albedo.png[39m[0m
[  77% ] [90m[1m_update_scan_actions[22m | weathered_wood_boards_v3_albedo.png[39m[0m
[  78% ] [90m[1m_update_scan_actions[22m | weathered_wood_boards_v4_albedo.png[39m[0m
[  78% ] [90m[1m_update_scan_actions[22m | weathered_wood_boards_v5_albedo.png[39m[0m
[  78% ] [90m[1m_update_scan_actions[22m | weathered_wood_boards_v6_albedo.png[39m[0m
[  78% ] [90m[1m_update_scan_actions[22m | wood_carved_gate_v1_albedo.png[39m[0m
[  79% ] [90m[1m_update_scan_actions[22m | karaurman_chakchak_box_atlas_v1.png[39m[0m
[  79% ] [90m[1m_update_scan_actions[22m | karaurman_milk_bottle_label_v1.png[39m[0m
[  79% ] [90m[1m_update_scan_actions[22m | chayan_magazine_atlas_v1.png[39m[0m
[  79% ] [90m[1m_update_scan_actions[22m | birch_plywood_varnished_v1_basecolor.png[39m[0m
[  80% ] [90m[1m_update_scan_actions[22m | burgundy_stage_velvet_v1_basecolor.png[39m[0m
[  80% ] [90m[1m_update_scan_actions[22m | bus_wheat_sun_mosaic_v1_basecolor.png[39m[0m
[  80% ] [90m[1m_update_scan_actions[22m | galvanized_zinc_source_v1_basecolor.png[39m[0m
[  81% ] [90m[1m_update_scan_actions[22m | glazed_ceramic_cream_source_v1_basecolor.png[39m[0m
[  81% ] [90m[1m_update_scan_actions[22m | moulded_rubber_black_v1_basecolor.png[39m[0m
[  81% ] [90m[1m_update_scan_actions[22m | painted_steel_enamel_v1_basecolor.png[39m[0m
[  81% ] [90m[1m_update_scan_actions[22m | public_concrete_source_v1_basecolor.png[39m[0m
[  82% ] [90m[1m_update_scan_actions[22m | public_red_brick_source_v1_basecolor.png[39m[0m
[  82% ] [90m[1m_update_scan_actions[22m | samovar_brass_v1_basecolor.png[39m[0m
[  82% ] [90m[1m_update_scan_actions[22m | school_green_chalkboard_v1_basecolor.png[39m[0m
[  82% ] [90m[1m_update_scan_actions[22m | school_laminate_beige_source_v1_basecolor.png[39m[0m
[  83% ] [90m[1m_update_scan_actions[22m | school_laminate_beige_v1_basecolor.png[39m[0m
[  83% ] [90m[1m_update_scan_actions[22m | unglazed_earthenware_source_v1_basecolor.png[39m[0m
[  83% ] [90m[1m_update_scan_actions[22m | chalkboard_lessons_v1_atlas.png[39m[0m
[  84% ] [90m[1m_update_scan_actions[22m | children_drawings_v1_atlas.png[39m[0m
[  84% ] [90m[1m_update_scan_actions[22m | classroom_map_v1_basecolor.png[39m[0m
[  84% ] [90m[1m_update_scan_actions[22m | costume_tag_v1_basecolor.png[39m[0m
[  84% ] [90m[1m_update_scan_actions[22m | craft_details_v1_atlas.png[39m[0m
[  85% ] [90m[1m_update_scan_actions[22m | herringbone_oak_v1_basecolor.png[39m[0m
[  85% ] [90m[1m_update_scan_actions[22m | museum_towel_v1_basecolor.png[39m[0m
[  85% ] [90m[1m_update_scan_actions[22m | notices_v1_atlas.png[39m[0m
[  85% ] [90m[1m_update_scan_actions[22m | notices_v2_atlas.png[39m[0m
[  86% ] [90m[1m_update_scan_actions[22m | postal_closure_v1_basecolor.png[39m[0m
[  86% ] [90m[1m_update_scan_actions[22m | quest_papers_v1_atlas.png[39m[0m
[  86% ] [90m[1m_update_scan_actions[22m | quest_papers_v2_atlas.png[39m[0m
[  86% ] [90m[1m_update_scan_actions[22m | signs_civic_a_v1_atlas.png[39m[0m
[  87% ] [90m[1m_update_scan_actions[22m | signs_civic_b_v1_atlas.png[39m[0m
[  87% ] [90m[1m_update_scan_actions[22m | signs_civic_b_v2_atlas.png[39m[0m
[  87% ] [90m[1m_update_scan_actions[22m | signs_exterior_v1_atlas.png[39m[0m
[  88% ] [90m[1m_update_scan_actions[22m | tukay_portrait_v1_basecolor.png[39m[0m
[  88% ] [90m[1m_update_scan_actions[22m | act1_menu_winter_v1.png[39m[0m
[  88% ] [90m[1m_update_scan_actions[22m | urman_app_icon_v1.png[39m[0m
[  88% ] [90m[1m_update_scan_actions[22m | desk_lamp_arm_01.glb[39m[0m
[  89% ] [90m[1m_update_scan_actions[22m | desk_lamp_arm_01_desk_lamp_arm_01_arm_1k.jpg[39m[0m
[  89% ] [90m[1m_update_scan_actions[22m | desk_lamp_arm_01_desk_lamp_arm_01_diff_1k.jpg[39m[0m
[  89% ] [90m[1m_update_scan_actions[22m | desk_lamp_arm_01_desk_lamp_arm_01_nor_gl_1k.jpg[39m[0m
[  89% ] [90m[1m_update_scan_actions[22m | metal_office_desk.glb[39m[0m
[  90% ] [90m[1m_update_scan_actions[22m | metal_office_desk_metal_office_desk_arm_1k.jpg[39m[0m
[  90% ] [90m[1m_update_scan_actions[22m | metal_office_desk_metal_office_desk_diff_1k.jpg[39m[0m
[  90% ] [90m[1m_update_scan_actions[22m | metal_office_desk_metal_office_desk_nor_gl_1k.jpg[39m[0m
[  91% ] [90m[1m_update_scan_actions[22m | office_chair.glb[39m[0m
[  91% ] [90m[1m_update_scan_actions[22m | office_chair_chair.png[39m[0m
[  91% ] [90m[1m_update_scan_actions[22m | office_dining_chair.glb[39m[0m
[  91% ] [90m[1m_update_scan_actions[22m | office_dining_chair_dining_chair.png[39m[0m
[  92% ] [90m[1m_update_scan_actions[22m | painted_wooden_bench.glb[39m[0m
[  92% ] [90m[1m_update_scan_actions[22m | painted_wooden_bench_painted_wooden_bench_arm_1k.jpg[39m[0m
[  92% ] [90m[1m_update_scan_actions[22m | painted_wooden_bench_painted_wooden_bench_diff_1k.jpg[39m[0m
[  92% ] [90m[1m_update_scan_actions[22m | painted_wooden_bench_painted_wooden_bench_nor_gl_1k.jpg[39m[0m
[  93% ] [90m[1m_update_scan_actions[22m | painted_wooden_cabinet.glb[39m[0m
[  93% ] [90m[1m_update_scan_actions[22m | painted_wooden_cabinet_painted_wooden_cabinet_arm_1k.jpg[39m[0m
[  93% ] [90m[1m_update_scan_actions[22m | painted_wooden_cabinet_painted_wooden_cabinet_diff_1k.jpg[39m[0m
[  94% ] [90m[1m_update_scan_actions[22m | painted_wooden_cabinet_painted_wooden_cabinet_nor_gl_1k.jpg[39m[0m
[  94% ] [90m[1m_update_scan_actions[22m | rotary_phone.glb[39m[0m
[  94% ] [90m[1m_update_scan_actions[22m | rotary_phone_Image_0.png[39m[0m
[  94% ] [90m[1m_update_scan_actions[22m | rotary_phone_Image_1.png[39m[0m
[  95% ] [90m[1m_update_scan_actions[22m | rotary_phone_Image_2.png[39m[0m
[  95% ] [90m[1m_update_scan_actions[22m | rotary_phone_Image_3.png[39m[0m
[  95% ] [90m[1m_update_scan_actions[22m | rotary_phone_Image_4.png[39m[0m
[  95% ] [90m[1m_update_scan_actions[22m | rotary_phone_Image_5.png[39m[0m
[  96% ] [90m[1m_update_scan_actions[22m | vaz2106_static.glb[39m[0m
[  96% ] [90m[1m_update_scan_actions[22m | vaz2106_static_Image_0.png[39m[0m
[  96% ] [90m[1m_update_scan_actions[22m | vaz2106_static_Image_1.png[39m[0m
[  97% ] [90m[1m_update_scan_actions[22m | vaz2106_static_Image_2.png[39m[0m
[  97% ] [90m[1m_update_scan_actions[22m | vaz2106_static_Image_3.png[39m[0m
[  97% ] [90m[1m_update_scan_actions[22m | vaz2106_static_Image_4.png[39m[0m
[  97% ] [90m[1m_update_scan_actions[22m | vaz2106_static_Image_5.png[39m[0m
[  98% ] [90m[1m_update_scan_actions[22m | vaz2106_static_Image_6.png[39m[0m
[  98% ] [90m[1m_update_scan_actions[22m | vaz2106_static_Image_7.png[39m[0m
[  98% ] [90m[1m_update_scan_actions[22m | vaz2106_static_Image_8.png[39m[0m
[  98% ] [90m[1m_update_scan_actions[22m | vaz2106_static_Image_9.png[39m[0m
[  99% ] [90m[1m_update_scan_actions[22m | vaz2106_static_Image_10.jpg[39m[0m
[  99% ] [90m[1m_update_scan_actions[22m | document_notebook_sheet.png[39m[0m
[92m[ DONE ][39m [1m_update_scan_actions[22m
[0m
[   0% ] [90m[1mreimport[22m | Started Импорт или повторный импорт ассетов (368 steps)[39m[0m
[   0% ] [90m[1mreimport[22m | Подготовка файлов к повторному импорту…[39m[0m
[   0% ] [90m[1mreimport[22m | Подготовка файлов к повторному импорту…[39m[0m
[   0% ] [90m[1mreimport[22m | Подготовка файлов к повторному импорту…[39m[0m
[   0% ] [90m[1mreimport[22m | Подготовка файлов к повторному импорту…[39m[0m
[   1% ] [90m[1mreimport[22m | Подготовка файлов к повторному импорту…[39m[0m
[   1% ] [90m[1mreimport[22m | Подготовка файлов к повторному импорту…[39m[0m
[   1% ] [90m[1mreimport[22m | Подготовка файлов к повторному импорту…[39m[0m
[   1% ] [90m[1mreimport[22m | Подготовка файлов к повторному импорту…[39m[0m
[   2% ] [90m[1mreimport[22m | Подготовка файлов к повторному импорту…[39m[0m
[   2% ] [90m[1mreimport[22m | Подготовка файлов к повторному импорту…[39m[0m
[   2% ] [90m[1mreimport[22m | Подготовка файлов к повторному импорту…[39m[0m
[   2% ] [90m[1mreimport[22m | Подготовка файлов к повторному импорту…[39m[0m
[   3% ] [90m[1mreimport[22m | Подготовка файлов к повторному импорту…[39m[0m
[   3% ] [90m[1mreimport[22m | Подготовка файлов к повторному импорту…[39m[0m
[   3% ] [90m[1mreimport[22m | Подготовка файлов к повторному импорту…[39m[0m
[   4% ] [90m[1mreimport[22m | Подготовка файлов к повторному импорту…[39m[0m
[   4% ] [90m[1mreimport[22m | Подготовка файлов к повторному импорту…[39m[0m
[   4% ] [90m[1mreimport[22m | Подготовка файлов к повторному импорту…[39m[0m
[   4% ] [90m[1mreimport[22m | Подготовка файлов к повторному импорту…[39m[0m
[   5% ] [90m[1mreimport[22m | Подготовка файлов к повторному импорту…[39m[0m
[   5% ] [90m[1mreimport[22m | Подготовка файлов к повторному импорту…[39m[0m
[   5% ] [90m[1mreimport[22m | Подготовка файлов к повторному импорту…[39m[0m
[   5% ] [90m[1mreimport[22m | Подготовка файлов к повторному импорту…[39m[0m
[   6% ] [90m[1mreimport[22m | Подготовка файлов к повторному импорту…[39m[0m
[   6% ] [90m[1mreimport[22m | Подготовка файлов к повторному импорту…[39m[0m
[   6% ] [90m[1mreimport[22m | Подготовка файлов к повторному импорту…[39m[0m
[   7% ] [90m[1mreimport[22m | Подготовка файлов к повторному импорту…[39m[0m
[   7% ] [90m[1mreimport[22m | Подготовка файлов к повторному импорту…[39m[0m
[   7% ] [90m[1mreimport[22m | Подготовка файлов к повторному импорту…[39m[0m
[   7% ] [90m[1mreimport[22m | Подготовка файлов к повторному импорту…[39m[0m
[   8% ] [90m[1mreimport[22m | Подготовка файлов к повторному импорту…[39m[0m
[   8% ] [90m[1mreimport[22m | Подготовка файлов к повторному импорту…[39m[0m
[   8% ] [90m[1mreimport[22m | Подготовка файлов к повторному импорту…[39m[0m
[   8% ] [90m[1mreimport[22m | Подготовка файлов к повторному импорту…[39m[0m
[   9% ] [90m[1mreimport[22m | Подготовка файлов к повторному импорту…[39m[0m
[   9% ] [90m[1mreimport[22m | Подготовка файлов к повторному импорту…[39m[0m
[   9% ] [90m[1mreimport[22m | Подготовка файлов к повторному импорту…[39m[0m
[  10% ] [90m[1mreimport[22m | Подготовка файлов к повторному импорту…[39m[0m
[  10% ] [90m[1mreimport[22m | Подготовка файлов к повторному импорту…[39m[0m
[  10% ] [90m[1mreimport[22m | Подготовка файлов к повторному импорту…[39m[0m
[  10% ] [90m[1mreimport[22m | Подготовка файлов к повторному импорту…[39m[0m
[  11% ] [90m[1mreimport[22m | Подготовка файлов к повторному импорту…[39m[0m
[  11% ] [90m[1mreimport[22m | Подготовка файлов к повторному импорту…[39m[0m
[  11% ] [90m[1mreimport[22m | Подготовка файлов к повторному импорту…[39m[0m
[  11% ] [90m[1mreimport[22m | Подготовка файлов к повторному импорту…[39m[0m
[  12% ] [90m[1mreimport[22m | Подготовка файлов к повторному импорту…[39m[0m
[  12% ] [90m[1mreimport[22m | Подготовка файлов к повторному импорту…[39m[0m
[  12% ] [90m[1mreimport[22m | Подготовка файлов к повторному импорту…[39m[0m
[  13% ] [90m[1mreimport[22m | Подготовка файлов к повторному импорту…[39m[0m
[  13% ] [90m[1mreimport[22m | Подготовка файлов к повторному импорту…[39m[0m
[  13% ] [90m[1mreimport[22m | Подготовка файлов к повторному импорту…[39m[0m
[  13% ] [90m[1mreimport[22m | Подготовка файлов к повторному импорту…[39m[0m
[  14% ] [90m[1mreimport[22m | Подготовка файлов к повторному импорту…[39m[0m
[  14% ] [90m[1mreimport[22m | Подготовка файлов к повторному импорту…[39m[0m
[  14% ] [90m[1mreimport[22m | Подготовка файлов к повторному импорту…[39m[0m
[  14% ] [90m[1mreimport[22m | Подготовка файлов к повторному импорту…[39m[0m
[  15% ] [90m[1mreimport[22m | Подготовка файлов к повторному импорту…[39m[0m
[  15% ] [90m[1mreimport[22m | Подготовка файлов к повторному импорту…[39m[0m
[  15% ] [90m[1mreimport[22m | Подготовка файлов к повторному импорту…[39m[0m
[  15% ] [90m[1mreimport[22m | Подготовка файлов к повторному импорту…[39m[0m
[  16% ] [90m[1mreimport[22m | Подготовка файлов к повторному импорту…[39m[0m
[  16% ] [90m[1mreimport[22m | Подготовка файлов к повторному импорту…[39m[0m
[  16% ] [90m[1mreimport[22m | Подготовка файлов к повторному импорту…[39m[0m
[  17% ] [90m[1mreimport[22m | Подготовка файлов к повторному импорту…[39m[0m
[  17% ] [90m[1mreimport[22m | Подготовка файлов к повторному импорту…[39m[0m
[  17% ] [90m[1mreimport[22m | Подготовка файлов к повторному импорту…[39m[0m
[  17% ] [90m[1mreimport[22m | Подготовка файлов к повторному импорту…[39m[0m
[  18% ] [90m[1mreimport[22m | Подготовка файлов к повторному импорту…[39m[0m
[  18% ] [90m[1mreimport[22m | Подготовка файлов к повторному импорту…[39m[0m
[  18% ] [90m[1mreimport[22m | Подготовка файлов к повторному импорту…[39m[0m
[  18% ] [90m[1mreimport[22m | Подготовка файлов к повторному импорту…[39m[0m
[  19% ] [90m[1mreimport[22m | Подготовка файлов к повторному импорту…[39m[0m
[  19% ] [90m[1mreimport[22m | Подготовка файлов к повторному импорту…[39m[0m
[  19% ] [90m[1mreimport[22m | Подготовка файлов к повторному импорту…[39m[0m
[  20% ] [90m[1mreimport[22m | Подготовка файлов к повторному импорту…[39m[0m
[  20% ] [90m[1mreimport[22m | Подготовка файлов к повторному импорту…[39m[0m
[  20% ] [90m[1mreimport[22m | Подготовка файлов к повторному импорту…[39m[0m
[  20% ] [90m[1mreimport[22m | Подготовка файлов к повторному импорту…[39m[0m
[  21% ] [90m[1mreimport[22m | Подготовка файлов к повторному импорту…[39m[0m
[  21% ] [90m[1mreimport[22m | Подготовка файлов к повторному импорту…[39m[0m
[  21% ] [90m[1mreimport[22m | Подготовка файлов к повторному импорту…[39m[0m
[  21% ] [90m[1mreimport[22m | Подготовка файлов к повторному импорту…[39m[0m
[  22% ] [90m[1mreimport[22m | Подготовка файлов к повторному импорту…[39m[0m
[  22% ] [90m[1mreimport[22m | Подготовка файлов к повторному импорту…[39m[0m
[  22% ] [90m[1mreimport[22m | Подготовка файлов к повторному импорту…[39m[0m
[  23% ] [90m[1mreimport[22m | Подготовка файлов к повторному импорту…[39m[0m
[  23% ] [90m[1mreimport[22m | Подготовка файлов к повторному импорту…[39m[0m
[  23% ] [90m[1mreimport[22m | Подготовка файлов к повторному импорту…[39m[0m
[  23% ] [90m[1mreimport[22m | Подготовка файлов к повторному импорту…[39m[0m
[  24% ] [90m[1mreimport[22m | Подготовка файлов к повторному импорту…[39m[0m
[  24% ] [90m[1mreimport[22m | Подготовка файлов к повторному импорту…[39m[0m
[  24% ] [90m[1mreimport[22m | Подготовка файлов к повторному импорту…[39m[0m
[  24% ] [90m[1mreimport[22m | Подготовка файлов к повторному импорту…[39m[0m
[  25% ] [90m[1mreimport[22m | Подготовка файлов к повторному импорту…[39m[0m
[  25% ] [90m[1mreimport[22m | Подготовка файлов к повторному импорту…[39m[0m
[  25% ] [90m[1mreimport[22m | Подготовка файлов к повторному импорту…[39m[0m
[  26% ] [90m[1mreimport[22m | Подготовка файлов к повторному импорту…[39m[0m
[  26% ] [90m[1mreimport[22m | Подготовка файлов к повторному импорту…[39m[0m
[  26% ] [90m[1mreimport[22m | Подготовка файлов к повторному импорту…[39m[0m
[  26% ] [90m[1mreimport[22m | Подготовка файлов к повторному импорту…[39m[0m
[  27% ] [90m[1mreimport[22m | Подготовка файлов к повторному импорту…[39m[0m
[  27% ] [90m[1mreimport[22m | Подготовка файлов к повторному импорту…[39m[0m
[  27% ] [90m[1mreimport[22m | Подготовка файлов к повторному импорту…[39m[0m
[  27% ] [90m[1mreimport[22m | Подготовка файлов к повторному импорту…[39m[0m
[  28% ] [90m[1mreimport[22m | Подготовка файлов к повторному импорту…[39m[0m
[  28% ] [90m[1mreimport[22m | Подготовка файлов к повторному импорту…[39m[0m
[  28% ] [90m[1mreimport[22m | Подготовка файлов к повторному импорту…[39m[0m
[  28% ] [90m[1mreimport[22m | Подготовка файлов к повторному импорту…[39m[0m
[  29% ] [90m[1mreimport[22m | Подготовка файлов к повторному импорту…[39m[0m
[  29% ] [90m[1mreimport[22m | Подготовка файлов к повторному импорту…[39m[0m
[  29% ] [90m[1mreimport[22m | Подготовка файлов к повторному импорту…[39m[0m
[  30% ] [90m[1mreimport[22m | Подготовка файлов к повторному импорту…[39m[0m
[  30% ] [90m[1mreimport[22m | Подготовка файлов к повторному импорту…[39m[0m
[  30% ] [90m[1mreimport[22m | Подготовка файлов к повторному импорту…[39m[0m
[  30% ] [90m[1mreimport[22m | Подготовка файлов к повторному импорту…[39m[0m
[  31% ] [90m[1mreimport[22m | Подготовка файлов к повторному импорту…[39m[0m
[  31% ] [90m[1mreimport[22m | Подготовка файлов к повторному импорту…[39m[0m
[  31% ] [90m[1mreimport[22m | Подготовка файлов к повторному импорту…[39m[0m
[  31% ] [90m[1mreimport[22m | Подготовка файлов к повторному импорту…[39m[0m
[  32% ] [90m[1mreimport[22m | Подготовка файлов к повторному импорту…[39m[0m
[  32% ] [90m[1mreimport[22m | Подготовка файлов к повторному импорту…[39m[0m
[  32% ] [90m[1mreimport[22m | Подготовка файлов к повторному импорту…[39m[0m
[  33% ] [90m[1mreimport[22m | Подготовка файлов к повторному импорту…[39m[0m
[  33% ] [90m[1mreimport[22m | Подготовка файлов к повторному импорту…[39m[0m
[  33% ] [90m[1mreimport[22m | Подготовка файлов к повторному импорту…[39m[0m
[  33% ] [90m[1mreimport[22m | Подготовка файлов к повторному импорту…[39m[0m
[  34% ] [90m[1mreimport[22m | Подготовка файлов к повторному импорту…[39m[0m
[  34% ] [90m[1mreimport[22m | Подготовка файлов к повторному импорту…[39m[0m
[  34% ] [90m[1mreimport[22m | Подготовка файлов к повторному импорту…[39m[0m
[  34% ] [90m[1mreimport[22m | Подготовка файлов к повторному импорту…[39m[0m
[  35% ] [90m[1mreimport[22m | Подготовка файлов к повторному импорту…[39m[0m
[  35% ] [90m[1mreimport[22m | Подготовка файлов к повторному импорту…[39m[0m
[  35% ] [90m[1mreimport[22m | Подготовка файлов к повторному импорту…[39m[0m
[  36% ] [90m[1mreimport[22m | Подготовка файлов к повторному импорту…[39m[0m
[  36% ] [90m[1mreimport[22m | Подготовка файлов к повторному импорту…[39m[0m
[  36% ] [90m[1mreimport[22m | Подготовка файлов к повторному импорту…[39m[0m
[  36% ] [90m[1mreimport[22m | Подготовка файлов к повторному импорту…[39m[0m
[  37% ] [90m[1mreimport[22m | Подготовка файлов к повторному импорту…[39m[0m
[  37% ] [90m[1mreimport[22m | Подготовка файлов к повторному импорту…[39m[0m
[  37% ] [90m[1mreimport[22m | Подготовка файлов к повторному импорту…[39m[0m
[  37% ] [90m[1mreimport[22m | Подготовка файлов к повторному импорту…[39m[0m
[  38% ] [90m[1mreimport[22m | Подготовка файлов к повторному импорту…[39m[0m
[  38% ] [90m[1mreimport[22m | Подготовка файлов к повторному импорту…[39m[0m
[  38% ] [90m[1mreimport[22m | Подготовка файлов к повторному импорту…[39m[0m
[  39% ] [90m[1mreimport[22m | Подготовка файлов к повторному импорту…[39m[0m
[  39% ] [90m[1mreimport[22m | Подготовка файлов к повторному импорту…[39m[0m
[  39% ] [90m[1mreimport[22m | Подготовка файлов к повторному импорту…[39m[0m
[  39% ] [90m[1mreimport[22m | Подготовка файлов к повторному импорту…[39m[0m
[  40% ] [90m[1mreimport[22m | Подготовка файлов к повторному импорту…[39m[0m
[  40% ] [90m[1mreimport[22m | Подготовка файлов к повторному импорту…[39m[0m
[  40% ] [90m[1mreimport[22m | Подготовка файлов к повторному импорту…[39m[0m
[  40% ] [90m[1mreimport[22m | Подготовка файлов к повторному импорту…[39m[0m
[  41% ] [90m[1mreimport[22m | Подготовка файлов к повторному импорту…[39m[0m
[  41% ] [90m[1mreimport[22m | Подготовка файлов к повторному импорту…[39m[0m
[  41% ] [90m[1mreimport[22m | Подготовка файлов к повторному импорту…[39m[0m
[  42% ] [90m[1mreimport[22m | Подготовка файлов к повторному импорту…[39m[0m
[  42% ] [90m[1mreimport[22m | Подготовка файлов к повторному импорту…[39m[0m
[  42% ] [90m[1mreimport[22m | Подготовка файлов к повторному импорту…[39m[0m
[  42% ] [90m[1mreimport[22m | Подготовка файлов к повторному импорту…[39m[0m
[  43% ] [90m[1mreimport[22m | Подготовка файлов к повторному импорту…[39m[0m
[  43% ] [90m[1mreimport[22m | Подготовка файлов к повторному импорту…[39m[0m
[  43% ] [90m[1mreimport[22m | Подготовка файлов к повторному импорту…[39m[0m
[  43% ] [90m[1mreimport[22m | Подготовка файлов к повторному импорту…[39m[0m
[  44% ] [90m[1mreimport[22m | Подготовка файлов к повторному импорту…[39m[0m
[  44% ] [90m[1mreimport[22m | Подготовка файлов к повторному импорту…[39m[0m
[  44% ] [90m[1mreimport[22m | Подготовка файлов к повторному импорту…[39m[0m
[  44% ] [90m[1mreimport[22m | Подготовка файлов к повторному импорту…[39m[0m
[  45% ] [90m[1mreimport[22m | Подготовка файлов к повторному импорту…[39m[0m
[  45% ] [90m[1mreimport[22m | Подготовка файлов к повторному импорту…[39m[0m
[  45% ] [90m[1mreimport[22m | Подготовка файлов к повторному импорту…[39m[0m
[  46% ] [90m[1mreimport[22m | Подготовка файлов к повторному импорту…[39m[0m
[  46% ] [90m[1mreimport[22m | Подготовка файлов к повторному импорту…[39m[0m
[  46% ] [90m[1mreimport[22m | Подготовка файлов к повторному импорту…[39m[0m
[  46% ] [90m[1mreimport[22m | Подготовка файлов к повторному импорту…[39m[0m
[  47% ] [90m[1mreimport[22m | Подготовка файлов к повторному импорту…[39m[0m
[  47% ] [90m[1mreimport[22m | Подготовка файлов к повторному импорту…[39m[0m
[  47% ] [90m[1mreimport[22m | Подготовка файлов к повторному импорту…[39m[0m
[  47% ] [90m[1mreimport[22m | Подготовка файлов к повторному импорту…[39m[0m
[  48% ] [90m[1mreimport[22m | Подготовка файлов к повторному импорту…[39m[0m
[  48% ] [90m[1mreimport[22m | Подготовка файлов к повторному импорту…[39m[0m
[  48% ] [90m[1mreimport[22m | Подготовка файлов к повторному импорту…[39m[0m
[  49% ] [90m[1mreimport[22m | Подготовка файлов к повторному импорту…[39m[0m
[  49% ] [90m[1mreimport[22m | Подготовка файлов к повторному импорту…[39m[0m
[  49% ] [90m[1mreimport[22m | Подготовка файлов к повторному импорту…[39m[0m
[  49% ] [90m[1mreimport[22m | Подготовка файлов к повторному импорту…[39m[0m
[  50% ] [90m[1mreimport[22m | Подготовка файлов к повторному импорту…[39m[0m
[  50% ] [90m[1mreimport[22m | Подготовка файлов к повторному импорту…[39m[0m
[  50% ] [90m[1mreimport[22m | Подготовка файлов к повторному импорту…[39m[0m
[  50% ] [90m[1mreimport[22m | Подготовка файлов к повторному импорту…[39m[0m
[  51% ] [90m[1mreimport[22m | Подготовка файлов к повторному импорту…[39m[0m
[  51% ] [90m[1mreimport[22m | Подготовка файлов к повторному импорту…[39m[0m
[  51% ] [90m[1mreimport[22m | Подготовка файлов к повторному импорту…[39m[0m
[  52% ] [90m[1mreimport[22m | Подготовка файлов к повторному импорту…[39m[0m
[  52% ] [90m[1mreimport[22m | Подготовка файлов к повторному импорту…[39m[0m
[  52% ] [90m[1mreimport[22m | Подготовка файлов к повторному импорту…[39m[0m
[  52% ] [90m[1mreimport[22m | Подготовка файлов к повторному импорту…[39m[0m
[  53% ] [90m[1mreimport[22m | Подготовка файлов к повторному импорту…[39m[0m
[  53% ] [90m[1mreimport[22m | Подготовка файлов к повторному импорту…[39m[0m
[  53% ] [90m[1mreimport[22m | Подготовка файлов к повторному импорту…[39m[0m
[  53% ] [90m[1mreimport[22m | Подготовка файлов к повторному импорту…[39m[0m
[  54% ] [90m[1mreimport[22m | Подготовка файлов к повторному импорту…[39m[0m
[  54% ] [90m[1mreimport[22m | Подготовка файлов к повторному импорту…[39m[0m
[  54% ] [90m[1mreimport[22m | Подготовка файлов к повторному импорту…[39m[0m
[  55% ] [90m[1mreimport[22m | Подготовка файлов к повторному импорту…[39m[0m
[  55% ] [90m[1mreimport[22m | Подготовка файлов к повторному импорту…[39m[0m
[  55% ] [90m[1mreimport[22m | Подготовка файлов к повторному импорту…[39m[0m
[  55% ] [90m[1mreimport[22m | Подготовка файлов к повторному импорту…[39m[0m
[  56% ] [90m[1mreimport[22m | Подготовка файлов к повторному импорту…[39m[0m
[  56% ] [90m[1mreimport[22m | Подготовка файлов к повторному импорту…[39m[0m
[  56% ] [90m[1mreimport[22m | Подготовка файлов к повторному импорту…[39m[0m
[  56% ] [90m[1mreimport[22m | Подготовка файлов к повторному импорту…[39m[0m
[  57% ] [90m[1mreimport[22m | Подготовка файлов к повторному импорту…[39m[0m
[  57% ] [90m[1mreimport[22m | Подготовка файлов к повторному импорту…[39m[0m
[  57% ] [90m[1mreimport[22m | Подготовка файлов к повторному импорту…[39m[0m
[  57% ] [90m[1mreimport[22m | Подготовка файлов к повторному импорту…[39m[0m
[  58% ] [90m[1mreimport[22m | Подготовка файлов к повторному импорту…[39m[0m
[  58% ] [90m[1mreimport[22m | Подготовка файлов к повторному импорту…[39m[0m
[  58% ] [90m[1mreimport[22m | Подготовка файлов к повторному импорту…[39m[0m
[  59% ] [90m[1mreimport[22m | Подготовка файлов к повторному импорту…[39m[0m
[  59% ] [90m[1mreimport[22m | Подготовка файлов к повторному импорту…[39m[0m
[  59% ] [90m[1mreimport[22m | Подготовка файлов к повторному импорту…[39m[0m
[  59% ] [90m[1mreimport[22m | Подготовка файлов к повторному импорту…[39m[0m
[  60% ] [90m[1mreimport[22m | Подготовка файлов к повторному импорту…[39m[0m
[  60% ] [90m[1mreimport[22m | Подготовка файлов к повторному импорту…[39m[0m
[  60% ] [90m[1mreimport[22m | Подготовка файлов к повторному импорту…[39m[0m
[  60% ] [90m[1mreimport[22m | Подготовка файлов к повторному импорту…[39m[0m
[  61% ] [90m[1mreimport[22m | Подготовка файлов к повторному импорту…[39m[0m
[  61% ] [90m[1mreimport[22m | Подготовка файлов к повторному импорту…[39m[0m
[  61% ] [90m[1mreimport[22m | Подготовка файлов к повторному импорту…[39m[0m
[  62% ] [90m[1mreimport[22m | Подготовка файлов к повторному импорту…[39m[0m
[  62% ] [90m[1mreimport[22m | Подготовка файлов к повторному импорту…[39m[0m
[  62% ] [90m[1mreimport[22m | Подготовка файлов к повторному импорту…[39m[0m
[  62% ] [90m[1mreimport[22m | Подготовка файлов к повторному импорту…[39m[0m
[  63% ] [90m[1mreimport[22m | Подготовка файлов к повторному импорту…[39m[0m
[  63% ] [90m[1mreimport[22m | Подготовка файлов к повторному импорту…[39m[0m
[  63% ] [90m[1mreimport[22m | Подготовка файлов к повторному импорту…[39m[0m
[  63% ] [90m[1mreimport[22m | Подготовка файлов к повторному импорту…[39m[0m
[  64% ] [90m[1mreimport[22m | Подготовка файлов к повторному импорту…[39m[0m
[  64% ] [90m[1mreimport[22m | Подготовка файлов к повторному импорту…[39m[0m
[  64% ] [90m[1mreimport[22m | Подготовка файлов к повторному импорту…[39m[0m
[  65% ] [90m[1mreimport[22m | Подготовка файлов к повторному импорту…[39m[0m
[  65% ] [90m[1mreimport[22m | Подготовка файлов к повторному импорту…[39m[0m
[  65% ] [90m[1mreimport[22m | Подготовка файлов к повторному импорту…[39m[0m
[  65% ] [90m[1mreimport[22m | Подготовка файлов к повторному импорту…[39m[0m
[  66% ] [90m[1mreimport[22m | Подготовка файлов к повторному импорту…[39m[0m
[  66% ] [90m[1mreimport[22m | Подготовка файлов к повторному импорту…[39m[0m
[  66% ] [90m[1mreimport[22m | Подготовка файлов к повторному импорту…[39m[0m
[  66% ] [90m[1mreimport[22m | Подготовка файлов к повторному импорту…[39m[0m
[  67% ] [90m[1mreimport[22m | Подготовка файлов к повторному импорту…[39m[0m
[  67% ] [90m[1mreimport[22m | Подготовка файлов к повторному импорту…[39m[0m
[  67% ] [90m[1mreimport[22m | Подготовка файлов к повторному импорту…[39m[0m
[  68% ] [90m[1mreimport[22m | Подготовка файлов к повторному импорту…[39m[0m
[  68% ] [90m[1mreimport[22m | Подготовка файлов к повторному импорту…[39m[0m
[  68% ] [90m[1mreimport[22m | Подготовка файлов к повторному импорту…[39m[0m
[  68% ] [90m[1mreimport[22m | Подготовка файлов к повторному импорту…[39m[0m
[  69% ] [90m[1mreimport[22m | Подготовка файлов к повторному импорту…[39m[0m
[  69% ] [90m[1mreimport[22m | Подготовка файлов к повторному импорту…[39m[0m
[  69% ] [90m[1mreimport[22m | Подготовка файлов к повторному импорту…[39m[0m
[  69% ] [90m[1mreimport[22m | Подготовка файлов к повторному импорту…[39m[0m
[  70% ] [90m[1mreimport[22m | Подготовка файлов к повторному импорту…[39m[0m
[  70% ] [90m[1mreimport[22m | Подготовка файлов к повторному импорту…[39m[0m
[  70% ] [90m[1mreimport[22m | Подготовка файлов к повторному импорту…[39m[0m
[  71% ] [90m[1mreimport[22m | Подготовка файлов к повторному импорту…[39m[0m
[  71% ] [90m[1mreimport[22m | Подготовка файлов к повторному импорту…[39m[0m
[  71% ] [90m[1mreimport[22m | Подготовка файлов к повторному импорту…[39m[0m
[  71% ] [90m[1mreimport[22m | Подготовка файлов к повторному импорту…[39m[0m
[  72% ] [90m[1mreimport[22m | Подготовка файлов к повторному импорту…[39m[0m
[  72% ] [90m[1mreimport[22m | Подготовка файлов к повторному импорту…[39m[0m
[  72% ] [90m[1mreimport[22m | Подготовка файлов к повторному импорту…[39m[0m
[  72% ] [90m[1mreimport[22m | Подготовка файлов к повторному импорту…[39m[0m
[  73% ] [90m[1mreimport[22m | Подготовка файлов к повторному импорту…[39m[0m
[  73% ] [90m[1mreimport[22m | Подготовка файлов к повторному импорту…[39m[0m
[  73% ] [90m[1mreimport[22m | Подготовка файлов к повторному импорту…[39m[0m
[  73% ] [90m[1mreimport[22m | Подготовка файлов к повторному импорту…[39m[0m
[  74% ] [90m[1mreimport[22m | Подготовка файлов к повторному импорту…[39m[0m
[  74% ] [90m[1mreimport[22m | Подготовка файлов к повторному импорту…[39m[0m
[  74% ] [90m[1mreimport[22m | Подготовка файлов к повторному импорту…[39m[0m
[  75% ] [90m[1mreimport[22m | Подготовка файлов к повторному импорту…[39m[0m
[  75% ] [90m[1mreimport[22m | Подготовка файлов к повторному импорту…[39m[0m
[  75% ] [90m[1mreimport[22m | Подготовка файлов к повторному импорту…[39m[0m
[  75% ] [90m[1mreimport[22m | Подготовка файлов к повторному импорту…[39m[0m
[  76% ] [90m[1mreimport[22m | Подготовка файлов к повторному импорту…[39m[0m
[  76% ] [90m[1mreimport[22m | Подготовка файлов к повторному импорту…[39m[0m
[  76% ] [90m[1mreimport[22m | Подготовка файлов к повторному импорту…[39m[0m
[  76% ] [90m[1mreimport[22m | Подготовка файлов к повторному импорту…[39m[0m
[  77% ] [90m[1mreimport[22m | Подготовка файлов к повторному импорту…[39m[0m
[  77% ] [90m[1mreimport[22m | Подготовка файлов к повторному импорту…[39m[0m
[  77% ] [90m[1mreimport[22m | Подготовка файлов к повторному импорту…[39m[0m
[  78% ] [90m[1mreimport[22m | Подготовка файлов к повторному импорту…[39m[0m
[  78% ] [90m[1mreimport[22m | Подготовка файлов к повторному импорту…[39m[0m
[  78% ] [90m[1mreimport[22m | Подготовка файлов к повторному импорту…[39m[0m
[  78% ] [90m[1mreimport[22m | Подготовка файлов к повторному импорту…[39m[0m
[  79% ] [90m[1mreimport[22m | Подготовка файлов к повторному импорту…[39m[0m
[  79% ] [90m[1mreimport[22m | Подготовка файлов к повторному импорту…[39m[0m
[  79% ] [90m[1mreimport[22m | Подготовка файлов к повторному импорту…[39m[0m
[  79% ] [90m[1mreimport[22m | Подготовка файлов к повторному импорту…[39m[0m
[  80% ] [90m[1mreimport[22m | Подготовка файлов к повторному импорту…[39m[0m
[  80% ] [90m[1mreimport[22m | Подготовка файлов к повторному импорту…[39m[0m
[  80% ] [90m[1mreimport[22m | Подготовка файлов к повторному импорту…[39m[0m
[  81% ] [90m[1mreimport[22m | Подготовка файлов к повторному импорту…[39m[0m
[  81% ] [90m[1mreimport[22m | Подготовка файлов к повторному импорту…[39m[0m
[  81% ] [90m[1mreimport[22m | Подготовка файлов к повторному импорту…[39m[0m
[  81% ] [90m[1mreimport[22m | Подготовка файлов к повторному импорту…[39m[0m
[  82% ] [90m[1mreimport[22m | Подготовка файлов к повторному импорту…[39m[0m
[  82% ] [90m[1mreimport[22m | Подготовка файлов к повторному импорту…[39m[0m
[  82% ] [90m[1mreimport[22m | Подготовка файлов к повторному импорту…[39m[0m
[  82% ] [90m[1mreimport[22m | Подготовка файлов к повторному импорту…[39m[0m
[  83% ] [90m[1mreimport[22m | Подготовка файлов к повторному импорту…[39m[0m
[  83% ] [90m[1mreimport[22m | Подготовка файлов к повторному импорту…[39m[0m
[  83% ] [90m[1mreimport[22m | Подготовка файлов к повторному импорту…[39m[0m
[  84% ] [90m[1mreimport[22m | Подготовка файлов к повторному импорту…[39m[0m
[  84% ] [90m[1mreimport[22m | Подготовка файлов к повторному импорту…[39m[0m
[  84% ] [90m[1mreimport[22m | Подготовка файлов к повторному импорту…[39m[0m
[  84% ] [90m[1mreimport[22m | Подготовка файлов к повторному импорту…[39m[0m
[  85% ] [90m[1mreimport[22m | Подготовка файлов к повторному импорту…[39m[0m
[  85% ] [90m[1mreimport[22m | Подготовка файлов к повторному импорту…[39m[0m
[  85% ] [90m[1mreimport[22m | Подготовка файлов к повторному импорту…[39m[0m
[  85% ] [90m[1mreimport[22m | Подготовка файлов к повторному импорту…[39m[0m
[  86% ] [90m[1mreimport[22m | Подготовка файлов к повторному импорту…[39m[0m
[  86% ] [90m[1mreimport[22m | Подготовка файлов к повторному импорту…[39m[0m
[  86% ] [90m[1mreimport[22m | Подготовка файлов к повторному импорту…[39m[0m
[  86% ] [90m[1mreimport[22m | Подготовка файлов к повторному импорту…[39m[0m
[  87% ] [90m[1mreimport[22m | Подготовка файлов к повторному импорту…[39m[0m
[  87% ] [90m[1mreimport[22m | Подготовка файлов к повторному импорту…[39m[0m
[  87% ] [90m[1mreimport[22m | Подготовка файлов к повторному импорту…[39m[0m
[  88% ] [90m[1mreimport[22m | Подготовка файлов к повторному импорту…[39m[0m
[  88% ] [90m[1mreimport[22m | Подготовка файлов к повторному импорту…[39m[0m
[  88% ] [90m[1mreimport[22m | Подготовка файлов к повторному импорту…[39m[0m
[  88% ] [90m[1mreimport[22m | Подготовка файлов к повторному импорту…[39m[0m
[  89% ] [90m[1mreimport[22m | Подготовка файлов к повторному импорту…[39m[0m
[  89% ] [90m[1mreimport[22m | Подготовка файлов к повторному импорту…[39m[0m
[  89% ] [90m[1mreimport[22m | Подготовка файлов к повторному импорту…[39m[0m
[  89% ] [90m[1mreimport[22m | Подготовка файлов к повторному импорту…[39m[0m
[  90% ] [90m[1mreimport[22m | Подготовка файлов к повторному импорту…[39m[0m
[  90% ] [90m[1mreimport[22m | Подготовка файлов к повторному импорту…[39m[0m
[  90% ] [90m[1mreimport[22m | Подготовка файлов к повторному импорту…[39m[0m
[  91% ] [90m[1mreimport[22m | Подготовка файлов к повторному импорту…[39m[0m
[  91% ] [90m[1mreimport[22m | Подготовка файлов к повторному импорту…[39m[0m
[  91% ] [90m[1mreimport[22m | Подготовка файлов к повторному импорту…[39m[0m
[  91% ] [90m[1mreimport[22m | Подготовка файлов к повторному импорту…[39m[0m
[  92% ] [90m[1mreimport[22m | Подготовка файлов к повторному импорту…[39m[0m
[  92% ] [90m[1mreimport[22m | Подготовка файлов к повторному импорту…[39m[0m
[  92% ] [90m[1mreimport[22m | Подготовка файлов к повторному импорту…[39m[0m
[  92% ] [90m[1mreimport[22m | Подготовка файлов к повторному импорту…[39m[0m
[  93% ] [90m[1mreimport[22m | Подготовка файлов к повторному импорту…[39m[0m
[  93% ] [90m[1mreimport[22m | Подготовка файлов к повторному импорту…[39m[0m
[  93% ] [90m[1mreimport[22m | Подготовка файлов к повторному импорту…[39m[0m
[  94% ] [90m[1mreimport[22m | Подготовка файлов к повторному импорту…[39m[0m
[  94% ] [90m[1mreimport[22m | Подготовка файлов к повторному импорту…[39m[0m
[  94% ] [90m[1mreimport[22m | Подготовка файлов к повторному импорту…[39m[0m
[  94% ] [90m[1mreimport[22m | Подготовка файлов к повторному импорту…[39m[0m
[  95% ] [90m[1mreimport[22m | Подготовка файлов к повторному импорту…[39m[0m
[  95% ] [90m[1mreimport[22m | Подготовка файлов к повторному импорту…[39m[0m
[  95% ] [90m[1mreimport[22m | Подготовка файлов к повторному импорту…[39m[0m
[  95% ] [90m[1mreimport[22m | Подготовка файлов к повторному импорту…[39m[0m
[  96% ] [90m[1mreimport[22m | Подготовка файлов к повторному импорту…[39m[0m
[  96% ] [90m[1mreimport[22m | Подготовка файлов к повторному импорту…[39m[0m
[  96% ] [90m[1mreimport[22m | Подготовка файлов к повторному импорту…[39m[0m
[  97% ] [90m[1mreimport[22m | Подготовка файлов к повторному импорту…[39m[0m
[  97% ] [90m[1mreimport[22m | Подготовка файлов к повторному импорту…[39m[0m
[  97% ] [90m[1mreimport[22m | Подготовка файлов к повторному импорту…[39m[0m
[  97% ] [90m[1mreimport[22m | Подготовка файлов к повторному импорту…[39m[0m
[  98% ] [90m[1mreimport[22m | Подготовка файлов к повторному импорту…[39m[0m
[  98% ] [90m[1mreimport[22m | Подготовка файлов к повторному импорту…[39m[0m
[  98% ] [90m[1mreimport[22m | Подготовка файлов к повторному импорту…[39m[0m
[  98% ] [90m[1mreimport[22m | Подготовка файлов к повторному импорту…[39m[0m
[  99% ] [90m[1mreimport[22m | Подготовка файлов к повторному импорту…[39m[0m
[  99% ] [90m[1mreimport[22m | Подготовка файлов к повторному импорту…[39m[0m
[   0% ] [90m[1mreimport[22m | Выполнение предимпортных операций…[39m[0m
[   0% ] [90m[1mreimport[22m | PT_Sans-Narrow-Web-Bold.ttf[39m[0m
[   0% ] [90m[1mreimport[22m | PT_Sans-Narrow-Web-Regular.ttf[39m[0m
[   0% ] [90m[1mreimport[22m | PT_Sans-Web-Bold.ttf[39m[0m
[   0% ] [90m[1mreimport[22m | PT_Sans-Web-Italic.ttf[39m[0m
[   1% ] [90m[1mreimport[22m | PT_Sans-Web-Regular.ttf[39m[0m
[   1% ] [90m[1mreimport[22m | roof_slate_v1_albedo.png[39m[0m
[   1% ] [90m[1mreimport[22m | roof_shingle_v3_albedo.png[39m[0m
[   1% ] [90m[1mreimport[22m | roof_metal_v2_albedo.png[39m[0m
[   2% ] [90m[1mreimport[22m | pine_foliage_v3_albedo.png[39m[0m
[   2% ] [90m[1mreimport[22m | pine_foliage_v2_albedo.png[39m[0m
[   2% ] [90m[1mreimport[22m | pine_foliage_albedo.png[39m[0m
[   2% ] [90m[1mreimport[22m | ornament_trim_v1_albedo.png[39m[0m
[   3% ] [90m[1mreimport[22m | old_fabric_v3_albedo.png[39m[0m
[   3% ] [90m[1mreimport[22m | old_fabric_v2_albedo.png[39m[0m
[   3% ] [90m[1mreimport[22m | mossy_stone_v3_albedo.png[39m[0m
[   4% ] [90m[1mreimport[22m | mossy_stone_v2_albedo.png[39m[0m
[   4% ] [90m[1mreimport[22m | log_wall_v2_albedo.png[39m[0m
[   4% ] [90m[1mreimport[22m | log_wall_v1_albedo.png[39m[0m
[   4% ] [90m[1mreimport[22m | leaf_birch_v2_albedo.png[39m[0m
[   5% ] [90m[1mreimport[22m | leaf_birch_v1_albedo.png[39m[0m
[   5% ] [90m[1mreimport[22m | ice_patch_v2_albedo.png[39m[0m
[   5% ] [90m[1mreimport[22m | ice_patch_v1_albedo.png[39m[0m
[   5% ] [90m[1mreimport[22m | hay_fibers_v1_albedo.png[39m[0m
[   6% ] [90m[1mreimport[22m | grass_verge_v2_albedo.png[39m[0m
[   6% ] [90m[1mreimport[22m | grass_verge_v1_albedo.png[39m[0m
[   6% ] [90m[1mreimport[22m | urman_t07_v01_basecolor.png[39m[0m
[   7% ] [90m[1mreimport[22m | urman_t04_v01_basecolor.png[39m[0m
[   7% ] [90m[1mreimport[22m | urman_t01_v02_basecolor.png[39m[0m
[   7% ] [90m[1mreimport[22m | urman_s02_v02_basecolor.png[39m[0m
[   7% ] [90m[1mreimport[22m | urman_s01_v01_basecolor.png[39m[0m
[   8% ] [90m[1mreimport[22m | urman_m05_v01_basecolor.png[39m[0m
[   8% ] [90m[1mreimport[22m | urman_f02_v02_basecolor.png[39m[0m
[   8% ] [90m[1mreimport[22m | urman_f01_v03_basecolor.png[39m[0m
[   8% ] [90m[1mreimport[22m | urman_b07_v02_basecolor.png[39m[0m
[   9% ] [90m[1mreimport[22m | urman_b04_v01_basecolor.png[39m[0m
[   9% ] [90m[1mreimport[22m | urman_b03_v01_basecolor.png[39m[0m
[   9% ] [90m[1mreimport[22m | urman_b01_v01_basecolor.png[39m[0m
[  10% ] [90m[1mreimport[22m | snow_trampled_v1_albedo.png[39m[0m
[  10% ] [90m[1mreimport[22m | snow_roof_v1_albedo.png[39m[0m
[  10% ] [90m[1mreimport[22m | snow_road_v1_albedo.png[39m[0m
[  10% ] [90m[1mreimport[22m | snow_micro_response.png[39m[0m
[  11% ] [90m[1mreimport[22m | snow_micro_normal.png[39m[0m
[  11% ] [90m[1mreimport[22m | snow_grass_peek_v1_albedo.png[39m[0m
[  11% ] [90m[1mreimport[22m | snow_fresh_v2_albedo.png[39m[0m
[  11% ] [90m[1mreimport[22m | snow_fresh_v1_albedo.png[39m[0m
[  12% ] [90m[1mreimport[22m | council_plate_avyl_sovety_v1.png[39m[0m
[  12% ] [90m[1mreimport[22m | chayan_magazine_preview_v1.png[39m[0m
[  12% ] [90m[1mreimport[22m | chayan_magazine_animated_v1_ChayanMagazine_PrintAtlas.png[39m[0m
[  13% ] [90m[1mreimport[22m | karaurman_milk_bottle_v1_karaurman_milk_bottle_label_v1.png[39m[0m
[  13% ] [90m[1mreimport[22m | karaurman_milk_bottle_preview_v1.png[39m[0m
[  13% ] [90m[1mreimport[22m | karaurman_milk_bottle_label_v1.png[39m[0m
[  13% ] [90m[1mreimport[22m | karaurman_chakchak_box_v1_KaraUrmanChakchakPrintAtlas.png[39m[0m
[  14% ] [90m[1mreimport[22m | karaurman_chakchak_box_v1_KaraUrmanChakchakContents.png[39m[0m
[  14% ] [90m[1mreimport[22m | karaurman_chakchak_box_preview_v1.png[39m[0m
[  14% ] [90m[1mreimport[22m | urman_winter_pine_Leaf_Pine_C.png[39m[0m
[  14% ] [90m[1mreimport[22m | school-class-2005.png[39m[0m
[  15% ] [90m[1mreimport[22m | kara_urman_edge_sketch_candidate_v1.png[39m[0m
[  15% ] [90m[1mreimport[22m | first_snow_existing_v1.png[39m[0m
[  15% ] [90m[1mreimport[22m | council-sabantuy-2005.png[39m[0m
[  15% ] [90m[1mreimport[22m | arrival_marat_childhood_existing_v1.png[39m[0m
[  16% ] [90m[1mreimport[22m | urman_character_kit_v2_T_Superhero_Male_Roughness.png[39m[0m
[  16% ] [90m[1mreimport[22m | urman_character_kit_v2_T_Superhero_Male_Normal.png[39m[0m
[  16% ] [90m[1mreimport[22m | urman_character_kit_v2_T_Superhero_Male_Ligh.png[39m[0m
[  17% ] [90m[1mreimport[22m | urman_character_kit_v2_T_Superhero_Female_Roughness.png[39m[0m
[  17% ] [90m[1mreimport[22m | urman_character_kit_v2_T_Superhero_Female_Normal.png[39m[0m
[  17% ] [90m[1mreimport[22m | frost_window_v1_albedo.png[39m[0m
[  17% ] [90m[1mreimport[22m | fabric_chit_v1_albedo.png[39m[0m
[  18% ] [90m[1mreimport[22m | damp_earth_v6_albedo.png[39m[0m
[  18% ] [90m[1mreimport[22m | damp_earth_v5_albedo.png[39m[0m
[  18% ] [90m[1mreimport[22m | damp_earth_v4_albedo.png[39m[0m
[  18% ] [90m[1mreimport[22m | damp_earth_v3_albedo.png[39m[0m
[  19% ] [90m[1mreimport[22m | damp_earth_v2_albedo.png[39m[0m
[  19% ] [90m[1mreimport[22m | damp_earth_albedo.png[39m[0m
[  19% ] [90m[1mreimport[22m | carpet_palas_v1_albedo.png[39m[0m
[  20% ] [90m[1mreimport[22m | bark_pine_v1_albedo.png[39m[0m
[  20% ] [90m[1mreimport[22m | bark_birch_v2_albedo.png[39m[0m
[  20% ] [90m[1mreimport[22m | bark_birch_v1_albedo.png[39m[0m
[  20% ] [90m[1mreimport[22m | aged_plaster_v3_albedo.png[39m[0m
[  21% ] [90m[1mreimport[22m | aged_plaster_v2_albedo.png[39m[0m
[  21% ] [90m[1mreimport[22m | aged_plaster_albedo.png[39m[0m
[  21% ] [90m[1mreimport[22m | mosque_prayer_carpet_v2_albedo.png[39m[0m
[  21% ] [90m[1mreimport[22m | mansur_age_v1_albedo.png[39m[0m
[  22% ] [90m[1mreimport[22m | shop_sign_ashamlyklar_v1.png[39m[0m
[  22% ] [90m[1mreimport[22m | school_plate_maktap_v1.png[39m[0m
[  22% ] [90m[1mreimport[22m | photo_first_snow_v1.png[39m[0m
[  23% ] [90m[1mreimport[22m | fap_plate_kara_urman_v1.png[39m[0m
[  23% ] [90m[1mreimport[22m | painted_wooden_bench_painted_wooden_bench_diff_1k.jpg[39m[0m
[  23% ] [90m[1mreimport[22m | painted_wooden_bench_painted_wooden_bench_arm_1k.jpg[39m[0m
[  23% ] [90m[1mreimport[22m | office_dining_chair_dining_chair.png[39m[0m
[  24% ] [90m[1mreimport[22m | office_chair_chair.png[39m[0m
[  24% ] [90m[1mreimport[22m | metal_office_desk_metal_office_desk_nor_gl_1k.jpg[39m[0m
[  24% ] [90m[1mreimport[22m | metal_office_desk_metal_office_desk_diff_1k.jpg[39m[0m
[  24% ] [90m[1mreimport[22m | metal_office_desk_metal_office_desk_arm_1k.jpg[39m[0m
[  25% ] [90m[1mreimport[22m | desk_lamp_arm_01_desk_lamp_arm_01_nor_gl_1k.jpg[39m[0m
[  25% ] [90m[1mreimport[22m | desk_lamp_arm_01_desk_lamp_arm_01_diff_1k.jpg[39m[0m
[  25% ] [90m[1mreimport[22m | desk_lamp_arm_01_desk_lamp_arm_01_arm_1k.jpg[39m[0m
[  26% ] [90m[1mreimport[22m | urman_app_icon_v1.png[39m[0m
[  26% ] [90m[1mreimport[22m | act1_menu_winter_v1.png[39m[0m
[  26% ] [90m[1mreimport[22m | tukay_portrait_v1_basecolor.png[39m[0m
[  26% ] [90m[1mreimport[22m | signs_exterior_v1_atlas.png[39m[0m
[  27% ] [90m[1mreimport[22m | signs_civic_b_v2_atlas.png[39m[0m
[  27% ] [90m[1mreimport[22m | signs_civic_b_v1_atlas.png[39m[0m
[  27% ] [90m[1mreimport[22m | signs_civic_a_v1_atlas.png[39m[0m
[  27% ] [90m[1mreimport[22m | quest_papers_v2_atlas.png[39m[0m
[  28% ] [90m[1mreimport[22m | quest_papers_v1_atlas.png[39m[0m
[  28% ] [90m[1mreimport[22m | postal_closure_v1_basecolor.png[39m[0m
[  28% ] [90m[1mreimport[22m | notices_v2_atlas.png[39m[0m
[  28% ] [90m[1mreimport[22m | document_notebook_sheet.png[39m[0m
[  29% ] [90m[1mreimport[22m | vaz2106_static_Image_10.jpg[39m[0m
[  29% ] [90m[1mreimport[22m | vaz2106_static_Image_9.png[39m[0m
[  29% ] [90m[1mreimport[22m | vaz2106_static_Image_8.png[39m[0m
[  30% ] [90m[1mreimport[22m | vaz2106_static_Image_7.png[39m[0m
[  30% ] [90m[1mreimport[22m | vaz2106_static_Image_6.png[39m[0m
[  30% ] [90m[1mreimport[22m | vaz2106_static_Image_5.png[39m[0m
[  30% ] [90m[1mreimport[22m | vaz2106_static_Image_4.png[39m[0m
[  31% ] [90m[1mreimport[22m | vaz2106_static_Image_3.png[39m[0m
[  31% ] [90m[1mreimport[22m | vaz2106_static_Image_2.png[39m[0m
[  31% ] [90m[1mreimport[22m | vaz2106_static_Image_1.png[39m[0m
[  31% ] [90m[1mreimport[22m | vaz2106_static_Image_0.png[39m[0m
[  32% ] [90m[1mreimport[22m | rotary_phone_Image_5.png[39m[0m
[  32% ] [90m[1mreimport[22m | rotary_phone_Image_4.png[39m[0m
[  32% ] [90m[1mreimport[22m | rotary_phone_Image_3.png[39m[0m
[  33% ] [90m[1mreimport[22m | rotary_phone_Image_2.png[39m[0m
[  33% ] [90m[1mreimport[22m | rotary_phone_Image_1.png[39m[0m
[  33% ] [90m[1mreimport[22m | rotary_phone_Image_0.png[39m[0m
[  33% ] [90m[1mreimport[22m | painted_wooden_cabinet_painted_wooden_cabinet_nor_gl_1k.jpg[39m[0m
[  34% ] [90m[1mreimport[22m | painted_wooden_cabinet_painted_wooden_cabinet_diff_1k.jpg[39m[0m
[  34% ] [90m[1mreimport[22m | painted_wooden_cabinet_painted_wooden_cabinet_arm_1k.jpg[39m[0m
[  34% ] [90m[1mreimport[22m | painted_wooden_bench_painted_wooden_bench_nor_gl_1k.jpg[39m[0m
[  34% ] [90m[1mreimport[22m | chayan_magazine_atlas_v1.png[39m[0m
[  35% ] [90m[1mreimport[22m | karaurman_milk_bottle_label_v1.png[39m[0m
[  35% ] [90m[1mreimport[22m | karaurman_chakchak_box_atlas_v1.png[39m[0m
[  35% ] [90m[1mreimport[22m | wood_carved_gate_v1_albedo.png[39m[0m
[  36% ] [90m[1mreimport[22m | weathered_wood_boards_v6_albedo.png[39m[0m
[  36% ] [90m[1mreimport[22m | weathered_wood_boards_v5_albedo.png[39m[0m
[  36% ] [90m[1mreimport[22m | weathered_wood_boards_v4_albedo.png[39m[0m
[  36% ] [90m[1mreimport[22m | weathered_wood_boards_v3_albedo.png[39m[0m
[  37% ] [90m[1mreimport[22m | weathered_wood_boards_v2_albedo.png[39m[0m
[  37% ] [90m[1mreimport[22m | weathered_wood_boards_albedo.png[39m[0m
[  37% ] [90m[1mreimport[22m | wall_institution_v1_albedo.png[39m[0m
[  37% ] [90m[1mreimport[22m | wallpaper_old_v2_albedo.png[39m[0m
[  38% ] [90m[1mreimport[22m | wallpaper_old_v1_albedo.png[39m[0m
[  38% ] [90m[1mreimport[22m | urman_w09_v01_basecolor.png[39m[0m
[  38% ] [90m[1mreimport[22m | urman_w08_v01_basecolor.png[39m[0m
[  39% ] [90m[1mreimport[22m | urman_w05_v02_basecolor.png[39m[0m
[  39% ] [90m[1mreimport[22m | urman_w04_v02_basecolor.png[39m[0m
[  39% ] [90m[1mreimport[22m | urman_w03_v01_basecolor.png[39m[0m
[  39% ] [90m[1mreimport[22m | urman_w02_v02_basecolor.png[39m[0m
[  40% ] [90m[1mreimport[22m | urman_w01_v01_basecolor.png[39m[0m
[  40% ] [90m[1mreimport[22m | urman_t10_v02_basecolor.png[39m[0m
[  40% ] [90m[1mreimport[22m | urman_t08_v01_basecolor.png[39m[0m
[  40% ] [90m[1mreimport[22m | notices_v1_atlas.png[39m[0m
[  41% ] [90m[1mreimport[22m | museum_towel_v1_basecolor.png[39m[0m
[  41% ] [90m[1mreimport[22m | herringbone_oak_v1_basecolor.png[39m[0m
[  41% ] [90m[1mreimport[22m | craft_details_v1_atlas.png[39m[0m
[  42% ] [90m[1mreimport[22m | costume_tag_v1_basecolor.png[39m[0m
[  42% ] [90m[1mreimport[22m | classroom_map_v1_basecolor.png[39m[0m
[  42% ] [90m[1mreimport[22m | children_drawings_v1_atlas.png[39m[0m
[  42% ] [90m[1mreimport[22m | chalkboard_lessons_v1_atlas.png[39m[0m
[  43% ] [90m[1mreimport[22m | unglazed_earthenware_source_v1_basecolor.png[39m[0m
[  43% ] [90m[1mreimport[22m | school_laminate_beige_v1_basecolor.png[39m[0m
[  43% ] [90m[1mreimport[22m | school_laminate_beige_source_v1_basecolor.png[39m[0m
[  43% ] [90m[1mreimport[22m | school_green_chalkboard_v1_basecolor.png[39m[0m
[  44% ] [90m[1mreimport[22m | samovar_brass_v1_basecolor.png[39m[0m
[  44% ] [90m[1mreimport[22m | public_red_brick_source_v1_basecolor.png[39m[0m
[  44% ] [90m[1mreimport[22m | public_concrete_source_v1_basecolor.png[39m[0m
[  44% ] [90m[1mreimport[22m | painted_steel_enamel_v1_basecolor.png[39m[0m
[  45% ] [90m[1mreimport[22m | moulded_rubber_black_v1_basecolor.png[39m[0m
[  45% ] [90m[1mreimport[22m | glazed_ceramic_cream_source_v1_basecolor.png[39m[0m
[  45% ] [90m[1mreimport[22m | galvanized_zinc_source_v1_basecolor.png[39m[0m
[  46% ] [90m[1mreimport[22m | bus_wheat_sun_mosaic_v1_basecolor.png[39m[0m
[  46% ] [90m[1mreimport[22m | burgundy_stage_velvet_v1_basecolor.png[39m[0m
[  46% ] [90m[1mreimport[22m | birch_plywood_varnished_v1_basecolor.png[39m[0m
[  46% ] [90m[1mreimport[22m | urman_character_kit_T_Eye_Brown.png[39m[0m
[  47% ] [90m[1mreimport[22m | urman_character_kit_T_Eye_Normal.png[39m[0m
[  47% ] [90m[1mreimport[22m | urman_character_kit_T_Superhero_Female_Dark_BaseColor.png[39m[0m
[  47% ] [90m[1mreimport[22m | urman_character_kit_T_Superhero_Female_Normal.png[39m[0m
[  47% ] [90m[1mreimport[22m | urman_character_kit_T_Superhero_Male_Dark.png[39m[0m
[  48% ] [90m[1mreimport[22m | urman_character_kit_T_Superhero_Male_Normal.png[39m[0m
[  48% ] [90m[1mreimport[22m | urman_character_kit_v2_old_lightskinned_female_diffuse.png[39m[0m
[  48% ] [90m[1mreimport[22m | urman_character_kit_v2_TamaraPolkaDot.png[39m[0m
[  49% ] [90m[1mreimport[22m | urman_character_kit_v2_T_Eye_Brown.png[39m[0m
[  49% ] [90m[1mreimport[22m | icon.png[39m[0m
[  49% ] [90m[1mreimport[22m | urman_character_kit_v2_T_Eye_Normal_png.png[39m[0m
[  49% ] [90m[1mreimport[22m | urman_character_kit_v2_T_Superhero_Female_Light_BaseColor.png[39m[0m
[  50% ] [90m[1mreimport[22m | urman_character_kit_v2_T_Hair_2_Normal.png[39m[0m
[  50% ] [90m[1mreimport[22m | urman_character_kit_v2_T_Hair_2_BaseColor.png[39m[0m
[  50% ] [90m[1mreimport[22m | urman_character_kit_v2_T_Hair_1_BaseColor.png[39m[0m
[  50% ] [90m[1mreimport[22m | urman_character_kit_v2_T_Hair_1_Normal_png.png[39m[0m
[  51% ] [90m[1mreimport[22m | local-workshop.wav[39m[0m
[  51% ] [90m[1mreimport[22m | family-salam.wav[39m[0m
[  51% ] [90m[1mreimport[22m | avyl-ident.wav[39m[0m
[  52% ] [90m[1mreimport[22m | step_wood_02.wav[39m[0m
[  52% ] [90m[1mreimport[22m | step_wood_01.wav[39m[0m
[  52% ] [90m[1mreimport[22m | step_wood_00.wav[39m[0m
[  52% ] [90m[1mreimport[22m | step_wet_road_02.wav[39m[0m
[  53% ] [90m[1mreimport[22m | step_wet_road_01.wav[39m[0m
[  53% ] [90m[1mreimport[22m | step_wet_road_00.wav[39m[0m
[  53% ] [90m[1mreimport[22m | step_snow_soft_02.wav[39m[0m
[  53% ] [90m[1mreimport[22m | step_snow_soft_01.wav[39m[0m
[  54% ] [90m[1mreimport[22m | step_snow_soft_00.wav[39m[0m
[  54% ] [90m[1mreimport[22m | step_snow_packed_02.wav[39m[0m
[  54% ] [90m[1mreimport[22m | step_snow_packed_01.wav[39m[0m
[  55% ] [90m[1mreimport[22m | step_snow_packed_00.wav[39m[0m
[  55% ] [90m[1mreimport[22m | step_mud_02.wav[39m[0m
[  55% ] [90m[1mreimport[22m | step_mud_01.wav[39m[0m
[  55% ] [90m[1mreimport[22m | step_mud_00.wav[39m[0m
[  56% ] [90m[1mreimport[22m | step_interior_floor_02.wav[39m[0m
[  56% ] [90m[1mreimport[22m | step_interior_floor_01.wav[39m[0m
[  56% ] [90m[1mreimport[22m | step_interior_floor_00.wav[39m[0m
[  56% ] [90m[1mreimport[22m | forest_branch.wav[39m[0m
[  57% ] [90m[1mreimport[22m | garmon.wav[39m[0m
[  57% ] [90m[1mreimport[22m | dog_distant.wav[39m[0m
[  57% ] [90m[1mreimport[22m | crows.wav[39m[0m
[  57% ] [90m[1mreimport[22m | cow_distant.wav[39m[0m
[  58% ] [90m[1mreimport[22m | cow.wav[39m[0m
[  58% ] [90m[1mreimport[22m | children.wav[39m[0m
[  58% ] [90m[1mreimport[22m | chatter.wav[39m[0m
[  59% ] [90m[1mreimport[22m | bullfinch.wav[39m[0m
[  59% ] [90m[1mreimport[22m | boots_snow.wav[39m[0m
[  59% ] [90m[1mreimport[22m | barn_hens.wav[39m[0m
[  59% ] [90m[1mreimport[22m | axe.wav[39m[0m
[  60% ] [90m[1mreimport[22m | adhan.wav[39m[0m
[  60% ] [90m[1mreimport[22m | music-one.wav[39m[0m
[  60% ] [90m[1mreimport[22m | winter-weather.wav[39m[0m
[  60% ] [90m[1mreimport[22m | winter-congratulations.wav[39m[0m
[  61% ] [90m[1mreimport[22m | village-photos.wav[39m[0m
[  61% ] [90m[1mreimport[22m | school-bus.wav[39m[0m
[  61% ] [90m[1mreimport[22m | night-repeat.wav[39m[0m
[  62% ] [90m[1mreimport[22m | nearby-villages.wav[39m[0m
[  62% ] [90m[1mreimport[22m | lost-glove.wav[39m[0m
[  62% ] [90m[1mreimport[22m | owl_eagle.wav[39m[0m
[  62% ] [90m[1mreimport[22m | low_moan.wav[39m[0m
[  63% ] [90m[1mreimport[22m | knockout_ring.wav[39m[0m
[  63% ] [90m[1mreimport[22m | heartbeat.wav[39m[0m
[  63% ] [90m[1mreimport[22m | gasp.wav[39m[0m
[  63% ] [90m[1mreimport[22m | fox_scream.wav[39m[0m
[  64% ] [90m[1mreimport[22m | dread_drone.wav[39m[0m
[  64% ] [90m[1mreimport[22m | brush_rustle.wav[39m[0m
[  64% ] [90m[1mreimport[22m | branch_crack.wav[39m[0m
[  65% ] [90m[1mreimport[22m | body_fall.wav[39m[0m
[  65% ] [90m[1mreimport[22m | bridge_rope_rattle.wav[39m[0m
[  65% ] [90m[1mreimport[22m | bridge_groan_loop.wav[39m[0m
[  65% ] [90m[1mreimport[22m | spirit_wet_step.wav[39m[0m
[  66% ] [90m[1mreimport[22m | spirit_exhale.wav[39m[0m
[  66% ] [90m[1mreimport[22m | spirit_creak.wav[39m[0m
[  66% ] [90m[1mreimport[22m | spirit_breath_loop.wav[39m[0m
[  66% ] [90m[1mreimport[22m | water_scoop.wav[39m[0m
[  67% ] [90m[1mreimport[22m | steam_burst.wav[39m[0m
[  67% ] [90m[1mreimport[22m | drip_loop.wav[39m[0m
[  67% ] [90m[1mreimport[22m | banya_room_loop.wav[39m[0m
[  68% ] [90m[1mreimport[22m | 4000.wav[39m[0m
[  68% ] [90m[1mreimport[22m | step_grass_02.wav[39m[0m
[  68% ] [90m[1mreimport[22m | step_grass_01.wav[39m[0m
[  68% ] [90m[1mreimport[22m | step_grass_00.wav[39m[0m
[  69% ] [90m[1mreimport[22m | wood_tap.wav[39m[0m
[  69% ] [90m[1mreimport[22m | ui_click.wav[39m[0m
[  69% ] [90m[1mreimport[22m | paper_open.wav[39m[0m
[  69% ] [90m[1mreimport[22m | metal_rattle.wav[39m[0m
[  70% ] [90m[1mreimport[22m | keyboard_key.wav[39m[0m
[  70% ] [90m[1mreimport[22m | hollow_board.wav[39m[0m
[  70% ] [90m[1mreimport[22m | door_creak.wav[39m[0m
[  71% ] [90m[1mreimport[22m | creak_02.wav[39m[0m
[  71% ] [90m[1mreimport[22m | creak_01.wav[39m[0m
[  71% ] [90m[1mreimport[22m | creak_00.wav[39m[0m
[  71% ] [90m[1mreimport[22m | wolf_far.wav[39m[0m
[  72% ] [90m[1mreimport[22m | wind_gust.wav[39m[0m
[  72% ] [90m[1mreimport[22m | strange_clicks.wav[39m[0m
[  72% ] [90m[1mreimport[22m | scare_sting.wav[39m[0m
[  72% ] [90m[1mreimport[22m | rush_close.wav[39m[0m
[  73% ] [90m[1mreimport[22m | runner_past.wav[39m[0m
[  73% ] [90m[1mreimport[22m | radio_evp.wav[39m[0m
[  73% ] [90m[1mreimport[22m | owl_tawny.wav[39m[0m
[  73% ] [90m[1mreimport[22m | kettle.wav[39m[0m
[  74% ] [90m[1mreimport[22m | music.wav[39m[0m
[  74% ] [90m[1mreimport[22m | plates.wav[39m[0m
[  74% ] [90m[1mreimport[22m | sewing.wav[39m[0m
[  75% ] [90m[1mreimport[22m | shovel.wav[39m[0m
[  75% ] [90m[1mreimport[22m | tap.wav[39m[0m
[  75% ] [90m[1mreimport[22m | tea.wav[39m[0m
[  75% ] [90m[1mreimport[22m | forest-babai-name-v2.wav[39m[0m
[  76% ] [90m[1mreimport[22m | forest-call-far.wav[39m[0m
[  76% ] [90m[1mreimport[22m | forest-call-hey.wav[39m[0m
[  76% ] [90m[1mreimport[22m | forest-come-here.wav[39m[0m
[  76% ] [90m[1mreimport[22m | forest-name-call.wav[39m[0m
[  77% ] [90m[1mreimport[22m | forest-wake-muffled.wav[39m[0m
[  77% ] [90m[1mreimport[22m | forest-wake-v2.wav[39m[0m
[  77% ] [90m[1mreimport[22m | forest-wake.wav[39m[0m
[  78% ] [90m[1mreimport[22m | prologue-niva-fluent-reply.wav[39m[0m
[  78% ] [90m[1mreimport[22m | prologue-niva-none-reply.wav[39m[0m
[  78% ] [90m[1mreimport[22m | prologue-niva-question.wav[39m[0m
[  78% ] [90m[1mreimport[22m | prologue-niva-skip-reply.wav[39m[0m
[  79% ] [90m[1mreimport[22m | prologue-niva-some-reply.wav[39m[0m
[  79% ] [90m[1mreimport[22m | prologue-ride-bark-nightmare.lvl-fluent.wav[39m[0m
[  79% ] [90m[1mreimport[22m | prologue-ride-bark-nightmare.lvl-some.wav[39m[0m
[  79% ] [90m[1mreimport[22m | prologue-ride-bark-nightmare.wav[39m[0m
[  80% ] [90m[1mreimport[22m | fap_institutional.wav[39m[0m
[  80% ] [90m[1mreimport[22m | house_room_tone.wav[39m[0m
[  80% ] [90m[1mreimport[22m | kara_urman_edge_ambience.wav[39m[0m
[  81% ] [90m[1mreimport[22m | village_arrival.wav[39m[0m
[  81% ] [90m[1mreimport[22m | village_day_ambience.wav[39m[0m
[  81% ] [90m[1mreimport[22m | village_return.wav[39m[0m
[  81% ] [90m[1mreimport[22m | village_yard.wav[39m[0m
[  82% ] [90m[1mreimport[22m | water_edge_ambience.wav[39m[0m
[  82% ] [90m[1mreimport[22m | zirat_wind.wav[39m[0m
[  82% ] [90m[1mreimport[22m | gate.wav[39m[0m
[  82% ] [90m[1mreimport[22m | gate_squeak.wav[39m[0m
[  83% ] [90m[1mreimport[22m | gramophone_music.wav[39m[0m
[  83% ] [90m[1mreimport[22m | horse.wav[39m[0m
[  83% ] [90m[1mreimport[22m | house_hum.wav[39m[0m
[  84% ] [90m[1mreimport[22m | laughter.wav[39m[0m
[  84% ] [90m[1mreimport[22m | magpie.wav[39m[0m
[  84% ] [90m[1mreimport[22m | pot.wav[39m[0m
[  84% ] [90m[1mreimport[22m | raven.wav[39m[0m
[  85% ] [90m[1mreimport[22m | saw.wav[39m[0m
[  85% ] [90m[1mreimport[22m | song_ellar_chakyra.wav[39m[0m
[  85% ] [90m[1mreimport[22m | song_iske_kara_urman.wav[39m[0m
[  85% ] [90m[1mreimport[22m | song_kubalek.wav[39m[0m
[  86% ] [90m[1mreimport[22m | song_tatarskoe_selo.wav[39m[0m
[  86% ] [90m[1mreimport[22m | song_tynlarsynmy.wav[39m[0m
[  86% ] [90m[1mreimport[22m | stove.wav[39m[0m
[  86% ] [90m[1mreimport[22m | hens.wav[39m[0m
[  87% ] [90m[1mreimport[22m | dog.wav[39m[0m
[  87% ] [90m[1mreimport[22m | cutlery.wav[39m[0m
[  87% ] [90m[1mreimport[22m | clock.wav[39m[0m
[  88% ] [90m[1mreimport[22m | cat.wav[39m[0m
[  88% ] [90m[1mreimport[22m | broom.wav[39m[0m
[  88% ] [90m[1mreimport[22m | vinyl_crackle.wav[39m[0m
[  88% ] [90m[1mreimport[22m | village_life_layer.wav[39m[0m
[  89% ] [90m[1mreimport[22m | village_dread_layer.wav[39m[0m
[  89% ] [90m[1mreimport[22m | stove_kindling.wav[39m[0m
[  89% ] [90m[1mreimport[22m | tit.wav[39m[0m
[  89% ] [90m[1mreimport[22m | tv.wav[39m[0m
[  90% ] [90m[1mreimport[22m | tv_movie.wav[39m[0m
[  90% ] [90m[1mreimport[22m | tv_news.wav[39m[0m
[  90% ] [90m[1mreimport[22m | tv_static.wav[39m[0m
[  91% ] [90m[1mreimport[22m | tv_switch.wav[39m[0m
[  91% ] [90m[1mreimport[22m | valenki.wav[39m[0m
[  91% ] [90m[1mreimport[22m | agentb_kara_edge_kit.glb[39m[0m
[   0% ] [90m[1mimport[22m | Started Импортировать сцену (104 steps)[39m[0m
[   0% ] [90m[1mimport[22m | Импорт сцены…[39m[0m
[   1% ] [90m[1mimport[22m | Запуск пользовательского скрипта…[39m[0m
[  99% ] [90m[1mimport[22m | Сохранение…[39m[0m
[92m[ DONE ][39m [1mimport[22m
[0m
[  91% ] [90m[1mreimport[22m | agentb_foliage_kit.glb[39m[0m
[   0% ] [90m[1mimport[22m | Started Импортировать сцену (104 steps)[39m[0m
[   0% ] [90m[1mimport[22m | Импорт сцены…[39m[0m
[   1% ] [90m[1mimport[22m | Запуск пользовательского скрипта…[39m[0m
[  99% ] [90m[1mimport[22m | Сохранение…[39m[0m
[92m[ DONE ][39m [1mimport[22m
[0m
[  92% ] [90m[1mreimport[22m | vaz2106_static.glb[39m[0m
[   0% ] [90m[1mimport[22m | Started Импортировать сцену (104 steps)[39m[0m
[   0% ] [90m[1mimport[22m | Импорт сцены…[39m[0m
[   1% ] [90m[1mimport[22m | Запуск пользовательского скрипта…[39m[0m
[  99% ] [90m[1mimport[22m | Сохранение…[39m[0m
[92m[ DONE ][39m [1mimport[22m
[0m
[  92% ] [90m[1mreimport[22m | urman_zirat_roadside_kit.glb[39m[0m
[   0% ] [90m[1mimport[22m | Started Импортировать сцену (104 steps)[39m[0m
[   0% ] [90m[1mimport[22m | Импорт сцены…[39m[0m
[   1% ] [90m[1mimport[22m | Запуск пользовательского скрипта…[39m[0m
[  99% ] [90m[1mimport[22m | Сохранение…[39m[0m
[92m[ DONE ][39m [1mimport[22m
[0m
[  92% ] [90m[1mreimport[22m | urman_winter_pine.glb[39m[0m
[   0% ] [90m[1mimport[22m | Started Импортировать сцену (104 steps)[39m[0m
[   0% ] [90m[1mimport[22m | Импорт сцены…[39m[0m
[   1% ] [90m[1mimport[22m | Запуск пользовательского скрипта…[39m[0m
[  99% ] [90m[1mimport[22m | Сохранение…[39m[0m
[92m[ DONE ][39m [1mimport[22m
[0m
[  92% ] [90m[1mreimport[22m | urman_winter_dead_tree.glb[39m[0m
[   0% ] [90m[1mimport[22m | Started Импортировать сцену (104 steps)[39m[0m
[   0% ] [90m[1mimport[22m | Импорт сцены…[39m[0m
[   1% ] [90m[1mimport[22m | Запуск пользовательского скрипта…[39m[0m
[  99% ] [90m[1mimport[22m | Сохранение…[39m[0m
[92m[ DONE ][39m [1mimport[22m
[0m
[  93% ] [90m[1mreimport[22m | urman_wet_village_road_kit.glb[39m[0m
[   0% ] [90m[1mimport[22m | Started Импортировать сцену (104 steps)[39m[0m
[   0% ] [90m[1mimport[22m | Импорт сцены…[39m[0m
[   1% ] [90m[1mimport[22m | Запуск пользовательского скрипта…[39m[0m
[  99% ] [90m[1mimport[22m | Сохранение…[39m[0m
[92m[ DONE ][39m [1mimport[22m
[0m
[  93% ] [90m[1mreimport[22m | urman_village_exterior_kit.glb[39m[0m
[   0% ] [90m[1mimport[22m | Started Импортировать сцену (104 steps)[39m[0m
[   0% ] [90m[1mimport[22m | Импорт сцены…[39m[0m
[   1% ] [90m[1mimport[22m | Запуск пользовательского скрипта…[39m[0m
[  99% ] [90m[1mimport[22m | Сохранение…[39m[0m
[92m[ DONE ][39m [1mimport[22m
[0m
[  93% ] [90m[1mreimport[22m | urman_kara_forest_edge_kit.glb[39m[0m
[   0% ] [90m[1mimport[22m | Started Импортировать сцену (104 steps)[39m[0m
[   0% ] [90m[1mimport[22m | Импорт сцены…[39m[0m
[   1% ] [90m[1mimport[22m | Запуск пользовательского скрипта…[39m[0m
[  99% ] [90m[1mimport[22m | Сохранение…[39m[0m
[92m[ DONE ][39m [1mimport[22m
[0m
[  94% ] [90m[1mreimport[22m | urman_fap_clinic_kit.glb[39m[0m
[   0% ] [90m[1mimport[22m | Started Импортировать сцену (104 steps)[39m[0m
[   0% ] [90m[1mimport[22m | Импорт сцены…[39m[0m
[   1% ] [90m[1mimport[22m | Запуск пользовательского скрипта…[39m[0m
[  99% ] [90m[1mimport[22m | Сохранение…[39m[0m
[92m[ DONE ][39m [1mimport[22m
[0m
[  94% ] [90m[1mreimport[22m | urman_forest_edge_kit.glb[39m[0m
[   0% ] [90m[1mimport[22m | Started Импортировать сцену (104 steps)[39m[0m
[   0% ] [90m[1mimport[22m | Импорт сцены…[39m[0m
[   1% ] [90m[1mimport[22m | Запуск пользовательского скрипта…[39m[0m
[  99% ] [90m[1mimport[22m | Сохранение…[39m[0m
[92m[ DONE ][39m [1mimport[22m
[0m
[  94% ] [90m[1mreimport[22m | urman_character_kit_v2.glb[39m[0m
[   0% ] [90m[1mimport[22m | Started Импортировать сцену (104 steps)[39m[0m
[   0% ] [90m[1mimport[22m | Импорт сцены…[39m[0m
[   1% ] [90m[1mimport[22m | Запуск пользовательского скрипта…[39m[0m
[  99% ] [90m[1mimport[22m | Сохранение…[39m[0m
[92m[ DONE ][39m [1mimport[22m
[0m
[  94% ] [90m[1mreimport[22m | urman_modular_kit.glb[39m[0m
[   0% ] [90m[1mimport[22m | Started Импортировать сцену (104 steps)[39m[0m
[   0% ] [90m[1mimport[22m | Импорт сцены…[39m[0m
[   1% ] [90m[1mimport[22m | Запуск пользовательского скрипта…[39m[0m
[  99% ] [90m[1mimport[22m | Сохранение…[39m[0m
[92m[ DONE ][39m [1mimport[22m
[0m
[  95% ] [90m[1mreimport[22m | urman_niva.glb[39m[0m
[   0% ] [90m[1mimport[22m | Started Импортировать сцену (104 steps)[39m[0m
[   0% ] [90m[1mimport[22m | Импорт сцены…[39m[0m
[   1% ] [90m[1mimport[22m | Запуск пользовательского скрипта…[39m[0m
[  99% ] [90m[1mimport[22m | Сохранение…[39m[0m
[92m[ DONE ][39m [1mimport[22m
[0m
[  95% ] [90m[1mreimport[22m | ual1_standard.glb[39m[0m
[   0% ] [90m[1mimport[22m | Started Импортировать сцену (104 steps)[39m[0m
[   0% ] [90m[1mimport[22m | Импорт сцены…[39m[0m
[   1% ] [90m[1mimport[22m | Запуск пользовательского скрипта…[39m[0m
[  99% ] [90m[1mimport[22m | Сохранение…[39m[0m
[92m[ DONE ][39m [1mimport[22m
[0m
[  95% ] [90m[1mreimport[22m | agentb_terrain_road_kit.glb[39m[0m
[   0% ] [90m[1mimport[22m | Started Импортировать сцену (104 steps)[39m[0m
[   0% ] [90m[1mimport[22m | Импорт сцены…[39m[0m
[   1% ] [90m[1mimport[22m | Запуск пользовательского скрипта…[39m[0m
[  99% ] [90m[1mimport[22m | Сохранение…[39m[0m
[92m[ DONE ][39m [1mimport[22m
[0m
[  95% ] [90m[1mreimport[22m | agentb_village_buildings_kit.glb[39m[0m
[   0% ] [90m[1mimport[22m | Started Импортировать сцену (104 steps)[39m[0m
[   0% ] [90m[1mimport[22m | Импорт сцены…[39m[0m
[   1% ] [90m[1mimport[22m | Запуск пользовательского скрипта…[39m[0m
[  99% ] [90m[1mimport[22m | Сохранение…[39m[0m
[92m[ DONE ][39m [1mimport[22m
[0m
[  96% ] [90m[1mreimport[22m | agentb_zirat_kit.glb[39m[0m
[   0% ] [90m[1mimport[22m | Started Импортировать сцену (104 steps)[39m[0m
[   0% ] [90m[1mimport[22m | Импорт сцены…[39m[0m
[   1% ] [90m[1mimport[22m | Запуск пользовательского скрипта…[39m[0m
[  99% ] [90m[1mimport[22m | Сохранение…[39m[0m
[92m[ DONE ][39m [1mimport[22m
[0m
[  96% ] [90m[1mreimport[22m | karaurman_chakchak_box_v1.glb[39m[0m
[   0% ] [90m[1mimport[22m | Started Импортировать сцену (104 steps)[39m[0m
[   0% ] [90m[1mimport[22m | Импорт сцены…[39m[0m
[   1% ] [90m[1mimport[22m | Запуск пользовательского скрипта…[39m[0m
[  99% ] [90m[1mimport[22m | Сохранение…[39m[0m
[92m[ DONE ][39m [1mimport[22m
[0m
[  96% ] [90m[1mreimport[22m | rotary_phone.glb[39m[0m
[   0% ] [90m[1mimport[22m | Started Импортировать сцену (104 steps)[39m[0m
[   0% ] [90m[1mimport[22m | Импорт сцены…[39m[0m
[   1% ] [90m[1mimport[22m | Запуск пользовательского скрипта…[39m[0m
[  99% ] [90m[1mimport[22m | Сохранение…[39m[0m
[92m[ DONE ][39m [1mimport[22m
[0m
[  97% ] [90m[1mreimport[22m | urman_character_kit.glb[39m[0m
[   0% ] [90m[1mimport[22m | Started Импортировать сцену (104 steps)[39m[0m
[   0% ] [90m[1mimport[22m | Импорт сцены…[39m[0m
[   1% ] [90m[1mimport[22m | Запуск пользовательского скрипта…[39m[0m
[  99% ] [90m[1mimport[22m | Сохранение…[39m[0m
[92m[ DONE ][39m [1mimport[22m
[0m
[  97% ] [90m[1mreimport[22m | karaurman_milk_bottle_v1.glb[39m[0m
[   0% ] [90m[1mimport[22m | Started Импортировать сцену (104 steps)[39m[0m
[   0% ] [90m[1mimport[22m | Импорт сцены…[39m[0m
[   1% ] [90m[1mimport[22m | Запуск пользовательского скрипта…[39m[0m
[  99% ] [90m[1mimport[22m | Сохранение…[39m[0m
[92m[ DONE ][39m [1mimport[22m
[0m
[  97% ] [90m[1mreimport[22m | urman_act1_village_landmark_kit.glb[39m[0m
[   0% ] [90m[1mimport[22m | Started Импортировать сцену (104 steps)[39m[0m
[   0% ] [90m[1mimport[22m | Импорт сцены…[39m[0m
[   1% ] [90m[1mimport[22m | Запуск пользовательского скрипта…[39m[0m
[  99% ] [90m[1mimport[22m | Сохранение…[39m[0m
[92m[ DONE ][39m [1mimport[22m
[0m
[  97% ] [90m[1mreimport[22m | painted_wooden_cabinet.glb[39m[0m
[   0% ] [90m[1mimport[22m | Started Импортировать сцену (104 steps)[39m[0m
[   0% ] [90m[1mimport[22m | Импорт сцены…[39m[0m
[   1% ] [90m[1mimport[22m | Запуск пользовательского скрипта…[39m[0m
[  99% ] [90m[1mimport[22m | Сохранение…[39m[0m
[92m[ DONE ][39m [1mimport[22m
[0m
[  98% ] [90m[1mreimport[22m | chayan_magazine_animated_v1.glb[39m[0m
[   0% ] [90m[1mimport[22m | Started Импортировать сцену (104 steps)[39m[0m
[   0% ] [90m[1mimport[22m | Импорт сцены…[39m[0m
[   1% ] [90m[1mimport[22m | Запуск пользовательского скрипта…[39m[0m
[  99% ] [90m[1mimport[22m | Сохранение…[39m[0m
[92m[ DONE ][39m [1mimport[22m
[0m
[  98% ] [90m[1mreimport[22m | painted_wooden_bench.glb[39m[0m
[   0% ] [90m[1mimport[22m | Started Импортировать сцену (104 steps)[39m[0m
[   0% ] [90m[1mimport[22m | Импорт сцены…[39m[0m
[   1% ] [90m[1mimport[22m | Запуск пользовательского скрипта…[39m[0m
[  99% ] [90m[1mimport[22m | Сохранение…[39m[0m
[92m[ DONE ][39m [1mimport[22m
[0m
[  98% ] [90m[1mreimport[22m | office_dining_chair.glb[39m[0m
[   0% ] [90m[1mimport[22m | Started Импортировать сцену (104 steps)[39m[0m
[   0% ] [90m[1mimport[22m | Импорт сцены…[39m[0m
[   1% ] [90m[1mimport[22m | Запуск пользовательского скрипта…[39m[0m
[  99% ] [90m[1mimport[22m | Сохранение…[39m[0m
[92m[ DONE ][39m [1mimport[22m
[0m
[  98% ] [90m[1mreimport[22m | office_chair.glb[39m[0m
[   0% ] [90m[1mimport[22m | Started Импортировать сцену (104 steps)[39m[0m
[   0% ] [90m[1mimport[22m | Импорт сцены…[39m[0m
[   1% ] [90m[1mimport[22m | Запуск пользовательского скрипта…[39m[0m
[  99% ] [90m[1mimport[22m | Сохранение…[39m[0m
[92m[ DONE ][39m [1mimport[22m
[0m
[  99% ] [90m[1mreimport[22m | metal_office_desk.glb[39m[0m
[   0% ] [90m[1mimport[22m | Started Импортировать сцену (104 steps)[39m[0m
[   0% ] [90m[1mimport[22m | Импорт сцены…[39m[0m
[   1% ] [90m[1mimport[22m | Запуск пользовательского скрипта…[39m[0m
[  99% ] [90m[1mimport[22m | Сохранение…[39m[0m
[92m[ DONE ][39m [1mimport[22m
[0m
[  99% ] [90m[1mreimport[22m | desk_lamp_arm_01.glb[39m[0m
[   0% ] [90m[1mimport[22m | Started Импортировать сцену (104 steps)[39m[0m
[   0% ] [90m[1mimport[22m | Импорт сцены…[39m[0m
[   1% ] [90m[1mimport[22m | Запуск пользовательского скрипта…[39m[0m
[  99% ] [90m[1mimport[22m | Сохранение…[39m[0m
[92m[ DONE ][39m [1mimport[22m
[0m
[  99% ] [90m[1mreimport[22m | Завершение импорта активов…[39m[0m
[92m[ DONE ][39m [1mreimport[22m
[0m
[   0% ] [90m[1mreimport[22m | Started Импорт или повторный импорт ассетов (368 steps)[39m[0m
[   0% ] [90m[1mreimport[22m | Выполнение операций после реимпорта…[39m[0m
[92m[ DONE ][39m [1mreimport[22m
[0m
[   0% ] [90m[1mloading_editor_layout[22m | Started Загрузка редактора (5 steps)[39m[0m
[   0% ] [90m[1mloading_editor_layout[22m | Загрузка макета редактора…[39m[0m
[  16% ] [90m[1mloading_editor_layout[22m | Загрузка док-панели…[39m[0m
[92m[ DONE ][39m [1mloading_editor_layout[22m
[0m
userdata guard: original files restored by rename and verified (Windows ACLs not compared)
Godot Engine v4.7.1.stable.mono.official.a13da4feb - https://godotengine.org
Vulkan 1.3.280 - Forward+ - Using Device #0: NVIDIA - NVIDIA GeForce GTX 970

act1-kit-lod-parity-notice: /root/FullGameFlowSmokeTest/FullGameMain/ZoneHost/StyleBenchmarkDayStreet/GeneratedModularKit variant=style-day-house pairs=12 overTolerance=1 worstCrown=100.00% worstHeight=0.15% worstBase=1.70% rootOffset=0.0000m
act1-kit-lod-parity-notice: /root/FullGameFlowSmokeTest/FullGameMain/ZoneHost/StyleBenchmarkDayStreet/@Node3D@304 variant=style-day-well pairs=7 overTolerance=7 worstCrown=100.00% worstHeight=0.42% worstBase=100.00% rootOffset=0.0000m
act1-kit-lod-parity-notice: /root/FullGameFlowSmokeTest/FullGameMain/ZoneHost/StyleBenchmarkDayStreet/@Node3D@307 variant=style-day-woodpile pairs=4 overTolerance=4 worstCrown=2.20% worstHeight=0.00% worstBase=0.40% rootOffset=0.0000m
zone-loaded: village_day@arrival
УРМАН Godot vertical slice ready: Painterly Low-Poly / first person
SaveGameV3 written to C:\Users\ruste\AppData\Roaming\Godot\app_userdata\URMAN\savegames\photoworlds-v1\quick.savegame-v3.json
ERROR: Full-game semantic flow failed: System.InvalidOperationException: The disk snapshot did not preserve the real stationary Alsu pose, checkpoint, pending checkpoint, and travel state: saved(schema=1, checkpoint=0, pending=0, travel=0, yaw=-0,2617994, position=(0.85, 0, 2.05)); before(checkpoint=0, pending=0, travel=0, yaw=2,9321532, position=(0.85, 0, 2.05)); after(checkpoint=0, pending=0, travel=0, yaw=-0,26179942, position=(0.85, 0.09397566, 2.05)); positionDistances(saved-before=0, saved-after=0,09397566, before-after=0,09397566).
   at Urman.Godot.Tests.FullGameFlowSmokeTest.Require(Boolean condition, String message) in D:\URMAN-STATION\data\runs\02fedfa24c9344ee85e89ad87702f9a0\source\game\tests\FullGameFlowSmokeTest.cs:line 669
   at Urman.Godot.Tests.FullGameFlowSmokeTest.AssertPhotoWorldDiskRoundTripAsync(RuntimeBridge bridge, JsonElement initialState, SaveIsolationCanaries canaries, Dictionary`2 ownedFiles) in D:\URMAN-STATION\data\runs\02fedfa24c9344ee85e89ad87702f9a0\source\game\tests\FullGameFlowSmokeTest.cs:line 544
   at Urman.Godot.Tests.FullGameFlowSmokeTest._Ready() in D:\URMAN-STATION\data\runs\02fedfa24c9344ee85e89ad87702f9a0\source\game\tests\FullGameFlowSmokeTest.cs:line 59
   at: void Urman.Godot.Tests.FullGameFlowSmokeTest+<_Ready>d__7.MoveNext() (res://tests/FullGameFlowSmokeTest.cs:59)
   C# backtrace (most recent call first):
       [0] void Godot.GD.PushError(string) (/root/godot/modules/mono/glue/GodotSharp/GodotSharp/Core/GD.cs:366)
       [1] void Urman.Godot.Tests.FullGameFlowSmokeTest+<_Ready>d__7.MoveNext() (D:\URMAN-STATION\data\runs\02fedfa24c9344ee85e89ad87702f9a0\source\game\tests\FullGameFlowSmokeTest.cs:59)
       [2] void System.Threading.ExecutionContext.RunInternal(System.Threading.ExecutionContext, System.Threading.ContextCallback, object)
       [3] void System.Runtime.CompilerServices.AsyncTaskMethodBuilder`1+AsyncStateMachineBox`1.MoveNext(System.Threading.Thread)
       [4] void System.Threading.Tasks.AwaitTaskContinuation.RunCallback(System.Threading.ContextCallback, object, System.Threading.Tasks.Task&)
       [5] void System.Threading.Tasks.Task.RunContinuations(object)
       [6] void System.Threading.Tasks.Task.FinishSlow(bool)
       [7] bool System.Threading.Tasks.Task.TrySetException(object)
       [8] void System.Runtime.CompilerServices.AsyncTaskMethodBuilder`1.SetException(System.Exception, System.Threading.Tasks.Task`1[TResult]&)
       [9] void Urman.Godot.Tests.FullGameFlowSmokeTest+<AssertPhotoWorldDiskRoundTripAsync>d__27.MoveNext() (D:\URMAN-STATION\data\runs\02fedfa24c9344ee85e89ad87702f9a0\source\game\tests\FullGameFlowSmokeTest.cs:544)
       [10] void System.Threading.ExecutionContext.RunInternal(System.Threading.ExecutionContext, System.Threading.ContextCallback, object)
       [11] void System.Runtime.CompilerServices.AsyncTaskMethodBuilder`1+AsyncStateMachineBox`1.MoveNext(System.Threading.Thread)
       [12] void System.Threading.Tasks.AwaitTaskContinuation.RunCallback(System.Threading.ContextCallback, object, System.Threading.Tasks.Task&)
       [13] void System.Threading.Tasks.Task.RunContinuations(object)
       [14] bool System.Threading.Tasks.Task`1.TrySetResult(TResult)
       [15] void System.Runtime.CompilerServices.AsyncTaskMethodBuilder`1.SetExistingTaskResult(System.Threading.Tasks.Task`1[TResult], TResult)
       [16] void Urman.Godot.RuntimeBridge+<SaveSlotAsync>d__72.MoveNext() (D:\URMAN-STATION\data\runs\02fedfa24c9344ee85e89ad87702f9a0\source\game\scripts\RuntimeBridge.cs:224)
       [17] void System.Threading.ExecutionContext.RunInternal(System.Threading.ExecutionContext, System.Threading.ContextCallback, object)
       [18] void System.Runtime.CompilerServices.AsyncTaskMethodBuilder`1+AsyncStateMachineBox`1.MoveNext(System.Threading.Thread)
       [19] void System.Threading.Tasks.AwaitTaskContinuation.RunCallback(System.Threading.ContextCallback, object, System.Threading.Tasks.Task&)
       [20] void System.Threading.Tasks.Task.RunContinuations(object)
       [21] bool System.Threading.Tasks.Task`1.TrySetResult(TResult)
       [22] void System.Runtime.CompilerServices.AsyncTaskMethodBuilder`1.SetExistingTaskResult(System.Threading.Tasks.Task`1[TResult], TResult)
       [23] void Urman.Core.Persistence.AtomicSaveGameStore+<SaveAsync>d__3.MoveNext() (D:\URMAN-STATION\data\runs\02fedfa24c9344ee85e89ad87702f9a0\source\src-dotnet\Urman.Core\Persistence\AtomicSaveGameStore.cs:57)
       [24] void System.Threading.ExecutionContext.RunInternal(System.Threading.ExecutionContext, System.Threading.ContextCallback, object)
       [25] void System.Runtime.CompilerServices.AsyncTaskMethodBuilder`1+AsyncStateMachineBox`1.MoveNext(System.Threading.Thread)
       [26] void Godot.GodotSynchronizationContext.ExecutePendingContinuations() (/root/godot/modules/mono/glue/GodotSharp/GodotSharp/Core/GodotSynchronizationContext.cs:51)
       [27] void Godot.GodotTaskScheduler.Activate() (/root/godot/modules/mono/glue/GodotSharp/GodotSharp/Core/GodotTaskScheduler.cs:76)
       [28] void Godot.Bridge.ScriptManagerBridge.FrameCallback() (/root/godot/modules/mono/glue/GodotSharp/GodotSharp/Core/Bridge/ScriptManagerBridge.cs:84)
userdata guard: original files restored by rename and verified (Windows ACLs not compared)
game exited 1; see D:\URMAN-STATION\data\runs\02fedfa24c9344ee85e89ad87702f9a0\artifacts/game.log
Windows check: FAIL; receipt: D:\URMAN-STATION\data\runs\02fedfa24c9344ee85e89ad87702f9a0\artifacts/receipt.json
