run-smoke-guarded: res://tests/act1_carry_interaction_smoke_test.tscn
Godot Engine v4.7.1.stable.mono.official.a13da4feb - https://godotengine.org
Metal 4.0 - Forward+ - Using Device #0: Apple - Apple M4 Pro (Apple9)

act1-river: ice_slabs=31 blockers=29 road_gap_samples=2 bridge=broken@(15,-85)
village-chimney: /root/Act1CarryInteractionSmokeTest/Act1Demo/Main/ZoneHost/Act1ConnectedWorld/Act1CoreWorldGreybox/Act1AuthoredExteriorKitPresentation/ArrivalAuthoredParcels/ArrivalForwardWestFacade/DwellingFacade_TimberPlaster/DwellingFacade_ChimneyCap_LOD0 top=(-10.2875, 4.7722464, 2.3450005)
village-chimney: /root/Act1CarryInteractionSmokeTest/Act1Demo/Main/ZoneHost/Act1ConnectedWorld/Act1CoreWorldGreybox/Act1AuthoredExteriorKitPresentation/DistantPerimeterParcels/WestArrivalNearParcel/WestArrivalNearFacade/DwellingFacade_TimberPlaster/DwellingFacade_ChimneyCap_LOD0 top=(-19.730013, 3.9641316, 15.965501)
act1-terrain-room-cut: room=/root/Act1CarryInteractionSmokeTest/Act1Demo/Main/ZoneHost/Act1ConnectedWorld/babay-abi-house half=(4, 3.5) affectedTriangles=48 clippedVertices=49980 publishedVertices=49980 physicsVertices=49980 visualAndPhysics=shared-published-faces
act1-apron-room-cut: mesh=/root/Act1CarryInteractionSmokeTest/Act1Demo/Main/ZoneHost/Act1ConnectedWorld/Act1CoreWorldGreybox/AgentBExteriorWorld/AgentB_TerrainRoadKit/URMAN_AgentB_TerrainRoadKit/Apron_BabaiYard affectedTriangles=11 clippedVertices=123 surfaces=1 collision=existing-terrain-owner
act1-south-fence-house-junction: wallX=-33.5880 retainedMembers=13 retiredPostsAndCaps=10 supportedWestWing=2.4920m
act1-drain-bank-conform: mesh=/root/Act1CarryInteractionSmokeTest/Act1Demo/Main/ZoneHost/Act1ConnectedWorld/Act1CoreWorldGreybox/AgentBExteriorWorld/AgentB_TerrainRoadKit/URMAN_AgentB_TerrainRoadKit/BabaiYard_EastFenceSwale originalTriangles=78 affectedTriangles=35 outputTriangles=3543 groundOwner=unchanged
act1-mosque-terrain-cut: affectedTriangles=70 publishedVertices=49980 physicsVertices=49980 sameOwner=true
act1-school-bank-cut: mesh=/root/Act1CarryInteractionSmokeTest/Act1Demo/Main/ZoneHost/Act1ConnectedWorld/Act1CoreWorldGreybox/AgentBExteriorWorld/AgentB_TerrainRoadKit/URMAN_AgentB_TerrainRoadKit/Ditch_FieldBank_EastZirat room=/root/Act1CarryInteractionSmokeTest/Act1Demo/Main/ZoneHost/Act1ConnectedWorld/Act1CoreWorldGreybox/Act1AuthoredExteriorKitPresentation/DistantPerimeterParcels/EastReturnMidParcel/EastReturnMidFacade/PublicInterior_school/MainRoom half=(2.5154998, 2.3804996) affectedTriangles=20 clippedVertices=486 publishedVertices=486 floorY=-0.0049708784 collision=unchanged-existing-terrain-and-timber-floor
act1-council-fence-format: source=urman_village_exterior_kit_Cube_040 vertices=96 normals=96 uv=96 tangents=384 colors=0 uv2=0 lods=0 sourceFormat=536875031 publishedFormat=4119
act1-council-fence-format: source=urman_village_exterior_kit_FenceSegment_RailMiddle_Crooked_LOD0Mesh vertices=48 normals=48 uv=0 tangents=192 colors=0 uv2=0 lods=0 sourceFormat=536875015 publishedFormat=4103
act1-council-fence-format: source=urman_village_exterior_kit_Cube_039 vertices=96 normals=96 uv=96 tangents=384 colors=0 uv2=0 lods=0 sourceFormat=536875031 publishedFormat=4119
act1-council-fence-junction: fence=/root/Act1CarryInteractionSmokeTest/Act1Demo/Main/ZoneHost/Act1ConnectedWorld/Act1CoreWorldGreybox/Act1AuthoredExteriorKitPresentation/DistantPerimeterParcels/EastStreetHorizonParcel/EastStreetHorizonFence wall=/root/Act1CarryInteractionSmokeTest/Act1Demo/Main/ZoneHost/Act1ConnectedWorld/Act1CoreWorldGreybox/Act1AuthoredExteriorKitPresentation/DistantPerimeterParcels/EastStreetHorizonParcel/EastStreetHorizonFacade/VillageParcel_VariantA_TimberGable_Dwelling/VariantA_TimberGable_Dwelling_SeniRear_Wall_LOD0 localCutZ=-4.4 hiddenMembers=4 trimmedRails=3 retainedMembers=8 sourceAsset=unchanged
act1-zirat-fence-source: owner=/root/Act1CarryInteractionSmokeTest/Act1Demo/Main/ZoneHost/Act1ConnectedWorld/Act1CoreWorldGreybox/ConnectiveStreetReturn/ReturnEastParcelFenceRail surfaces=1
act1-zirat-fence-source: owner=/root/Act1CarryInteractionSmokeTest/Act1Demo/Main/ZoneHost/Act1ConnectedWorld/Act1CoreWorldGreybox/ConnectiveStreetReturn/ReturnEastParcelFenceRail rawVertices=144 normals=144 tangents=576 indices=0 expandedVertices=144 format=7 indexed=False primitive=Triangles lods=0 shadow=False failedTerms=
act1-zirat-fence-source: owner=/root/Act1CarryInteractionSmokeTest/Act1Demo/Main/ZoneHost/Act1ConnectedWorld/Act1CoreWorldGreybox/ConnectiveStreetReturn/ReturnEastParcelFenceRail/ReturnEastParcelFenceLowerRail surfaces=1
act1-zirat-fence-source: owner=/root/Act1CarryInteractionSmokeTest/Act1Demo/Main/ZoneHost/Act1ConnectedWorld/Act1CoreWorldGreybox/ConnectiveStreetReturn/ReturnEastParcelFenceRail/ReturnEastParcelFenceLowerRail rawVertices=144 normals=144 tangents=576 indices=0 expandedVertices=144 format=7 indexed=False primitive=Triangles lods=0 shadow=False failedTerms=
act1-zirat-fence-post-source: owner=/root/Act1CarryInteractionSmokeTest/Act1Demo/Main/ZoneHost/Act1ConnectedWorld/Act1CoreWorldGreybox/ConnectiveStreetReturn/ReturnEastParcelFencePost0 meshType=BoxMesh surfaces=1
act1-zirat-fence-post-source: owner=/root/Act1CarryInteractionSmokeTest/Act1Demo/Main/ZoneHost/Act1ConnectedWorld/Act1CoreWorldGreybox/ConnectiveStreetReturn/ReturnEastParcelFencePost1 meshType=BoxMesh surfaces=1
act1-zirat-fence-post-source: owner=/root/Act1CarryInteractionSmokeTest/Act1Demo/Main/ZoneHost/Act1ConnectedWorld/Act1CoreWorldGreybox/ConnectiveStreetReturn/ReturnEastParcelFencePost2 meshType=BoxMesh surfaces=1
act1-zirat-fence-post-source: owner=/root/Act1CarryInteractionSmokeTest/Act1Demo/Main/ZoneHost/Act1ConnectedWorld/Act1CoreWorldGreybox/ConnectiveStreetReturn/ReturnEastParcelFencePost3 meshType=BoxMesh surfaces=1
act1-zirat-fence-post-source: owner=/root/Act1CarryInteractionSmokeTest/Act1Demo/Main/ZoneHost/Act1ConnectedWorld/Act1CoreWorldGreybox/ConnectiveStreetReturn/ReturnEastParcelFencePost4 meshType=BoxMesh surfaces=1
act1-zirat-shed-fence-junction: wall=/root/Act1CarryInteractionSmokeTest/Act1Demo/Main/ZoneHost/Act1ConnectedWorld/Act1CoreWorldGreybox/Act1AuthoredExteriorKitPresentation/ZiratVillageEdgeAuthoredParcels/ZiratVillageEdgeEastShed/OutbuildingShed_Low/OutbuildingShed_Wall_LOD0 attachmentZ=-46.915245 retainedFirstSpans=2 hiddenPost=3 retainedFarPost=4 frontCut=(-0.99987423, 0.015860919, -2.3291499E-07), -14.446598 rearCut=(0.99986124, 0.016654668, 0), 17.218063
act1-roadside-grounding: independent contact meshes=34; source meshes and usable footbridge preserved
act1-kit-blockers: placements=100 shapes=1597 carved_door_slabs=116 flat_slab_skipped=2460 exact_architecture_surfaces=911 hidden_skipped=7 road_clearance_skipped=0
act1-dwelling-threshold: placements=83 worst_analytic_vs_collision_delta=0.028m worst_placement=ArrivalForwardEastShed
act1-building-supports: supported foundations=137; maximum ground drop=1.136m; level entrances preserved
act1-zirat-foundation-contact: owner=/root/Act1CarryInteractionSmokeTest/Act1Demo/Main/ZoneHost/Act1ConnectedWorld/Act1CoreWorldGreybox/Act1AuthoredExteriorKitPresentation/ZiratVillageEdgeAuthoredParcels/ZiratVillageEdgeEastShed/AuthoredKitCollisionProxy/OutbuildingShed_Foundation_LOD0_SurfaceContact source=/root/Act1CarryInteractionSmokeTest/Act1Demo/Main/ZoneHost/Act1ConnectedWorld/Act1CoreWorldGreybox/Act1AuthoredExteriorKitPresentation/ZiratVillageEdgeAuthoredParcels/ZiratVillageEdgeEastShed/OutbuildingShed_Low/OutbuildingShed_Foundation_LOD0 policy=exact-existing-mesh-triangles
act1-council-fence-contacts: retainedSourceContacts=0 hiddenMemberContacts=0 newBodyOwners=0
zone-loaded: village_day@arrival connected-world=116886869444
УРМАН Godot vertical slice ready: Painterly Low-Poly / first person
act1-window-surrounds: painted=1020
act1-legacy-sign: suppressed=1
zone-loaded: village_day@arrival connected-world=116886869444
SaveGameV3 new game session started; existing slots untouched.
act1-carry: check ordinary New Game
act1-intro: confirmed with E
act1-carry: check debug-off normal controls after intro
SaveGameV3 written to /Users/unterlantas/Library/Application Support/Godot/app_userdata/URMAN/savegames/carry-pristine.savegame-v3.json
act1-carry: check pristine reachable snapshot
act1-carry: check explicit local proof scope: full
act1-carry: local camera fixture (-33.42394, 0.8332816, 4.706752) target=(-32.17394, 0.74158806, 4.706752) side=(-1, 0, 0) reach=1,25
act1-carry: check six terrain-resting carry items use the shared authored support owner
act1-carry: check carry-log authored full body is clear of terrain, woodpile and neighbouring solids: ; pose=[X: (0.90124553, -0.16354421, -0.40126038), Y: (0.12671697, 0.9850308, -0.11686417), Z: (0.41436628, 0.05447681, 0.9084784), O: (-32.17394, 0.67658806, 4.706752)]
act1-carry: check carry-log has actual ground support across 9 footprint samples, gaps 0,0030–0,0030m
act1-carry: check carry-crate authored full body is clear of terrain, woodpile and neighbouring solids: ; pose=[X: (0.9776721, 0.031176694, 0.20781063), Y: (-0.011615854, 0.9954389, -0.09469197), Z: (-0.20981497, 0.0901638, 0.973575), O: (-27.5, 0.3315878, 2.8)]
act1-carry: check carry-crate has actual ground support across 12 footprint samples, gaps 0,0030–0,0059m
act1-carry: check carry-bucket authored full body is clear of terrain, woodpile and neighbouring solids: ; pose=[X: (0.98839056, 0.061550256, -0.13890925), Y: (-0.05954554, 0.9980533, 0.018545846), Z: (0.13978034, -0.010059113, 0.9901315), O: (-26.6, 0.26607022, 0.2)]
act1-carry: check carry-bucket has actual ground support across 9 footprint samples, gaps 0,0030–0,0069m
act1-carry: check carry-axe authored full body is clear of terrain, woodpile and neighbouring solids: ; pose=[X: (0.46482128, -0.14040194, -0.8742016), Y: (0.06272975, 0.99008816, -0.12566002), Z: (0.88317955, 0.0035709962, 0.46902144), O: (-31.6, 0.5715371, 4.3)]
act1-carry: check carry-axe has actual ground support across 9 footprint samples, gaps 0,0030–0,0033m
act1-carry: check carry-tool-shovel authored full body is clear of terrain, woodpile and neighbouring solids: ; pose=[X: (-0.104479425, -0.030640919, -0.9940549), Y: (-0.04023672, 0.9988371, -0.026559275), Z: (0.9937128, 0.037222613, -0.10559083), O: (-27.6, 0.22954099, 0.9)]
act1-carry: check carry-tool-shovel has actual ground support across 9 footprint samples, gaps 0,0030–0,0030m
act1-carry: check carry-tool-pole authored full body is clear of terrain, woodpile and neighbouring solids: ; pose=[X: (0.97797006, -0.019051604, -0.20787396), Y: (-0.002224457, 0.99481875, -0.10164018), Z: (0.20873332, 0.09986346, 0.9728606), O: (-28.1, 0.45865598, 4.2)]
act1-carry: check carry-tool-pole has actual ground support across 30 footprint samples, gaps 0,0030–0,0050m
act1-carry: check off-centre board end keeps its support occupied
act1-carry: check adjacent support is not falsely treated as under the board
act1-carry: check layer-2 wall blocks pickup and aim
act1-carry: check the narrow opening leaves the actual pickup ray on the visible prop
act1-carry: check an opening narrower than the prop rejects pickup without moving it or transferring custody
act1-carry: check aimed pickup commits one held item
act1-carry: check second simultaneous ownership rejected atomically
act1-carry: check modal blocks take/place/rotate without hidden progress
act1-carry: local camera fixture (-34.67394, 0.98964584, 4.706752) target=(-33.42394, 0.85483235, 4.706752) side=(-1, 0, 0) reach=1,25
act1-carry: check the real held log stays validly held before the narrow fixture
act1-carry: check record the unchanged supported placement: 
act1-carry: check the held log keeps its supported placement while it turns: 
act1-carry: check the held log keeps its supported placement while it turns: 
act1-carry: check the held log keeps its supported placement while it turns: 
act1-carry: check the held log keeps its supported placement while it turns: 
act1-carry: check the fixture fits strictly between the held pose and destination: held=0,7800 destination=1,0855 room=0,3055 extent=0,0878 prop=(0.38, 0.13, 0.14) camera=(-34.49394, 2.6896458, 4.7067485)
act1-carry: check the narrow placement fixture leaves the full held and destination bodies clear
act1-carry: check the narrow placement fixture leaves the full held and destination bodies clear
act1-carry: check the actual placement sightline passes through the visible slot
act1-carry: check the independent full body cast hits a jamb between the two clear endpoint poses
act1-carry: check only the blocked transfer path refuses the same supported destination: Предмет не проходит к этой опоре
act1-carry: check the ordinary HUD previews the concrete refusal reason before input without a saved-state change: [Q] нельзя поставить: Предмет не проходит к этой опоре · [R] повернуть
act1-carry: check mapped placement through the narrow slot preserves the held pose, custody and saved props
act1-carry: check removing only the narrow fixture restores the same ordinary placement: 
act1-carry: local camera fixture (-34.67394, 0.98964584, 4.706752) target=(-33.42394, 0.85483235, 4.706752) side=(-1, 0, 0) reach=1,25
act1-carry: check supported placement: 
act1-carry: check mapped placement commits checked transform
act1-carry: check placement restores physical body
act1-carry: local camera fixture (-34.658432, 0.9874253, 4.7067275) target=(-33.408432, 0.92190397, 4.7067275) side=(-1, 0, 0) reach=1,25
act1-carry: check placed thing can be taken again
act1-carry: local camera fixture (-34.67394, 0.98964584, 4.706752) target=(-33.42394, 0.85483235, 4.706752) side=(-1, 0, 0) reach=1,25
act1-carry: check supported placement: 
act1-carry: check mapped placement commits checked transform
act1-carry: local camera fixture (-26.6, 0.28238678, 1.45) target=(-26.6, 0.47607023, 0.2) side=(0, 0, 1) reach=1,25
act1-carry: check the bucket also leaves its actual authored rest through the shared full-volume pickup
act1-carry: local camera fixture (-26.6, 0.28238678, 1.45) target=(-26.6, 0.2848633, 0.2) side=(0, 0, 1) reach=1,25
act1-carry: check supported placement: 
act1-carry: check mapped placement commits checked transform
act1-carry: check setting the bucket back restores its real body and world custody
act1-carry: local camera fixture (-27.5, 0.44519067, 4.05) target=(-27.5, 0.5215878, 2.8) side=(0, 0, 1) reach=1,25
act1-carry: check carry the reusable crate stand to another place
act1-carry: local camera fixture (-30.4, 0.89801633, 7.85) target=(-30.4, 0.796319, 6.6) side=(0, 0, 1) reach=1,25
act1-carry: check the previously rejected sloping patch still requires a level support
act1-carry: check the ordinary HUD previews the concrete refusal reason before input without a saved-state change: [Q] нельзя поставить: Край предмета останется без опоры · [R] повернуть
act1-carry: check refused uneven placement preserves the carried crate before trying a level patch
act1-carry: local camera fixture (-27, 0.6052689, 5.75) target=(-27, 0.5099174, 4.5) side=(0, 0, 1) reach=1,25
act1-carry: check supported placement: 
act1-carry: check the ordinary HUD previews supported placement before input without a saved-state change: [Q] поставить здесь · [R] повернуть
act1-carry: check mapped placement commits checked transform
act1-carry: local camera fixture (-31.529999, 0.40160266, 2.79) target=(-31.529999, 1.2797437, 1.54) side=(0, 0, 1) reach=1,25
act1-carry: check take the same lamp for the moved stand
act1-carry: local camera fixture (-27, 0.60368127, 5.73438) target=(-27, 0.8899763, 4.48438) side=(0, 0, 1) reach=1,25
act1-carry: check crate lid supports lamp: 
act1-carry: check lamp rests on the visible crate lid using ordinary placement
act1-carry: local camera fixture (-27, 0.60368127, 5.73438) target=(-27, 0.64297634, 4.48438) side=(0, 0, 1) reach=1,25
act1-carry: check occupied portable stand cannot be removed from under its lamp
SaveGameV3 written to /Users/unterlantas/Library/Application Support/Godot/app_userdata/URMAN/savegames/carry-portable-stand.savegame-v3.json
act1-carry: check crate and resting lamp save together
zone-loaded: village_day@arrival connected-world=116886869444
SaveGameV3 restored.
act1-carry: check restore the moved portable stand
act1-carry: check loaded stand retains visible support, lamp position and physical ownership
act1-carry: local camera fixture (-27, 0.6036814, 5.7343807) target=(-27, 1.0909762, 4.4843807) side=(0, 0, 1) reach=1,25
act1-carry: check remove the supported thing before moving the crate again
act1-carry: local camera fixture (-27, 0.65754163, 7) target=(-27, 0.62804234, 5.75) side=(0, 0, 1) reach=1,25
act1-carry: check supported placement: 
act1-carry: check mapped placement commits checked transform
act1-carry: local camera fixture (-27, 0.64385825, 6.48438) target=(-27, 0.6999763, 4.48438) side=(0, 0, 1) reach=2
act1-carry: check carry the reusable crate stand to another place
act1-carry: local camera fixture (-27.8, 0.74432176, 7.65) target=(-27.8, 0.68592775, 6.4) side=(0, 0, 1) reach=1,25
act1-carry: check supported placement: 
act1-carry: check mapped placement commits checked transform
act1-carry: local camera fixture (-27, 0.6566649, 6.9834948) target=(-27, 0.8132951, 5.7334948) side=(0, 0, 1) reach=1,25
act1-carry: check take the same lamp for the moved stand
act1-carry: local camera fixture (-27.8, 0.74200463, 7.634168) target=(-27.8, 1.0649114, 6.384168) side=(0, 0, 1) reach=1,25
act1-carry: check crate lid supports lamp: 
act1-carry: check lamp rests on the visible crate lid using ordinary placement
act1-carry: local camera fixture (-27.8, 0.74200463, 7.634168) target=(-27.8, 0.81791145, 6.384168) side=(0, 0, 1) reach=1,25
act1-carry: check occupied portable stand cannot be removed from under its lamp
SaveGameV3 written to /Users/unterlantas/Library/Application Support/Godot/app_userdata/URMAN/savegames/carry-portable-stand.savegame-v3.json
act1-carry: check crate and resting lamp save together
zone-loaded: village_day@arrival connected-world=116886869444
SaveGameV3 restored.
act1-carry: check restore the moved portable stand
act1-carry: check loaded stand retains visible support, lamp position and physical ownership
act1-carry: local camera fixture (-27.8, 0.74200463, 7.6341677) target=(-27.8, 1.2659116, 6.3841677) side=(0, 0, 1) reach=1,25
act1-carry: check remove the supported thing before moving the crate again
act1-carry: local camera fixture (-27, 0.65754163, 7) target=(-27, 0.62804234, 5.75) side=(0, 0, 1) reach=1,25
act1-carry: check supported placement: 
act1-carry: check mapped placement commits checked transform
zone-loaded: village_day@arrival connected-world=116886869444
SaveGameV3 restored.
act1-carry: check each crate access order starts from the ordinary pristine save
act1-carry: check a pristine save has no legacy coordinate deviation and restores the supported exterior crate with world custody
act1-carry: check authored crate corner rests on the actual service planks: (40.943295, -0.33939454, -27.575985), body /root/Act1CarryInteractionSmokeTest/Act1Demo/Main/ZoneHost/Act1ConnectedWorld/Act1CoreWorldGreybox/FapExterior/FapServiceExplorationPresentation/FapServicePathCollision, gap 0,0071m
act1-carry: check authored crate corner rests on the actual service planks: (40.94345, -0.33306694, -26.904015), body /root/Act1CarryInteractionSmokeTest/Act1Demo/Main/ZoneHost/Act1ConnectedWorld/Act1CoreWorldGreybox/FapExterior/FapServiceExplorationPresentation/FapServicePathCollision, gap 0,0030m
act1-carry: check authored crate corner rests on the actual service planks: (42.05655, -0.36704487, -27.575985), body /root/Act1CarryInteractionSmokeTest/Act1Demo/Main/ZoneHost/Act1ConnectedWorld/Act1CoreWorldGreybox/FapExterior/FapServiceExplorationPresentation/FapServicePathCollision, gap 0,0071m
act1-carry: check authored crate corner rests on the actual service planks: (42.056705, -0.36071727, -26.904015), body /root/Act1CarryInteractionSmokeTest/Act1Demo/Main/ZoneHost/Act1ConnectedWorld/Act1CoreWorldGreybox/FapExterior/FapServiceExplorationPresentation/FapServicePathCollision, gap 0,0069m
act1-carry: check the crate access route starts on supported ordinary ground
act1-carry: explicit local start fixture (41.5, -0.27927974, -24.6); subsequent alternative paths use normal input
act1-carry: check the unmoved crate physically prevents the direct crossing
act1-carry: check return from the blocked direct attempt: actual input (41.142063, -0.33201343, -26.54311) -> (41.491047, -0.27493173, -24.650126); no teleport/recovery; goal (41.5, 0, -24.6)
act1-carry: check walk through the open snow beside the service timber path: actual input (41.491047, -0.27493173, -24.650126) -> (43.134815, -0.36720723, -24.601912); no teleport/recovery; goal (43.2, 0, -24.6)
act1-carry: check walk through the open snow beside the service timber path: actual input (43.134815, -0.36720723, -24.601912) -> (43.199013, -0.45378938, -28.342215); no teleport/recovery; goal (43.2, 0, -28.4)
act1-carry: check walk through the open snow beside the service timber path: actual input (43.199013, -0.45378938, -28.342215) -> (41.571064, -0.37677228, -28.397741); no teleport/recovery; goal (41.5, 0, -28.4)
act1-carry: check walk through the open snow beside the service timber path: actual input (41.571064, -0.37677228, -28.397741) -> (40.891426, -0.3603461, -28.399881); no teleport/recovery; goal (40.8, 0, -28.4)
act1-carry: check the longer walking alternative succeeds with the crate left in the gap
SaveGameV3 written to /Users/unterlantas/Library/Application Support/Godot/app_userdata/URMAN/savegames/carry-gap-alternative.savegame-v3.json
act1-carry: check save at the common destination between solutions
zone-loaded: village_day@arrival connected-world=116886869444
SaveGameV3 restored.
act1-carry: check load between the two access solutions
act1-carry: check save restores the reached exterior destination and the complete crate pose, deviation and custody
act1-carry: check return through the same open snow beside the crate: actual input (40.891426, -0.3603461, -28.399881) -> (41.401558, -0.3725922, -28.39998); no teleport/recovery; goal (41.5, 0, -28.4)
act1-carry: check return through the same open snow beside the crate: actual input (41.401558, -0.3725922, -28.39998) -> (43.102398, -0.45219177, -28.399998); no teleport/recovery; goal (43.2, 0, -28.4)
act1-carry: check return through the same open snow beside the crate: actual input (43.102398, -0.45219177, -28.399998) -> (43.198635, -0.37139973, -24.663488); no teleport/recovery; goal (43.2, 0, -24.6)
act1-carry: check return to the original access decision: actual input (43.198635, -0.37139973, -24.663488) -> (41.57207, -0.27709755, -24.603107); no teleport/recovery; goal (41.5, 0, -24.6)
act1-carry: check approach the service-path crate on foot: actual input (41.57207, -0.27709755, -24.603107) -> (41.505882, -0.31308398, -25.564516); no teleport/recovery; goal (41.5, 0, -25.65)
act1-carry: check take the actual barrier crate with the normal aimed interaction
act1-carry: check carry the crate away from the timber approach: actual input (41.505882, -0.31308398, -25.564516) -> (41.500366, -0.28567672, -24.149645); no teleport/recovery; goal (41.5, 0, -24.1)
act1-carry: check the moved crate is set down on a real supported surface
act1-carry: check return to the timber approach with empty hands: actual input (41.500366, -0.28567672, -24.149645) -> (41.50018, -0.27155012, -24.539408); no teleport/recovery; goal (41.5, 0, -24.6)
act1-carry: check use the direct gap after first learning the walking alternative: actual input (41.50018, -0.27155012, -24.539408) -> (40.812363, -0.35845432, -28.331823); no teleport/recovery; goal (40.8, 0, -28.4)
act1-carry: check return through the now cleared gap: actual input (40.812363, -0.35845432, -28.331823) -> (41.48997, -0.2751301, -24.656126); no teleport/recovery; goal (41.5, 0, -24.6)
act1-carry: check both access orders and the common destination grant no unobserved story knowledge
zone-loaded: village_day@arrival connected-world=116886869444
SaveGameV3 restored.
act1-carry: check each crate access order starts from the ordinary pristine save
act1-carry: check a pristine save has no legacy coordinate deviation and restores the supported exterior crate with world custody
act1-carry: check authored crate corner rests on the actual service planks: (40.943295, -0.33939454, -27.575985), body /root/Act1CarryInteractionSmokeTest/Act1Demo/Main/ZoneHost/Act1ConnectedWorld/Act1CoreWorldGreybox/FapExterior/FapServiceExplorationPresentation/FapServicePathCollision, gap 0,0071m
act1-carry: check authored crate corner rests on the actual service planks: (40.94345, -0.33306694, -26.904015), body /root/Act1CarryInteractionSmokeTest/Act1Demo/Main/ZoneHost/Act1ConnectedWorld/Act1CoreWorldGreybox/FapExterior/FapServiceExplorationPresentation/FapServicePathCollision, gap 0,0030m
act1-carry: check authored crate corner rests on the actual service planks: (42.05655, -0.36704487, -27.575985), body /root/Act1CarryInteractionSmokeTest/Act1Demo/Main/ZoneHost/Act1ConnectedWorld/Act1CoreWorldGreybox/FapExterior/FapServiceExplorationPresentation/FapServicePathCollision, gap 0,0071m
act1-carry: check authored crate corner rests on the actual service planks: (42.056705, -0.36071727, -26.904015), body /root/Act1CarryInteractionSmokeTest/Act1Demo/Main/ZoneHost/Act1ConnectedWorld/Act1CoreWorldGreybox/FapExterior/FapServiceExplorationPresentation/FapServicePathCollision, gap 0,0069m
act1-carry: check the crate access route starts on supported ordinary ground
act1-carry: explicit local start fixture (41.5, -0.27927974, -24.6); subsequent alternative paths use normal input
act1-carry: check the unmoved crate physically prevents the direct crossing
act1-carry: check return from the blocked direct attempt: actual input (41.142063, -0.3320138, -26.543081) -> (41.491043, -0.27493724, -24.65012); no teleport/recovery; goal (41.5, 0, -24.6)
act1-carry: check approach the service-path crate on foot: actual input (41.491043, -0.27493724, -24.65012) -> (41.499165, -0.31253496, -25.55714); no teleport/recovery; goal (41.5, 0, -25.65)
act1-carry: check take the actual barrier crate with the normal aimed interaction
act1-carry: check carry the crate away from the timber approach: actual input (41.499165, -0.31253496, -25.55714) -> (41.50014, -0.28792143, -24.198923); no teleport/recovery; goal (41.5, 0, -24.1)
act1-carry: check the moved crate is set down on a real supported surface
act1-carry: check return to the timber approach with empty hands: actual input (41.50014, -0.28792143, -24.198923) -> (41.50018, -0.27125424, -24.532198); no teleport/recovery; goal (41.5, 0, -24.6)
act1-carry: check cross the gap after carrying its crate aside: actual input (41.50018, -0.27125424, -24.532198) -> (40.813618, -0.3582659, -28.324762); no teleport/recovery; goal (40.8, 0, -28.4)
act1-carry: check return through the cleared gap: actual input (40.813618, -0.3582659, -28.324762) -> (41.491234, -0.2749027, -24.649136); no teleport/recovery; goal (41.5, 0, -24.6)
act1-carry: check walk through the open snow beside the service timber path: actual input (41.491234, -0.2749027, -24.649136) -> (43.135036, -0.36717823, -24.60187); no teleport/recovery; goal (43.2, 0, -24.6)
act1-carry: check walk through the open snow beside the service timber path: actual input (43.135036, -0.36717823, -24.60187) -> (43.199013, -0.45376042, -28.342236); no teleport/recovery; goal (43.2, 0, -28.4)
act1-carry: check walk through the open snow beside the service timber path: actual input (43.199013, -0.45376042, -28.342236) -> (41.571022, -0.37677094, -28.397736); no teleport/recovery; goal (41.5, 0, -28.4)
act1-carry: check walk through the open snow beside the service timber path: actual input (41.571022, -0.37677094, -28.397736) -> (40.891403, -0.36037627, -28.399876); no teleport/recovery; goal (40.8, 0, -28.4)
SaveGameV3 written to /Users/unterlantas/Library/Application Support/Godot/app_userdata/URMAN/savegames/carry-gap-alternative.savegame-v3.json
act1-carry: check save at the common destination between solutions
zone-loaded: village_day@arrival connected-world=116886869444
SaveGameV3 restored.
act1-carry: check load between the two access solutions
act1-carry: check save restores the reached exterior destination and the complete crate pose, deviation and custody
act1-carry: check return through the same open snow beside the crate: actual input (40.891403, -0.36037627, -28.399876) -> (41.401546, -0.37262237, -28.399979); no teleport/recovery; goal (41.5, 0, -28.4)
act1-carry: check return through the same open snow beside the crate: actual input (41.401546, -0.37262237, -28.399979) -> (43.102406, -0.45222193, -28.399998); no teleport/recovery; goal (43.2, 0, -28.4)
act1-carry: check return through the same open snow beside the crate: actual input (43.102406, -0.45222193, -28.399998) -> (43.198635, -0.37139344, -24.663507); no teleport/recovery; goal (43.2, 0, -24.6)
act1-carry: check return to the original access decision: actual input (43.198635, -0.37139344, -24.663507) -> (41.571945, -0.2768672, -24.603134); no teleport/recovery; goal (41.5, 0, -24.6)
act1-carry: check both access orders and the common destination grant no unobserved story knowledge
zone-loaded: village_day@arrival connected-world=116886869444
SaveGameV3 restored.
act1-carry: check restore the yard before independent shovel checks
zone-loaded: village_day@arrival connected-world=116886869444
SaveGameV3 restored.
act1-carry: check board crossing begins from the ordinary pristine save
act1-carry: check the drain starts from a supported, clear nearby stance
act1-carry: explicit drain start fixture (-12.070532, -0.22308865, 8.411092); pickup, approach, crossing and return use normal input
act1-carry: check take the single board from its visible drying battens
act1-carry: check the board can take the workshop's zero-degree orientation in open space
act1-carry: check normal rotation recovers the crossing axis after the board's other use
act1-carry: check carry the board to the near drain approach: actual input (-12.070532, -0.24671364, 8.411092) -> (-13.548024, -0.12921901, 6.932821); no teleport/recovery; goal (-13.590812, -0.10306046, 6.890812)
act1-carry: check walk up the stone bank with the board: actual input (-13.548024, -0.12921901, 6.932821) -> (-14.478253, 0.58611166, 7.784278); no teleport/recovery; goal (-14.545406, 0.06681704, 7.845406)
act1-carry: check an offset plank with one end in the bed is refused
act1-carry: check the failed crossing attempt keeps the held board and its saved state
act1-carry: check the two actual banks accept the ordinary board: 
act1-carry: check free placement makes a physical crossing without a new assembly or quest flag
act1-carry: check board end -1, corner -1 rests on its own visible bank
act1-carry: check board end -1, corner 1 rests on its own visible bank
act1-carry: check board end 1, corner -1 rests on its own visible bank
act1-carry: check board end 1, corner 1 rests on its own visible bank
act1-carry: check walk onto the plank over the open drain bed: actual input (-14.478253, 0.58611166, 7.784278) -> (-15.43192, 0.6272893, 8.732327); no teleport/recovery; goal (-15.500014, 0.5521173, 8.800014)
act1-carry: check the actual plank supports the player above the channel
act1-carry: check the player cannot remove the crossing from under their own feet
SaveGameV3 written to /Users/unterlantas/Library/Application Support/Godot/app_userdata/URMAN/savegames/carry-drain-on-board.savegame-v3.json
act1-carry: check save the placed board and supported player midway across
act1-carry: check leave the board over the opposite flush approach: actual input (-15.43192, 0.6272893, 8.732327) -> (-17.355894, 0.18129967, 10.656068); no teleport/recovery; goal (-17.409187, 0.20708954, 10.709188)
act1-carry: check follow the household path north of the existing lateral dwelling: actual input (-17.355894, 0.18129967, 10.656068) -> (-17.394619, 0.17625083, 11.221438); no teleport/recovery; goal (-17.4, 0.19930542, 11.3)
act1-carry: check follow the household path north of the existing lateral dwelling: actual input (-17.394619, 0.17625083, 11.221438) -> (-14.845893, 0.031001931, 11.298631); no teleport/recovery; goal (-14.8, 0.052539192, 11.3)
act1-carry: check follow the household path north of the existing lateral dwelling: actual input (-14.845893, 0.031001931, 11.298631) -> (-10.876083, -0.26666397, 11.299974); no teleport/recovery; goal (-10.8, -0.2456724, 11.3)
act1-carry: check follow the household path north of the existing lateral dwelling: actual input (-10.876083, -0.26666397, 11.299974) -> (-7.361462, -0.37419334, 11.299999); no teleport/recovery; goal (-7.3, -0.3522647, 11.3)
act1-carry: check the crossing remains behind after reaching its useful destination
act1-carry: check return from the existing service yard: actual input (-7.361462, -0.37419334, 11.299999) -> (-10.701565, -0.2739305, 11.299891); no teleport/recovery; goal (-10.8, -0.2456724, 11.3)
act1-carry: check return from the existing service yard: actual input (-10.701565, -0.2739305, 11.299891) -> (-14.701434, 0.022793375, 11.299751); no teleport/recovery; goal (-14.8, 0.052539192, 11.3)
act1-carry: check return from the existing service yard: actual input (-14.701434, 0.022793375, 11.299751) -> (-17.351963, 0.17308556, 11.300107); no teleport/recovery; goal (-17.4, 0.19930542, 11.3)
act1-carry: check return to the far bank without moving the plank: actual input (-17.351963, 0.17308556, 11.300107) -> (-17.40098, 0.18088835, 10.792624); no teleport/recovery; goal (-17.409187, 0.20708954, 10.709188)
act1-carry: check cross back on the same real plank: actual input (-17.40098, 0.18088835, 10.792624) -> (-15.54259, 0.6275124, 8.844628); no teleport/recovery; goal (-15.500014, 0.5521173, 8.800014)
act1-carry: check return down the near bank: actual input (-15.54259, 0.6275124, 8.844628) -> (-13.657841, -0.11949715, 6.9579105); no teleport/recovery; goal (-13.590812, -0.10306046, 6.890812)
zone-loaded: village_day@arrival connected-world=116886869444
SaveGameV3 restored.
act1-carry: check reload the snapshot made over the channel
act1-carry: check loading restores the player's physical support and the placed crossing together
act1-carry: check walk off the restored crossing: actual input (-15.43192, 0.6272893, 8.732327) -> (-13.627155, -0.12281219, 6.927163); no teleport/recovery; goal (-13.590812, -0.10306046, 6.890812)
act1-carry: check approach the empty board from the bank: actual input (-13.627155, -0.12281219, 6.927163) -> (-14.48173, 0.5863927, 7.78176); no teleport/recovery; goal (-14.545406, 0.06681704, 7.845406)
act1-carry: check the empty crossing can be dismantled and its one board reused
act1-carry: check carry the removed plank down the bank: actual input (-14.48173, 0.5863927, 7.78176) -> (-13.637718, -0.1219471, 6.93772); no teleport/recovery; goal (-13.590812, -0.10306046, 6.890812)
act1-carry: check the return turn uses captured ordinary mouse input
act1-carry-ordinary-turn: {"label":"try the direct return beside the visible gate post","ready":true,"requestedYaw":-133.23274,"yawDelta":-88.23352,"expectedScreenRelative":"(551.45953, 0)","deliveredScreenTotal":"(551.45953, 0)","delivered":1,"unhandled":1,"startedProcess":4461,"startedPhysics":3379,"unhandledProcess":4462,"process":4463,"physics":3381,"frames":3,"milliseconds":34,"before":{"Position":{"X":-13.637718200683594,"Y":-0.12194710224866867,"Z":6.937719821929932},"RotationDegrees":{"X":0,"Y":-44.99921798706055,"Z":0}},"after":{"Position":{"X":-13.637718200683594,"Y":-0.12194710224866867,"Z":6.937719821929932},"RotationDegrees":{"X":0,"Y":-133.23272705078125,"Z":0}},"focus":false,"mouseMode":"Captured","modal":false,"vehicle":false,"treePaused":false,"canProcess":true,"held":"[X: (-0.70710677, 0, -0.70710677), Y: (0, 1, 0), Z: (0.70710677, 0, -0.70710677), O: (-12.7326355, 1.1380529, 6.032613)]","validHeld":true,"events":[{"stage":"input","relative":"(827.1892, 0)","screenRelative":"(551.45953, 0)","process":4462,"physics":3379,"yaw":-44.999218,"pitch":0},{"stage":"unhandled","relative":"(827.1892, 0)","screenRelative":"(551.45953, 0)","process":4462,"physics":3379,"yaw":-133.23273,"pitch":0}]}
act1-carry: check one ordinary mouse event is delivered and applies the requested carry turn within the unchanged .15 degree tolerance
act1-carry-held-movement: label=try the direct return beside the visible gate post stalled=3 feet=(-13.472464, -0.13505258, 7.131889) goal=(-12.070532, -0.22308865, 8.411092) input=(0, -1) velocity=(0, 0, 0) camera=[X: (-0.674033, 0, 0.7387012), Y: (0, 1, 0), Z: (-0.7387012, 0, -0.674033), O: (-13.339499, 1.5649475, 7.2532125)] requested=(2.51154, 0, 2.291672) constrained=(0, 0, 0) valid=True revision=45/45; full=[item=carry-board from=(-12.567381, 1.1249474, 6.226782) cameraDelta=(0.041859, 0, 0.038194533) start=[]; kind=camera to=(-12.485069, 1.1249475, 8.032844) endpoint=[] swept=0,0054 contact=[/root/Act1CarryInteractionSmokeTest/Act1Demo/Main/ZoneHost/Act1ConnectedWorld/Act1CoreWorldGreybox/AgentBExteriorWorld/AgentB_ArchitectureCollision/Col_Gate_HouseA1_PostCapW]; kind=camera to=(-12.618035, 1.1249475, 7.9115176) endpoint=[] swept=0,0068 contact=[/root/Act1CarryInteractionSmokeTest/Act1Demo/Main/ZoneHost/Act1ConnectedWorld/Act1CoreWorldGreybox/AgentBExteriorWorld/AgentB_ArchitectureCollision/Col_Gate_HouseA1_PostCapW]; kind=camera to=(-12.743615, 1.1249475, 7.796932) endpoint=[] swept=0,0083 contact=[/root/Act1CarryInteractionSmokeTest/Act1Demo/Main/ZoneHost/Act1ConnectedWorld/Act1CoreWorldGreybox/AgentBExteriorWorld/AgentB_ArchitectureCollision/Col_Gate_HouseA1_PostCapW]; kind=camera to=(-12.633356, 1.1249475, 8.195358) endpoint=[] swept=0,0054 contact=[/root/Act1CarryInteractionSmokeTest/Act1Demo/Main/ZoneHost/Act1ConnectedWorld/Act1CoreWorldGreybox/AgentBExteriorWorld/AgentB_ArchitectureCollision/Col_Gate_HouseA1_PostCapW]; kind=camera to=(-12.336782, 1.1249475, 7.8703294) endpoint=[] swept=0,0054 contact=[/root/Act1CarryInteractionSmokeTest/Act1Demo/Main/ZoneHost/Act1ConnectedWorld/Act1CoreWorldGreybox/AgentBExteriorWorld/AgentB_ArchitectureCollision/Col_Gate_HouseA1_PostCapW]; retained accepted=False reason=sweep-blocked ownerAnchor=(-13.472464, -0.13505258, 7.131889) ownerFeet=(-13.472464, -0.13505258, 7.131889) horizontalReach=1,28000/1,35000 heightDifference=0,00000/0.25000; kind=retained to=(-12.525522, 1.1249474, 6.2649765) endpoint=[/root/Act1CarryInteractionSmokeTest/Act1Demo/Main/ZoneHost/Act1ConnectedWorld/Act1CoreWorldGreybox/AgentBExteriorWorld/AgentB_ArchitectureCollision/Col_Gate_HouseA1_PostW | /root/Act1CarryInteractionSmokeTest/Act1Demo/Main/ZoneHost/Act1ConnectedWorld/Act1CoreWorldGreybox/AgentBExteriorWorld/AgentB_ArchitectureCollision/Col_Gate_HouseA1_PostCapW] swept=0,1562 contact=[/root/Act1CarryInteractionSmokeTest/Act1Demo/Main/ZoneHost/Act1ConnectedWorld/Act1CoreWorldGreybox/AgentBExteriorWorld/AgentB_ArchitectureCollision/Col_Gate_HouseA1_PostCapW]]; x=[item=carry-board from=(-12.567381, 1.1249474, 6.226782) cameraDelta=(0.041859, 0, 0) start=[]; kind=camera to=(-12.485069, 1.1249475, 7.994649) endpoint=[] swept=0,0068 contact=[/root/Act1CarryInteractionSmokeTest/Act1Demo/Main/ZoneHost/Act1ConnectedWorld/Act1CoreWorldGreybox/AgentBExteriorWorld/AgentB_ArchitectureCollision/Col_Gate_HouseA1_PostCapW]; kind=camera to=(-12.618035, 1.1249475, 7.873323) endpoint=[] swept=0,0068 contact=[/root/Act1CarryInteractionSmokeTest/Act1Demo/Main/ZoneHost/Act1ConnectedWorld/Act1CoreWorldGreybox/AgentBExteriorWorld/AgentB_ArchitectureCollision/Col_Gate_HouseA1_PostCapW]; kind=camera to=(-12.743615, 1.1249475, 7.7587376) endpoint=[] swept=0,0083 contact=[/root/Act1CarryInteractionSmokeTest/Act1Demo/Main/ZoneHost/Act1ConnectedWorld/Act1CoreWorldGreybox/AgentBExteriorWorld/AgentB_ArchitectureCollision/Col_Gate_HouseA1_PostCapW]; kind=camera to=(-12.633356, 1.1249475, 8.157164) endpoint=[] swept=0,0068 contact=[/root/Act1CarryInteractionSmokeTest/Act1Demo/Main/ZoneHost/Act1ConnectedWorld/Act1CoreWorldGreybox/AgentBExteriorWorld/AgentB_ArchitectureCollision/Col_Gate_HouseA1_PostCapW]; kind=camera to=(-12.336782, 1.1249475, 7.8321347) endpoint=[] swept=0,0068 contact=[/root/Act1CarryInteractionSmokeTest/Act1Demo/Main/ZoneHost/Act1ConnectedWorld/Act1CoreWorldGreybox/AgentBExteriorWorld/AgentB_ArchitectureCollision/Col_Gate_HouseA1_PostCapW]; retained accepted=False reason=sweep-blocked ownerAnchor=(-13.472464, -0.13505258, 7.131889) ownerFeet=(-13.472464, -0.13505258, 7.131889) horizontalReach=1,28000/1,35000 heightDifference=0,00000/0.25000; kind=retained to=(-12.525522, 1.1249474, 6.226782) endpoint=[/root/Act1CarryInteractionSmokeTest/Act1Demo/Main/ZoneHost/Act1ConnectedWorld/Act1CoreWorldGreybox/AgentBExteriorWorld/AgentB_ArchitectureCollision/Col_Gate_HouseA1_PostCapW] swept=0,3047 contact=[/root/Act1CarryInteractionSmokeTest/Act1Demo/Main/ZoneHost/Act1ConnectedWorld/Act1CoreWorldGreybox/AgentBExteriorWorld/AgentB_ArchitectureCollision/Col_Gate_HouseA1_PostCapW]]; z=[item=carry-board from=(-12.567381, 1.1249474, 6.226782) cameraDelta=(0, 0, 0.038194533) start=[]; kind=camera to=(-12.526928, 1.1249475, 8.032844) endpoint=[] swept=0,0068 contact=[/root/Act1CarryInteractionSmokeTest/Act1Demo/Main/ZoneHost/Act1ConnectedWorld/Act1CoreWorldGreybox/AgentBExteriorWorld/AgentB_ArchitectureCollision/Col_Gate_HouseA1_PostCapW]; kind=camera to=(-12.659894, 1.1249475, 7.9115176) endpoint=[] swept=0,0068 contact=[/root/Act1CarryInteractionSmokeTest/Act1Demo/Main/ZoneHost/Act1ConnectedWorld/Act1CoreWorldGreybox/AgentBExteriorWorld/AgentB_ArchitectureCollision/Col_Gate_HouseA1_PostCapW]; kind=camera to=(-12.785474, 1.1249475, 7.796932) endpoint=[] swept=0,0083 contact=[/root/Act1CarryInteractionSmokeTest/Act1Demo/Main/ZoneHost/Act1ConnectedWorld/Act1CoreWorldGreybox/AgentBExteriorWorld/AgentB_ArchitectureCollision/Col_Gate_HouseA1_PostCapW]; kind=camera to=(-12.675215, 1.1249475, 8.195358) endpoint=[] swept=0,0068 contact=[/root/Act1CarryInteractionSmokeTest/Act1Demo/Main/ZoneHost/Act1ConnectedWorld/Act1CoreWorldGreybox/AgentBExteriorWorld/AgentB_ArchitectureCollision/Col_Gate_HouseA1_PostCapW]; kind=camera to=(-12.378641, 1.1249475, 7.8703294) endpoint=[] swept=0,0068 contact=[/root/Act1CarryInteractionSmokeTest/Act1Demo/Main/ZoneHost/Act1ConnectedWorld/Act1CoreWorldGreybox/AgentBExteriorWorld/AgentB_ArchitectureCollision/Col_Gate_HouseA1_PostCapW]; retained accepted=False reason=sweep-blocked ownerAnchor=(-13.472464, -0.13505258, 7.131889) ownerFeet=(-13.472464, -0.13505258, 7.131889) horizontalReach=1,28000/1,35000 heightDifference=0,00000/0.25000; kind=retained to=(-12.567381, 1.1249474, 6.2649765) endpoint=[/root/Act1CarryInteractionSmokeTest/Act1Demo/Main/ZoneHost/Act1ConnectedWorld/Act1CoreWorldGreybox/AgentBExteriorWorld/AgentB_ArchitectureCollision/Col_Gate_HouseA1_PostCapW] swept=0,3320 contact=[/root/Act1CarryInteractionSmokeTest/Act1Demo/Main/ZoneHost/Act1ConnectedWorld/Act1CoreWorldGreybox/AgentBExteriorWorld/AgentB_ArchitectureCollision/Col_Gate_HouseA1_PostCapW]]
act1-carry-held-movement: label=try the direct return beside the visible gate post stalled=30 feet=(-13.472464, -0.13505258, 7.131889) goal=(-12.070532, -0.22308865, 8.411092) input=(0, -1) velocity=(0, 0, 0) camera=[X: (-0.674033, 0, 0.7387012), Y: (0, 1, 0), Z: (-0.7387012, 0, -0.674033), O: (-13.339499, 1.5649475, 7.2532125)] requested=(2.51154, 0, 2.291672) constrained=(0, 0, 0) valid=True revision=45/45; full=[item=carry-board from=(-12.567381, 1.1249474, 6.226782) cameraDelta=(0.041859, 0, 0.038194533) start=[]; kind=camera to=(-12.485069, 1.1249475, 8.032844) endpoint=[] swept=0,0054 contact=[/root/Act1CarryInteractionSmokeTest/Act1Demo/Main/ZoneHost/Act1ConnectedWorld/Act1CoreWorldGreybox/AgentBExteriorWorld/AgentB_ArchitectureCollision/Col_Gate_HouseA1_PostCapW]; kind=camera to=(-12.618035, 1.1249475, 7.9115176) endpoint=[] swept=0,0068 contact=[/root/Act1CarryInteractionSmokeTest/Act1Demo/Main/ZoneHost/Act1ConnectedWorld/Act1CoreWorldGreybox/AgentBExteriorWorld/AgentB_ArchitectureCollision/Col_Gate_HouseA1_PostCapW]; kind=camera to=(-12.743615, 1.1249475, 7.796932) endpoint=[] swept=0,0083 contact=[/root/Act1CarryInteractionSmokeTest/Act1Demo/Main/ZoneHost/Act1ConnectedWorld/Act1CoreWorldGreybox/AgentBExteriorWorld/AgentB_ArchitectureCollision/Col_Gate_HouseA1_PostCapW]; kind=camera to=(-12.633356, 1.1249475, 8.195358) endpoint=[] swept=0,0054 contact=[/root/Act1CarryInteractionSmokeTest/Act1Demo/Main/ZoneHost/Act1ConnectedWorld/Act1CoreWorldGreybox/AgentBExteriorWorld/AgentB_ArchitectureCollision/Col_Gate_HouseA1_PostCapW]; kind=camera to=(-12.336782, 1.1249475, 7.8703294) endpoint=[] swept=0,0054 contact=[/root/Act1CarryInteractionSmokeTest/Act1Demo/Main/ZoneHost/Act1ConnectedWorld/Act1CoreWorldGreybox/AgentBExteriorWorld/AgentB_ArchitectureCollision/Col_Gate_HouseA1_PostCapW]; retained accepted=False reason=sweep-blocked ownerAnchor=(-13.472464, -0.13505258, 7.131889) ownerFeet=(-13.472464, -0.13505258, 7.131889) horizontalReach=1,28000/1,35000 heightDifference=0,00000/0.25000; kind=retained to=(-12.525522, 1.1249474, 6.2649765) endpoint=[/root/Act1CarryInteractionSmokeTest/Act1Demo/Main/ZoneHost/Act1ConnectedWorld/Act1CoreWorldGreybox/AgentBExteriorWorld/AgentB_ArchitectureCollision/Col_Gate_HouseA1_PostW | /root/Act1CarryInteractionSmokeTest/Act1Demo/Main/ZoneHost/Act1ConnectedWorld/Act1CoreWorldGreybox/AgentBExteriorWorld/AgentB_ArchitectureCollision/Col_Gate_HouseA1_PostCapW] swept=0,1562 contact=[/root/Act1CarryInteractionSmokeTest/Act1Demo/Main/ZoneHost/Act1ConnectedWorld/Act1CoreWorldGreybox/AgentBExteriorWorld/AgentB_ArchitectureCollision/Col_Gate_HouseA1_PostCapW]]; x=[item=carry-board from=(-12.567381, 1.1249474, 6.226782) cameraDelta=(0.041859, 0, 0) start=[]; kind=camera to=(-12.485069, 1.1249475, 7.994649) endpoint=[] swept=0,0068 contact=[/root/Act1CarryInteractionSmokeTest/Act1Demo/Main/ZoneHost/Act1ConnectedWorld/Act1CoreWorldGreybox/AgentBExteriorWorld/AgentB_ArchitectureCollision/Col_Gate_HouseA1_PostCapW]; kind=camera to=(-12.618035, 1.1249475, 7.873323) endpoint=[] swept=0,0068 contact=[/root/Act1CarryInteractionSmokeTest/Act1Demo/Main/ZoneHost/Act1ConnectedWorld/Act1CoreWorldGreybox/AgentBExteriorWorld/AgentB_ArchitectureCollision/Col_Gate_HouseA1_PostCapW]; kind=camera to=(-12.743615, 1.1249475, 7.7587376) endpoint=[] swept=0,0083 contact=[/root/Act1CarryInteractionSmokeTest/Act1Demo/Main/ZoneHost/Act1ConnectedWorld/Act1CoreWorldGreybox/AgentBExteriorWorld/AgentB_ArchitectureCollision/Col_Gate_HouseA1_PostCapW]; kind=camera to=(-12.633356, 1.1249475, 8.157164) endpoint=[] swept=0,0068 contact=[/root/Act1CarryInteractionSmokeTest/Act1Demo/Main/ZoneHost/Act1ConnectedWorld/Act1CoreWorldGreybox/AgentBExteriorWorld/AgentB_ArchitectureCollision/Col_Gate_HouseA1_PostCapW]; kind=camera to=(-12.336782, 1.1249475, 7.8321347) endpoint=[] swept=0,0068 contact=[/root/Act1CarryInteractionSmokeTest/Act1Demo/Main/ZoneHost/Act1ConnectedWorld/Act1CoreWorldGreybox/AgentBExteriorWorld/AgentB_ArchitectureCollision/Col_Gate_HouseA1_PostCapW]; retained accepted=False reason=sweep-blocked ownerAnchor=(-13.472464, -0.13505258, 7.131889) ownerFeet=(-13.472464, -0.13505258, 7.131889) horizontalReach=1,28000/1,35000 heightDifference=0,00000/0.25000; kind=retained to=(-12.525522, 1.1249474, 6.226782) endpoint=[/root/Act1CarryInteractionSmokeTest/Act1Demo/Main/ZoneHost/Act1ConnectedWorld/Act1CoreWorldGreybox/AgentBExteriorWorld/AgentB_ArchitectureCollision/Col_Gate_HouseA1_PostCapW] swept=0,3047 contact=[/root/Act1CarryInteractionSmokeTest/Act1Demo/Main/ZoneHost/Act1ConnectedWorld/Act1CoreWorldGreybox/AgentBExteriorWorld/AgentB_ArchitectureCollision/Col_Gate_HouseA1_PostCapW]]; z=[item=carry-board from=(-12.567381, 1.1249474, 6.226782) cameraDelta=(0, 0, 0.038194533) start=[]; kind=camera to=(-12.526928, 1.1249475, 8.032844) endpoint=[] swept=0,0068 contact=[/root/Act1CarryInteractionSmokeTest/Act1Demo/Main/ZoneHost/Act1ConnectedWorld/Act1CoreWorldGreybox/AgentBExteriorWorld/AgentB_ArchitectureCollision/Col_Gate_HouseA1_PostCapW]; kind=camera to=(-12.659894, 1.1249475, 7.9115176) endpoint=[] swept=0,0068 contact=[/root/Act1CarryInteractionSmokeTest/Act1Demo/Main/ZoneHost/Act1ConnectedWorld/Act1CoreWorldGreybox/AgentBExteriorWorld/AgentB_ArchitectureCollision/Col_Gate_HouseA1_PostCapW]; kind=camera to=(-12.785474, 1.1249475, 7.796932) endpoint=[] swept=0,0083 contact=[/root/Act1CarryInteractionSmokeTest/Act1Demo/Main/ZoneHost/Act1ConnectedWorld/Act1CoreWorldGreybox/AgentBExteriorWorld/AgentB_ArchitectureCollision/Col_Gate_HouseA1_PostCapW]; kind=camera to=(-12.675215, 1.1249475, 8.195358) endpoint=[] swept=0,0068 contact=[/root/Act1CarryInteractionSmokeTest/Act1Demo/Main/ZoneHost/Act1ConnectedWorld/Act1CoreWorldGreybox/AgentBExteriorWorld/AgentB_ArchitectureCollision/Col_Gate_HouseA1_PostCapW]; kind=camera to=(-12.378641, 1.1249475, 7.8703294) endpoint=[] swept=0,0068 contact=[/root/Act1CarryInteractionSmokeTest/Act1Demo/Main/ZoneHost/Act1ConnectedWorld/Act1CoreWorldGreybox/AgentBExteriorWorld/AgentB_ArchitectureCollision/Col_Gate_HouseA1_PostCapW]; retained accepted=False reason=sweep-blocked ownerAnchor=(-13.472464, -0.13505258, 7.131889) ownerFeet=(-13.472464, -0.13505258, 7.131889) horizontalReach=1,28000/1,35000 heightDifference=0,00000/0.25000; kind=retained to=(-12.567381, 1.1249474, 6.2649765) endpoint=[/root/Act1CarryInteractionSmokeTest/Act1Demo/Main/ZoneHost/Act1ConnectedWorld/Act1CoreWorldGreybox/AgentBExteriorWorld/AgentB_ArchitectureCollision/Col_Gate_HouseA1_PostCapW] swept=0,3320 contact=[/root/Act1CarryInteractionSmokeTest/Act1Demo/Main/ZoneHost/Act1ConnectedWorld/Act1CoreWorldGreybox/AgentBExteriorWorld/AgentB_ArchitectureCollision/Col_Gate_HouseA1_PostCapW]]
act1-carry-held-movement: label=try the direct return beside the visible gate post stalled=89 feet=(-13.472464, -0.13505258, 7.131889) goal=(-12.070532, -0.22308865, 8.411092) input=(0, -1) velocity=(0, 0, 0) camera=[X: (-0.674033, 0, 0.7387012), Y: (0, 1, 0), Z: (-0.7387012, 0, -0.674033), O: (-13.339499, 1.5649475, 7.2532125)] requested=(2.51154, 0, 2.291672) constrained=(0, 0, 0) valid=True revision=45/45; full=[item=carry-board from=(-12.567381, 1.1249474, 6.226782) cameraDelta=(0.041859, 0, 0.038194533) start=[]; kind=camera to=(-12.485069, 1.1249475, 8.032844) endpoint=[] swept=0,0054 contact=[/root/Act1CarryInteractionSmokeTest/Act1Demo/Main/ZoneHost/Act1ConnectedWorld/Act1CoreWorldGreybox/AgentBExteriorWorld/AgentB_ArchitectureCollision/Col_Gate_HouseA1_PostCapW]; kind=camera to=(-12.618035, 1.1249475, 7.9115176) endpoint=[] swept=0,0068 contact=[/root/Act1CarryInteractionSmokeTest/Act1Demo/Main/ZoneHost/Act1ConnectedWorld/Act1CoreWorldGreybox/AgentBExteriorWorld/AgentB_ArchitectureCollision/Col_Gate_HouseA1_PostCapW]; kind=camera to=(-12.743615, 1.1249475, 7.796932) endpoint=[] swept=0,0083 contact=[/root/Act1CarryInteractionSmokeTest/Act1Demo/Main/ZoneHost/Act1ConnectedWorld/Act1CoreWorldGreybox/AgentBExteriorWorld/AgentB_ArchitectureCollision/Col_Gate_HouseA1_PostCapW]; kind=camera to=(-12.633356, 1.1249475, 8.195358) endpoint=[] swept=0,0054 contact=[/root/Act1CarryInteractionSmokeTest/Act1Demo/Main/ZoneHost/Act1ConnectedWorld/Act1CoreWorldGreybox/AgentBExteriorWorld/AgentB_ArchitectureCollision/Col_Gate_HouseA1_PostCapW]; kind=camera to=(-12.336782, 1.1249475, 7.8703294) endpoint=[] swept=0,0054 contact=[/root/Act1CarryInteractionSmokeTest/Act1Demo/Main/ZoneHost/Act1ConnectedWorld/Act1CoreWorldGreybox/AgentBExteriorWorld/AgentB_ArchitectureCollision/Col_Gate_HouseA1_PostCapW]; retained accepted=False reason=sweep-blocked ownerAnchor=(-13.472464, -0.13505258, 7.131889) ownerFeet=(-13.472464, -0.13505258, 7.131889) horizontalReach=1,28000/1,35000 heightDifference=0,00000/0.25000; kind=retained to=(-12.525522, 1.1249474, 6.2649765) endpoint=[/root/Act1CarryInteractionSmokeTest/Act1Demo/Main/ZoneHost/Act1ConnectedWorld/Act1CoreWorldGreybox/AgentBExteriorWorld/AgentB_ArchitectureCollision/Col_Gate_HouseA1_PostW | /root/Act1CarryInteractionSmokeTest/Act1Demo/Main/ZoneHost/Act1ConnectedWorld/Act1CoreWorldGreybox/AgentBExteriorWorld/AgentB_ArchitectureCollision/Col_Gate_HouseA1_PostCapW] swept=0,1562 contact=[/root/Act1CarryInteractionSmokeTest/Act1Demo/Main/ZoneHost/Act1ConnectedWorld/Act1CoreWorldGreybox/AgentBExteriorWorld/AgentB_ArchitectureCollision/Col_Gate_HouseA1_PostCapW]]; x=[item=carry-board from=(-12.567381, 1.1249474, 6.226782) cameraDelta=(0.041859, 0, 0) start=[]; kind=camera to=(-12.485069, 1.1249475, 7.994649) endpoint=[] swept=0,0068 contact=[/root/Act1CarryInteractionSmokeTest/Act1Demo/Main/ZoneHost/Act1ConnectedWorld/Act1CoreWorldGreybox/AgentBExteriorWorld/AgentB_ArchitectureCollision/Col_Gate_HouseA1_PostCapW]; kind=camera to=(-12.618035, 1.1249475, 7.873323) endpoint=[] swept=0,0068 contact=[/root/Act1CarryInteractionSmokeTest/Act1Demo/Main/ZoneHost/Act1ConnectedWorld/Act1CoreWorldGreybox/AgentBExteriorWorld/AgentB_ArchitectureCollision/Col_Gate_HouseA1_PostCapW]; kind=camera to=(-12.743615, 1.1249475, 7.7587376) endpoint=[] swept=0,0083 contact=[/root/Act1CarryInteractionSmokeTest/Act1Demo/Main/ZoneHost/Act1ConnectedWorld/Act1CoreWorldGreybox/AgentBExteriorWorld/AgentB_ArchitectureCollision/Col_Gate_HouseA1_PostCapW]; kind=camera to=(-12.633356, 1.1249475, 8.157164) endpoint=[] swept=0,0068 contact=[/root/Act1CarryInteractionSmokeTest/Act1Demo/Main/ZoneHost/Act1ConnectedWorld/Act1CoreWorldGreybox/AgentBExteriorWorld/AgentB_ArchitectureCollision/Col_Gate_HouseA1_PostCapW]; kind=camera to=(-12.336782, 1.1249475, 7.8321347) endpoint=[] swept=0,0068 contact=[/root/Act1CarryInteractionSmokeTest/Act1Demo/Main/ZoneHost/Act1ConnectedWorld/Act1CoreWorldGreybox/AgentBExteriorWorld/AgentB_ArchitectureCollision/Col_Gate_HouseA1_PostCapW]; retained accepted=False reason=sweep-blocked ownerAnchor=(-13.472464, -0.13505258, 7.131889) ownerFeet=(-13.472464, -0.13505258, 7.131889) horizontalReach=1,28000/1,35000 heightDifference=0,00000/0.25000; kind=retained to=(-12.525522, 1.1249474, 6.226782) endpoint=[/root/Act1CarryInteractionSmokeTest/Act1Demo/Main/ZoneHost/Act1ConnectedWorld/Act1CoreWorldGreybox/AgentBExteriorWorld/AgentB_ArchitectureCollision/Col_Gate_HouseA1_PostCapW] swept=0,3047 contact=[/root/Act1CarryInteractionSmokeTest/Act1Demo/Main/ZoneHost/Act1ConnectedWorld/Act1CoreWorldGreybox/AgentBExteriorWorld/AgentB_ArchitectureCollision/Col_Gate_HouseA1_PostCapW]]; z=[item=carry-board from=(-12.567381, 1.1249474, 6.226782) cameraDelta=(0, 0, 0.038194533) start=[]; kind=camera to=(-12.526928, 1.1249475, 8.032844) endpoint=[] swept=0,0068 contact=[/root/Act1CarryInteractionSmokeTest/Act1Demo/Main/ZoneHost/Act1ConnectedWorld/Act1CoreWorldGreybox/AgentBExteriorWorld/AgentB_ArchitectureCollision/Col_Gate_HouseA1_PostCapW]; kind=camera to=(-12.659894, 1.1249475, 7.9115176) endpoint=[] swept=0,0068 contact=[/root/Act1CarryInteractionSmokeTest/Act1Demo/Main/ZoneHost/Act1ConnectedWorld/Act1CoreWorldGreybox/AgentBExteriorWorld/AgentB_ArchitectureCollision/Col_Gate_HouseA1_PostCapW]; kind=camera to=(-12.785474, 1.1249475, 7.796932) endpoint=[] swept=0,0083 contact=[/root/Act1CarryInteractionSmokeTest/Act1Demo/Main/ZoneHost/Act1ConnectedWorld/Act1CoreWorldGreybox/AgentBExteriorWorld/AgentB_ArchitectureCollision/Col_Gate_HouseA1_PostCapW]; kind=camera to=(-12.675215, 1.1249475, 8.195358) endpoint=[] swept=0,0068 contact=[/root/Act1CarryInteractionSmokeTest/Act1Demo/Main/ZoneHost/Act1ConnectedWorld/Act1CoreWorldGreybox/AgentBExteriorWorld/AgentB_ArchitectureCollision/Col_Gate_HouseA1_PostCapW]; kind=camera to=(-12.378641, 1.1249475, 7.8703294) endpoint=[] swept=0,0068 contact=[/root/Act1CarryInteractionSmokeTest/Act1Demo/Main/ZoneHost/Act1ConnectedWorld/Act1CoreWorldGreybox/AgentBExteriorWorld/AgentB_ArchitectureCollision/Col_Gate_HouseA1_PostCapW]; retained accepted=False reason=sweep-blocked ownerAnchor=(-13.472464, -0.13505258, 7.131889) ownerFeet=(-13.472464, -0.13505258, 7.131889) horizontalReach=1,28000/1,35000 heightDifference=0,00000/0.25000; kind=retained to=(-12.567381, 1.1249474, 6.2649765) endpoint=[/root/Act1CarryInteractionSmokeTest/Act1Demo/Main/ZoneHost/Act1ConnectedWorld/Act1CoreWorldGreybox/AgentBExteriorWorld/AgentB_ArchitectureCollision/Col_Gate_HouseA1_PostCapW] swept=0,3320 contact=[/root/Act1CarryInteractionSmokeTest/Act1Demo/Main/ZoneHost/Act1ConnectedWorld/Act1CoreWorldGreybox/AgentBExteriorWorld/AgentB_ArchitectureCollision/Col_Gate_HouseA1_PostCapW]]
act1-carry-observed-obstruction-hud: Предмет упирается в преграду. Отойдите назад или в сторону.
[Q] нельзя поставить: Край предмета останется без опоры · [R] повернуть
act1-carry: check try the direct return beside the visible gate post: actual input (-13.637718, -0.1219471, 6.93772) -> (-13.472464, -0.13505258, 7.131889); no teleport/recovery; goal (-12.070532, -0.22308865, 8.411092); observed refusal, destination NOT reached; contacts ; step 
act1-carry: check the observed refusal identifies the real gate post, not an unknown movement blocker
act1-carry: check ordinary HUD explains the carried object's obstruction and the available retreat
act1-carry: check ordinary retreat retains the same physically valid board
act1-carry: check ordinary retreat retains the same physically valid board
act1-carry: check ordinary retreat retains the same physically valid board
act1-carry: check ordinary retreat retains the same physically valid board
act1-carry: check ordinary retreat retains the same physically valid board
act1-carry: check ordinary retreat retains the same physically valid board
act1-carry: check ordinary retreat retains the same physically valid board
act1-carry: check ordinary retreat retains the same physically valid board
act1-carry: check ordinary retreat retains the same physically valid board
act1-carry: check ordinary retreat retains the same physically valid board
act1-carry: check ordinary retreat retains the same physically valid board
act1-carry: check ordinary retreat retains the same physically valid board
act1-carry: check ordinary retreat retains the same physically valid board
act1-carry: check ordinary retreat retains the same physically valid board
act1-carry: check ordinary retreat retains the same physically valid board
act1-carry: check ordinary retreat retains the same physically valid board
act1-carry: check ordinary backward input moves the board around the post: (-13.472464, -0.13505258, 7.131889) -> (-14.13876, -0.08408397, 6.521217); no new pose, turn or recovery
act1-carry: check the return turn uses captured ordinary mouse input
act1-carry-ordinary-turn: {"label":"return the same reusable plank after an ordinary backward retreat","ready":true,"requestedYaw":-132.42,"yawDelta":-0.040893555,"expectedScreenRelative":"(0.25558472, 0)","deliveredScreenTotal":"(0.25558472, 0)","delivered":1,"unhandled":1,"startedProcess":4644,"startedPhysics":3500,"unhandledProcess":4645,"process":4646,"physics":3501,"frames":3,"milliseconds":22,"before":{"Position":{"X":-14.13875961303711,"Y":-0.08408396691083908,"Z":6.521216869354248},"RotationDegrees":{"X":0,"Y":-132.3791046142578,"Z":0}},"after":{"Position":{"X":-14.13875961303711,"Y":-0.08408396691083908,"Z":6.521216869354248},"RotationDegrees":{"X":0,"Y":-132.41998291015625,"Z":0}},"focus":false,"mouseMode":"Captured","modal":false,"vehicle":false,"treePaused":false,"canProcess":true,"held":"[X: (-0.70710677, 0, -0.70710677), Y: (0, 1, 0), Z: (0.70710677, 0, -0.70710677), O: (-13.19384, 1.1759162, 7.384651)]","validHeld":true,"events":[{"stage":"input","relative":"(0.38337705, 0)","screenRelative":"(0.25558472, 0)","process":4645,"physics":3500,"yaw":-132.3791,"pitch":0},{"stage":"unhandled","relative":"(0.38337705, 0)","screenRelative":"(0.25558472, 0)","process":4645,"physics":3500,"yaw":-132.41998,"pitch":0}]}
act1-carry: check one ordinary mouse event is delivered and applies the requested carry turn within the unchanged .15 degree tolerance
act1-carry: check return the same reusable plank after an ordinary backward retreat: actual input (-14.13876, -0.08408397, 6.521217) -> (-12.129506, -0.24167196, 8.357202); no teleport/recovery; goal (-12.070532, -0.22308865, 8.411092)
act1-carry: check the original battens also accept ordinary replacement: 
act1-carry: check one physical board is set down after return, with no duplicate in the channel
SaveGameV3 written to /Users/unterlantas/Library/Application Support/Godot/app_userdata/URMAN/savegames/carry-drain-returned.savegame-v3.json
act1-carry: check save the dismantled crossing and returned plank
zone-loaded: village_day@arrival connected-world=116886869444
SaveGameV3 restored.
act1-carry: check restore the returned object state
act1-carry: check return, reuse and save grant no unseen story knowledge or scene transition
zone-loaded: village_day@arrival connected-world=116886869444
SaveGameV3 restored.
act1-carry: check restore pristine carryables before the independent snow checks
act1-carry: check the unworked service drift has its real body and the blocking attempt has empty hands
act1-carry: check the snow gap has a clear supported street approach
act1-carry: check the visible snow mound physically blocks the uncleared service gap without moving a prop: (-24.68655, 0.3762914, -2.8499804); drift contact=True
act1-carry: check step back from the snow drift before fetching the shovel: actual input (-24.68655, 0.3762914, -2.8499804) -> (-24.006548, 0.3727465, -2.8499982); no teleport/recovery; goal (-23.95, 0.3957482, -2.85)
act1-carry: local camera fixture (-27.6, 0.27101225, 2.15) target=(-27.6, 0.679541, 0.9) side=(0, 0, 1) reach=1,25
act1-carry: check shovel is physically carried, not a remote switch
act1-carry: local camera fixture (-23.95, 0.37039664, -2.85) target=(-25.2, 0.56376266, -2.85) side=(1, 0, 0) reach=1,25
act1-carry: check only the aimed snow opening changes
act1-carry: check clearing removes the actual passage barrier
act1-carry: check walk through the cleared snow gap with the same shovel: actual input (-23.95, 0.37039664, -2.85) -> (-26.114414, 0.35265368, -2.8364723); no teleport/recovery; goal (-26.2, 0, -2.85)
act1-carry: check return through the same cleared service gap: actual input (-26.114414, 0.35265368, -2.8364723) -> (-24.023102, 0.37213457, -2.8411016); no teleport/recovery; goal (-23.95, 0, -2.85)
act1-carry: check woodpile approach uses the existing bath stair route and actual carried item
act1-carry-woodpile-candidate: terrainFeet=(-31.6, 0.45510456, 3.0500002) direction=(0, 0, -1) terrainFits=False contacts=[/root/Act1CarryInteractionSmokeTest/Act1Demo/Main/ZoneHost/Act1ConnectedWorld/Act1CoreWorldGreybox/AgentBExteriorWorld/AgentB_ArchitectureCollision shape=831] firstSurface=/root/Act1CarryInteractionSmokeTest/Act1Demo/Main/ZoneHost/Act1ConnectedWorld/Act1CoreWorldGreybox/AgentBExteriorWorld/AgentB_TerrainCollision surfacePoint=(-31.6, 0.43012094, 3.0500002) raisedFits=False diagnosticOnly=true
act1-carry-woodpile-candidate: terrainFeet=(-31.6, 0.7531637, 5.55) direction=(0, 0, 1) terrainFits=False contacts=[/root/Act1CarryInteractionSmokeTest/Act1Demo/Main/ZoneHost/Act1ConnectedWorld/Act1CoreWorldGreybox/BabaiBathhouse/BathStoneFoundationBody shape=0 | /root/Act1CarryInteractionSmokeTest/Act1Demo/Main/ZoneHost/Act1ConnectedWorld/Act1CoreWorldGreybox/BabaiBathhouse/BathEntranceHinge/BathEntranceLeafBody shape=0 | /root/Act1CarryInteractionSmokeTest/Act1Demo/Main/ZoneHost/Act1ConnectedWorld/Act1CoreWorldGreybox/BabaiBathhouse/BathEntryLandingBody shape=0 | /root/Act1CarryInteractionSmokeTest/Act1Demo/Main/ZoneHost/Act1ConnectedWorld/Act1CoreWorldGreybox/AgentBExteriorWorld/AgentB_ArchitectureCollision shape=121 | /root/Act1CarryInteractionSmokeTest/Act1Demo/Main/ZoneHost/Act1ConnectedWorld/Act1CoreWorldGreybox/AgentBExteriorWorld/AgentB_ArchitectureCollision shape=129] firstSurface=/root/Act1CarryInteractionSmokeTest/Act1Demo/Main/ZoneHost/Act1ConnectedWorld/Act1CoreWorldGreybox/BabaiBathhouse/BathEntryLandingBody surfacePoint=(-31.6, 1.4110625, 5.5499997) raisedFits=False diagnosticOnly=true
act1-carry-woodpile-candidate: terrainFeet=(-32.85, 0.737299, 4.3) direction=(-1, 0, 0) terrainFits=False contacts=[/root/Act1CarryInteractionSmokeTest/Act1Demo/Main/ZoneHost/Act1ConnectedWorld/Act1CoreWorldGreybox/Act1AuthoredExteriorKitPresentation/BabaiYardAuthoredWoodpile/AuthoredKitCollisionProxy shape=6 | /root/Act1CarryInteractionSmokeTest/Act1Demo/Main/ZoneHost/Act1ConnectedWorld/Act1CoreWorldGreybox/Act1AuthoredExteriorKitPresentation/BabaiYardAuthoredWoodpile/AuthoredKitCollisionProxy shape=1 | /root/Act1CarryInteractionSmokeTest/Act1Demo/Main/ZoneHost/Act1ConnectedWorld/Act1CoreWorldGreybox/Act1AuthoredExteriorKitPresentation/BabaiYardAuthoredWoodpile/AuthoredKitCollisionProxy shape=2 | /root/Act1CarryInteractionSmokeTest/Act1Demo/Main/ZoneHost/Act1ConnectedWorld/Act1CoreWorldGreybox/Act1AuthoredExteriorKitPresentation/BabaiYardAuthoredWoodpile/AuthoredKitCollisionProxy shape=3 | /root/Act1CarryInteractionSmokeTest/Act1Demo/Main/ZoneHost/Act1ConnectedWorld/Act1CoreWorldGreybox/Act1AuthoredExteriorKitPresentation/BabaiYardAuthoredWoodpile/AuthoredKitCollisionProxy shape=4 | /root/Act1CarryInteractionSmokeTest/Act1Demo/Main/ZoneHost/Act1ConnectedWorld/Act1CoreWorldGreybox/Act1AuthoredExteriorKitPresentation/BabaiYardAuthoredWoodpile/AuthoredKitCollisionProxy shape=5] firstSurface=/root/Act1CarryInteractionSmokeTest/Act1Demo/Main/ZoneHost/Act1ConnectedWorld/Act1CoreWorldGreybox/Act1AuthoredExteriorKitPresentation/BabaiYardAuthoredWoodpile/AuthoredKitCollisionProxy surfacePoint=(-32.850002, 1.3942018, 4.3000016) raisedFits=False diagnosticOnly=true
act1-carry-woodpile-candidate: terrainFeet=(-30.35, 0.5157404, 4.3) direction=(1, 0, 0) terrainFits=False contacts=[/root/Act1CarryInteractionSmokeTest/Act1Demo/Main/ZoneHost/Act1ConnectedWorld/Act1CoreWorldGreybox/BabaiBathhouse/BathEntryLandingBypassBody shape=0 | /root/Act1CarryInteractionSmokeTest/Act1Demo/Main/ZoneHost/Act1ConnectedWorld/Act1CoreWorldGreybox/BabaiBathhouse/BathEntryTread1Body shape=0 | /root/Act1CarryInteractionSmokeTest/Act1Demo/Main/ZoneHost/Act1ConnectedWorld/Act1CoreWorldGreybox/BabaiBathhouse/BathEntryTread2Body shape=0] firstSurface=/root/Act1CarryInteractionSmokeTest/Act1Demo/Main/ZoneHost/Act1ConnectedWorld/Act1CoreWorldGreybox/BabaiBathhouse/BathEntryTread1Body surfacePoint=(-30.350002, 1.2594265, 4.3000007) raisedFits=True diagnosticOnly=true
act1-carry-woodpile-candidate: terrainFeet=(-32.483883, 0.6009444, 3.4161167) direction=(-0.70710677, 0, -0.70710677) terrainFits=False contacts=[/root/Act1CarryInteractionSmokeTest/Act1Demo/Main/ZoneHost/Act1ConnectedWorld/Act1CoreWorldGreybox/Act1AuthoredExteriorKitPresentation/BabaiYardAuthoredWoodpile/AuthoredKitCollisionProxy shape=6 | /root/Act1CarryInteractionSmokeTest/Act1Demo/Main/ZoneHost/Act1ConnectedWorld/Act1CoreWorldGreybox/Act1AuthoredExteriorKitPresentation/BabaiYardAuthoredWoodpile/AuthoredKitCollisionProxy shape=0] firstSurface=/root/Act1CarryInteractionSmokeTest/Act1Demo/Main/ZoneHost/Act1ConnectedWorld/Act1CoreWorldGreybox/AgentBExteriorWorld/AgentB_TerrainCollision surfacePoint=(-32.483883, 0.5759752, 3.4161167) raisedFits=False diagnosticOnly=true
act1-carry-woodpile-candidate: terrainFeet=(-30.716118, 0.4384257, 3.4161167) direction=(0.70710677, 0, -0.70710677) terrainFits=True contacts=[] firstSurface=/root/Act1CarryInteractionSmokeTest/Act1Demo/Main/ZoneHost/Act1ConnectedWorld/Act1CoreWorldGreybox/AgentBExteriorWorld/AgentB_TerrainCollision surfacePoint=(-30.716118, 0.4134338, 3.4161167) raisedFits=True diagnosticOnly=true
act1-carry-woodpile-candidate: terrainFeet=(-32.483883, 0.7950678, 5.1838837) direction=(-0.70710677, 0, 0.70710677) terrainFits=False contacts=[/root/Act1CarryInteractionSmokeTest/Act1Demo/Main/ZoneHost/Act1ConnectedWorld/Act1CoreWorldGreybox/AgentBExteriorWorld/AgentB_ArchitectureCollision shape=830] firstSurface=/root/Act1CarryInteractionSmokeTest/Act1Demo/Main/ZoneHost/Act1ConnectedWorld/Act1CoreWorldGreybox/AgentBExteriorWorld/AgentB_ArchitectureCollision surfacePoint=(-32.483883, 0.7879998, 5.1838837) raisedFits=False diagnosticOnly=true
act1-carry-woodpile-candidate: terrainFeet=(-30.716118, 0.64978075, 5.1838837) direction=(0.70710677, 0, 0.70710677) terrainFits=False contacts=[/root/Act1CarryInteractionSmokeTest/Act1Demo/Main/ZoneHost/Act1ConnectedWorld/Act1CoreWorldGreybox/BabaiBathhouse/BathEntryLandingBody shape=0 | /root/Act1CarryInteractionSmokeTest/Act1Demo/Main/ZoneHost/Act1ConnectedWorld/Act1CoreWorldGreybox/BabaiBathhouse/BathEntryLandingBypassBody shape=0 | /root/Act1CarryInteractionSmokeTest/Act1Demo/Main/ZoneHost/Act1ConnectedWorld/Act1CoreWorldGreybox/BabaiBathhouse/BathEntryTread1Body shape=0 | /root/Act1CarryInteractionSmokeTest/Act1Demo/Main/ZoneHost/Act1ConnectedWorld/Act1CoreWorldGreybox/BabaiBathhouse/BathEntryTread2Body shape=0 | /root/Act1CarryInteractionSmokeTest/Act1Demo/Main/ZoneHost/Act1ConnectedWorld/Act1CoreWorldGreybox/AgentBExteriorWorld/AgentB_ArchitectureCollision shape=133] firstSurface=/root/Act1CarryInteractionSmokeTest/Act1Demo/Main/ZoneHost/Act1ConnectedWorld/Act1CoreWorldGreybox/BabaiBathhouse/BathEntryTread1Body surfacePoint=(-30.716118, 1.2594265, 5.183883) raisedFits=False diagnosticOnly=true
act1-carry: check the named ground approach below the bath steps fits the actual standing body
act1-carry: explicit local fixture at existing bath entryApproach=(-29.133991, 0.6949753, 5.941516); upper landing reached only by walking
act1-carry: check woodpile route settles on a real support with an unobstructed standing capsule (stableFrames=3 canStand=True feet=(-29.133991, 0.65802217, 5.941516) velocity=(0, 0, 0) onFloor=True)
act1-carry: check woodpile route begins on the real ground below the existing lower stair
act1-carry: check the return turn uses captured ordinary mouse input
act1-carry-ordinary-turn: {"label":"carry the tool up the existing bath stair flight","ready":true,"requestedYaw":76.722275,"yawDelta":76.72229,"expectedScreenRelative":"(-479.5143, 0)","deliveredScreenTotal":"(-479.5143, 0)","delivered":1,"unhandled":1,"startedProcess":5072,"startedPhysics":3839,"unhandledProcess":5073,"process":5074,"physics":3841,"frames":3,"milliseconds":38,"before":{"Position":{"X":-29.133991241455078,"Y":0.6580221652984619,"Z":5.941515922546387},"RotationDegrees":{"X":0,"Y":0,"Z":0}},"after":{"Position":{"X":-29.133991241455078,"Y":0.6580221652984619,"Z":5.941515922546387},"RotationDegrees":{"X":0,"Y":76.7222900390625,"Z":0}},"focus":false,"mouseMode":"Captured","modal":false,"vehicle":false,"treePaused":false,"canProcess":true,"held":"[X: (-0.10566397, 0, -0.9944019), Y: (0, 1, 0), Z: (0.9944019, 0, -0.10566397), O: (-30.068325, 1.5165222, 5.7210326)]","validHeld":true,"events":[{"stage":"input","relative":"(-719.2714, 0)","screenRelative":"(-479.5143, 0)","process":5073,"physics":3839,"yaw":0,"pitch":0},{"stage":"unhandled","relative":"(-719.2714, 0)","screenRelative":"(-479.5143, 0)","process":5073,"physics":3839,"yaw":76.72229,"pitch":0}]}
act1-carry: check one ordinary mouse event is delivered and applies the requested carry turn within the unchanged .15 degree tolerance
act1-carry: check carry the tool up the existing bath stair flight: actual input (-29.133991, 0.65802217, 5.941516) -> (-30.2876, 1.1077698, 5.669287); no teleport/recovery; goal (-30.282448, 1.4110625, 5.6705036)
act1-carry: check the return turn uses captured ordinary mouse input
act1-carry-ordinary-turn: {"label":"follow the existing lower turn toward the supported side landing","ready":true,"requestedYaw":-13.539164,"yawDelta":-90.2623,"expectedScreenRelative":"(564.1394, 0)","deliveredScreenTotal":"(564.1394, 0)","delivered":1,"unhandled":1,"startedProcess":5110,"startedPhysics":3868,"unhandledProcess":5111,"process":5112,"physics":3869,"frames":3,"milliseconds":35,"before":{"Position":{"X":-30.287599563598633,"Y":1.1077698469161987,"Z":5.669287204742432},"RotationDegrees":{"X":0,"Y":76.72314453125,"Z":0}},"after":{"Position":{"X":-30.287599563598633,"Y":1.1077698469161987,"Z":5.669287204742432},"RotationDegrees":{"X":0,"Y":-13.539155960083008,"Z":0}},"focus":false,"mouseMode":"Captured","modal":false,"vehicle":false,"treePaused":false,"canProcess":true,"held":"[X: (-0.10566397, 0, -0.9944019), Y: (0, 1, 0), Z: (0.9944019, 0, -0.10566397), O: (-30.062855, 1.9514565, 4.7359686)]","validHeld":true,"events":[{"stage":"input","relative":"(846.20905, 0)","screenRelative":"(564.1394, 0)","process":5111,"physics":3868,"yaw":76.723145,"pitch":0},{"stage":"unhandled","relative":"(846.20905, 0)","screenRelative":"(564.1394, 0)","process":5111,"physics":3868,"yaw":-13.539156,"pitch":0}]}
act1-carry: check one ordinary mouse event is delivered and applies the requested carry turn within the unchanged .15 degree tolerance
act1-carry: check follow the existing lower turn toward the supported side landing: actual input (-30.2876, 1.1077698, 5.669287) -> (-30.022282, 1.1077698, 4.5674706); no teleport/recovery; goal (-30.01603, 1.4110625, 4.5415125)
act1-carry: check the return turn uses captured ordinary mouse input
act1-carry-ordinary-turn: {"label":"reach the woodpile view by walking onto the actual upper landing","ready":true,"requestedYaw":75.34417,"yawDelta":88.88464,"expectedScreenRelative":"(-555.52905, 0)","deliveredScreenTotal":"(-555.52905, 0)","delivered":1,"unhandled":1,"startedProcess":5130,"startedPhysics":3893,"unhandledProcess":5131,"process":5132,"physics":3895,"frames":3,"milliseconds":36,"before":{"Position":{"X":-30.022281646728516,"Y":1.1077698469161987,"Z":4.567470550537109},"RotationDegrees":{"X":0,"Y":-13.540499687194824,"Z":0}},"after":{"Position":{"X":-30.022281646728516,"Y":1.1077698469161987,"Z":4.567470550537109},"RotationDegrees":{"X":0,"Y":75.3441390991211,"Z":0}},"focus":false,"mouseMode":"Captured","modal":false,"vehicle":false,"treePaused":false,"canProcess":true,"held":"[X: (-0.10566397, 0, -0.9944019), Y: (0, 1, 0), Z: (0.9944019, 0, -0.10566397), O: (-30.951044, 1.9661405, 4.3245792)]","validHeld":true,"events":[{"stage":"input","relative":"(-833.2935, 0)","screenRelative":"(-555.52905, 0)","process":5131,"physics":3893,"yaw":-13.5405,"pitch":0},{"stage":"unhandled","relative":"(-833.2935, 0)","screenRelative":"(-555.52905, 0)","process":5131,"physics":3893,"yaw":75.34414,"pitch":0}]}
act1-carry: check one ordinary mouse event is delivered and applies the requested carry turn within the unchanged .15 degree tolerance
act1-carry: check reach the woodpile view by walking onto the actual upper landing: actual input (-30.022282, 1.1077698, 4.5674706) -> (-31.088076, 1.4112843, 4.2887397); no teleport/recovery; goal (-31.096355, 1.4110625, 4.286577)
act1-carry: check woodpile route settles on a real support with an unobstructed standing capsule (stableFrames=3 canStand=True feet=(-31.088076, 1.4112843, 4.2887397) velocity=(0, 0, 0) onFloor=True)
act1-carry-woodpile-foot: offset=(-0,1,-0,18) owner=/root/Act1CarryInteractionSmokeTest/Act1Demo/Main/ZoneHost/Act1ConnectedWorld/Act1CoreWorldGreybox/BabaiBathhouse/BathEntryLandingBypassBody floor=(-31.28623, 1.4110625, 4.344725)
act1-carry: check both feet stand on the real upper landing, not terrain beneath it or a selected roof
act1-carry-woodpile-foot: offset=(-0,1,0) owner=/root/Act1CarryInteractionSmokeTest/Act1Demo/Main/ZoneHost/Act1ConnectedWorld/Act1CoreWorldGreybox/BabaiBathhouse/BathEntryLandingBypassBody floor=(-31.111042, 1.4110625, 4.386066)
act1-carry: check both feet stand on the real upper landing, not terrain beneath it or a selected roof
act1-carry-woodpile-foot: offset=(-0,1,0,18) owner=/root/Act1CarryInteractionSmokeTest/Act1Demo/Main/ZoneHost/Act1ConnectedWorld/Act1CoreWorldGreybox/BabaiBathhouse/BathEntryLandingBypassBody floor=(-30.935854, 1.4110625, 4.427407)
act1-carry: check both feet stand on the real upper landing, not terrain beneath it or a selected roof
act1-carry-woodpile-foot: offset=(0,-0,18) owner=/root/Act1CarryInteractionSmokeTest/Act1Demo/Main/ZoneHost/Act1ConnectedWorld/Act1CoreWorldGreybox/BabaiBathhouse/BathEntryLandingBypassBody floor=(-31.263262, 1.4110625, 4.2473993)
act1-carry: check both feet stand on the real upper landing, not terrain beneath it or a selected roof
act1-carry-woodpile-foot: offset=(0,0) owner=/root/Act1CarryInteractionSmokeTest/Act1Demo/Main/ZoneHost/Act1ConnectedWorld/Act1CoreWorldGreybox/BabaiBathhouse/BathEntryLandingBypassBody floor=(-31.088074, 1.4110625, 4.2887387)
act1-carry: check both feet stand on the real upper landing, not terrain beneath it or a selected roof
act1-carry-woodpile-foot: offset=(0,0,18) owner=/root/Act1CarryInteractionSmokeTest/Act1Demo/Main/ZoneHost/Act1ConnectedWorld/Act1CoreWorldGreybox/BabaiBathhouse/BathEntryLandingBypassBody floor=(-30.912886, 1.4110625, 4.3300805)
act1-carry: check both feet stand on the real upper landing, not terrain beneath it or a selected roof
act1-carry-woodpile-foot: offset=(0,1,-0,18) owner=/root/Act1CarryInteractionSmokeTest/Act1Demo/Main/ZoneHost/Act1ConnectedWorld/Act1CoreWorldGreybox/BabaiBathhouse/BathEntryLandingBypassBody floor=(-31.240295, 1.4110625, 4.1500726)
act1-carry: check both feet stand on the real upper landing, not terrain beneath it or a selected roof
act1-carry-woodpile-foot: offset=(0,1,0) owner=/root/Act1CarryInteractionSmokeTest/Act1Demo/Main/ZoneHost/Act1ConnectedWorld/Act1CoreWorldGreybox/BabaiBathhouse/BathEntryLandingBypassBody floor=(-31.06511, 1.4110625, 4.191413)
act1-carry: check both feet stand on the real upper landing, not terrain beneath it or a selected roof
act1-carry-woodpile-foot: offset=(0,1,0,18) owner=/root/Act1CarryInteractionSmokeTest/Act1Demo/Main/ZoneHost/Act1ConnectedWorld/Act1CoreWorldGreybox/BabaiBathhouse/BathEntryLandingBypassBody floor=(-30.889921, 1.4110625, 4.2327538)
act1-carry: check both feet stand on the real upper landing, not terrain beneath it or a selected roof
act1-carry: check the stair approach preserves actual custody and the complete held-object pose
act1-carry-woodpile-landing: feet=(-31.088076, 1.4112843, 4.2887397) bathLocal=(3.6997986, 0.00022184849, 1.8485546) camera=[X: (-0.015334408, 0, -0.99988246), Y: (-0.9901513, 0.13917567, 0.015185168), Z: (0.1391593, 0.99026775, -0.0021341762), O: (-31.268051, 3.1100051, 4.2914996)] target=/root/Act1CarryInteractionSmokeTest/Act1Demo/Main/ZoneHost/Act1ConnectedWorld/CarryCoordinator/YardTool_shovel/Use_shovel_woodpile targetPoint=(-31.6, 0.6201632, 4.3) centerDistance=2,5118868 rayOwner=/root/Act1CarryInteractionSmokeTest/Act1Demo/Main/ZoneHost/Act1ConnectedWorld/CarryCoordinator/YardTool_shovel/Use_shovel_woodpile held=carry-tool-shovel validHeld=True
act1-carry: check the real 2.7m interaction ray from the walked landing reaches the actual snow or axe before any stair collider
act1-carry: check second aimed clearing reveals its real object
act1-carry: check the return turn uses captured ordinary mouse input
act1-carry-ordinary-turn: {"label":"return from the woodpile along the same supported side of the bath steps","ready":true,"requestedYaw":-103.26719,"yawDelta":165.85419,"expectedScreenRelative":"(-1036.5887, -512.5)","deliveredScreenTotal":"(-1036.5887, -512.5)","delivered":1,"unhandled":1,"startedProcess":5205,"startedPhysics":3951,"unhandledProcess":5206,"process":5207,"physics":3953,"frames":3,"milliseconds":36,"before":{"Position":{"X":-31.088075637817383,"Y":1.411284327507019,"Z":4.2887396812438965},"RotationDegrees":{"X":-82,"Y":90.87862396240234,"Z":0}},"after":{"Position":{"X":-31.088075637817383,"Y":1.411284327507019,"Z":4.2887396812438965},"RotationDegrees":{"X":0,"Y":-103.26715087890625,"Z":0}},"focus":false,"mouseMode":"Captured","modal":false,"vehicle":false,"treePaused":false,"canProcess":true,"held":"[X: (-0.10566397, 0, -0.9944019), Y: (0, 1, 0), Z: (0.9944019, 0, -0.10566397), O: (-30.153702, 2.2697752, 4.5090513)]","validHeld":true,"events":[{"stage":"input","relative":"(-1554.8829, -768.74994)","screenRelative":"(-1036.5887, -512.5)","process":5206,"physics":3951,"yaw":90.878624,"pitch":-82},{"stage":"unhandled","relative":"(-1554.8829, -768.74994)","screenRelative":"(-1036.5887, -512.5)","process":5206,"physics":3951,"yaw":-103.26715,"pitch":0}]}
act1-carry: check one ordinary mouse event is delivered and applies the requested carry turn within the unchanged .15 degree tolerance
act1-carry: check return from the woodpile along the same supported side of the bath steps: actual input (-31.088076, 1.4112843, 4.2887397) -> (-29.98426, 1.1066163, 4.5490036); no teleport/recovery; goal (-30.01603, 1.4110625, 4.5415125)
act1-carry: check the return turn uses captured ordinary mouse input
act1-carry-ordinary-turn: {"label":"return to the original lower stair flight with the same carried item","ready":true,"requestedYaw":165.11053,"yawDelta":-91.6228,"expectedScreenRelative":"(572.6425, 0)","deliveredScreenTotal":"(572.6425, 0)","delivered":1,"unhandled":1,"startedProcess":5230,"startedPhysics":3977,"unhandledProcess":5231,"process":5232,"physics":3980,"frames":3,"milliseconds":41,"before":{"Position":{"X":-29.98426055908203,"Y":1.1066162586212158,"Z":4.549003601074219},"RotationDegrees":{"X":0,"Y":-103.26667022705078,"Z":0}},"after":{"Position":{"X":-29.98426055908203,"Y":1.1066162586212158,"Z":4.549003601074219},"RotationDegrees":{"X":0,"Y":165.11050415039062,"Z":0}},"focus":false,"mouseMode":"Captured","modal":false,"vehicle":false,"treePaused":false,"canProcess":true,"held":"[X: (-0.10566397, 0, -0.9944019), Y: (0, 1, 0), Z: (0.9944019, 0, -0.10566397), O: (-30.230938, 1.965116, 5.4767666)]","validHeld":true,"events":[{"stage":"input","relative":"(858.9637, 0)","screenRelative":"(572.6425, 0)","process":5231,"physics":3978,"yaw":-103.26667,"pitch":0},{"stage":"unhandled","relative":"(858.9637, 0)","screenRelative":"(572.6425, 0)","process":5231,"physics":3978,"yaw":165.1105,"pitch":0}]}
act1-carry: check one ordinary mouse event is delivered and applies the requested carry turn within the unchanged .15 degree tolerance
act1-carry: check return to the original lower stair flight with the same carried item: actual input (-29.98426, 1.1066163, 4.5490036) -> (-30.260904, 1.1066163, 5.589473); no teleport/recovery; goal (-30.282448, 1.4110625, 5.6705036)
act1-carry: check the return turn uses captured ordinary mouse input
act1-carry-ordinary-turn: {"label":"descend the actual bath stairs back to their ground approach","ready":true,"requestedYaw":-107.348595,"yawDelta":87.54004,"expectedScreenRelative":"(-547.12524, 0)","deliveredScreenTotal":"(-547.12524, 0)","delivered":1,"unhandled":1,"startedProcess":5277,"startedPhysics":4003,"unhandledProcess":5278,"process":5279,"physics":4004,"frames":3,"milliseconds":27,"before":{"Position":{"X":-30.26090431213379,"Y":1.1066162586212158,"Z":5.589472770690918},"RotationDegrees":{"X":0,"Y":165.1113739013672,"Z":0}},"after":{"Position":{"X":-30.26090431213379,"Y":1.1066162586212158,"Z":5.589472770690918},"RotationDegrees":{"X":0,"Y":-107.34857177734375,"Z":0}},"focus":false,"mouseMode":"Captured","modal":false,"vehicle":false,"treePaused":false,"canProcess":true,"held":"[X: (-0.10566397, 0, -0.9944019), Y: (0, 1, 0), Z: (0.9944019, 0, -0.10566397), O: (-29.34458, 1.965116, 5.8757286)]","validHeld":true,"events":[{"stage":"input","relative":"(-820.6878, 0)","screenRelative":"(-547.12524, 0)","process":5278,"physics":4003,"yaw":165.11137,"pitch":0},{"stage":"unhandled","relative":"(-820.6878, 0)","screenRelative":"(-547.12524, 0)","process":5278,"physics":4003,"yaw":-107.34857,"pitch":0}]}
act1-carry: check one ordinary mouse event is delivered and applies the requested carry turn within the unchanged .15 degree tolerance
act1-carry: check descend the actual bath stairs back to their ground approach: actual input (-30.260904, 1.1066163, 5.589473) -> (-29.173353, 0.6570363, 5.9292107); no teleport/recovery; goal (-29.133991, 0.6949753, 5.941516)
act1-carry: check woodpile route settles on a real support with an unobstructed standing capsule (stableFrames=3 canStand=True feet=(-29.173353, 0.6570363, 5.9292107) velocity=(0, 0, 0) onFloor=True)
act1-carry: check the woodpile return ends grounded with the same real item and valid full-body carry pose
act1-carry: check the real ground beyond the lower stair supports the complete shovel: 
act1-carry: check ordinary placement frees both hands outside the bath steps
act1-carry: check woodpile approach uses the existing bath stair route and actual carried item
act1-carry-woodpile-candidate: terrainFeet=(-31.6, 0.45510456, 3.0500002) direction=(0, 0, -1) terrainFits=False contacts=[/root/Act1CarryInteractionSmokeTest/Act1Demo/Main/ZoneHost/Act1ConnectedWorld/Act1CoreWorldGreybox/AgentBExteriorWorld/AgentB_ArchitectureCollision shape=831] firstSurface=/root/Act1CarryInteractionSmokeTest/Act1Demo/Main/ZoneHost/Act1ConnectedWorld/Act1CoreWorldGreybox/AgentBExteriorWorld/AgentB_TerrainCollision surfacePoint=(-31.6, 0.43012094, 3.0500002) raisedFits=False diagnosticOnly=true
act1-carry-woodpile-candidate: terrainFeet=(-31.6, 0.7531637, 5.55) direction=(0, 0, 1) terrainFits=False contacts=[/root/Act1CarryInteractionSmokeTest/Act1Demo/Main/ZoneHost/Act1ConnectedWorld/Act1CoreWorldGreybox/BabaiBathhouse/BathStoneFoundationBody shape=0 | /root/Act1CarryInteractionSmokeTest/Act1Demo/Main/ZoneHost/Act1ConnectedWorld/Act1CoreWorldGreybox/BabaiBathhouse/BathEntranceHinge/BathEntranceLeafBody shape=0 | /root/Act1CarryInteractionSmokeTest/Act1Demo/Main/ZoneHost/Act1ConnectedWorld/Act1CoreWorldGreybox/BabaiBathhouse/BathEntryLandingBody shape=0 | /root/Act1CarryInteractionSmokeTest/Act1Demo/Main/ZoneHost/Act1ConnectedWorld/Act1CoreWorldGreybox/AgentBExteriorWorld/AgentB_ArchitectureCollision shape=121 | /root/Act1CarryInteractionSmokeTest/Act1Demo/Main/ZoneHost/Act1ConnectedWorld/Act1CoreWorldGreybox/AgentBExteriorWorld/AgentB_ArchitectureCollision shape=129] firstSurface=/root/Act1CarryInteractionSmokeTest/Act1Demo/Main/ZoneHost/Act1ConnectedWorld/Act1CoreWorldGreybox/BabaiBathhouse/BathEntryLandingBody surfacePoint=(-31.6, 1.4110625, 5.5499997) raisedFits=False diagnosticOnly=true
act1-carry-woodpile-candidate: terrainFeet=(-32.85, 0.737299, 4.3) direction=(-1, 0, 0) terrainFits=False contacts=[/root/Act1CarryInteractionSmokeTest/Act1Demo/Main/ZoneHost/Act1ConnectedWorld/Act1CoreWorldGreybox/Act1AuthoredExteriorKitPresentation/BabaiYardAuthoredWoodpile/AuthoredKitCollisionProxy shape=6 | /root/Act1CarryInteractionSmokeTest/Act1Demo/Main/ZoneHost/Act1ConnectedWorld/Act1CoreWorldGreybox/Act1AuthoredExteriorKitPresentation/BabaiYardAuthoredWoodpile/AuthoredKitCollisionProxy shape=1 | /root/Act1CarryInteractionSmokeTest/Act1Demo/Main/ZoneHost/Act1ConnectedWorld/Act1CoreWorldGreybox/Act1AuthoredExteriorKitPresentation/BabaiYardAuthoredWoodpile/AuthoredKitCollisionProxy shape=2 | /root/Act1CarryInteractionSmokeTest/Act1Demo/Main/ZoneHost/Act1ConnectedWorld/Act1CoreWorldGreybox/Act1AuthoredExteriorKitPresentation/BabaiYardAuthoredWoodpile/AuthoredKitCollisionProxy shape=3 | /root/Act1CarryInteractionSmokeTest/Act1Demo/Main/ZoneHost/Act1ConnectedWorld/Act1CoreWorldGreybox/Act1AuthoredExteriorKitPresentation/BabaiYardAuthoredWoodpile/AuthoredKitCollisionProxy shape=4 | /root/Act1CarryInteractionSmokeTest/Act1Demo/Main/ZoneHost/Act1ConnectedWorld/Act1CoreWorldGreybox/Act1AuthoredExteriorKitPresentation/BabaiYardAuthoredWoodpile/AuthoredKitCollisionProxy shape=5] firstSurface=/root/Act1CarryInteractionSmokeTest/Act1Demo/Main/ZoneHost/Act1ConnectedWorld/Act1CoreWorldGreybox/Act1AuthoredExteriorKitPresentation/BabaiYardAuthoredWoodpile/AuthoredKitCollisionProxy surfacePoint=(-32.850002, 1.3942018, 4.3000016) raisedFits=False diagnosticOnly=true
act1-carry-woodpile-candidate: terrainFeet=(-30.35, 0.5157404, 4.3) direction=(1, 0, 0) terrainFits=False contacts=[/root/Act1CarryInteractionSmokeTest/Act1Demo/Main/ZoneHost/Act1ConnectedWorld/Act1CoreWorldGreybox/BabaiBathhouse/BathEntryLandingBypassBody shape=0 | /root/Act1CarryInteractionSmokeTest/Act1Demo/Main/ZoneHost/Act1ConnectedWorld/Act1CoreWorldGreybox/BabaiBathhouse/BathEntryTread1Body shape=0 | /root/Act1CarryInteractionSmokeTest/Act1Demo/Main/ZoneHost/Act1ConnectedWorld/Act1CoreWorldGreybox/BabaiBathhouse/BathEntryTread2Body shape=0] firstSurface=/root/Act1CarryInteractionSmokeTest/Act1Demo/Main/ZoneHost/Act1ConnectedWorld/Act1CoreWorldGreybox/BabaiBathhouse/BathEntryTread1Body surfacePoint=(-30.350002, 1.2594265, 4.3000007) raisedFits=True diagnosticOnly=true
act1-carry-woodpile-candidate: terrainFeet=(-32.483883, 0.6009444, 3.4161167) direction=(-0.70710677, 0, -0.70710677) terrainFits=False contacts=[/root/Act1CarryInteractionSmokeTest/Act1Demo/Main/ZoneHost/Act1ConnectedWorld/Act1CoreWorldGreybox/Act1AuthoredExteriorKitPresentation/BabaiYardAuthoredWoodpile/AuthoredKitCollisionProxy shape=6 | /root/Act1CarryInteractionSmokeTest/Act1Demo/Main/ZoneHost/Act1ConnectedWorld/Act1CoreWorldGreybox/Act1AuthoredExteriorKitPresentation/BabaiYardAuthoredWoodpile/AuthoredKitCollisionProxy shape=0] firstSurface=/root/Act1CarryInteractionSmokeTest/Act1Demo/Main/ZoneHost/Act1ConnectedWorld/Act1CoreWorldGreybox/AgentBExteriorWorld/AgentB_TerrainCollision surfacePoint=(-32.483883, 0.5759752, 3.4161167) raisedFits=False diagnosticOnly=true
act1-carry-woodpile-candidate: terrainFeet=(-30.716118, 0.4384257, 3.4161167) direction=(0.70710677, 0, -0.70710677) terrainFits=True contacts=[] firstSurface=/root/Act1CarryInteractionSmokeTest/Act1Demo/Main/ZoneHost/Act1ConnectedWorld/Act1CoreWorldGreybox/AgentBExteriorWorld/AgentB_TerrainCollision surfacePoint=(-30.716118, 0.4134338, 3.4161167) raisedFits=True diagnosticOnly=true
act1-carry-woodpile-candidate: terrainFeet=(-32.483883, 0.7950678, 5.1838837) direction=(-0.70710677, 0, 0.70710677) terrainFits=False contacts=[/root/Act1CarryInteractionSmokeTest/Act1Demo/Main/ZoneHost/Act1ConnectedWorld/Act1CoreWorldGreybox/AgentBExteriorWorld/AgentB_ArchitectureCollision shape=830] firstSurface=/root/Act1CarryInteractionSmokeTest/Act1Demo/Main/ZoneHost/Act1ConnectedWorld/Act1CoreWorldGreybox/AgentBExteriorWorld/AgentB_ArchitectureCollision surfacePoint=(-32.483883, 0.7879998, 5.1838837) raisedFits=False diagnosticOnly=true
act1-carry-woodpile-candidate: terrainFeet=(-30.716118, 0.64978075, 5.1838837) direction=(0.70710677, 0, 0.70710677) terrainFits=False contacts=[/root/Act1CarryInteractionSmokeTest/Act1Demo/Main/ZoneHost/Act1ConnectedWorld/Act1CoreWorldGreybox/BabaiBathhouse/BathEntryLandingBody shape=0 | /root/Act1CarryInteractionSmokeTest/Act1Demo/Main/ZoneHost/Act1ConnectedWorld/Act1CoreWorldGreybox/BabaiBathhouse/BathEntryLandingBypassBody shape=0 | /root/Act1CarryInteractionSmokeTest/Act1Demo/Main/ZoneHost/Act1ConnectedWorld/Act1CoreWorldGreybox/BabaiBathhouse/BathEntryTread1Body shape=0 | /root/Act1CarryInteractionSmokeTest/Act1Demo/Main/ZoneHost/Act1ConnectedWorld/Act1CoreWorldGreybox/BabaiBathhouse/BathEntryTread2Body shape=0 | /root/Act1CarryInteractionSmokeTest/Act1Demo/Main/ZoneHost/Act1ConnectedWorld/Act1CoreWorldGreybox/AgentBExteriorWorld/AgentB_ArchitectureCollision shape=133] firstSurface=/root/Act1CarryInteractionSmokeTest/Act1Demo/Main/ZoneHost/Act1ConnectedWorld/Act1CoreWorldGreybox/BabaiBathhouse/BathEntryTread1Body surfacePoint=(-30.716118, 1.2594265, 5.183883) raisedFits=False diagnosticOnly=true
act1-carry: check return for the axe begins where the previous real descent ended
act1-carry: check woodpile route settles on a real support with an unobstructed standing capsule (stableFrames=3 canStand=True feet=(-29.173353, 0.6570363, 5.9292107) velocity=(0, 0, 0) onFloor=True)
act1-carry: check woodpile route begins on the real ground below the existing lower stair
act1-carry: check the return turn uses captured ordinary mouse input
act1-carry-ordinary-turn: {"label":"carry the tool up the existing bath stair flight","ready":true,"requestedYaw":76.86998,"yawDelta":-179.69037,"expectedScreenRelative":"(1123.0648, -392.46066)","deliveredScreenTotal":"(1123.0648, -392.46066)","delivered":1,"unhandled":1,"startedProcess":5367,"startedPhysics":4062,"unhandledProcess":5368,"process":5369,"physics":4063,"frames":3,"milliseconds":22,"before":{"Position":{"X":-29.17335319519043,"Y":0.657036304473877,"Z":5.929210662841797},"RotationDegrees":{"X":-62.793704986572266,"Y":-103.43963623046875,"Z":0}},"after":{"Position":{"X":-29.17335319519043,"Y":0.657036304473877,"Z":5.929210662841797},"RotationDegrees":{"X":0,"Y":76.86998748779297,"Z":0}},"focus":false,"mouseMode":"Captured","modal":false,"vehicle":false,"treePaused":false,"canProcess":true,"held":null,"validHeld":true,"events":[{"stage":"input","relative":"(1684.597, -588.6909)","screenRelative":"(1123.0648, -392.46066)","process":5368,"physics":4062,"yaw":-103.43964,"pitch":-62.793704986572266},{"stage":"unhandled","relative":"(1684.597, -588.6909)","screenRelative":"(1123.0648, -392.46066)","process":5368,"physics":4062,"yaw":76.86999,"pitch":0}]}
act1-carry: check one ordinary mouse event is delivered and applies the requested carry turn within the unchanged .15 degree tolerance
act1-carry: check carry the tool up the existing bath stair flight: actual input (-29.173353, 0.6570363, 5.9292107) -> (-30.258902, 1.1072626, 5.676002); no teleport/recovery; goal (-30.282448, 1.4110625, 5.6705036)
act1-carry: check the return turn uses captured ordinary mouse input
act1-carry-ordinary-turn: {"label":"follow the existing lower turn toward the supported side landing","ready":true,"requestedYaw":-12.083523,"yawDelta":-88.94913,"expectedScreenRelative":"(555.93207, 0)","deliveredScreenTotal":"(555.93207, 0)","delivered":1,"unhandled":1,"startedProcess":5406,"startedPhysics":4089,"unhandledProcess":5407,"process":5408,"physics":4090,"frames":3,"milliseconds":33,"before":{"Position":{"X":-30.258901596069336,"Y":1.1072626113891602,"Z":5.676002025604248},"RotationDegrees":{"X":0,"Y":76.8656005859375,"Z":0}},"after":{"Position":{"X":-30.258901596069336,"Y":1.1072626113891602,"Z":5.676002025604248},"RotationDegrees":{"X":0,"Y":-12.083521842956543,"Z":0}},"focus":false,"mouseMode":"Captured","modal":false,"vehicle":false,"treePaused":false,"canProcess":true,"held":null,"validHeld":true,"events":[{"stage":"input","relative":"(833.898, 0)","screenRelative":"(555.93207, 0)","process":5407,"physics":4089,"yaw":76.8656,"pitch":0},{"stage":"unhandled","relative":"(833.898, 0)","screenRelative":"(555.93207, 0)","process":5407,"physics":4089,"yaw":-12.083522,"pitch":0}]}
act1-carry: check one ordinary mouse event is delivered and applies the requested carry turn within the unchanged .15 degree tolerance
act1-carry: check follow the existing lower turn toward the supported side landing: actual input (-30.258902, 1.1072626, 5.676002) -> (-30.02166, 1.1072626, 4.5678105); no teleport/recovery; goal (-30.01603, 1.4110625, 4.5415125)
act1-carry: check the return turn uses captured ordinary mouse input
act1-carry-ordinary-turn: {"label":"reach the woodpile view by walking onto the actual upper landing","ready":true,"requestedYaw":75.33531,"yawDelta":87.41962,"expectedScreenRelative":"(-546.3726, 0)","deliveredScreenTotal":"(-546.3726, 0)","delivered":1,"unhandled":1,"startedProcess":5426,"startedPhysics":4114,"unhandledProcess":5427,"process":5428,"physics":4117,"frames":3,"milliseconds":39,"before":{"Position":{"X":-30.02165985107422,"Y":1.1072626113891602,"Z":4.567810535430908},"RotationDegrees":{"X":0,"Y":-12.084315299987793,"Z":0}},"after":{"Position":{"X":-30.02165985107422,"Y":1.1072626113891602,"Z":4.567810535430908},"RotationDegrees":{"X":0,"Y":75.3353042602539,"Z":0}},"focus":false,"mouseMode":"Captured","modal":false,"vehicle":false,"treePaused":false,"canProcess":true,"held":null,"validHeld":true,"events":[{"stage":"input","relative":"(-819.55884, 0)","screenRelative":"(-546.3726, 0)","process":5427,"physics":4115,"yaw":-12.084315,"pitch":0},{"stage":"unhandled","relative":"(-819.55884, 0)","screenRelative":"(-546.3726, 0)","process":5427,"physics":4115,"yaw":75.335304,"pitch":0}]}
act1-carry: check one ordinary mouse event is delivered and applies the requested carry turn within the unchanged .15 degree tolerance
act1-carry: check reach the woodpile view by walking onto the actual upper landing: actual input (-30.02166, 1.1072626, 4.5678105) -> (-31.032118, 1.4112829, 4.303371); no teleport/recovery; goal (-31.096355, 1.4110625, 4.286577)
act1-carry: check woodpile route settles on a real support with an unobstructed standing capsule (stableFrames=3 canStand=True feet=(-31.032118, 1.4112829, 4.303371) velocity=(0, 0, 0) onFloor=True)
act1-carry-woodpile-foot: offset=(-0,1,-0,18) owner=/root/Act1CarryInteractionSmokeTest/Act1Demo/Main/ZoneHost/Act1ConnectedWorld/Act1CoreWorldGreybox/BabaiBathhouse/BathEntryLandingBypassBody floor=(-31.230272, 1.4110625, 4.359357)
act1-carry: check both feet stand on the real upper landing, not terrain beneath it or a selected roof
act1-carry-woodpile-foot: offset=(-0,1,0) owner=/root/Act1CarryInteractionSmokeTest/Act1Demo/Main/ZoneHost/Act1ConnectedWorld/Act1CoreWorldGreybox/BabaiBathhouse/BathEntryLandingBypassBody floor=(-31.055082, 1.4110625, 4.4006977)
act1-carry: check both feet stand on the real upper landing, not terrain beneath it or a selected roof
act1-carry-woodpile-foot: offset=(-0,1,0,18) owner=/root/Act1CarryInteractionSmokeTest/Act1Demo/Main/ZoneHost/Act1ConnectedWorld/Act1CoreWorldGreybox/BabaiBathhouse/BathEntryLandingBypassBody floor=(-30.879894, 1.4110625, 4.4420385)
act1-carry: check both feet stand on the real upper landing, not terrain beneath it or a selected roof
act1-carry-woodpile-foot: offset=(0,-0,18) owner=/root/Act1CarryInteractionSmokeTest/Act1Demo/Main/ZoneHost/Act1ConnectedWorld/Act1CoreWorldGreybox/BabaiBathhouse/BathEntryLandingBypassBody floor=(-31.207304, 1.4110625, 4.2620296)
act1-carry: check both feet stand on the real upper landing, not terrain beneath it or a selected roof
act1-carry-woodpile-foot: offset=(0,0) owner=/root/Act1CarryInteractionSmokeTest/Act1Demo/Main/ZoneHost/Act1ConnectedWorld/Act1CoreWorldGreybox/BabaiBathhouse/BathEntryLandingBypassBody floor=(-31.032116, 1.4110625, 4.3033705)
act1-carry: check both feet stand on the real upper landing, not terrain beneath it or a selected roof
act1-carry-woodpile-foot: offset=(0,0,18) owner=/root/Act1CarryInteractionSmokeTest/Act1Demo/Main/ZoneHost/Act1ConnectedWorld/Act1CoreWorldGreybox/BabaiBathhouse/BathEntryLandingBypassBody floor=(-30.856928, 1.4110625, 4.3447113)
act1-carry: check both feet stand on the real upper landing, not terrain beneath it or a selected roof
act1-carry-woodpile-foot: offset=(0,1,-0,18) owner=/root/Act1CarryInteractionSmokeTest/Act1Demo/Main/ZoneHost/Act1ConnectedWorld/Act1CoreWorldGreybox/BabaiBathhouse/BathEntryLandingBypassBody floor=(-31.18434, 1.4110625, 4.164704)
act1-carry: check both feet stand on the real upper landing, not terrain beneath it or a selected roof
act1-carry-woodpile-foot: offset=(0,1,0) owner=/root/Act1CarryInteractionSmokeTest/Act1Demo/Main/ZoneHost/Act1ConnectedWorld/Act1CoreWorldGreybox/BabaiBathhouse/BathEntryLandingBypassBody floor=(-31.009151, 1.4110625, 4.2060437)
act1-carry: check both feet stand on the real upper landing, not terrain beneath it or a selected roof
act1-carry-woodpile-foot: offset=(0,1,0,18) owner=/root/Act1CarryInteractionSmokeTest/Act1Demo/Main/ZoneHost/Act1ConnectedWorld/Act1CoreWorldGreybox/BabaiBathhouse/BathEntryLandingBypassBody floor=(-30.833961, 1.4110625, 4.2473845)
act1-carry: check both feet stand on the real upper landing, not terrain beneath it or a selected roof
act1-carry: check the stair approach preserves actual custody and the complete held-object pose
act1-carry-woodpile-landing: feet=(-31.032118, 1.4112829, 4.303371) bathLocal=(3.69841, 0.00022041798, 1.9063778) camera=[X: (0.008339384, 0, -0.99996525), Y: (-0.9881323, 0.15338384, -0.0082407), Z: (0.1533785, 0.98816675, 0.0012791266), O: (-31.212109, 3.1097503, 4.30187)] target=/root/Act1CarryInteractionSmokeTest/Act1Demo/Main/ZoneHost/Act1ConnectedWorld/CarryCoordinator/Carryable_carry-axe targetPoint=(-31.6, 0.6090371, 4.3) centerDistance=2,5306184 rayOwner=/root/Act1CarryInteractionSmokeTest/Act1Demo/Main/ZoneHost/Act1ConnectedWorld/CarryCoordinator/Carryable_carry-axe held= validHeld=True
act1-carry: check the real 2.7m interaction ray from the walked landing reaches the actual snow or axe before any stair collider
act1-carry: check uncovered axe can be taken
act1-carry: check the return turn uses captured ordinary mouse input
act1-carry-ordinary-turn: {"label":"return from the woodpile along the same supported side of the bath steps","ready":true,"requestedYaw":-103.19039,"yawDelta":167.28741,"expectedScreenRelative":"(-1045.5464, -507.3568)","deliveredScreenTotal":"(-1045.5464, -507.3568)","delivered":1,"unhandled":1,"startedProcess":5505,"startedPhysics":4172,"unhandledProcess":5506,"process":5507,"physics":4174,"frames":3,"milliseconds":35,"before":{"Position":{"X":-31.03211784362793,"Y":1.4112828969955444,"Z":4.303370952606201},"RotationDegrees":{"X":-81.17708587646484,"Y":89.52217864990234,"Z":0}},"after":{"Position":{"X":-31.03211784362793,"Y":1.4112828969955444,"Z":4.303370952606201},"RotationDegrees":{"X":0,"Y":-103.19039916992188,"Z":0}},"focus":false,"mouseMode":"Captured","modal":false,"vehicle":false,"treePaused":false,"canProcess":true,"held":"[X: (0.46902454, 0, -0.88318515), Y: (0, 1, 0), Z: (0.88318515, 0, 0.46902454), O: (-30.09745, 2.6712718, 4.5224304)]","validHeld":true,"events":[{"stage":"input","relative":"(-1568.3195, -761.03516)","screenRelative":"(-1045.5464, -507.3568)","process":5506,"physics":4172,"yaw":89.52218,"pitch":-81.17708587646484},{"stage":"unhandled","relative":"(-1568.3195, -761.03516)","screenRelative":"(-1045.5464, -507.3568)","process":5506,"physics":4172,"yaw":-103.1904,"pitch":0}]}
act1-carry: check one ordinary mouse event is delivered and applies the requested carry turn within the unchanged .15 degree tolerance
act1-carry: check return from the woodpile along the same supported side of the bath steps: actual input (-31.032118, 1.4112829, 4.303371) -> (-30.093637, 1.1678454, 4.523325); no teleport/recovery; goal (-30.01603, 1.4110625, 4.5415125)
act1-carry: check the return turn uses captured ordinary mouse input
act1-carry-ordinary-turn: {"label":"return to the original lower stair flight with the same carried item","ready":true,"requestedYaw":170.65367,"yawDelta":-86.15619,"expectedScreenRelative":"(538.4762, 0)","deliveredScreenTotal":"(538.4762, 0)","delivered":1,"unhandled":1,"startedProcess":5527,"startedPhysics":4195,"unhandledProcess":5528,"process":5529,"physics":4197,"frames":3,"milliseconds":31,"before":{"Position":{"X":-30.093637466430664,"Y":1.167845368385315,"Z":4.523324966430664},"RotationDegrees":{"X":0,"Y":-103.19015502929688,"Z":0}},"after":{"Position":{"X":-30.093637466430664,"Y":1.167845368385315,"Z":4.523324966430664},"RotationDegrees":{"X":0,"Y":170.65362548828125,"Z":0}},"focus":false,"mouseMode":"Captured","modal":false,"vehicle":false,"treePaused":false,"canProcess":true,"held":"[X: (0.46902454, 0, -0.88318515), Y: (0, 1, 0), Z: (0.88318515, 0, 0.46902454), O: (-30.249542, 2.427845, 5.4705772)]","validHeld":true,"events":[{"stage":"input","relative":"(807.71423, 0)","screenRelative":"(538.4762, 0)","process":5528,"physics":4195,"yaw":-103.190155,"pitch":0},{"stage":"unhandled","relative":"(807.71423, 0)","screenRelative":"(538.4762, 0)","process":5528,"physics":4195,"yaw":170.65363,"pitch":0}]}
act1-carry: check one ordinary mouse event is delivered and applies the requested carry turn within the unchanged .15 degree tolerance
act1-carry: check return to the original lower stair flight with the same carried item: actual input (-30.093637, 1.1678454, 4.523325) -> (-30.264523, 1.1086377, 5.5880013); no teleport/recovery; goal (-30.282448, 1.4110625, 5.6705036)
act1-carry: check the return turn uses captured ordinary mouse input
act1-carry-ordinary-turn: {"label":"descend the actual bath stairs back to their ground approach","ready":true,"requestedYaw":-107.36435,"yawDelta":84.89404,"expectedScreenRelative":"(-530.58777, 0)","deliveredScreenTotal":"(-530.58777, 0)","delivered":1,"unhandled":1,"startedProcess":5574,"startedPhysics":4220,"unhandledProcess":5575,"process":5576,"physics":4221,"frames":3,"milliseconds":25,"before":{"Position":{"X":-30.264522552490234,"Y":1.1086376905441284,"Z":5.588001251220703},"RotationDegrees":{"X":0,"Y":167.74159240722656,"Z":0}},"after":{"Position":{"X":-30.264522552490234,"Y":1.1086376905441284,"Z":5.588001251220703},"RotationDegrees":{"X":0,"Y":-107.36434936523438,"Z":0}},"focus":false,"mouseMode":"Captured","modal":false,"vehicle":false,"treePaused":false,"canProcess":true,"held":"[X: (0.46902454, 0, -0.88318515), Y: (0, 1, 0), Z: (0.88318515, 0, 0.46902454), O: (-29.348278, 2.3686376, 5.8745093)]","validHeld":true,"events":[{"stage":"input","relative":"(-795.8816, 0)","screenRelative":"(-530.58777, 0)","process":5575,"physics":4220,"yaw":167.7416,"pitch":0},{"stage":"unhandled","relative":"(-795.8816, 0)","screenRelative":"(-530.58777, 0)","process":5575,"physics":4220,"yaw":-107.36435,"pitch":0}]}
act1-carry: check one ordinary mouse event is delivered and applies the requested carry turn within the unchanged .15 degree tolerance
act1-carry: check descend the actual bath stairs back to their ground approach: actual input (-30.264523, 1.1086377, 5.5880013) -> (-29.177156, 0.6569304, 5.92801); no teleport/recovery; goal (-29.133991, 0.6949753, 5.941516)
act1-carry: check woodpile route settles on a real support with an unobstructed standing capsule (stableFrames=3 canStand=True feet=(-29.177156, 0.6569304, 5.92801) velocity=(0, 0, 0) onFloor=True)
act1-carry: check the woodpile return ends grounded with the same real item and valid full-body carry pose
SaveGameV3 written to /Users/unterlantas/Library/Application Support/Godot/app_userdata/URMAN/savegames/carry-cleared-held.savegame-v3.json
act1-carry: check cleared yard and held object saved together
zone-loaded: village_day@arrival connected-world=116886869444
SaveGameV3 restored.
act1-carry: check load pristine snapshot
act1-carry: check missing deviations reset transforms, custody, concealment and snow
zone-loaded: village_day@arrival connected-world=116886869444
SaveGameV3 restored.
act1-carry: check load cleared/held snapshot
act1-carry: check restored held find is visible and the physical snow clearing persists
act1-carry: check optional physical work grants no story transition
act1-carry: local camera fixture (-30, 0.89963067, 8.85) target=(-30, 0.87630934, 7.6) side=(0, 0, 1) reach=1,25
act1-carry: check hands free before the lamp
act1-carry: local camera fixture (-26.566734, 0.29188955, -1.4240801) target=(-26.566734, 0.85489476, -2.6740801) side=(0, 0, 1) reach=1,25
act1-carry: check an unlit authored detail offers no reading
act1-carry: check the dark reading grants no knowledge
act1-carry: check the dark reading names what is missing
act1-carry: local camera fixture (-31.529999, 0.40160266, 2.79) target=(-31.529999, 1.2797437, 1.54) side=(0, 0, 1) reach=1,25
act1-carry: check the lamp is physically carried
act1-carry: local camera fixture (-30.2, 0.38920382, 3.45) target=(-30.2, 0.28222552, 2.2) side=(0, 0, 1) reach=1,25
act1-carry: check ordinary interact switches the carried lamp
act1-carry: local camera fixture (-26.566734, 0.29188955, -1.4240801) target=(-26.566734, 0.85489476, -2.6740801) side=(0, 0, 1) reach=1,25
act1-carry: check a lit lantern opens the authored reading
[20] journal.changed: urman.chapter1:interaction/discover-babai-yard-porch-paint-tin
SaveGameV3 written to /Users/unterlantas/Library/Application Support/Godot/app_userdata/URMAN/savegames/checkpoint.savegame-v3.json
checkpoint: auto-saved at urman.chapter1:scene/arrival_vehicle_dusk
act1-carry: check the lit detail grants its authored knowledge
act1-carry: check the lit reading writes one journal card
act1-carry: local camera fixture (-26.58907, 0.3256182, -2.2666996) target=(-26.58907, 1.6396722, -3.5166996) side=(0, 0, 1) reach=1,25
act1-carry: check the carried lamp opens the second reading
act1-carry: check a wall between the lamp and the mark blocks the reading
act1-carry: check removing the wall restores the reading
act1-carry: local camera fixture (-26.58907, 0.28532678, -1.0666995) target=(-26.58907, 0.35174295, -2.3166995) side=(0, 0, 1) reach=1,25
act1-carry: check supported placement: 
act1-carry: check mapped placement commits checked transform
act1-carry: check a lamp left standing keeps burning with free hands
act1-carry: local camera fixture (-26.58907, 0.2921937, -1.5166996) target=(-26.58907, 1.6396722, -3.5166996) side=(0, 0, 1) reach=2
act1-carry: check the standing lamp lights the second reading
[28] journal.changed: urman.chapter1:interaction/discover-babai-yard-entry-wall-joint
SaveGameV3 written to /Users/unterlantas/Library/Application Support/Godot/app_userdata/URMAN/savegames/checkpoint.savegame-v3.json
checkpoint: auto-saved at urman.chapter1:scene/arrival_vehicle_dusk
act1-carry: check the second lit reading grants its knowledge
SaveGameV3 written to /Users/unterlantas/Library/Application Support/Godot/app_userdata/URMAN/savegames/carry-light.savegame-v3.json
act1-carry: check lit yard saved with both readings
zone-loaded: village_day@arrival connected-world=116886869444
SaveGameV3 restored.
act1-carry: check load the lit snapshot
act1-carry: check both light readings and the standing lamp survive the save/load
zone-loaded: village_day@arrival connected-world=116886869444
SaveGameV3 new game session started; existing slots untouched.
act1-carry: check new runtime session on persistent world
act1-carry: check New Game clears local consequences and re-registers custody
act1-carry: local camera fixture (-33.42394, 0.8331761, 4.706752) target=(-32.17394, 0.74158806, 4.706752) side=(-1, 0, 0) reach=1,25
act1-carry: check pickup still works after New Game registration
act1-carry: PASS 320 meaningful local checks; no human duration/art claim
userdata guard: original files and permissions restored and verified
