Godot Engine v4.7.1.stable.mono.official.a13da4feb - https://godotengine.org
Metal 4.0 - Forward+ - Using Device #0: Apple - Apple M4 Pro (Apple9)

act1-river: ice_slabs=31 blockers=29 road_gap_samples=2 bridge=broken@(15,-85)
village-chimney: /root/Act1CarryInteractionSmokeTest/Act1Demo/Main/ZoneHost/Act1ConnectedWorld/Act1CoreWorldGreybox/Act1AuthoredExteriorKitPresentation/ArrivalAuthoredParcels/ArrivalForwardWestFacade/DwellingFacade_TimberPlaster/DwellingFacade_ChimneyCap_LOD0 top=(-10.2875, 4.7722464, 2.3450005)
village-chimney: /root/Act1CarryInteractionSmokeTest/Act1Demo/Main/ZoneHost/Act1ConnectedWorld/Act1CoreWorldGreybox/Act1AuthoredExteriorKitPresentation/DistantPerimeterParcels/WestArrivalNearParcel/WestArrivalNearFacade/DwellingFacade_TimberPlaster/DwellingFacade_ChimneyCap_LOD0 top=(-19.730013, 3.9641316, 15.965501)
act1-terrain-room-cut: room=/root/Act1CarryInteractionSmokeTest/Act1Demo/Main/ZoneHost/Act1ConnectedWorld/babay-abi-house half=(4, 3.5) affectedTriangles=48 clippedVertices=49980 publishedVertices=49980 physicsVertices=49980 visualAndPhysics=shared-published-faces
act1-apron-room-cut: mesh=/root/Act1CarryInteractionSmokeTest/Act1Demo/Main/ZoneHost/Act1ConnectedWorld/Act1CoreWorldGreybox/AgentBExteriorWorld/AgentB_TerrainRoadKit/URMAN_AgentB_TerrainRoadKit/Apron_BabaiYard affectedTriangles=11 clippedVertices=123 surfaces=1 collision=existing-terrain-owner
act1-south-fence-house-junction: wallX=-33.5880 retainedMembers=13 retiredPostsAndCaps=10 supportedWestWing=2.4920m
act1-drain-bank-conform: mesh=/root/Act1CarryInteractionSmokeTest/Act1Demo/Main/ZoneHost/Act1ConnectedWorld/Act1CoreWorldGreybox/AgentBExteriorWorld/AgentB_TerrainRoadKit/URMAN_AgentB_TerrainRoadKit/BabaiYard_EastFenceSwale originalTriangles=78 affectedTriangles=35 outputTriangles=3543 groundOwner=unchanged
act1-mosque-terrain-cut: affectedTriangles=70 publishedVertices=49980 physicsVertices=49980 sameOwner=true
act1-school-bank-cut: mesh=/root/Act1CarryInteractionSmokeTest/Act1Demo/Main/ZoneHost/Act1ConnectedWorld/Act1CoreWorldGreybox/AgentBExteriorWorld/AgentB_TerrainRoadKit/URMAN_AgentB_TerrainRoadKit/Ditch_FieldBank_EastZirat room=/root/Act1CarryInteractionSmokeTest/Act1Demo/Main/ZoneHost/Act1ConnectedWorld/Act1CoreWorldGreybox/Act1AuthoredExteriorKitPresentation/DistantPerimeterParcels/EastReturnMidParcel/EastReturnMidFacade/PublicInterior_school/MainRoom half=(2.5154998, 2.3804996) affectedTriangles=20 clippedVertices=486 publishedVertices=486 floorY=-0.0049708784 collision=unchanged-existing-terrain-and-timber-floor
act1-council-fence-format: source=urman_village_exterior_kit_Cube_040 vertices=96 normals=96 uv=96 tangents=384 colors=0 uv2=0 lods=0 sourceFormat=536875031 publishedFormat=4119
act1-council-fence-format: source=urman_village_exterior_kit_FenceSegment_RailMiddle_Crooked_LOD0Mesh vertices=48 normals=48 uv=0 tangents=192 colors=0 uv2=0 lods=0 sourceFormat=536875015 publishedFormat=4103
act1-council-fence-format: source=urman_village_exterior_kit_Cube_039 vertices=96 normals=96 uv=96 tangents=384 colors=0 uv2=0 lods=0 sourceFormat=536875031 publishedFormat=4119
act1-council-fence-junction: fence=/root/Act1CarryInteractionSmokeTest/Act1Demo/Main/ZoneHost/Act1ConnectedWorld/Act1CoreWorldGreybox/Act1AuthoredExteriorKitPresentation/DistantPerimeterParcels/EastStreetHorizonParcel/EastStreetHorizonFence wall=/root/Act1CarryInteractionSmokeTest/Act1Demo/Main/ZoneHost/Act1ConnectedWorld/Act1CoreWorldGreybox/Act1AuthoredExteriorKitPresentation/DistantPerimeterParcels/EastStreetHorizonParcel/EastStreetHorizonFacade/VillageParcel_VariantA_TimberGable_Dwelling/VariantA_TimberGable_Dwelling_SeniRear_Wall_LOD0 localCutZ=-4.4 hiddenMembers=4 trimmedRails=3 retainedMembers=8 sourceAsset=unchanged
act1-roadside-grounding: independent contact meshes=34; source meshes and usable footbridge preserved
act1-kit-blockers: placements=100 shapes=1579 carved_door_slabs=101 flat_slab_skipped=2469 exact_architecture_surfaces=911 hidden_skipped=7 road_clearance_skipped=0
act1-dwelling-threshold: placements=83 worst_analytic_vs_collision_delta=0.028m worst_placement=ArrivalForwardEastShed
act1-building-supports: supported foundations=137; maximum ground drop=1.136m; level entrances preserved
act1-council-fence-contacts: retainedSourceContacts=0 hiddenMemberContacts=0 newBodyOwners=0
zone-loaded: village_day@arrival connected-world=109404229562
УРМАН Godot vertical slice ready: Painterly Low-Poly / first person
act1-smoke: background input replay; focus-loss pause isolated from this test scene
act1-window-surrounds: painted=1020
act1-legacy-sign: suppressed=1
zone-loaded: village_day@arrival connected-world=109404229562
SaveGameV3 new game session started; existing slots untouched.
act1-carry: check ordinary New Game
act1-intro: confirmed with E
act1-carry: check debug-off normal controls after intro
SaveGameV3 written to /Users/unterlantas/Library/Application Support/Godot/app_userdata/URMAN/savegames/carry-pristine.savegame-v3.json
act1-carry: check pristine reachable snapshot
act1-carry: check explicit local proof scope: full
act1-carry: local stance refused feet=(-32.17394, 0.5594057, 3.4567518) target=(-32.17394, 0.74158806, 4.706752) direction=(0, 0, -1) phase=standing-capsule
act1-carry: local stance refused feet=(-32.17394, 0.8437785, 5.956752) target=(-32.17394, 0.74158806, 4.706752) direction=(0, 0, 1) phase=standing-capsule
act1-carry: local camera fixture (-33.42394, 0.8332816, 4.706752) target=(-32.17394, 0.74158806, 4.706752)
act1-carry: check six terrain-resting carry items use the shared authored support owner
act1-carry: check carry-log authored full body is clear of terrain, woodpile and neighbouring solids: ; pose=[X: (0.90124553, -0.16354421, -0.40126038), Y: (0.12671697, 0.9850308, -0.11686417), Z: (0.41436628, 0.05447681, 0.9084784), O: (-32.17394, 0.67658806, 4.706752)]
act1-carry: check carry-log has actual ground support across 9 footprint samples, gaps 0.0030–0.0030m
act1-carry: check carry-crate authored full body is clear of terrain, woodpile and neighbouring solids: ; pose=[X: (0.9776721, 0.031176694, 0.20781063), Y: (-0.011615854, 0.9954389, -0.09469197), Z: (-0.20981497, 0.0901638, 0.973575), O: (-27.5, 0.3315878, 2.8)]
act1-carry: check carry-crate has actual ground support across 12 footprint samples, gaps 0.0030–0.0059m
act1-carry: check carry-bucket authored full body is clear of terrain, woodpile and neighbouring solids: ; pose=[X: (0.98839056, 0.061550256, -0.13890925), Y: (-0.05954554, 0.9980533, 0.018545846), Z: (0.13978034, -0.010059113, 0.9901315), O: (-26.6, 0.26607022, 0.2)]
act1-carry: check carry-bucket has actual ground support across 9 footprint samples, gaps 0.0030–0.0069m
act1-carry: check carry-axe authored full body is clear of terrain, woodpile and neighbouring solids: ; pose=[X: (0.46482128, -0.14040194, -0.8742016), Y: (0.06272975, 0.99008816, -0.12566002), Z: (0.88317955, 0.0035709962, 0.46902144), O: (-31.6, 0.5715371, 4.3)]
act1-carry: check carry-axe has actual ground support across 9 footprint samples, gaps 0.0030–0.0033m
act1-carry: check carry-tool-shovel authored full body is clear of terrain, woodpile and neighbouring solids: ; pose=[X: (-0.104479425, -0.030640919, -0.9940549), Y: (-0.04023672, 0.9988371, -0.026559275), Z: (0.9937128, 0.037222613, -0.10559083), O: (-27.6, 0.22954099, 0.9)]
act1-carry: check carry-tool-shovel has actual ground support across 9 footprint samples, gaps 0.0030–0.0030m
act1-carry: check carry-tool-pole authored full body is clear of terrain, woodpile and neighbouring solids: ; pose=[X: (0.97797006, -0.019051604, -0.20787396), Y: (-0.002224457, 0.99481875, -0.10164018), Z: (0.20873332, 0.09986346, 0.9728606), O: (-28.1, 0.45865598, 4.2)]
act1-carry: check carry-tool-pole has actual ground support across 30 footprint samples, gaps 0.0030–0.0050m
act1-carry: check off-centre board end keeps its support occupied
act1-carry: check adjacent support is not falsely treated as under the board
state-final-render-sync-begin: label=carry/01_log_and_yard tick=29598 drawn=17 process=17 physics=42 windowVisible=True focus=True mode=Windowed renderLoop=True
state-final-render-sync-end: label=carry/01_log_and_yard milliseconds=13 forcedScreenshotRender=False
act1-carry-capture-save-begin: /Users/unterlantas/Documents/GitHub/URMAN/docs/production/act1_takeover_evidence_2026-09-16/images-carry-24/01_log_and_yard.png
act1-carry: check real camera capture 01_log_and_yard
act1-carry: check layer-2 wall blocks pickup and aim
act1-carry: check the narrow opening leaves the actual pickup ray on the visible prop
act1-carry: check an opening narrower than the prop rejects pickup without moving it or transferring custody
state-final-render-sync-begin: label=carry/01b_narrow_pickup_opening_refused tick=29983 drawn=38 process=38 physics=65 windowVisible=True focus=True mode=Windowed renderLoop=True
state-final-render-sync-end: label=carry/01b_narrow_pickup_opening_refused milliseconds=10 forcedScreenshotRender=False
act1-carry-capture-save-begin: /Users/unterlantas/Documents/GitHub/URMAN/docs/production/act1_takeover_evidence_2026-09-16/images-carry-24/01b_narrow_pickup_opening_refused.png
act1-carry: check real camera capture 01b_narrow_pickup_opening_refused
act1-carry: check aimed pickup commits one held item
state-final-render-sync-begin: label=carry/02_held_log tick=30170 drawn=42 process=42 physics=76 windowVisible=True focus=True mode=Windowed renderLoop=True
state-final-render-sync-end: label=carry/02_held_log milliseconds=10 forcedScreenshotRender=False
act1-carry-capture-save-begin: /Users/unterlantas/Documents/GitHub/URMAN/docs/production/act1_takeover_evidence_2026-09-16/images-carry-24/02_held_log.png
act1-carry: check real camera capture 02_held_log
act1-carry: check second simultaneous ownership rejected atomically
act1-carry: check modal blocks take/place/rotate without hidden progress
act1-carry: local stance refused feet=(-33.42394, 0.6888125, 3.0567517) target=(-33.42394, 0.85483235, 4.706752) direction=(0, 0, -1) phase=standing-capsule
act1-carry: local stance refused feet=(-33.42394, 1.0064949, 6.356752) target=(-33.42394, 0.85483235, 4.706752) direction=(0, 0, 1) phase=standing-capsule
act1-carry: local stance refused feet=(-35.07394, 1.065771, 4.706752) target=(-33.42394, 0.85483235, 4.706752) direction=(-1, 0, 0) phase=standing-capsule
act1-carry: local stance refused feet=(-31.77394, 0.65639853, 4.706752) target=(-33.42394, 0.85483235, 4.706752) direction=(1, 0, 0) phase=standing-capsule
act1-carry: local camera fixture (-34.590664, 0.8850574, 3.5400257) target=(-33.42394, 0.85483235, 4.706752)
act1-carry: check the real held log has a clear ordinary placement before the narrow fixture
act1-carry: check record the unchanged supported placement: 
act1-carry: check the fixture fits strictly between the held pose and destination: held=0.7800 destination=1.4913 camera=(-34.463383, 2.5850575, 3.6673048)
act1-carry: check the narrow placement fixture leaves the full held and destination bodies clear
act1-carry: check the narrow placement fixture leaves the full held and destination bodies clear
act1-carry: check the actual placement sightline passes through the visible slot
act1-carry: check the independent full body cast hits a jamb between the two clear endpoint poses
act1-carry: check only the blocked transfer path refuses the same supported destination: Предмет не проходит к этой опоре
act1-carry: check the ordinary HUD previews the concrete refusal reason before input without a saved-state change: [Q] нельзя поставить: Предмет не проходит к этой опоре · [R] повернуть
act1-carry: check mapped placement through the narrow slot preserves the held pose, custody and saved props
state-final-render-sync-begin: label=carry/02a_narrow_placement_refused tick=31831 drawn=209 process=209 physics=175 windowVisible=True focus=True mode=Windowed renderLoop=True
state-final-render-sync-end: label=carry/02a_narrow_placement_refused milliseconds=9 forcedScreenshotRender=False
act1-carry-capture-save-begin: /Users/unterlantas/Documents/GitHub/URMAN/docs/production/act1_takeover_evidence_2026-09-16/images-carry-24/02a_narrow_placement_refused.png
act1-carry: check real camera capture 02a_narrow_placement_refused
act1-carry: check removing only the narrow fixture restores the same ordinary placement: 
act1-carry: local stance refused feet=(-33.42394, 0.72446716, 3.4567518) target=(-33.42394, 0.85483235, 4.706752) direction=(0, 0, -1) phase=standing-capsule
act1-carry: local stance refused feet=(-33.42394, 0.9725199, 5.956752) target=(-33.42394, 0.85483235, 4.706752) direction=(0, 0, 1) phase=standing-capsule
act1-carry: local camera fixture (-34.67394, 0.98964584, 4.706752) target=(-33.42394, 0.85483235, 4.706752)
act1-carry: check supported placement: 
act1-carry: check mapped placement commits checked transform
act1-carry: check placement restores physical body
act1-carry: local stance refused feet=(-33.408432, 0.722508, 3.4567275) target=(-33.408432, 0.92354953, 4.7067275) direction=(0, 0, -1) phase=standing-capsule
act1-carry: local stance refused feet=(-33.408432, 0.9709239, 5.9567275) target=(-33.408432, 0.92354953, 4.7067275) direction=(0, 0, 1) phase=standing-capsule
act1-carry: local camera fixture (-34.658432, 0.9874253, 4.7067275) target=(-33.408432, 0.92354953, 4.7067275)
act1-carry: check placed thing can be taken again
act1-carry: local stance refused feet=(-33.42394, 0.72446716, 3.4567518) target=(-33.42394, 0.85483235, 4.706752) direction=(0, 0, -1) phase=standing-capsule
act1-carry: local stance refused feet=(-33.42394, 0.9725199, 5.956752) target=(-33.42394, 0.85483235, 4.706752) direction=(0, 0, 1) phase=standing-capsule
act1-carry: local camera fixture (-34.67394, 0.98964584, 4.706752) target=(-33.42394, 0.85483235, 4.706752)
act1-carry: check supported placement: 
act1-carry: check mapped placement commits checked transform
act1-carry: local camera fixture (-26.6, 0.2845291, -1.05) target=(-26.6, 0.47607023, 0.2)
act1-carry: check the bucket also leaves its actual authored rest through the shared full-volume pickup
act1-carry: local camera fixture (-26.6, 0.2845291, -1.05) target=(-26.6, 0.2848633, 0.2)
act1-carry: check supported placement: 
act1-carry: check mapped placement commits checked transform
act1-carry: check setting the bucket back restores its real body and world custody
state-final-render-sync-begin: label=carry/02b_bucket_back_on_ground tick=33080 drawn=305 process=305 physics=250 windowVisible=True focus=True mode=Windowed renderLoop=True
state-final-render-sync-end: label=carry/02b_bucket_back_on_ground milliseconds=9 forcedScreenshotRender=False
act1-carry-capture-save-begin: /Users/unterlantas/Documents/GitHub/URMAN/docs/production/act1_takeover_evidence_2026-09-16/images-carry-24/02b_bucket_back_on_ground.png
act1-carry: check real camera capture 02b_bucket_back_on_ground
act1-carry: local camera fixture (-27.5, 0.2487906, 1.55) target=(-27.5, 0.5215878, 2.8)
act1-carry: check carry the reusable crate stand to another place
act1-carry: local stance refused feet=(-30.4, 0.6510763, 5.35) target=(-30.4, 0.796319, 6.6) direction=(0, 0, -1) phase=standing-capsule
act1-carry: local camera fixture (-30.4, 0.89801633, 7.85) target=(-30.4, 0.796319, 6.6)
act1-carry: check the previously rejected sloping patch still requires a level support
act1-carry: check the ordinary HUD previews the concrete refusal reason before input without a saved-state change: [Q] нельзя поставить: Край предмета останется без опоры · [R] повернуть
state-final-render-sync-begin: label=carry/07_preview_uneven_crate tick=33483 drawn=322 process=322 physics=274 windowVisible=True focus=True mode=Windowed renderLoop=True
state-final-render-sync-end: label=carry/07_preview_uneven_crate milliseconds=21 forcedScreenshotRender=False
act1-carry-capture-save-begin: /Users/unterlantas/Documents/GitHub/URMAN/docs/production/act1_takeover_evidence_2026-09-16/images-carry-24/07_preview_uneven_crate.png
act1-carry: check real camera capture 07_preview_uneven_crate
act1-carry: check refused uneven placement preserves the carried crate before trying a level patch
act1-carry: local stance refused feet=(-27, 0.3992929, 3.25) target=(-27, 0.5099174, 4.5) direction=(0, 0, -1) phase=standing-capsule
act1-carry: local camera fixture (-27, 0.6052689, 5.75) target=(-27, 0.5099174, 4.5)
act1-carry: check supported placement: 
act1-carry: check the ordinary HUD previews supported placement before input without a saved-state change: [Q] поставить здесь · [R] повернуть
state-final-render-sync-begin: label=carry/07_preview_supported_crate tick=35526 drawn=436 process=436 physics=396 windowVisible=True focus=True mode=Windowed renderLoop=True
state-final-render-sync-end: label=carry/07_preview_supported_crate milliseconds=15 forcedScreenshotRender=False
act1-carry-capture-save-begin: /Users/unterlantas/Documents/GitHub/URMAN/docs/production/act1_takeover_evidence_2026-09-16/images-carry-24/07_preview_supported_crate.png
act1-carry: check real camera capture 07_preview_supported_crate
act1-carry: check mapped placement commits checked transform
act1-carry: local stance refused feet=(-31.529999, 0.23948434, 0.28999996) target=(-31.529999, 1.2797437, 1.54) direction=(0, 0, -1) phase=actual-sightline owner=/root/Act1CarryInteractionSmokeTest/Act1Demo/Main/ZoneHost/Act1ConnectedWorld/Act1CoreWorldGreybox/YardRepairCorner/BackBoard4/SolidContact at=(-31.529999, 1.6204041, 0.9875)
act1-carry: local camera fixture (-31.529999, 0.40160266, 2.79) target=(-31.529999, 1.2797437, 1.54)
act1-carry: check take the same lamp for the moved stand
act1-carry: local stance refused feet=(-27, 0.39780697, 3.2343798) target=(-27, 0.8899763, 4.48438) direction=(0, 0, -1) phase=standing-capsule
act1-carry: local camera fixture (-27, 0.60368127, 5.73438) target=(-27, 0.8899763, 4.48438)
act1-carry: check crate lid supports lamp: 
act1-carry: check lamp rests on the visible crate lid using ordinary placement
act1-carry: local stance refused feet=(-27, 0.39780697, 3.2343798) target=(-27, 0.64297634, 4.48438) direction=(0, 0, -1) phase=standing-capsule
act1-carry: local camera fixture (-27, 0.60368127, 5.73438) target=(-27, 0.64297634, 4.48438)
act1-carry: check occupied portable stand cannot be removed from under its lamp
SaveGameV3 written to /Users/unterlantas/Library/Application Support/Godot/app_userdata/URMAN/savegames/carry-portable-stand.savegame-v3.json
act1-carry: check crate and resting lamp save together
zone-loaded: village_day@arrival connected-world=109404229562
SaveGameV3 restored.
act1-carry: check restore the moved portable stand
act1-carry: check loaded stand retains visible support, lamp position and physical ownership
act1-carry: local stance refused feet=(-27, 0.3978071, 3.2343807) target=(-27, 1.0909762, 4.4843807) direction=(0, 0, -1) phase=standing-capsule
act1-carry: local camera fixture (-27, 0.6036814, 5.7343807) target=(-27, 1.0909762, 4.4843807)
act1-carry: check remove the supported thing before moving the crate again
act1-carry: local stance refused feet=(-27, 0.5099174, 4.5) target=(-27, 0.62804234, 5.75) direction=(0, 0, -1) phase=standing-capsule
act1-carry: local camera fixture (-27, 0.65754163, 7) target=(-27, 0.62804234, 5.75)
act1-carry: check supported placement: 
act1-carry: check mapped placement commits checked transform
act1-carry: local stance refused feet=(-27, 0.39780697, 3.2343798) target=(-27, 0.6999763, 4.48438) direction=(0, 0, -1) phase=standing-capsule
act1-carry: local stance refused feet=(-27, 0.6264547, 5.73438) target=(-27, 0.6999763, 4.48438) direction=(0, 0, 1) phase=standing-capsule
act1-carry: local camera fixture (-28.251097, 0.51088935, 4.484433) target=(-27, 0.6999763, 4.48438)
act1-carry: check carry the reusable crate stand to another place
act1-carry: local stance refused feet=(-27.8, 0.576291, 5.15) target=(-27.8, 0.68592775, 6.4) direction=(0, 0, -1) phase=standing-capsule
act1-carry: local camera fixture (-27.8, 0.74432176, 7.65) target=(-27.8, 0.68592775, 6.4)
act1-carry: check supported placement: 
act1-carry: check mapped placement commits checked transform
act1-carry: local camera fixture (-27, 0.4858443, 4.4834948) target=(-27, 0.8132951, 5.7334948)
act1-carry: check take the same lamp for the moved stand
act1-carry: local stance refused feet=(-27.8, 0.5746819, 5.134168) target=(-27.8, 1.0649114, 6.384168) direction=(0, 0, -1) phase=standing-capsule
act1-carry: local camera fixture (-27.8, 0.74200463, 7.634168) target=(-27.8, 1.0649114, 6.384168)
act1-carry: check crate lid supports lamp: 
act1-carry: check lamp rests on the visible crate lid using ordinary placement
act1-carry: local stance refused feet=(-27.8, 0.5746819, 5.134168) target=(-27.8, 0.81791145, 6.384168) direction=(0, 0, -1) phase=standing-capsule
act1-carry: local camera fixture (-27.8, 0.74200463, 7.634168) target=(-27.8, 0.81791145, 6.384168)
act1-carry: check occupied portable stand cannot be removed from under its lamp
SaveGameV3 written to /Users/unterlantas/Library/Application Support/Godot/app_userdata/URMAN/savegames/carry-portable-stand.savegame-v3.json
act1-carry: check crate and resting lamp save together
zone-loaded: village_day@arrival connected-world=109404229562
SaveGameV3 restored.
act1-carry: check restore the moved portable stand
act1-carry: check loaded stand retains visible support, lamp position and physical ownership
act1-carry: local stance refused feet=(-27.8, 0.5746819, 5.1341677) target=(-27.8, 1.2659116, 6.3841677) direction=(0, 0, -1) phase=standing-capsule
act1-carry: local camera fixture (-27.8, 0.74200463, 7.6341677) target=(-27.8, 1.2659116, 6.3841677)
act1-carry: check remove the supported thing before moving the crate again
act1-carry: local camera fixture (-27, 0.48714393, 4.5) target=(-27, 0.62804234, 5.75)
act1-carry: check supported placement: 
act1-carry: check mapped placement commits checked transform
zone-loaded: village_day@arrival connected-world=109404229562
SaveGameV3 restored.
act1-carry: check each crate access order starts from the ordinary pristine save
act1-carry: check a pristine save has no legacy coordinate deviation and restores the supported exterior crate with world custody
act1-carry: check authored crate corner rests on the actual service planks: (40.943295, -0.33939454, -27.575985), body /root/Act1CarryInteractionSmokeTest/Act1Demo/Main/ZoneHost/Act1ConnectedWorld/Act1CoreWorldGreybox/FapExterior/FapServiceExplorationPresentation/FapServicePathCollision, gap 0.0071m
act1-carry: check authored crate corner rests on the actual service planks: (40.94345, -0.33306694, -26.904015), body /root/Act1CarryInteractionSmokeTest/Act1Demo/Main/ZoneHost/Act1ConnectedWorld/Act1CoreWorldGreybox/FapExterior/FapServiceExplorationPresentation/FapServicePathCollision, gap 0.0030m
act1-carry: check authored crate corner rests on the actual service planks: (42.05655, -0.36704487, -27.575985), body /root/Act1CarryInteractionSmokeTest/Act1Demo/Main/ZoneHost/Act1ConnectedWorld/Act1CoreWorldGreybox/FapExterior/FapServiceExplorationPresentation/FapServicePathCollision, gap 0.0071m
act1-carry: check authored crate corner rests on the actual service planks: (42.056705, -0.36071727, -26.904015), body /root/Act1CarryInteractionSmokeTest/Act1Demo/Main/ZoneHost/Act1ConnectedWorld/Act1CoreWorldGreybox/FapExterior/FapServiceExplorationPresentation/FapServicePathCollision, gap 0.0069m
act1-carry: check the crate access route starts on supported ordinary ground
act1-carry: explicit local start fixture (41.5, -0.27927974, -24.6); subsequent alternative paths use normal input
state-final-render-sync-begin: label=carry/07c_crate_before_walking_around tick=39272 drawn=633 process=633 physics=619 windowVisible=True focus=True mode=Windowed renderLoop=True
state-final-render-sync-end: label=carry/07c_crate_before_walking_around milliseconds=15 forcedScreenshotRender=False
act1-carry-capture-save-begin: /Users/unterlantas/Documents/GitHub/URMAN/docs/production/act1_takeover_evidence_2026-09-16/images-carry-24/07c_crate_before_walking_around.png
act1-carry: check real camera capture 07c_crate_before_walking_around
act1-carry: check the unmoved crate physically prevents the direct crossing
act1-carry: check return from the blocked direct attempt: actual input (41.142063, -0.33201343, -26.54311) -> (41.491055, -0.27493888, -24.650084); no teleport/recovery; goal (41.5, 0, -24.6)
act1-carry: check walk through the open snow beside the service timber path: actual input (41.491055, -0.27493888, -24.650084) -> (43.13486, -0.3672144, -24.60191); no teleport/recovery; goal (43.2, 0, -24.6)
act1-carry: check walk through the open snow beside the service timber path: actual input (43.13486, -0.3672144, -24.60191) -> (43.199013, -0.4537966, -28.34221); no teleport/recovery; goal (43.2, 0, -28.4)
act1-carry: check walk through the open snow beside the service timber path: actual input (43.199013, -0.4537966, -28.34221) -> (41.57105, -0.376772, -28.397741); no teleport/recovery; goal (41.5, 0, -28.4)
act1-carry: check walk through the open snow beside the service timber path: actual input (41.57105, -0.376772, -28.397741) -> (40.8914, -0.36037162, -28.399878); no teleport/recovery; goal (40.8, 0, -28.4)
act1-carry: check the longer walking alternative succeeds with the crate left in the gap
SaveGameV3 written to /Users/unterlantas/Library/Application Support/Godot/app_userdata/URMAN/savegames/carry-gap-alternative.savegame-v3.json
act1-carry: check save at the common destination between solutions
zone-loaded: village_day@arrival connected-world=109404229562
SaveGameV3 restored.
act1-carry: check load between the two access solutions
act1-carry: check save restores the reached exterior destination and the complete crate pose, deviation and custody
act1-carry: check return through the same open snow beside the crate: actual input (40.8914, -0.36037162, -28.399878) -> (41.401543, -0.37261772, -28.39998); no teleport/recovery; goal (41.5, 0, -28.4)
act1-carry: check return through the same open snow beside the crate: actual input (41.401543, -0.37261772, -28.39998) -> (43.102406, -0.45221728, -28.399998); no teleport/recovery; goal (43.2, 0, -28.4)
act1-carry: check return through the same open snow beside the crate: actual input (43.102406, -0.45221728, -28.399998) -> (43.198643, -0.37139738, -24.663488); no teleport/recovery; goal (43.2, 0, -24.6)
act1-carry: check return to the original access decision: actual input (43.198643, -0.37139738, -24.663488) -> (41.57207, -0.27709752, -24.603107); no teleport/recovery; goal (41.5, 0, -24.6)
act1-carry: check approach the service-path crate on foot: actual input (41.57207, -0.27709752, -24.603107) -> (41.505882, -0.31308398, -25.56452); no teleport/recovery; goal (41.5, 0, -25.65)
act1-carry: check take the actual barrier crate with the normal aimed interaction
act1-carry: check carry the crate away from the timber approach: actual input (41.505882, -0.31308398, -25.56452) -> (41.50037, -0.2856909, -24.149652); no teleport/recovery; goal (41.5, 0, -24.1)
act1-carry: check the moved crate is set down on a real supported surface
act1-carry: check return to the timber approach with empty hands: actual input (41.50037, -0.2856909, -24.149652) -> (41.500183, -0.2715939, -24.539404); no teleport/recovery; goal (41.5, 0, -24.6)
act1-carry: check use the direct gap after first learning the walking alternative: actual input (41.500183, -0.2715939, -24.539404) -> (40.812366, -0.35828322, -28.331802); no teleport/recovery; goal (40.8, 0, -28.4)
act1-carry: check return through the now cleared gap: actual input (40.812366, -0.35828322, -28.331802) -> (41.48999, -0.27512476, -24.655985); no teleport/recovery; goal (41.5, 0, -24.6)
act1-carry: check both access orders and the common destination grant no unobserved story knowledge
state-final-render-sync-begin: label=carry/07a_bypass_then_crate tick=49489 drawn=1505 process=1505 physics=1233 windowVisible=True focus=True mode=Windowed renderLoop=True
state-final-render-sync-end: label=carry/07a_bypass_then_crate milliseconds=10 forcedScreenshotRender=False
act1-carry-capture-save-begin: /Users/unterlantas/Documents/GitHub/URMAN/docs/production/act1_takeover_evidence_2026-09-16/images-carry-24/07a_bypass_then_crate.png
act1-carry: check real camera capture 07a_bypass_then_crate
zone-loaded: village_day@arrival connected-world=109404229562
SaveGameV3 restored.
act1-carry: check each crate access order starts from the ordinary pristine save
act1-carry: check a pristine save has no legacy coordinate deviation and restores the supported exterior crate with world custody
act1-carry: check authored crate corner rests on the actual service planks: (40.943295, -0.33939454, -27.575985), body /root/Act1CarryInteractionSmokeTest/Act1Demo/Main/ZoneHost/Act1ConnectedWorld/Act1CoreWorldGreybox/FapExterior/FapServiceExplorationPresentation/FapServicePathCollision, gap 0.0071m
act1-carry: check authored crate corner rests on the actual service planks: (40.94345, -0.33306694, -26.904015), body /root/Act1CarryInteractionSmokeTest/Act1Demo/Main/ZoneHost/Act1ConnectedWorld/Act1CoreWorldGreybox/FapExterior/FapServiceExplorationPresentation/FapServicePathCollision, gap 0.0030m
act1-carry: check authored crate corner rests on the actual service planks: (42.05655, -0.36704487, -27.575985), body /root/Act1CarryInteractionSmokeTest/Act1Demo/Main/ZoneHost/Act1ConnectedWorld/Act1CoreWorldGreybox/FapExterior/FapServiceExplorationPresentation/FapServicePathCollision, gap 0.0071m
act1-carry: check authored crate corner rests on the actual service planks: (42.056705, -0.36071727, -26.904015), body /root/Act1CarryInteractionSmokeTest/Act1Demo/Main/ZoneHost/Act1ConnectedWorld/Act1CoreWorldGreybox/FapExterior/FapServiceExplorationPresentation/FapServicePathCollision, gap 0.0069m
act1-carry: check the crate access route starts on supported ordinary ground
act1-carry: explicit local start fixture (41.5, -0.27927974, -24.6); subsequent alternative paths use normal input
state-final-render-sync-begin: label=carry/07d_crate_before_carrying tick=49992 drawn=1520 process=1520 physics=1262 windowVisible=True focus=True mode=Windowed renderLoop=True
state-final-render-sync-end: label=carry/07d_crate_before_carrying milliseconds=16 forcedScreenshotRender=False
act1-carry-capture-save-begin: /Users/unterlantas/Documents/GitHub/URMAN/docs/production/act1_takeover_evidence_2026-09-16/images-carry-24/07d_crate_before_carrying.png
act1-carry: check real camera capture 07d_crate_before_carrying
act1-carry: check the unmoved crate physically prevents the direct crossing
act1-carry: check return from the blocked direct attempt: actual input (41.14205, -0.33203077, -26.54314) -> (41.49104, -0.27493313, -24.650124); no teleport/recovery; goal (41.5, 0, -24.6)
act1-carry: check approach the service-path crate on foot: actual input (41.49104, -0.27493313, -24.650124) -> (41.499165, -0.31253085, -25.557116); no teleport/recovery; goal (41.5, 0, -25.65)
act1-carry: check take the actual barrier crate with the normal aimed interaction
act1-carry: check carry the crate away from the timber approach: actual input (41.499165, -0.31253085, -25.557116) -> (41.50014, -0.28781554, -24.198751); no teleport/recovery; goal (41.5, 0, -24.1)
act1-carry: check the moved crate is set down on a real supported surface
act1-carry: check return to the timber approach with empty hands: actual input (41.50014, -0.28781554, -24.198751) -> (41.50018, -0.2712572, -24.532055); no teleport/recovery; goal (41.5, 0, -24.6)
act1-carry: check cross the gap after carrying its crate aside: actual input (41.50018, -0.2712572, -24.532055) -> (40.813633, -0.35826892, -28.324675); no teleport/recovery; goal (40.8, 0, -28.4)
act1-carry: check return through the cleared gap: actual input (40.813633, -0.35826892, -28.324675) -> (41.491264, -0.27490276, -24.64894); no teleport/recovery; goal (41.5, 0, -24.6)
act1-carry: check walk through the open snow beside the service timber path: actual input (41.491264, -0.27490276, -24.64894) -> (43.135094, -0.36717826, -24.601858); no teleport/recovery; goal (43.2, 0, -24.6)
act1-carry: check walk through the open snow beside the service timber path: actual input (43.135094, -0.36717826, -24.601858) -> (43.199013, -0.45376045, -28.342186); no teleport/recovery; goal (43.2, 0, -28.4)
act1-carry: check walk through the open snow beside the service timber path: actual input (43.199013, -0.45376045, -28.342186) -> (41.57085, -0.37676665, -28.397732); no teleport/recovery; goal (41.5, 0, -28.4)
act1-carry: check walk through the open snow beside the service timber path: actual input (41.57085, -0.37676665, -28.397732) -> (40.891186, -0.36034575, -28.399878); no teleport/recovery; goal (40.8, 0, -28.4)
SaveGameV3 written to /Users/unterlantas/Library/Application Support/Godot/app_userdata/URMAN/savegames/carry-gap-alternative.savegame-v3.json
act1-carry: check save at the common destination between solutions
zone-loaded: village_day@arrival connected-world=109404229562
SaveGameV3 restored.
act1-carry: check load between the two access solutions
act1-carry: check save restores the reached exterior destination and the complete crate pose, deviation and custody
act1-carry: check return through the same open snow beside the crate: actual input (40.891186, -0.36034575, -28.399878) -> (41.40132, -0.37259185, -28.39998); no teleport/recovery; goal (41.5, 0, -28.4)
act1-carry: check return through the same open snow beside the crate: actual input (41.40132, -0.37259185, -28.39998) -> (43.102196, -0.4521914, -28.399998); no teleport/recovery; goal (43.2, 0, -28.4)
act1-carry: check return through the same open snow beside the crate: actual input (43.102196, -0.4521914, -28.399998) -> (43.19863, -0.37139362, -24.663492); no teleport/recovery; goal (43.2, 0, -24.6)
act1-carry: check return to the original access decision: actual input (43.19863, -0.37139362, -24.663492) -> (41.57205, -0.27618608, -24.603138); no teleport/recovery; goal (41.5, 0, -24.6)
act1-carry: check both access orders and the common destination grant no unobserved story knowledge
state-final-render-sync-begin: label=carry/07b_crate_then_bypass tick=60167 drawn=2375 process=2375 physics=1872 windowVisible=True focus=True mode=Windowed renderLoop=True
state-final-render-sync-end: label=carry/07b_crate_then_bypass milliseconds=23 forcedScreenshotRender=False
act1-carry-capture-save-begin: /Users/unterlantas/Documents/GitHub/URMAN/docs/production/act1_takeover_evidence_2026-09-16/images-carry-24/07b_crate_then_bypass.png
act1-carry: check real camera capture 07b_crate_then_bypass
zone-loaded: village_day@arrival connected-world=109404229562
SaveGameV3 restored.
act1-carry: check restore the yard before independent shovel checks
zone-loaded: village_day@arrival connected-world=109404229562
SaveGameV3 restored.
act1-carry: check board crossing begins from the ordinary pristine save
act1-carry: check the drain starts from a supported, clear nearby stance
act1-carry: explicit drain start fixture (-12.070532, -0.22308865, 8.411092); pickup, approach, crossing and return use normal input
act1-carry: check take the single board from its visible drying battens
act1-carry: check the board can take the workshop's zero-degree orientation in open space
state-final-render-sync-begin: label=carry/08_board_held_zero_yaw tick=61233 drawn=2435 process=2435 physics=1933 windowVisible=True focus=True mode=Windowed renderLoop=True
state-final-render-sync-end: label=carry/08_board_held_zero_yaw milliseconds=9 forcedScreenshotRender=False
act1-carry-capture-save-begin: /Users/unterlantas/Documents/GitHub/URMAN/docs/production/act1_takeover_evidence_2026-09-16/images-carry-24/08_board_held_zero_yaw.png
act1-carry: check real camera capture 08_board_held_zero_yaw
act1-carry: check normal rotation recovers the crossing axis after the board's other use
state-final-render-sync-begin: label=carry/08_board_held_crossing_yaw tick=62165 drawn=2529 process=2529 physics=1989 windowVisible=True focus=True mode=Windowed renderLoop=True
state-final-render-sync-end: label=carry/08_board_held_crossing_yaw milliseconds=10 forcedScreenshotRender=False
act1-carry-capture-save-begin: /Users/unterlantas/Documents/GitHub/URMAN/docs/production/act1_takeover_evidence_2026-09-16/images-carry-24/08_board_held_crossing_yaw.png
act1-carry: check real camera capture 08_board_held_crossing_yaw
act1-carry: check carry the board to the near drain approach: actual input (-12.070532, -0.24671364, 8.411092) -> (-13.548053, -0.12918827, 6.932822); no teleport/recovery; goal (-13.590812, -0.10306046, 6.890812)
act1-carry: check walk up the stone bank with the board: actual input (-13.548053, -0.12918827, 6.932822) -> (-14.478271, 0.586118, 7.78429); no teleport/recovery; goal (-14.545406, 0.06681704, 7.845406)
act1-carry: check an offset plank with one end in the bed is refused
act1-carry: check the failed crossing attempt keeps the held board and its saved state
act1-carry: check the two actual banks accept the ordinary board: 
act1-carry: check free placement makes a physical crossing without a new assembly or quest flag
act1-carry: check board end -1, corner -1 rests on its own visible bank
act1-carry: check board end -1, corner 1 rests on its own visible bank
act1-carry: check board end 1, corner -1 rests on its own visible bank
act1-carry: check board end 1, corner 1 rests on its own visible bank
act1-carry: check surface isolation begins after ordinary camera smoothing settles
state-final-render-sync-begin: label=carry/08a_board_drain_from_approach tick=63814 drawn=2664 process=2664 physics=2088 windowVisible=True focus=True mode=Windowed renderLoop=True
state-final-render-sync-end: label=carry/08a_board_drain_from_approach milliseconds=9 forcedScreenshotRender=False
act1-carry-capture-save-begin: /Users/unterlantas/Documents/GitHub/URMAN/docs/production/act1_takeover_evidence_2026-09-16/images-carry-24/08a_board_drain_from_approach.png
act1-carry: check real camera capture 08a_board_drain_from_approach
act1-visible-strip: 08a_board_drain_from_approach image=1280x720 no-long-green-component-in-current-frame; historical UVs not substituted
act1-carry: check walk onto the plank over the open drain bed: actual input (-14.478271, 0.586118, 7.78429) -> (-15.431949, 0.6272296, 8.732356); no teleport/recovery; goal (-15.5000105, 0.5521173, 8.80001)
act1-carry: check the actual plank supports the player above the channel
act1-carry: check the player cannot remove the crossing from under their own feet
SaveGameV3 written to /Users/unterlantas/Library/Application Support/Godot/app_userdata/URMAN/savegames/carry-drain-on-board.savegame-v3.json
act1-carry: check save the placed board and supported player midway across
act1-carry: check surface isolation begins after ordinary camera smoothing settles
state-final-render-sync-begin: label=carry/08b_board_drain_underfoot tick=64467 drawn=2725 process=2725 physics=2128 windowVisible=True focus=True mode=Windowed renderLoop=True
state-final-render-sync-end: label=carry/08b_board_drain_underfoot milliseconds=10 forcedScreenshotRender=False
act1-carry-capture-save-begin: /Users/unterlantas/Documents/GitHub/URMAN/docs/production/act1_takeover_evidence_2026-09-16/images-carry-24/08b_board_drain_underfoot.png
act1-carry: check real camera capture 08b_board_drain_underfoot
act1-visible-strip: 08b_board_drain_underfoot image=1280x720 no-long-green-component-in-current-frame; historical UVs not substituted
act1-carry: check leave the board over the opposite flush approach: actual input (-15.431949, 0.6272296, 8.732356) -> (-17.355873, 0.18129553, 10.656047); no teleport/recovery; goal (-17.409187, 0.20708954, 10.709188)
act1-carry: check follow the household path north of the existing lateral dwelling: actual input (-17.355873, 0.18129553, 10.656047) -> (-17.394615, 0.17592444, 11.22142); no teleport/recovery; goal (-17.4, 0.19930542, 11.3)
act1-carry: check follow the household path north of the existing lateral dwelling: actual input (-17.394615, 0.17592444, 11.22142) -> (-14.845816, 0.03071908, 11.298637); no teleport/recovery; goal (-14.8, 0.052539192, 11.3)
act1-carry: check follow the household path north of the existing lateral dwelling: actual input (-14.845816, 0.03071908, 11.298637) -> (-10.876176, -0.26630232, 11.2999735); no teleport/recovery; goal (-10.8, -0.2456724, 11.3)
act1-carry: check follow the household path north of the existing lateral dwelling: actual input (-10.876176, -0.26630232, 11.2999735) -> (-7.361534, -0.37415385, 11.299999); no teleport/recovery; goal (-7.3, -0.3522647, 11.3)
act1-carry: check the crossing remains behind after reaching its useful destination
act1-carry: check return from the existing service yard: actual input (-7.361534, -0.37415385, 11.299999) -> (-10.701692, -0.2739247, 11.299898); no teleport/recovery; goal (-10.8, -0.2456724, 11.3)
act1-carry: check return from the existing service yard: actual input (-10.701692, -0.2739247, 11.299898) -> (-14.70157, 0.022824517, 11.299746); no teleport/recovery; goal (-14.8, 0.052539192, 11.3)
act1-carry: check return from the existing service yard: actual input (-14.70157, 0.022824517, 11.299746) -> (-17.352154, 0.17310585, 11.300108); no teleport/recovery; goal (-17.4, 0.19930542, 11.3)
act1-carry: check return to the far bank without moving the plank: actual input (-17.352154, 0.17310585, 11.300108) -> (-17.400963, 0.18190299, 10.792612); no teleport/recovery; goal (-17.409187, 0.20708954, 10.709188)
act1-carry: check cross back on the same real plank: actual input (-17.400963, 0.18190299, 10.792612) -> (-15.542667, 0.62750787, 8.844707); no teleport/recovery; goal (-15.5000105, 0.5521173, 8.80001)
act1-carry: check return down the near bank: actual input (-15.542667, 0.62750787, 8.844707) -> (-13.657798, -0.12014502, 6.957868); no teleport/recovery; goal (-13.590812, -0.10306046, 6.890812)
zone-loaded: village_day@arrival connected-world=109404229562
SaveGameV3 restored.
act1-carry: check reload the snapshot made over the channel
act1-carry: check loading restores the player's physical support and the placed crossing together
act1-carry: check walk off the restored crossing: actual input (-15.431949, 0.6272296, 8.732356) -> (-13.627112, -0.12285111, 6.927121); no teleport/recovery; goal (-13.590812, -0.10306046, 6.890812)
act1-carry: check approach the empty board from the bank: actual input (-13.627112, -0.12285111, 6.927121) -> (-14.481678, 0.5863673, 7.7817054); no teleport/recovery; goal (-14.545406, 0.06681704, 7.845406)
act1-carry: check the empty crossing can be dismantled and its one board reused
act1-carry: check carry the removed plank down the bank: actual input (-14.481678, 0.5863673, 7.7817054) -> (-13.637688, -0.121972494, 6.93769); no teleport/recovery; goal (-13.590812, -0.10306046, 6.890812)
act1-carry: check the return turn uses captured ordinary mouse input
act1-carry-ordinary-turn: {"label":"try the direct return beside the visible gate post","ready":true,"requestedYaw":-133.23387,"yawDelta":-88.234985,"expectedScreenRelative":"(551.4687, 0)","deliveredScreenTotal":"(551.4687, 0)","delivered":1,"unhandled":1,"startedProcess":3606,"startedPhysics":2802,"unhandledProcess":3607,"process":3608,"physics":2804,"frames":3,"milliseconds":31,"before":{"Position":{"X":-13.637687683105469,"Y":-0.12197249382734299,"Z":6.937689781188965},"RotationDegrees":{"X":0,"Y":-44.998897552490234,"Z":0}},"after":{"Position":{"X":-13.637687683105469,"Y":-0.12197249382734299,"Z":6.937689781188965},"RotationDegrees":{"X":0,"Y":-133.23388671875,"Z":0}},"focus":true,"mouseMode":"Captured","modal":false,"vehicle":false,"treePaused":false,"canProcess":true,"held":"[X: (-0.70710677, 0, -0.70710677), Y: (0, 1, 0), Z: (0.70710677, 0, -0.70710677), O: (-12.73261, 1.1380277, 6.0325775)]","validHeld":true,"events":[{"stage":"input","relative":"(827.20294, 0)","screenRelative":"(551.4687, 0)","process":3607,"physics":2802,"yaw":-44.998898,"pitch":0},{"stage":"unhandled","relative":"(827.20294, 0)","screenRelative":"(551.4687, 0)","process":3607,"physics":2802,"yaw":-133.23389,"pitch":0}]}
act1-carry: check one ordinary mouse event is delivered and applies the requested carry turn within the unchanged .15 degree tolerance
act1-carry-held-movement: label=try the direct return beside the visible gate post stalled=3 feet=(-13.472421, -0.13507797, 7.131878) goal=(-12.070532, -0.22308865, 8.411092) input=(0, -1) velocity=(0, 0, 0) camera=[X: (-0.6740479, 0, 0.7386877), Y: (0, 1, 0), Z: (-0.7386877, 0, -0.6740479), O: (-13.339458, 1.5649221, 7.253205)] requested=(2.5115042, 0, 2.2917316) constrained=(0, 0, 0) valid=True revision=46/46; full=[item=carry-board from=(-12.567343, 1.1249223, 6.2267656) cameraDelta=(0.041858405, 0, 0.038195528) start=[]; kind=camera to=(-12.485044, 1.124922, 8.032853) endpoint=[] swept=0.0054 contact=[/root/Act1CarryInteractionSmokeTest/Act1Demo/Main/ZoneHost/Act1ConnectedWorld/Act1CoreWorldGreybox/AgentBExteriorWorld/AgentB_ArchitectureCollision/Col_Gate_HouseA1_PostCapW]; kind=camera to=(-12.618008, 1.124922, 7.9115243) endpoint=[] swept=0.0068 contact=[/root/Act1CarryInteractionSmokeTest/Act1Demo/Main/ZoneHost/Act1ConnectedWorld/Act1CoreWorldGreybox/AgentBExteriorWorld/AgentB_ArchitectureCollision/Col_Gate_HouseA1_PostCapW]; kind=camera to=(-12.743585, 1.124922, 7.7969365) endpoint=[] swept=0.0083 contact=[/root/Act1CarryInteractionSmokeTest/Act1Demo/Main/ZoneHost/Act1ConnectedWorld/Act1CoreWorldGreybox/AgentBExteriorWorld/AgentB_ArchitectureCollision/Col_Gate_HouseA1_PostCapW]; kind=camera to=(-12.633334, 1.124922, 8.195364) endpoint=[] swept=0.0054 contact=[/root/Act1CarryInteractionSmokeTest/Act1Demo/Main/ZoneHost/Act1ConnectedWorld/Act1CoreWorldGreybox/AgentBExteriorWorld/AgentB_ArchitectureCollision/Col_Gate_HouseA1_PostCapW]; kind=camera to=(-12.336753, 1.124922, 7.870342) endpoint=[] swept=0.0054 contact=[/root/Act1CarryInteractionSmokeTest/Act1Demo/Main/ZoneHost/Act1ConnectedWorld/Act1CoreWorldGreybox/AgentBExteriorWorld/AgentB_ArchitectureCollision/Col_Gate_HouseA1_PostCapW]; retained accepted=False reason=sweep-blocked ownerAnchor=(-13.472421, -0.13507797, 7.131878) ownerFeet=(-13.472421, -0.13507797, 7.131878) horizontalReach=1.28000/1.35000 heightDifference=0.00000/0.25000; kind=retained to=(-12.525484, 1.1249223, 6.2649612) endpoint=[/root/Act1CarryInteractionSmokeTest/Act1Demo/Main/ZoneHost/Act1ConnectedWorld/Act1CoreWorldGreybox/AgentBExteriorWorld/AgentB_ArchitectureCollision/Col_Gate_HouseA1_PostCapW | /root/Act1CarryInteractionSmokeTest/Act1Demo/Main/ZoneHost/Act1ConnectedWorld/Act1CoreWorldGreybox/AgentBExteriorWorld/AgentB_ArchitectureCollision/Col_Gate_HouseA1_PostW] swept=0.1562 contact=[/root/Act1CarryInteractionSmokeTest/Act1Demo/Main/ZoneHost/Act1ConnectedWorld/Act1CoreWorldGreybox/AgentBExteriorWorld/AgentB_ArchitectureCollision/Col_Gate_HouseA1_PostCapW]]; x=[item=carry-board from=(-12.567343, 1.1249223, 6.2267656) cameraDelta=(0.041858405, 0, 0) start=[]; kind=camera to=(-12.485044, 1.124922, 7.9946575) endpoint=[] swept=0.0068 contact=[/root/Act1CarryInteractionSmokeTest/Act1Demo/Main/ZoneHost/Act1ConnectedWorld/Act1CoreWorldGreybox/AgentBExteriorWorld/AgentB_ArchitectureCollision/Col_Gate_HouseA1_PostCapW]; kind=camera to=(-12.618008, 1.124922, 7.8733287) endpoint=[] swept=0.0068 contact=[/root/Act1CarryInteractionSmokeTest/Act1Demo/Main/ZoneHost/Act1ConnectedWorld/Act1CoreWorldGreybox/AgentBExteriorWorld/AgentB_ArchitectureCollision/Col_Gate_HouseA1_PostCapW]; kind=camera to=(-12.743585, 1.124922, 7.758741) endpoint=[] swept=0.0083 contact=[/root/Act1CarryInteractionSmokeTest/Act1Demo/Main/ZoneHost/Act1ConnectedWorld/Act1CoreWorldGreybox/AgentBExteriorWorld/AgentB_ArchitectureCollision/Col_Gate_HouseA1_PostCapW]; kind=camera to=(-12.633334, 1.124922, 8.157168) endpoint=[] swept=0.0054 contact=[/root/Act1CarryInteractionSmokeTest/Act1Demo/Main/ZoneHost/Act1ConnectedWorld/Act1CoreWorldGreybox/AgentBExteriorWorld/AgentB_ArchitectureCollision/Col_Gate_HouseA1_PostCapW]; kind=camera to=(-12.336753, 1.124922, 7.832146) endpoint=[] swept=0.0068 contact=[/root/Act1CarryInteractionSmokeTest/Act1Demo/Main/ZoneHost/Act1ConnectedWorld/Act1CoreWorldGreybox/AgentBExteriorWorld/AgentB_ArchitectureCollision/Col_Gate_HouseA1_PostCapW]; retained accepted=False reason=sweep-blocked ownerAnchor=(-13.472421, -0.13507797, 7.131878) ownerFeet=(-13.472421, -0.13507797, 7.131878) horizontalReach=1.28000/1.35000 heightDifference=0.00000/0.25000; kind=retained to=(-12.525484, 1.1249223, 6.2267656) endpoint=[/root/Act1CarryInteractionSmokeTest/Act1Demo/Main/ZoneHost/Act1ConnectedWorld/Act1CoreWorldGreybox/AgentBExteriorWorld/AgentB_ArchitectureCollision/Col_Gate_HouseA1_PostCapW] swept=0.3008 contact=[/root/Act1CarryInteractionSmokeTest/Act1Demo/Main/ZoneHost/Act1ConnectedWorld/Act1CoreWorldGreybox/AgentBExteriorWorld/AgentB_ArchitectureCollision/Col_Gate_HouseA1_PostCapW]]; z=[item=carry-board from=(-12.567343, 1.1249223, 6.2267656) cameraDelta=(0, 0, 0.038195528) start=[]; kind=camera to=(-12.526902, 1.124922, 8.032853) endpoint=[] swept=0.0068 contact=[/root/Act1CarryInteractionSmokeTest/Act1Demo/Main/ZoneHost/Act1ConnectedWorld/Act1CoreWorldGreybox/AgentBExteriorWorld/AgentB_ArchitectureCollision/Col_Gate_HouseA1_PostCapW]; kind=camera to=(-12.659866, 1.124922, 7.9115243) endpoint=[] swept=0.0068 contact=[/root/Act1CarryInteractionSmokeTest/Act1Demo/Main/ZoneHost/Act1ConnectedWorld/Act1CoreWorldGreybox/AgentBExteriorWorld/AgentB_ArchitectureCollision/Col_Gate_HouseA1_PostCapW]; kind=camera to=(-12.785443, 1.124922, 7.7969365) endpoint=[] swept=0.0083 contact=[/root/Act1CarryInteractionSmokeTest/Act1Demo/Main/ZoneHost/Act1ConnectedWorld/Act1CoreWorldGreybox/AgentBExteriorWorld/AgentB_ArchitectureCollision/Col_Gate_HouseA1_PostCapW]; kind=camera to=(-12.675193, 1.124922, 8.195364) endpoint=[] swept=0.0068 contact=[/root/Act1CarryInteractionSmokeTest/Act1Demo/Main/ZoneHost/Act1ConnectedWorld/Act1CoreWorldGreybox/AgentBExteriorWorld/AgentB_ArchitectureCollision/Col_Gate_HouseA1_PostCapW]; kind=camera to=(-12.378612, 1.124922, 7.870342) endpoint=[] swept=0.0068 contact=[/root/Act1CarryInteractionSmokeTest/Act1Demo/Main/ZoneHost/Act1ConnectedWorld/Act1CoreWorldGreybox/AgentBExteriorWorld/AgentB_ArchitectureCollision/Col_Gate_HouseA1_PostCapW]; retained accepted=False reason=sweep-blocked ownerAnchor=(-13.472421, -0.13507797, 7.131878) ownerFeet=(-13.472421, -0.13507797, 7.131878) horizontalReach=1.28000/1.35000 heightDifference=0.00000/0.25000; kind=retained to=(-12.567343, 1.1249223, 6.2649612) endpoint=[/root/Act1CarryInteractionSmokeTest/Act1Demo/Main/ZoneHost/Act1ConnectedWorld/Act1CoreWorldGreybox/AgentBExteriorWorld/AgentB_ArchitectureCollision/Col_Gate_HouseA1_PostCapW] swept=0.3320 contact=[/root/Act1CarryInteractionSmokeTest/Act1Demo/Main/ZoneHost/Act1ConnectedWorld/Act1CoreWorldGreybox/AgentBExteriorWorld/AgentB_ArchitectureCollision/Col_Gate_HouseA1_PostCapW]]
act1-carry-held-movement: label=try the direct return beside the visible gate post stalled=30 feet=(-13.472421, -0.13507797, 7.131878) goal=(-12.070532, -0.22308865, 8.411092) input=(0, -1) velocity=(0, 0, 0) camera=[X: (-0.6740479, 0, 0.7386877), Y: (0, 1, 0), Z: (-0.7386877, 0, -0.6740479), O: (-13.339458, 1.5649221, 7.253205)] requested=(2.5115042, 0, 2.2917316) constrained=(0, 0, 0) valid=True revision=46/46; full=[item=carry-board from=(-12.567343, 1.1249223, 6.2267656) cameraDelta=(0.041858405, 0, 0.038195528) start=[]; kind=camera to=(-12.485044, 1.124922, 8.032853) endpoint=[] swept=0.0054 contact=[/root/Act1CarryInteractionSmokeTest/Act1Demo/Main/ZoneHost/Act1ConnectedWorld/Act1CoreWorldGreybox/AgentBExteriorWorld/AgentB_ArchitectureCollision/Col_Gate_HouseA1_PostCapW]; kind=camera to=(-12.618008, 1.124922, 7.9115243) endpoint=[] swept=0.0068 contact=[/root/Act1CarryInteractionSmokeTest/Act1Demo/Main/ZoneHost/Act1ConnectedWorld/Act1CoreWorldGreybox/AgentBExteriorWorld/AgentB_ArchitectureCollision/Col_Gate_HouseA1_PostCapW]; kind=camera to=(-12.743585, 1.124922, 7.7969365) endpoint=[] swept=0.0083 contact=[/root/Act1CarryInteractionSmokeTest/Act1Demo/Main/ZoneHost/Act1ConnectedWorld/Act1CoreWorldGreybox/AgentBExteriorWorld/AgentB_ArchitectureCollision/Col_Gate_HouseA1_PostCapW]; kind=camera to=(-12.633334, 1.124922, 8.195364) endpoint=[] swept=0.0054 contact=[/root/Act1CarryInteractionSmokeTest/Act1Demo/Main/ZoneHost/Act1ConnectedWorld/Act1CoreWorldGreybox/AgentBExteriorWorld/AgentB_ArchitectureCollision/Col_Gate_HouseA1_PostCapW]; kind=camera to=(-12.336753, 1.124922, 7.870342) endpoint=[] swept=0.0054 contact=[/root/Act1CarryInteractionSmokeTest/Act1Demo/Main/ZoneHost/Act1ConnectedWorld/Act1CoreWorldGreybox/AgentBExteriorWorld/AgentB_ArchitectureCollision/Col_Gate_HouseA1_PostCapW]; retained accepted=False reason=sweep-blocked ownerAnchor=(-13.472421, -0.13507797, 7.131878) ownerFeet=(-13.472421, -0.13507797, 7.131878) horizontalReach=1.28000/1.35000 heightDifference=0.00000/0.25000; kind=retained to=(-12.525484, 1.1249223, 6.2649612) endpoint=[/root/Act1CarryInteractionSmokeTest/Act1Demo/Main/ZoneHost/Act1ConnectedWorld/Act1CoreWorldGreybox/AgentBExteriorWorld/AgentB_ArchitectureCollision/Col_Gate_HouseA1_PostCapW | /root/Act1CarryInteractionSmokeTest/Act1Demo/Main/ZoneHost/Act1ConnectedWorld/Act1CoreWorldGreybox/AgentBExteriorWorld/AgentB_ArchitectureCollision/Col_Gate_HouseA1_PostW] swept=0.1562 contact=[/root/Act1CarryInteractionSmokeTest/Act1Demo/Main/ZoneHost/Act1ConnectedWorld/Act1CoreWorldGreybox/AgentBExteriorWorld/AgentB_ArchitectureCollision/Col_Gate_HouseA1_PostCapW]]; x=[item=carry-board from=(-12.567343, 1.1249223, 6.2267656) cameraDelta=(0.041858405, 0, 0) start=[]; kind=camera to=(-12.485044, 1.124922, 7.9946575) endpoint=[] swept=0.0068 contact=[/root/Act1CarryInteractionSmokeTest/Act1Demo/Main/ZoneHost/Act1ConnectedWorld/Act1CoreWorldGreybox/AgentBExteriorWorld/AgentB_ArchitectureCollision/Col_Gate_HouseA1_PostCapW]; kind=camera to=(-12.618008, 1.124922, 7.8733287) endpoint=[] swept=0.0068 contact=[/root/Act1CarryInteractionSmokeTest/Act1Demo/Main/ZoneHost/Act1ConnectedWorld/Act1CoreWorldGreybox/AgentBExteriorWorld/AgentB_ArchitectureCollision/Col_Gate_HouseA1_PostCapW]; kind=camera to=(-12.743585, 1.124922, 7.758741) endpoint=[] swept=0.0083 contact=[/root/Act1CarryInteractionSmokeTest/Act1Demo/Main/ZoneHost/Act1ConnectedWorld/Act1CoreWorldGreybox/AgentBExteriorWorld/AgentB_ArchitectureCollision/Col_Gate_HouseA1_PostCapW]; kind=camera to=(-12.633334, 1.124922, 8.157168) endpoint=[] swept=0.0054 contact=[/root/Act1CarryInteractionSmokeTest/Act1Demo/Main/ZoneHost/Act1ConnectedWorld/Act1CoreWorldGreybox/AgentBExteriorWorld/AgentB_ArchitectureCollision/Col_Gate_HouseA1_PostCapW]; kind=camera to=(-12.336753, 1.124922, 7.832146) endpoint=[] swept=0.0068 contact=[/root/Act1CarryInteractionSmokeTest/Act1Demo/Main/ZoneHost/Act1ConnectedWorld/Act1CoreWorldGreybox/AgentBExteriorWorld/AgentB_ArchitectureCollision/Col_Gate_HouseA1_PostCapW]; retained accepted=False reason=sweep-blocked ownerAnchor=(-13.472421, -0.13507797, 7.131878) ownerFeet=(-13.472421, -0.13507797, 7.131878) horizontalReach=1.28000/1.35000 heightDifference=0.00000/0.25000; kind=retained to=(-12.525484, 1.1249223, 6.2267656) endpoint=[/root/Act1CarryInteractionSmokeTest/Act1Demo/Main/ZoneHost/Act1ConnectedWorld/Act1CoreWorldGreybox/AgentBExteriorWorld/AgentB_ArchitectureCollision/Col_Gate_HouseA1_PostCapW] swept=0.3008 contact=[/root/Act1CarryInteractionSmokeTest/Act1Demo/Main/ZoneHost/Act1ConnectedWorld/Act1CoreWorldGreybox/AgentBExteriorWorld/AgentB_ArchitectureCollision/Col_Gate_HouseA1_PostCapW]]; z=[item=carry-board from=(-12.567343, 1.1249223, 6.2267656) cameraDelta=(0, 0, 0.038195528) start=[]; kind=camera to=(-12.526902, 1.124922, 8.032853) endpoint=[] swept=0.0068 contact=[/root/Act1CarryInteractionSmokeTest/Act1Demo/Main/ZoneHost/Act1ConnectedWorld/Act1CoreWorldGreybox/AgentBExteriorWorld/AgentB_ArchitectureCollision/Col_Gate_HouseA1_PostCapW]; kind=camera to=(-12.659866, 1.124922, 7.9115243) endpoint=[] swept=0.0068 contact=[/root/Act1CarryInteractionSmokeTest/Act1Demo/Main/ZoneHost/Act1ConnectedWorld/Act1CoreWorldGreybox/AgentBExteriorWorld/AgentB_ArchitectureCollision/Col_Gate_HouseA1_PostCapW]; kind=camera to=(-12.785443, 1.124922, 7.7969365) endpoint=[] swept=0.0083 contact=[/root/Act1CarryInteractionSmokeTest/Act1Demo/Main/ZoneHost/Act1ConnectedWorld/Act1CoreWorldGreybox/AgentBExteriorWorld/AgentB_ArchitectureCollision/Col_Gate_HouseA1_PostCapW]; kind=camera to=(-12.675193, 1.124922, 8.195364) endpoint=[] swept=0.0068 contact=[/root/Act1CarryInteractionSmokeTest/Act1Demo/Main/ZoneHost/Act1ConnectedWorld/Act1CoreWorldGreybox/AgentBExteriorWorld/AgentB_ArchitectureCollision/Col_Gate_HouseA1_PostCapW]; kind=camera to=(-12.378612, 1.124922, 7.870342) endpoint=[] swept=0.0068 contact=[/root/Act1CarryInteractionSmokeTest/Act1Demo/Main/ZoneHost/Act1ConnectedWorld/Act1CoreWorldGreybox/AgentBExteriorWorld/AgentB_ArchitectureCollision/Col_Gate_HouseA1_PostCapW]; retained accepted=False reason=sweep-blocked ownerAnchor=(-13.472421, -0.13507797, 7.131878) ownerFeet=(-13.472421, -0.13507797, 7.131878) horizontalReach=1.28000/1.35000 heightDifference=0.00000/0.25000; kind=retained to=(-12.567343, 1.1249223, 6.2649612) endpoint=[/root/Act1CarryInteractionSmokeTest/Act1Demo/Main/ZoneHost/Act1ConnectedWorld/Act1CoreWorldGreybox/AgentBExteriorWorld/AgentB_ArchitectureCollision/Col_Gate_HouseA1_PostCapW] swept=0.3320 contact=[/root/Act1CarryInteractionSmokeTest/Act1Demo/Main/ZoneHost/Act1ConnectedWorld/Act1CoreWorldGreybox/AgentBExteriorWorld/AgentB_ArchitectureCollision/Col_Gate_HouseA1_PostCapW]]
act1-carry-held-movement: label=try the direct return beside the visible gate post stalled=89 feet=(-13.472421, -0.13507797, 7.131878) goal=(-12.070532, -0.22308865, 8.411092) input=(0, -1) velocity=(0, 0, 0) camera=[X: (-0.6740479, 0, 0.7386877), Y: (0, 1, 0), Z: (-0.7386877, 0, -0.6740479), O: (-13.339458, 1.5649221, 7.253205)] requested=(2.5115042, 0, 2.2917316) constrained=(0, 0, 0) valid=True revision=46/46; full=[item=carry-board from=(-12.567343, 1.1249223, 6.2267656) cameraDelta=(0.041858405, 0, 0.038195528) start=[]; kind=camera to=(-12.485044, 1.124922, 8.032853) endpoint=[] swept=0.0054 contact=[/root/Act1CarryInteractionSmokeTest/Act1Demo/Main/ZoneHost/Act1ConnectedWorld/Act1CoreWorldGreybox/AgentBExteriorWorld/AgentB_ArchitectureCollision/Col_Gate_HouseA1_PostCapW]; kind=camera to=(-12.618008, 1.124922, 7.9115243) endpoint=[] swept=0.0068 contact=[/root/Act1CarryInteractionSmokeTest/Act1Demo/Main/ZoneHost/Act1ConnectedWorld/Act1CoreWorldGreybox/AgentBExteriorWorld/AgentB_ArchitectureCollision/Col_Gate_HouseA1_PostCapW]; kind=camera to=(-12.743585, 1.124922, 7.7969365) endpoint=[] swept=0.0083 contact=[/root/Act1CarryInteractionSmokeTest/Act1Demo/Main/ZoneHost/Act1ConnectedWorld/Act1CoreWorldGreybox/AgentBExteriorWorld/AgentB_ArchitectureCollision/Col_Gate_HouseA1_PostCapW]; kind=camera to=(-12.633334, 1.124922, 8.195364) endpoint=[] swept=0.0054 contact=[/root/Act1CarryInteractionSmokeTest/Act1Demo/Main/ZoneHost/Act1ConnectedWorld/Act1CoreWorldGreybox/AgentBExteriorWorld/AgentB_ArchitectureCollision/Col_Gate_HouseA1_PostCapW]; kind=camera to=(-12.336753, 1.124922, 7.870342) endpoint=[] swept=0.0054 contact=[/root/Act1CarryInteractionSmokeTest/Act1Demo/Main/ZoneHost/Act1ConnectedWorld/Act1CoreWorldGreybox/AgentBExteriorWorld/AgentB_ArchitectureCollision/Col_Gate_HouseA1_PostCapW]; retained accepted=False reason=sweep-blocked ownerAnchor=(-13.472421, -0.13507797, 7.131878) ownerFeet=(-13.472421, -0.13507797, 7.131878) horizontalReach=1.28000/1.35000 heightDifference=0.00000/0.25000; kind=retained to=(-12.525484, 1.1249223, 6.2649612) endpoint=[/root/Act1CarryInteractionSmokeTest/Act1Demo/Main/ZoneHost/Act1ConnectedWorld/Act1CoreWorldGreybox/AgentBExteriorWorld/AgentB_ArchitectureCollision/Col_Gate_HouseA1_PostCapW | /root/Act1CarryInteractionSmokeTest/Act1Demo/Main/ZoneHost/Act1ConnectedWorld/Act1CoreWorldGreybox/AgentBExteriorWorld/AgentB_ArchitectureCollision/Col_Gate_HouseA1_PostW] swept=0.1562 contact=[/root/Act1CarryInteractionSmokeTest/Act1Demo/Main/ZoneHost/Act1ConnectedWorld/Act1CoreWorldGreybox/AgentBExteriorWorld/AgentB_ArchitectureCollision/Col_Gate_HouseA1_PostCapW]]; x=[item=carry-board from=(-12.567343, 1.1249223, 6.2267656) cameraDelta=(0.041858405, 0, 0) start=[]; kind=camera to=(-12.485044, 1.124922, 7.9946575) endpoint=[] swept=0.0068 contact=[/root/Act1CarryInteractionSmokeTest/Act1Demo/Main/ZoneHost/Act1ConnectedWorld/Act1CoreWorldGreybox/AgentBExteriorWorld/AgentB_ArchitectureCollision/Col_Gate_HouseA1_PostCapW]; kind=camera to=(-12.618008, 1.124922, 7.8733287) endpoint=[] swept=0.0068 contact=[/root/Act1CarryInteractionSmokeTest/Act1Demo/Main/ZoneHost/Act1ConnectedWorld/Act1CoreWorldGreybox/AgentBExteriorWorld/AgentB_ArchitectureCollision/Col_Gate_HouseA1_PostCapW]; kind=camera to=(-12.743585, 1.124922, 7.758741) endpoint=[] swept=0.0083 contact=[/root/Act1CarryInteractionSmokeTest/Act1Demo/Main/ZoneHost/Act1ConnectedWorld/Act1CoreWorldGreybox/AgentBExteriorWorld/AgentB_ArchitectureCollision/Col_Gate_HouseA1_PostCapW]; kind=camera to=(-12.633334, 1.124922, 8.157168) endpoint=[] swept=0.0054 contact=[/root/Act1CarryInteractionSmokeTest/Act1Demo/Main/ZoneHost/Act1ConnectedWorld/Act1CoreWorldGreybox/AgentBExteriorWorld/AgentB_ArchitectureCollision/Col_Gate_HouseA1_PostCapW]; kind=camera to=(-12.336753, 1.124922, 7.832146) endpoint=[] swept=0.0068 contact=[/root/Act1CarryInteractionSmokeTest/Act1Demo/Main/ZoneHost/Act1ConnectedWorld/Act1CoreWorldGreybox/AgentBExteriorWorld/AgentB_ArchitectureCollision/Col_Gate_HouseA1_PostCapW]; retained accepted=False reason=sweep-blocked ownerAnchor=(-13.472421, -0.13507797, 7.131878) ownerFeet=(-13.472421, -0.13507797, 7.131878) horizontalReach=1.28000/1.35000 heightDifference=0.00000/0.25000; kind=retained to=(-12.525484, 1.1249223, 6.2267656) endpoint=[/root/Act1CarryInteractionSmokeTest/Act1Demo/Main/ZoneHost/Act1ConnectedWorld/Act1CoreWorldGreybox/AgentBExteriorWorld/AgentB_ArchitectureCollision/Col_Gate_HouseA1_PostCapW] swept=0.3008 contact=[/root/Act1CarryInteractionSmokeTest/Act1Demo/Main/ZoneHost/Act1ConnectedWorld/Act1CoreWorldGreybox/AgentBExteriorWorld/AgentB_ArchitectureCollision/Col_Gate_HouseA1_PostCapW]]; z=[item=carry-board from=(-12.567343, 1.1249223, 6.2267656) cameraDelta=(0, 0, 0.038195528) start=[]; kind=camera to=(-12.526902, 1.124922, 8.032853) endpoint=[] swept=0.0068 contact=[/root/Act1CarryInteractionSmokeTest/Act1Demo/Main/ZoneHost/Act1ConnectedWorld/Act1CoreWorldGreybox/AgentBExteriorWorld/AgentB_ArchitectureCollision/Col_Gate_HouseA1_PostCapW]; kind=camera to=(-12.659866, 1.124922, 7.9115243) endpoint=[] swept=0.0068 contact=[/root/Act1CarryInteractionSmokeTest/Act1Demo/Main/ZoneHost/Act1ConnectedWorld/Act1CoreWorldGreybox/AgentBExteriorWorld/AgentB_ArchitectureCollision/Col_Gate_HouseA1_PostCapW]; kind=camera to=(-12.785443, 1.124922, 7.7969365) endpoint=[] swept=0.0083 contact=[/root/Act1CarryInteractionSmokeTest/Act1Demo/Main/ZoneHost/Act1ConnectedWorld/Act1CoreWorldGreybox/AgentBExteriorWorld/AgentB_ArchitectureCollision/Col_Gate_HouseA1_PostCapW]; kind=camera to=(-12.675193, 1.124922, 8.195364) endpoint=[] swept=0.0068 contact=[/root/Act1CarryInteractionSmokeTest/Act1Demo/Main/ZoneHost/Act1ConnectedWorld/Act1CoreWorldGreybox/AgentBExteriorWorld/AgentB_ArchitectureCollision/Col_Gate_HouseA1_PostCapW]; kind=camera to=(-12.378612, 1.124922, 7.870342) endpoint=[] swept=0.0068 contact=[/root/Act1CarryInteractionSmokeTest/Act1Demo/Main/ZoneHost/Act1ConnectedWorld/Act1CoreWorldGreybox/AgentBExteriorWorld/AgentB_ArchitectureCollision/Col_Gate_HouseA1_PostCapW]; retained accepted=False reason=sweep-blocked ownerAnchor=(-13.472421, -0.13507797, 7.131878) ownerFeet=(-13.472421, -0.13507797, 7.131878) horizontalReach=1.28000/1.35000 heightDifference=0.00000/0.25000; kind=retained to=(-12.567343, 1.1249223, 6.2649612) endpoint=[/root/Act1CarryInteractionSmokeTest/Act1Demo/Main/ZoneHost/Act1ConnectedWorld/Act1CoreWorldGreybox/AgentBExteriorWorld/AgentB_ArchitectureCollision/Col_Gate_HouseA1_PostCapW] swept=0.3320 contact=[/root/Act1CarryInteractionSmokeTest/Act1Demo/Main/ZoneHost/Act1ConnectedWorld/Act1CoreWorldGreybox/AgentBExteriorWorld/AgentB_ArchitectureCollision/Col_Gate_HouseA1_PostCapW]]
act1-carry-observed-obstruction-hud: Предмет упирается в преграду. Отойдите назад или в сторону.
[Q] нельзя поставить: Край предмета останется без опоры · [R] повернуть
state-final-render-sync-begin: label=carry/09_carry_walk_blocked tick=77450 drawn=3773 process=3773 physics=2906 windowVisible=True focus=True mode=Windowed renderLoop=True
state-final-render-sync-end: label=carry/09_carry_walk_blocked milliseconds=11 forcedScreenshotRender=False
act1-carry-capture-save-begin: /Users/unterlantas/Documents/GitHub/URMAN/docs/production/act1_takeover_evidence_2026-09-16/images-carry-24/09_carry_walk_blocked.png
act1-carry: check real camera capture 09_carry_walk_blocked
act1-carry: check try the direct return beside the visible gate post: actual input (-13.637688, -0.121972494, 6.93769) -> (-13.472421, -0.13507797, 7.131878); no teleport/recovery; goal (-12.070532, -0.22308865, 8.411092); observed refusal, destination NOT reached; contacts ; step 
act1-carry: check the observed refusal identifies the real gate post, not an unknown movement blocker
act1-carry: check ordinary HUD explains the carried object's obstruction and the available retreat
act1-carry: check ordinary retreat retains the same physically valid board
act1-carry: check ordinary retreat retains the same physically valid board
act1-carry: check ordinary retreat retains the same physically valid board
act1-carry: check ordinary retreat retains the same physically valid board
act1-carry: check ordinary retreat retains the same physically valid board
act1-carry: check ordinary retreat retains the same physically valid board
act1-carry: check ordinary retreat retains the same physically valid board
act1-carry: check ordinary retreat retains the same physically valid board
act1-carry: check ordinary retreat retains the same physically valid board
act1-carry: check ordinary retreat retains the same physically valid board
act1-carry: check ordinary retreat retains the same physically valid board
act1-carry: check ordinary retreat retains the same physically valid board
act1-carry: check ordinary retreat retains the same physically valid board
act1-carry: check ordinary retreat retains the same physically valid board
act1-carry: check ordinary retreat retains the same physically valid board
act1-carry: check ordinary retreat retains the same physically valid board
act1-carry: check ordinary retreat retains the same physically valid board
state-final-render-sync-begin: label=carry/09a_board_backward_retreat tick=77823 drawn=3791 process=3791 physics=2928 windowVisible=True focus=True mode=Windowed renderLoop=True
state-final-render-sync-end: label=carry/09a_board_backward_retreat milliseconds=11 forcedScreenshotRender=False
act1-carry-capture-save-begin: /Users/unterlantas/Documents/GitHub/URMAN/docs/production/act1_takeover_evidence_2026-09-16/images-carry-24/09a_board_backward_retreat.png
act1-carry: check real camera capture 09a_board_backward_retreat
act1-carry: check ordinary backward input moves the board around the post: (-13.472421, -0.13507797, 7.131878) -> (-14.138697, -0.08409445, 6.521198); no new pose, turn or recovery
act1-carry: check the return turn uses captured ordinary mouse input
act1-carry-ordinary-turn: {"label":"return the same reusable plank after an ordinary backward retreat","ready":true,"requestedYaw":-132.42114,"yawDelta":-0.040893555,"expectedScreenRelative":"(0.25558472, 0)","deliveredScreenTotal":"(0.25558472, 0)","delivered":1,"unhandled":1,"startedProcess":3791,"startedPhysics":2928,"unhandledProcess":3792,"process":3793,"physics":2939,"frames":2,"milliseconds":40,"before":{"Position":{"X":-14.138696670532227,"Y":-0.08409444987773895,"Z":6.52119779586792},"RotationDegrees":{"X":0,"Y":-132.3802490234375,"Z":0}},"after":{"Position":{"X":-14.138696670532227,"Y":-0.08409444987773895,"Z":6.52119779586792},"RotationDegrees":{"X":0,"Y":-132.42112731933594,"Z":0}},"focus":true,"mouseMode":"Captured","modal":false,"vehicle":false,"treePaused":false,"canProcess":true,"held":"[X: (-0.70710677, 0, -0.70710677), Y: (0, 1, 0), Z: (0.70710677, 0, -0.70710677), O: (-13.193794, 1.1759057, 7.384652)]","validHeld":true,"events":[{"stage":"input","relative":"(0.38337705, 0)","screenRelative":"(0.25558472, 0)","process":3792,"physics":2928,"yaw":-132.38025,"pitch":0},{"stage":"unhandled","relative":"(0.38337705, 0)","screenRelative":"(0.25558472, 0)","process":3792,"physics":2928,"yaw":-132.42113,"pitch":0}]}
act1-carry: check one ordinary mouse event is delivered and applies the requested carry turn within the unchanged .15 degree tolerance
act1-carry: check return the same reusable plank after an ordinary backward retreat: actual input (-14.138697, -0.08409445, 6.521198) -> (-12.087575, -0.24511996, 8.395518); no teleport/recovery; goal (-12.070532, -0.22308865, 8.411092)
act1-carry: check the original battens also accept ordinary replacement: 
act1-carry: check one physical board is set down after return, with no duplicate in the channel
SaveGameV3 written to /Users/unterlantas/Library/Application Support/Godot/app_userdata/URMAN/savegames/carry-drain-returned.savegame-v3.json
act1-carry: check save the dismantled crossing and returned plank
zone-loaded: village_day@arrival connected-world=109404229562
SaveGameV3 restored.
act1-carry: check restore the returned object state
act1-carry: check return, reuse and save grant no unseen story knowledge or scene transition
zone-loaded: village_day@arrival connected-world=109404229562
SaveGameV3 restored.
act1-carry: check restore pristine carryables before the independent snow checks
act1-carry: check the unworked service drift has its real body and the blocking attempt has empty hands
act1-carry: check the snow gap has a clear supported street approach
act1-carry: check the visible snow mound physically blocks the uncleared service gap without moving a prop: (-24.686552, 0.3762914, -2.8499804); drift contact=True
act1-carry: check step back from the snow drift before fetching the shovel: actual input (-24.686552, 0.3762914, -2.8499804) -> (-24.00655, 0.3727465, -2.8499982); no teleport/recovery; goal (-23.95, 0.3957482, -2.85)
act1-carry: local camera fixture (-27.6, 0.21481629, -0.35000002) target=(-27.6, 0.679541, 0.9)
act1-carry: check shovel is physically carried, not a remote switch
act1-carry: local camera fixture (-23.95, 0.37039664, -2.85) target=(-25.2, 0.56376266, -2.85)
state-final-render-sync-begin: label=carry/03_snow_before tick=81100 drawn=4057 process=4057 physics=3124 windowVisible=True focus=True mode=Windowed renderLoop=True
state-final-render-sync-end: label=carry/03_snow_before milliseconds=16 forcedScreenshotRender=False
act1-carry-capture-save-begin: /Users/unterlantas/Documents/GitHub/URMAN/docs/production/act1_takeover_evidence_2026-09-16/images-carry-24/03_snow_before.png
act1-carry: check real camera capture 03_snow_before
act1-carry: check only the aimed snow opening changes
act1-carry: check clearing removes the actual passage barrier
state-final-render-sync-begin: label=carry/04_snow_cleared tick=81288 drawn=4058 process=4058 physics=3132 windowVisible=True focus=True mode=Windowed renderLoop=True
state-final-render-sync-end: label=carry/04_snow_cleared milliseconds=15 forcedScreenshotRender=False
act1-carry-capture-save-begin: /Users/unterlantas/Documents/GitHub/URMAN/docs/production/act1_takeover_evidence_2026-09-16/images-carry-24/04_snow_cleared.png
act1-carry: check real camera capture 04_snow_cleared
act1-carry: check walk through the cleared snow gap with the same shovel: actual input (-23.95, 0.37039664, -2.85) -> (-26.11458, 0.3528649, -2.8364954); no teleport/recovery; goal (-26.2, 0, -2.85)
act1-carry: check return through the same cleared service gap: actual input (-26.11458, 0.3528649, -2.8364954) -> (-24.023226, 0.37214637, -2.8410866); no teleport/recovery; goal (-23.95, 0, -2.85)
act1-carry: check woodpile approach uses the existing bath stair route and actual carried item
act1-carry-woodpile-candidate: terrainFeet=(-31.6, 0.45510456, 3.0500002) direction=(0, 0, -1) terrainFits=False contacts=[/root/Act1CarryInteractionSmokeTest/Act1Demo/Main/ZoneHost/Act1ConnectedWorld/Act1CoreWorldGreybox/AgentBExteriorWorld/AgentB_ArchitectureCollision shape=834] firstSurface=/root/Act1CarryInteractionSmokeTest/Act1Demo/Main/ZoneHost/Act1ConnectedWorld/Act1CoreWorldGreybox/AgentBExteriorWorld/AgentB_TerrainCollision surfacePoint=(-31.6, 0.43012094, 3.0500002) raisedFits=False diagnosticOnly=true
act1-carry-woodpile-candidate: terrainFeet=(-31.6, 0.7531637, 5.55) direction=(0, 0, 1) terrainFits=False contacts=[/root/Act1CarryInteractionSmokeTest/Act1Demo/Main/ZoneHost/Act1ConnectedWorld/Act1CoreWorldGreybox/AgentBExteriorWorld/AgentB_ArchitectureCollision shape=121 | /root/Act1CarryInteractionSmokeTest/Act1Demo/Main/ZoneHost/Act1ConnectedWorld/Act1CoreWorldGreybox/AgentBExteriorWorld/AgentB_ArchitectureCollision shape=129 | /root/Act1CarryInteractionSmokeTest/Act1Demo/Main/ZoneHost/Act1ConnectedWorld/Act1CoreWorldGreybox/BabaiBathhouse/BathEntryLandingBody shape=0 | /root/Act1CarryInteractionSmokeTest/Act1Demo/Main/ZoneHost/Act1ConnectedWorld/Act1CoreWorldGreybox/BabaiBathhouse/BathEntranceHinge/BathEntranceLeafBody shape=0 | /root/Act1CarryInteractionSmokeTest/Act1Demo/Main/ZoneHost/Act1ConnectedWorld/Act1CoreWorldGreybox/BabaiBathhouse/BathStoneFoundationBody shape=0] firstSurface=/root/Act1CarryInteractionSmokeTest/Act1Demo/Main/ZoneHost/Act1ConnectedWorld/Act1CoreWorldGreybox/BabaiBathhouse/BathEntryLandingBody surfacePoint=(-31.6, 1.4110625, 5.5499997) raisedFits=False diagnosticOnly=true
act1-carry-woodpile-candidate: terrainFeet=(-32.85, 0.737299, 4.3) direction=(-1, 0, 0) terrainFits=False contacts=[/root/Act1CarryInteractionSmokeTest/Act1Demo/Main/ZoneHost/Act1ConnectedWorld/Act1CoreWorldGreybox/Act1AuthoredExteriorKitPresentation/BabaiYardAuthoredWoodpile/AuthoredKitCollisionProxy shape=6 | /root/Act1CarryInteractionSmokeTest/Act1Demo/Main/ZoneHost/Act1ConnectedWorld/Act1CoreWorldGreybox/Act1AuthoredExteriorKitPresentation/BabaiYardAuthoredWoodpile/AuthoredKitCollisionProxy shape=5 | /root/Act1CarryInteractionSmokeTest/Act1Demo/Main/ZoneHost/Act1ConnectedWorld/Act1CoreWorldGreybox/Act1AuthoredExteriorKitPresentation/BabaiYardAuthoredWoodpile/AuthoredKitCollisionProxy shape=4 | /root/Act1CarryInteractionSmokeTest/Act1Demo/Main/ZoneHost/Act1ConnectedWorld/Act1CoreWorldGreybox/Act1AuthoredExteriorKitPresentation/BabaiYardAuthoredWoodpile/AuthoredKitCollisionProxy shape=3 | /root/Act1CarryInteractionSmokeTest/Act1Demo/Main/ZoneHost/Act1ConnectedWorld/Act1CoreWorldGreybox/Act1AuthoredExteriorKitPresentation/BabaiYardAuthoredWoodpile/AuthoredKitCollisionProxy shape=2 | /root/Act1CarryInteractionSmokeTest/Act1Demo/Main/ZoneHost/Act1ConnectedWorld/Act1CoreWorldGreybox/Act1AuthoredExteriorKitPresentation/BabaiYardAuthoredWoodpile/AuthoredKitCollisionProxy shape=1] firstSurface=/root/Act1CarryInteractionSmokeTest/Act1Demo/Main/ZoneHost/Act1ConnectedWorld/Act1CoreWorldGreybox/Act1AuthoredExteriorKitPresentation/BabaiYardAuthoredWoodpile/AuthoredKitCollisionProxy surfacePoint=(-32.850002, 1.3942018, 4.3000016) raisedFits=False diagnosticOnly=true
act1-carry-woodpile-candidate: terrainFeet=(-30.35, 0.5157404, 4.3) direction=(1, 0, 0) terrainFits=False contacts=[/root/Act1CarryInteractionSmokeTest/Act1Demo/Main/ZoneHost/Act1ConnectedWorld/Act1CoreWorldGreybox/BabaiBathhouse/BathEntryLandingBypassBody shape=0 | /root/Act1CarryInteractionSmokeTest/Act1Demo/Main/ZoneHost/Act1ConnectedWorld/Act1CoreWorldGreybox/BabaiBathhouse/BathEntryTread1Body shape=0 | /root/Act1CarryInteractionSmokeTest/Act1Demo/Main/ZoneHost/Act1ConnectedWorld/Act1CoreWorldGreybox/BabaiBathhouse/BathEntryTread2Body shape=0] firstSurface=/root/Act1CarryInteractionSmokeTest/Act1Demo/Main/ZoneHost/Act1ConnectedWorld/Act1CoreWorldGreybox/BabaiBathhouse/BathEntryTread1Body surfacePoint=(-30.350002, 1.2594265, 4.3000007) raisedFits=True diagnosticOnly=true
act1-carry-woodpile-candidate: terrainFeet=(-32.483883, 0.6009444, 3.4161167) direction=(-0.70710677, 0, -0.70710677) terrainFits=False contacts=[/root/Act1CarryInteractionSmokeTest/Act1Demo/Main/ZoneHost/Act1ConnectedWorld/Act1CoreWorldGreybox/Act1AuthoredExteriorKitPresentation/BabaiYardAuthoredWoodpile/AuthoredKitCollisionProxy shape=6 | /root/Act1CarryInteractionSmokeTest/Act1Demo/Main/ZoneHost/Act1ConnectedWorld/Act1CoreWorldGreybox/Act1AuthoredExteriorKitPresentation/BabaiYardAuthoredWoodpile/AuthoredKitCollisionProxy shape=0] firstSurface=/root/Act1CarryInteractionSmokeTest/Act1Demo/Main/ZoneHost/Act1ConnectedWorld/Act1CoreWorldGreybox/AgentBExteriorWorld/AgentB_TerrainCollision surfacePoint=(-32.483883, 0.5759752, 3.4161167) raisedFits=False diagnosticOnly=true
act1-carry-woodpile-candidate: terrainFeet=(-30.716118, 0.4384257, 3.4161167) direction=(0.70710677, 0, -0.70710677) terrainFits=True contacts=[] firstSurface=/root/Act1CarryInteractionSmokeTest/Act1Demo/Main/ZoneHost/Act1ConnectedWorld/Act1CoreWorldGreybox/AgentBExteriorWorld/AgentB_TerrainCollision surfacePoint=(-30.716118, 0.4134338, 3.4161167) raisedFits=True diagnosticOnly=true
act1-carry-woodpile-candidate: terrainFeet=(-32.483883, 0.7950678, 5.1838837) direction=(-0.70710677, 0, 0.70710677) terrainFits=False contacts=[/root/Act1CarryInteractionSmokeTest/Act1Demo/Main/ZoneHost/Act1ConnectedWorld/Act1CoreWorldGreybox/AgentBExteriorWorld/AgentB_ArchitectureCollision shape=833] firstSurface=/root/Act1CarryInteractionSmokeTest/Act1Demo/Main/ZoneHost/Act1ConnectedWorld/Act1CoreWorldGreybox/AgentBExteriorWorld/AgentB_ArchitectureCollision surfacePoint=(-32.483883, 0.7879998, 5.1838837) raisedFits=False diagnosticOnly=true
act1-carry-woodpile-candidate: terrainFeet=(-30.716118, 0.64978075, 5.1838837) direction=(0.70710677, 0, 0.70710677) terrainFits=False contacts=[/root/Act1CarryInteractionSmokeTest/Act1Demo/Main/ZoneHost/Act1ConnectedWorld/Act1CoreWorldGreybox/AgentBExteriorWorld/AgentB_ArchitectureCollision shape=133 | /root/Act1CarryInteractionSmokeTest/Act1Demo/Main/ZoneHost/Act1ConnectedWorld/Act1CoreWorldGreybox/BabaiBathhouse/BathEntryLandingBody shape=0 | /root/Act1CarryInteractionSmokeTest/Act1Demo/Main/ZoneHost/Act1ConnectedWorld/Act1CoreWorldGreybox/BabaiBathhouse/BathEntryLandingBypassBody shape=0 | /root/Act1CarryInteractionSmokeTest/Act1Demo/Main/ZoneHost/Act1ConnectedWorld/Act1CoreWorldGreybox/BabaiBathhouse/BathEntryTread1Body shape=0 | /root/Act1CarryInteractionSmokeTest/Act1Demo/Main/ZoneHost/Act1ConnectedWorld/Act1CoreWorldGreybox/BabaiBathhouse/BathEntryTread2Body shape=0] firstSurface=/root/Act1CarryInteractionSmokeTest/Act1Demo/Main/ZoneHost/Act1ConnectedWorld/Act1CoreWorldGreybox/BabaiBathhouse/BathEntryTread1Body surfacePoint=(-30.716118, 1.2594265, 5.183883) raisedFits=False diagnosticOnly=true
act1-carry: check the named ground approach below the bath steps fits the actual standing body
act1-carry: explicit local fixture at existing bath entryApproach=(-29.133991, 0.6949753, 5.941516); upper landing reached only by walking
act1-carry: check woodpile route settles on a real support with an unobstructed standing capsule
act1-carry: check woodpile route begins on the real ground below the existing lower stair
act1-carry: check the return turn uses captured ordinary mouse input
act1-carry-ordinary-turn: {"label":"carry the tool up the existing bath stair flight","ready":true,"requestedYaw":76.722275,"yawDelta":76.72229,"expectedScreenRelative":"(-479.5143, 0)","deliveredScreenTotal":"(-479.5143, 0)","delivered":1,"unhandled":1,"startedProcess":4159,"startedPhysics":3228,"unhandledProcess":4160,"process":4161,"physics":3231,"frames":3,"milliseconds":39,"before":{"Position":{"X":-29.133991241455078,"Y":0.6580221652984619,"Z":5.941515922546387},"RotationDegrees":{"X":0,"Y":0,"Z":0}},"after":{"Position":{"X":-29.133991241455078,"Y":0.6580221652984619,"Z":5.941515922546387},"RotationDegrees":{"X":0,"Y":76.7222900390625,"Z":0}},"focus":true,"mouseMode":"Captured","modal":false,"vehicle":false,"treePaused":false,"canProcess":true,"held":"[X: (-0.10566397, 0, -0.9944019), Y: (0, 1, 0), Z: (0.9944019, 0, -0.10566397), O: (-30.068327, 1.5165222, 5.721032)]","validHeld":true,"events":[{"stage":"input","relative":"(-719.2714, 0)","screenRelative":"(-479.5143, 0)","process":4160,"physics":3229,"yaw":0,"pitch":0},{"stage":"unhandled","relative":"(-719.2714, 0)","screenRelative":"(-479.5143, 0)","process":4160,"physics":3229,"yaw":76.72229,"pitch":0}]}
act1-carry: check one ordinary mouse event is delivered and applies the requested carry turn within the unchanged .15 degree tolerance
act1-carry: check carry the tool up the existing bath stair flight: actual input (-29.133991, 0.65802217, 5.941516) -> (-30.232456, 1.1049172, 5.6822987); no teleport/recovery; goal (-30.282448, 1.4110625, 5.6705036)
act1-carry: check the return turn uses captured ordinary mouse input
act1-carry-ordinary-turn: {"label":"follow the existing lower turn toward the supported side landing","ready":true,"requestedYaw":-10.742332,"yawDelta":-87.464874,"expectedScreenRelative":"(546.65546, 0)","deliveredScreenTotal":"(546.65546, 0)","delivered":1,"unhandled":1,"startedProcess":4200,"startedPhysics":3257,"unhandledProcess":4201,"process":4202,"physics":3258,"frames":3,"milliseconds":33,"before":{"Position":{"X":-30.23245620727539,"Y":1.1049171686172485,"Z":5.68229866027832},"RotationDegrees":{"X":0,"Y":76.7225341796875,"Z":0}},"after":{"Position":{"X":-30.23245620727539,"Y":1.1049171686172485,"Z":5.68229866027832},"RotationDegrees":{"X":0,"Y":-10.742339134216309,"Z":0}},"focus":true,"mouseMode":"Captured","modal":false,"vehicle":false,"treePaused":false,"canProcess":true,"held":"[X: (-0.10566397, 0, -0.9944019), Y: (0, 1, 0), Z: (0.9944019, 0, -0.10566397), O: (-30.05352, 1.9456594, 4.739125)]","validHeld":true,"events":[{"stage":"input","relative":"(819.9831, 0)","screenRelative":"(546.65546, 0)","process":4201,"physics":3257,"yaw":76.722534,"pitch":0},{"stage":"unhandled","relative":"(819.9831, 0)","screenRelative":"(546.65546, 0)","process":4201,"physics":3257,"yaw":-10.742339,"pitch":0}]}
act1-carry: check one ordinary mouse event is delivered and applies the requested carry turn within the unchanged .15 degree tolerance
act1-carry: check follow the existing lower turn toward the supported side landing: actual input (-30.232456, 1.1049172, 5.6822987) -> (-30.010672, 1.107009, 4.513228); no teleport/recovery; goal (-30.01603, 1.4110625, 4.5415125)
act1-carry: check the return turn uses captured ordinary mouse input
act1-carry-ordinary-turn: {"label":"reach the woodpile view by walking onto the actual upper landing","ready":true,"requestedYaw":78.208115,"yawDelta":88.931885,"expectedScreenRelative":"(-555.8243, 0)","deliveredScreenTotal":"(-555.8243, 0)","delivered":1,"unhandled":1,"startedProcess":4220,"startedPhysics":3283,"unhandledProcess":4221,"process":4222,"physics":3285,"frames":3,"milliseconds":35,"before":{"Position":{"X":-30.010671615600586,"Y":1.1070090532302856,"Z":4.513227939605713},"RotationDegrees":{"X":0,"Y":-10.723783493041992,"Z":0}},"after":{"Position":{"X":-30.010671615600586,"Y":1.1070090532302856,"Z":4.513227939605713},"RotationDegrees":{"X":0,"Y":78.20809173583984,"Z":0}},"focus":true,"mouseMode":"Captured","modal":false,"vehicle":false,"treePaused":false,"canProcess":true,"held":"[X: (-0.10566397, 0, -0.9944019), Y: (0, 1, 0), Z: (0.9944019, 0, -0.10566397), O: (-30.950409, 1.96538, 4.317045)]","validHeld":true,"events":[{"stage":"input","relative":"(-833.7363, 0)","screenRelative":"(-555.8243, 0)","process":4221,"physics":3283,"yaw":-10.7237835,"pitch":0},{"stage":"unhandled","relative":"(-833.7363, 0)","screenRelative":"(-555.8243, 0)","process":4221,"physics":3283,"yaw":78.20809,"pitch":0}]}
act1-carry: check one ordinary mouse event is delivered and applies the requested carry turn within the unchanged .15 degree tolerance
act1-carry: check reach the woodpile view by walking onto the actual upper landing: actual input (-30.010672, 1.107009, 4.513228) -> (-31.088951, 1.411361, 4.2881246); no teleport/recovery; goal (-31.096355, 1.4110625, 4.286577)
act1-carry: check woodpile route settles on a real support with an unobstructed standing capsule
act1-carry-woodpile-foot: offset=(-0.1,-0.18) owner=/root/Act1CarryInteractionSmokeTest/Act1Demo/Main/ZoneHost/Act1ConnectedWorld/Act1CoreWorldGreybox/BabaiBathhouse/BathEntryLandingBypassBody floor=(-31.287104, 1.4110625, 4.34411)
act1-carry: check both feet stand on the real upper landing, not terrain beneath it or a selected roof
act1-carry-woodpile-foot: offset=(-0.1,0) owner=/root/Act1CarryInteractionSmokeTest/Act1Demo/Main/ZoneHost/Act1ConnectedWorld/Act1CoreWorldGreybox/BabaiBathhouse/BathEntryLandingBypassBody floor=(-31.111917, 1.4110625, 4.385451)
act1-carry: check both feet stand on the real upper landing, not terrain beneath it or a selected roof
act1-carry-woodpile-foot: offset=(-0.1,0.18) owner=/root/Act1CarryInteractionSmokeTest/Act1Demo/Main/ZoneHost/Act1ConnectedWorld/Act1CoreWorldGreybox/BabaiBathhouse/BathEntryLandingBypassBody floor=(-30.93673, 1.4110625, 4.4267926)
act1-carry: check both feet stand on the real upper landing, not terrain beneath it or a selected roof
act1-carry-woodpile-foot: offset=(0,-0.18) owner=/root/Act1CarryInteractionSmokeTest/Act1Demo/Main/ZoneHost/Act1ConnectedWorld/Act1CoreWorldGreybox/BabaiBathhouse/BathEntryLandingBypassBody floor=(-31.264137, 1.4110625, 4.2467837)
act1-carry: check both feet stand on the real upper landing, not terrain beneath it or a selected roof
act1-carry-woodpile-foot: offset=(0,0) owner=/root/Act1CarryInteractionSmokeTest/Act1Demo/Main/ZoneHost/Act1ConnectedWorld/Act1CoreWorldGreybox/BabaiBathhouse/BathEntryLandingBypassBody floor=(-31.08895, 1.4110625, 4.288125)
act1-carry: check both feet stand on the real upper landing, not terrain beneath it or a selected roof
act1-carry-woodpile-foot: offset=(0,0.18) owner=/root/Act1CarryInteractionSmokeTest/Act1Demo/Main/ZoneHost/Act1ConnectedWorld/Act1CoreWorldGreybox/BabaiBathhouse/BathEntryLandingBypassBody floor=(-30.913761, 1.4110625, 4.3294654)
act1-carry: check both feet stand on the real upper landing, not terrain beneath it or a selected roof
act1-carry-woodpile-foot: offset=(0.1,-0.18) owner=/root/Act1CarryInteractionSmokeTest/Act1Demo/Main/ZoneHost/Act1ConnectedWorld/Act1CoreWorldGreybox/BabaiBathhouse/BathEntryLandingBypassBody floor=(-31.241173, 1.4110625, 4.149456)
act1-carry: check both feet stand on the real upper landing, not terrain beneath it or a selected roof
act1-carry-woodpile-foot: offset=(0.1,0) owner=/root/Act1CarryInteractionSmokeTest/Act1Demo/Main/ZoneHost/Act1ConnectedWorld/Act1CoreWorldGreybox/BabaiBathhouse/BathEntryLandingBypassBody floor=(-31.065983, 1.4110625, 4.1907973)
act1-carry: check both feet stand on the real upper landing, not terrain beneath it or a selected roof
act1-carry-woodpile-foot: offset=(0.1,0.18) owner=/root/Act1CarryInteractionSmokeTest/Act1Demo/Main/ZoneHost/Act1ConnectedWorld/Act1CoreWorldGreybox/BabaiBathhouse/BathEntryLandingBypassBody floor=(-30.890797, 1.4110625, 4.2321377)
act1-carry: check both feet stand on the real upper landing, not terrain beneath it or a selected roof
act1-carry: check the stair approach preserves actual custody and the complete held-object pose
act1-carry-woodpile-landing: feet=(-31.088951, 1.411361, 4.2881246) bathLocal=(3.7001953, 0.00029850006, 1.8475628) camera=[X: (-0.017548539, 0, -0.99984604), Y: (-0.99011534, 0.13917513, 0.017377751), Z: (0.1391537, 0.9902678, -0.0024423203), O: (-31.26892, 3.1100955, 4.291283)] target=/root/Act1CarryInteractionSmokeTest/Act1Demo/Main/ZoneHost/Act1ConnectedWorld/CarryCoordinator/YardTool_shovel/Use_shovel_woodpile targetPoint=(-31.6, 0.6201632, 4.3) centerDistance=2.5118623 rayOwner=/root/Act1CarryInteractionSmokeTest/Act1Demo/Main/ZoneHost/Act1ConnectedWorld/CarryCoordinator/YardTool_shovel/Use_shovel_woodpile held=carry-tool-shovel validHeld=True
state-final-render-sync-begin: label=carry/04a_woodpile_actual_landing tick=84423 drawn=4279 process=4279 physics=3319 windowVisible=True focus=True mode=Windowed renderLoop=True
state-final-render-sync-end: label=carry/04a_woodpile_actual_landing milliseconds=13 forcedScreenshotRender=False
act1-carry-capture-save-begin: /Users/unterlantas/Documents/GitHub/URMAN/docs/production/act1_takeover_evidence_2026-09-16/images-carry-24/04a_woodpile_actual_landing.png
act1-carry: check real camera capture 04a_woodpile_actual_landing
act1-carry: check the real 2.7m interaction ray from the walked landing reaches the actual snow or axe before any stair collider
state-final-render-sync-begin: label=carry/04b_snow_over_buried_axe tick=84604 drawn=4280 process=4280 physics=3321 windowVisible=True focus=True mode=Windowed renderLoop=True
state-final-render-sync-end: label=carry/04b_snow_over_buried_axe milliseconds=29 forcedScreenshotRender=False
act1-carry-capture-save-begin: /Users/unterlantas/Documents/GitHub/URMAN/docs/production/act1_takeover_evidence_2026-09-16/images-carry-24/04b_snow_over_buried_axe.png
act1-carry: check real camera capture 04b_snow_over_buried_axe
act1-carry: check second aimed clearing reveals its real object
state-final-render-sync-begin: label=carry/05_uncovered_axe tick=84829 drawn=4281 process=4281 physics=3335 windowVisible=True focus=True mode=Windowed renderLoop=True
state-final-render-sync-end: label=carry/05_uncovered_axe milliseconds=12 forcedScreenshotRender=False
act1-carry-capture-save-begin: /Users/unterlantas/Documents/GitHub/URMAN/docs/production/act1_takeover_evidence_2026-09-16/images-carry-24/05_uncovered_axe.png
act1-carry: check real camera capture 05_uncovered_axe
act1-carry: check the return turn uses captured ordinary mouse input
act1-carry-ordinary-turn: {"label":"return from the woodpile along the same supported side of the bath steps","ready":true,"requestedYaw":-103.287865,"yawDelta":165.70663,"expectedScreenRelative":"(-1035.6665, -512.5)","deliveredScreenTotal":"(-1035.6665, -512.5)","delivered":1,"unhandled":1,"startedProcess":4281,"startedPhysics":3335,"unhandledProcess":4282,"process":4283,"physics":3347,"frames":2,"milliseconds":51,"before":{"Position":{"X":-31.088951110839844,"Y":1.4113609790802002,"Z":4.2881245613098145},"RotationDegrees":{"X":-82,"Y":91.00550079345703,"Z":0}},"after":{"Position":{"X":-31.088951110839844,"Y":1.4113609790802002,"Z":4.2881245613098145},"RotationDegrees":{"X":0,"Y":-103.28785705566406,"Z":0}},"focus":true,"mouseMode":"Captured","modal":false,"vehicle":false,"treePaused":false,"canProcess":true,"held":"[X: (-0.10566397, 0, -0.9944019), Y: (0, 1, 0), Z: (0.9944019, 0, -0.10566397), O: (-30.154655, 2.2698567, 4.508774)]","validHeld":true,"events":[{"stage":"input","relative":"(-1553.4996, -768.74994)","screenRelative":"(-1035.6665, -512.5)","process":4282,"physics":3335,"yaw":91.0055,"pitch":-82},{"stage":"unhandled","relative":"(-1553.4996, -768.74994)","screenRelative":"(-1035.6665, -512.5)","process":4282,"physics":3335,"yaw":-103.28786,"pitch":0}]}
act1-carry: check one ordinary mouse event is delivered and applies the requested carry turn within the unchanged .15 degree tolerance
act1-carry: check return from the woodpile along the same supported side of the bath steps: actual input (-31.088951, 1.411361, 4.2881246) -> (-29.98582, 1.1070446, 4.5486465); no teleport/recovery; goal (-30.01603, 1.4110625, 4.5415125)
act1-carry: check the return turn uses captured ordinary mouse input
act1-carry-ordinary-turn: {"label":"return to the original lower stair flight with the same carried item","ready":true,"requestedYaw":165.18951,"yawDelta":-91.52252,"expectedScreenRelative":"(572.01575, 0)","deliveredScreenTotal":"(572.01575, 0)","delivered":1,"unhandled":1,"startedProcess":4307,"startedPhysics":3371,"unhandledProcess":4308,"process":4309,"physics":3373,"frames":3,"milliseconds":31,"before":{"Position":{"X":-29.985820770263672,"Y":1.1070445775985718,"Z":4.548646450042725},"RotationDegrees":{"X":0,"Y":-103.28797149658203,"Z":0}},"after":{"Position":{"X":-29.985820770263672,"Y":1.1070445775985718,"Z":4.548646450042725},"RotationDegrees":{"X":0,"Y":165.1894989013672,"Z":0}},"focus":true,"mouseMode":"Captured","modal":false,"vehicle":false,"treePaused":false,"canProcess":true,"held":"[X: (-0.10566397, 0, -0.9944019), Y: (0, 1, 0), Z: (0.9944019, 0, -0.10566397), O: (-30.231218, 1.9655445, 5.4767494)]","validHeld":true,"events":[{"stage":"input","relative":"(858.02356, 0)","screenRelative":"(572.01575, 0)","process":4308,"physics":3371,"yaw":-103.28797,"pitch":0},{"stage":"unhandled","relative":"(858.02356, 0)","screenRelative":"(572.01575, 0)","process":4308,"physics":3371,"yaw":165.1895,"pitch":0}]}
act1-carry: check one ordinary mouse event is delivered and applies the requested carry turn within the unchanged .15 degree tolerance
act1-carry: check return to the original lower stair flight with the same carried item: actual input (-29.98582, 1.1070446, 4.5486465) -> (-30.261032, 1.1070446, 5.589507); no teleport/recovery; goal (-30.282448, 1.4110625, 5.6705036)
act1-carry: check the return turn uses captured ordinary mouse input
act1-carry-ordinary-turn: {"label":"descend the actual bath stairs back to their ground approach","ready":true,"requestedYaw":-107.34516,"yawDelta":87.46539,"expectedScreenRelative":"(-546.6587, 0)","deliveredScreenTotal":"(-546.6587, 0)","delivered":1,"unhandled":1,"startedProcess":4355,"startedPhysics":3396,"unhandledProcess":4356,"process":4357,"physics":3397,"frames":3,"milliseconds":25,"before":{"Position":{"X":-30.261032104492188,"Y":1.1070445775985718,"Z":5.589507102966309},"RotationDegrees":{"X":0,"Y":165.18943786621094,"Z":0}},"after":{"Position":{"X":-30.261032104492188,"Y":1.1070445775985718,"Z":5.589507102966309},"RotationDegrees":{"X":0,"Y":-107.34516143798828,"Z":0}},"focus":true,"mouseMode":"Captured","modal":false,"vehicle":false,"treePaused":false,"canProcess":true,"held":"[X: (-0.10566397, 0, -0.9944019), Y: (0, 1, 0), Z: (0.9944019, 0, -0.10566397), O: (-29.34469, 1.9655445, 5.8757086)]","validHeld":true,"events":[{"stage":"input","relative":"(-819.988, 0)","screenRelative":"(-546.6587, 0)","process":4356,"physics":3396,"yaw":165.18944,"pitch":0},{"stage":"unhandled","relative":"(-819.988, 0)","screenRelative":"(-546.6587, 0)","process":4356,"physics":3396,"yaw":-107.34516,"pitch":0}]}
act1-carry: check one ordinary mouse event is delivered and applies the requested carry turn within the unchanged .15 degree tolerance
act1-carry: check descend the actual bath stairs back to their ground approach: actual input (-30.261032, 1.1070446, 5.589507) -> (-29.173494, 0.6570029, 5.9291706); no teleport/recovery; goal (-29.133991, 0.6949753, 5.941516)
act1-carry: check woodpile route settles on a real support with an unobstructed standing capsule
act1-carry: check the woodpile return ends grounded with the same real item and valid full-body carry pose
act1-carry: check the real ground beyond the lower stair supports the complete shovel: 
act1-carry: check ordinary placement frees both hands outside the bath steps
act1-carry: check woodpile approach uses the existing bath stair route and actual carried item
act1-carry-woodpile-candidate: terrainFeet=(-31.6, 0.45510456, 3.0500002) direction=(0, 0, -1) terrainFits=False contacts=[/root/Act1CarryInteractionSmokeTest/Act1Demo/Main/ZoneHost/Act1ConnectedWorld/Act1CoreWorldGreybox/AgentBExteriorWorld/AgentB_ArchitectureCollision shape=834] firstSurface=/root/Act1CarryInteractionSmokeTest/Act1Demo/Main/ZoneHost/Act1ConnectedWorld/Act1CoreWorldGreybox/AgentBExteriorWorld/AgentB_TerrainCollision surfacePoint=(-31.6, 0.43012094, 3.0500002) raisedFits=False diagnosticOnly=true
act1-carry-woodpile-candidate: terrainFeet=(-31.6, 0.7531637, 5.55) direction=(0, 0, 1) terrainFits=False contacts=[/root/Act1CarryInteractionSmokeTest/Act1Demo/Main/ZoneHost/Act1ConnectedWorld/Act1CoreWorldGreybox/AgentBExteriorWorld/AgentB_ArchitectureCollision shape=121 | /root/Act1CarryInteractionSmokeTest/Act1Demo/Main/ZoneHost/Act1ConnectedWorld/Act1CoreWorldGreybox/AgentBExteriorWorld/AgentB_ArchitectureCollision shape=129 | /root/Act1CarryInteractionSmokeTest/Act1Demo/Main/ZoneHost/Act1ConnectedWorld/Act1CoreWorldGreybox/BabaiBathhouse/BathEntryLandingBody shape=0 | /root/Act1CarryInteractionSmokeTest/Act1Demo/Main/ZoneHost/Act1ConnectedWorld/Act1CoreWorldGreybox/BabaiBathhouse/BathEntranceHinge/BathEntranceLeafBody shape=0 | /root/Act1CarryInteractionSmokeTest/Act1Demo/Main/ZoneHost/Act1ConnectedWorld/Act1CoreWorldGreybox/BabaiBathhouse/BathStoneFoundationBody shape=0] firstSurface=/root/Act1CarryInteractionSmokeTest/Act1Demo/Main/ZoneHost/Act1ConnectedWorld/Act1CoreWorldGreybox/BabaiBathhouse/BathEntryLandingBody surfacePoint=(-31.6, 1.4110625, 5.5499997) raisedFits=False diagnosticOnly=true
act1-carry-woodpile-candidate: terrainFeet=(-32.85, 0.737299, 4.3) direction=(-1, 0, 0) terrainFits=False contacts=[/root/Act1CarryInteractionSmokeTest/Act1Demo/Main/ZoneHost/Act1ConnectedWorld/Act1CoreWorldGreybox/Act1AuthoredExteriorKitPresentation/BabaiYardAuthoredWoodpile/AuthoredKitCollisionProxy shape=6 | /root/Act1CarryInteractionSmokeTest/Act1Demo/Main/ZoneHost/Act1ConnectedWorld/Act1CoreWorldGreybox/Act1AuthoredExteriorKitPresentation/BabaiYardAuthoredWoodpile/AuthoredKitCollisionProxy shape=5 | /root/Act1CarryInteractionSmokeTest/Act1Demo/Main/ZoneHost/Act1ConnectedWorld/Act1CoreWorldGreybox/Act1AuthoredExteriorKitPresentation/BabaiYardAuthoredWoodpile/AuthoredKitCollisionProxy shape=4 | /root/Act1CarryInteractionSmokeTest/Act1Demo/Main/ZoneHost/Act1ConnectedWorld/Act1CoreWorldGreybox/Act1AuthoredExteriorKitPresentation/BabaiYardAuthoredWoodpile/AuthoredKitCollisionProxy shape=3 | /root/Act1CarryInteractionSmokeTest/Act1Demo/Main/ZoneHost/Act1ConnectedWorld/Act1CoreWorldGreybox/Act1AuthoredExteriorKitPresentation/BabaiYardAuthoredWoodpile/AuthoredKitCollisionProxy shape=2 | /root/Act1CarryInteractionSmokeTest/Act1Demo/Main/ZoneHost/Act1ConnectedWorld/Act1CoreWorldGreybox/Act1AuthoredExteriorKitPresentation/BabaiYardAuthoredWoodpile/AuthoredKitCollisionProxy shape=1] firstSurface=/root/Act1CarryInteractionSmokeTest/Act1Demo/Main/ZoneHost/Act1ConnectedWorld/Act1CoreWorldGreybox/Act1AuthoredExteriorKitPresentation/BabaiYardAuthoredWoodpile/AuthoredKitCollisionProxy surfacePoint=(-32.850002, 1.3942018, 4.3000016) raisedFits=False diagnosticOnly=true
act1-carry-woodpile-candidate: terrainFeet=(-30.35, 0.5157404, 4.3) direction=(1, 0, 0) terrainFits=False contacts=[/root/Act1CarryInteractionSmokeTest/Act1Demo/Main/ZoneHost/Act1ConnectedWorld/Act1CoreWorldGreybox/BabaiBathhouse/BathEntryLandingBypassBody shape=0 | /root/Act1CarryInteractionSmokeTest/Act1Demo/Main/ZoneHost/Act1ConnectedWorld/Act1CoreWorldGreybox/BabaiBathhouse/BathEntryTread1Body shape=0 | /root/Act1CarryInteractionSmokeTest/Act1Demo/Main/ZoneHost/Act1ConnectedWorld/Act1CoreWorldGreybox/BabaiBathhouse/BathEntryTread2Body shape=0] firstSurface=/root/Act1CarryInteractionSmokeTest/Act1Demo/Main/ZoneHost/Act1ConnectedWorld/Act1CoreWorldGreybox/BabaiBathhouse/BathEntryTread1Body surfacePoint=(-30.350002, 1.2594265, 4.3000007) raisedFits=True diagnosticOnly=true
act1-carry-woodpile-candidate: terrainFeet=(-32.483883, 0.6009444, 3.4161167) direction=(-0.70710677, 0, -0.70710677) terrainFits=False contacts=[/root/Act1CarryInteractionSmokeTest/Act1Demo/Main/ZoneHost/Act1ConnectedWorld/Act1CoreWorldGreybox/Act1AuthoredExteriorKitPresentation/BabaiYardAuthoredWoodpile/AuthoredKitCollisionProxy shape=6 | /root/Act1CarryInteractionSmokeTest/Act1Demo/Main/ZoneHost/Act1ConnectedWorld/Act1CoreWorldGreybox/Act1AuthoredExteriorKitPresentation/BabaiYardAuthoredWoodpile/AuthoredKitCollisionProxy shape=0] firstSurface=/root/Act1CarryInteractionSmokeTest/Act1Demo/Main/ZoneHost/Act1ConnectedWorld/Act1CoreWorldGreybox/AgentBExteriorWorld/AgentB_TerrainCollision surfacePoint=(-32.483883, 0.5759752, 3.4161167) raisedFits=False diagnosticOnly=true
act1-carry-woodpile-candidate: terrainFeet=(-30.716118, 0.4384257, 3.4161167) direction=(0.70710677, 0, -0.70710677) terrainFits=True contacts=[] firstSurface=/root/Act1CarryInteractionSmokeTest/Act1Demo/Main/ZoneHost/Act1ConnectedWorld/Act1CoreWorldGreybox/AgentBExteriorWorld/AgentB_TerrainCollision surfacePoint=(-30.716118, 0.4134338, 3.4161167) raisedFits=True diagnosticOnly=true
act1-carry-woodpile-candidate: terrainFeet=(-32.483883, 0.7950678, 5.1838837) direction=(-0.70710677, 0, 0.70710677) terrainFits=False contacts=[/root/Act1CarryInteractionSmokeTest/Act1Demo/Main/ZoneHost/Act1ConnectedWorld/Act1CoreWorldGreybox/AgentBExteriorWorld/AgentB_ArchitectureCollision shape=833] firstSurface=/root/Act1CarryInteractionSmokeTest/Act1Demo/Main/ZoneHost/Act1ConnectedWorld/Act1CoreWorldGreybox/AgentBExteriorWorld/AgentB_ArchitectureCollision surfacePoint=(-32.483883, 0.7879998, 5.1838837) raisedFits=False diagnosticOnly=true
act1-carry-woodpile-candidate: terrainFeet=(-30.716118, 0.64978075, 5.1838837) direction=(0.70710677, 0, 0.70710677) terrainFits=False contacts=[/root/Act1CarryInteractionSmokeTest/Act1Demo/Main/ZoneHost/Act1ConnectedWorld/Act1CoreWorldGreybox/AgentBExteriorWorld/AgentB_ArchitectureCollision shape=133 | /root/Act1CarryInteractionSmokeTest/Act1Demo/Main/ZoneHost/Act1ConnectedWorld/Act1CoreWorldGreybox/BabaiBathhouse/BathEntryLandingBody shape=0 | /root/Act1CarryInteractionSmokeTest/Act1Demo/Main/ZoneHost/Act1ConnectedWorld/Act1CoreWorldGreybox/BabaiBathhouse/BathEntryLandingBypassBody shape=0 | /root/Act1CarryInteractionSmokeTest/Act1Demo/Main/ZoneHost/Act1ConnectedWorld/Act1CoreWorldGreybox/BabaiBathhouse/BathEntryTread1Body shape=0 | /root/Act1CarryInteractionSmokeTest/Act1Demo/Main/ZoneHost/Act1ConnectedWorld/Act1CoreWorldGreybox/BabaiBathhouse/BathEntryTread2Body shape=0] firstSurface=/root/Act1CarryInteractionSmokeTest/Act1Demo/Main/ZoneHost/Act1ConnectedWorld/Act1CoreWorldGreybox/BabaiBathhouse/BathEntryTread1Body surfacePoint=(-30.716118, 1.2594265, 5.183883) raisedFits=False diagnosticOnly=true
act1-carry: check return for the axe begins where the previous real descent ended
act1-carry: check woodpile route settles on a real support with an unobstructed standing capsule
act1-carry: check woodpile route begins on the real ground below the existing lower stair
act1-carry: check the return turn uses captured ordinary mouse input
act1-carry-ordinary-turn: {"label":"carry the tool up the existing bath stair flight","ready":true,"requestedYaw":76.87033,"yawDelta":-179.6897,"expectedScreenRelative":"(1123.0607, -392.433)","deliveredScreenTotal":"(1123.0607, -392.433)","delivered":1,"unhandled":1,"startedProcess":4412,"startedPhysics":3437,"unhandledProcess":4413,"process":4414,"physics":3438,"frames":3,"milliseconds":22,"before":{"Position":{"X":-29.173494338989258,"Y":0.6570029258728027,"Z":5.929170608520508},"RotationDegrees":{"X":-62.78927993774414,"Y":-103.43995666503906,"Z":0}},"after":{"Position":{"X":-29.173494338989258,"Y":0.6570029258728027,"Z":5.929170608520508},"RotationDegrees":{"X":0,"Y":76.8703384399414,"Z":0}},"focus":true,"mouseMode":"Captured","modal":false,"vehicle":false,"treePaused":false,"canProcess":true,"held":null,"validHeld":true,"events":[{"stage":"input","relative":"(1684.5908, -588.6495)","screenRelative":"(1123.0607, -392.433)","process":4413,"physics":3437,"yaw":-103.43996,"pitch":-62.78927993774414},{"stage":"unhandled","relative":"(1684.5908, -588.6495)","screenRelative":"(1123.0607, -392.433)","process":4413,"physics":3437,"yaw":76.87034,"pitch":0}]}
act1-carry: check one ordinary mouse event is delivered and applies the requested carry turn within the unchanged .15 degree tolerance
act1-carry: check carry the tool up the existing bath stair flight: actual input (-29.173494, 0.6570029, 5.9291706) -> (-30.259659, 1.1076033, 5.6758246); no teleport/recovery; goal (-30.282448, 1.4110625, 5.6705036)
act1-carry: check the return turn uses captured ordinary mouse input
act1-carry-ordinary-turn: {"label":"follow the existing lower turn toward the supported side landing","ready":true,"requestedYaw":-12.1219225,"yawDelta":-88.98859,"expectedScreenRelative":"(556.17865, 0)","deliveredScreenTotal":"(556.17865, 0)","delivered":1,"unhandled":1,"startedProcess":4455,"startedPhysics":3464,"unhandledProcess":4456,"process":4457,"physics":3466,"frames":3,"milliseconds":35,"before":{"Position":{"X":-30.259658813476562,"Y":1.1076033115386963,"Z":5.6758246421813965},"RotationDegrees":{"X":0,"Y":76.8666763305664,"Z":0}},"after":{"Position":{"X":-30.259658813476562,"Y":1.1076033115386963,"Z":5.6758246421813965},"RotationDegrees":{"X":0,"Y":-12.12189769744873,"Z":0}},"focus":true,"mouseMode":"Captured","modal":false,"vehicle":false,"treePaused":false,"canProcess":true,"held":null,"validHeld":true,"events":[{"stage":"input","relative":"(834.2679, 0)","screenRelative":"(556.17865, 0)","process":4456,"physics":3464,"yaw":76.86668,"pitch":0},{"stage":"unhandled","relative":"(834.2679, 0)","screenRelative":"(556.17865, 0)","process":4456,"physics":3464,"yaw":-12.121898,"pitch":0}]}
act1-carry: check one ordinary mouse event is delivered and applies the requested carry turn within the unchanged .15 degree tolerance
act1-carry: check follow the existing lower turn toward the supported side landing: actual input (-30.259659, 1.1076033, 5.6758246) -> (-30.033573, 1.1076033, 4.6231823); no teleport/recovery; goal (-30.01603, 1.4110625, 4.5415125)
act1-carry: check the return turn uses captured ordinary mouse input
act1-carry-ordinary-turn: {"label":"reach the woodpile view by walking onto the actual upper landing","ready":true,"requestedYaw":72.425934,"yawDelta":84.54736,"expectedScreenRelative":"(-528.421, 0)","deliveredScreenTotal":"(-528.421, 0)","delivered":1,"unhandled":1,"startedProcess":4476,"startedPhysics":3489,"unhandledProcess":4477,"process":4478,"physics":3492,"frames":3,"milliseconds":37,"before":{"Position":{"X":-30.033573150634766,"Y":1.1076033115386963,"Z":4.62318229675293},"RotationDegrees":{"X":0,"Y":-12.121408462524414,"Z":0}},"after":{"Position":{"X":-30.033573150634766,"Y":1.1076033115386963,"Z":4.62318229675293},"RotationDegrees":{"X":0,"Y":72.42594909667969,"Z":0}},"focus":true,"mouseMode":"Captured","modal":false,"vehicle":false,"treePaused":false,"canProcess":true,"held":null,"validHeld":true,"events":[{"stage":"input","relative":"(-792.6315, 0)","screenRelative":"(-528.421, 0)","process":4477,"physics":3490,"yaw":-12.121408,"pitch":0},{"stage":"unhandled","relative":"(-792.6315, 0)","screenRelative":"(-528.421, 0)","process":4477,"physics":3490,"yaw":72.42595,"pitch":0}]}
act1-carry: check one ordinary mouse event is delivered and applies the requested carry turn within the unchanged .15 degree tolerance
act1-carry: check reach the woodpile view by walking onto the actual upper landing: actual input (-30.033573, 1.1076033, 4.6231823) -> (-31.02472, 1.4111589, 4.3092012); no teleport/recovery; goal (-31.096355, 1.4110625, 4.286577)
act1-carry: check woodpile route settles on a real support with an unobstructed standing capsule
act1-carry-woodpile-foot: offset=(-0.1,-0.18) owner=/root/Act1CarryInteractionSmokeTest/Act1Demo/Main/ZoneHost/Act1ConnectedWorld/Act1CoreWorldGreybox/BabaiBathhouse/BathEntryLandingBypassBody floor=(-31.222874, 1.4110625, 4.3651867)
act1-carry: check both feet stand on the real upper landing, not terrain beneath it or a selected roof
act1-carry-woodpile-foot: offset=(-0.1,0) owner=/root/Act1CarryInteractionSmokeTest/Act1Demo/Main/ZoneHost/Act1ConnectedWorld/Act1CoreWorldGreybox/BabaiBathhouse/BathEntryLandingBypassBody floor=(-31.047686, 1.4110625, 4.4065275)
act1-carry: check both feet stand on the real upper landing, not terrain beneath it or a selected roof
act1-carry-woodpile-foot: offset=(-0.1,0.18) owner=/root/Act1CarryInteractionSmokeTest/Act1Demo/Main/ZoneHost/Act1ConnectedWorld/Act1CoreWorldGreybox/BabaiBathhouse/BathEntryLandingBypassBody floor=(-30.872496, 1.4110625, 4.4478683)
act1-carry: check both feet stand on the real upper landing, not terrain beneath it or a selected roof
act1-carry-woodpile-foot: offset=(0,-0.18) owner=/root/Act1CarryInteractionSmokeTest/Act1Demo/Main/ZoneHost/Act1ConnectedWorld/Act1CoreWorldGreybox/BabaiBathhouse/BathEntryLandingBypassBody floor=(-31.199905, 1.4110625, 4.267861)
act1-carry: check both feet stand on the real upper landing, not terrain beneath it or a selected roof
act1-carry-woodpile-foot: offset=(0,0) owner=/root/Act1CarryInteractionSmokeTest/Act1Demo/Main/ZoneHost/Act1ConnectedWorld/Act1CoreWorldGreybox/BabaiBathhouse/BathEntryLandingBypassBody floor=(-31.024717, 1.4110625, 4.3092012)
act1-carry: check both feet stand on the real upper landing, not terrain beneath it or a selected roof
act1-carry-woodpile-foot: offset=(0,0.18) owner=/root/Act1CarryInteractionSmokeTest/Act1Demo/Main/ZoneHost/Act1ConnectedWorld/Act1CoreWorldGreybox/BabaiBathhouse/BathEntryLandingBypassBody floor=(-30.84953, 1.4110625, 4.350541)
act1-carry: check both feet stand on the real upper landing, not terrain beneath it or a selected roof
act1-carry-woodpile-foot: offset=(0.1,-0.18) owner=/root/Act1CarryInteractionSmokeTest/Act1Demo/Main/ZoneHost/Act1ConnectedWorld/Act1CoreWorldGreybox/BabaiBathhouse/BathEntryLandingBypassBody floor=(-31.176939, 1.4110625, 4.170534)
act1-carry: check both feet stand on the real upper landing, not terrain beneath it or a selected roof
act1-carry-woodpile-foot: offset=(0.1,0) owner=/root/Act1CarryInteractionSmokeTest/Act1Demo/Main/ZoneHost/Act1ConnectedWorld/Act1CoreWorldGreybox/BabaiBathhouse/BathEntryLandingBypassBody floor=(-31.001753, 1.4110625, 4.2118745)
act1-carry: check both feet stand on the real upper landing, not terrain beneath it or a selected roof
act1-carry-woodpile-foot: offset=(0.1,0.18) owner=/root/Act1CarryInteractionSmokeTest/Act1Demo/Main/ZoneHost/Act1ConnectedWorld/Act1CoreWorldGreybox/BabaiBathhouse/BathEntryLandingBypassBody floor=(-30.826565, 1.4110625, 4.2532153)
act1-carry: check both feet stand on the real upper landing, not terrain beneath it or a selected roof
act1-carry: check the stair approach preserves actual custody and the complete held-object pose
act1-carry-woodpile-landing: feet=(-31.02472, 1.4111589, 4.3092012) bathLocal=(3.6944342, 9.6440315E-05, 1.914917) camera=[X: (0.018452983, 0, -0.9998297), Y: (-0.98754805, 0.15625855, -0.01822631), Z: (0.15623194, 0.9877162, 0.0028834364), O: (-31.204685, 3.109717, 4.3058796)] target=/root/Act1CarryInteractionSmokeTest/Act1Demo/Main/ZoneHost/Act1ConnectedWorld/CarryCoordinator/Carryable_carry-axe targetPoint=(-31.6, 0.6090371, 4.3) centerDistance=2.53174 rayOwner=/root/Act1CarryInteractionSmokeTest/Act1Demo/Main/ZoneHost/Act1ConnectedWorld/CarryCoordinator/Carryable_carry-axe held= validHeld=True
state-final-render-sync-begin: label=carry/05a_axe_actual_landing tick=88025 drawn=4525 process=4525 physics=3525 windowVisible=True focus=True mode=Windowed renderLoop=True
state-final-render-sync-end: label=carry/05a_axe_actual_landing milliseconds=13 forcedScreenshotRender=False
act1-carry-capture-save-begin: /Users/unterlantas/Documents/GitHub/URMAN/docs/production/act1_takeover_evidence_2026-09-16/images-carry-24/05a_axe_actual_landing.png
act1-carry: check real camera capture 05a_axe_actual_landing
act1-carry: check the real 2.7m interaction ray from the walked landing reaches the actual snow or axe before any stair collider
act1-carry: check uncovered axe can be taken
act1-carry: check the return turn uses captured ordinary mouse input
act1-carry-ordinary-turn: {"label":"return from the woodpile along the same supported side of the bath steps","ready":true,"requestedYaw":-102.96963,"yawDelta":168.0877,"expectedScreenRelative":"(-1050.5482, -506.31458)","deliveredScreenTotal":"(-1050.5482, -506.31458)","delivered":1,"unhandled":1,"startedProcess":4526,"startedPhysics":3531,"unhandledProcess":4527,"process":4528,"physics":3538,"frames":3,"milliseconds":54,"before":{"Position":{"X":-31.02471923828125,"Y":1.4111589193344116,"Z":4.309201240539551},"RotationDegrees":{"X":-81.01033020019531,"Y":88.94265747070312,"Z":0}},"after":{"Position":{"X":-31.02471923828125,"Y":1.4111589193344116,"Z":4.309201240539551},"RotationDegrees":{"X":0,"Y":-102.9696273803711,"Z":0}},"focus":true,"mouseMode":"Captured","modal":false,"vehicle":false,"treePaused":false,"canProcess":true,"held":"[X: (0.46902454, 0, -0.88318515), Y: (0, 1, 0), Z: (0.88318515, 0, 0.46902454), O: (-30.089212, 2.671081, 4.5246577)]","validHeld":true,"events":[{"stage":"input","relative":"(-1575.8221, -759.4718)","screenRelative":"(-1050.5482, -506.31458)","process":4527,"physics":3533,"yaw":88.94266,"pitch":-81.01033020019531},{"stage":"unhandled","relative":"(-1575.8221, -759.4718)","screenRelative":"(-1050.5482, -506.31458)","process":4527,"physics":3533,"yaw":-102.96963,"pitch":0}]}
act1-carry: check one ordinary mouse event is delivered and applies the requested carry turn within the unchanged .15 degree tolerance
act1-carry: check return from the woodpile along the same supported side of the bath steps: actual input (-31.02472, 1.4111589, 4.3092012) -> (-30.084244, 1.1591474, 4.5258026); no teleport/recovery; goal (-30.01603, 1.4110625, 4.5415125)
act1-carry: check the return turn uses captured ordinary mouse input
act1-carry-ordinary-turn: {"label":"return to the original lower stair flight with the same carried item","ready":true,"requestedYaw":170.17668,"yawDelta":-86.85394,"expectedScreenRelative":"(542.83716, 0)","deliveredScreenTotal":"(542.83716, 0)","delivered":1,"unhandled":1,"startedProcess":4548,"startedPhysics":3559,"unhandledProcess":4549,"process":4550,"physics":3560,"frames":3,"milliseconds":27,"before":{"Position":{"X":-30.084243774414062,"Y":1.1591473817825317,"Z":4.5258026123046875},"RotationDegrees":{"X":0,"Y":-102.9693832397461,"Z":0}},"after":{"Position":{"X":-30.084243774414062,"Y":1.1591473817825317,"Z":4.5258026123046875},"RotationDegrees":{"X":0,"Y":170.17665100097656,"Z":0}},"focus":true,"mouseMode":"Captured","modal":false,"vehicle":false,"treePaused":false,"canProcess":true,"held":"[X: (0.46902454, 0, -0.88318515), Y: (0, 1, 0), Z: (0.88318515, 0, 0.46902454), O: (-30.24803, 2.419146, 5.4717245)]","validHeld":true,"events":[{"stage":"input","relative":"(814.2557, 0)","screenRelative":"(542.83716, 0)","process":4549,"physics":3559,"yaw":-102.96938,"pitch":0},{"stage":"unhandled","relative":"(814.2557, 0)","screenRelative":"(542.83716, 0)","process":4549,"physics":3559,"yaw":170.17665,"pitch":0}]}
act1-carry: check one ordinary mouse event is delivered and applies the requested carry turn within the unchanged .15 degree tolerance
act1-carry: check return to the original lower stair flight with the same carried item: actual input (-30.084244, 1.1591474, 4.5258026) -> (-30.264486, 1.1086354, 5.5887246); no teleport/recovery; goal (-30.282448, 1.4110625, 5.6705036)
act1-carry: check the return turn uses captured ordinary mouse input
act1-carry-ordinary-turn: {"label":"descend the actual bath stairs back to their ground approach","ready":true,"requestedYaw":-107.331474,"yawDelta":85.05682,"expectedScreenRelative":"(-531.60516, 0)","deliveredScreenTotal":"(-531.60516, 0)","delivered":1,"unhandled":1,"startedProcess":4597,"startedPhysics":3583,"unhandledProcess":4598,"process":4599,"physics":3584,"frames":3,"milliseconds":24,"before":{"Position":{"X":-30.26448631286621,"Y":1.108635425567627,"Z":5.588724613189697},"RotationDegrees":{"X":0,"Y":167.61170959472656,"Z":0}},"after":{"Position":{"X":-30.26448631286621,"Y":1.108635425567627,"Z":5.588724613189697},"RotationDegrees":{"X":0,"Y":-107.3314437866211,"Z":0}},"focus":true,"mouseMode":"Captured","modal":false,"vehicle":false,"treePaused":false,"canProcess":true,"held":"[X: (0.46902454, 0, -0.88318515), Y: (0, 1, 0), Z: (0.88318515, 0, 0.46902454), O: (-29.348076, 2.3686352, 5.8747067)]","validHeld":true,"events":[{"stage":"input","relative":"(-797.40765, 0)","screenRelative":"(-531.60516, 0)","process":4598,"physics":3583,"yaw":167.61171,"pitch":0},{"stage":"unhandled","relative":"(-797.40765, 0)","screenRelative":"(-531.60516, 0)","process":4598,"physics":3583,"yaw":-107.33144,"pitch":0}]}
act1-carry: check one ordinary mouse event is delivered and applies the requested carry turn within the unchanged .15 degree tolerance
act1-carry: check descend the actual bath stairs back to their ground approach: actual input (-30.264486, 1.1086354, 5.5887246) -> (-29.177471, 0.6568058, 5.927934); no teleport/recovery; goal (-29.133991, 0.6949753, 5.941516)
act1-carry: check woodpile route settles on a real support with an unobstructed standing capsule
act1-carry: check the woodpile return ends grounded with the same real item and valid full-body carry pose
SaveGameV3 written to /Users/unterlantas/Library/Application Support/Godot/app_userdata/URMAN/savegames/carry-cleared-held.savegame-v3.json
act1-carry: check cleared yard and held object saved together
zone-loaded: village_day@arrival connected-world=109404229562
SaveGameV3 restored.
act1-carry: check load pristine snapshot
act1-carry: check missing deviations reset transforms, custody, concealment and snow
zone-loaded: village_day@arrival connected-world=109404229562
SaveGameV3 restored.
act1-carry: check load cleared/held snapshot
act1-carry: check restored held find is visible and the physical snow clearing persists
state-final-render-sync-begin: label=carry/06_loaded_held_axe tick=89862 drawn=4636 process=4636 physics=3633 windowVisible=True focus=True mode=Windowed renderLoop=True
state-final-render-sync-end: label=carry/06_loaded_held_axe milliseconds=15 forcedScreenshotRender=False
act1-carry-capture-save-begin: /Users/unterlantas/Documents/GitHub/URMAN/docs/production/act1_takeover_evidence_2026-09-16/images-carry-24/06_loaded_held_axe.png
act1-carry: check real camera capture 06_loaded_held_axe
act1-carry: check optional physical work grants no story transition
zone-loaded: village_day@arrival connected-world=109404229562
SaveGameV3 new game session started; existing slots untouched.
act1-carry: check new runtime session on persistent world
act1-carry: check New Game clears local consequences and re-registers custody
act1-carry: local stance refused feet=(-32.17394, 0.5594057, 3.4567518) target=(-32.17394, 0.74158806, 4.706752) direction=(0, 0, -1) phase=standing-capsule
act1-carry: local stance refused feet=(-32.17394, 0.8437785, 5.956752) target=(-32.17394, 0.74158806, 4.706752) direction=(0, 0, 1) phase=standing-capsule
act1-carry: local camera fixture (-33.42394, 0.8331761, 4.706752) target=(-32.17394, 0.74158806, 4.706752)
act1-carry: check pickup still works after New Game registration
act1-carry: PASS 323 meaningful local checks; no human duration/art claim
userdata guard: original files and permissions restored and verified
