Godot Engine v4.7.1.stable.mono.official.a13da4feb - https://godotengine.org
Metal 4.0 - Forward+ - Using Device #0: Apple - Apple M4 Pro (Apple9)

act1-facilities: facility proof uses a real native game window
act1-river: ice_slabs=31 blockers=29 road_gap_samples=2 bridge=broken@(15,-85)
village-chimney: /root/Act1FacilitiesSmokeTest/Act1Demo/Main/ZoneHost/Act1ConnectedWorld/Act1CoreWorldGreybox/Act1AuthoredExteriorKitPresentation/ArrivalAuthoredParcels/ArrivalForwardWestFacade/DwellingFacade_TimberPlaster/DwellingFacade_ChimneyCap_LOD0 top=(-10.2875, 4.7722464, 2.3450005)
village-chimney: /root/Act1FacilitiesSmokeTest/Act1Demo/Main/ZoneHost/Act1ConnectedWorld/Act1CoreWorldGreybox/Act1AuthoredExteriorKitPresentation/DistantPerimeterParcels/WestArrivalNearParcel/WestArrivalNearFacade/DwellingFacade_TimberPlaster/DwellingFacade_ChimneyCap_LOD0 top=(-19.730013, 3.9641316, 15.965501)
act1-terrain-room-cut: room=/root/Act1FacilitiesSmokeTest/Act1Demo/Main/ZoneHost/Act1ConnectedWorld/babay-abi-house half=(4, 3.5) affectedTriangles=48 clippedVertices=49980 publishedVertices=49980 physicsVertices=49980 visualAndPhysics=shared-published-faces
act1-apron-room-cut: mesh=/root/Act1FacilitiesSmokeTest/Act1Demo/Main/ZoneHost/Act1ConnectedWorld/Act1CoreWorldGreybox/AgentBExteriorWorld/AgentB_TerrainRoadKit/URMAN_AgentB_TerrainRoadKit/Apron_BabaiYard affectedTriangles=11 clippedVertices=123 surfaces=1 collision=existing-terrain-owner
act1-south-fence-house-junction: wallX=-33.5880 retainedMembers=13 retiredPostsAndCaps=10 supportedWestWing=2.4920m
act1-drain-bank-conform: mesh=/root/Act1FacilitiesSmokeTest/Act1Demo/Main/ZoneHost/Act1ConnectedWorld/Act1CoreWorldGreybox/AgentBExteriorWorld/AgentB_TerrainRoadKit/URMAN_AgentB_TerrainRoadKit/BabaiYard_EastFenceSwale originalTriangles=78 affectedTriangles=35 outputTriangles=3543 groundOwner=unchanged
act1-school-bank-cut: mesh=/root/Act1FacilitiesSmokeTest/Act1Demo/Main/ZoneHost/Act1ConnectedWorld/Act1CoreWorldGreybox/AgentBExteriorWorld/AgentB_TerrainRoadKit/URMAN_AgentB_TerrainRoadKit/Ditch_FieldBank_EastZirat room=/root/Act1FacilitiesSmokeTest/Act1Demo/Main/ZoneHost/Act1ConnectedWorld/Act1CoreWorldGreybox/Act1AuthoredExteriorKitPresentation/DistantPerimeterParcels/EastReturnMidParcel/EastReturnMidFacade/PublicInterior_school/MainRoom half=(2.5154998, 2.3804996) affectedTriangles=20 clippedVertices=486 publishedVertices=486 floorY=-0.0049708784 collision=unchanged-existing-terrain-and-timber-floor
act1-roadside-grounding: independent contact meshes=34; source meshes and usable footbridge preserved
act1-kit-blockers: placements=100 shapes=1707 carved_door_slabs=237 flat_slab_skipped=2473 exact_architecture_surfaces=911 hidden_skipped=7 road_clearance_skipped=0
act1-dwelling-threshold: placements=83 worst_analytic_vs_collision_delta=0.028m worst_placement=ArrivalForwardEastShed
act1-building-supports: supported foundations=137; maximum ground drop=1.136m; level entrances preserved
zone-loaded: village_day@arrival connected-world=108548591549
УРМАН Godot vertical slice ready: Painterly Low-Poly / first person
act1-smoke: background input replay; focus-loss pause isolated from this test scene
act1-window-surrounds: painted=1020
act1-legacy-sign: suppressed=1
zone-loaded: village_day@arrival connected-world=108548591549
SaveGameV3 new game session started; existing slots untouched.
act1-facilities: production main menu starts an ordinary New Game
act1-intro: confirmed with E
act1-facilities: ordinary exterior controls are active
act1-facilities: arrival cannot inspect either distant interior
SaveGameV3 written to /Users/unterlantas/Library/Application Support/Godot/app_userdata/URMAN/savegames/facilities-pristine.savegame-v3.json
act1-facilities: save the actual New Game before local fixtures
act1-facilities: the actual Facilities06 indoor birch is covered by the bath roof rule
act1-facilities: the roof-overlapping plant retains its identity with all LODs hidden
act1-facilities: every recorded stem belonging to that plant is disabled
act1-facilities: the known indoor birch retains its exact paired stem while the shared scenery body remains active
act1-facilities: the roof-overlapping plant retains its identity with all LODs hidden
act1-facilities: every recorded stem belonging to that plant is disabled
act1-facilities: six terrain-resting carry items use the shared authored support owner
act1-facilities: carry-log authored full body is clear of terrain, woodpile and neighbouring solids: ; pose=[X: (0.90124553, -0.16354421, -0.40126038), Y: (0.12671697, 0.9850308, -0.11686417), Z: (0.41436628, 0.05447681, 0.9084784), O: (-32.17394, 0.67658806, 4.706752)]
act1-facilities: carry-log has actual ground support across 9 footprint samples, gaps 0.0030–0.0030m
act1-facilities: carry-crate authored full body is clear of terrain, woodpile and neighbouring solids: ; pose=[X: (0.9776721, 0.031176694, 0.20781063), Y: (-0.011615854, 0.9954389, -0.09469197), Z: (-0.20981497, 0.0901638, 0.973575), O: (-27.5, 0.3315878, 2.8)]
act1-facilities: carry-crate has actual ground support across 12 footprint samples, gaps 0.0030–0.0059m
act1-facilities: carry-bucket authored full body is clear of terrain, woodpile and neighbouring solids: ; pose=[X: (0.98839056, 0.061550256, -0.13890925), Y: (-0.05954554, 0.9980533, 0.018545846), Z: (0.13978034, -0.010059113, 0.9901315), O: (-26.6, 0.26607022, 0.2)]
act1-facilities: carry-bucket has actual ground support across 9 footprint samples, gaps 0.0030–0.0069m
act1-facilities: carry-axe authored full body is clear of terrain, woodpile and neighbouring solids: ; pose=[X: (0.46482128, -0.14040194, -0.8742016), Y: (0.06272975, 0.99008816, -0.12566002), Z: (0.88317955, 0.0035709962, 0.46902144), O: (-31.6, 0.5715371, 4.3)]
act1-facilities: carry-axe has actual ground support across 9 footprint samples, gaps 0.0030–0.0033m
act1-facilities: carry-tool-shovel authored full body is clear of terrain, woodpile and neighbouring solids: ; pose=[X: (-0.104479425, -0.030640919, -0.9940549), Y: (-0.04023672, 0.9988371, -0.026559275), Z: (0.9937128, 0.037222613, -0.10559083), O: (-27.6, 0.22954099, 0.9)]
act1-facilities: carry-tool-shovel has actual ground support across 9 footprint samples, gaps 0.0030–0.0030m
act1-facilities: carry-tool-pole authored full body is clear of terrain, woodpile and neighbouring solids: ; pose=[X: (0.97797006, -0.019051604, -0.20787396), Y: (-0.002224457, 0.99481875, -0.10164018), Z: (0.20873332, 0.09986346, 0.9728606), O: (-28.1, 0.45865598, 4.2)]
act1-facilities: carry-tool-pole has actual ground support across 30 footprint samples, gaps 0.0030–0.0050m
act1-facilities: new bath steps preserve the previously authored loose log position
act1-facilities: existing loose log retains a supported unobstructed pickup approach beside the repaired steps
act1-facilities: supported local start fits standing capsule: outside existing Babai bathhouse footprint
act1-facilities: local start settles on real support: outside existing Babai bathhouse footprint
state-final-render-sync-begin: label=facility/01_bathhouse_approach tick=29316 drawn=6 process=6 physics=38 windowVisible=True focus=False mode=Windowed renderLoop=True
state-final-render-sync-forced: label=facility/01_bathhouse_approach forced screenshot render after native focus loss; one focus request + ForceDraw(false); no foreground or performance claim
state-final-render-sync-forced-readback: label=facility/01_bathhouse_approach framePostDraw=True pixels=1280x720 drawnDelta=0; screenshot evidence only
state-final-render-sync-end: label=facility/01_bathhouse_approach milliseconds=51 forcedScreenshotRender=True
act1-facility-camera: {"kind":"native-game-camera","file":"/Users/unterlantas/Documents/GitHub/URMAN/docs/production/act1_takeover_evidence_2026-09-16/images-facilities-09/01_bathhouse_approach.png","focus":false,"intendedAim":null,"cameraBefore":"[X: (1, 0, 0), Y: (0, 1, 0), Z: (0, 0, 1), O: (-29.133991, 2.3580222, 5.761516)]","cameraAfter":"[X: (1, 0, 0), Y: (0, 1, 0), Z: (0, 0, 1), O: (-29.133991, 2.3580222, 5.761516)]","cameraUnchangedDuringRender":true,"cameraTravel":0,"cameraForwardDot":1,"frameBefore":6,"frameAfter":6,"intendedAimDot":null,"humanArtReview":"not-run"}
act1-facilities: native window has actual focus; background input alone does not advance facility time or door animation; camera=(-29.133991, 2.3580222, 5.761516) ray=(-0, -0, -1) hit= shape= at=(0, 0, 0) held= busy=False registering=False registered=True heldPosition= heldPoseValid=False light= targetState= targetVisible= targetConcealed= modal=False pause=False focused=True physicsEnabled=True treePaused=False inputFrame=39/40 interactPresses=0 feedback= pickupProbe=
act1-facilities: climb the new lower flight along the clear yard side; actual=(-30.232725, 1.1050161, 5.682237), expected=(-30.282448, 1.4110625, 5.6705036)
act1-facilities: turn on the real upper landing toward the closed bath door; actual=(-31.586863, 1.4110732, 5.362688), expected=(-31.625557, 1.4110625, 5.353557)
act1-facilities: previous facility action finishes; camera=(-31.76205, 3.1091208, 5.3213477) ray=(-0.973269, -0, -0.22966827) hit= shape= at=(0, 0, 0) held= busy=False registering=False registered=True heldPosition= heldPoseValid=False light= targetState= targetVisible= targetConcealed= modal=False pause=False focused=True physicsEnabled=True treePaused=False inputFrame=95/96 interactPresses=0 feedback= pickupProbe=
act1-facilities: actual available aim at BathEntranceUse; layer=4; camera=(-31.640097, 3.1099434, 5.534636) ray=(-0.13926303, -0.88219297, 0.44982365) hit=/root/Act1FacilitiesSmokeTest/Act1Demo/Main/ZoneHost/Act1ConnectedWorld/village-main-road/BathEntranceUse shape=/root/Act1FacilitiesSmokeTest/Act1Demo/Main/ZoneHost/Act1ConnectedWorld/village-main-road/BathEntranceUse/SurfaceRay at=(-31.725449, 2.5692616, 5.810325) held= busy=False registering=False registered=True heldPosition= heldPoseValid=False light= targetState= targetVisible= targetConcealed= modal=False pause=False focused=True physicsEnabled=True treePaused=False inputFrame=98/99 interactPresses=0 feedback= pickupProbe=
act1-facility-door: {"kind":"door-input-probe","phase":"before-input","target":"urman.chapter1:local/bathhouse/entrance","feet":"(-31.586863, 1.4110732, 5.362688)","velocity":"(0, 0, 0)","forward":0,"backward":0,"left":0,"right":0,"interact":0,"focus":true,"modal":false,"sessionReady":true,"noticeActive":false,"focusedInteraction":"urman.chapter1:local/bathhouse/entrance","transformRevision":4,"angle":3.1415927,"actionNumber":0,"action":"not-called","result":"not-called","sweep":"not-called","aim":"camera=(-31.640097, 3.1099434, 5.534636) ray=(-0.13926303, -0.88219297, 0.44982365) hit=/root/Act1FacilitiesSmokeTest/Act1Demo/Main/ZoneHost/Act1ConnectedWorld/village-main-road/BathEntranceUse shape=/root/Act1FacilitiesSmokeTest/Act1Demo/Main/ZoneHost/Act1ConnectedWorld/village-main-road/BathEntranceUse/SurfaceRay at=(-31.725449, 2.5692616, 5.810325) held= busy=False registering=False registered=True heldPosition= heldPoseValid=False light= targetState= targetVisible= targetConcealed= modal=False pause=False focused=True physicsEnabled=True treePaused=False inputFrame=98/99 interactPresses=0 feedback= pickupProbe="}
act1-facilities: BathEntranceUse: passive focus follows the actual door during a result notice
act1-facility-door: {"kind":"door-input-probe","phase":"after-input","target":"urman.chapter1:local/bathhouse/entrance","feet":"(-31.586863, 1.4110732, 5.362688)","velocity":"(0, 0, 0)","forward":0,"backward":0,"left":0,"right":0,"interact":0,"focus":true,"modal":false,"sessionReady":true,"noticeActive":true,"focusedInteraction":"urman.chapter1:local/bathhouse/entrance","transformRevision":4,"angle":3.1415927,"actionNumber":1,"action":"{\u0022phase\u0022:\u0022received\u0022,\u0022key\u0022:\u0022bathhouse/entrance\u0022,\u0022busy\u0022:false,\u0022sessionReady\u0022:true,\u0022feet\u0022:\u0022(-31.586863, 1.4110732, 5.362688)\u0022,\u0022focus\u0022:true,\u0022forward\u0022:0,\u0022backward\u0022:0,\u0022left\u0022:0,\u0022right\u0022:0}","result":"blocked-by-full-shape-sweep","sweep":"{\u0022clear\u0022:false,\u0022sample\u0022:15,\u0022samples\u0022:105,\u0022yaw\u0022:2.8972466,\u0022size\u0022:\u0022(0.065, 2.0879998, 1.1)\u0022,\u0022pose\u0022:\u0022[X: (-0.458304, 0, 0.88879555), Y: (0, 1, 0), Z: (-0.88879555, 0, -0.458304), O: (-31.689943, 2.4670625, 5.7410717)]\u0022,\u0022collider\u0022:\u0022/root/Act1FacilitiesSmokeTest/Act1Demo/Main/Player\u0022,\u0022shapeIndex\u0022:0,\u0022shapePath\u0022:\u0022/root/Act1FacilitiesSmokeTest/Act1Demo/Main/Player/CollisionShape3D\u0022,\u0022authoredSourceMesh\u0022:null}","aim":"camera=(-31.640097, 3.110619, 5.534636) ray=(-0.13926303, -0.88219297, 0.44982365) hit=/root/Act1FacilitiesSmokeTest/Act1Demo/Main/ZoneHost/Act1ConnectedWorld/village-main-road/BathEntranceUse shape=/root/Act1FacilitiesSmokeTest/Act1Demo/Main/ZoneHost/Act1ConnectedWorld/village-main-road/BathEntranceUse/SurfaceRay at=(-31.725449, 2.5699372, 5.810325) held= busy=False registering=False registered=True heldPosition= heldPoseValid=False light= targetState= targetVisible= targetConcealed= modal=False pause=False focused=True physicsEnabled=True treePaused=False inputFrame=100/104 interactPresses=1 feedback= pickupProbe="}
act1-facilities: BathEntranceUse: one deliberate mapped press reaches exactly one door callback
act1-facilities: facility transaction and existing checkpoint save finish; camera=(-31.640097, 3.110619, 5.534636) ray=(-0.13926303, -0.88219297, 0.44982365) hit=/root/Act1FacilitiesSmokeTest/Act1Demo/Main/ZoneHost/Act1ConnectedWorld/village-main-road/BathEntranceUse shape=/root/Act1FacilitiesSmokeTest/Act1Demo/Main/ZoneHost/Act1ConnectedWorld/village-main-road/BathEntranceUse/SurfaceRay at=(-31.725449, 2.5699372, 5.810325) held= busy=False registering=False registered=True heldPosition= heldPoseValid=False light= targetState= targetVisible= targetConcealed= modal=False pause=False focused=True physicsEnabled=True treePaused=False inputFrame=100/104 interactPresses=1 feedback= pickupProbe=
act1-facility-door: {"kind":"door-input-probe","phase":"after-transaction","target":"urman.chapter1:local/bathhouse/entrance","feet":"(-31.586863, 1.4110732, 5.362688)","velocity":"(0, 0, 0)","forward":0,"backward":0,"left":0,"right":0,"interact":0,"focus":true,"modal":false,"sessionReady":true,"noticeActive":true,"focusedInteraction":"urman.chapter1:local/bathhouse/entrance","transformRevision":4,"angle":3.1415927,"actionNumber":1,"action":"{\u0022phase\u0022:\u0022received\u0022,\u0022key\u0022:\u0022bathhouse/entrance\u0022,\u0022busy\u0022:false,\u0022sessionReady\u0022:true,\u0022feet\u0022:\u0022(-31.586863, 1.4110732, 5.362688)\u0022,\u0022focus\u0022:true,\u0022forward\u0022:0,\u0022backward\u0022:0,\u0022left\u0022:0,\u0022right\u0022:0}","result":"blocked-by-full-shape-sweep","sweep":"{\u0022clear\u0022:false,\u0022sample\u0022:15,\u0022samples\u0022:105,\u0022yaw\u0022:2.8972466,\u0022size\u0022:\u0022(0.065, 2.0879998, 1.1)\u0022,\u0022pose\u0022:\u0022[X: (-0.458304, 0, 0.88879555), Y: (0, 1, 0), Z: (-0.88879555, 0, -0.458304), O: (-31.689943, 2.4670625, 5.7410717)]\u0022,\u0022collider\u0022:\u0022/root/Act1FacilitiesSmokeTest/Act1Demo/Main/Player\u0022,\u0022shapeIndex\u0022:0,\u0022shapePath\u0022:\u0022/root/Act1FacilitiesSmokeTest/Act1Demo/Main/Player/CollisionShape3D\u0022,\u0022authoredSourceMesh\u0022:null}","aim":"camera=(-31.640097, 3.1108105, 5.534636) ray=(-0.13926303, -0.88219297, 0.44982365) hit=/root/Act1FacilitiesSmokeTest/Act1Demo/Main/ZoneHost/Act1ConnectedWorld/village-main-road/BathEntranceUse shape=/root/Act1FacilitiesSmokeTest/Act1Demo/Main/ZoneHost/Act1ConnectedWorld/village-main-road/BathEntranceUse/SurfaceRay at=(-31.725449, 2.5701287, 5.810325) held= busy=False registering=False registered=True heldPosition= heldPoseValid=False light= targetState= targetVisible= targetConcealed= modal=False pause=False focused=True physicsEnabled=True treePaused=False inputFrame=100/107 interactPresses=1 feedback= pickupProbe="}
act1-facilities: player in the opening sweep causes refusal without state or angle changes
act1-facilities: the first door refusal is specifically the actual player collision; static obstructions cannot masquerade as this case
state-final-render-sync-begin: label=facility/02_bath_door_player_refusal tick=30579 drawn=95 process=95 physics=107 windowVisible=True focus=True mode=Windowed renderLoop=True
state-final-render-sync-end: label=facility/02_bath_door_player_refusal milliseconds=9 forcedScreenshotRender=False
act1-facility-camera: {"kind":"native-game-camera","file":"/Users/unterlantas/Documents/GitHub/URMAN/docs/production/act1_takeover_evidence_2026-09-16/images-facilities-09/02_bath_door_player_refusal.png","focus":true,"intendedAim":null,"cameraBefore":"[X: (-0.9552668, 0, -0.29574555), Y: (-0.26090467, 0.47088802, 0.8427297), Z: (0.13926303, 0.88219297, -0.44982365), O: (-31.640097, 3.1108105, 5.534636)]","cameraAfter":"[X: (-0.9552668, 0, -0.29574555), Y: (-0.26090467, 0.47088802, 0.8427297), Z: (0.13926303, 0.88219297, -0.44982365), O: (-31.640097, 3.1108541, 5.534636)]","cameraUnchangedDuringRender":false,"cameraTravel":4.36306E-05,"cameraForwardDot":1,"frameBefore":95,"frameAfter":95,"intendedAimDot":null,"humanArtReview":"not-run"}
act1-facilities: step out of the door sweep; actual=(-30.307096, 1.107898, 5.664687), expected=(-30.282448, 1.4110625, 5.6705036)
act1-facilities: previous facility action finishes; camera=(-30.131908, 2.8078966, 5.706026) ray=(0.9732706, -0, 0.2296613) hit= shape= at=(0, 0, 0) held= busy=False registering=False registered=True heldPosition= heldPoseValid=False light= targetState= targetVisible= targetConcealed= modal=False pause=False focused=True physicsEnabled=True treePaused=False inputFrame=100/135 interactPresses=1 feedback= pickupProbe=
act1-facilities: actual available aim at BathEntranceUse; layer=4; camera=(-30.485323, 2.807897, 5.6898923) ray=(-0.9548284, -0.2647048, 0.13503397) hit=/root/Act1FacilitiesSmokeTest/Act1Demo/Main/ZoneHost/Act1ConnectedWorld/village-main-road/BathEntranceUse shape=/root/Act1FacilitiesSmokeTest/Act1Demo/Main/ZoneHost/Act1ConnectedWorld/village-main-road/BathEntranceUse/SurfaceRay at=(-31.57985, 2.5044634, 5.844683) held= busy=False registering=False registered=True heldPosition= heldPoseValid=False light= targetState= targetVisible= targetConcealed= modal=False pause=False focused=True physicsEnabled=True treePaused=False inputFrame=100/138 interactPresses=1 feedback= pickupProbe=
act1-facility-door: {"kind":"door-input-probe","phase":"before-input","target":"urman.chapter1:local/bathhouse/entrance","feet":"(-30.307096, 1.107898, 5.664687)","velocity":"(0, 0, 0)","forward":0,"backward":0,"left":0,"right":0,"interact":0,"focus":true,"modal":false,"sessionReady":true,"noticeActive":true,"focusedInteraction":"urman.chapter1:local/bathhouse/entrance","transformRevision":4,"angle":3.1415927,"actionNumber":1,"action":"{\u0022phase\u0022:\u0022received\u0022,\u0022key\u0022:\u0022bathhouse/entrance\u0022,\u0022busy\u0022:false,\u0022sessionReady\u0022:true,\u0022feet\u0022:\u0022(-31.586863, 1.4110732, 5.362688)\u0022,\u0022focus\u0022:true,\u0022forward\u0022:0,\u0022backward\u0022:0,\u0022left\u0022:0,\u0022right\u0022:0}","result":"blocked-by-full-shape-sweep","sweep":"{\u0022clear\u0022:false,\u0022sample\u0022:15,\u0022samples\u0022:105,\u0022yaw\u0022:2.8972466,\u0022size\u0022:\u0022(0.065, 2.0879998, 1.1)\u0022,\u0022pose\u0022:\u0022[X: (-0.458304, 0, 0.88879555), Y: (0, 1, 0), Z: (-0.88879555, 0, -0.458304), O: (-31.689943, 2.4670625, 5.7410717)]\u0022,\u0022collider\u0022:\u0022/root/Act1FacilitiesSmokeTest/Act1Demo/Main/Player\u0022,\u0022shapeIndex\u0022:0,\u0022shapePath\u0022:\u0022/root/Act1FacilitiesSmokeTest/Act1Demo/Main/Player/CollisionShape3D\u0022,\u0022authoredSourceMesh\u0022:null}","aim":"camera=(-30.485323, 2.807897, 5.6898923) ray=(-0.9548284, -0.2647048, 0.13503397) hit=/root/Act1FacilitiesSmokeTest/Act1Demo/Main/ZoneHost/Act1ConnectedWorld/village-main-road/BathEntranceUse shape=/root/Act1FacilitiesSmokeTest/Act1Demo/Main/ZoneHost/Act1ConnectedWorld/village-main-road/BathEntranceUse/SurfaceRay at=(-31.57985, 2.5044634, 5.844683) held= busy=False registering=False registered=True heldPosition= heldPoseValid=False light= targetState= targetVisible= targetConcealed= modal=False pause=False focused=True physicsEnabled=True treePaused=False inputFrame=100/138 interactPresses=1 feedback= pickupProbe="}
act1-facilities: BathEntranceUse: passive focus follows the actual door during a result notice
SaveGameV3 written to /Users/unterlantas/Library/Application Support/Godot/app_userdata/URMAN/savegames/checkpoint.savegame-v3.json
act1-facility-door: {"kind":"door-input-probe","phase":"after-input","target":"urman.chapter1:local/bathhouse/entrance","feet":"(-30.307096, 1.107898, 5.664687)","velocity":"(0, 0, 0)","forward":0,"backward":0,"left":0,"right":0,"interact":0,"focus":true,"modal":false,"sessionReady":true,"noticeActive":true,"focusedInteraction":"urman.chapter1:local/bathhouse/entrance","transformRevision":4,"angle":3.0015929,"actionNumber":2,"action":"{\u0022phase\u0022:\u0022received\u0022,\u0022key\u0022:\u0022bathhouse/entrance\u0022,\u0022busy\u0022:false,\u0022sessionReady\u0022:true,\u0022feet\u0022:\u0022(-30.307096, 1.107898, 5.664687)\u0022,\u0022focus\u0022:true,\u0022forward\u0022:0,\u0022backward\u0022:0,\u0022left\u0022:0,\u0022right\u0022:0}","result":"committed","sweep":"{\u0022clear\u0022:true,\u0022samples\u0022:105,\u0022from\u0022:3.1415927,\u0022to\u0022:1.43117}","aim":"camera=(-30.485323, 2.8078976, 5.6898923) ray=(-0.9548284, -0.2647048, 0.13503397) hit=/root/Act1FacilitiesSmokeTest/Act1Demo/Main/ZoneHost/Act1ConnectedWorld/village-main-road/BathEntranceUse shape=/root/Act1FacilitiesSmokeTest/Act1Demo/Main/ZoneHost/Act1ConnectedWorld/village-main-road/BathEntranceUse/SurfaceRay at=(-31.465187, 2.5362523, 5.8284674) held= busy=False registering=False registered=True heldPosition= heldPoseValid=False light= targetState= targetVisible= targetConcealed= modal=False pause=False focused=True physicsEnabled=True treePaused=False inputFrame=139/143 interactPresses=2 feedback= pickupProbe="}
act1-facilities: BathEntranceUse: one deliberate mapped press reaches exactly one door callback
act1-facilities: facility transaction and existing checkpoint save finish; camera=(-30.485323, 2.8078976, 5.6898923) ray=(-0.9548284, -0.2647048, 0.13503397) hit=/root/Act1FacilitiesSmokeTest/Act1Demo/Main/ZoneHost/Act1ConnectedWorld/village-main-road/BathEntranceUse shape=/root/Act1FacilitiesSmokeTest/Act1Demo/Main/ZoneHost/Act1ConnectedWorld/village-main-road/BathEntranceUse/SurfaceRay at=(-31.465187, 2.5362523, 5.8284674) held= busy=False registering=False registered=True heldPosition= heldPoseValid=False light= targetState= targetVisible= targetConcealed= modal=False pause=False focused=True physicsEnabled=True treePaused=False inputFrame=139/143 interactPresses=2 feedback= pickupProbe=
act1-facility-door: {"kind":"door-input-probe","phase":"after-transaction","target":"urman.chapter1:local/bathhouse/entrance","feet":"(-30.307096, 1.107898, 5.664687)","velocity":"(0, 0, 0)","forward":0,"backward":0,"left":0,"right":0,"interact":0,"focus":true,"modal":false,"sessionReady":true,"noticeActive":true,"focusedInteraction":"urman.chapter1:local/bathhouse/entrance","transformRevision":4,"angle":2.861593,"actionNumber":2,"action":"{\u0022phase\u0022:\u0022received\u0022,\u0022key\u0022:\u0022bathhouse/entrance\u0022,\u0022busy\u0022:false,\u0022sessionReady\u0022:true,\u0022feet\u0022:\u0022(-30.307096, 1.107898, 5.664687)\u0022,\u0022focus\u0022:true,\u0022forward\u0022:0,\u0022backward\u0022:0,\u0022left\u0022:0,\u0022right\u0022:0}","result":"committed","sweep":"{\u0022clear\u0022:true,\u0022samples\u0022:105,\u0022from\u0022:3.1415927,\u0022to\u0022:1.43117}","aim":"camera=(-30.485323, 2.8078978, 5.6898923) ray=(-0.9548284, -0.2647048, 0.13503397) hit=/root/Act1FacilitiesSmokeTest/Act1Demo/Main/ZoneHost/Act1ConnectedWorld/village-main-road/BathEntranceUse shape=/root/Act1FacilitiesSmokeTest/Act1Demo/Main/ZoneHost/Act1ConnectedWorld/village-main-road/BathEntranceUse/SurfaceRay at=(-31.394644, 2.5558088, 5.818491) held= busy=False registering=False registered=True heldPosition= heldPoseValid=False light= targetState= targetVisible= targetConcealed= modal=False pause=False focused=True physicsEnabled=True treePaused=False inputFrame=139/146 interactPresses=2 feedback= pickupProbe="}
act1-facility-door: {"kind":"door-input-probe","phase":"waiting-angle","target":"urman.chapter1:local/bathhouse/entrance","feet":"(-30.307096, 1.107898, 5.664687)","velocity":"(0, 0, 0)","forward":0,"backward":0,"left":0,"right":0,"interact":0,"focus":true,"modal":false,"sessionReady":true,"noticeActive":true,"focusedInteraction":"urman.chapter1:local/bathhouse/entrance","transformRevision":4,"angle":1.43117,"actionNumber":2,"action":"{\u0022phase\u0022:\u0022received\u0022,\u0022key\u0022:\u0022bathhouse/entrance\u0022,\u0022busy\u0022:false,\u0022sessionReady\u0022:true,\u0022feet\u0022:\u0022(-30.307096, 1.107898, 5.664687)\u0022,\u0022focus\u0022:true,\u0022forward\u0022:0,\u0022backward\u0022:0,\u0022left\u0022:0,\u0022right\u0022:0}","result":"committed","sweep":"{\u0022clear\u0022:true,\u0022samples\u0022:105,\u0022from\u0022:3.1415927,\u0022to\u0022:1.43117}","aim":"camera=(-30.485323, 2.8078978, 5.6898923) ray=(-0.9548284, -0.2647048, 0.13503397) hit=/root/Act1FacilitiesSmokeTest/Act1Demo/Main/ZoneHost/Act1ConnectedWorld/village-main-road/BathEntranceUse shape=/root/Act1FacilitiesSmokeTest/Act1Demo/Main/ZoneHost/Act1ConnectedWorld/village-main-road/BathEntranceUse/SurfaceRay at=(-31.052544, 2.6506493, 5.770108) held= busy=False registering=False registered=True heldPosition= heldPoseValid=False light= targetState= targetVisible= targetConcealed= modal=False pause=False focused=True physicsEnabled=True treePaused=False inputFrame=139/177 interactPresses=2 feedback= pickupProbe="}
act1-facility-door: {"kind":"door-input-probe","phase":"finished-angle-wait","target":"urman.chapter1:local/bathhouse/entrance","feet":"(-30.307096, 1.107898, 5.664687)","velocity":"(0, 0, 0)","forward":0,"backward":0,"left":0,"right":0,"interact":0,"focus":true,"modal":false,"sessionReady":true,"noticeActive":true,"focusedInteraction":"urman.chapter1:local/bathhouse/entrance","transformRevision":4,"angle":1.43117,"actionNumber":2,"action":"{\u0022phase\u0022:\u0022received\u0022,\u0022key\u0022:\u0022bathhouse/entrance\u0022,\u0022busy\u0022:false,\u0022sessionReady\u0022:true,\u0022feet\u0022:\u0022(-30.307096, 1.107898, 5.664687)\u0022,\u0022focus\u0022:true,\u0022forward\u0022:0,\u0022backward\u0022:0,\u0022left\u0022:0,\u0022right\u0022:0}","result":"committed","sweep":"{\u0022clear\u0022:true,\u0022samples\u0022:105,\u0022from\u0022:3.1415927,\u0022to\u0022:1.43117}","aim":"camera=(-30.485323, 2.8078978, 5.6898923) ray=(-0.9548284, -0.2647048, 0.13503397) hit=/root/Act1FacilitiesSmokeTest/Act1Demo/Main/ZoneHost/Act1ConnectedWorld/village-main-road/BathEntranceUse shape=/root/Act1FacilitiesSmokeTest/Act1Demo/Main/ZoneHost/Act1ConnectedWorld/village-main-road/BathEntranceUse/SurfaceRay at=(-31.052544, 2.6506493, 5.770108) held= busy=False registering=False registered=True heldPosition= heldPoseValid=False light= targetState= targetVisible= targetConcealed= modal=False pause=False focused=True physicsEnabled=True treePaused=False inputFrame=139/177 interactPresses=2 feedback= pickupProbe="}
act1-facilities: bath entrance opens its full 98-degree outward arc after clearing the player
act1-facilities: saving a door action keeps the stove interaction ray present
act1-facilities: bath door bypass has a real flat landing support
act1-facilities: bath bypass stands on its authored upper landing, not terrain underneath it
act1-facilities: both feet retain a complete level support beside the trimmed axe clearance
act1-facilities: both feet retain a complete level support beside the trimmed axe clearance
act1-facilities: both feet retain a complete level support beside the trimmed axe clearance
act1-facilities: both feet retain a complete level support beside the trimmed axe clearance
act1-facilities: both feet retain a complete level support beside the trimmed axe clearance
act1-facilities: both feet retain a complete level support beside the trimmed axe clearance
act1-facilities: both feet retain a complete level support beside the trimmed axe clearance
act1-facilities: both feet retain a complete level support beside the trimmed axe clearance
act1-facilities: both feet retain a complete level support beside the trimmed axe clearance
act1-facilities: full standing capsule fits beside the open leaf and the preserved shelter
act1-facilities: bath door bypass has a real flat landing support
act1-facilities: bath bypass stands on its authored upper landing, not terrain underneath it
act1-facilities: both feet retain a complete level support beside the trimmed axe clearance
act1-facilities: both feet retain a complete level support beside the trimmed axe clearance
act1-facilities: both feet retain a complete level support beside the trimmed axe clearance
act1-facilities: both feet retain a complete level support beside the trimmed axe clearance
act1-facilities: both feet retain a complete level support beside the trimmed axe clearance
act1-facilities: both feet retain a complete level support beside the trimmed axe clearance
act1-facilities: both feet retain a complete level support beside the trimmed axe clearance
act1-facilities: both feet retain a complete level support beside the trimmed axe clearance
act1-facilities: both feet retain a complete level support beside the trimmed axe clearance
act1-facilities: full standing capsule fits beside the open leaf and the preserved shelter
act1-facilities: bath door bypass has a real flat landing support
act1-facilities: bath bypass stands on its authored upper landing, not terrain underneath it
act1-facilities: both feet retain a complete level support beside the trimmed axe clearance
act1-facilities: both feet retain a complete level support beside the trimmed axe clearance
act1-facilities: both feet retain a complete level support beside the trimmed axe clearance
act1-facilities: both feet retain a complete level support beside the trimmed axe clearance
act1-facilities: both feet retain a complete level support beside the trimmed axe clearance
act1-facilities: both feet retain a complete level support beside the trimmed axe clearance
act1-facilities: both feet retain a complete level support beside the trimmed axe clearance
act1-facilities: both feet retain a complete level support beside the trimmed axe clearance
act1-facilities: both feet retain a complete level support beside the trimmed axe clearance
act1-facilities: full standing capsule fits beside the open leaf and the preserved shelter
act1-facilities: walk on the supported side of the fully open bath leaf; actual=(-30.037003, 1.107898, 4.6224504), expected=(-30.01603, 1.4110625, 4.5415125)
act1-facilities: walk on the supported side of the fully open bath leaf; actual=(-31.03329, 1.4111726, 4.306521), expected=(-31.096355, 1.4110625, 4.286577)
act1-facilities: walk on the supported side of the fully open bath leaf; actual=(-31.208178, 1.4111726, 4.7855983), expected=(-31.224972, 1.4110625, 4.8316073)
act1-facilities: reach the original landing from the clear side of the open leaf; actual=(-31.577295, 1.4111726, 5.2878866), expected=(-31.625557, 1.4110625, 5.353557)
state-final-render-sync-begin: label=facility/02b_bath_open_door_bypass tick=32987 drawn=292 process=292 physics=252 windowVisible=True focus=True mode=Windowed renderLoop=True
state-final-render-sync-end: label=facility/02b_bath_open_door_bypass milliseconds=14 forcedScreenshotRender=False
act1-facility-camera: {"kind":"native-game-camera","file":"/Users/unterlantas/Documents/GitHub/URMAN/docs/production/act1_takeover_evidence_2026-09-16/images-facilities-09/02b_bath_open_door_bypass.png","focus":true,"intendedAim":null,"cameraBefore":"[X: (0.6664958, 0, 0.7455088), Y: (0.65177166, 0.4854504, -0.58269346), Z: (-0.36190754, 0.87426424, 0.32355067), O: (-31.443104, 3.1111453, 5.1679177)]","cameraAfter":"[X: (0.6664958, 0, 0.7455088), Y: (0.65177166, 0.4854504, -0.58269346), Z: (-0.36190754, 0.87426424, 0.32355067), O: (-31.443104, 3.1111498, 5.1679177)]","cameraUnchangedDuringRender":false,"cameraTravel":4.529953E-06,"cameraForwardDot":1.0000001,"frameBefore":292,"frameAfter":292,"intendedAimDot":null,"humanArtReview":"not-run"}
state-final-render-sync-begin: label=facility/02d_bath_handle_attachment tick=33133 drawn=292 process=292 physics=252 windowVisible=True focus=True mode=Windowed renderLoop=True
state-final-render-sync-end: label=facility/02d_bath_handle_attachment milliseconds=27 forcedScreenshotRender=False
act1-facility-camera: {"kind":"native-game-camera","file":"/Users/unterlantas/Documents/GitHub/URMAN/docs/production/act1_takeover_evidence_2026-09-16/images-facilities-09/02d_bath_handle_attachment.png","focus":true,"intendedAim":null,"cameraBefore":"[X: (0.1638127, 0, 0.9864915), Y: (0.73198193, 0.67039406, -0.12154989), Z: (-0.661338, 0.7420053, 0.10981905), O: (-31.399727, 3.1111498, 5.2584004)]","cameraAfter":"[X: (0.1638127, 0, 0.9864915), Y: (0.73198193, 0.67039406, -0.12154989), Z: (-0.661338, 0.7420053, 0.10981905), O: (-31.399727, 3.1111665, 5.2584004)]","cameraUnchangedDuringRender":false,"cameraTravel":1.66893E-05,"cameraForwardDot":1,"frameBefore":292,"frameAfter":293,"intendedAimDot":null,"humanArtReview":"not-run"}
act1-facilities: walk through the actual exterior bath doorway; actual=(-31.866442, 1.4111726, 6.3837156), expected=(-31.887383, 1.4110625, 6.4630833)
act1-facilities: predbannik is recognized from the actual player position
act1-facilities: physical room presentation follows the actual player; camera=(-31.912363, 3.1111724, 6.557759) ray=(-0.2551231, -0, 0.9669086) hit= shape= at=(0, 0, 0) held= busy=False registering=False registered=True heldPosition= heldPoseValid=False light= targetState= targetVisible= targetConcealed= modal=False pause=False focused=True physicsEnabled=True treePaused=False inputFrame=283/284 interactPresses=2 feedback= pickupProbe=
act1-facilities: actual snow emission and visibility follow shelter: bathhouse
act1-facilities: existing two-player ambience owner selects the indoor bed and returns to the village bed
act1-facilities: ambient crossfade reaches one active native playback without an extra owner; camera=(-31.912363, 3.1111724, 6.557759) ray=(-0.2551231, -0, 0.9669086) hit= shape= at=(0, 0, 0) held= busy=False registering=False registered=True heldPosition= heldPoseValid=False light= targetState= targetVisible= targetConcealed= modal=False pause=False focused=True physicsEnabled=True treePaused=False inputFrame=311/312 interactPresses=2 feedback= pickupProbe=
act1-facilities: walk within the changing room; actual=(-32.297897, 1.4111726, 7.1811447), expected=(-32.32592, 1.4110625, 7.232943)
state-final-render-sync-begin: label=facility/02c_bath_partition_before_open tick=34414 drawn=420 process=420 physics=332 windowVisible=True focus=True mode=Windowed renderLoop=True
state-final-render-sync-end: label=facility/02c_bath_partition_before_open milliseconds=19 forcedScreenshotRender=False
act1-visible-surface: facility/02c_bath_partition_before_open/left-visible-owner pixel=(0.03, 0.85) distance=2.816 point=(-33.610714, 1.4110626, 9.0858) mesh=/root/Act1FacilitiesSmokeTest/Act1Demo/Main/ZoneHost/Act1ConnectedWorld/Act1CoreWorldGreybox/BabaiBathhouse/BathFloor triangle=9 vertices=[(-31.763126, 1.4110625, 9.985789);(-36.629467, 1.4110625, 8.837433);(-35.71078, 1.4110625, 4.94436)] shader= snow=0.0
act1-visible-surface: facility/02c_bath_partition_before_open/left-visible-owner pixel=(0.03, 0.85) distance=2.841 point=(-33.620766, 1.3960168, 9.1029415) mesh=/root/Act1FacilitiesSmokeTest/Act1Demo/Main/ZoneHost/Act1ConnectedWorld/Act1CoreWorldGreybox/BabaiBathhouse/BathStoneFoundation triangle=9 vertices=[(-31.696201, 1.396017, 10.094053);(-36.737732, 1.396017, 8.904356);(-35.777706, 1.396017, 4.8360953)] shader= snow=0.5
act1-visible-surface: facility/02c_bath_partition_before_open/left-visible-owner pixel=(0.03, 0.85) distance=3.205 point=(-33.767414, 1.1764932, 9.353034) mesh=/root/Act1FacilitiesSmokeTest/Act1Demo/Main/ZoneHost/Act1ConnectedWorld/Act1CoreWorldGreybox/AgentBExteriorWorld/AgentB_TerrainRoadKit/URMAN_AgentB_TerrainRoadKit/BabaiYard_WestDepthBank triangle=42 vertices=[(-34.5803, 1.2049999, 9.066999);(-32.454998, 1.1998999, 9.1329);(-32.7986, 1.1137999, 9.976)] shader= snow=0.0
act1-visible-surface: facility/02c_bath_partition_before_open/left-visible-owner pixel=(0.03, 0.85) distance=3.359 point=(-33.82944, 1.0836403, 9.458817) mesh=/root/Act1FacilitiesSmokeTest/Act1Demo/Main/ZoneHost/Act1ConnectedWorld/Act1CoreWorldGreybox/AgentBExteriorWorld/AgentB_TerrainRoadKit/URMAN_AgentB_TerrainRoadKit/Terrain_Main triangle=10450 vertices=[(-34.118797, 1.0911, 7.9873);(-32.0414, 0.99729997, 9.9661);(-34.0042, 1.0956, 10.1605)] shader= snow=0.0
act1-visible-surface: facility/02c_bath_partition_before_open/left-visible-owner pixel=(0.08, 0.8) distance=2.568 point=(-33.625572, 1.5391788, 8.821775) mesh=/root/Act1FacilitiesSmokeTest/Act1Demo/Main/ZoneHost/Act1ConnectedWorld/Act1CoreWorldGreybox/BabaiBathhouse/BathPartitionLeft triangle=1 vertices=[(-33.32818, 3.9610624, 7.561537);(-33.32818, 1.4110624, 7.561537);(-33.78752, 1.4110624, 9.508074)] shader= snow=0.0
act1-visible-surface: facility/02c_bath_partition_before_open/left-visible-owner pixel=(0.08, 0.8) distance=2.777 point=(-33.719345, 1.4110626, 8.95811) mesh=/root/Act1FacilitiesSmokeTest/Act1Demo/Main/ZoneHost/Act1ConnectedWorld/Act1CoreWorldGreybox/BabaiBathhouse/BathFloor triangle=9 vertices=[(-31.763126, 1.4110625, 9.985789);(-36.629467, 1.4110625, 8.837433);(-35.71078, 1.4110625, 4.94436)] shader= snow=0.0
act1-visible-surface: facility/02c_bath_partition_before_open/left-visible-owner pixel=(0.08, 0.8) distance=2.802 point=(-33.730354, 1.396017, 8.97412) mesh=/root/Act1FacilitiesSmokeTest/Act1Demo/Main/ZoneHost/Act1ConnectedWorld/Act1CoreWorldGreybox/BabaiBathhouse/BathStoneFoundation triangle=9 vertices=[(-31.696201, 1.396017, 10.094053);(-36.737732, 1.396017, 8.904356);(-35.777706, 1.396017, 4.8360953)] shader= snow=0.5
act1-visible-surface: facility/02c_bath_partition_before_open/left-visible-owner pixel=(0.08, 0.8) distance=3.133 point=(-33.878956, 1.1929908, 9.190169) mesh=/root/Act1FacilitiesSmokeTest/Act1Demo/Main/ZoneHost/Act1ConnectedWorld/Act1CoreWorldGreybox/AgentBExteriorWorld/AgentB_TerrainRoadKit/URMAN_AgentB_TerrainRoadKit/BabaiYard_WestDepthBank triangle=42 vertices=[(-34.5803, 1.2049999, 9.066999);(-32.454998, 1.1998999, 9.1329);(-32.7986, 1.1137999, 9.976)] shader= snow=0.0
act1-visible-surface: facility/02c_bath_partition_before_open/left-visible-owner pixel=(0.08, 0.8) distance=3.303 point=(-33.954975, 1.0891278, 9.300694) mesh=/root/Act1FacilitiesSmokeTest/Act1Demo/Main/ZoneHost/Act1ConnectedWorld/Act1CoreWorldGreybox/AgentBExteriorWorld/AgentB_TerrainRoadKit/URMAN_AgentB_TerrainRoadKit/Terrain_Main triangle=10450 vertices=[(-34.118797, 1.0911, 7.9873);(-32.0414, 0.99729997, 9.9661);(-34.0042, 1.0956, 10.1605)] shader= snow=0.0
act1-facility-camera: {"kind":"native-game-camera","file":"/Users/unterlantas/Documents/GitHub/URMAN/docs/production/act1_takeover_evidence_2026-09-16/images-facilities-09/02c_bath_partition_before_open.png","focus":true,"intendedAim":null,"cameraBefore":"[X: (0.17887138, 0, -0.9838725), Y: (-0.5971079, 0.7947816, -0.108556256), Z: (0.78196377, 0.6068956, 0.1421637), O: (-32.474995, 3.1111724, 7.1489477)]","cameraAfter":"[X: (0.17887138, 0, -0.9838725), Y: (-0.5971079, 0.7947816, -0.108556256), Z: (0.78196377, 0.6068956, 0.1421637), O: (-32.474995, 3.1111724, 7.1489477)]","cameraUnchangedDuringRender":true,"cameraTravel":0,"cameraForwardDot":1.0000001,"frameBefore":420,"frameAfter":420,"intendedAimDot":null,"humanArtReview":"not-run"}
act1-facilities: previous facility action finishes; camera=(-32.474995, 3.1111724, 7.1489477) ray=(-0.78196377, -0.60689557, -0.14216368) hit=/root/Act1FacilitiesSmokeTest/Act1Demo/Main/ZoneHost/Act1ConnectedWorld/village-main-road/BathWetRoomDoorUse shape=/root/Act1FacilitiesSmokeTest/Act1Demo/Main/ZoneHost/Act1ConnectedWorld/village-main-road/BathWetRoomDoorUse/SurfaceRay at=(-33.32041, 2.4550304, 6.9952483) held= busy=False registering=False registered=True heldPosition= heldPoseValid=False light= targetState= targetVisible= targetConcealed= modal=False pause=False focused=True physicsEnabled=True treePaused=False inputFrame=332/332 interactPresses=2 feedback= pickupProbe=
act1-facilities: actual available aim at BathWetRoomDoorUse; layer=4; camera=(-32.47499, 3.1111724, 7.1489396) ray=(-0.7819571, -0.60689545, -0.1422009) hit=/root/Act1FacilitiesSmokeTest/Act1Demo/Main/ZoneHost/Act1ConnectedWorld/village-main-road/BathWetRoomDoorUse shape=/root/Act1FacilitiesSmokeTest/Act1Demo/Main/ZoneHost/Act1ConnectedWorld/village-main-road/BathWetRoomDoorUse/SurfaceRay at=(-33.3204, 2.455031, 6.9952) held= busy=False registering=False registered=True heldPosition= heldPoseValid=False light= targetState= targetVisible= targetConcealed= modal=False pause=False focused=True physicsEnabled=True treePaused=False inputFrame=334/335 interactPresses=2 feedback= pickupProbe=
act1-facility-door: {"kind":"door-input-probe","phase":"before-input","target":"urman.chapter1:local/bathhouse/wet-door","feet":"(-32.297897, 1.4111726, 7.1811447)","velocity":"(0, 0, 0)","forward":0,"backward":0,"left":0,"right":0,"interact":0,"focus":true,"modal":false,"sessionReady":true,"noticeActive":false,"focusedInteraction":"urman.chapter1:local/bathhouse/wet-door","transformRevision":4,"angle":1.5707964,"actionNumber":0,"action":"not-called","result":"not-called","sweep":"not-called","aim":"camera=(-32.47499, 3.1111724, 7.1489396) ray=(-0.7819571, -0.60689545, -0.1422009) hit=/root/Act1FacilitiesSmokeTest/Act1Demo/Main/ZoneHost/Act1ConnectedWorld/village-main-road/BathWetRoomDoorUse shape=/root/Act1FacilitiesSmokeTest/Act1Demo/Main/ZoneHost/Act1ConnectedWorld/village-main-road/BathWetRoomDoorUse/SurfaceRay at=(-33.3204, 2.455031, 6.9952) held= busy=False registering=False registered=True heldPosition= heldPoseValid=False light= targetState= targetVisible= targetConcealed= modal=False pause=False focused=True physicsEnabled=True treePaused=False inputFrame=334/335 interactPresses=2 feedback= pickupProbe="}
act1-facilities: BathWetRoomDoorUse: passive focus follows the actual door during a result notice
act1-facility-door: {"kind":"door-input-probe","phase":"after-input","target":"urman.chapter1:local/bathhouse/wet-door","feet":"(-32.297897, 1.4111726, 7.1811447)","velocity":"(0, 0, 0)","forward":0,"backward":0,"left":0,"right":0,"interact":0,"focus":true,"modal":false,"sessionReady":true,"noticeActive":true,"focusedInteraction":"urman.chapter1:local/bathhouse/wet-door","transformRevision":4,"angle":1.7107962,"actionNumber":1,"action":"{\u0022phase\u0022:\u0022received\u0022,\u0022key\u0022:\u0022bathhouse/wet-door\u0022,\u0022busy\u0022:false,\u0022sessionReady\u0022:true,\u0022feet\u0022:\u0022(-32.297897, 1.4111726, 7.1811447)\u0022,\u0022focus\u0022:true,\u0022forward\u0022:0,\u0022backward\u0022:0,\u0022left\u0022:0,\u0022right\u0022:0}","result":"received","sweep":"{\u0022clear\u0022:true,\u0022samples\u0022:102,\u0022from\u0022:1.5707964,\u0022to\u0022:3.2288592}","aim":"camera=(-32.47499, 3.1111724, 7.1489396) ray=(-0.7819571, -0.60689545, -0.1422009) hit=/root/Act1FacilitiesSmokeTest/Act1Demo/Main/ZoneHost/Act1ConnectedWorld/village-main-road/BathWetRoomDoorUse shape=/root/Act1FacilitiesSmokeTest/Act1Demo/Main/ZoneHost/Act1ConnectedWorld/village-main-road/BathWetRoomDoorUse/SurfaceRay at=(-33.39606, 2.396305, 6.98144) held= busy=False registering=False registered=True heldPosition= heldPoseValid=False light= targetState= targetVisible= targetConcealed= modal=False pause=False focused=True physicsEnabled=True treePaused=False inputFrame=336/340 interactPresses=3 feedback= pickupProbe="}
act1-facilities: BathWetRoomDoorUse: one deliberate mapped press reaches exactly one door callback
SaveGameV3 written to /Users/unterlantas/Library/Application Support/Godot/app_userdata/URMAN/savegames/checkpoint.savegame-v3.json
act1-facilities: facility transaction and existing checkpoint save finish; camera=(-32.47499, 3.1111724, 7.1489396) ray=(-0.7819571, -0.60689545, -0.1422009) hit=/root/Act1FacilitiesSmokeTest/Act1Demo/Main/ZoneHost/Act1ConnectedWorld/village-main-road/BathWetRoomDoorUse shape=/root/Act1FacilitiesSmokeTest/Act1Demo/Main/ZoneHost/Act1ConnectedWorld/village-main-road/BathWetRoomDoorUse/SurfaceRay at=(-33.421303, 2.3767169, 6.9768496) held= busy=False registering=False registered=True heldPosition= heldPoseValid=False light= targetState= targetVisible= targetConcealed= modal=False pause=False focused=True physicsEnabled=True treePaused=False inputFrame=336/341 interactPresses=3 feedback= pickupProbe=
act1-facility-door: {"kind":"door-input-probe","phase":"after-transaction","target":"urman.chapter1:local/bathhouse/wet-door","feet":"(-32.297897, 1.4111726, 7.1811447)","velocity":"(0, 0, 0)","forward":0,"backward":0,"left":0,"right":0,"interact":0,"focus":true,"modal":false,"sessionReady":true,"noticeActive":true,"focusedInteraction":"urman.chapter1:local/bathhouse/wet-door","transformRevision":4,"angle":1.8974627,"actionNumber":1,"action":"{\u0022phase\u0022:\u0022received\u0022,\u0022key\u0022:\u0022bathhouse/wet-door\u0022,\u0022busy\u0022:false,\u0022sessionReady\u0022:true,\u0022feet\u0022:\u0022(-32.297897, 1.4111726, 7.1811447)\u0022,\u0022focus\u0022:true,\u0022forward\u0022:0,\u0022backward\u0022:0,\u0022left\u0022:0,\u0022right\u0022:0}","result":"committed","sweep":"{\u0022clear\u0022:true,\u0022samples\u0022:102,\u0022from\u0022:1.5707964,\u0022to\u0022:3.2288592}","aim":"camera=(-32.47499, 3.1111724, 7.1489396) ray=(-0.7819571, -0.60689545, -0.1422009) hit=/root/Act1FacilitiesSmokeTest/Act1Demo/Main/ZoneHost/Act1ConnectedWorld/village-main-road/BathWetRoomDoorUse shape=/root/Act1FacilitiesSmokeTest/Act1Demo/Main/ZoneHost/Act1ConnectedWorld/village-main-road/BathWetRoomDoorUse/SurfaceRay at=(-33.49868, 2.3166604, 6.962778) held= busy=False registering=False registered=True heldPosition= heldPoseValid=False light= targetState= targetVisible= targetConcealed= modal=False pause=False focused=True physicsEnabled=True treePaused=False inputFrame=336/344 interactPresses=3 feedback= pickupProbe="}
act1-facility-door: {"kind":"door-input-probe","phase":"finished-angle-wait","target":"urman.chapter1:local/bathhouse/wet-door","feet":"(-32.297897, 1.4111726, 7.1811447)","velocity":"(0, 0, 0)","forward":0,"backward":0,"left":0,"right":0,"interact":0,"focus":true,"modal":false,"sessionReady":true,"noticeActive":true,"focusedInteraction":"","transformRevision":4,"angle":3.2288592,"actionNumber":1,"action":"{\u0022phase\u0022:\u0022received\u0022,\u0022key\u0022:\u0022bathhouse/wet-door\u0022,\u0022busy\u0022:false,\u0022sessionReady\u0022:true,\u0022feet\u0022:\u0022(-32.297897, 1.4111726, 7.1811447)\u0022,\u0022focus\u0022:true,\u0022forward\u0022:0,\u0022backward\u0022:0,\u0022left\u0022:0,\u0022right\u0022:0}","result":"committed","sweep":"{\u0022clear\u0022:true,\u0022samples\u0022:102,\u0022from\u0022:1.5707964,\u0022to\u0022:3.2288592}","aim":"camera=(-32.47499, 3.1111724, 7.1489396) ray=(-0.7819571, -0.60689545, -0.1422009) hit= shape= at=(0, 0, 0) held= busy=False registering=False registered=True heldPosition= heldPoseValid=False light= targetState= targetVisible= targetConcealed= modal=False pause=False focused=True physicsEnabled=True treePaused=False inputFrame=336/373 interactPresses=3 feedback= pickupProbe="}
act1-facilities: inner bath door opens from its real narrow room
act1-facilities: walk through the second doorway into the wet room; actual=(-33.964386, 1.4111726, 6.8450794), expected=(-33.999943, 1.4110625, 6.8379083)
act1-facilities: stand beyond the wet door's complete swept arc; actual=(-34.847076, 1.4111726, 6.637903), expected=(-34.924545, 1.4110625, 6.6197205)
act1-facilities: previous facility action finishes; camera=(-35.022312, 3.1111724, 6.596773) ray=(-0.97354376, -0, -0.22850071) hit=/root/Act1FacilitiesSmokeTest/Act1Demo/Main/ZoneHost/Act1ConnectedWorld/village-main-road/BathCondensationRead shape=/root/Act1FacilitiesSmokeTest/Act1Demo/Main/ZoneHost/Act1ConnectedWorld/village-main-road/BathCondensationRead/SurfaceRay at=(-35.990578, 3.1111724, 6.36951) held= busy=False registering=False registered=True heldPosition= heldPoseValid=False light= targetState= targetVisible= targetConcealed= modal=False pause=False focused=True physicsEnabled=True treePaused=False inputFrame=336/427 interactPresses=3 feedback= pickupProbe=
act1-facilities: actual available aim at BathWetRoomDoorUse; layer=4; camera=(-34.720093, 3.1111724, 6.7654753) ray=(0.5685803, -0.5919757, 0.5712103) hit=/root/Act1FacilitiesSmokeTest/Act1Demo/Main/ZoneHost/Act1ConnectedWorld/village-main-road/BathWetRoomDoorUse shape=/root/Act1FacilitiesSmokeTest/Act1Demo/Main/ZoneHost/Act1ConnectedWorld/village-main-road/BathWetRoomDoorUse/SurfaceRay at=(-34.115303, 2.4814982, 7.3730617) held= busy=False registering=False registered=True heldPosition= heldPoseValid=False light= targetState= targetVisible= targetConcealed= modal=False pause=False focused=True physicsEnabled=True treePaused=False inputFrame=336/430 interactPresses=3 feedback= pickupProbe=
act1-facility-door: {"kind":"door-input-probe","phase":"before-input","target":"urman.chapter1:local/bathhouse/wet-door","feet":"(-34.847076, 1.4111726, 6.637903)","velocity":"(0, 0, 0)","forward":0,"backward":0,"left":0,"right":0,"interact":0,"focus":true,"modal":false,"sessionReady":true,"noticeActive":true,"focusedInteraction":"urman.chapter1:local/bathhouse/wet-door","transformRevision":4,"angle":3.2288592,"actionNumber":1,"action":"{\u0022phase\u0022:\u0022received\u0022,\u0022key\u0022:\u0022bathhouse/wet-door\u0022,\u0022busy\u0022:false,\u0022sessionReady\u0022:true,\u0022feet\u0022:\u0022(-32.297897, 1.4111726, 7.1811447)\u0022,\u0022focus\u0022:true,\u0022forward\u0022:0,\u0022backward\u0022:0,\u0022left\u0022:0,\u0022right\u0022:0}","result":"committed","sweep":"{\u0022clear\u0022:true,\u0022samples\u0022:102,\u0022from\u0022:1.5707964,\u0022to\u0022:3.2288592}","aim":"camera=(-34.720093, 3.1111724, 6.7654753) ray=(0.5685803, -0.5919757, 0.5712103) hit=/root/Act1FacilitiesSmokeTest/Act1Demo/Main/ZoneHost/Act1ConnectedWorld/village-main-road/BathWetRoomDoorUse shape=/root/Act1FacilitiesSmokeTest/Act1Demo/Main/ZoneHost/Act1ConnectedWorld/village-main-road/BathWetRoomDoorUse/SurfaceRay at=(-34.115303, 2.4814982, 7.3730617) held= busy=False registering=False registered=True heldPosition= heldPoseValid=False light= targetState= targetVisible= targetConcealed= modal=False pause=False focused=True physicsEnabled=True treePaused=False inputFrame=336/430 interactPresses=3 feedback= pickupProbe="}
act1-facilities: BathWetRoomDoorUse: passive focus follows the actual door during a result notice
SaveGameV3 written to /Users/unterlantas/Library/Application Support/Godot/app_userdata/URMAN/savegames/checkpoint.savegame-v3.json
act1-facility-door: {"kind":"door-input-probe","phase":"after-input","target":"urman.chapter1:local/bathhouse/wet-door","feet":"(-34.847076, 1.4111726, 6.637903)","velocity":"(0, 0, 0)","forward":0,"backward":0,"left":0,"right":0,"interact":0,"focus":true,"modal":false,"sessionReady":true,"noticeActive":true,"focusedInteraction":"urman.chapter1:local/bathhouse/wet-door","transformRevision":4,"angle":3.0888593,"actionNumber":2,"action":"{\u0022phase\u0022:\u0022received\u0022,\u0022key\u0022:\u0022bathhouse/wet-door\u0022,\u0022busy\u0022:false,\u0022sessionReady\u0022:true,\u0022feet\u0022:\u0022(-34.847076, 1.4111726, 6.637903)\u0022,\u0022focus\u0022:true,\u0022forward\u0022:0,\u0022backward\u0022:0,\u0022left\u0022:0,\u0022right\u0022:0}","result":"committed","sweep":"{\u0022clear\u0022:true,\u0022samples\u0022:102,\u0022from\u0022:3.2288592,\u0022to\u0022:1.5707964}","aim":"camera=(-34.720093, 3.1111724, 6.7654753) ray=(0.5685803, -0.5919757, 0.5712103) hit=/root/Act1FacilitiesSmokeTest/Act1Demo/Main/ZoneHost/Act1ConnectedWorld/village-main-road/BathWetRoomDoorUse shape=/root/Act1FacilitiesSmokeTest/Act1Demo/Main/ZoneHost/Act1ConnectedWorld/village-main-road/BathWetRoomDoorUse/SurfaceRay at=(-34.24406, 2.6155543, 7.2437077) held= busy=False registering=False registered=True heldPosition= heldPoseValid=False light= targetState= targetVisible= targetConcealed= modal=False pause=False focused=True physicsEnabled=True treePaused=False inputFrame=431/435 interactPresses=4 feedback= pickupProbe="}
act1-facilities: BathWetRoomDoorUse: one deliberate mapped press reaches exactly one door callback
act1-facilities: facility transaction and existing checkpoint save finish; camera=(-34.720093, 3.1111724, 6.7654753) ray=(0.5685803, -0.5919757, 0.5712103) hit=/root/Act1FacilitiesSmokeTest/Act1Demo/Main/ZoneHost/Act1ConnectedWorld/village-main-road/BathWetRoomDoorUse shape=/root/Act1FacilitiesSmokeTest/Act1Demo/Main/ZoneHost/Act1ConnectedWorld/village-main-road/BathWetRoomDoorUse/SurfaceRay at=(-34.24406, 2.6155543, 7.2437077) held= busy=False registering=False registered=True heldPosition= heldPoseValid=False light= targetState= targetVisible= targetConcealed= modal=False pause=False focused=True physicsEnabled=True treePaused=False inputFrame=431/435 interactPresses=4 feedback= pickupProbe=
act1-facility-door: {"kind":"door-input-probe","phase":"after-transaction","target":"urman.chapter1:local/bathhouse/wet-door","feet":"(-34.847076, 1.4111726, 6.637903)","velocity":"(0, 0, 0)","forward":0,"backward":0,"left":0,"right":0,"interact":0,"focus":true,"modal":false,"sessionReady":true,"noticeActive":true,"focusedInteraction":"urman.chapter1:local/bathhouse/wet-door","transformRevision":4,"angle":2.9488595,"actionNumber":2,"action":"{\u0022phase\u0022:\u0022received\u0022,\u0022key\u0022:\u0022bathhouse/wet-door\u0022,\u0022busy\u0022:false,\u0022sessionReady\u0022:true,\u0022feet\u0022:\u0022(-34.847076, 1.4111726, 6.637903)\u0022,\u0022focus\u0022:true,\u0022forward\u0022:0,\u0022backward\u0022:0,\u0022left\u0022:0,\u0022right\u0022:0}","result":"committed","sweep":"{\u0022clear\u0022:true,\u0022samples\u0022:102,\u0022from\u0022:3.2288592,\u0022to\u0022:1.5707964}","aim":"camera=(-34.720093, 3.1111724, 6.7654753) ray=(0.5685803, -0.5919757, 0.5712103) hit=/root/Act1FacilitiesSmokeTest/Act1Demo/Main/ZoneHost/Act1ConnectedWorld/village-main-road/BathWetRoomDoorUse shape=/root/Act1FacilitiesSmokeTest/Act1Demo/Main/ZoneHost/Act1ConnectedWorld/village-main-road/BathWetRoomDoorUse/SurfaceRay at=(-34.463665, 2.844192, 7.0230913) held= busy=False registering=False registered=True heldPosition= heldPoseValid=False light= targetState= targetVisible= targetConcealed= modal=False pause=False focused=True physicsEnabled=True treePaused=False inputFrame=431/438 interactPresses=4 feedback= pickupProbe="}
act1-facility-door: {"kind":"door-input-probe","phase":"finished-angle-wait","target":"urman.chapter1:local/bathhouse/wet-door","feet":"(-34.847076, 1.4111726, 6.637903)","velocity":"(0, 0, 0)","forward":0,"backward":0,"left":0,"right":0,"interact":0,"focus":true,"modal":false,"sessionReady":true,"noticeActive":true,"focusedInteraction":"","transformRevision":4,"angle":1.5707964,"actionNumber":2,"action":"{\u0022phase\u0022:\u0022received\u0022,\u0022key\u0022:\u0022bathhouse/wet-door\u0022,\u0022busy\u0022:false,\u0022sessionReady\u0022:true,\u0022feet\u0022:\u0022(-34.847076, 1.4111726, 6.637903)\u0022,\u0022focus\u0022:true,\u0022forward\u0022:0,\u0022backward\u0022:0,\u0022left\u0022:0,\u0022right\u0022:0}","result":"committed","sweep":"{\u0022clear\u0022:true,\u0022samples\u0022:102,\u0022from\u0022:3.2288592,\u0022to\u0022:1.5707964}","aim":"camera=(-34.720093, 3.1111724, 6.7654753) ray=(0.5685803, -0.5919757, 0.5712103) hit=/root/Act1FacilitiesSmokeTest/Act1Demo/Main/ZoneHost/Act1ConnectedWorld/Act1CoreWorldGreybox/BabaiBathhouse/BathPartitionLeftBody shape=/root/Act1FacilitiesSmokeTest/Act1Demo/Main/ZoneHost/Act1ConnectedWorld/Act1CoreWorldGreybox/BabaiBathhouse/BathPartitionLeftBody/Contact at=(-33.55935, 1.9026693, 7.9315867) held= busy=False registering=False registered=True heldPosition= heldPoseValid=False light= targetState= targetVisible= targetConcealed= modal=False pause=False focused=True physicsEnabled=True treePaused=False inputFrame=431/468 interactPresses=4 feedback= pickupProbe="}
act1-facilities: manually close the wet room before tending the stove
act1-facilities: approach the heater after closing the real inner leaf; actual=(-34.07499, 1.4111726, 6.820191), expected=(-33.999943, 1.4110625, 6.8379083)
act1-facilities: previous facility action finishes; camera=(-33.899807, 3.1111724, 6.86155) ray=(0.97324425, -0, 0.22977315) hit=/root/Act1FacilitiesSmokeTest/Act1Demo/Main/ZoneHost/Act1ConnectedWorld/village-main-road/BathWetRoomDoorUse shape=/root/Act1FacilitiesSmokeTest/Act1Demo/Main/ZoneHost/Act1ConnectedWorld/village-main-road/BathWetRoomDoorUse/SurfaceRay at=(-33.433025, 3.1111724, 6.9717526) held= busy=False registering=False registered=True heldPosition= heldPoseValid=False light= targetState= targetVisible= targetConcealed= modal=False pause=False focused=True physicsEnabled=True treePaused=False inputFrame=431/486 interactPresses=4 feedback= pickupProbe=
act1-facilities: actual available aim at BathSteamUse; layer=4; camera=(-34.163853, 3.1111724, 6.976725) ray=(-0.4648403, -0.33685067, 0.8188132) hit=/root/Act1FacilitiesSmokeTest/Act1Demo/Main/ZoneHost/Act1ConnectedWorld/village-main-road/BathSteamUse shape=/root/Act1FacilitiesSmokeTest/Act1Demo/Main/ZoneHost/Act1ConnectedWorld/village-main-road/BathSteamUse/SurfaceRay at=(-34.92298, 2.5610623, 8.313928) held= busy=False registering=False registered=True heldPosition= heldPoseValid=False light= targetState= targetVisible= targetConcealed= modal=False pause=False focused=True physicsEnabled=True treePaused=False inputFrame=431/489 interactPresses=4 feedback= pickupProbe=
act1-facilities: facility transaction and existing checkpoint save finish; camera=(-34.163853, 3.1111724, 6.976725) ray=(-0.4648403, -0.33685067, 0.8188132) hit=/root/Act1FacilitiesSmokeTest/Act1Demo/Main/ZoneHost/Act1ConnectedWorld/village-main-road/BathSteamUse shape=/root/Act1FacilitiesSmokeTest/Act1Demo/Main/ZoneHost/Act1ConnectedWorld/village-main-road/BathSteamUse/SurfaceRay at=(-34.92298, 2.5610623, 8.313928) held= busy=False registering=False registered=True heldPosition= heldPoseValid=False light= targetState= targetVisible= targetConcealed= modal=False pause=False focused=True physicsEnabled=True treePaused=False inputFrame=490/494 interactPresses=5 feedback= pickupProbe=
act1-facilities: water on cold stones gives a refusal with no resource or knowledge effect
act1-facility-ignition: {"kind":"bath-ignition-state","phase":"before-first-ignition","playSeconds":7.842808666666735,"playBlocks":"None","logsRemaining":5,"visibleLogs":5,"burnUntil":0,"heatUntil":0,"props":"{\u0022bathhouse/entrance\u0022:\u0022{\\u0022open\\u0022:true,\\u0022angle\\u0022:1.43117,\\u0022geometryVersion\\u0022:2}\u0022,\u0022bathhouse/wet-door\u0022:\u0022{\\u0022open\\u0022:false,\\u0022angle\\u0022:3.2288592}\u0022}","physicalPredicate":true,"actualFireboxVisible":true,"interactionCarrierVisible":false,"targetAvailable":true,"actionNumber":0,"result":"not-called","aim":"camera=(-34.163853, 3.1111724, 6.976725) ray=(-0.4648403, -0.33685067, 0.8188132) hit=/root/Act1FacilitiesSmokeTest/Act1Demo/Main/ZoneHost/Act1ConnectedWorld/village-main-road/BathSteamUse shape=/root/Act1FacilitiesSmokeTest/Act1Demo/Main/ZoneHost/Act1ConnectedWorld/village-main-road/BathSteamUse/SurfaceRay at=(-34.92298, 2.5610623, 8.313928) held= busy=False registering=False registered=True heldPosition= heldPoseValid=False light= targetState= targetVisible= targetConcealed= modal=False pause=False focused=True physicsEnabled=True treePaused=False inputFrame=490/497 interactPresses=5 feedback= pickupProbe="}
act1-facilities: previous facility action finishes; camera=(-34.163853, 3.1111724, 6.976725) ray=(-0.4648403, -0.33685067, 0.8188132) hit=/root/Act1FacilitiesSmokeTest/Act1Demo/Main/ZoneHost/Act1ConnectedWorld/village-main-road/BathSteamUse shape=/root/Act1FacilitiesSmokeTest/Act1Demo/Main/ZoneHost/Act1ConnectedWorld/village-main-road/BathSteamUse/SurfaceRay at=(-34.92298, 2.5610623, 8.313928) held= busy=False registering=False registered=True heldPosition= heldPoseValid=False light= targetState= targetVisible= targetConcealed= modal=False pause=False focused=True physicsEnabled=True treePaused=False inputFrame=490/497 interactPresses=5 feedback= pickupProbe=
act1-facilities: actual available aim at BathStoveUse; layer=4; camera=(-34.119324, 3.1111724, 6.994645) ray=(-0.2065733, -0.5446218, 0.81284344) hit=/root/Act1FacilitiesSmokeTest/Act1Demo/Main/ZoneHost/Act1ConnectedWorld/village-main-road/BathStoveUse shape=/root/Act1FacilitiesSmokeTest/Act1Demo/Main/ZoneHost/Act1ConnectedWorld/village-main-road/BathStoveUse/SurfaceRay at=(-34.47653, 2.1694136, 8.400213) held= busy=False registering=False registered=True heldPosition= heldPoseValid=False light= targetState= targetVisible= targetConcealed= modal=False pause=False focused=True physicsEnabled=True treePaused=False inputFrame=490/500 interactPresses=5 feedback= pickupProbe=
SaveGameV3 written to /Users/unterlantas/Library/Application Support/Godot/app_userdata/URMAN/savegames/checkpoint.savegame-v3.json
checkpoint: auto-saved at urman.chapter1:scene/arrival_vehicle_dusk
act1-facilities: facility transaction and existing checkpoint save finish; camera=(-34.119324, 3.1111724, 6.994645) ray=(-0.2065733, -0.5446218, 0.81284344) hit=/root/Act1FacilitiesSmokeTest/Act1Demo/Main/ZoneHost/Act1ConnectedWorld/village-main-road/BathStoveUse shape=/root/Act1FacilitiesSmokeTest/Act1Demo/Main/ZoneHost/Act1ConnectedWorld/village-main-road/BathStoveUse/SurfaceRay at=(-34.47653, 2.1694136, 8.400213) held= busy=False registering=False registered=True heldPosition= heldPoseValid=False light= targetState= targetVisible= targetConcealed= modal=False pause=False focused=True physicsEnabled=True treePaused=False inputFrame=501/505 interactPresses=6 feedback= pickupProbe=
act1-facility-ignition: {"kind":"bath-ignition-state","phase":"after-first-ignition","playSeconds":8.0605513333334,"playBlocks":"None","logsRemaining":4,"visibleLogs":4,"burnUntil":187.88385766666673,"heatUntil":607.8838576666667,"props":"{\u0022bathhouse/entrance\u0022:\u0022{\\u0022open\\u0022:true,\\u0022angle\\u0022:1.43117,\\u0022geometryVersion\\u0022:2}\u0022,\u0022bathhouse/stove\u0022:\u0022{\\u0022logsRemaining\\u0022:4,\\u0022burnUntil\\u0022:187.88385766666673,\\u0022heatUntil\\u0022:607.8838576666667}\u0022,\u0022bathhouse/wet-door\u0022:\u0022{\\u0022open\\u0022:false,\\u0022angle\\u0022:1.5707964}\u0022}","physicalPredicate":false,"actualFireboxVisible":true,"interactionCarrierVisible":false,"targetAvailable":true,"actionNumber":1,"result":"committed-family-matches","aim":"camera=(-34.119324, 3.1111724, 6.994645) ray=(-0.2065733, -0.5446218, 0.81284344) hit=/root/Act1FacilitiesSmokeTest/Act1Demo/Main/ZoneHost/Act1ConnectedWorld/village-main-road/BathStoveUse shape=/root/Act1FacilitiesSmokeTest/Act1Demo/Main/ZoneHost/Act1ConnectedWorld/village-main-road/BathStoveUse/SurfaceRay at=(-34.47653, 2.1694136, 8.400213) held= busy=False registering=False registered=True heldPosition= heldPoseValid=False light= targetState= targetVisible= targetConcealed= modal=False pause=False focused=True physicsEnabled=True treePaused=False inputFrame=501/508 interactPresses=6 feedback= pickupProbe="}
act1-facilities: actual ignition consumes one of five visible logs and leaves physical heat
act1-facilities: previous facility action finishes; camera=(-34.119324, 3.1111724, 6.994645) ray=(-0.2065733, -0.5446218, 0.81284344) hit=/root/Act1FacilitiesSmokeTest/Act1Demo/Main/ZoneHost/Act1ConnectedWorld/village-main-road/BathStoveUse shape=/root/Act1FacilitiesSmokeTest/Act1Demo/Main/ZoneHost/Act1ConnectedWorld/village-main-road/BathStoveUse/SurfaceRay at=(-34.47653, 2.1694136, 8.400213) held= busy=False registering=False registered=True heldPosition= heldPoseValid=False light= targetState= targetVisible= targetConcealed= modal=False pause=False focused=True physicsEnabled=True treePaused=False inputFrame=501/508 interactPresses=6 feedback= pickupProbe=
act1-facilities: actual available aim at BathStoveUse; layer=4; camera=(-34.119324, 3.1111724, 6.994645) ray=(-0.2065733, -0.5446218, 0.81284344) hit=/root/Act1FacilitiesSmokeTest/Act1Demo/Main/ZoneHost/Act1ConnectedWorld/village-main-road/BathStoveUse shape=/root/Act1FacilitiesSmokeTest/Act1Demo/Main/ZoneHost/Act1ConnectedWorld/village-main-road/BathStoveUse/SurfaceRay at=(-34.47653, 2.1694136, 8.400213) held= busy=False registering=False registered=True heldPosition= heldPoseValid=False light= targetState= targetVisible= targetConcealed= modal=False pause=False focused=True physicsEnabled=True treePaused=False inputFrame=501/511 interactPresses=6 feedback= pickupProbe=
act1-facilities: facility transaction and existing checkpoint save finish; camera=(-34.119324, 3.1111724, 6.994645) ray=(-0.2065733, -0.5446218, 0.81284344) hit=/root/Act1FacilitiesSmokeTest/Act1Demo/Main/ZoneHost/Act1ConnectedWorld/village-main-road/BathStoveUse shape=/root/Act1FacilitiesSmokeTest/Act1Demo/Main/ZoneHost/Act1ConnectedWorld/village-main-road/BathStoveUse/SurfaceRay at=(-34.47653, 2.1694136, 8.400213) held= busy=False registering=False registered=True heldPosition= heldPoseValid=False light= targetState= targetVisible= targetConcealed= modal=False pause=False focused=True physicsEnabled=True treePaused=False inputFrame=512/516 interactPresses=7 feedback= pickupProbe=
act1-facilities: repeat ignition while a log burns does not consume another log
act1-facilities: previous facility action finishes; camera=(-34.119324, 3.1111724, 6.994645) ray=(-0.2065733, -0.5446218, 0.81284344) hit=/root/Act1FacilitiesSmokeTest/Act1Demo/Main/ZoneHost/Act1ConnectedWorld/village-main-road/BathStoveUse shape=/root/Act1FacilitiesSmokeTest/Act1Demo/Main/ZoneHost/Act1ConnectedWorld/village-main-road/BathStoveUse/SurfaceRay at=(-34.47653, 2.1694136, 8.400213) held= busy=False registering=False registered=True heldPosition= heldPoseValid=False light= targetState= targetVisible= targetConcealed= modal=False pause=False focused=True physicsEnabled=True treePaused=False inputFrame=512/519 interactPresses=7 feedback= pickupProbe=
act1-facilities: actual available aim at BathSteamUse; layer=4; camera=(-34.163853, 3.1111724, 6.976725) ray=(-0.4648419, -0.3368505, 0.81881243) hit=/root/Act1FacilitiesSmokeTest/Act1Demo/Main/ZoneHost/Act1ConnectedWorld/village-main-road/BathSteamUse shape=/root/Act1FacilitiesSmokeTest/Act1Demo/Main/ZoneHost/Act1ConnectedWorld/village-main-road/BathSteamUse/SurfaceRay at=(-34.92298, 2.5610623, 8.313928) held= busy=False registering=False registered=True heldPosition= heldPoseValid=False light= targetState= targetVisible= targetConcealed= modal=False pause=False focused=True physicsEnabled=True treePaused=False inputFrame=512/522 interactPresses=7 feedback= pickupProbe=
SaveGameV3 written to /Users/unterlantas/Library/Application Support/Godot/app_userdata/URMAN/savegames/checkpoint.savegame-v3.json
act1-facilities: facility transaction and existing checkpoint save finish; camera=(-34.163853, 3.1111724, 6.976725) ray=(-0.4648419, -0.3368505, 0.81881243) hit=/root/Act1FacilitiesSmokeTest/Act1Demo/Main/ZoneHost/Act1ConnectedWorld/village-main-road/BathSteamUse shape=/root/Act1FacilitiesSmokeTest/Act1Demo/Main/ZoneHost/Act1ConnectedWorld/village-main-road/BathSteamUse/SurfaceRay at=(-34.92298, 2.5610623, 8.313928) held= busy=False registering=False registered=True heldPosition= heldPoseValid=False light= targetState= targetVisible= targetConcealed= modal=False pause=False focused=True physicsEnabled=True treePaused=False inputFrame=523/527 interactPresses=8 feedback= pickupProbe=
act1-facilities: one real ladle atomically creates steam and visible condensation
state-final-render-sync-begin: label=facility/03_bath_stove_and_steam tick=37862 drawn=675 process=675 physics=530 windowVisible=True focus=True mode=Windowed renderLoop=True
state-final-render-sync-end: label=facility/03_bath_stove_and_steam milliseconds=8 forcedScreenshotRender=False
act1-facility-camera: {"kind":"native-game-camera","file":"/Users/unterlantas/Documents/GitHub/URMAN/docs/production/act1_takeover_evidence_2026-09-16/images-facilities-09/03_bath_stove_and_steam.png","focus":true,"intendedAim":null,"cameraBefore":"[X: (-0.8696355, 0, -0.4936943), Y: (-0.16630116, 0.9415582, 0.29293716), Z: (0.4648419, 0.3368505, -0.81881243), O: (-34.163853, 3.1111724, 6.976725)]","cameraAfter":"[X: (-0.8696355, 0, -0.4936943), Y: (-0.16630116, 0.9415582, 0.29293716), Z: (0.4648419, 0.3368505, -0.81881243), O: (-34.163853, 3.1111724, 6.976725)]","cameraUnchangedDuringRender":true,"cameraTravel":0,"cameraForwardDot":1,"frameBefore":675,"frameAfter":675,"intendedAimDot":null,"humanArtReview":"not-run"}
act1-facilities: previous facility action finishes; camera=(-34.163853, 3.1111724, 6.976725) ray=(-0.4648419, -0.3368505, 0.81881243) hit=/root/Act1FacilitiesSmokeTest/Act1Demo/Main/ZoneHost/Act1ConnectedWorld/village-main-road/BathSteamUse shape=/root/Act1FacilitiesSmokeTest/Act1Demo/Main/ZoneHost/Act1ConnectedWorld/village-main-road/BathSteamUse/SurfaceRay at=(-34.92298, 2.5610623, 8.313928) held= busy=False registering=False registered=True heldPosition= heldPoseValid=False light= targetState= targetVisible= targetConcealed= modal=False pause=False focused=True physicsEnabled=True treePaused=False inputFrame=523/530 interactPresses=8 feedback= pickupProbe=
act1-facilities: actual available aim at BathSteamUse; layer=4; camera=(-34.163853, 3.1111724, 6.976725) ray=(-0.4648419, -0.33685052, 0.81881243) hit=/root/Act1FacilitiesSmokeTest/Act1Demo/Main/ZoneHost/Act1ConnectedWorld/village-main-road/BathSteamUse shape=/root/Act1FacilitiesSmokeTest/Act1Demo/Main/ZoneHost/Act1ConnectedWorld/village-main-road/BathSteamUse/SurfaceRay at=(-34.92298, 2.5610623, 8.313928) held= busy=False registering=False registered=True heldPosition= heldPoseValid=False light= targetState= targetVisible= targetConcealed= modal=False pause=False focused=True physicsEnabled=True treePaused=False inputFrame=523/533 interactPresses=8 feedback= pickupProbe=
act1-facilities: facility transaction and existing checkpoint save finish; camera=(-34.163853, 3.1111724, 6.976725) ray=(-0.4648419, -0.33685052, 0.81881243) hit=/root/Act1FacilitiesSmokeTest/Act1Demo/Main/ZoneHost/Act1ConnectedWorld/village-main-road/BathSteamUse shape=/root/Act1FacilitiesSmokeTest/Act1Demo/Main/ZoneHost/Act1ConnectedWorld/village-main-road/BathSteamUse/SurfaceRay at=(-34.92298, 2.5610623, 8.313928) held= busy=False registering=False registered=True heldPosition= heldPoseValid=False light= targetState= targetVisible= targetConcealed= modal=False pause=False focused=True physicsEnabled=True treePaused=False inputFrame=534/538 interactPresses=9 feedback= pickupProbe=
act1-facilities: repeat water during this steam pulse is refused without double consumption
act1-facilities: approach the actual wet window; actual=(-35.06774, 1.4111726, 6.5859303), expected=(-35.1192, 1.4110625, 6.5737863)
act1-facilities: condensation makes the physical observation available inside the wet room
act1-facility-window: {"kind":"bath-window-sightline","Label":"central timber remains solid","aim":"(-35.986774, 2.9610624, 6.2663107)","camera":"[X: (0.32846764, 0, -0.9445152), Y: (-0.17566557, 0.98255265, -0.061090022), Z: (0.9280359, 0.1859849, 0.3227367), O: (-35.237755, 3.1111724, 6.5268064)]","feet":"(-35.06774, 1.4111726, 6.5859303)","owner":"/root/Act1FacilitiesSmokeTest/Act1Demo/Main/ZoneHost/Act1ConnectedWorld/Act1CoreWorldGreybox/BabaiBathhouse/BathWindow/Mullion0Body","shape":0,"contact":"(-35.95354, 2.9677236, 6.277882)"}
act1-facilities: central timber remains solid; camera=(-35.237755, 3.1111724, 6.5268064) ray=(-0.9280359, -0.1859849, -0.3227367) hit=/root/Act1FacilitiesSmokeTest/Act1Demo/Main/ZoneHost/Act1ConnectedWorld/Act1CoreWorldGreybox/BabaiBathhouse/BathWindow/Mullion0Body shape=/root/Act1FacilitiesSmokeTest/Act1Demo/Main/ZoneHost/Act1ConnectedWorld/Act1CoreWorldGreybox/BabaiBathhouse/BathWindow/Mullion0Body/Contact at=(-35.95354, 2.9677236, 6.277882) held= busy=False registering=False registered=True heldPosition= heldPoseValid=False light= targetState= targetVisible= targetConcealed= modal=False pause=False focused=True physicsEnabled=True treePaused=False inputFrame=534/566 interactPresses=9 feedback= pickupProbe=
act1-facility-window: {"kind":"bath-window-sightline","Label":"left wet pane is readable","aim":"(-36.03041, 3.0110626, 6.4512315)","camera":"[X: (0.13859865, 0, -0.99034864), Y: (-0.12418518, 0.99210685, -0.017379636), Z: (0.98253167, 0.12539542, 0.13750467), O: (-35.246002, 3.1111724, 6.5609827)]","feet":"(-35.06774, 1.4111726, 6.5859303)","owner":"/root/Act1FacilitiesSmokeTest/Act1Demo/Main/ZoneHost/Act1ConnectedWorld/village-main-road/BathCondensationRead","shape":0,"contact":"(-36.010513, 3.0136015, 6.4539895)"}
act1-facilities: left wet pane is readable; camera=(-35.246002, 3.1111724, 6.5609827) ray=(-0.98253167, -0.12539542, -0.13750467) hit=/root/Act1FacilitiesSmokeTest/Act1Demo/Main/ZoneHost/Act1ConnectedWorld/village-main-road/BathCondensationRead shape=/root/Act1FacilitiesSmokeTest/Act1Demo/Main/ZoneHost/Act1ConnectedWorld/village-main-road/BathCondensationRead/SurfaceRay at=(-36.010513, 3.0136015, 6.4539895) held= busy=False registering=False registered=True heldPosition= heldPoseValid=False light= targetState= targetVisible= targetConcealed= modal=False pause=False focused=True physicsEnabled=True treePaused=False inputFrame=534/569 interactPresses=9 feedback= pickupProbe=
act1-facility-window: {"kind":"bath-window-sightline","Label":"right wet pane is readable","aim":"(-35.94314, 3.0110626, 6.0813894)","camera":"[X: (0.4993203, 0, -0.86641747), Y: (-0.10370214, 0.99281126, -0.059764013), Z: (0.860189, 0.11969074, 0.49573085), O: (-35.223698, 3.1111724, 6.4960527)]","feet":"(-35.06774, 1.4111726, 6.5859303)","owner":"/root/Act1FacilitiesSmokeTest/Act1Demo/Main/ZoneHost/Act1ConnectedWorld/village-main-road/BathCondensationRead","shape":0,"contact":"(-35.925056, 3.013582, 6.0918555)"}
act1-facilities: right wet pane is readable; camera=(-35.223698, 3.1111724, 6.4960527) ray=(-0.860189, -0.11969074, -0.49573085) hit=/root/Act1FacilitiesSmokeTest/Act1Demo/Main/ZoneHost/Act1ConnectedWorld/village-main-road/BathCondensationRead shape=/root/Act1FacilitiesSmokeTest/Act1Demo/Main/ZoneHost/Act1ConnectedWorld/village-main-road/BathCondensationRead/SurfaceRay at=(-35.925056, 3.013582, 6.0918555) held= busy=False registering=False registered=True heldPosition= heldPoseValid=False light= targetState= targetVisible= targetConcealed= modal=False pause=False focused=True physicsEnabled=True treePaused=False inputFrame=534/572 interactPresses=9 feedback= pickupProbe=
state-final-render-sync-begin: label=facility/04_bath_condensation_before_observation tick=38697 drawn=735 process=735 physics=578 windowVisible=True focus=True mode=Windowed renderLoop=True
state-final-render-sync-end: label=facility/04_bath_condensation_before_observation milliseconds=7 forcedScreenshotRender=False
act1-facility-camera: {"kind":"native-game-camera","file":"/Users/unterlantas/Documents/GitHub/URMAN/docs/production/act1_takeover_evidence_2026-09-16/images-facilities-09/04_bath_condensation_before_observation.png","focus":true,"intendedAim":"(-36.03041, 3.0110626, 6.4512315)","cameraBefore":"[X: (0.13862237, 0, -0.9903453), Y: (-0.124184944, 0.99210685, -0.017382637), Z: (0.9825284, 0.1253956, 0.13752821), O: (-35.246002, 3.1111724, 6.5609784)]","cameraAfter":"[X: (0.13862237, 0, -0.9903453), Y: (-0.124184944, 0.99210685, -0.017382637), Z: (0.9825284, 0.1253956, 0.13752821), O: (-35.246002, 3.1111724, 6.5609784)]","cameraUnchangedDuringRender":true,"cameraTravel":0,"cameraForwardDot":1.0000001,"frameBefore":735,"frameAfter":735,"intendedAimDot":1,"humanArtReview":"not-run"}
act1-facilities: 04_bath_condensation_before_observation: the actual camera retains the intended view across the rendered frame
act1-facilities: previous facility action finishes; camera=(-35.246002, 3.1111724, 6.5609784) ray=(-0.9825284, -0.12539561, -0.13752821) hit=/root/Act1FacilitiesSmokeTest/Act1Demo/Main/ZoneHost/Act1ConnectedWorld/village-main-road/BathCondensationRead shape=/root/Act1FacilitiesSmokeTest/Act1Demo/Main/ZoneHost/Act1ConnectedWorld/village-main-road/BathCondensationRead/SurfaceRay at=(-36.01051, 3.0136018, 6.4539666) held= busy=False registering=False registered=True heldPosition= heldPoseValid=False light= targetState= targetVisible= targetConcealed= modal=False pause=False focused=True physicsEnabled=True treePaused=False inputFrame=534/578 interactPresses=9 feedback= pickupProbe=
act1-facilities: actual available aim at BathCondensationRead; layer=4; camera=(-35.246006, 3.1111724, 6.5609875) ray=(-0.98253524, -0.12539586, -0.13747892) hit=/root/Act1FacilitiesSmokeTest/Act1Demo/Main/ZoneHost/Act1ConnectedWorld/village-main-road/BathCondensationRead shape=/root/Act1FacilitiesSmokeTest/Act1Demo/Main/ZoneHost/Act1ConnectedWorld/village-main-road/BathCondensationRead/SurfaceRay at=(-36.01052, 3.0136013, 6.4540143) held= busy=False registering=False registered=True heldPosition= heldPoseValid=False light= targetState= targetVisible= targetConcealed= modal=False pause=False focused=True physicsEnabled=True treePaused=False inputFrame=534/581 interactPresses=9 feedback= pickupProbe=
[28] journal.changed: urman.chapter1:interaction/bathhouse-condensation-observation
act1-facilities: facility transaction and existing checkpoint save finish; camera=(-35.246006, 3.1111724, 6.5609875) ray=(-0.98253524, -0.12539586, -0.13747892) hit=/root/Act1FacilitiesSmokeTest/Act1Demo/Main/ZoneHost/Act1ConnectedWorld/Act1CoreWorldGreybox/BabaiBathhouse/BathWindow/GlassBody shape=/root/Act1FacilitiesSmokeTest/Act1Demo/Main/ZoneHost/Act1ConnectedWorld/Act1CoreWorldGreybox/BabaiBathhouse/BathWindow/GlassBody/Contact at=(-36.046326, 3.0090318, 6.4490056) held= busy=False registering=False registered=True heldPosition= heldPoseValid=False light= targetState= targetVisible= targetConcealed= modal=False pause=False focused=True physicsEnabled=True treePaused=False inputFrame=585/586 interactPresses=10 feedback= pickupProbe=
SaveGameV3 written to /Users/unterlantas/Library/Application Support/Godot/app_userdata/URMAN/savegames/checkpoint.savegame-v3.json
checkpoint: auto-saved at urman.chapter1:scene/arrival_vehicle_dusk
act1-facilities: one authored bath observation enters the notebook; camera=(-35.246006, 3.1111724, 6.5609875) ray=(-0.98253524, -0.12539586, -0.13747892) hit=/root/Act1FacilitiesSmokeTest/Act1Demo/Main/ZoneHost/Act1ConnectedWorld/Act1CoreWorldGreybox/BabaiBathhouse/BathWindow/GlassBody shape=/root/Act1FacilitiesSmokeTest/Act1Demo/Main/ZoneHost/Act1ConnectedWorld/Act1CoreWorldGreybox/BabaiBathhouse/BathWindow/GlassBody/Contact at=(-36.046326, 3.0090318, 6.4490056) held= busy=False registering=False registered=True heldPosition= heldPoseValid=False light= targetState= targetVisible= targetConcealed= modal=False pause=False focused=True physicsEnabled=True treePaused=False inputFrame=588/589 interactPresses=10 feedback= pickupProbe=
act1-facilities: the observation leaves ordinary control active until the player opens the notebook
act1-facilities: mapped journal action opens the notebook; camera=(-35.246006, 3.1111724, 6.5609875) ray=(-0.98253524, -0.12539586, -0.13747892) hit=/root/Act1FacilitiesSmokeTest/Act1Demo/Main/ZoneHost/Act1ConnectedWorld/Act1CoreWorldGreybox/BabaiBathhouse/BathWindow/GlassBody shape=/root/Act1FacilitiesSmokeTest/Act1Demo/Main/ZoneHost/Act1ConnectedWorld/Act1CoreWorldGreybox/BabaiBathhouse/BathWindow/GlassBody/Contact at=(-36.046326, 3.0090318, 6.4490056) held= busy=False registering=False registered=True heldPosition= heldPoseValid=False light= targetState= targetVisible= targetConcealed= modal=True pause=False focused=True physicsEnabled=True treePaused=False inputFrame=589/594 interactPresses=10 feedback= pickupProbe=
act1-facilities: the selected actual notebook entry displays its authored observation
state-final-render-sync-begin: label=facility/04b_bath_observation_notebook tick=39039 drawn=745 process=745 physics=598 windowVisible=True focus=True mode=Windowed renderLoop=True
state-final-render-sync-end: label=facility/04b_bath_observation_notebook milliseconds=10 forcedScreenshotRender=False
act1-facility-camera: {"kind":"native-game-camera","file":"/Users/unterlantas/Documents/GitHub/URMAN/docs/production/act1_takeover_evidence_2026-09-16/images-facilities-09/04b_bath_observation_notebook.png","focus":true,"intendedAim":null,"cameraBefore":"[X: (0.1385727, 0, -0.9903523), Y: (-0.12418608, 0.9921068, -0.017376443), Z: (0.98253524, 0.12539586, 0.1374789), O: (-35.246006, 3.1111724, 6.5609875)]","cameraAfter":"[X: (0.1385727, 0, -0.9903523), Y: (-0.12418608, 0.9921068, -0.017376443), Z: (0.98253524, 0.12539586, 0.1374789), O: (-35.246006, 3.1111724, 6.5609875)]","cameraUnchangedDuringRender":true,"cameraTravel":0,"cameraForwardDot":1,"frameBefore":745,"frameAfter":745,"intendedAimDot":null,"humanArtReview":"not-run"}
act1-facilities: close the notebook through its production button; camera=(-35.246006, 3.1111724, 6.5609875) ray=(-0.98253524, -0.12539586, -0.13747892) hit=/root/Act1FacilitiesSmokeTest/Act1Demo/Main/ZoneHost/Act1ConnectedWorld/Act1CoreWorldGreybox/BabaiBathhouse/BathWindow/GlassBody shape=/root/Act1FacilitiesSmokeTest/Act1Demo/Main/ZoneHost/Act1ConnectedWorld/Act1CoreWorldGreybox/BabaiBathhouse/BathWindow/GlassBody/Contact at=(-36.046326, 3.0090318, 6.4490056) held= busy=False registering=False registered=True heldPosition= heldPoseValid=False light= targetState= targetVisible= targetConcealed= modal=False pause=False focused=True physicsEnabled=True treePaused=False inputFrame=589/598 interactPresses=10 feedback= pickupProbe=
act1-facilities: reading the saved observation creates no duplicate notebook entry
act1-facilities: the same observation cannot make a second notebook entry
SaveGameV3 written to /Users/unterlantas/Library/Application Support/Godot/app_userdata/URMAN/savegames/facilities-bath-observed.savegame-v3.json
act1-facilities: save the attained steam, resources, position and notebook state
act1-facilities: stand beyond the wet door's complete swept arc; actual=(-34.957436, 1.4111726, 6.611959), expected=(-34.924545, 1.4110625, 6.6197205)
act1-facilities: previous facility action finishes; camera=(-34.78225, 3.1111724, 6.6532984) ray=(0.97326976, -0, 0.22966515) hit=/root/Act1FacilitiesSmokeTest/Act1Demo/Main/ZoneHost/Act1ConnectedWorld/village-main-road/BathWetRoomDoorUse shape=/root/Act1FacilitiesSmokeTest/Act1Demo/Main/ZoneHost/Act1ConnectedWorld/village-main-road/BathWetRoomDoorUse/SurfaceRay at=(-33.43301, 3.1111724, 6.9716835) held= busy=False registering=False registered=True heldPosition= heldPoseValid=False light= targetState= targetVisible= targetConcealed= modal=False pause=False focused=True physicsEnabled=True treePaused=False inputFrame=607/608 interactPresses=10 feedback= pickupProbe=
act1-facilities: actual available aim at BathWetRoomDoorUse; layer=4; camera=(-34.78225, 3.1111724, 6.6533) ray=(0.87574023, -0.4363166, 0.20665666) hit=/root/Act1FacilitiesSmokeTest/Act1Demo/Main/ZoneHost/Act1ConnectedWorld/village-main-road/BathWetRoomDoorUse shape=/root/Act1FacilitiesSmokeTest/Act1Demo/Main/ZoneHost/Act1ConnectedWorld/village-main-road/BathWetRoomDoorUse/SurfaceRay at=(-33.43301, 2.4389462, 6.9716926) held= busy=False registering=False registered=True heldPosition= heldPoseValid=False light= targetState= targetVisible= targetConcealed= modal=False pause=False focused=True physicsEnabled=True treePaused=False inputFrame=610/611 interactPresses=10 feedback= pickupProbe=
act1-facility-door: {"kind":"door-input-probe","phase":"before-input","target":"urman.chapter1:local/bathhouse/wet-door","feet":"(-34.957436, 1.4111726, 6.611959)","velocity":"(0, 0, 0)","forward":0,"backward":0,"left":0,"right":0,"interact":0,"focus":true,"modal":false,"sessionReady":true,"noticeActive":false,"focusedInteraction":"urman.chapter1:local/bathhouse/wet-door","transformRevision":4,"angle":1.5707964,"actionNumber":2,"action":"{\u0022phase\u0022:\u0022received\u0022,\u0022key\u0022:\u0022bathhouse/wet-door\u0022,\u0022busy\u0022:false,\u0022sessionReady\u0022:true,\u0022feet\u0022:\u0022(-34.847076, 1.4111726, 6.637903)\u0022,\u0022focus\u0022:true,\u0022forward\u0022:0,\u0022backward\u0022:0,\u0022left\u0022:0,\u0022right\u0022:0}","result":"committed","sweep":"{\u0022clear\u0022:true,\u0022samples\u0022:102,\u0022from\u0022:3.2288592,\u0022to\u0022:1.5707964}","aim":"camera=(-34.78225, 3.1111724, 6.6533) ray=(0.87574023, -0.4363166, 0.20665666) hit=/root/Act1FacilitiesSmokeTest/Act1Demo/Main/ZoneHost/Act1ConnectedWorld/village-main-road/BathWetRoomDoorUse shape=/root/Act1FacilitiesSmokeTest/Act1Demo/Main/ZoneHost/Act1ConnectedWorld/village-main-road/BathWetRoomDoorUse/SurfaceRay at=(-33.43301, 2.4389462, 6.9716926) held= busy=False registering=False registered=True heldPosition= heldPoseValid=False light= targetState= targetVisible= targetConcealed= modal=False pause=False focused=True physicsEnabled=True treePaused=False inputFrame=610/611 interactPresses=10 feedback= pickupProbe="}
act1-facilities: BathWetRoomDoorUse: passive focus follows the actual door during a result notice
SaveGameV3 written to /Users/unterlantas/Library/Application Support/Godot/app_userdata/URMAN/savegames/checkpoint.savegame-v3.json
act1-facility-door: {"kind":"door-input-probe","phase":"after-input","target":"urman.chapter1:local/bathhouse/wet-door","feet":"(-34.957436, 1.4111726, 6.611959)","velocity":"(0, 0, 0)","forward":0,"backward":0,"left":0,"right":0,"interact":0,"focus":true,"modal":false,"sessionReady":true,"noticeActive":true,"focusedInteraction":"urman.chapter1:local/bathhouse/wet-door","transformRevision":4,"angle":1.7107962,"actionNumber":3,"action":"{\u0022phase\u0022:\u0022received\u0022,\u0022key\u0022:\u0022bathhouse/wet-door\u0022,\u0022busy\u0022:false,\u0022sessionReady\u0022:true,\u0022feet\u0022:\u0022(-34.957436, 1.4111726, 6.611959)\u0022,\u0022focus\u0022:true,\u0022forward\u0022:0,\u0022backward\u0022:0,\u0022left\u0022:0,\u0022right\u0022:0}","result":"committed","sweep":"{\u0022clear\u0022:true,\u0022samples\u0022:102,\u0022from\u0022:1.5707964,\u0022to\u0022:3.2288592}","aim":"camera=(-34.78225, 3.1111724, 6.6533) ray=(0.87574023, -0.4363166, 0.20665666) hit=/root/Act1FacilitiesSmokeTest/Act1Demo/Main/ZoneHost/Act1ConnectedWorld/village-main-road/BathWetRoomDoorUse shape=/root/Act1FacilitiesSmokeTest/Act1Demo/Main/ZoneHost/Act1ConnectedWorld/village-main-road/BathWetRoomDoorUse/SurfaceRay at=(-33.509003, 2.4768083, 6.95376) held= busy=False registering=False registered=True heldPosition= heldPoseValid=False light= targetState= targetVisible= targetConcealed= modal=False pause=False focused=True physicsEnabled=True treePaused=False inputFrame=612/616 interactPresses=11 feedback= pickupProbe="}
act1-facilities: BathWetRoomDoorUse: one deliberate mapped press reaches exactly one door callback
act1-facilities: facility transaction and existing checkpoint save finish; camera=(-34.78225, 3.1111724, 6.6533) ray=(0.87574023, -0.4363166, 0.20665666) hit=/root/Act1FacilitiesSmokeTest/Act1Demo/Main/ZoneHost/Act1ConnectedWorld/village-main-road/BathWetRoomDoorUse shape=/root/Act1FacilitiesSmokeTest/Act1Demo/Main/ZoneHost/Act1ConnectedWorld/village-main-road/BathWetRoomDoorUse/SurfaceRay at=(-33.509003, 2.4768083, 6.95376) held= busy=False registering=False registered=True heldPosition= heldPoseValid=False light= targetState= targetVisible= targetConcealed= modal=False pause=False focused=True physicsEnabled=True treePaused=False inputFrame=612/616 interactPresses=11 feedback= pickupProbe=
act1-facility-door: {"kind":"door-input-probe","phase":"after-transaction","target":"urman.chapter1:local/bathhouse/wet-door","feet":"(-34.957436, 1.4111726, 6.611959)","velocity":"(0, 0, 0)","forward":0,"backward":0,"left":0,"right":0,"interact":0,"focus":true,"modal":false,"sessionReady":true,"noticeActive":true,"focusedInteraction":"urman.chapter1:local/bathhouse/wet-door","transformRevision":4,"angle":1.8507961,"actionNumber":3,"action":"{\u0022phase\u0022:\u0022received\u0022,\u0022key\u0022:\u0022bathhouse/wet-door\u0022,\u0022busy\u0022:false,\u0022sessionReady\u0022:true,\u0022feet\u0022:\u0022(-34.957436, 1.4111726, 6.611959)\u0022,\u0022focus\u0022:true,\u0022forward\u0022:0,\u0022backward\u0022:0,\u0022left\u0022:0,\u0022right\u0022:0}","result":"committed","sweep":"{\u0022clear\u0022:true,\u0022samples\u0022:102,\u0022from\u0022:1.5707964,\u0022to\u0022:3.2288592}","aim":"camera=(-34.78225, 3.1111724, 6.6533) ray=(0.87574023, -0.4363166, 0.20665666) hit=/root/Act1FacilitiesSmokeTest/Act1Demo/Main/ZoneHost/Act1ConnectedWorld/village-main-road/BathWetRoomDoorUse shape=/root/Act1FacilitiesSmokeTest/Act1Demo/Main/ZoneHost/Act1ConnectedWorld/village-main-road/BathWetRoomDoorUse/SurfaceRay at=(-33.589207, 2.516768, 6.934833) held= busy=False registering=False registered=True heldPosition= heldPoseValid=False light= targetState= targetVisible= targetConcealed= modal=False pause=False focused=True physicsEnabled=True treePaused=False inputFrame=612/619 interactPresses=11 feedback= pickupProbe="}
act1-facility-door: {"kind":"door-input-probe","phase":"finished-angle-wait","target":"urman.chapter1:local/bathhouse/wet-door","feet":"(-34.957436, 1.4111726, 6.611959)","velocity":"(0, 0, 0)","forward":0,"backward":0,"left":0,"right":0,"interact":0,"focus":true,"modal":false,"sessionReady":true,"noticeActive":true,"focusedInteraction":"","transformRevision":4,"angle":3.2288592,"actionNumber":3,"action":"{\u0022phase\u0022:\u0022received\u0022,\u0022key\u0022:\u0022bathhouse/wet-door\u0022,\u0022busy\u0022:false,\u0022sessionReady\u0022:true,\u0022feet\u0022:\u0022(-34.957436, 1.4111726, 6.611959)\u0022,\u0022focus\u0022:true,\u0022forward\u0022:0,\u0022backward\u0022:0,\u0022left\u0022:0,\u0022right\u0022:0}","result":"committed","sweep":"{\u0022clear\u0022:true,\u0022samples\u0022:102,\u0022from\u0022:1.5707964,\u0022to\u0022:3.2288592}","aim":"camera=(-34.78225, 3.1111724, 6.6533) ray=(0.87574023, -0.4363166, 0.20665666) hit= shape= at=(0, 0, 0) held= busy=False registering=False registered=True heldPosition= heldPoseValid=False light= targetState= targetVisible= targetConcealed= modal=False pause=False focused=True physicsEnabled=True treePaused=False inputFrame=612/649 interactPresses=11 feedback= pickupProbe="}
act1-facilities: manually reopen the wet room before returning
act1-facilities: leave the wet room through its actual doorway; actual=(-32.36525, 1.4111726, 7.223661), expected=(-32.32592, 1.4110625, 7.232943)
act1-facilities: cross the changing room toward the outside door; actual=(-31.913042, 1.4111726, 6.503927), expected=(-31.887383, 1.4110625, 6.4630833)
act1-facilities: exit onto the supported upper landing; actual=(-31.638268, 1.4111726, 5.404413), expected=(-31.625557, 1.4110625, 5.353557)
act1-facilities: return around the same open bath leaf on the supported landing; actual=(-31.27354, 1.4111726, 4.898923), expected=(-31.224972, 1.4110625, 4.8316073)
act1-facilities: return around the same open bath leaf on the supported landing; actual=(-31.116032, 1.4111726, 4.354581), expected=(-31.096355, 1.4110625, 4.286577)
act1-facilities: return around the same open bath leaf on the supported landing; actual=(-30.041075, 1.1079232, 4.5381317), expected=(-30.01603, 1.4110625, 4.5415125)
act1-facilities: return to the original lower stair flight; actual=(-30.265532, 1.1079232, 5.5911374), expected=(-30.282448, 1.4110625, 5.6705036)
act1-facilities: leave the bathhouse by the same physical steps; actual=(-29.177423, 0.6567949, 5.928059), expected=(-29.133991, 0.6949753, 5.941516)
act1-facilities: ordinary exit leaves the bath interior volume
act1-facilities: physical room presentation follows the actual player; camera=(-29.005487, 2.3567948, 5.98133) ray=(0.9552036, -0, 0.29594967) hit= shape= at=(0, 0, 0) held= busy=False registering=False registered=True heldPosition= heldPoseValid=False light= targetState= targetVisible= targetConcealed= modal=False pause=False focused=True physicsEnabled=True treePaused=False inputFrame=841/842 interactPresses=11 feedback= pickupProbe=
act1-facilities: actual snow emission and visibility follow shelter: outside
act1-facilities: existing two-player ambience owner selects the indoor bed and returns to the village bed
act1-facilities: ambient crossfade reaches one active native playback without an extra owner; camera=(-29.005487, 2.3567948, 5.98133) ray=(0.9552036, -0, 0.29594967) hit= shape= at=(0, 0, 0) held= busy=False registering=False registered=True heldPosition= heldPoseValid=False light= targetState= targetVisible= targetConcealed= modal=False pause=False focused=True physicsEnabled=True treePaused=False inputFrame=841/842 interactPresses=11 feedback= pickupProbe=
act1-facilities: pending action is finished before loading facilities-bath-observed; camera=(-29.005487, 2.3567948, 5.98133) ray=(0.9552036, -0, 0.29594967) hit= shape= at=(0, 0, 0) held= busy=False registering=False registered=True heldPosition= heldPoseValid=False light= targetState= targetVisible= targetConcealed= modal=False pause=False focused=True physicsEnabled=True treePaused=False inputFrame=841/842 interactPresses=11 feedback= pickupProbe=
zone-loaded: village_day@arrival connected-world=108548591549
SaveGameV3 restored.
act1-facilities: load attained save facilities-bath-observed
act1-facilities: load restores supported indoor feet, exact exterior and wet-room door angles, consumed resources and single observation
state-final-render-sync-begin: label=facility/05_bath_saved_return tick=43322 drawn=990 process=990 physics=855 windowVisible=True focus=True mode=Windowed renderLoop=True
state-final-render-sync-end: label=facility/05_bath_saved_return milliseconds=11 forcedScreenshotRender=False
act1-facility-camera: {"kind":"native-game-camera","file":"/Users/unterlantas/Documents/GitHub/URMAN/docs/production/act1_takeover_evidence_2026-09-16/images-facilities-09/05_bath_saved_return.png","focus":true,"intendedAim":null,"cameraBefore":"[X: (0.13857268, 0, -0.9903523), Y: (-0.12418591, 0.9921068, -0.017376417), Z: (0.98253524, 0.1253957, 0.13747889), O: (-35.246002, 3.1111727, 6.5609875)]","cameraAfter":"[X: (0.13857268, 0, -0.9903523), Y: (-0.12418591, 0.9921068, -0.017376417), Z: (0.98253524, 0.1253957, 0.13747889), O: (-35.246002, 3.1111727, 6.5609875)]","cameraUnchangedDuringRender":true,"cameraTravel":0,"cameraForwardDot":1,"frameBefore":990,"frameAfter":990,"intendedAimDot":null,"humanArtReview":"not-run"}
act1-facilities: physical room presentation follows the actual player; camera=(-35.246002, 3.1111727, 6.5609875) ray=(-0.98253524, -0.12539572, -0.13747889) hit=/root/Act1FacilitiesSmokeTest/Act1Demo/Main/ZoneHost/Act1ConnectedWorld/Act1CoreWorldGreybox/BabaiBathhouse/BathWindow/GlassBody shape=/root/Act1FacilitiesSmokeTest/Act1Demo/Main/ZoneHost/Act1ConnectedWorld/Act1CoreWorldGreybox/BabaiBathhouse/BathWindow/GlassBody/Contact at=(-36.046326, 3.0090315, 6.449005) held= busy=False registering=False registered=True heldPosition= heldPoseValid=False light= targetState= targetVisible= targetConcealed= modal=False pause=False focused=True physicsEnabled=True treePaused=False inputFrame=855/855 interactPresses=11 feedback= pickupProbe=
act1-facilities: actual snow emission and visibility follow shelter: bathhouse
act1-facilities: existing two-player ambience owner selects the indoor bed and returns to the village bed
act1-facilities: ambient crossfade reaches one active native playback without an extra owner; camera=(-35.246002, 3.1111727, 6.5609875) ray=(-0.98253524, -0.12539572, -0.13747889) hit=/root/Act1FacilitiesSmokeTest/Act1Demo/Main/ZoneHost/Act1ConnectedWorld/Act1CoreWorldGreybox/BabaiBathhouse/BathWindow/GlassBody shape=/root/Act1FacilitiesSmokeTest/Act1Demo/Main/ZoneHost/Act1ConnectedWorld/Act1CoreWorldGreybox/BabaiBathhouse/BathWindow/GlassBody/Contact at=(-36.046326, 3.0090315, 6.449005) held= busy=False registering=False registered=True heldPosition= heldPoseValid=False light= targetState= targetVisible= targetConcealed= modal=False pause=False focused=True physicsEnabled=True treePaused=False inputFrame=881/882 interactPresses=11 feedback= pickupProbe=
act1-facilities: return to the physical heater controls; actual=(-34.07499, 1.4111726, 6.8201976), expected=(-33.999943, 1.4110625, 6.8379083)
act1-facilities: clock expiry starts from active supported gameplay
act1-facilities: allow the previous steam pulse to dissipate using the actual clock while stationary
act1-facilities: previous facility action finishes; camera=(-33.899803, 3.1111727, 6.8615403) ray=(0.97326565, -0, 0.22968242) hit=/root/Act1FacilitiesSmokeTest/Act1Demo/Main/ZoneHost/Act1ConnectedWorld/village-main-road/BathWetRoomDoorUse shape=/root/Act1FacilitiesSmokeTest/Act1Demo/Main/ZoneHost/Act1ConnectedWorld/village-main-road/BathWetRoomDoorUse/SurfaceRay at=(-33.433014, 3.1111727, 6.971699) held= busy=False registering=False registered=True heldPosition= heldPoseValid=False light= targetState= targetVisible= targetConcealed= modal=False pause=False focused=True physicsEnabled=True treePaused=False inputFrame=932/933 interactPresses=11 feedback= pickupProbe=
act1-facilities: actual available aim at BathSteamUse; layer=4; camera=(-34.163853, 3.1111727, 6.9767313) ray=(-0.4648416, -0.33685112, 0.8188123) hit=/root/Act1FacilitiesSmokeTest/Act1Demo/Main/ZoneHost/Act1ConnectedWorld/village-main-road/BathSteamUse shape=/root/Act1FacilitiesSmokeTest/Act1Demo/Main/ZoneHost/Act1ConnectedWorld/village-main-road/BathSteamUse/SurfaceRay at=(-34.92298, 2.5610623, 8.3139305) held= busy=False registering=False registered=True heldPosition= heldPoseValid=False light= targetState= targetVisible= targetConcealed= modal=False pause=False focused=True physicsEnabled=True treePaused=False inputFrame=935/936 interactPresses=11 feedback= pickupProbe=
SaveGameV3 written to /Users/unterlantas/Library/Application Support/Godot/app_userdata/URMAN/savegames/checkpoint.savegame-v3.json
act1-facilities: facility transaction and existing checkpoint save finish; camera=(-34.163853, 3.1111727, 6.9767313) ray=(-0.4648416, -0.33685112, 0.8188123) hit=/root/Act1FacilitiesSmokeTest/Act1Demo/Main/ZoneHost/Act1ConnectedWorld/village-main-road/BathSteamUse shape=/root/Act1FacilitiesSmokeTest/Act1Demo/Main/ZoneHost/Act1ConnectedWorld/village-main-road/BathSteamUse/SurfaceRay at=(-34.92298, 2.5610623, 8.3139305) held= busy=False registering=False registered=True heldPosition= heldPoseValid=False light= targetState= targetVisible= targetConcealed= modal=False pause=False focused=True physicsEnabled=True treePaused=False inputFrame=937/941 interactPresses=12 feedback= pickupProbe=
act1-facilities: finite water falls to 6 ladles
act1-facilities: clock expiry starts from active supported gameplay
act1-facilities: allow the previous steam pulse to dissipate using the actual clock while stationary
act1-facilities: previous facility action finishes; camera=(-34.163853, 3.1111727, 6.9767313) ray=(-0.4648416, -0.33685112, 0.8188123) hit=/root/Act1FacilitiesSmokeTest/Act1Demo/Main/ZoneHost/Act1ConnectedWorld/village-main-road/BathSteamUse shape=/root/Act1FacilitiesSmokeTest/Act1Demo/Main/ZoneHost/Act1ConnectedWorld/village-main-road/BathSteamUse/SurfaceRay at=(-34.92298, 2.5610623, 8.3139305) held= busy=False registering=False registered=True heldPosition= heldPoseValid=False light= targetState= targetVisible= targetConcealed= modal=False pause=False focused=True physicsEnabled=True treePaused=False inputFrame=937/976 interactPresses=12 feedback= pickupProbe=
act1-facilities: actual available aim at BathSteamUse; layer=4; camera=(-34.163853, 3.1111727, 6.9767313) ray=(-0.4648434, -0.3368509, 0.81881136) hit=/root/Act1FacilitiesSmokeTest/Act1Demo/Main/ZoneHost/Act1ConnectedWorld/village-main-road/BathSteamUse shape=/root/Act1FacilitiesSmokeTest/Act1Demo/Main/ZoneHost/Act1ConnectedWorld/village-main-road/BathSteamUse/SurfaceRay at=(-34.922985, 2.5610623, 8.31393) held= busy=False registering=False registered=True heldPosition= heldPoseValid=False light= targetState= targetVisible= targetConcealed= modal=False pause=False focused=True physicsEnabled=True treePaused=False inputFrame=937/979 interactPresses=12 feedback= pickupProbe=
SaveGameV3 written to /Users/unterlantas/Library/Application Support/Godot/app_userdata/URMAN/savegames/checkpoint.savegame-v3.json
act1-facilities: facility transaction and existing checkpoint save finish; camera=(-34.163853, 3.1111727, 6.9767313) ray=(-0.4648434, -0.3368509, 0.81881136) hit=/root/Act1FacilitiesSmokeTest/Act1Demo/Main/ZoneHost/Act1ConnectedWorld/village-main-road/BathSteamUse shape=/root/Act1FacilitiesSmokeTest/Act1Demo/Main/ZoneHost/Act1ConnectedWorld/village-main-road/BathSteamUse/SurfaceRay at=(-34.922985, 2.5610623, 8.31393) held= busy=False registering=False registered=True heldPosition= heldPoseValid=False light= targetState= targetVisible= targetConcealed= modal=False pause=False focused=True physicsEnabled=True treePaused=False inputFrame=980/984 interactPresses=13 feedback= pickupProbe=
act1-facilities: finite water falls to 5 ladles
act1-facilities: clock expiry starts from active supported gameplay
act1-facilities: allow the previous steam pulse to dissipate using the actual clock while stationary
act1-facilities: previous facility action finishes; camera=(-34.163853, 3.1111727, 6.9767313) ray=(-0.4648434, -0.3368509, 0.81881136) hit=/root/Act1FacilitiesSmokeTest/Act1Demo/Main/ZoneHost/Act1ConnectedWorld/village-main-road/BathSteamUse shape=/root/Act1FacilitiesSmokeTest/Act1Demo/Main/ZoneHost/Act1ConnectedWorld/village-main-road/BathSteamUse/SurfaceRay at=(-34.922985, 2.5610623, 8.31393) held= busy=False registering=False registered=True heldPosition= heldPoseValid=False light= targetState= targetVisible= targetConcealed= modal=False pause=False focused=True physicsEnabled=True treePaused=False inputFrame=980/1019 interactPresses=13 feedback= pickupProbe=
act1-facilities: actual available aim at BathSteamUse; layer=4; camera=(-34.163853, 3.1111727, 6.9767313) ray=(-0.4648434, -0.3368509, 0.81881136) hit=/root/Act1FacilitiesSmokeTest/Act1Demo/Main/ZoneHost/Act1ConnectedWorld/village-main-road/BathSteamUse shape=/root/Act1FacilitiesSmokeTest/Act1Demo/Main/ZoneHost/Act1ConnectedWorld/village-main-road/BathSteamUse/SurfaceRay at=(-34.922985, 2.5610623, 8.31393) held= busy=False registering=False registered=True heldPosition= heldPoseValid=False light= targetState= targetVisible= targetConcealed= modal=False pause=False focused=True physicsEnabled=True treePaused=False inputFrame=980/1022 interactPresses=13 feedback= pickupProbe=
SaveGameV3 written to /Users/unterlantas/Library/Application Support/Godot/app_userdata/URMAN/savegames/checkpoint.savegame-v3.json
act1-facilities: facility transaction and existing checkpoint save finish; camera=(-34.163853, 3.1111727, 6.9767313) ray=(-0.4648434, -0.3368509, 0.81881136) hit=/root/Act1FacilitiesSmokeTest/Act1Demo/Main/ZoneHost/Act1ConnectedWorld/village-main-road/BathSteamUse shape=/root/Act1FacilitiesSmokeTest/Act1Demo/Main/ZoneHost/Act1ConnectedWorld/village-main-road/BathSteamUse/SurfaceRay at=(-34.922985, 2.5610623, 8.31393) held= busy=False registering=False registered=True heldPosition= heldPoseValid=False light= targetState= targetVisible= targetConcealed= modal=False pause=False focused=True physicsEnabled=True treePaused=False inputFrame=1023/1027 interactPresses=14 feedback= pickupProbe=
act1-facilities: finite water falls to 4 ladles
act1-facilities: clock expiry starts from active supported gameplay
act1-facilities: allow the previous steam pulse to dissipate using the actual clock while stationary
act1-facilities: previous facility action finishes; camera=(-34.163853, 3.1111727, 6.9767313) ray=(-0.4648434, -0.3368509, 0.81881136) hit=/root/Act1FacilitiesSmokeTest/Act1Demo/Main/ZoneHost/Act1ConnectedWorld/village-main-road/BathSteamUse shape=/root/Act1FacilitiesSmokeTest/Act1Demo/Main/ZoneHost/Act1ConnectedWorld/village-main-road/BathSteamUse/SurfaceRay at=(-34.922985, 2.5610623, 8.31393) held= busy=False registering=False registered=True heldPosition= heldPoseValid=False light= targetState= targetVisible= targetConcealed= modal=False pause=False focused=True physicsEnabled=True treePaused=False inputFrame=1023/1062 interactPresses=14 feedback= pickupProbe=
act1-facilities: actual available aim at BathSteamUse; layer=4; camera=(-34.163853, 3.1111727, 6.9767313) ray=(-0.4648434, -0.3368509, 0.81881136) hit=/root/Act1FacilitiesSmokeTest/Act1Demo/Main/ZoneHost/Act1ConnectedWorld/village-main-road/BathSteamUse shape=/root/Act1FacilitiesSmokeTest/Act1Demo/Main/ZoneHost/Act1ConnectedWorld/village-main-road/BathSteamUse/SurfaceRay at=(-34.922985, 2.5610623, 8.31393) held= busy=False registering=False registered=True heldPosition= heldPoseValid=False light= targetState= targetVisible= targetConcealed= modal=False pause=False focused=True physicsEnabled=True treePaused=False inputFrame=1023/1065 interactPresses=14 feedback= pickupProbe=
SaveGameV3 written to /Users/unterlantas/Library/Application Support/Godot/app_userdata/URMAN/savegames/checkpoint.savegame-v3.json
act1-facilities: facility transaction and existing checkpoint save finish; camera=(-34.163853, 3.1111727, 6.9767313) ray=(-0.4648434, -0.3368509, 0.81881136) hit=/root/Act1FacilitiesSmokeTest/Act1Demo/Main/ZoneHost/Act1ConnectedWorld/village-main-road/BathSteamUse shape=/root/Act1FacilitiesSmokeTest/Act1Demo/Main/ZoneHost/Act1ConnectedWorld/village-main-road/BathSteamUse/SurfaceRay at=(-34.922985, 2.5610623, 8.31393) held= busy=False registering=False registered=True heldPosition= heldPoseValid=False light= targetState= targetVisible= targetConcealed= modal=False pause=False focused=True physicsEnabled=True treePaused=False inputFrame=1066/1070 interactPresses=15 feedback= pickupProbe=
act1-facilities: finite water falls to 3 ladles
act1-facilities: clock expiry starts from active supported gameplay
act1-facilities: allow the previous steam pulse to dissipate using the actual clock while stationary
act1-facilities: previous facility action finishes; camera=(-34.163853, 3.1111727, 6.9767313) ray=(-0.4648434, -0.3368509, 0.81881136) hit=/root/Act1FacilitiesSmokeTest/Act1Demo/Main/ZoneHost/Act1ConnectedWorld/village-main-road/BathSteamUse shape=/root/Act1FacilitiesSmokeTest/Act1Demo/Main/ZoneHost/Act1ConnectedWorld/village-main-road/BathSteamUse/SurfaceRay at=(-34.922985, 2.5610623, 8.31393) held= busy=False registering=False registered=True heldPosition= heldPoseValid=False light= targetState= targetVisible= targetConcealed= modal=False pause=False focused=True physicsEnabled=True treePaused=False inputFrame=1066/1105 interactPresses=15 feedback= pickupProbe=
act1-facilities: actual available aim at BathSteamUse; layer=4; camera=(-34.163853, 3.1111727, 6.9767313) ray=(-0.4648434, -0.3368509, 0.81881136) hit=/root/Act1FacilitiesSmokeTest/Act1Demo/Main/ZoneHost/Act1ConnectedWorld/village-main-road/BathSteamUse shape=/root/Act1FacilitiesSmokeTest/Act1Demo/Main/ZoneHost/Act1ConnectedWorld/village-main-road/BathSteamUse/SurfaceRay at=(-34.922985, 2.5610623, 8.31393) held= busy=False registering=False registered=True heldPosition= heldPoseValid=False light= targetState= targetVisible= targetConcealed= modal=False pause=False focused=True physicsEnabled=True treePaused=False inputFrame=1066/1108 interactPresses=15 feedback= pickupProbe=
SaveGameV3 written to /Users/unterlantas/Library/Application Support/Godot/app_userdata/URMAN/savegames/checkpoint.savegame-v3.json
act1-facilities: facility transaction and existing checkpoint save finish; camera=(-34.163853, 3.1111727, 6.9767313) ray=(-0.4648434, -0.3368509, 0.81881136) hit=/root/Act1FacilitiesSmokeTest/Act1Demo/Main/ZoneHost/Act1ConnectedWorld/village-main-road/BathSteamUse shape=/root/Act1FacilitiesSmokeTest/Act1Demo/Main/ZoneHost/Act1ConnectedWorld/village-main-road/BathSteamUse/SurfaceRay at=(-34.922985, 2.5610623, 8.31393) held= busy=False registering=False registered=True heldPosition= heldPoseValid=False light= targetState= targetVisible= targetConcealed= modal=False pause=False focused=True physicsEnabled=True treePaused=False inputFrame=1109/1113 interactPresses=16 feedback= pickupProbe=
act1-facilities: finite water falls to 2 ladles
act1-facilities: clock expiry starts from active supported gameplay
act1-facilities: allow the previous steam pulse to dissipate using the actual clock while stationary
act1-facilities: previous facility action finishes; camera=(-34.163853, 3.1111727, 6.9767313) ray=(-0.4648434, -0.3368509, 0.81881136) hit=/root/Act1FacilitiesSmokeTest/Act1Demo/Main/ZoneHost/Act1ConnectedWorld/village-main-road/BathSteamUse shape=/root/Act1FacilitiesSmokeTest/Act1Demo/Main/ZoneHost/Act1ConnectedWorld/village-main-road/BathSteamUse/SurfaceRay at=(-34.922985, 2.5610623, 8.31393) held= busy=False registering=False registered=True heldPosition= heldPoseValid=False light= targetState= targetVisible= targetConcealed= modal=False pause=False focused=True physicsEnabled=True treePaused=False inputFrame=1109/1148 interactPresses=16 feedback= pickupProbe=
act1-facilities: actual available aim at BathSteamUse; layer=4; camera=(-34.163853, 3.1111727, 6.9767313) ray=(-0.4648434, -0.3368509, 0.81881136) hit=/root/Act1FacilitiesSmokeTest/Act1Demo/Main/ZoneHost/Act1ConnectedWorld/village-main-road/BathSteamUse shape=/root/Act1FacilitiesSmokeTest/Act1Demo/Main/ZoneHost/Act1ConnectedWorld/village-main-road/BathSteamUse/SurfaceRay at=(-34.922985, 2.5610623, 8.31393) held= busy=False registering=False registered=True heldPosition= heldPoseValid=False light= targetState= targetVisible= targetConcealed= modal=False pause=False focused=True physicsEnabled=True treePaused=False inputFrame=1109/1151 interactPresses=16 feedback= pickupProbe=
SaveGameV3 written to /Users/unterlantas/Library/Application Support/Godot/app_userdata/URMAN/savegames/checkpoint.savegame-v3.json
act1-facilities: facility transaction and existing checkpoint save finish; camera=(-34.163853, 3.1111727, 6.9767313) ray=(-0.4648434, -0.3368509, 0.81881136) hit=/root/Act1FacilitiesSmokeTest/Act1Demo/Main/ZoneHost/Act1ConnectedWorld/village-main-road/BathSteamUse shape=/root/Act1FacilitiesSmokeTest/Act1Demo/Main/ZoneHost/Act1ConnectedWorld/village-main-road/BathSteamUse/SurfaceRay at=(-34.922985, 2.5610623, 8.31393) held= busy=False registering=False registered=True heldPosition= heldPoseValid=False light= targetState= targetVisible= targetConcealed= modal=False pause=False focused=True physicsEnabled=True treePaused=False inputFrame=1152/1156 interactPresses=17 feedback= pickupProbe=
act1-facilities: finite water falls to 1 ladles
act1-facilities: clock expiry starts from active supported gameplay
act1-facilities: allow the previous steam pulse to dissipate using the actual clock while stationary
act1-facilities: previous facility action finishes; camera=(-34.163853, 3.1111727, 6.9767313) ray=(-0.4648434, -0.3368509, 0.81881136) hit=/root/Act1FacilitiesSmokeTest/Act1Demo/Main/ZoneHost/Act1ConnectedWorld/village-main-road/BathSteamUse shape=/root/Act1FacilitiesSmokeTest/Act1Demo/Main/ZoneHost/Act1ConnectedWorld/village-main-road/BathSteamUse/SurfaceRay at=(-34.922985, 2.5610623, 8.31393) held= busy=False registering=False registered=True heldPosition= heldPoseValid=False light= targetState= targetVisible= targetConcealed= modal=False pause=False focused=True physicsEnabled=True treePaused=False inputFrame=1152/1191 interactPresses=17 feedback= pickupProbe=
act1-facilities: actual available aim at BathSteamUse; layer=4; camera=(-34.163853, 3.1111727, 6.9767313) ray=(-0.4648434, -0.3368509, 0.81881136) hit=/root/Act1FacilitiesSmokeTest/Act1Demo/Main/ZoneHost/Act1ConnectedWorld/village-main-road/BathSteamUse shape=/root/Act1FacilitiesSmokeTest/Act1Demo/Main/ZoneHost/Act1ConnectedWorld/village-main-road/BathSteamUse/SurfaceRay at=(-34.922985, 2.5610623, 8.31393) held= busy=False registering=False registered=True heldPosition= heldPoseValid=False light= targetState= targetVisible= targetConcealed= modal=False pause=False focused=True physicsEnabled=True treePaused=False inputFrame=1152/1194 interactPresses=17 feedback= pickupProbe=
SaveGameV3 written to /Users/unterlantas/Library/Application Support/Godot/app_userdata/URMAN/savegames/checkpoint.savegame-v3.json
act1-facilities: facility transaction and existing checkpoint save finish; camera=(-34.163853, 3.1111727, 6.9767313) ray=(-0.4648434, -0.3368509, 0.81881136) hit=/root/Act1FacilitiesSmokeTest/Act1Demo/Main/ZoneHost/Act1ConnectedWorld/village-main-road/BathSteamUse shape=/root/Act1FacilitiesSmokeTest/Act1Demo/Main/ZoneHost/Act1ConnectedWorld/village-main-road/BathSteamUse/SurfaceRay at=(-34.922985, 2.5610623, 8.31393) held= busy=False registering=False registered=True heldPosition= heldPoseValid=False light= targetState= targetVisible= targetConcealed= modal=False pause=False focused=True physicsEnabled=True treePaused=False inputFrame=1195/1199 interactPresses=18 feedback= pickupProbe=
act1-facilities: finite water falls to 0 ladles
act1-facilities: clock expiry starts from active supported gameplay
act1-facilities: finish the last available ladle using the actual clock while stationary
act1-facilities: previous facility action finishes; camera=(-34.163853, 3.1111727, 6.9767313) ray=(-0.4648434, -0.3368509, 0.81881136) hit=/root/Act1FacilitiesSmokeTest/Act1Demo/Main/ZoneHost/Act1ConnectedWorld/village-main-road/BathSteamUse shape=/root/Act1FacilitiesSmokeTest/Act1Demo/Main/ZoneHost/Act1ConnectedWorld/village-main-road/BathSteamUse/SurfaceRay at=(-34.922985, 2.5610623, 8.31393) held= busy=False registering=False registered=True heldPosition= heldPoseValid=False light= targetState= targetVisible= targetConcealed= modal=False pause=False focused=True physicsEnabled=True treePaused=False inputFrame=1195/1234 interactPresses=18 feedback= pickupProbe=
act1-facilities: actual available aim at BathSteamUse; layer=4; camera=(-34.163853, 3.1111727, 6.9767313) ray=(-0.4648434, -0.3368509, 0.81881136) hit=/root/Act1FacilitiesSmokeTest/Act1Demo/Main/ZoneHost/Act1ConnectedWorld/village-main-road/BathSteamUse shape=/root/Act1FacilitiesSmokeTest/Act1Demo/Main/ZoneHost/Act1ConnectedWorld/village-main-road/BathSteamUse/SurfaceRay at=(-34.922985, 2.5610623, 8.31393) held= busy=False registering=False registered=True heldPosition= heldPoseValid=False light= targetState= targetVisible= targetConcealed= modal=False pause=False focused=True physicsEnabled=True treePaused=False inputFrame=1195/1237 interactPresses=18 feedback= pickupProbe=
act1-facilities: facility transaction and existing checkpoint save finish; camera=(-34.163853, 3.1111727, 6.9767313) ray=(-0.4648434, -0.3368509, 0.81881136) hit=/root/Act1FacilitiesSmokeTest/Act1Demo/Main/ZoneHost/Act1ConnectedWorld/village-main-road/BathSteamUse shape=/root/Act1FacilitiesSmokeTest/Act1Demo/Main/ZoneHost/Act1ConnectedWorld/village-main-road/BathSteamUse/SurfaceRay at=(-34.922985, 2.5610623, 8.31393) held= busy=False registering=False registered=True heldPosition= heldPoseValid=False light= targetState= targetVisible= targetConcealed= modal=False pause=False focused=True physicsEnabled=True treePaused=False inputFrame=1238/1242 interactPresses=19 feedback= pickupProbe=
act1-facilities: empty bucket refuses another ladle without an invented water supply
act1-facilities: stand beyond the wet door's complete swept arc; actual=(-34.84713, 1.4111726, 6.63799), expected=(-34.924545, 1.4110625, 6.6197205)
act1-facilities: previous facility action finishes; camera=(-35.022316, 3.1111727, 6.5966477) ray=(-0.973266, -0, -0.22968106) hit=/root/Act1FacilitiesSmokeTest/Act1Demo/Main/ZoneHost/Act1ConnectedWorld/Act1CoreWorldGreybox/BabaiBathhouse/BathWindow/GlassBody shape=/root/Act1FacilitiesSmokeTest/Act1Demo/Main/ZoneHost/Act1ConnectedWorld/Act1CoreWorldGreybox/BabaiBathhouse/BathWindow/GlassBody/Contact at=(-36.02531, 3.1111727, 6.359952) held= busy=False registering=False registered=True heldPosition= heldPoseValid=False light= targetState= targetVisible= targetConcealed= modal=False pause=False focused=True physicsEnabled=True treePaused=False inputFrame=1238/1263 interactPresses=19 feedback= pickupProbe=
act1-facilities: actual available aim at BathWetRoomDoorUse; layer=4; camera=(-34.671944, 3.1111727, 6.6793303) ray=(0.8612991, -0.4656758, 0.20324832) hit=/root/Act1FacilitiesSmokeTest/Act1Demo/Main/ZoneHost/Act1ConnectedWorld/village-main-road/BathWetRoomDoorUse shape=/root/Act1FacilitiesSmokeTest/Act1Demo/Main/ZoneHost/Act1ConnectedWorld/village-main-road/BathWetRoomDoorUse/SurfaceRay at=(-33.43301, 2.4413228, 6.971693) held= busy=False registering=False registered=True heldPosition= heldPoseValid=False light= targetState= targetVisible= targetConcealed= modal=False pause=False focused=True physicsEnabled=True treePaused=False inputFrame=1238/1266 interactPresses=19 feedback= pickupProbe=
act1-facility-door: {"kind":"door-input-probe","phase":"before-input","target":"urman.chapter1:local/bathhouse/wet-door","feet":"(-34.84713, 1.4111726, 6.63799)","velocity":"(0, 0, 0)","forward":0,"backward":0,"left":0,"right":0,"interact":0,"focus":true,"modal":false,"sessionReady":true,"noticeActive":true,"focusedInteraction":"urman.chapter1:local/bathhouse/wet-door","transformRevision":6,"angle":1.5707964,"actionNumber":3,"action":"{\u0022phase\u0022:\u0022received\u0022,\u0022key\u0022:\u0022bathhouse/wet-door\u0022,\u0022busy\u0022:false,\u0022sessionReady\u0022:true,\u0022feet\u0022:\u0022(-34.957436, 1.4111726, 6.611959)\u0022,\u0022focus\u0022:true,\u0022forward\u0022:0,\u0022backward\u0022:0,\u0022left\u0022:0,\u0022right\u0022:0}","result":"committed","sweep":"{\u0022clear\u0022:true,\u0022samples\u0022:102,\u0022from\u0022:1.5707964,\u0022to\u0022:3.2288592}","aim":"camera=(-34.671944, 3.1111727, 6.6793303) ray=(0.8612991, -0.4656758, 0.20324832) hit=/root/Act1FacilitiesSmokeTest/Act1Demo/Main/ZoneHost/Act1ConnectedWorld/village-main-road/BathWetRoomDoorUse shape=/root/Act1FacilitiesSmokeTest/Act1Demo/Main/ZoneHost/Act1ConnectedWorld/village-main-road/BathWetRoomDoorUse/SurfaceRay at=(-33.43301, 2.4413228, 6.971693) held= busy=False registering=False registered=True heldPosition= heldPoseValid=False light= targetState= targetVisible= targetConcealed= modal=False pause=False focused=True physicsEnabled=True treePaused=False inputFrame=1238/1266 interactPresses=19 feedback= pickupProbe="}
act1-facilities: BathWetRoomDoorUse: passive focus follows the actual door during a result notice
SaveGameV3 written to /Users/unterlantas/Library/Application Support/Godot/app_userdata/URMAN/savegames/checkpoint.savegame-v3.json
act1-facility-door: {"kind":"door-input-probe","phase":"after-input","target":"urman.chapter1:local/bathhouse/wet-door","feet":"(-34.84713, 1.4111726, 6.63799)","velocity":"(0, 0, 0)","forward":0,"backward":0,"left":0,"right":0,"interact":0,"focus":true,"modal":false,"sessionReady":true,"noticeActive":true,"focusedInteraction":"urman.chapter1:local/bathhouse/wet-door","transformRevision":6,"angle":1.7107962,"actionNumber":4,"action":"{\u0022phase\u0022:\u0022received\u0022,\u0022key\u0022:\u0022bathhouse/wet-door\u0022,\u0022busy\u0022:false,\u0022sessionReady\u0022:true,\u0022feet\u0022:\u0022(-34.84713, 1.4111726, 6.63799)\u0022,\u0022focus\u0022:true,\u0022forward\u0022:0,\u0022backward\u0022:0,\u0022left\u0022:0,\u0022right\u0022:0}","result":"committed","sweep":"{\u0022clear\u0022:true,\u0022samples\u0022:102,\u0022from\u0022:1.5707964,\u0022to\u0022:3.2288592}","aim":"camera=(-34.671944, 3.1111727, 6.6793303) ray=(0.8612991, -0.4656758, 0.20324832) hit=/root/Act1FacilitiesSmokeTest/Act1Demo/Main/ZoneHost/Act1ConnectedWorld/village-main-road/BathWetRoomDoorUse shape=/root/Act1FacilitiesSmokeTest/Act1Demo/Main/ZoneHost/Act1ConnectedWorld/village-main-road/BathWetRoomDoorUse/SurfaceRay at=(-33.509003, 2.482409, 6.95376) held= busy=False registering=False registered=True heldPosition= heldPoseValid=False light= targetState= targetVisible= targetConcealed= modal=False pause=False focused=True physicsEnabled=True treePaused=False inputFrame=1267/1271 interactPresses=20 feedback= pickupProbe="}
act1-facilities: BathWetRoomDoorUse: one deliberate mapped press reaches exactly one door callback
act1-facilities: facility transaction and existing checkpoint save finish; camera=(-34.671944, 3.1111727, 6.6793303) ray=(0.8612991, -0.4656758, 0.20324832) hit=/root/Act1FacilitiesSmokeTest/Act1Demo/Main/ZoneHost/Act1ConnectedWorld/village-main-road/BathWetRoomDoorUse shape=/root/Act1FacilitiesSmokeTest/Act1Demo/Main/ZoneHost/Act1ConnectedWorld/village-main-road/BathWetRoomDoorUse/SurfaceRay at=(-33.509003, 2.482409, 6.95376) held= busy=False registering=False registered=True heldPosition= heldPoseValid=False light= targetState= targetVisible= targetConcealed= modal=False pause=False focused=True physicsEnabled=True treePaused=False inputFrame=1267/1271 interactPresses=20 feedback= pickupProbe=
act1-facility-door: {"kind":"door-input-probe","phase":"after-transaction","target":"urman.chapter1:local/bathhouse/wet-door","feet":"(-34.84713, 1.4111726, 6.63799)","velocity":"(0, 0, 0)","forward":0,"backward":0,"left":0,"right":0,"interact":0,"focus":true,"modal":false,"sessionReady":true,"noticeActive":true,"focusedInteraction":"urman.chapter1:local/bathhouse/wet-door","transformRevision":6,"angle":1.8507961,"actionNumber":4,"action":"{\u0022phase\u0022:\u0022received\u0022,\u0022key\u0022:\u0022bathhouse/wet-door\u0022,\u0022busy\u0022:false,\u0022sessionReady\u0022:true,\u0022feet\u0022:\u0022(-34.84713, 1.4111726, 6.63799)\u0022,\u0022focus\u0022:true,\u0022forward\u0022:0,\u0022backward\u0022:0,\u0022left\u0022:0,\u0022right\u0022:0}","result":"committed","sweep":"{\u0022clear\u0022:true,\u0022samples\u0022:102,\u0022from\u0022:1.5707964,\u0022to\u0022:3.2288592}","aim":"camera=(-34.671944, 3.1111727, 6.6793303) ray=(0.8612991, -0.4656758, 0.20324832) hit=/root/Act1FacilitiesSmokeTest/Act1Demo/Main/ZoneHost/Act1ConnectedWorld/village-main-road/BathWetRoomDoorUse shape=/root/Act1FacilitiesSmokeTest/Act1Demo/Main/ZoneHost/Act1ConnectedWorld/village-main-road/BathWetRoomDoorUse/SurfaceRay at=(-33.589207, 2.5257728, 6.9348335) held= busy=False registering=False registered=True heldPosition= heldPoseValid=False light= targetState= targetVisible= targetConcealed= modal=False pause=False focused=True physicsEnabled=True treePaused=False inputFrame=1267/1274 interactPresses=20 feedback= pickupProbe="}
act1-facility-door: {"kind":"door-input-probe","phase":"finished-angle-wait","target":"urman.chapter1:local/bathhouse/wet-door","feet":"(-34.84713, 1.4111726, 6.63799)","velocity":"(0, 0, 0)","forward":0,"backward":0,"left":0,"right":0,"interact":0,"focus":true,"modal":false,"sessionReady":true,"noticeActive":true,"focusedInteraction":"","transformRevision":6,"angle":3.2288592,"actionNumber":4,"action":"{\u0022phase\u0022:\u0022received\u0022,\u0022key\u0022:\u0022bathhouse/wet-door\u0022,\u0022busy\u0022:false,\u0022sessionReady\u0022:true,\u0022feet\u0022:\u0022(-34.84713, 1.4111726, 6.63799)\u0022,\u0022focus\u0022:true,\u0022forward\u0022:0,\u0022backward\u0022:0,\u0022left\u0022:0,\u0022right\u0022:0}","result":"committed","sweep":"{\u0022clear\u0022:true,\u0022samples\u0022:102,\u0022from\u0022:1.5707964,\u0022to\u0022:3.2288592}","aim":"camera=(-34.671944, 3.1111727, 6.6793303) ray=(0.8612991, -0.4656758, 0.20324832) hit= shape= at=(0, 0, 0) held= busy=False registering=False registered=True heldPosition= heldPoseValid=False light= targetState= targetVisible= targetConcealed= modal=False pause=False focused=True physicsEnabled=True treePaused=False inputFrame=1267/1304 interactPresses=20 feedback= pickupProbe="}
act1-facilities: manually reopen the wet room before returning
act1-facilities: walk back to the bucket and covered tank; actual=(-32.36525, 1.4111726, 7.223661), expected=(-32.32592, 1.4110625, 7.232943)
act1-facilities: previous facility action finishes; camera=(-32.190063, 3.1111727, 7.265005) ray=(0.97326374, -0, 0.22969031) hit=/root/Act1FacilitiesSmokeTest/Act1Demo/Main/ZoneHost/Act1ConnectedWorld/Act1CoreWorldGreybox/BabaiBathhouse/BathFrontWallBody shape=/root/Act1FacilitiesSmokeTest/Act1Demo/Main/ZoneHost/Act1ConnectedWorld/Act1CoreWorldGreybox/BabaiBathhouse/BathFrontWallBody/Contact at=(-31.274796, 3.1111727, 7.481008) held= busy=False registering=False registered=True heldPosition= heldPoseValid=False light= targetState= targetVisible= targetConcealed= modal=False pause=False focused=True physicsEnabled=True treePaused=False inputFrame=1267/1353 interactPresses=20 feedback= pickupProbe=
act1-facilities: actual available aim at BathBucketFillUse; layer=4; camera=(-32.32957, 3.1111727, 7.400089) ray=(0.14651066, -0.6735111, 0.72451186) hit=/root/Act1FacilitiesSmokeTest/Act1Demo/Main/ZoneHost/Act1ConnectedWorld/village-main-road/BathBucketFillUse shape=/root/Act1FacilitiesSmokeTest/Act1Demo/Main/ZoneHost/Act1ConnectedWorld/village-main-road/BathBucketFillUse/SurfaceRay at=(-32.0957, 2.0360625, 8.55661) held= busy=False registering=False registered=True heldPosition= heldPoseValid=False light= targetState= targetVisible= targetConcealed= modal=False pause=False focused=True physicsEnabled=True treePaused=False inputFrame=1267/1356 interactPresses=20 feedback= pickupProbe=
SaveGameV3 written to /Users/unterlantas/Library/Application Support/Godot/app_userdata/URMAN/savegames/checkpoint.savegame-v3.json
act1-facilities: facility transaction and existing checkpoint save finish; camera=(-32.32957, 3.1111727, 7.400089) ray=(0.14651066, -0.6735111, 0.72451186) hit=/root/Act1FacilitiesSmokeTest/Act1Demo/Main/ZoneHost/Act1ConnectedWorld/village-main-road/BathBucketFillUse shape=/root/Act1FacilitiesSmokeTest/Act1Demo/Main/ZoneHost/Act1ConnectedWorld/village-main-road/BathBucketFillUse/SurfaceRay at=(-32.0957, 2.0360625, 8.55661) held= busy=False registering=False registered=True heldPosition= heldPoseValid=False light= targetState= targetVisible= targetConcealed= modal=False pause=False focused=True physicsEnabled=True treePaused=False inputFrame=1357/1361 interactPresses=21 feedback= pickupProbe=
act1-facilities: visible tank refills the bucket by spending eight reserve ladles
act1-facilities: previous facility action finishes; camera=(-32.32957, 3.1111727, 7.400089) ray=(0.14651066, -0.6735111, 0.72451186) hit=/root/Act1FacilitiesSmokeTest/Act1Demo/Main/ZoneHost/Act1ConnectedWorld/village-main-road/BathBucketFillUse shape=/root/Act1FacilitiesSmokeTest/Act1Demo/Main/ZoneHost/Act1ConnectedWorld/village-main-road/BathBucketFillUse/SurfaceRay at=(-32.0957, 2.0360625, 8.55661) held= busy=False registering=False registered=True heldPosition= heldPoseValid=False light= targetState= targetVisible= targetConcealed= modal=False pause=False focused=True physicsEnabled=True treePaused=False inputFrame=1357/1364 interactPresses=21 feedback= pickupProbe=
act1-facilities: actual available aim at BathBucketFillUse; layer=4; camera=(-32.329575, 3.1111727, 7.400089) ray=(0.14650843, -0.67351097, 0.7245124) hit=/root/Act1FacilitiesSmokeTest/Act1Demo/Main/ZoneHost/Act1ConnectedWorld/village-main-road/BathBucketFillUse shape=/root/Act1FacilitiesSmokeTest/Act1Demo/Main/ZoneHost/Act1ConnectedWorld/village-main-road/BathBucketFillUse/SurfaceRay at=(-32.095707, 2.0360625, 8.556611) held= busy=False registering=False registered=True heldPosition= heldPoseValid=False light= targetState= targetVisible= targetConcealed= modal=False pause=False focused=True physicsEnabled=True treePaused=False inputFrame=1357/1367 interactPresses=21 feedback= pickupProbe=
act1-facilities: facility transaction and existing checkpoint save finish; camera=(-32.329575, 3.1111727, 7.400089) ray=(0.14650843, -0.67351097, 0.7245124) hit=/root/Act1FacilitiesSmokeTest/Act1Demo/Main/ZoneHost/Act1ConnectedWorld/village-main-road/BathBucketFillUse shape=/root/Act1FacilitiesSmokeTest/Act1Demo/Main/ZoneHost/Act1ConnectedWorld/village-main-road/BathBucketFillUse/SurfaceRay at=(-32.095707, 2.0360625, 8.556611) held= busy=False registering=False registered=True heldPosition= heldPoseValid=False light= targetState= targetVisible= targetConcealed= modal=False pause=False focused=True physicsEnabled=True treePaused=False inputFrame=1368/1372 interactPresses=22 feedback= pickupProbe=
act1-facilities: full bucket does not charge the tank again
act1-facilities: return through the open wet-room door after refilling; actual=(-33.964684, 1.4111726, 6.8462296), expected=(-33.999943, 1.4110625, 6.8379083)
act1-facilities: stand beyond the wet door's complete swept arc; actual=(-34.84713, 1.4111726, 6.6379905), expected=(-34.924545, 1.4110625, 6.6197205)
act1-facilities: previous facility action finishes; camera=(-35.022316, 3.1111727, 6.5966477) ray=(-0.9732652, -0, -0.22968431) hit=/root/Act1FacilitiesSmokeTest/Act1Demo/Main/ZoneHost/Act1ConnectedWorld/Act1CoreWorldGreybox/BabaiBathhouse/BathWindow/GlassBody shape=/root/Act1FacilitiesSmokeTest/Act1Demo/Main/ZoneHost/Act1ConnectedWorld/Act1CoreWorldGreybox/BabaiBathhouse/BathWindow/GlassBody/Contact at=(-36.02531, 3.1111727, 6.359948) held= busy=False registering=False registered=True heldPosition= heldPoseValid=False light= targetState= targetVisible= targetConcealed= modal=False pause=False focused=True physicsEnabled=True treePaused=False inputFrame=1368/1428 interactPresses=22 feedback= pickupProbe=
act1-facilities: actual available aim at BathWetRoomDoorUse; layer=4; camera=(-34.720135, 3.1111727, 6.765551) ray=(0.56862575, -0.5919843, 0.5711562) hit=/root/Act1FacilitiesSmokeTest/Act1Demo/Main/ZoneHost/Act1ConnectedWorld/village-main-road/BathWetRoomDoorUse shape=/root/Act1FacilitiesSmokeTest/Act1Demo/Main/ZoneHost/Act1ConnectedWorld/village-main-road/BathWetRoomDoorUse/SurfaceRay at=(-34.11532, 2.4815116, 7.3730593) held= busy=False registering=False registered=True heldPosition= heldPoseValid=False light= targetState= targetVisible= targetConcealed= modal=False pause=False focused=True physicsEnabled=True treePaused=False inputFrame=1368/1431 interactPresses=22 feedback= pickupProbe=
act1-facility-door: {"kind":"door-input-probe","phase":"before-input","target":"urman.chapter1:local/bathhouse/wet-door","feet":"(-34.84713, 1.4111726, 6.6379905)","velocity":"(0, 0, 0)","forward":0,"backward":0,"left":0,"right":0,"interact":0,"focus":true,"modal":false,"sessionReady":true,"noticeActive":true,"focusedInteraction":"urman.chapter1:local/bathhouse/wet-door","transformRevision":6,"angle":3.2288592,"actionNumber":4,"action":"{\u0022phase\u0022:\u0022received\u0022,\u0022key\u0022:\u0022bathhouse/wet-door\u0022,\u0022busy\u0022:false,\u0022sessionReady\u0022:true,\u0022feet\u0022:\u0022(-34.84713, 1.4111726, 6.63799)\u0022,\u0022focus\u0022:true,\u0022forward\u0022:0,\u0022backward\u0022:0,\u0022left\u0022:0,\u0022right\u0022:0}","result":"committed","sweep":"{\u0022clear\u0022:true,\u0022samples\u0022:102,\u0022from\u0022:1.5707964,\u0022to\u0022:3.2288592}","aim":"camera=(-34.720135, 3.1111727, 6.765551) ray=(0.56862575, -0.5919843, 0.5711562) hit=/root/Act1FacilitiesSmokeTest/Act1Demo/Main/ZoneHost/Act1ConnectedWorld/village-main-road/BathWetRoomDoorUse shape=/root/Act1FacilitiesSmokeTest/Act1Demo/Main/ZoneHost/Act1ConnectedWorld/village-main-road/BathWetRoomDoorUse/SurfaceRay at=(-34.11532, 2.4815116, 7.3730593) held= busy=False registering=False registered=True heldPosition= heldPoseValid=False light= targetState= targetVisible= targetConcealed= modal=False pause=False focused=True physicsEnabled=True treePaused=False inputFrame=1368/1431 interactPresses=22 feedback= pickupProbe="}
act1-facilities: BathWetRoomDoorUse: passive focus follows the actual door during a result notice
SaveGameV3 written to /Users/unterlantas/Library/Application Support/Godot/app_userdata/URMAN/savegames/checkpoint.savegame-v3.json
act1-facility-door: {"kind":"door-input-probe","phase":"after-input","target":"urman.chapter1:local/bathhouse/wet-door","feet":"(-34.84713, 1.4111726, 6.6379905)","velocity":"(0, 0, 0)","forward":0,"backward":0,"left":0,"right":0,"interact":0,"focus":true,"modal":false,"sessionReady":true,"noticeActive":true,"focusedInteraction":"urman.chapter1:local/bathhouse/wet-door","transformRevision":6,"angle":3.0888593,"actionNumber":5,"action":"{\u0022phase\u0022:\u0022received\u0022,\u0022key\u0022:\u0022bathhouse/wet-door\u0022,\u0022busy\u0022:false,\u0022sessionReady\u0022:true,\u0022feet\u0022:\u0022(-34.84713, 1.4111726, 6.6379905)\u0022,\u0022focus\u0022:true,\u0022forward\u0022:0,\u0022backward\u0022:0,\u0022left\u0022:0,\u0022right\u0022:0}","result":"committed","sweep":"{\u0022clear\u0022:true,\u0022samples\u0022:102,\u0022from\u0022:3.2288592,\u0022to\u0022:1.5707964}","aim":"camera=(-34.720135, 3.1111727, 6.765551) ray=(0.56862575, -0.5919843, 0.5711562) hit=/root/Act1FacilitiesSmokeTest/Act1Demo/Main/ZoneHost/Act1ConnectedWorld/village-main-road/BathWetRoomDoorUse shape=/root/Act1FacilitiesSmokeTest/Act1Demo/Main/ZoneHost/Act1ConnectedWorld/village-main-road/BathWetRoomDoorUse/SurfaceRay at=(-34.24411, 2.6155944, 7.243693) held= busy=False registering=False registered=True heldPosition= heldPoseValid=False light= targetState= targetVisible= targetConcealed= modal=False pause=False focused=True physicsEnabled=True treePaused=False inputFrame=1432/1436 interactPresses=23 feedback= pickupProbe="}
act1-facilities: BathWetRoomDoorUse: one deliberate mapped press reaches exactly one door callback
act1-facilities: facility transaction and existing checkpoint save finish; camera=(-34.720135, 3.1111727, 6.765551) ray=(0.56862575, -0.5919843, 0.5711562) hit=/root/Act1FacilitiesSmokeTest/Act1Demo/Main/ZoneHost/Act1ConnectedWorld/village-main-road/BathWetRoomDoorUse shape=/root/Act1FacilitiesSmokeTest/Act1Demo/Main/ZoneHost/Act1ConnectedWorld/village-main-road/BathWetRoomDoorUse/SurfaceRay at=(-34.24411, 2.6155944, 7.243693) held= busy=False registering=False registered=True heldPosition= heldPoseValid=False light= targetState= targetVisible= targetConcealed= modal=False pause=False focused=True physicsEnabled=True treePaused=False inputFrame=1432/1436 interactPresses=23 feedback= pickupProbe=
act1-facility-door: {"kind":"door-input-probe","phase":"after-transaction","target":"urman.chapter1:local/bathhouse/wet-door","feet":"(-34.84713, 1.4111726, 6.6379905)","velocity":"(0, 0, 0)","forward":0,"backward":0,"left":0,"right":0,"interact":0,"focus":true,"modal":false,"sessionReady":true,"noticeActive":true,"focusedInteraction":"urman.chapter1:local/bathhouse/wet-door","transformRevision":6,"angle":2.9488595,"actionNumber":5,"action":"{\u0022phase\u0022:\u0022received\u0022,\u0022key\u0022:\u0022bathhouse/wet-door\u0022,\u0022busy\u0022:false,\u0022sessionReady\u0022:true,\u0022feet\u0022:\u0022(-34.84713, 1.4111726, 6.6379905)\u0022,\u0022focus\u0022:true,\u0022forward\u0022:0,\u0022backward\u0022:0,\u0022left\u0022:0,\u0022right\u0022:0}","result":"committed","sweep":"{\u0022clear\u0022:true,\u0022samples\u0022:102,\u0022from\u0022:3.2288592,\u0022to\u0022:1.5707964}","aim":"camera=(-34.720135, 3.1111727, 6.765551) ray=(0.56862575, -0.5919843, 0.5711562) hit=/root/Act1FacilitiesSmokeTest/Act1Demo/Main/ZoneHost/Act1ConnectedWorld/village-main-road/BathWetRoomDoorUse shape=/root/Act1FacilitiesSmokeTest/Act1Demo/Main/ZoneHost/Act1ConnectedWorld/village-main-road/BathWetRoomDoorUse/SurfaceRay at=(-34.463795, 2.8443022, 7.023032) held= busy=False registering=False registered=True heldPosition= heldPoseValid=False light= targetState= targetVisible= targetConcealed= modal=False pause=False focused=True physicsEnabled=True treePaused=False inputFrame=1432/1439 interactPresses=23 feedback= pickupProbe="}
act1-facility-door: {"kind":"door-input-probe","phase":"waiting-angle","target":"urman.chapter1:local/bathhouse/wet-door","feet":"(-34.84713, 1.4111726, 6.6379905)","velocity":"(0, 0, 0)","forward":0,"backward":0,"left":0,"right":0,"interact":0,"focus":true,"modal":false,"sessionReady":true,"noticeActive":true,"focusedInteraction":"","transformRevision":6,"angle":1.5707964,"actionNumber":5,"action":"{\u0022phase\u0022:\u0022received\u0022,\u0022key\u0022:\u0022bathhouse/wet-door\u0022,\u0022busy\u0022:false,\u0022sessionReady\u0022:true,\u0022feet\u0022:\u0022(-34.84713, 1.4111726, 6.6379905)\u0022,\u0022focus\u0022:true,\u0022forward\u0022:0,\u0022backward\u0022:0,\u0022left\u0022:0,\u0022right\u0022:0}","result":"committed","sweep":"{\u0022clear\u0022:true,\u0022samples\u0022:102,\u0022from\u0022:3.2288592,\u0022to\u0022:1.5707964}","aim":"camera=(-34.720135, 3.1111727, 6.765551) ray=(0.56862575, -0.5919843, 0.5711562) hit=/root/Act1FacilitiesSmokeTest/Act1Demo/Main/ZoneHost/Act1ConnectedWorld/Act1CoreWorldGreybox/BabaiBathhouse/BathPartitionLeftBody shape=/root/Act1FacilitiesSmokeTest/Act1Demo/Main/ZoneHost/Act1ConnectedWorld/Act1CoreWorldGreybox/BabaiBathhouse/BathPartitionLeftBody/Contact at=(-33.559334, 1.9026884, 7.9315166) held= busy=False registering=False registered=True heldPosition= heldPoseValid=False light= targetState= targetVisible= targetConcealed= modal=False pause=False focused=True physicsEnabled=True treePaused=False inputFrame=1432/1469 interactPresses=23 feedback= pickupProbe="}
act1-facility-door: {"kind":"door-input-probe","phase":"finished-angle-wait","target":"urman.chapter1:local/bathhouse/wet-door","feet":"(-34.84713, 1.4111726, 6.6379905)","velocity":"(0, 0, 0)","forward":0,"backward":0,"left":0,"right":0,"interact":0,"focus":true,"modal":false,"sessionReady":true,"noticeActive":true,"focusedInteraction":"","transformRevision":6,"angle":1.5707964,"actionNumber":5,"action":"{\u0022phase\u0022:\u0022received\u0022,\u0022key\u0022:\u0022bathhouse/wet-door\u0022,\u0022busy\u0022:false,\u0022sessionReady\u0022:true,\u0022feet\u0022:\u0022(-34.84713, 1.4111726, 6.6379905)\u0022,\u0022focus\u0022:true,\u0022forward\u0022:0,\u0022backward\u0022:0,\u0022left\u0022:0,\u0022right\u0022:0}","result":"committed","sweep":"{\u0022clear\u0022:true,\u0022samples\u0022:102,\u0022from\u0022:3.2288592,\u0022to\u0022:1.5707964}","aim":"camera=(-34.720135, 3.1111727, 6.765551) ray=(0.56862575, -0.5919843, 0.5711562) hit=/root/Act1FacilitiesSmokeTest/Act1Demo/Main/ZoneHost/Act1ConnectedWorld/Act1CoreWorldGreybox/BabaiBathhouse/BathPartitionLeftBody shape=/root/Act1FacilitiesSmokeTest/Act1Demo/Main/ZoneHost/Act1ConnectedWorld/Act1CoreWorldGreybox/BabaiBathhouse/BathPartitionLeftBody/Contact at=(-33.559334, 1.9026884, 7.9315166) held= busy=False registering=False registered=True heldPosition= heldPoseValid=False light= targetState= targetVisible= targetConcealed= modal=False pause=False focused=True physicsEnabled=True treePaused=False inputFrame=1432/1469 interactPresses=23 feedback= pickupProbe="}
act1-facilities: manually close the wet room before tending the stove
act1-facilities: reach the real ventilation slider; actual=(-35.06774, 1.4111726, 6.585931), expected=(-35.1192, 1.4110625, 6.5737863)
act1-facilities: previous facility action finishes; camera=(-35.242928, 3.1111727, 6.544588) ray=(-0.9732656, -0, -0.22968265) hit=/root/Act1FacilitiesSmokeTest/Act1Demo/Main/ZoneHost/Act1ConnectedWorld/Act1CoreWorldGreybox/BabaiBathhouse/BathWindow/GlassBody shape=/root/Act1FacilitiesSmokeTest/Act1Demo/Main/ZoneHost/Act1ConnectedWorld/Act1CoreWorldGreybox/BabaiBathhouse/BathWindow/GlassBody/Contact at=(-36.02531, 3.1111727, 6.3599534) held= busy=False registering=False registered=True heldPosition= heldPoseValid=False light= targetState= targetVisible= targetConcealed= modal=False pause=False focused=True physicsEnabled=True treePaused=False inputFrame=1432/1477 interactPresses=23 feedback= pickupProbe=
act1-facilities: actual available aim at BathVentUse; layer=4; camera=(-35.179573, 3.1111727, 6.7269754) ray=(-0.6109102, 0.18198904, 0.77049905) hit=/root/Act1FacilitiesSmokeTest/Act1Demo/Main/ZoneHost/Act1ConnectedWorld/village-main-road/BathVentUse shape=/root/Act1FacilitiesSmokeTest/Act1Demo/Main/ZoneHost/Act1ConnectedWorld/village-main-road/BathVentUse/SurfaceRay at=(-36.293423, 3.442987, 8.131802) held= busy=False registering=False registered=True heldPosition= heldPoseValid=False light= targetState= targetVisible= targetConcealed= modal=False pause=False focused=True physicsEnabled=True treePaused=False inputFrame=1432/1480 interactPresses=23 feedback= pickupProbe=
SaveGameV3 written to /Users/unterlantas/Library/Application Support/Godot/app_userdata/URMAN/savegames/checkpoint.savegame-v3.json
act1-facilities: facility transaction and existing checkpoint save finish; camera=(-35.179573, 3.1111727, 6.7269754) ray=(-0.6109102, 0.18198904, 0.77049905) hit=/root/Act1FacilitiesSmokeTest/Act1Demo/Main/ZoneHost/Act1ConnectedWorld/village-main-road/BathVentUse shape=/root/Act1FacilitiesSmokeTest/Act1Demo/Main/ZoneHost/Act1ConnectedWorld/village-main-road/BathVentUse/SurfaceRay at=(-36.293423, 3.442987, 8.131802) held= busy=False registering=False registered=True heldPosition= heldPoseValid=False light= targetState= targetVisible= targetConcealed= modal=False pause=False focused=True physicsEnabled=True treePaused=False inputFrame=1481/1485 interactPresses=24 feedback= pickupProbe=
act1-facilities: ventilation clears physical moisture without removing the learned observation
act1-facilities: previous facility action finishes; camera=(-35.179573, 3.1111727, 6.7269754) ray=(-0.6109102, 0.18198904, 0.77049905) hit=/root/Act1FacilitiesSmokeTest/Act1Demo/Main/ZoneHost/Act1ConnectedWorld/village-main-road/BathVentUse shape=/root/Act1FacilitiesSmokeTest/Act1Demo/Main/ZoneHost/Act1ConnectedWorld/village-main-road/BathVentUse/SurfaceRay at=(-36.293423, 3.442987, 8.131802) held= busy=False registering=False registered=True heldPosition= heldPoseValid=False light= targetState= targetVisible= targetConcealed= modal=False pause=False focused=True physicsEnabled=True treePaused=False inputFrame=1481/1488 interactPresses=24 feedback= pickupProbe=
act1-facilities: actual available aim at BathVentUse; layer=4; camera=(-35.179573, 3.1111727, 6.7269754) ray=(-0.6109089, 0.18198921, 0.7705) hit=/root/Act1FacilitiesSmokeTest/Act1Demo/Main/ZoneHost/Act1ConnectedWorld/village-main-road/BathVentUse shape=/root/Act1FacilitiesSmokeTest/Act1Demo/Main/ZoneHost/Act1ConnectedWorld/village-main-road/BathVentUse/SurfaceRay at=(-36.293423, 3.4429884, 8.131807) held= busy=False registering=False registered=True heldPosition= heldPoseValid=False light= targetState= targetVisible= targetConcealed= modal=False pause=False focused=True physicsEnabled=True treePaused=False inputFrame=1481/1491 interactPresses=24 feedback= pickupProbe=
SaveGameV3 written to /Users/unterlantas/Library/Application Support/Godot/app_userdata/URMAN/savegames/checkpoint.savegame-v3.json
act1-facilities: facility transaction and existing checkpoint save finish; camera=(-35.179573, 3.1111727, 6.7269754) ray=(-0.6109089, 0.18198921, 0.7705) hit=/root/Act1FacilitiesSmokeTest/Act1Demo/Main/ZoneHost/Act1ConnectedWorld/village-main-road/BathVentUse shape=/root/Act1FacilitiesSmokeTest/Act1Demo/Main/ZoneHost/Act1ConnectedWorld/village-main-road/BathVentUse/SurfaceRay at=(-36.293423, 3.4429884, 8.131807) held= busy=False registering=False registered=True heldPosition= heldPoseValid=False light= targetState= targetVisible= targetConcealed= modal=False pause=False focused=True physicsEnabled=True treePaused=False inputFrame=1492/1496 interactPresses=25 feedback= pickupProbe=
act1-facilities: the same reachable slider closes the vent again
act1-facilities: return to stoke the finite remaining logs; actual=(-34.07499, 1.4111726, 6.820198), expected=(-33.999943, 1.4110625, 6.8379083)
act1-facilities: clock expiry starts from active supported gameplay
act1-facilities: let the actual previous log burn out using the actual clock while stationary
act1-facilities: previous facility action finishes; camera=(-33.899803, 3.1111727, 6.86154) ray=(0.9732664, -0, 0.22967905) hit=/root/Act1FacilitiesSmokeTest/Act1Demo/Main/ZoneHost/Act1ConnectedWorld/village-main-road/BathWetRoomDoorUse shape=/root/Act1FacilitiesSmokeTest/Act1Demo/Main/ZoneHost/Act1ConnectedWorld/village-main-road/BathWetRoomDoorUse/SurfaceRay at=(-33.433014, 3.1111727, 6.9716973) held= busy=False registering=False registered=True heldPosition= heldPoseValid=False light= targetState= targetVisible= targetConcealed= modal=False pause=False focused=True physicsEnabled=True treePaused=False inputFrame=1638/1639 interactPresses=25 feedback= pickupProbe=
act1-facilities: actual available aim at BathStoveUse; layer=4; camera=(-34.119324, 3.1111727, 6.994652) ray=(-0.20657226, -0.5446223, 0.8128435) hit=/root/Act1FacilitiesSmokeTest/Act1Demo/Main/ZoneHost/Act1ConnectedWorld/village-main-road/BathStoveUse shape=/root/Act1FacilitiesSmokeTest/Act1Demo/Main/ZoneHost/Act1ConnectedWorld/village-main-road/BathStoveUse/SurfaceRay at=(-34.47653, 2.1694167, 8.400214) held= busy=False registering=False registered=True heldPosition= heldPoseValid=False light= targetState= targetVisible= targetConcealed= modal=False pause=False focused=True physicsEnabled=True treePaused=False inputFrame=1641/1642 interactPresses=25 feedback= pickupProbe=
SaveGameV3 written to /Users/unterlantas/Library/Application Support/Godot/app_userdata/URMAN/savegames/checkpoint.savegame-v3.json
checkpoint: auto-saved at urman.chapter1:scene/arrival_vehicle_dusk
act1-facilities: facility transaction and existing checkpoint save finish; camera=(-34.119324, 3.1111727, 6.994652) ray=(-0.20657226, -0.5446223, 0.8128435) hit=/root/Act1FacilitiesSmokeTest/Act1Demo/Main/ZoneHost/Act1ConnectedWorld/village-main-road/BathStoveUse shape=/root/Act1FacilitiesSmokeTest/Act1Demo/Main/ZoneHost/Act1ConnectedWorld/village-main-road/BathStoveUse/SurfaceRay at=(-34.47653, 2.1694167, 8.400214) held= busy=False registering=False registered=True heldPosition= heldPoseValid=False light= targetState= targetVisible= targetConcealed= modal=False pause=False focused=True physicsEnabled=True treePaused=False inputFrame=1643/1647 interactPresses=26 feedback= pickupProbe=
act1-facilities: another actual ignition consumes the visible stock to 3
act1-facilities: clock expiry starts from active supported gameplay
act1-facilities: let the actual previous log burn out using the actual clock while stationary
act1-facilities: previous facility action finishes; camera=(-34.119324, 3.1111727, 6.994652) ray=(-0.20657226, -0.5446223, 0.8128435) hit=/root/Act1FacilitiesSmokeTest/Act1Demo/Main/ZoneHost/Act1ConnectedWorld/village-main-road/BathStoveUse shape=/root/Act1FacilitiesSmokeTest/Act1Demo/Main/ZoneHost/Act1ConnectedWorld/village-main-road/BathStoveUse/SurfaceRay at=(-34.47653, 2.1694167, 8.400214) held= busy=False registering=False registered=True heldPosition= heldPoseValid=False light= targetState= targetVisible= targetConcealed= modal=False pause=False focused=True physicsEnabled=True treePaused=False inputFrame=2013/2014 interactPresses=26 feedback= pickupProbe=
act1-facilities: actual available aim at BathStoveUse; layer=4; camera=(-34.119324, 3.1111727, 6.994652) ray=(-0.20657381, -0.5446222, 0.8128431) hit=/root/Act1FacilitiesSmokeTest/Act1Demo/Main/ZoneHost/Act1ConnectedWorld/village-main-road/BathStoveUse shape=/root/Act1FacilitiesSmokeTest/Act1Demo/Main/ZoneHost/Act1ConnectedWorld/village-main-road/BathStoveUse/SurfaceRay at=(-34.476532, 2.1694167, 8.400213) held= busy=False registering=False registered=True heldPosition= heldPoseValid=False light= targetState= targetVisible= targetConcealed= modal=False pause=False focused=True physicsEnabled=True treePaused=False inputFrame=2016/2017 interactPresses=26 feedback= pickupProbe=
SaveGameV3 written to /Users/unterlantas/Library/Application Support/Godot/app_userdata/URMAN/savegames/checkpoint.savegame-v3.json
checkpoint: auto-saved at urman.chapter1:scene/arrival_vehicle_dusk
act1-facilities: facility transaction and existing checkpoint save finish; camera=(-34.119324, 3.1111727, 6.994652) ray=(-0.20657381, -0.5446222, 0.8128431) hit=/root/Act1FacilitiesSmokeTest/Act1Demo/Main/ZoneHost/Act1ConnectedWorld/village-main-road/BathStoveUse shape=/root/Act1FacilitiesSmokeTest/Act1Demo/Main/ZoneHost/Act1ConnectedWorld/village-main-road/BathStoveUse/SurfaceRay at=(-34.476532, 2.1694167, 8.400213) held= busy=False registering=False registered=True heldPosition= heldPoseValid=False light= targetState= targetVisible= targetConcealed= modal=False pause=False focused=True physicsEnabled=True treePaused=False inputFrame=2018/2022 interactPresses=27 feedback= pickupProbe=
act1-facilities: another actual ignition consumes the visible stock to 2
act1-facilities: clock expiry starts from active supported gameplay
act1-facilities: let the actual previous log burn out using the actual clock while stationary
act1-facilities: previous facility action finishes; camera=(-34.119324, 3.1111727, 6.994652) ray=(-0.20657381, -0.5446222, 0.8128431) hit=/root/Act1FacilitiesSmokeTest/Act1Demo/Main/ZoneHost/Act1ConnectedWorld/village-main-road/BathStoveUse shape=/root/Act1FacilitiesSmokeTest/Act1Demo/Main/ZoneHost/Act1ConnectedWorld/village-main-road/BathStoveUse/SurfaceRay at=(-34.476532, 2.1694167, 8.400213) held= busy=False registering=False registered=True heldPosition= heldPoseValid=False light= targetState= targetVisible= targetConcealed= modal=False pause=False focused=True physicsEnabled=True treePaused=False inputFrame=2388/2389 interactPresses=27 feedback= pickupProbe=
act1-facilities: actual available aim at BathStoveUse; layer=4; camera=(-34.119324, 3.1111727, 6.994652) ray=(-0.20657381, -0.5446222, 0.8128431) hit=/root/Act1FacilitiesSmokeTest/Act1Demo/Main/ZoneHost/Act1ConnectedWorld/village-main-road/BathStoveUse shape=/root/Act1FacilitiesSmokeTest/Act1Demo/Main/ZoneHost/Act1ConnectedWorld/village-main-road/BathStoveUse/SurfaceRay at=(-34.476532, 2.1694167, 8.400213) held= busy=False registering=False registered=True heldPosition= heldPoseValid=False light= targetState= targetVisible= targetConcealed= modal=False pause=False focused=True physicsEnabled=True treePaused=False inputFrame=2391/2392 interactPresses=27 feedback= pickupProbe=
SaveGameV3 written to /Users/unterlantas/Library/Application Support/Godot/app_userdata/URMAN/savegames/checkpoint.savegame-v3.json
checkpoint: auto-saved at urman.chapter1:scene/arrival_vehicle_dusk
act1-facilities: facility transaction and existing checkpoint save finish; camera=(-34.119324, 3.1111727, 6.994652) ray=(-0.20657381, -0.5446222, 0.8128431) hit=/root/Act1FacilitiesSmokeTest/Act1Demo/Main/ZoneHost/Act1ConnectedWorld/village-main-road/BathStoveUse shape=/root/Act1FacilitiesSmokeTest/Act1Demo/Main/ZoneHost/Act1ConnectedWorld/village-main-road/BathStoveUse/SurfaceRay at=(-34.476532, 2.1694167, 8.400213) held= busy=False registering=False registered=True heldPosition= heldPoseValid=False light= targetState= targetVisible= targetConcealed= modal=False pause=False focused=True physicsEnabled=True treePaused=False inputFrame=2393/2397 interactPresses=28 feedback= pickupProbe=
act1-facilities: another actual ignition consumes the visible stock to 1
act1-facilities: clock expiry starts from active supported gameplay
act1-facilities: let the actual previous log burn out using the actual clock while stationary
act1-facilities: previous facility action finishes; camera=(-34.119324, 3.1111727, 6.994652) ray=(-0.20657381, -0.5446222, 0.8128431) hit=/root/Act1FacilitiesSmokeTest/Act1Demo/Main/ZoneHost/Act1ConnectedWorld/village-main-road/BathStoveUse shape=/root/Act1FacilitiesSmokeTest/Act1Demo/Main/ZoneHost/Act1ConnectedWorld/village-main-road/BathStoveUse/SurfaceRay at=(-34.476532, 2.1694167, 8.400213) held= busy=False registering=False registered=True heldPosition= heldPoseValid=False light= targetState= targetVisible= targetConcealed= modal=False pause=False focused=True physicsEnabled=True treePaused=False inputFrame=2763/2764 interactPresses=28 feedback= pickupProbe=
act1-facilities: actual available aim at BathStoveUse; layer=4; camera=(-34.119324, 3.1111727, 6.994652) ray=(-0.20657381, -0.5446222, 0.8128431) hit=/root/Act1FacilitiesSmokeTest/Act1Demo/Main/ZoneHost/Act1ConnectedWorld/village-main-road/BathStoveUse shape=/root/Act1FacilitiesSmokeTest/Act1Demo/Main/ZoneHost/Act1ConnectedWorld/village-main-road/BathStoveUse/SurfaceRay at=(-34.476532, 2.1694167, 8.400213) held= busy=False registering=False registered=True heldPosition= heldPoseValid=False light= targetState= targetVisible= targetConcealed= modal=False pause=False focused=True physicsEnabled=True treePaused=False inputFrame=2766/2767 interactPresses=28 feedback= pickupProbe=
SaveGameV3 written to /Users/unterlantas/Library/Application Support/Godot/app_userdata/URMAN/savegames/checkpoint.savegame-v3.json
checkpoint: auto-saved at urman.chapter1:scene/arrival_vehicle_dusk
act1-facilities: facility transaction and existing checkpoint save finish; camera=(-34.119324, 3.1111727, 6.994652) ray=(-0.20657381, -0.5446222, 0.8128431) hit=/root/Act1FacilitiesSmokeTest/Act1Demo/Main/ZoneHost/Act1ConnectedWorld/village-main-road/BathStoveUse shape=/root/Act1FacilitiesSmokeTest/Act1Demo/Main/ZoneHost/Act1ConnectedWorld/village-main-road/BathStoveUse/SurfaceRay at=(-34.476532, 2.1694167, 8.400213) held= busy=False registering=False registered=True heldPosition= heldPoseValid=False light= targetState= targetVisible= targetConcealed= modal=False pause=False focused=True physicsEnabled=True treePaused=False inputFrame=2768/2772 interactPresses=29 feedback= pickupProbe=
act1-facilities: another actual ignition consumes the visible stock to 0
act1-facilities: clock expiry starts from active supported gameplay
act1-facilities: complete the fifth log before the empty-rack attempt using the actual clock while stationary
act1-facilities: previous facility action finishes; camera=(-34.119324, 3.1111727, 6.994652) ray=(-0.20657381, -0.5446222, 0.8128431) hit=/root/Act1FacilitiesSmokeTest/Act1Demo/Main/ZoneHost/Act1ConnectedWorld/village-main-road/BathStoveUse shape=/root/Act1FacilitiesSmokeTest/Act1Demo/Main/ZoneHost/Act1ConnectedWorld/village-main-road/BathStoveUse/SurfaceRay at=(-34.476532, 2.1694167, 8.400213) held= busy=False registering=False registered=True heldPosition= heldPoseValid=False light= targetState= targetVisible= targetConcealed= modal=False pause=False focused=True physicsEnabled=True treePaused=False inputFrame=3138/3139 interactPresses=29 feedback= pickupProbe=
act1-facilities: actual available aim at BathStoveUse; layer=4; camera=(-34.119324, 3.1111727, 6.994652) ray=(-0.20657381, -0.5446222, 0.8128431) hit=/root/Act1FacilitiesSmokeTest/Act1Demo/Main/ZoneHost/Act1ConnectedWorld/village-main-road/BathStoveUse shape=/root/Act1FacilitiesSmokeTest/Act1Demo/Main/ZoneHost/Act1ConnectedWorld/village-main-road/BathStoveUse/SurfaceRay at=(-34.476532, 2.1694167, 8.400213) held= busy=False registering=False registered=True heldPosition= heldPoseValid=False light= targetState= targetVisible= targetConcealed= modal=False pause=False focused=True physicsEnabled=True treePaused=False inputFrame=3141/3142 interactPresses=29 feedback= pickupProbe=
act1-facilities: facility transaction and existing checkpoint save finish; camera=(-34.119324, 3.1111727, 6.994652) ray=(-0.20657381, -0.5446222, 0.8128431) hit=/root/Act1FacilitiesSmokeTest/Act1Demo/Main/ZoneHost/Act1ConnectedWorld/village-main-road/BathStoveUse shape=/root/Act1FacilitiesSmokeTest/Act1Demo/Main/ZoneHost/Act1ConnectedWorld/village-main-road/BathStoveUse/SurfaceRay at=(-34.476532, 2.1694167, 8.400213) held= busy=False registering=False registered=True heldPosition= heldPoseValid=False light= targetState= targetVisible= targetConcealed= modal=False pause=False focused=True physicsEnabled=True treePaused=False inputFrame=3143/3147 interactPresses=30 feedback= pickupProbe=
act1-facilities: empty dry rack refuses a sixth ignition without creating a log
SaveGameV3 written to /Users/unterlantas/Library/Application Support/Godot/app_userdata/URMAN/savegames/facilities-bath-exhausted.savegame-v3.json
act1-facilities: save attained finite resource exhaustion
act1-facilities: pending action is finished before loading facilities-bath-observed; camera=(-34.119324, 3.1111727, 6.994652) ray=(-0.20657381, -0.5446222, 0.8128431) hit=/root/Act1FacilitiesSmokeTest/Act1Demo/Main/ZoneHost/Act1ConnectedWorld/village-main-road/BathStoveUse shape=/root/Act1FacilitiesSmokeTest/Act1Demo/Main/ZoneHost/Act1ConnectedWorld/village-main-road/BathStoveUse/SurfaceRay at=(-34.476532, 2.1694167, 8.400213) held= busy=False registering=False registered=True heldPosition= heldPoseValid=False light= targetState= targetVisible= targetConcealed= modal=False pause=False focused=True physicsEnabled=True treePaused=False inputFrame=3143/3150 interactPresses=30 feedback= pickupProbe=
zone-loaded: village_day@arrival connected-world=108548591549
SaveGameV3 restored.
act1-facilities: load attained save facilities-bath-observed
act1-facilities: earlier attained save restores its earlier visible fuel supply
act1-facilities: pending action is finished before loading facilities-bath-exhausted; camera=(-35.246002, 3.1111727, 6.5609875) ray=(-0.98253524, -0.12539557, -0.1374789) hit=/root/Act1FacilitiesSmokeTest/Act1Demo/Main/ZoneHost/Act1ConnectedWorld/Act1CoreWorldGreybox/BabaiBathhouse/BathWindow/GlassBody shape=/root/Act1FacilitiesSmokeTest/Act1Demo/Main/ZoneHost/Act1ConnectedWorld/Act1CoreWorldGreybox/BabaiBathhouse/BathWindow/GlassBody/Contact at=(-36.046326, 3.0090318, 6.449005) held= busy=False registering=False registered=True heldPosition= heldPoseValid=False light= targetState= targetVisible= targetConcealed= modal=False pause=False focused=True physicsEnabled=True treePaused=False inputFrame=3163/3164 interactPresses=30 feedback= pickupProbe=
zone-loaded: village_day@arrival connected-world=108548591549
SaveGameV3 restored.
act1-facilities: load attained save facilities-bath-exhausted
act1-facilities: later save restores exhaustion, reserve water consumption and a single notebook entry
state-final-render-sync-begin: label=facility/06_bath_empty_dry_rack tick=82021 drawn=5188 process=5188 physics=3177 windowVisible=True focus=True mode=Windowed renderLoop=True
state-final-render-sync-end: label=facility/06_bath_empty_dry_rack milliseconds=9 forcedScreenshotRender=False
act1-facility-camera: {"kind":"native-game-camera","file":"/Users/unterlantas/Documents/GitHub/URMAN/docs/production/act1_takeover_evidence_2026-09-16/images-facilities-09/06_bath_empty_dry_rack.png","focus":true,"intendedAim":null,"cameraBefore":"[X: (-0.9691917, 0, -0.24630782), Y: (-0.13414471, 0.83868146, 0.5278433), Z: (0.2065738, 0.5446223, -0.8128431), O: (-34.119324, 3.1111727, 6.994652)]","cameraAfter":"[X: (-0.9691917, 0, -0.24630782), Y: (-0.13414471, 0.83868146, 0.5278433), Z: (0.2065738, 0.5446223, -0.8128431), O: (-34.119324, 3.1111727, 6.994652)]","cameraUnchangedDuringRender":true,"cameraTravel":0,"cameraForwardDot":1,"frameBefore":5188,"frameAfter":5188,"intendedAimDot":null,"humanArtReview":"not-run"}
act1-facilities: stand beyond the wet door's complete swept arc; actual=(-34.84713, 1.4111726, 6.63799), expected=(-34.924545, 1.4110625, 6.6197205)
act1-facilities: previous facility action finishes; camera=(-35.022316, 3.1111727, 6.5966477) ray=(-0.97326595, -0, -0.22968106) hit=/root/Act1FacilitiesSmokeTest/Act1Demo/Main/ZoneHost/Act1ConnectedWorld/Act1CoreWorldGreybox/BabaiBathhouse/BathWindow/GlassBody shape=/root/Act1FacilitiesSmokeTest/Act1Demo/Main/ZoneHost/Act1ConnectedWorld/Act1CoreWorldGreybox/BabaiBathhouse/BathWindow/GlassBody/Contact at=(-36.02531, 3.1111727, 6.359952) held= busy=False registering=False registered=True heldPosition= heldPoseValid=False light= targetState= targetVisible= targetConcealed= modal=False pause=False focused=True physicsEnabled=True treePaused=False inputFrame=3195/3196 interactPresses=30 feedback= pickupProbe=
act1-facilities: actual available aim at BathWetRoomDoorUse; layer=4; camera=(-34.671944, 3.1111727, 6.6793303) ray=(0.8612993, -0.46567553, 0.20324835) hit=/root/Act1FacilitiesSmokeTest/Act1Demo/Main/ZoneHost/Act1ConnectedWorld/village-main-road/BathWetRoomDoorUse shape=/root/Act1FacilitiesSmokeTest/Act1Demo/Main/ZoneHost/Act1ConnectedWorld/village-main-road/BathWetRoomDoorUse/SurfaceRay at=(-33.43301, 2.441323, 6.971693) held= busy=False registering=False registered=True heldPosition= heldPoseValid=False light= targetState= targetVisible= targetConcealed= modal=False pause=False focused=True physicsEnabled=True treePaused=False inputFrame=3198/3199 interactPresses=30 feedback= pickupProbe=
act1-facility-door: {"kind":"door-input-probe","phase":"before-input","target":"urman.chapter1:local/bathhouse/wet-door","feet":"(-34.84713, 1.4111726, 6.63799)","velocity":"(0, 0, 0)","forward":0,"backward":0,"left":0,"right":0,"interact":0,"focus":true,"modal":false,"sessionReady":true,"noticeActive":false,"focusedInteraction":"urman.chapter1:local/bathhouse/wet-door","transformRevision":10,"angle":1.5707964,"actionNumber":5,"action":"{\u0022phase\u0022:\u0022received\u0022,\u0022key\u0022:\u0022bathhouse/wet-door\u0022,\u0022busy\u0022:false,\u0022sessionReady\u0022:true,\u0022feet\u0022:\u0022(-34.84713, 1.4111726, 6.6379905)\u0022,\u0022focus\u0022:true,\u0022forward\u0022:0,\u0022backward\u0022:0,\u0022left\u0022:0,\u0022right\u0022:0}","result":"committed","sweep":"{\u0022clear\u0022:true,\u0022samples\u0022:102,\u0022from\u0022:3.2288592,\u0022to\u0022:1.5707964}","aim":"camera=(-34.671944, 3.1111727, 6.6793303) ray=(0.8612993, -0.46567553, 0.20324835) hit=/root/Act1FacilitiesSmokeTest/Act1Demo/Main/ZoneHost/Act1ConnectedWorld/village-main-road/BathWetRoomDoorUse shape=/root/Act1FacilitiesSmokeTest/Act1Demo/Main/ZoneHost/Act1ConnectedWorld/village-main-road/BathWetRoomDoorUse/SurfaceRay at=(-33.43301, 2.441323, 6.971693) held= busy=False registering=False registered=True heldPosition= heldPoseValid=False light= targetState= targetVisible= targetConcealed= modal=False pause=False focused=True physicsEnabled=True treePaused=False inputFrame=3198/3199 interactPresses=30 feedback= pickupProbe="}
act1-facilities: BathWetRoomDoorUse: passive focus follows the actual door during a result notice
SaveGameV3 written to /Users/unterlantas/Library/Application Support/Godot/app_userdata/URMAN/savegames/checkpoint.savegame-v3.json
act1-facility-door: {"kind":"door-input-probe","phase":"after-input","target":"urman.chapter1:local/bathhouse/wet-door","feet":"(-34.84713, 1.4111726, 6.63799)","velocity":"(0, 0, 0)","forward":0,"backward":0,"left":0,"right":0,"interact":0,"focus":true,"modal":false,"sessionReady":true,"noticeActive":true,"focusedInteraction":"urman.chapter1:local/bathhouse/wet-door","transformRevision":10,"angle":1.7107962,"actionNumber":6,"action":"{\u0022phase\u0022:\u0022received\u0022,\u0022key\u0022:\u0022bathhouse/wet-door\u0022,\u0022busy\u0022:false,\u0022sessionReady\u0022:true,\u0022feet\u0022:\u0022(-34.84713, 1.4111726, 6.63799)\u0022,\u0022focus\u0022:true,\u0022forward\u0022:0,\u0022backward\u0022:0,\u0022left\u0022:0,\u0022right\u0022:0}","result":"committed","sweep":"{\u0022clear\u0022:true,\u0022samples\u0022:102,\u0022from\u0022:1.5707964,\u0022to\u0022:3.2288592}","aim":"camera=(-34.671944, 3.1111727, 6.6793303) ray=(0.8612993, -0.46567553, 0.20324835) hit=/root/Act1FacilitiesSmokeTest/Act1Demo/Main/ZoneHost/Act1ConnectedWorld/village-main-road/BathWetRoomDoorUse shape=/root/Act1FacilitiesSmokeTest/Act1Demo/Main/ZoneHost/Act1ConnectedWorld/village-main-road/BathWetRoomDoorUse/SurfaceRay at=(-33.509003, 2.4824095, 6.95376) held= busy=False registering=False registered=True heldPosition= heldPoseValid=False light= targetState= targetVisible= targetConcealed= modal=False pause=False focused=True physicsEnabled=True treePaused=False inputFrame=3200/3204 interactPresses=31 feedback= pickupProbe="}
act1-facilities: BathWetRoomDoorUse: one deliberate mapped press reaches exactly one door callback
act1-facilities: facility transaction and existing checkpoint save finish; camera=(-34.671944, 3.1111727, 6.6793303) ray=(0.8612993, -0.46567553, 0.20324835) hit=/root/Act1FacilitiesSmokeTest/Act1Demo/Main/ZoneHost/Act1ConnectedWorld/village-main-road/BathWetRoomDoorUse shape=/root/Act1FacilitiesSmokeTest/Act1Demo/Main/ZoneHost/Act1ConnectedWorld/village-main-road/BathWetRoomDoorUse/SurfaceRay at=(-33.509003, 2.4824095, 6.95376) held= busy=False registering=False registered=True heldPosition= heldPoseValid=False light= targetState= targetVisible= targetConcealed= modal=False pause=False focused=True physicsEnabled=True treePaused=False inputFrame=3200/3204 interactPresses=31 feedback= pickupProbe=
act1-facility-door: {"kind":"door-input-probe","phase":"after-transaction","target":"urman.chapter1:local/bathhouse/wet-door","feet":"(-34.84713, 1.4111726, 6.63799)","velocity":"(0, 0, 0)","forward":0,"backward":0,"left":0,"right":0,"interact":0,"focus":true,"modal":false,"sessionReady":true,"noticeActive":true,"focusedInteraction":"urman.chapter1:local/bathhouse/wet-door","transformRevision":10,"angle":1.8507961,"actionNumber":6,"action":"{\u0022phase\u0022:\u0022received\u0022,\u0022key\u0022:\u0022bathhouse/wet-door\u0022,\u0022busy\u0022:false,\u0022sessionReady\u0022:true,\u0022feet\u0022:\u0022(-34.84713, 1.4111726, 6.63799)\u0022,\u0022focus\u0022:true,\u0022forward\u0022:0,\u0022backward\u0022:0,\u0022left\u0022:0,\u0022right\u0022:0}","result":"committed","sweep":"{\u0022clear\u0022:true,\u0022samples\u0022:102,\u0022from\u0022:1.5707964,\u0022to\u0022:3.2288592}","aim":"camera=(-34.671944, 3.1111727, 6.6793303) ray=(0.8612993, -0.46567553, 0.20324835) hit=/root/Act1FacilitiesSmokeTest/Act1Demo/Main/ZoneHost/Act1ConnectedWorld/village-main-road/BathWetRoomDoorUse shape=/root/Act1FacilitiesSmokeTest/Act1Demo/Main/ZoneHost/Act1ConnectedWorld/village-main-road/BathWetRoomDoorUse/SurfaceRay at=(-33.589207, 2.525773, 6.9348335) held= busy=False registering=False registered=True heldPosition= heldPoseValid=False light= targetState= targetVisible= targetConcealed= modal=False pause=False focused=True physicsEnabled=True treePaused=False inputFrame=3200/3207 interactPresses=31 feedback= pickupProbe="}
act1-facility-door: {"kind":"door-input-probe","phase":"finished-angle-wait","target":"urman.chapter1:local/bathhouse/wet-door","feet":"(-34.84713, 1.4111726, 6.63799)","velocity":"(0, 0, 0)","forward":0,"backward":0,"left":0,"right":0,"interact":0,"focus":true,"modal":false,"sessionReady":true,"noticeActive":true,"focusedInteraction":"","transformRevision":10,"angle":3.2288592,"actionNumber":6,"action":"{\u0022phase\u0022:\u0022received\u0022,\u0022key\u0022:\u0022bathhouse/wet-door\u0022,\u0022busy\u0022:false,\u0022sessionReady\u0022:true,\u0022feet\u0022:\u0022(-34.84713, 1.4111726, 6.63799)\u0022,\u0022focus\u0022:true,\u0022forward\u0022:0,\u0022backward\u0022:0,\u0022left\u0022:0,\u0022right\u0022:0}","result":"committed","sweep":"{\u0022clear\u0022:true,\u0022samples\u0022:102,\u0022from\u0022:1.5707964,\u0022to\u0022:3.2288592}","aim":"camera=(-34.671944, 3.1111727, 6.6793303) ray=(0.8612993, -0.46567553, 0.20324835) hit= shape= at=(0, 0, 0) held= busy=False registering=False registered=True heldPosition= heldPoseValid=False light= targetState= targetVisible= targetConcealed= modal=False pause=False focused=True physicsEnabled=True treePaused=False inputFrame=3200/3237 interactPresses=31 feedback= pickupProbe="}
act1-facilities: manually reopen the wet room before returning
act1-facilities: leave exhausted stove room; actual=(-32.36525, 1.4111726, 7.223661), expected=(-32.32592, 1.4110625, 7.232943)
act1-facilities: cross the changing room after resource checks; actual=(-31.913046, 1.4111726, 6.50393), expected=(-31.887383, 1.4110625, 6.4630833)
act1-facilities: cross the doorway onto the landing after resource checks; actual=(-31.63827, 1.4111726, 5.40442), expected=(-31.625557, 1.4110625, 5.353557)
act1-facilities: return around the same open bath leaf on the supported landing; actual=(-31.273548, 1.4111726, 4.8989315), expected=(-31.224972, 1.4110625, 4.8316073)
act1-facilities: return around the same open bath leaf on the supported landing; actual=(-31.11604, 1.4111726, 4.354598), expected=(-31.096355, 1.4110625, 4.286577)
act1-facilities: return around the same open bath leaf on the supported landing; actual=(-30.040985, 1.1077969, 4.5381536), expected=(-30.01603, 1.4110625, 4.5415125)
act1-facilities: return to the original lower stair flight; actual=(-30.265526, 1.1077969, 5.591141), expected=(-30.282448, 1.4110625, 5.6705036)
act1-facilities: physical return outside after resource checks; actual=(-29.177208, 0.656814, 5.9281297), expected=(-29.133991, 0.6949753, 5.941516)
act1-facilities: approach the door from outside its swept area; actual=(-30.219376, 1.1028761, 5.685212), expected=(-30.282448, 1.4110625, 5.6705036)
act1-facilities: previous facility action finishes; camera=(-30.394672, 2.7753196, 5.644337) ray=(-0.9738751, -0, -0.22708459) hit=/root/Act1FacilitiesSmokeTest/Act1Demo/Main/ZoneHost/Act1ConnectedWorld/village-main-road/BathEntranceUse shape=/root/Act1FacilitiesSmokeTest/Act1Demo/Main/ZoneHost/Act1ConnectedWorld/village-main-road/BathEntranceUse/SurfaceRay at=(-30.952873, 2.7753196, 5.514177) held= busy=False registering=False registered=True heldPosition= heldPoseValid=False light= targetState= targetVisible= targetConcealed= modal=False pause=False focused=True physicsEnabled=True treePaused=False inputFrame=3452/3453 interactPresses=31 feedback= pickupProbe=
act1-facilities: actual available aim at BathEntranceUse; layer=4; camera=(-30.393517, 2.7869291, 5.6396656) ray=(-0.86530447, -0.44724417, -0.2263203) hit=/root/Act1FacilitiesSmokeTest/Act1Demo/Main/ZoneHost/Act1ConnectedWorld/village-main-road/BathEntranceUse shape=/root/Act1FacilitiesSmokeTest/Act1Demo/Main/ZoneHost/Act1ConnectedWorld/village-main-road/BathEntranceUse/SurfaceRay at=(-30.945518, 2.5016205, 5.495289) held= busy=False registering=False registered=True heldPosition= heldPoseValid=False light= targetState= targetVisible= targetConcealed= modal=False pause=False focused=True physicsEnabled=True treePaused=False inputFrame=3455/3456 interactPresses=31 feedback= pickupProbe=
act1-facility-door: {"kind":"door-input-probe","phase":"before-input","target":"urman.chapter1:local/bathhouse/entrance","feet":"(-30.219376, 1.1028761, 5.685212)","velocity":"(0, 0, 0)","forward":0,"backward":0,"left":0,"right":0,"interact":0,"focus":true,"modal":false,"sessionReady":true,"noticeActive":false,"focusedInteraction":"urman.chapter1:local/bathhouse/entrance","transformRevision":10,"angle":1.43117,"actionNumber":2,"action":"{\u0022phase\u0022:\u0022received\u0022,\u0022key\u0022:\u0022bathhouse/entrance\u0022,\u0022busy\u0022:false,\u0022sessionReady\u0022:true,\u0022feet\u0022:\u0022(-30.307096, 1.107898, 5.664687)\u0022,\u0022focus\u0022:true,\u0022forward\u0022:0,\u0022backward\u0022:0,\u0022left\u0022:0,\u0022right\u0022:0}","result":"committed","sweep":"{\u0022clear\u0022:true,\u0022samples\u0022:105,\u0022from\u0022:3.1415927,\u0022to\u0022:1.43117}","aim":"camera=(-30.393517, 2.7869291, 5.6396656) ray=(-0.86530447, -0.44724417, -0.2263203) hit=/root/Act1FacilitiesSmokeTest/Act1Demo/Main/ZoneHost/Act1ConnectedWorld/village-main-road/BathEntranceUse shape=/root/Act1FacilitiesSmokeTest/Act1Demo/Main/ZoneHost/Act1ConnectedWorld/village-main-road/BathEntranceUse/SurfaceRay at=(-30.945518, 2.5016205, 5.495289) held= busy=False registering=False registered=True heldPosition= heldPoseValid=False light= targetState= targetVisible= targetConcealed= modal=False pause=False focused=True physicsEnabled=True treePaused=False inputFrame=3455/3456 interactPresses=31 feedback= pickupProbe="}
act1-facilities: BathEntranceUse: passive focus follows the actual door during a result notice
SaveGameV3 written to /Users/unterlantas/Library/Application Support/Godot/app_userdata/URMAN/savegames/checkpoint.savegame-v3.json
act1-facility-door: {"kind":"door-input-probe","phase":"after-input","target":"urman.chapter1:local/bathhouse/entrance","feet":"(-30.219376, 1.1028761, 5.685212)","velocity":"(0, 0, 0)","forward":0,"backward":0,"left":0,"right":0,"interact":0,"focus":true,"modal":false,"sessionReady":true,"noticeActive":true,"focusedInteraction":"urman.chapter1:local/bathhouse/entrance","transformRevision":10,"angle":1.5711699,"actionNumber":3,"action":"{\u0022phase\u0022:\u0022received\u0022,\u0022key\u0022:\u0022bathhouse/entrance\u0022,\u0022busy\u0022:false,\u0022sessionReady\u0022:true,\u0022feet\u0022:\u0022(-30.219376, 1.1028761, 5.685212)\u0022,\u0022focus\u0022:true,\u0022forward\u0022:0,\u0022backward\u0022:0,\u0022left\u0022:0,\u0022right\u0022:0}","result":"committed","sweep":"{\u0022clear\u0022:true,\u0022samples\u0022:105,\u0022from\u0022:1.43117,\u0022to\u0022:3.1415927}","aim":"camera=(-30.393517, 2.7964673, 5.6396656) ray=(-0.86530447, -0.44724417, -0.2263203) hit=/root/Act1FacilitiesSmokeTest/Act1Demo/Main/ZoneHost/Act1ConnectedWorld/village-main-road/BathEntranceUse shape=/root/Act1FacilitiesSmokeTest/Act1Demo/Main/ZoneHost/Act1ConnectedWorld/village-main-road/BathEntranceUse/SurfaceRay at=(-31.020147, 2.4725852, 5.475771) held= busy=False registering=False registered=True heldPosition= heldPoseValid=False light= targetState= targetVisible= targetConcealed= modal=False pause=False focused=True physicsEnabled=True treePaused=False inputFrame=3457/3461 interactPresses=32 feedback= pickupProbe="}
act1-facilities: BathEntranceUse: one deliberate mapped press reaches exactly one door callback
act1-facilities: facility transaction and existing checkpoint save finish; camera=(-30.393517, 2.7964673, 5.6396656) ray=(-0.86530447, -0.44724417, -0.2263203) hit=/root/Act1FacilitiesSmokeTest/Act1Demo/Main/ZoneHost/Act1ConnectedWorld/village-main-road/BathEntranceUse shape=/root/Act1FacilitiesSmokeTest/Act1Demo/Main/ZoneHost/Act1ConnectedWorld/village-main-road/BathEntranceUse/SurfaceRay at=(-31.020147, 2.4725852, 5.475771) held= busy=False registering=False registered=True heldPosition= heldPoseValid=False light= targetState= targetVisible= targetConcealed= modal=False pause=False focused=True physicsEnabled=True treePaused=False inputFrame=3457/3461 interactPresses=32 feedback= pickupProbe=
act1-facility-door: {"kind":"door-input-probe","phase":"after-transaction","target":"urman.chapter1:local/bathhouse/entrance","feet":"(-30.219376, 1.1028761, 5.685212)","velocity":"(0, 0, 0)","forward":0,"backward":0,"left":0,"right":0,"interact":0,"focus":true,"modal":false,"sessionReady":true,"noticeActive":true,"focusedInteraction":"urman.chapter1:local/bathhouse/entrance","transformRevision":10,"angle":1.7111697,"actionNumber":3,"action":"{\u0022phase\u0022:\u0022received\u0022,\u0022key\u0022:\u0022bathhouse/entrance\u0022,\u0022busy\u0022:false,\u0022sessionReady\u0022:true,\u0022feet\u0022:\u0022(-30.219376, 1.1028761, 5.685212)\u0022,\u0022focus\u0022:true,\u0022forward\u0022:0,\u0022backward\u0022:0,\u0022left\u0022:0,\u0022right\u0022:0}","result":"committed","sweep":"{\u0022clear\u0022:true,\u0022samples\u0022:105,\u0022from\u0022:1.43117,\u0022to\u0022:3.1415927}","aim":"camera=(-30.393517, 2.7991674, 5.6396656) ray=(-0.86530447, -0.44724417, -0.2263203) hit=/root/Act1FacilitiesSmokeTest/Act1Demo/Main/ZoneHost/Act1ConnectedWorld/village-main-road/BathEntranceUse shape=/root/Act1FacilitiesSmokeTest/Act1Demo/Main/ZoneHost/Act1ConnectedWorld/village-main-road/BathEntranceUse/SurfaceRay at=(-31.094187, 2.4370153, 5.4564056) held= busy=False registering=False registered=True heldPosition= heldPoseValid=False light= targetState= targetVisible= targetConcealed= modal=False pause=False focused=True physicsEnabled=True treePaused=False inputFrame=3457/3464 interactPresses=32 feedback= pickupProbe="}
act1-facility-door: {"kind":"door-input-probe","phase":"finished-angle-wait","target":"urman.chapter1:local/bathhouse/entrance","feet":"(-30.219376, 1.1028761, 5.685212)","velocity":"(0, 0, 0)","forward":0,"backward":0,"left":0,"right":0,"interact":0,"focus":true,"modal":false,"sessionReady":true,"noticeActive":true,"focusedInteraction":"","transformRevision":10,"angle":3.1415927,"actionNumber":3,"action":"{\u0022phase\u0022:\u0022received\u0022,\u0022key\u0022:\u0022bathhouse/entrance\u0022,\u0022busy\u0022:false,\u0022sessionReady\u0022:true,\u0022feet\u0022:\u0022(-30.219376, 1.1028761, 5.685212)\u0022,\u0022focus\u0022:true,\u0022forward\u0022:0,\u0022backward\u0022:0,\u0022left\u0022:0,\u0022right\u0022:0}","result":"committed","sweep":"{\u0022clear\u0022:true,\u0022samples\u0022:105,\u0022from\u0022:1.43117,\u0022to\u0022:3.1415927}","aim":"camera=(-30.393517, 2.8028631, 5.6396656) ray=(-0.86530447, -0.44724417, -0.2263203) hit= shape= at=(0, 0, 0) held= busy=False registering=False registered=True heldPosition= heldPoseValid=False light= targetState= targetVisible= targetConcealed= modal=False pause=False focused=True physicsEnabled=True treePaused=False inputFrame=3457/3495 interactPresses=32 feedback= pickupProbe="}
act1-facilities: close bath entrance from a clear position
act1-facilities: late-obstacle case begins with a real aimed door input
SaveGameV3 written to /Users/unterlantas/Library/Application Support/Godot/app_userdata/URMAN/savegames/checkpoint.savegame-v3.json
act1-facilities: unobstructed door starts its normal opening animation; camera=(-30.398098, 2.8028724, 5.7066073) ray=(-0.96244746, -0.24580558, 0.11521508) hit=/root/Act1FacilitiesSmokeTest/Act1Demo/Main/ZoneHost/Act1ConnectedWorld/village-main-road/BathEntranceUse shape=/root/Act1FacilitiesSmokeTest/Act1Demo/Main/ZoneHost/Act1ConnectedWorld/village-main-road/BathEntranceUse/SurfaceRay at=(-31.485128, 2.5252495, 5.8367367) held= busy=False registering=False registered=True heldPosition= heldPoseValid=False light= targetState= targetVisible= targetConcealed= modal=False pause=False focused=True physicsEnabled=True treePaused=False inputFrame=3499/3502 interactPresses=33 feedback= pickupProbe=
act1-facilities: late obstacle is introduced before the leaf reaches it
act1-facilities: visible late-obstacle fixture has an actual support below it
act1-facilities: a newly introduced physical body pauses the moving leaf; camera=(-30.398098, 2.802876, 5.7066073) ray=(-0.96244746, -0.24580558, 0.11521508) hit=/root/Act1FacilitiesSmokeTest/Act1Demo/Main/ZoneHost/Act1ConnectedWorld/village-main-road/BathEntranceUse shape=/root/Act1FacilitiesSmokeTest/Act1Demo/Main/ZoneHost/Act1ConnectedWorld/village-main-road/BathEntranceUse/SurfaceRay at=(-31.185015, 2.6018999, 5.800809) held= busy=False registering=False registered=True heldPosition= heldPoseValid=False light= targetState= targetVisible= targetConcealed= modal=False pause=False focused=True physicsEnabled=True treePaused=False inputFrame=3499/3525 interactPresses=33 feedback= pickupProbe=
act1-facilities: blocked animation remains still and never penetrates the new obstacle
SaveGameV3 written to /Users/unterlantas/Library/Application Support/Godot/app_userdata/URMAN/savegames/facilities-door-stopped.savegame-v3.json
act1-facilities: save while the physical door is partially open and stopped
act1-facilities: save flush records actual stopped angle rather than its desired endpoint
state-final-render-sync-begin: label=facility/07_bath_door_late_obstacle tick=88061 drawn=5579 process=5578 physics=3537 windowVisible=True focus=True mode=Windowed renderLoop=True
state-final-render-sync-end: label=facility/07_bath_door_late_obstacle milliseconds=11 forcedScreenshotRender=False
act1-facility-camera: {"kind":"native-game-camera","file":"/Users/unterlantas/Documents/GitHub/URMAN/docs/production/act1_takeover_evidence_2026-09-16/images-facilities-09/07_bath_door_late_obstacle.png","focus":true,"intendedAim":null,"cameraBefore":"[X: (-0.118861854, 0, -0.9929108), Y: (-0.244063, 0.9693191, 0.029216906), Z: (0.96244746, 0.24580559, -0.11521508), O: (-30.398098, 2.802876, 5.7066073)]","cameraAfter":"[X: (-0.118861854, 0, -0.9929108), Y: (-0.244063, 0.9693191, 0.029216906), Z: (0.96244746, 0.24580559, -0.11521508), O: (-30.398098, 2.802876, 5.7066073)]","cameraUnchangedDuringRender":true,"cameraTravel":0,"cameraForwardDot":1,"frameBefore":5579,"frameAfter":5579,"intendedAimDot":null,"humanArtReview":"not-run"}
act1-facility-door: {"kind":"door-input-probe","phase":"finished-angle-wait","target":"urman.chapter1:local/bathhouse/entrance","feet":"(-30.219376, 1.1028761, 5.685212)","velocity":"(0, 0, 0)","forward":0,"backward":0,"left":0,"right":0,"interact":0,"focus":true,"modal":false,"sessionReady":true,"noticeActive":true,"focusedInteraction":"urman.chapter1:local/bathhouse/entrance","transformRevision":10,"angle":1.43117,"actionNumber":4,"action":"{\u0022phase\u0022:\u0022received\u0022,\u0022key\u0022:\u0022bathhouse/entrance\u0022,\u0022busy\u0022:false,\u0022sessionReady\u0022:true,\u0022feet\u0022:\u0022(-30.219376, 1.1028761, 5.685212)\u0022,\u0022focus\u0022:true,\u0022forward\u0022:0,\u0022backward\u0022:0,\u0022left\u0022:0,\u0022right\u0022:0}","result":"committed","sweep":"{\u0022clear\u0022:true,\u0022samples\u0022:105,\u0022from\u0022:3.1415927,\u0022to\u0022:1.43117}","aim":"camera=(-30.398098, 2.802876, 5.7066073) ray=(-0.96244746, -0.24580558, 0.11521508) hit=/root/Act1FacilitiesSmokeTest/Act1Demo/Main/ZoneHost/Act1ConnectedWorld/village-main-road/BathEntranceUse shape=/root/Act1FacilitiesSmokeTest/Act1Demo/Main/ZoneHost/Act1ConnectedWorld/village-main-road/BathEntranceUse/SurfaceRay at=(-31.058605, 2.6341853, 5.785676) held= busy=False registering=False registered=True heldPosition= heldPoseValid=False light= targetState= targetVisible= targetConcealed= modal=False pause=False focused=True physicsEnabled=True treePaused=False inputFrame=3499/3553 interactPresses=33 feedback= pickupProbe="}
act1-facilities: removing the obstacle resumes the same door without another grant
act1-facilities: pending door save completes; camera=(-30.398098, 2.802876, 5.7066073) ray=(-0.96244746, -0.24580558, 0.11521508) hit=/root/Act1FacilitiesSmokeTest/Act1Demo/Main/ZoneHost/Act1ConnectedWorld/village-main-road/BathEntranceUse shape=/root/Act1FacilitiesSmokeTest/Act1Demo/Main/ZoneHost/Act1ConnectedWorld/village-main-road/BathEntranceUse/SurfaceRay at=(-31.058605, 2.6341853, 5.785676) held= busy=False registering=False registered=True heldPosition= heldPoseValid=False light= targetState= targetVisible= targetConcealed= modal=False pause=False focused=True physicsEnabled=True treePaused=False inputFrame=3499/3553 interactPresses=33 feedback= pickupProbe=
act1-facilities: previous facility action finishes; camera=(-30.398098, 2.802876, 5.7066073) ray=(-0.96244746, -0.24580558, 0.11521508) hit=/root/Act1FacilitiesSmokeTest/Act1Demo/Main/ZoneHost/Act1ConnectedWorld/village-main-road/BathEntranceUse shape=/root/Act1FacilitiesSmokeTest/Act1Demo/Main/ZoneHost/Act1ConnectedWorld/village-main-road/BathEntranceUse/SurfaceRay at=(-31.058605, 2.6341853, 5.785676) held= busy=False registering=False registered=True heldPosition= heldPoseValid=False light= targetState= targetVisible= targetConcealed= modal=False pause=False focused=True physicsEnabled=True treePaused=False inputFrame=3499/3553 interactPresses=33 feedback= pickupProbe=
act1-facilities: actual available aim at BathEntranceUse; layer=4; camera=(-30.393524, 2.802876, 5.639697) ray=(-0.8499242, -0.47779283, -0.22213255) hit=/root/Act1FacilitiesSmokeTest/Act1Demo/Main/ZoneHost/Act1ConnectedWorld/village-main-road/BathEntranceUse shape=/root/Act1FacilitiesSmokeTest/Act1Demo/Main/ZoneHost/Act1ConnectedWorld/village-main-road/BathEntranceUse/SurfaceRay at=(-30.945568, 2.4925406, 5.4954166) held= busy=False registering=False registered=True heldPosition= heldPoseValid=False light= targetState= targetVisible= targetConcealed= modal=False pause=False focused=True physicsEnabled=True treePaused=False inputFrame=3499/3556 interactPresses=33 feedback= pickupProbe=
act1-facility-door: {"kind":"door-input-probe","phase":"before-input","target":"urman.chapter1:local/bathhouse/entrance","feet":"(-30.219376, 1.1028761, 5.685212)","velocity":"(0, 0, 0)","forward":0,"backward":0,"left":0,"right":0,"interact":0,"focus":true,"modal":false,"sessionReady":true,"noticeActive":true,"focusedInteraction":"urman.chapter1:local/bathhouse/entrance","transformRevision":10,"angle":1.43117,"actionNumber":4,"action":"{\u0022phase\u0022:\u0022received\u0022,\u0022key\u0022:\u0022bathhouse/entrance\u0022,\u0022busy\u0022:false,\u0022sessionReady\u0022:true,\u0022feet\u0022:\u0022(-30.219376, 1.1028761, 5.685212)\u0022,\u0022focus\u0022:true,\u0022forward\u0022:0,\u0022backward\u0022:0,\u0022left\u0022:0,\u0022right\u0022:0}","result":"committed","sweep":"{\u0022clear\u0022:true,\u0022samples\u0022:105,\u0022from\u0022:3.1415927,\u0022to\u0022:1.43117}","aim":"camera=(-30.393524, 2.802876, 5.639697) ray=(-0.8499242, -0.47779283, -0.22213255) hit=/root/Act1FacilitiesSmokeTest/Act1Demo/Main/ZoneHost/Act1ConnectedWorld/village-main-road/BathEntranceUse shape=/root/Act1FacilitiesSmokeTest/Act1Demo/Main/ZoneHost/Act1ConnectedWorld/village-main-road/BathEntranceUse/SurfaceRay at=(-30.945568, 2.4925406, 5.4954166) held= busy=False registering=False registered=True heldPosition= heldPoseValid=False light= targetState= targetVisible= targetConcealed= modal=False pause=False focused=True physicsEnabled=True treePaused=False inputFrame=3499/3556 interactPresses=33 feedback= pickupProbe="}
act1-facilities: BathEntranceUse: passive focus follows the actual door during a result notice
SaveGameV3 written to /Users/unterlantas/Library/Application Support/Godot/app_userdata/URMAN/savegames/checkpoint.savegame-v3.json
act1-facility-door: {"kind":"door-input-probe","phase":"after-input","target":"urman.chapter1:local/bathhouse/entrance","feet":"(-30.219376, 1.1028761, 5.685212)","velocity":"(0, 0, 0)","forward":0,"backward":0,"left":0,"right":0,"interact":0,"focus":true,"modal":false,"sessionReady":true,"noticeActive":true,"focusedInteraction":"urman.chapter1:local/bathhouse/entrance","transformRevision":10,"angle":1.5711699,"actionNumber":5,"action":"{\u0022phase\u0022:\u0022received\u0022,\u0022key\u0022:\u0022bathhouse/entrance\u0022,\u0022busy\u0022:false,\u0022sessionReady\u0022:true,\u0022feet\u0022:\u0022(-30.219376, 1.1028761, 5.685212)\u0022,\u0022focus\u0022:true,\u0022forward\u0022:0,\u0022backward\u0022:0,\u0022left\u0022:0,\u0022right\u0022:0}","result":"committed","sweep":"{\u0022clear\u0022:true,\u0022samples\u0022:105,\u0022from\u0022:1.43117,\u0022to\u0022:3.1415927}","aim":"camera=(-30.393524, 2.802876, 5.639697) ray=(-0.8499242, -0.47779283, -0.22213255) hit=/root/Act1FacilitiesSmokeTest/Act1Demo/Main/ZoneHost/Act1ConnectedWorld/village-main-road/BathEntranceUse shape=/root/Act1FacilitiesSmokeTest/Act1Demo/Main/ZoneHost/Act1ConnectedWorld/village-main-road/BathEntranceUse/SurfaceRay at=(-31.020182, 2.450595, 5.475917) held= busy=False registering=False registered=True heldPosition= heldPoseValid=False light= targetState= targetVisible= targetConcealed= modal=False pause=False focused=True physicsEnabled=True treePaused=False inputFrame=3557/3561 interactPresses=34 feedback= pickupProbe="}
act1-facilities: BathEntranceUse: one deliberate mapped press reaches exactly one door callback
act1-facilities: facility transaction and existing checkpoint save finish; camera=(-30.393524, 2.802876, 5.639697) ray=(-0.8499242, -0.47779283, -0.22213255) hit=/root/Act1FacilitiesSmokeTest/Act1Demo/Main/ZoneHost/Act1ConnectedWorld/village-main-road/BathEntranceUse shape=/root/Act1FacilitiesSmokeTest/Act1Demo/Main/ZoneHost/Act1ConnectedWorld/village-main-road/BathEntranceUse/SurfaceRay at=(-31.020182, 2.450595, 5.475917) held= busy=False registering=False registered=True heldPosition= heldPoseValid=False light= targetState= targetVisible= targetConcealed= modal=False pause=False focused=True physicsEnabled=True treePaused=False inputFrame=3557/3561 interactPresses=34 feedback= pickupProbe=
act1-facility-door: {"kind":"door-input-probe","phase":"after-transaction","target":"urman.chapter1:local/bathhouse/entrance","feet":"(-30.219376, 1.1028761, 5.685212)","velocity":"(0, 0, 0)","forward":0,"backward":0,"left":0,"right":0,"interact":0,"focus":true,"modal":false,"sessionReady":true,"noticeActive":true,"focusedInteraction":"urman.chapter1:local/bathhouse/entrance","transformRevision":10,"angle":1.7111697,"actionNumber":5,"action":"{\u0022phase\u0022:\u0022received\u0022,\u0022key\u0022:\u0022bathhouse/entrance\u0022,\u0022busy\u0022:false,\u0022sessionReady\u0022:true,\u0022feet\u0022:\u0022(-30.219376, 1.1028761, 5.685212)\u0022,\u0022focus\u0022:true,\u0022forward\u0022:0,\u0022backward\u0022:0,\u0022left\u0022:0,\u0022right\u0022:0}","result":"committed","sweep":"{\u0022clear\u0022:true,\u0022samples\u0022:105,\u0022from\u0022:1.43117,\u0022to\u0022:3.1415927}","aim":"camera=(-30.393524, 2.802876, 5.639697) ray=(-0.8499242, -0.47779283, -0.22213255) hit=/root/Act1FacilitiesSmokeTest/Act1Demo/Main/ZoneHost/Act1ConnectedWorld/village-main-road/BathEntranceUse shape=/root/Act1FacilitiesSmokeTest/Act1Demo/Main/ZoneHost/Act1ConnectedWorld/village-main-road/BathEntranceUse/SurfaceRay at=(-31.094202, 2.4089823, 5.4565706) held= busy=False registering=False registered=True heldPosition= heldPoseValid=False light= targetState= targetVisible= targetConcealed= modal=False pause=False focused=True physicsEnabled=True treePaused=False inputFrame=3557/3564 interactPresses=34 feedback= pickupProbe="}
act1-facility-door: {"kind":"door-input-probe","phase":"finished-angle-wait","target":"urman.chapter1:local/bathhouse/entrance","feet":"(-30.219376, 1.1028761, 5.685212)","velocity":"(0, 0, 0)","forward":0,"backward":0,"left":0,"right":0,"interact":0,"focus":true,"modal":false,"sessionReady":true,"noticeActive":true,"focusedInteraction":"","transformRevision":10,"angle":3.1415927,"actionNumber":5,"action":"{\u0022phase\u0022:\u0022received\u0022,\u0022key\u0022:\u0022bathhouse/entrance\u0022,\u0022busy\u0022:false,\u0022sessionReady\u0022:true,\u0022feet\u0022:\u0022(-30.219376, 1.1028761, 5.685212)\u0022,\u0022focus\u0022:true,\u0022forward\u0022:0,\u0022backward\u0022:0,\u0022left\u0022:0,\u0022right\u0022:0}","result":"committed","sweep":"{\u0022clear\u0022:true,\u0022samples\u0022:105,\u0022from\u0022:1.43117,\u0022to\u0022:3.1415927}","aim":"camera=(-30.393524, 2.802876, 5.639697) ray=(-0.8499242, -0.47779283, -0.22213255) hit= shape= at=(0, 0, 0) held= busy=False registering=False registered=True heldPosition= heldPoseValid=False light= targetState= targetVisible= targetConcealed= modal=False pause=False focused=True physicsEnabled=True treePaused=False inputFrame=3557/3595 interactPresses=34 feedback= pickupProbe="}
act1-facilities: door can be closed after a blocked and resumed opening
act1-facility-door: {"kind":"door-input-probe","phase":"finished-angle-wait","target":"urman.chapter1:local/bathhouse/entrance","feet":"(-30.219376, 1.1028761, 5.685212)","velocity":"(0, 0, 0)","forward":0,"backward":0,"left":0,"right":0,"interact":0,"focus":true,"modal":false,"sessionReady":true,"noticeActive":true,"focusedInteraction":"","transformRevision":10,"angle":3.1415927,"actionNumber":5,"action":"{\u0022phase\u0022:\u0022received\u0022,\u0022key\u0022:\u0022bathhouse/entrance\u0022,\u0022busy\u0022:false,\u0022sessionReady\u0022:true,\u0022feet\u0022:\u0022(-30.219376, 1.1028761, 5.685212)\u0022,\u0022focus\u0022:true,\u0022forward\u0022:0,\u0022backward\u0022:0,\u0022left\u0022:0,\u0022right\u0022:0}","result":"committed","sweep":"{\u0022clear\u0022:true,\u0022samples\u0022:105,\u0022from\u0022:1.43117,\u0022to\u0022:3.1415927}","aim":"camera=(-30.393524, 2.802876, 5.639697) ray=(-0.8499242, -0.47779283, -0.22213255) hit= shape= at=(0, 0, 0) held= busy=False registering=False registered=True heldPosition= heldPoseValid=False light= targetState= targetVisible= targetConcealed= modal=False pause=False focused=True physicsEnabled=True treePaused=False inputFrame=3557/3595 interactPresses=34 feedback= pickupProbe="}
act1-facilities: attain ordinary closed door before representation migration
SaveGameV3 written to /Users/unterlantas/Library/Application Support/Godot/app_userdata/URMAN/savegames/facilities-door-v2-closed.savegame-v3.json
act1-facilities: save attained version-2 closed door
act1-facilities: new door pose and geometry version share the existing save transaction
act1-facilities: pending action is finished before loading facilities-door-legacy0-closed; camera=(-30.393524, 2.802876, 5.639697) ray=(-0.8499242, -0.47779283, -0.22213255) hit= shape= at=(0, 0, 0) held= busy=False registering=False registered=True heldPosition= heldPoseValid=False light= targetState= targetVisible= targetConcealed= modal=False pause=False focused=True physicsEnabled=True treePaused=False inputFrame=3557/3601 interactPresses=34 feedback= pickupProbe=
zone-loaded: village_day@arrival connected-world=108548591549
SaveGameV3 restored.
act1-facilities: load attained save facilities-door-legacy0-closed
act1-facilities: legacy closed load 1 projects once without rewriting its snapshot
act1-facilities: read-only migration leaves the original legacy slot bytes intact
act1-facilities: pending action is finished before loading facilities-door-legacy0-closed; camera=(-30.393524, 2.802876, 5.639697) ray=(-0.8499242, -0.4777928, -0.2221325) hit= shape= at=(0, 0, 0) held= busy=False registering=False registered=True heldPosition= heldPoseValid=False light= targetState= targetVisible= targetConcealed= modal=False pause=False focused=True physicsEnabled=True treePaused=False inputFrame=3616/3616 interactPresses=34 feedback= pickupProbe=
zone-loaded: village_day@arrival connected-world=108548591549
SaveGameV3 restored.
act1-facilities: load attained save facilities-door-legacy0-closed
act1-facilities: legacy closed load 2 projects once without rewriting its snapshot
act1-facilities: read-only migration leaves the original legacy slot bytes intact
SaveGameV3 written to /Users/unterlantas/Library/Application Support/Godot/app_userdata/URMAN/savegames/facilities-door-migrated0-closed.savegame-v3.json
act1-facilities: ordinary save publishes migrated pose and version together
act1-facilities: saved version-2 angle cannot be mistaken for an unversioned legacy angle
act1-facilities: pending action is finished before loading facilities-door-migrated0-closed; camera=(-30.393524, 2.802876, 5.639697) ray=(-0.84992427, -0.47779283, -0.22213253) hit= shape= at=(0, 0, 0) held= busy=False registering=False registered=True heldPosition= heldPoseValid=False light= targetState= targetVisible= targetConcealed= modal=False pause=False focused=True physicsEnabled=True treePaused=False inputFrame=3633/3633 interactPresses=34 feedback= pickupProbe=
zone-loaded: village_day@arrival connected-world=108548591549
SaveGameV3 restored.
act1-facilities: load attained save facilities-door-migrated0-closed
act1-facilities: version-2 closed load 1 keeps the same physical door pose
act1-facilities: pending action is finished before loading facilities-door-migrated0-closed; camera=(-30.393524, 2.802876, 5.639697) ray=(-0.84992427, -0.47779283, -0.22213253) hit= shape= at=(0, 0, 0) held= busy=False registering=False registered=True heldPosition= heldPoseValid=False light= targetState= targetVisible= targetConcealed= modal=False pause=False focused=True physicsEnabled=True treePaused=False inputFrame=3647/3648 interactPresses=34 feedback= pickupProbe=
zone-loaded: village_day@arrival connected-world=108548591549
SaveGameV3 restored.
act1-facilities: load attained save facilities-door-migrated0-closed
act1-facilities: version-2 closed load 2 keeps the same physical door pose
act1-facilities: pending action is finished before loading facilities-door-legacy1-closed; camera=(-30.393524, 2.802876, 5.639697) ray=(-0.84992427, -0.47779283, -0.22213253) hit= shape= at=(0, 0, 0) held= busy=False registering=False registered=True heldPosition= heldPoseValid=False light= targetState= targetVisible= targetConcealed= modal=False pause=False focused=True physicsEnabled=True treePaused=False inputFrame=3664/3664 interactPresses=34 feedback= pickupProbe=
zone-loaded: village_day@arrival connected-world=108548591549
SaveGameV3 restored.
act1-facilities: load attained save facilities-door-legacy1-closed
act1-facilities: legacy closed load 1 projects once without rewriting its snapshot
act1-facilities: read-only migration leaves the original legacy slot bytes intact
act1-facilities: pending action is finished before loading facilities-door-legacy1-closed; camera=(-30.393524, 2.802876, 5.639697) ray=(-0.84992427, -0.47779283, -0.22213253) hit= shape= at=(0, 0, 0) held= busy=False registering=False registered=True heldPosition= heldPoseValid=False light= targetState= targetVisible= targetConcealed= modal=False pause=False focused=True physicsEnabled=True treePaused=False inputFrame=3679/3679 interactPresses=34 feedback= pickupProbe=
zone-loaded: village_day@arrival connected-world=108548591549
SaveGameV3 restored.
act1-facilities: load attained save facilities-door-legacy1-closed
act1-facilities: legacy closed load 2 projects once without rewriting its snapshot
act1-facilities: read-only migration leaves the original legacy slot bytes intact
SaveGameV3 written to /Users/unterlantas/Library/Application Support/Godot/app_userdata/URMAN/savegames/facilities-door-migrated1-closed.savegame-v3.json
act1-facilities: ordinary save publishes migrated pose and version together
act1-facilities: saved version-2 angle cannot be mistaken for an unversioned legacy angle
act1-facilities: pending action is finished before loading facilities-door-migrated1-closed; camera=(-30.393524, 2.802876, 5.639697) ray=(-0.84992427, -0.47779283, -0.22213253) hit= shape= at=(0, 0, 0) held= busy=False registering=False registered=True heldPosition= heldPoseValid=False light= targetState= targetVisible= targetConcealed= modal=False pause=False focused=True physicsEnabled=True treePaused=False inputFrame=3697/3697 interactPresses=34 feedback= pickupProbe=
zone-loaded: village_day@arrival connected-world=108548591549
SaveGameV3 restored.
act1-facilities: load attained save facilities-door-migrated1-closed
act1-facilities: version-2 closed load 1 keeps the same physical door pose
act1-facilities: pending action is finished before loading facilities-door-migrated1-closed; camera=(-30.393524, 2.802876, 5.639697) ray=(-0.84992427, -0.47779283, -0.22213253) hit= shape= at=(0, 0, 0) held= busy=False registering=False registered=True heldPosition= heldPoseValid=False light= targetState= targetVisible= targetConcealed= modal=False pause=False focused=True physicsEnabled=True treePaused=False inputFrame=3710/3711 interactPresses=34 feedback= pickupProbe=
zone-loaded: village_day@arrival connected-world=108548591549
SaveGameV3 restored.
act1-facilities: load attained save facilities-door-migrated1-closed
act1-facilities: version-2 closed load 2 keeps the same physical door pose
act1-facilities: previous facility action finishes; camera=(-30.393524, 2.802876, 5.639697) ray=(-0.84992427, -0.47779283, -0.22213253) hit= shape= at=(0, 0, 0) held= busy=False registering=False registered=True heldPosition= heldPoseValid=False light= targetState= targetVisible= targetConcealed= modal=False pause=False focused=True physicsEnabled=True treePaused=False inputFrame=3723/3724 interactPresses=34 feedback= pickupProbe=
act1-facilities: actual available aim at BathEntranceUse; layer=4; camera=(-30.398098, 2.802876, 5.7066073) ray=(-0.96244526, -0.24581426, 0.11521481) hit=/root/Act1FacilitiesSmokeTest/Act1Demo/Main/ZoneHost/Act1ConnectedWorld/village-main-road/BathEntranceUse shape=/root/Act1FacilitiesSmokeTest/Act1Demo/Main/ZoneHost/Act1ConnectedWorld/village-main-road/BathEntranceUse/SurfaceRay at=(-31.570314, 2.5034852, 5.8469334) held= busy=False registering=False registered=True heldPosition= heldPoseValid=False light= targetState= targetVisible= targetConcealed= modal=False pause=False focused=True physicsEnabled=True treePaused=False inputFrame=3726/3727 interactPresses=34 feedback= pickupProbe=
act1-facility-door: {"kind":"door-input-probe","phase":"before-input","target":"urman.chapter1:local/bathhouse/entrance","feet":"(-30.219376, 1.1028761, 5.685212)","velocity":"(0, 0, 0)","forward":0,"backward":0,"left":0,"right":0,"interact":0,"focus":true,"modal":false,"sessionReady":true,"noticeActive":false,"focusedInteraction":"urman.chapter1:local/bathhouse/entrance","transformRevision":26,"angle":3.1415927,"actionNumber":5,"action":"{\u0022phase\u0022:\u0022received\u0022,\u0022key\u0022:\u0022bathhouse/entrance\u0022,\u0022busy\u0022:false,\u0022sessionReady\u0022:true,\u0022feet\u0022:\u0022(-30.219376, 1.1028761, 5.685212)\u0022,\u0022focus\u0022:true,\u0022forward\u0022:0,\u0022backward\u0022:0,\u0022left\u0022:0,\u0022right\u0022:0}","result":"committed","sweep":"{\u0022clear\u0022:true,\u0022samples\u0022:105,\u0022from\u0022:1.43117,\u0022to\u0022:3.1415927}","aim":"camera=(-30.398098, 2.802876, 5.7066073) ray=(-0.96244526, -0.24581426, 0.11521481) hit=/root/Act1FacilitiesSmokeTest/Act1Demo/Main/ZoneHost/Act1ConnectedWorld/village-main-road/BathEntranceUse shape=/root/Act1FacilitiesSmokeTest/Act1Demo/Main/ZoneHost/Act1ConnectedWorld/village-main-road/BathEntranceUse/SurfaceRay at=(-31.570314, 2.5034852, 5.8469334) held= busy=False registering=False registered=True heldPosition= heldPoseValid=False light= targetState= targetVisible= targetConcealed= modal=False pause=False focused=True physicsEnabled=True treePaused=False inputFrame=3726/3727 interactPresses=34 feedback= pickupProbe="}
act1-facilities: BathEntranceUse: passive focus follows the actual door during a result notice
SaveGameV3 written to /Users/unterlantas/Library/Application Support/Godot/app_userdata/URMAN/savegames/checkpoint.savegame-v3.json
act1-facility-door: {"kind":"door-input-probe","phase":"after-input","target":"urman.chapter1:local/bathhouse/entrance","feet":"(-30.219376, 1.1028761, 5.685212)","velocity":"(0, 0, 0)","forward":0,"backward":0,"left":0,"right":0,"interact":0,"focus":true,"modal":false,"sessionReady":true,"noticeActive":true,"focusedInteraction":"urman.chapter1:local/bathhouse/entrance","transformRevision":26,"angle":3.0015929,"actionNumber":6,"action":"{\u0022phase\u0022:\u0022received\u0022,\u0022key\u0022:\u0022bathhouse/entrance\u0022,\u0022busy\u0022:false,\u0022sessionReady\u0022:true,\u0022feet\u0022:\u0022(-30.219376, 1.1028761, 5.685212)\u0022,\u0022focus\u0022:true,\u0022forward\u0022:0,\u0022backward\u0022:0,\u0022left\u0022:0,\u0022right\u0022:0}","result":"committed","sweep":"{\u0022clear\u0022:true,\u0022samples\u0022:105,\u0022from\u0022:3.1415927,\u0022to\u0022:1.43117}","aim":"camera=(-30.398098, 2.802876, 5.7066073) ray=(-0.96244526, -0.24581426, 0.11521481) hit=/root/Act1FacilitiesSmokeTest/Act1Demo/Main/ZoneHost/Act1ConnectedWorld/village-main-road/BathEntranceUse shape=/root/Act1FacilitiesSmokeTest/Act1Demo/Main/ZoneHost/Act1ConnectedWorld/village-main-road/BathEntranceUse/SurfaceRay at=(-31.453642, 2.5332837, 5.8329678) held= busy=False registering=False registered=True heldPosition= heldPoseValid=False light= targetState= targetVisible= targetConcealed= modal=False pause=False focused=True physicsEnabled=True treePaused=False inputFrame=3728/3732 interactPresses=35 feedback= pickupProbe="}
act1-facilities: BathEntranceUse: one deliberate mapped press reaches exactly one door callback
act1-facilities: facility transaction and existing checkpoint save finish; camera=(-30.398098, 2.802876, 5.7066073) ray=(-0.96244526, -0.24581426, 0.11521481) hit=/root/Act1FacilitiesSmokeTest/Act1Demo/Main/ZoneHost/Act1ConnectedWorld/village-main-road/BathEntranceUse shape=/root/Act1FacilitiesSmokeTest/Act1Demo/Main/ZoneHost/Act1ConnectedWorld/village-main-road/BathEntranceUse/SurfaceRay at=(-31.453642, 2.5332837, 5.8329678) held= busy=False registering=False registered=True heldPosition= heldPoseValid=False light= targetState= targetVisible= targetConcealed= modal=False pause=False focused=True physicsEnabled=True treePaused=False inputFrame=3728/3732 interactPresses=35 feedback= pickupProbe=
act1-facility-door: {"kind":"door-input-probe","phase":"after-transaction","target":"urman.chapter1:local/bathhouse/entrance","feet":"(-30.219376, 1.1028761, 5.685212)","velocity":"(0, 0, 0)","forward":0,"backward":0,"left":0,"right":0,"interact":0,"focus":true,"modal":false,"sessionReady":true,"noticeActive":true,"focusedInteraction":"urman.chapter1:local/bathhouse/entrance","transformRevision":26,"angle":2.861593,"actionNumber":6,"action":"{\u0022phase\u0022:\u0022received\u0022,\u0022key\u0022:\u0022bathhouse/entrance\u0022,\u0022busy\u0022:false,\u0022sessionReady\u0022:true,\u0022feet\u0022:\u0022(-30.219376, 1.1028761, 5.685212)\u0022,\u0022focus\u0022:true,\u0022forward\u0022:0,\u0022backward\u0022:0,\u0022left\u0022:0,\u0022right\u0022:0}","result":"committed","sweep":"{\u0022clear\u0022:true,\u0022samples\u0022:105,\u0022from\u0022:3.1415927,\u0022to\u0022:1.43117}","aim":"camera=(-30.398098, 2.802876, 5.7066073) ray=(-0.96244526, -0.24581426, 0.11521481) hit=/root/Act1FacilitiesSmokeTest/Act1Demo/Main/ZoneHost/Act1ConnectedWorld/village-main-road/BathEntranceUse shape=/root/Act1FacilitiesSmokeTest/Act1Demo/Main/ZoneHost/Act1ConnectedWorld/village-main-road/BathEntranceUse/SurfaceRay at=(-31.383764, 2.5511308, 5.8246007) held= busy=False registering=False registered=True heldPosition= heldPoseValid=False light= targetState= targetVisible= targetConcealed= modal=False pause=False focused=True physicsEnabled=True treePaused=False inputFrame=3728/3735 interactPresses=35 feedback= pickupProbe="}
act1-facility-door: {"kind":"door-input-probe","phase":"waiting-angle","target":"urman.chapter1:local/bathhouse/entrance","feet":"(-30.219376, 1.1028761, 5.685212)","velocity":"(0, 0, 0)","forward":0,"backward":0,"left":0,"right":0,"interact":0,"focus":true,"modal":false,"sessionReady":true,"noticeActive":true,"focusedInteraction":"urman.chapter1:local/bathhouse/entrance","transformRevision":26,"angle":1.43117,"actionNumber":6,"action":"{\u0022phase\u0022:\u0022received\u0022,\u0022key\u0022:\u0022bathhouse/entrance\u0022,\u0022busy\u0022:false,\u0022sessionReady\u0022:true,\u0022feet\u0022:\u0022(-30.219376, 1.1028761, 5.685212)\u0022,\u0022focus\u0022:true,\u0022forward\u0022:0,\u0022backward\u0022:0,\u0022left\u0022:0,\u0022right\u0022:0}","result":"committed","sweep":"{\u0022clear\u0022:true,\u0022samples\u0022:105,\u0022from\u0022:3.1415927,\u0022to\u0022:1.43117}","aim":"camera=(-30.398098, 2.802876, 5.7066073) ray=(-0.96244526, -0.24581426, 0.11521481) hit=/root/Act1FacilitiesSmokeTest/Act1Demo/Main/ZoneHost/Act1ConnectedWorld/village-main-road/BathEntranceUse shape=/root/Act1FacilitiesSmokeTest/Act1Demo/Main/ZoneHost/Act1ConnectedWorld/village-main-road/BathEntranceUse/SurfaceRay at=(-31.058605, 2.6341789, 5.785676) held= busy=False registering=False registered=True heldPosition= heldPoseValid=False light= targetState= targetVisible= targetConcealed= modal=False pause=False focused=True physicsEnabled=True treePaused=False inputFrame=3728/3766 interactPresses=35 feedback= pickupProbe="}
act1-facility-door: {"kind":"door-input-probe","phase":"finished-angle-wait","target":"urman.chapter1:local/bathhouse/entrance","feet":"(-30.219376, 1.1028761, 5.685212)","velocity":"(0, 0, 0)","forward":0,"backward":0,"left":0,"right":0,"interact":0,"focus":true,"modal":false,"sessionReady":true,"noticeActive":true,"focusedInteraction":"urman.chapter1:local/bathhouse/entrance","transformRevision":26,"angle":1.43117,"actionNumber":6,"action":"{\u0022phase\u0022:\u0022received\u0022,\u0022key\u0022:\u0022bathhouse/entrance\u0022,\u0022busy\u0022:false,\u0022sessionReady\u0022:true,\u0022feet\u0022:\u0022(-30.219376, 1.1028761, 5.685212)\u0022,\u0022focus\u0022:true,\u0022forward\u0022:0,\u0022backward\u0022:0,\u0022left\u0022:0,\u0022right\u0022:0}","result":"committed","sweep":"{\u0022clear\u0022:true,\u0022samples\u0022:105,\u0022from\u0022:3.1415927,\u0022to\u0022:1.43117}","aim":"camera=(-30.398098, 2.802876, 5.7066073) ray=(-0.96244526, -0.24581426, 0.11521481) hit=/root/Act1FacilitiesSmokeTest/Act1Demo/Main/ZoneHost/Act1ConnectedWorld/village-main-road/BathEntranceUse shape=/root/Act1FacilitiesSmokeTest/Act1Demo/Main/ZoneHost/Act1ConnectedWorld/village-main-road/BathEntranceUse/SurfaceRay at=(-31.058605, 2.6341789, 5.785676) held= busy=False registering=False registered=True heldPosition= heldPoseValid=False light= targetState= targetVisible= targetConcealed= modal=False pause=False focused=True physicsEnabled=True treePaused=False inputFrame=3728/3766 interactPresses=35 feedback= pickupProbe="}
act1-facilities: attain ordinary open door before representation migration
SaveGameV3 written to /Users/unterlantas/Library/Application Support/Godot/app_userdata/URMAN/savegames/facilities-door-v2-open.savegame-v3.json
act1-facilities: save attained version-2 open door
act1-facilities: new door pose and geometry version share the existing save transaction
act1-facilities: pending action is finished before loading facilities-door-legacy0-open; camera=(-30.398098, 2.802876, 5.7066073) ray=(-0.96244526, -0.24581426, 0.11521481) hit=/root/Act1FacilitiesSmokeTest/Act1Demo/Main/ZoneHost/Act1ConnectedWorld/village-main-road/BathEntranceUse shape=/root/Act1FacilitiesSmokeTest/Act1Demo/Main/ZoneHost/Act1ConnectedWorld/village-main-road/BathEntranceUse/SurfaceRay at=(-31.058605, 2.6341789, 5.785676) held= busy=False registering=False registered=True heldPosition= heldPoseValid=False light= targetState= targetVisible= targetConcealed= modal=False pause=False focused=True physicsEnabled=True treePaused=False inputFrame=3728/3768 interactPresses=35 feedback= pickupProbe=
zone-loaded: village_day@arrival connected-world=108548591549
SaveGameV3 restored.
act1-facilities: load attained save facilities-door-legacy0-open
act1-facilities: legacy open load 1 projects once without rewriting its snapshot
act1-facilities: read-only migration leaves the original legacy slot bytes intact
act1-facilities: pending action is finished before loading facilities-door-legacy0-open; camera=(-30.398098, 2.802876, 5.706607) ray=(-0.96244526, -0.24581425, 0.11521468) hit=/root/Act1FacilitiesSmokeTest/Act1Demo/Main/ZoneHost/Act1ConnectedWorld/village-main-road/BathEntranceUse shape=/root/Act1FacilitiesSmokeTest/Act1Demo/Main/ZoneHost/Act1ConnectedWorld/village-main-road/BathEntranceUse/SurfaceRay at=(-31.058605, 2.6341789, 5.785676) held= busy=False registering=False registered=True heldPosition= heldPoseValid=False light= targetState= targetVisible= targetConcealed= modal=False pause=False focused=True physicsEnabled=True treePaused=False inputFrame=3781/3781 interactPresses=35 feedback= pickupProbe=
zone-loaded: village_day@arrival connected-world=108548591549
SaveGameV3 restored.
act1-facilities: load attained save facilities-door-legacy0-open
act1-facilities: legacy open load 2 projects once without rewriting its snapshot
act1-facilities: read-only migration leaves the original legacy slot bytes intact
SaveGameV3 written to /Users/unterlantas/Library/Application Support/Godot/app_userdata/URMAN/savegames/facilities-door-migrated0-open.savegame-v3.json
act1-facilities: ordinary save publishes migrated pose and version together
act1-facilities: saved version-2 angle cannot be mistaken for an unversioned legacy angle
act1-facilities: pending action is finished before loading facilities-door-migrated0-open; camera=(-30.398098, 2.802876, 5.706607) ray=(-0.96244526, -0.24581425, 0.11521468) hit=/root/Act1FacilitiesSmokeTest/Act1Demo/Main/ZoneHost/Act1ConnectedWorld/village-main-road/BathEntranceUse shape=/root/Act1FacilitiesSmokeTest/Act1Demo/Main/ZoneHost/Act1ConnectedWorld/village-main-road/BathEntranceUse/SurfaceRay at=(-31.058605, 2.6341789, 5.785676) held= busy=False registering=False registered=True heldPosition= heldPoseValid=False light= targetState= targetVisible= targetConcealed= modal=False pause=False focused=True physicsEnabled=True treePaused=False inputFrame=3796/3796 interactPresses=35 feedback= pickupProbe=
zone-loaded: village_day@arrival connected-world=108548591549
SaveGameV3 restored.
act1-facilities: load attained save facilities-door-migrated0-open
act1-facilities: version-2 open load 1 keeps the same physical door pose
act1-facilities: pending action is finished before loading facilities-door-migrated0-open; camera=(-30.398098, 2.802876, 5.706607) ray=(-0.96244526, -0.24581425, 0.11521457) hit=/root/Act1FacilitiesSmokeTest/Act1Demo/Main/ZoneHost/Act1ConnectedWorld/village-main-road/BathEntranceUse shape=/root/Act1FacilitiesSmokeTest/Act1Demo/Main/ZoneHost/Act1ConnectedWorld/village-main-road/BathEntranceUse/SurfaceRay at=(-31.058605, 2.6341789, 5.785676) held= busy=False registering=False registered=True heldPosition= heldPoseValid=False light= targetState= targetVisible= targetConcealed= modal=False pause=False focused=True physicsEnabled=True treePaused=False inputFrame=3809/3810 interactPresses=35 feedback= pickupProbe=
zone-loaded: village_day@arrival connected-world=108548591549
SaveGameV3 restored.
act1-facilities: load attained save facilities-door-migrated0-open
act1-facilities: version-2 open load 2 keeps the same physical door pose
act1-facilities: pending action is finished before loading facilities-door-legacy1-open; camera=(-30.398098, 2.802876, 5.706607) ray=(-0.9624453, -0.24581425, 0.115214586) hit=/root/Act1FacilitiesSmokeTest/Act1Demo/Main/ZoneHost/Act1ConnectedWorld/village-main-road/BathEntranceUse shape=/root/Act1FacilitiesSmokeTest/Act1Demo/Main/ZoneHost/Act1ConnectedWorld/village-main-road/BathEntranceUse/SurfaceRay at=(-31.058605, 2.6341789, 5.785676) held= busy=False registering=False registered=True heldPosition= heldPoseValid=False light= targetState= targetVisible= targetConcealed= modal=False pause=False focused=True physicsEnabled=True treePaused=False inputFrame=3824/3824 interactPresses=35 feedback= pickupProbe=
zone-loaded: village_day@arrival connected-world=108548591549
SaveGameV3 restored.
act1-facilities: load attained save facilities-door-legacy1-open
act1-facilities: legacy open load 1 projects once without rewriting its snapshot
act1-facilities: read-only migration leaves the original legacy slot bytes intact
act1-facilities: pending action is finished before loading facilities-door-legacy1-open; camera=(-30.398098, 2.802876, 5.706607) ray=(-0.96244526, -0.24581423, 0.1152147) hit=/root/Act1FacilitiesSmokeTest/Act1Demo/Main/ZoneHost/Act1ConnectedWorld/village-main-road/BathEntranceUse shape=/root/Act1FacilitiesSmokeTest/Act1Demo/Main/ZoneHost/Act1ConnectedWorld/village-main-road/BathEntranceUse/SurfaceRay at=(-31.058605, 2.6341789, 5.785676) held= busy=False registering=False registered=True heldPosition= heldPoseValid=False light= targetState= targetVisible= targetConcealed= modal=False pause=False focused=True physicsEnabled=True treePaused=False inputFrame=3837/3837 interactPresses=35 feedback= pickupProbe=
zone-loaded: village_day@arrival connected-world=108548591549
SaveGameV3 restored.
act1-facilities: load attained save facilities-door-legacy1-open
act1-facilities: legacy open load 2 projects once without rewriting its snapshot
act1-facilities: read-only migration leaves the original legacy slot bytes intact
SaveGameV3 written to /Users/unterlantas/Library/Application Support/Godot/app_userdata/URMAN/savegames/facilities-door-migrated1-open.savegame-v3.json
act1-facilities: ordinary save publishes migrated pose and version together
act1-facilities: saved version-2 angle cannot be mistaken for an unversioned legacy angle
act1-facilities: pending action is finished before loading facilities-door-migrated1-open; camera=(-30.398098, 2.802876, 5.706607) ray=(-0.96244526, -0.24581423, 0.1152147) hit=/root/Act1FacilitiesSmokeTest/Act1Demo/Main/ZoneHost/Act1ConnectedWorld/village-main-road/BathEntranceUse shape=/root/Act1FacilitiesSmokeTest/Act1Demo/Main/ZoneHost/Act1ConnectedWorld/village-main-road/BathEntranceUse/SurfaceRay at=(-31.058605, 2.6341789, 5.785676) held= busy=False registering=False registered=True heldPosition= heldPoseValid=False light= targetState= targetVisible= targetConcealed= modal=False pause=False focused=True physicsEnabled=True treePaused=False inputFrame=3851/3851 interactPresses=35 feedback= pickupProbe=
zone-loaded: village_day@arrival connected-world=108548591549
SaveGameV3 restored.
act1-facilities: load attained save facilities-door-migrated1-open
act1-facilities: version-2 open load 1 keeps the same physical door pose
act1-facilities: pending action is finished before loading facilities-door-migrated1-open; camera=(-30.398098, 2.802876, 5.706607) ray=(-0.9624453, -0.24581423, 0.115214586) hit=/root/Act1FacilitiesSmokeTest/Act1Demo/Main/ZoneHost/Act1ConnectedWorld/village-main-road/BathEntranceUse shape=/root/Act1FacilitiesSmokeTest/Act1Demo/Main/ZoneHost/Act1ConnectedWorld/village-main-road/BathEntranceUse/SurfaceRay at=(-31.058605, 2.6341789, 5.785676) held= busy=False registering=False registered=True heldPosition= heldPoseValid=False light= targetState= targetVisible= targetConcealed= modal=False pause=False focused=True physicsEnabled=True treePaused=False inputFrame=3864/3865 interactPresses=35 feedback= pickupProbe=
zone-loaded: village_day@arrival connected-world=108548591549
SaveGameV3 restored.
act1-facilities: load attained save facilities-door-migrated1-open
act1-facilities: version-2 open load 2 keeps the same physical door pose
act1-facilities: previous facility action finishes; camera=(-30.398098, 2.802876, 5.706607) ray=(-0.9624453, -0.24581422, 0.11521458) hit=/root/Act1FacilitiesSmokeTest/Act1Demo/Main/ZoneHost/Act1ConnectedWorld/village-main-road/BathEntranceUse shape=/root/Act1FacilitiesSmokeTest/Act1Demo/Main/ZoneHost/Act1ConnectedWorld/village-main-road/BathEntranceUse/SurfaceRay at=(-31.058605, 2.6341789, 5.785676) held= busy=False registering=False registered=True heldPosition= heldPoseValid=False light= targetState= targetVisible= targetConcealed= modal=False pause=False focused=True physicsEnabled=True treePaused=False inputFrame=3877/3878 interactPresses=35 feedback= pickupProbe=
act1-facilities: actual available aim at BathEntranceUse; layer=4; camera=(-30.393524, 2.802876, 5.639697) ray=(-0.8499243, -0.47779265, -0.22213255) hit=/root/Act1FacilitiesSmokeTest/Act1Demo/Main/ZoneHost/Act1ConnectedWorld/village-main-road/BathEntranceUse shape=/root/Act1FacilitiesSmokeTest/Act1Demo/Main/ZoneHost/Act1ConnectedWorld/village-main-road/BathEntranceUse/SurfaceRay at=(-30.945568, 2.4925408, 5.4954166) held= busy=False registering=False registered=True heldPosition= heldPoseValid=False light= targetState= targetVisible= targetConcealed= modal=False pause=False focused=True physicsEnabled=True treePaused=False inputFrame=3880/3881 interactPresses=35 feedback= pickupProbe=
act1-facility-door: {"kind":"door-input-probe","phase":"before-input","target":"urman.chapter1:local/bathhouse/entrance","feet":"(-30.219376, 1.1028761, 5.685212)","velocity":"(0, 0, 0)","forward":0,"backward":0,"left":0,"right":0,"interact":0,"focus":true,"modal":false,"sessionReady":true,"noticeActive":false,"focusedInteraction":"urman.chapter1:local/bathhouse/entrance","transformRevision":42,"angle":1.43117,"actionNumber":6,"action":"{\u0022phase\u0022:\u0022received\u0022,\u0022key\u0022:\u0022bathhouse/entrance\u0022,\u0022busy\u0022:false,\u0022sessionReady\u0022:true,\u0022feet\u0022:\u0022(-30.219376, 1.1028761, 5.685212)\u0022,\u0022focus\u0022:true,\u0022forward\u0022:0,\u0022backward\u0022:0,\u0022left\u0022:0,\u0022right\u0022:0}","result":"committed","sweep":"{\u0022clear\u0022:true,\u0022samples\u0022:105,\u0022from\u0022:3.1415927,\u0022to\u0022:1.43117}","aim":"camera=(-30.393524, 2.802876, 5.639697) ray=(-0.8499243, -0.47779265, -0.22213255) hit=/root/Act1FacilitiesSmokeTest/Act1Demo/Main/ZoneHost/Act1ConnectedWorld/village-main-road/BathEntranceUse shape=/root/Act1FacilitiesSmokeTest/Act1Demo/Main/ZoneHost/Act1ConnectedWorld/village-main-road/BathEntranceUse/SurfaceRay at=(-30.945568, 2.4925408, 5.4954166) held= busy=False registering=False registered=True heldPosition= heldPoseValid=False light= targetState= targetVisible= targetConcealed= modal=False pause=False focused=True physicsEnabled=True treePaused=False inputFrame=3880/3881 interactPresses=35 feedback= pickupProbe="}
act1-facilities: BathEntranceUse: passive focus follows the actual door during a result notice
SaveGameV3 written to /Users/unterlantas/Library/Application Support/Godot/app_userdata/URMAN/savegames/checkpoint.savegame-v3.json
act1-facility-door: {"kind":"door-input-probe","phase":"after-input","target":"urman.chapter1:local/bathhouse/entrance","feet":"(-30.219376, 1.1028761, 5.685212)","velocity":"(0, 0, 0)","forward":0,"backward":0,"left":0,"right":0,"interact":0,"focus":true,"modal":false,"sessionReady":true,"noticeActive":true,"focusedInteraction":"urman.chapter1:local/bathhouse/entrance","transformRevision":42,"angle":1.5711699,"actionNumber":7,"action":"{\u0022phase\u0022:\u0022received\u0022,\u0022key\u0022:\u0022bathhouse/entrance\u0022,\u0022busy\u0022:false,\u0022sessionReady\u0022:true,\u0022feet\u0022:\u0022(-30.219376, 1.1028761, 5.685212)\u0022,\u0022focus\u0022:true,\u0022forward\u0022:0,\u0022backward\u0022:0,\u0022left\u0022:0,\u0022right\u0022:0}","result":"committed","sweep":"{\u0022clear\u0022:true,\u0022samples\u0022:105,\u0022from\u0022:1.43117,\u0022to\u0022:3.1415927}","aim":"camera=(-30.393524, 2.802876, 5.639697) ray=(-0.8499243, -0.47779265, -0.22213255) hit=/root/Act1FacilitiesSmokeTest/Act1Demo/Main/ZoneHost/Act1ConnectedWorld/village-main-road/BathEntranceUse shape=/root/Act1FacilitiesSmokeTest/Act1Demo/Main/ZoneHost/Act1ConnectedWorld/village-main-road/BathEntranceUse/SurfaceRay at=(-31.020182, 2.4505951, 5.475917) held= busy=False registering=False registered=True heldPosition= heldPoseValid=False light= targetState= targetVisible= targetConcealed= modal=False pause=False focused=True physicsEnabled=True treePaused=False inputFrame=3882/3886 interactPresses=36 feedback= pickupProbe="}
act1-facilities: BathEntranceUse: one deliberate mapped press reaches exactly one door callback
act1-facilities: facility transaction and existing checkpoint save finish; camera=(-30.393524, 2.802876, 5.639697) ray=(-0.8499243, -0.47779265, -0.22213255) hit=/root/Act1FacilitiesSmokeTest/Act1Demo/Main/ZoneHost/Act1ConnectedWorld/village-main-road/BathEntranceUse shape=/root/Act1FacilitiesSmokeTest/Act1Demo/Main/ZoneHost/Act1ConnectedWorld/village-main-road/BathEntranceUse/SurfaceRay at=(-31.020182, 2.4505951, 5.475917) held= busy=False registering=False registered=True heldPosition= heldPoseValid=False light= targetState= targetVisible= targetConcealed= modal=False pause=False focused=True physicsEnabled=True treePaused=False inputFrame=3882/3886 interactPresses=36 feedback= pickupProbe=
act1-facility-door: {"kind":"door-input-probe","phase":"after-transaction","target":"urman.chapter1:local/bathhouse/entrance","feet":"(-30.219376, 1.1028761, 5.685212)","velocity":"(0, 0, 0)","forward":0,"backward":0,"left":0,"right":0,"interact":0,"focus":true,"modal":false,"sessionReady":true,"noticeActive":true,"focusedInteraction":"urman.chapter1:local/bathhouse/entrance","transformRevision":42,"angle":1.7111697,"actionNumber":7,"action":"{\u0022phase\u0022:\u0022received\u0022,\u0022key\u0022:\u0022bathhouse/entrance\u0022,\u0022busy\u0022:false,\u0022sessionReady\u0022:true,\u0022feet\u0022:\u0022(-30.219376, 1.1028761, 5.685212)\u0022,\u0022focus\u0022:true,\u0022forward\u0022:0,\u0022backward\u0022:0,\u0022left\u0022:0,\u0022right\u0022:0}","result":"committed","sweep":"{\u0022clear\u0022:true,\u0022samples\u0022:105,\u0022from\u0022:1.43117,\u0022to\u0022:3.1415927}","aim":"camera=(-30.393524, 2.802876, 5.639697) ray=(-0.8499243, -0.47779265, -0.22213255) hit=/root/Act1FacilitiesSmokeTest/Act1Demo/Main/ZoneHost/Act1ConnectedWorld/village-main-road/BathEntranceUse shape=/root/Act1FacilitiesSmokeTest/Act1Demo/Main/ZoneHost/Act1ConnectedWorld/village-main-road/BathEntranceUse/SurfaceRay at=(-31.094202, 2.4089823, 5.4565706) held= busy=False registering=False registered=True heldPosition= heldPoseValid=False light= targetState= targetVisible= targetConcealed= modal=False pause=False focused=True physicsEnabled=True treePaused=False inputFrame=3882/3889 interactPresses=36 feedback= pickupProbe="}
act1-facility-door: {"kind":"door-input-probe","phase":"waiting-angle","target":"urman.chapter1:local/bathhouse/entrance","feet":"(-30.219376, 1.1028761, 5.685212)","velocity":"(0, 0, 0)","forward":0,"backward":0,"left":0,"right":0,"interact":0,"focus":true,"modal":false,"sessionReady":true,"noticeActive":true,"focusedInteraction":"","transformRevision":42,"angle":3.1415927,"actionNumber":7,"action":"{\u0022phase\u0022:\u0022received\u0022,\u0022key\u0022:\u0022bathhouse/entrance\u0022,\u0022busy\u0022:false,\u0022sessionReady\u0022:true,\u0022feet\u0022:\u0022(-30.219376, 1.1028761, 5.685212)\u0022,\u0022focus\u0022:true,\u0022forward\u0022:0,\u0022backward\u0022:0,\u0022left\u0022:0,\u0022right\u0022:0}","result":"committed","sweep":"{\u0022clear\u0022:true,\u0022samples\u0022:105,\u0022from\u0022:1.43117,\u0022to\u0022:3.1415927}","aim":"camera=(-30.393524, 2.802876, 5.639697) ray=(-0.8499243, -0.47779265, -0.22213255) hit= shape= at=(0, 0, 0) held= busy=False registering=False registered=True heldPosition= heldPoseValid=False light= targetState= targetVisible= targetConcealed= modal=False pause=False focused=True physicsEnabled=True treePaused=False inputFrame=3882/3920 interactPresses=36 feedback= pickupProbe="}
act1-facility-door: {"kind":"door-input-probe","phase":"finished-angle-wait","target":"urman.chapter1:local/bathhouse/entrance","feet":"(-30.219376, 1.1028761, 5.685212)","velocity":"(0, 0, 0)","forward":0,"backward":0,"left":0,"right":0,"interact":0,"focus":true,"modal":false,"sessionReady":true,"noticeActive":true,"focusedInteraction":"","transformRevision":42,"angle":3.1415927,"actionNumber":7,"action":"{\u0022phase\u0022:\u0022received\u0022,\u0022key\u0022:\u0022bathhouse/entrance\u0022,\u0022busy\u0022:false,\u0022sessionReady\u0022:true,\u0022feet\u0022:\u0022(-30.219376, 1.1028761, 5.685212)\u0022,\u0022focus\u0022:true,\u0022forward\u0022:0,\u0022backward\u0022:0,\u0022left\u0022:0,\u0022right\u0022:0}","result":"committed","sweep":"{\u0022clear\u0022:true,\u0022samples\u0022:105,\u0022from\u0022:1.43117,\u0022to\u0022:3.1415927}","aim":"camera=(-30.393524, 2.802876, 5.639697) ray=(-0.8499243, -0.47779265, -0.22213255) hit= shape= at=(0, 0, 0) held= busy=False registering=False registered=True heldPosition= heldPoseValid=False light= targetState= targetVisible= targetConcealed= modal=False pause=False focused=True physicsEnabled=True treePaused=False inputFrame=3882/3920 interactPresses=36 feedback= pickupProbe="}
act1-facilities: close the normally operated door after old/new save migration cases
act1-facilities: pending action is finished before loading facilities-pristine; camera=(-30.393524, 2.802876, 5.639697) ray=(-0.8499243, -0.47779265, -0.22213255) hit= shape= at=(0, 0, 0) held= busy=False registering=False registered=True heldPosition= heldPoseValid=False light= targetState= targetVisible= targetConcealed= modal=False pause=False focused=True physicsEnabled=True treePaused=False inputFrame=3882/3920 interactPresses=36 feedback= pickupProbe=
zone-loaded: village_day@arrival connected-world=108548591549
SaveGameV3 restored.
act1-facilities: load attained save facilities-pristine
act1-facilities: pristine load resets consumed resources, condensation and future notebook entry
act1-facilities: supported local start fits standing capsule: outside the unchanged village mosque complex
act1-facilities: local start settles on real support: outside the unchanged village mosque complex
mosque-foundation: PASS; 82 actual perimeter observations; /Users/unterlantas/Documents/GitHub/URMAN/docs/production/act1_takeover_evidence_2026-09-16/images-facilities-09/mosque-foundation-geometry.json
act1-facilities: the existing mosque plinth reaches actual terrain with one matching contact and unchanged floor and footprint
state-final-render-sync-begin: label=facility/08_mosque_entrance tick=94885 drawn=5886 process=5886 physics=3947 windowVisible=True focus=True mode=Windowed renderLoop=True
state-final-render-sync-end: label=facility/08_mosque_entrance milliseconds=9 forcedScreenshotRender=False
act1-visible-surface: facility/08_mosque_entrance/plaster-block-owner pixel=(0.55, 0.4) distance=3.220 point=(-46.431927, 4.9260154, -38.8) mesh=/root/Act1FacilitiesSmokeTest/Act1Demo/Main/ZoneHost/Act1ConnectedWorld/Act1CoreWorldGreybox/VillageMosqueComplex/MosqueYardGateLeft triangle=2 vertices=[(-46, 5.7522955, -38.8);(-47.1, 5.7522955, -38.8);(-46, 4.2522955, -38.8)] shader= snow=0.41999998688698
act1-visible-surface: facility/08_mosque_entrance/plaster-block-owner pixel=(0.55, 0.4) distance=5.024 point=(-47.225, 5.8022985, -37.437843) mesh=/root/Act1FacilitiesSmokeTest/Act1Demo/Main/ZoneHost/Act1ConnectedWorld/Act1CoreWorldGreybox/VillageMosqueComplex/MosqueHallEastLeft triangle=5 vertices=[(-47.225, 9.452295, -39.25);(-47.225, 4.2522955, -39.25);(-47.225, 4.2522955, -35.85)] shader= snow=0.41999998688698
act1-visible-surface: facility/08_mosque_entrance/plaster-block-owner pixel=(0.55, 0.4) distance=9.696 point=(-49.27944, 8.072296, -33.909203) mesh=/root/Act1FacilitiesSmokeTest/Act1Demo/Main/ZoneHost/Act1ConnectedWorld/Act1CoreWorldGreybox/VillageMosqueComplex/MosqueInterior/MosqueCeiling triangle=11 vertices=[(-47.775, 8.072295, -31.025);(-47.775, 8.072295, -38.975);(-58.225, 8.072295, -38.975)] shader= snow=0.41999998688698
act1-visible-surface: facility/08_mosque_entrance/plaster-block-owner pixel=(0.55, 0.5) distance=2.989 point=(-46.403595, 4.4048104, -38.8) mesh=/root/Act1FacilitiesSmokeTest/Act1Demo/Main/ZoneHost/Act1ConnectedWorld/Act1CoreWorldGreybox/VillageMosqueComplex/MosqueYardGateLeft triangle=3 vertices=[(-47.1, 5.7522955, -38.8);(-47.1, 4.2522955, -38.8);(-46, 4.2522955, -38.8)] shader= snow=0.41999998688698
act1-visible-surface: facility/08_mosque_entrance/plaster-block-owner pixel=(0.55, 0.5) distance=4.757 point=(-47.225, 5.022456, -37.360374) mesh=/root/Act1FacilitiesSmokeTest/Act1Demo/Main/ZoneHost/Act1ConnectedWorld/Act1CoreWorldGreybox/VillageMosqueComplex/MosqueHallEastLeft triangle=5 vertices=[(-47.225, 9.452295, -39.25);(-47.225, 4.2522955, -39.25);(-47.225, 4.2522955, -35.85)] shader= snow=0.41999998688698
act1-visible-surface: facility/08_mosque_entrance/plaster-block-owner pixel=(0.55, 0.5) distance=12.542 point=(-50.83978, 7.7405424, -31.025) mesh=/root/Act1FacilitiesSmokeTest/Act1Demo/Main/ZoneHost/Act1ConnectedWorld/Act1CoreWorldGreybox/VillageMosqueComplex/MosqueInterior/MosqueWindowWall1Above triangle=3 vertices=[(-58.5, 9.482295, -31.025);(-58.5, 7.4322953, -31.025);(-47.5, 7.4322953, -31.025)] shader= snow=0.41999998688698
act1-facility-camera: {"kind":"native-game-camera","file":"/Users/unterlantas/Documents/GitHub/URMAN/docs/production/act1_takeover_evidence_2026-09-16/images-facilities-09/08_mosque_entrance.png","focus":true,"intendedAim":"(-47.46, 5.882295, -35)","cameraBefore":"[X: (-0.93096375, 0, -0.36511168), Y: (0.1286727, 0.9358419, -0.32809034), Z: (0.34168682, -0.35242012, -0.8712349), O: (-45.01572, 3.361217, -41.23243)]","cameraAfter":"[X: (-0.93096375, 0, -0.36511168), Y: (0.1286727, 0.9358419, -0.32809034), Z: (0.34168682, -0.35242012, -0.8712349), O: (-45.01572, 3.361217, -41.23243)]","cameraUnchangedDuringRender":true,"cameraTravel":0,"cameraForwardDot":1.0000001,"frameBefore":5886,"frameAfter":5886,"intendedAimDot":1,"humanArtReview":"not-run"}
act1-facilities: 08_mosque_entrance: the actual camera retains the intended view across the rendered frame
act1-facilities: climb the actual mosque entrance profile: point 1; actual=(-44.95, 1.8522111, -40.6614), expected=(-44.95, 1.887125, -40.6)
act1-facilities: climb the actual mosque entrance profile: point 2; actual=(-44.95, 4.7821755, -35.416893), expected=(-44.95, 4.817295, -35.35)
act1-facilities: climb the actual mosque entrance profile: point 3; actual=(-45.138523, 4.7821755, -35.29104), expected=(-45.2, 4.817295, -35.25)
act1-facility-stairs: {"kind":"mosque-actual-stairs","stepsClimbed":22,"lastStepRejection":"","feet":"(-45.138523, 4.7821755, -35.29104)"}
act1-facilities: the full entrance stair reaches the unchanged mosque floor before the door action
state-final-render-sync-begin: label=facility/08b_mosque_upper_landing tick=97566 drawn=6032 process=6032 physics=4097 windowVisible=True focus=True mode=Windowed renderLoop=True
state-final-render-sync-end: label=facility/08b_mosque_upper_landing milliseconds=7 forcedScreenshotRender=False
act1-facility-camera: {"kind":"native-game-camera","file":"/Users/unterlantas/Documents/GitHub/URMAN/docs/production/act1_takeover_evidence_2026-09-16/images-facilities-09/08b_mosque_upper_landing.png","focus":true,"intendedAim":"(-47.46, 5.882295, -35)","cameraBefore":"[X: (-0.12439517, 0, -0.9922328), Y: (-0.26533464, 0.9635824, 0.033264723), Z: (0.956098, 0.2674117, -0.11986499), O: (-45.317123, 6.4819183, -35.268646)]","cameraAfter":"[X: (-0.12439517, 0, -0.9922328), Y: (-0.26533464, 0.9635824, 0.033264723), Z: (0.956098, 0.2674117, -0.11986499), O: (-45.317123, 6.4819183, -35.268646)]","cameraUnchangedDuringRender":true,"cameraTravel":0,"cameraForwardDot":1,"frameBefore":6032,"frameAfter":6032,"intendedAimDot":1.0000001,"humanArtReview":"not-run"}
act1-facilities: 08b_mosque_upper_landing: the actual camera retains the intended view across the rendered frame
act1-facilities: previous facility action finishes; camera=(-45.317123, 6.4819183, -35.268646) ray=(-0.956098, -0.26741168, 0.11986499) hit=/root/Act1FacilitiesSmokeTest/Act1Demo/Main/ZoneHost/Act1ConnectedWorld/village-main-road/MosqueEntranceUse shape=/root/Act1FacilitiesSmokeTest/Act1Demo/Main/ZoneHost/Act1ConnectedWorld/village-main-road/MosqueEntranceUse/SurfaceRay at=(-47.4025, 5.8986588, -35.007206) held= busy=False registering=False registered=True heldPosition= heldPoseValid=False light= targetState= targetVisible= targetConcealed= modal=False pause=False focused=True physicsEnabled=True treePaused=False inputFrame=4097/4097 interactPresses=36 feedback= pickupProbe=
act1-facilities: actual available aim at MosqueEntranceUse; layer=4; camera=(-45.317123, 6.481997, -35.268646) ray=(-0.9560667, -0.26752612, 0.11985933) hit=/root/Act1FacilitiesSmokeTest/Act1Demo/Main/ZoneHost/Act1ConnectedWorld/village-main-road/MosqueEntranceUse shape=/root/Act1FacilitiesSmokeTest/Act1Demo/Main/ZoneHost/Act1ConnectedWorld/village-main-road/MosqueEntranceUse/SurfaceRay at=(-47.4025, 5.898468, -35.00721) held= busy=False registering=False registered=True heldPosition= heldPoseValid=False light= targetState= targetVisible= targetConcealed= modal=False pause=False focused=True physicsEnabled=True treePaused=False inputFrame=4099/4100 interactPresses=36 feedback= pickupProbe=
act1-facility-door: {"kind":"door-input-probe","phase":"before-input","target":"urman.chapter1:local/mosque/entrance","feet":"(-45.138523, 4.7821755, -35.29104)","velocity":"(0, 0, 0)","forward":0,"backward":0,"left":0,"right":0,"interact":0,"focus":true,"modal":false,"sessionReady":true,"noticeActive":false,"focusedInteraction":"urman.chapter1:local/mosque/entrance","transformRevision":45,"angle":0,"actionNumber":0,"action":"not-called","result":"not-called","sweep":"not-called","aim":"camera=(-45.317123, 6.481997, -35.268646) ray=(-0.9560667, -0.26752612, 0.11985933) hit=/root/Act1FacilitiesSmokeTest/Act1Demo/Main/ZoneHost/Act1ConnectedWorld/village-main-road/MosqueEntranceUse shape=/root/Act1FacilitiesSmokeTest/Act1Demo/Main/ZoneHost/Act1ConnectedWorld/village-main-road/MosqueEntranceUse/SurfaceRay at=(-47.4025, 5.898468, -35.00721) held= busy=False registering=False registered=True heldPosition= heldPoseValid=False light= targetState= targetVisible= targetConcealed= modal=False pause=False focused=True physicsEnabled=True treePaused=False inputFrame=4099/4100 interactPresses=36 feedback= pickupProbe="}
act1-facilities: MosqueEntranceUse: passive focus follows the actual door during a result notice
act1-facility-door: {"kind":"door-input-probe","phase":"after-input","target":"urman.chapter1:local/mosque/entrance","feet":"(-45.138523, 4.7821755, -35.29104)","velocity":"(0, 0, 0)","forward":0,"backward":0,"left":0,"right":0,"interact":0,"focus":true,"modal":false,"sessionReady":true,"noticeActive":true,"focusedInteraction":"urman.chapter1:local/mosque/entrance","transformRevision":45,"angle":-0.14,"actionNumber":1,"action":"{\u0022phase\u0022:\u0022received\u0022,\u0022key\u0022:\u0022mosque/entrance\u0022,\u0022busy\u0022:false,\u0022sessionReady\u0022:true,\u0022feet\u0022:\u0022(-45.138523, 4.7821755, -35.29104)\u0022,\u0022focus\u0022:true,\u0022forward\u0022:0,\u0022backward\u0022:0,\u0022left\u0022:0,\u0022right\u0022:0}","result":"received","sweep":"{\u0022clear\u0022:true,\u0022samples\u0022:133,\u0022from\u0022:0,\u0022to\u0022:-1.6580628}","aim":"camera=(-45.317123, 6.482104, -35.268646) ray=(-0.9560667, -0.26752612, 0.11985933) hit=/root/Act1FacilitiesSmokeTest/Act1Demo/Main/ZoneHost/Act1ConnectedWorld/village-main-road/MosqueEntranceUse shape=/root/Act1FacilitiesSmokeTest/Act1Demo/Main/ZoneHost/Act1ConnectedWorld/village-main-road/MosqueEntranceUse/SurfaceRay at=(-47.504177, 5.8701243, -34.994465) held= busy=False registering=False registered=True heldPosition= heldPoseValid=False light= targetState= targetVisible= targetConcealed= modal=False pause=False focused=True physicsEnabled=True treePaused=False inputFrame=4101/4105 interactPresses=37 feedback= pickupProbe="}
act1-facilities: MosqueEntranceUse: one deliberate mapped press reaches exactly one door callback
SaveGameV3 written to /Users/unterlantas/Library/Application Support/Godot/app_userdata/URMAN/savegames/checkpoint.savegame-v3.json
act1-facilities: facility transaction and existing checkpoint save finish; camera=(-45.317123, 6.4821157, -35.268646) ray=(-0.9560667, -0.26752612, 0.11985933) hit=/root/Act1FacilitiesSmokeTest/Act1Demo/Main/ZoneHost/Act1ConnectedWorld/village-main-road/MosqueEntranceUse shape=/root/Act1FacilitiesSmokeTest/Act1Demo/Main/ZoneHost/Act1ConnectedWorld/village-main-road/MosqueEntranceUse/SurfaceRay at=(-47.539345, 5.860295, -34.99005) held= busy=False registering=False registered=True heldPosition= heldPoseValid=False light= targetState= targetVisible= targetConcealed= modal=False pause=False focused=True physicsEnabled=True treePaused=False inputFrame=4101/4106 interactPresses=37 feedback= pickupProbe=
act1-facility-door: {"kind":"door-input-probe","phase":"after-transaction","target":"urman.chapter1:local/mosque/entrance","feet":"(-45.138523, 4.7821755, -35.29104)","velocity":"(0, 0, 0)","forward":0,"backward":0,"left":0,"right":0,"interact":0,"focus":true,"modal":false,"sessionReady":true,"noticeActive":true,"focusedInteraction":"urman.chapter1:local/mosque/entrance","transformRevision":45,"angle":-0.32666665,"actionNumber":1,"action":"{\u0022phase\u0022:\u0022received\u0022,\u0022key\u0022:\u0022mosque/entrance\u0022,\u0022busy\u0022:false,\u0022sessionReady\u0022:true,\u0022feet\u0022:\u0022(-45.138523, 4.7821755, -35.29104)\u0022,\u0022focus\u0022:true,\u0022forward\u0022:0,\u0022backward\u0022:0,\u0022left\u0022:0,\u0022right\u0022:0}","result":"committed","sweep":"{\u0022clear\u0022:true,\u0022samples\u0022:133,\u0022from\u0022:0,\u0022to\u0022:-1.6580628}","aim":"camera=(-45.317123, 6.482141, -35.268646) ray=(-0.9560667, -0.26752612, 0.11985933) hit=/root/Act1FacilitiesSmokeTest/Act1Demo/Main/ZoneHost/Act1ConnectedWorld/village-main-road/MosqueEntranceUse shape=/root/Act1FacilitiesSmokeTest/Act1Demo/Main/ZoneHost/Act1ConnectedWorld/village-main-road/MosqueEntranceUse/SurfaceRay at=(-47.65136, 5.8289766, -34.976006) held= busy=False registering=False registered=True heldPosition= heldPoseValid=False light= targetState= targetVisible= targetConcealed= modal=False pause=False focused=True physicsEnabled=True treePaused=False inputFrame=4101/4109 interactPresses=37 feedback= pickupProbe="}
act1-facility-door: {"kind":"door-input-probe","phase":"finished-angle-wait","target":"urman.chapter1:local/mosque/entrance","feet":"(-45.138523, 4.7821755, -35.29104)","velocity":"(0, 0, 0)","forward":0,"backward":0,"left":0,"right":0,"interact":0,"focus":true,"modal":false,"sessionReady":true,"noticeActive":true,"focusedInteraction":"","transformRevision":45,"angle":-1.6580628,"actionNumber":1,"action":"{\u0022phase\u0022:\u0022received\u0022,\u0022key\u0022:\u0022mosque/entrance\u0022,\u0022busy\u0022:false,\u0022sessionReady\u0022:true,\u0022feet\u0022:\u0022(-45.138523, 4.7821755, -35.29104)\u0022,\u0022focus\u0022:true,\u0022forward\u0022:0,\u0022backward\u0022:0,\u0022left\u0022:0,\u0022right\u0022:0}","result":"committed","sweep":"{\u0022clear\u0022:true,\u0022samples\u0022:133,\u0022from\u0022:0,\u0022to\u0022:-1.6580628}","aim":"camera=(-45.317123, 6.4821754, -35.268646) ray=(-0.9560667, -0.26752612, 0.11985933) hit= shape= at=(0, 0, 0) held= busy=False registering=False registered=True heldPosition= heldPoseValid=False light= targetState= targetVisible= targetConcealed= modal=False pause=False focused=True physicsEnabled=True treePaused=False inputFrame=4101/4138 interactPresses=37 feedback= pickupProbe="}
act1-facilities: full inward mosque leaf opens by a real aimed action without hitting the landing guards
act1-facilities: cross the actual mosque doorway from the upper landing; actual=(-48.311466, 4.7821755, -35.250492), expected=(-48.35, 4.782295, -35.25)
act1-facilities: physical mosque entry selects its indoor state
act1-facilities: physical room presentation follows the actual player; camera=(-48.49145, 6.4821754, -35.2482) ray=(-0.9999188, -0, 0.012742457) hit= shape= at=(0, 0, 0) held= busy=False registering=False registered=True heldPosition= heldPoseValid=False light= targetState= targetVisible= targetConcealed= modal=False pause=False focused=True physicsEnabled=True treePaused=False inputFrame=4101/4198 interactPresses=37 feedback= pickupProbe=
act1-facilities: actual snow emission and visibility follow shelter: mosque
act1-facilities: existing two-player ambience owner selects the indoor bed and returns to the village bed
act1-facilities: ambient crossfade reaches one active native playback without an extra owner; camera=(-48.49145, 6.4821754, -35.2482) ray=(-0.9999188, -0, 0.012742457) hit= shape= at=(0, 0, 0) held= busy=False registering=False registered=True heldPosition= heldPoseValid=False light= targetState= targetVisible= targetConcealed= modal=False pause=False focused=True physicsEnabled=True treePaused=False inputFrame=4101/4223 interactPresses=37 feedback= pickupProbe=
act1-facilities: approach the shoe bench inside the vestibule; actual=(-48.692112, 4.7821755, -33.53555), expected=(-48.7, 4.782295, -33.5)
state-final-render-sync-begin: label=facility/09_mosque_vestibule tick=100446 drawn=6317 process=6317 physics=4264 windowVisible=True focus=True mode=Windowed renderLoop=True
state-final-render-sync-end: label=facility/09_mosque_vestibule milliseconds=9 forcedScreenshotRender=False
act1-facility-camera: {"kind":"native-game-camera","file":"/Users/unterlantas/Documents/GitHub/URMAN/docs/production/act1_takeover_evidence_2026-09-16/images-facilities-09/09_mosque_vestibule.png","focus":true,"intendedAim":"(-49.35, 5.632295, -32.1)","cameraBefore":"[X: (-0.9090837, 0, -0.41661352), Y: (-0.21628872, 0.8546776, 0.4719591), Z: (0.35607022, 0.51915914, -0.7769735), O: (-48.7671, 6.4821754, -33.371914)]","cameraAfter":"[X: (-0.9090837, 0, -0.41661352), Y: (-0.21628872, 0.8546776, 0.4719591), Z: (0.35607022, 0.51915914, -0.7769735), O: (-48.7671, 6.4821754, -33.371914)]","cameraUnchangedDuringRender":true,"cameraTravel":0,"cameraForwardDot":1,"frameBefore":6317,"frameAfter":6317,"intendedAimDot":1,"humanArtReview":"not-run"}
act1-facilities: 09_mosque_vestibule: the actual camera retains the intended view across the rendered frame
act1-facilities: previous facility action finishes; camera=(-48.7671, 6.4821754, -33.371914) ray=(-0.35607022, -0.51915914, 0.7769735) hit=/root/Act1FacilitiesSmokeTest/Act1Demo/Main/ZoneHost/Act1ConnectedWorld/village-main-road/MosqueVisit shape=/root/Act1FacilitiesSmokeTest/Act1Demo/Main/ZoneHost/Act1ConnectedWorld/village-main-road/MosqueVisit/SurfaceRay at=(-49.350002, 5.632295, -32.099983) held= busy=False registering=False registered=True heldPosition= heldPoseValid=False light= targetState= targetVisible= targetConcealed= modal=False pause=False focused=True physicsEnabled=True treePaused=False inputFrame=4264/4264 interactPresses=37 feedback= pickupProbe=
act1-facilities: actual available aim at MosqueVisit; layer=4; camera=(-48.7671, 6.4821754, -33.371914) ray=(-0.33666617, -0.58905125, 0.7346254) hit=/root/Act1FacilitiesSmokeTest/Act1Demo/Main/ZoneHost/Act1ConnectedWorld/village-main-road/MosqueVisit shape=/root/Act1FacilitiesSmokeTest/Act1Demo/Main/ZoneHost/Act1ConnectedWorld/village-main-road/MosqueVisit/SurfaceRay at=(-49.252842, 5.632295, -32.312) held= busy=False registering=False registered=True heldPosition= heldPoseValid=False light= targetState= targetVisible= targetConcealed= modal=False pause=False focused=True physicsEnabled=True treePaused=False inputFrame=4266/4267 interactPresses=37 feedback= pickupProbe=
[13] journal.changed: urman.chapter1:interaction/mosque-visit
act1-facilities: facility transaction and existing checkpoint save finish; camera=(-48.7671, 6.4821754, -33.371914) ray=(-0.33666617, -0.58905125, 0.7346254) hit=/root/Act1FacilitiesSmokeTest/Act1Demo/Main/ZoneHost/Act1ConnectedWorld/Act1CoreWorldGreybox/VillageMosqueComplex/MosqueInterior/MosqueShoeShelf0Body shape=/root/Act1FacilitiesSmokeTest/Act1Demo/Main/ZoneHost/Act1ConnectedWorld/Act1CoreWorldGreybox/VillageMosqueComplex/MosqueInterior/MosqueShoeShelf0Body/Contact at=(-49.650063, 4.9372954, -31.445244) held= busy=False registering=False registered=True heldPosition= heldPoseValid=False light= targetState= targetVisible= targetConcealed= modal=False pause=False focused=True physicsEnabled=True treePaused=False inputFrame=4271/4272 interactPresses=38 feedback= pickupProbe=
SaveGameV3 written to /Users/unterlantas/Library/Application Support/Godot/app_userdata/URMAN/savegames/checkpoint.savegame-v3.json
checkpoint: auto-saved at urman.chapter1:scene/arrival_vehicle_dusk
act1-facilities: actual vestibule observation enters the personal notebook once; camera=(-48.7671, 6.4821754, -33.371914) ray=(-0.33666617, -0.58905125, 0.7346254) hit=/root/Act1FacilitiesSmokeTest/Act1Demo/Main/ZoneHost/Act1ConnectedWorld/Act1CoreWorldGreybox/VillageMosqueComplex/MosqueInterior/MosqueShoeShelf0Body shape=/root/Act1FacilitiesSmokeTest/Act1Demo/Main/ZoneHost/Act1ConnectedWorld/Act1CoreWorldGreybox/VillageMosqueComplex/MosqueInterior/MosqueShoeShelf0Body/Contact at=(-49.650063, 4.9372954, -31.445244) held= busy=False registering=False registered=True heldPosition= heldPoseValid=False light= targetState= targetVisible= targetConcealed= modal=False pause=False focused=True physicsEnabled=True treePaused=False inputFrame=4274/4275 interactPresses=38 feedback= pickupProbe=
act1-facilities: the observation leaves ordinary control active until the player opens the notebook
act1-facilities: mapped journal action opens the notebook; camera=(-48.7671, 6.4821754, -33.371914) ray=(-0.33666617, -0.58905125, 0.7346254) hit=/root/Act1FacilitiesSmokeTest/Act1Demo/Main/ZoneHost/Act1ConnectedWorld/Act1CoreWorldGreybox/VillageMosqueComplex/MosqueInterior/MosqueShoeShelf0Body shape=/root/Act1FacilitiesSmokeTest/Act1Demo/Main/ZoneHost/Act1ConnectedWorld/Act1CoreWorldGreybox/VillageMosqueComplex/MosqueInterior/MosqueShoeShelf0Body/Contact at=(-49.650063, 4.9372954, -31.445244) held= busy=False registering=False registered=True heldPosition= heldPoseValid=False light= targetState= targetVisible= targetConcealed= modal=True pause=False focused=True physicsEnabled=True treePaused=False inputFrame=4276/4280 interactPresses=38 feedback= pickupProbe=
act1-facilities: the selected actual notebook entry displays its authored observation
state-final-render-sync-begin: label=facility/09a_mosque_observation_notebook tick=100905 drawn=6329 process=6329 physics=4284 windowVisible=True focus=True mode=Windowed renderLoop=True
state-final-render-sync-end: label=facility/09a_mosque_observation_notebook milliseconds=12 forcedScreenshotRender=False
act1-facility-camera: {"kind":"native-game-camera","file":"/Users/unterlantas/Documents/GitHub/URMAN/docs/production/act1_takeover_evidence_2026-09-16/images-facilities-09/09a_mosque_observation_notebook.png","focus":true,"intendedAim":null,"cameraBefore":"[X: (-0.90908223, 0, -0.41661677), Y: (-0.24540864, 0.8080957, 0.53549606), Z: (0.3366662, 0.5890513, -0.73462546), O: (-48.7671, 6.4821754, -33.371914)]","cameraAfter":"[X: (-0.90908223, 0, -0.41661677), Y: (-0.24540864, 0.8080957, 0.53549606), Z: (0.3366662, 0.5890513, -0.73462546), O: (-48.7671, 6.4821754, -33.371914)]","cameraUnchangedDuringRender":true,"cameraTravel":0,"cameraForwardDot":1.0000001,"frameBefore":6329,"frameAfter":6329,"intendedAimDot":null,"humanArtReview":"not-run"}
act1-facilities: close the notebook through its production button; camera=(-48.7671, 6.4821754, -33.371914) ray=(-0.33666617, -0.58905125, 0.7346254) hit=/root/Act1FacilitiesSmokeTest/Act1Demo/Main/ZoneHost/Act1ConnectedWorld/Act1CoreWorldGreybox/VillageMosqueComplex/MosqueInterior/MosqueShoeShelf0Body shape=/root/Act1FacilitiesSmokeTest/Act1Demo/Main/ZoneHost/Act1ConnectedWorld/Act1CoreWorldGreybox/VillageMosqueComplex/MosqueInterior/MosqueShoeShelf0Body/Contact at=(-49.650063, 4.9372954, -31.445244) held= busy=False registering=False registered=True heldPosition= heldPoseValid=False light= targetState= targetVisible= targetConcealed= modal=False pause=False focused=True physicsEnabled=True treePaused=False inputFrame=4276/4284 interactPresses=38 feedback= pickupProbe=
act1-facilities: reading the saved observation creates no duplicate notebook entry
act1-facilities: return to the vestibule opening; actual=(-49.31907, 4.7821755, -34.931156), expected=(-49.35, 4.782295, -35)
act1-facilities: enter the mosque hall through the partition opening; actual=(-51.75478, 4.7821755, -34.998745), expected=(-51.8, 4.782295, -35)
act1-facilities: existing Timur and his existing conversation share the indoor physical anchor
state-final-render-sync-begin: label=facility/09_mosque_hall_timur tick=102297 drawn=6476 process=6476 physics=4365 windowVisible=True focus=True mode=Windowed renderLoop=True
state-final-render-sync-end: label=facility/09_mosque_hall_timur milliseconds=15 forcedScreenshotRender=False
act1-facility-camera: {"kind":"native-game-camera","file":"/Users/unterlantas/Documents/GitHub/URMAN/docs/production/act1_takeover_evidence_2026-09-16/images-facilities-09/09_mosque_hall_timur.png","focus":true,"intendedAim":null,"cameraBefore":"[X: (0.8966489, 0, -0.4427425), Y: (-0.07762496, 0.9845102, -0.15720725), Z: (0.43588445, 0.17532757, 0.88275987), O: (-51.834473, 6.4821754, -35.16014)]","cameraAfter":"[X: (0.8966489, 0, -0.4427425), Y: (-0.07762496, 0.9845102, -0.15720725), Z: (0.43588445, 0.17532757, 0.88275987), O: (-51.834473, 6.4821754, -35.16014)]","cameraUnchangedDuringRender":true,"cameraTravel":0,"cameraForwardDot":1,"frameBefore":6476,"frameAfter":6476,"intendedAimDot":null,"humanArtReview":"not-run"}
act1-facilities: hall offers actual floor and head clearance
act1-facilities: return through the hall opening; actual=(-49.43142, 4.7821755, -34.999958), expected=(-49.35, 4.782295, -35)
act1-facilities: leave the real doorway onto its supported exterior landing within reach of the inward leaf; actual=(-46.437958, 4.7821755, -35.242863), expected=(-46.35, 4.782295, -35.25)
act1-facilities: previous facility action finishes; camera=(-46.25855, 6.4821754, -35.257423) ray=(0.9967228, -0, -0.08089295) hit= shape= at=(0, 0, 0) held= busy=False registering=False registered=True heldPosition= heldPoseValid=False light= targetState= targetVisible= targetConcealed= modal=False pause=False focused=True physicsEnabled=True treePaused=False inputFrame=4467/4468 interactPresses=38 feedback= pickupProbe=
act1-facilities: actual available aim at MosqueEntranceUse; layer=4; camera=(-46.609863, 6.4821754, -35.296223) ray=(-0.8970042, -0.34330243, -0.2784365) hit=/root/Act1FacilitiesSmokeTest/Act1Demo/Main/ZoneHost/Act1ConnectedWorld/village-main-road/MosqueEntranceUse shape=/root/Act1FacilitiesSmokeTest/Act1Demo/Main/ZoneHost/Act1ConnectedWorld/village-main-road/MosqueEntranceUse/SurfaceRay at=(-47.91835, 5.9813914, -35.70238) held= busy=False registering=False registered=True heldPosition= heldPoseValid=False light= targetState= targetVisible= targetConcealed= modal=False pause=False focused=True physicsEnabled=True treePaused=False inputFrame=4470/4471 interactPresses=38 feedback= pickupProbe=
act1-facility-door: {"kind":"door-input-probe","phase":"before-input","target":"urman.chapter1:local/mosque/entrance","feet":"(-46.437958, 4.7821755, -35.242863)","velocity":"(0, 0, 0)","forward":0,"backward":0,"left":0,"right":0,"interact":0,"focus":true,"modal":false,"sessionReady":true,"noticeActive":false,"focusedInteraction":"urman.chapter1:local/mosque/entrance","transformRevision":45,"angle":-1.6580628,"actionNumber":1,"action":"{\u0022phase\u0022:\u0022received\u0022,\u0022key\u0022:\u0022mosque/entrance\u0022,\u0022busy\u0022:false,\u0022sessionReady\u0022:true,\u0022feet\u0022:\u0022(-45.138523, 4.7821755, -35.29104)\u0022,\u0022focus\u0022:true,\u0022forward\u0022:0,\u0022backward\u0022:0,\u0022left\u0022:0,\u0022right\u0022:0}","result":"committed","sweep":"{\u0022clear\u0022:true,\u0022samples\u0022:133,\u0022from\u0022:0,\u0022to\u0022:-1.6580628}","aim":"camera=(-46.609863, 6.4821754, -35.296223) ray=(-0.8970042, -0.34330243, -0.2784365) hit=/root/Act1FacilitiesSmokeTest/Act1Demo/Main/ZoneHost/Act1ConnectedWorld/village-main-road/MosqueEntranceUse shape=/root/Act1FacilitiesSmokeTest/Act1Demo/Main/ZoneHost/Act1ConnectedWorld/village-main-road/MosqueEntranceUse/SurfaceRay at=(-47.91835, 5.9813914, -35.70238) held= busy=False registering=False registered=True heldPosition= heldPoseValid=False light= targetState= targetVisible= targetConcealed= modal=False pause=False focused=True physicsEnabled=True treePaused=False inputFrame=4470/4471 interactPresses=38 feedback= pickupProbe="}
act1-facilities: MosqueEntranceUse: passive focus follows the actual door during a result notice
SaveGameV3 written to /Users/unterlantas/Library/Application Support/Godot/app_userdata/URMAN/savegames/checkpoint.savegame-v3.json
act1-facility-door: {"kind":"door-input-probe","phase":"after-input","target":"urman.chapter1:local/mosque/entrance","feet":"(-46.437958, 4.7821755, -35.242863)","velocity":"(0, 0, 0)","forward":0,"backward":0,"left":0,"right":0,"interact":0,"focus":true,"modal":false,"sessionReady":true,"noticeActive":true,"focusedInteraction":"urman.chapter1:local/mosque/entrance","transformRevision":45,"angle":-1.518063,"actionNumber":2,"action":"{\u0022phase\u0022:\u0022received\u0022,\u0022key\u0022:\u0022mosque/entrance\u0022,\u0022busy\u0022:false,\u0022sessionReady\u0022:true,\u0022feet\u0022:\u0022(-46.437958, 4.7821755, -35.242863)\u0022,\u0022focus\u0022:true,\u0022forward\u0022:0,\u0022backward\u0022:0,\u0022left\u0022:0,\u0022right\u0022:0}","result":"committed","sweep":"{\u0022clear\u0022:true,\u0022samples\u0022:133,\u0022from\u0022:-1.6580628,\u0022to\u0022:0}","aim":"camera=(-46.609863, 6.4821754, -35.296223) ray=(-0.8970042, -0.34330243, -0.2784365) hit=/root/Act1FacilitiesSmokeTest/Act1Demo/Main/ZoneHost/Act1ConnectedWorld/village-main-road/MosqueEntranceUse shape=/root/Act1FacilitiesSmokeTest/Act1Demo/Main/ZoneHost/Act1ConnectedWorld/village-main-road/MosqueEntranceUse/SurfaceRay at=(-47.7417, 6.048998, -35.647552) held= busy=False registering=False registered=True heldPosition= heldPoseValid=False light= targetState= targetVisible= targetConcealed= modal=False pause=False focused=True physicsEnabled=True treePaused=False inputFrame=4472/4476 interactPresses=39 feedback= pickupProbe="}
act1-facilities: MosqueEntranceUse: one deliberate mapped press reaches exactly one door callback
act1-facilities: facility transaction and existing checkpoint save finish; camera=(-46.609863, 6.4821754, -35.296223) ray=(-0.8970042, -0.34330243, -0.2784365) hit=/root/Act1FacilitiesSmokeTest/Act1Demo/Main/ZoneHost/Act1ConnectedWorld/village-main-road/MosqueEntranceUse shape=/root/Act1FacilitiesSmokeTest/Act1Demo/Main/ZoneHost/Act1ConnectedWorld/village-main-road/MosqueEntranceUse/SurfaceRay at=(-47.7417, 6.048998, -35.647552) held= busy=False registering=False registered=True heldPosition= heldPoseValid=False light= targetState= targetVisible= targetConcealed= modal=False pause=False focused=True physicsEnabled=True treePaused=False inputFrame=4472/4476 interactPresses=39 feedback= pickupProbe=
act1-facility-door: {"kind":"door-input-probe","phase":"after-transaction","target":"urman.chapter1:local/mosque/entrance","feet":"(-46.437958, 4.7821755, -35.242863)","velocity":"(0, 0, 0)","forward":0,"backward":0,"left":0,"right":0,"interact":0,"focus":true,"modal":false,"sessionReady":true,"noticeActive":true,"focusedInteraction":"urman.chapter1:local/mosque/entrance","transformRevision":45,"angle":-1.3780631,"actionNumber":2,"action":"{\u0022phase\u0022:\u0022received\u0022,\u0022key\u0022:\u0022mosque/entrance\u0022,\u0022busy\u0022:false,\u0022sessionReady\u0022:true,\u0022feet\u0022:\u0022(-46.437958, 4.7821755, -35.242863)\u0022,\u0022focus\u0022:true,\u0022forward\u0022:0,\u0022backward\u0022:0,\u0022left\u0022:0,\u0022right\u0022:0}","result":"committed","sweep":"{\u0022clear\u0022:true,\u0022samples\u0022:133,\u0022from\u0022:-1.6580628,\u0022to\u0022:0}","aim":"camera=(-46.609863, 6.4821754, -35.296223) ray=(-0.8970042, -0.34330243, -0.2784365) hit=/root/Act1FacilitiesSmokeTest/Act1Demo/Main/ZoneHost/Act1ConnectedWorld/village-main-road/MosqueEntranceUse shape=/root/Act1FacilitiesSmokeTest/Act1Demo/Main/ZoneHost/Act1ConnectedWorld/village-main-road/MosqueEntranceUse/SurfaceRay at=(-47.660393, 6.080116, -35.62231) held= busy=False registering=False registered=True heldPosition= heldPoseValid=False light= targetState= targetVisible= targetConcealed= modal=False pause=False focused=True physicsEnabled=True treePaused=False inputFrame=4472/4479 interactPresses=39 feedback= pickupProbe="}
act1-facility-door: {"kind":"door-input-probe","phase":"finished-angle-wait","target":"urman.chapter1:local/mosque/entrance","feet":"(-46.437958, 4.7821755, -35.242863)","velocity":"(0, 0, 0)","forward":0,"backward":0,"left":0,"right":0,"interact":0,"focus":true,"modal":false,"sessionReady":true,"noticeActive":true,"focusedInteraction":"urman.chapter1:local/mosque/entrance","transformRevision":45,"angle":0,"actionNumber":2,"action":"{\u0022phase\u0022:\u0022received\u0022,\u0022key\u0022:\u0022mosque/entrance\u0022,\u0022busy\u0022:false,\u0022sessionReady\u0022:true,\u0022feet\u0022:\u0022(-46.437958, 4.7821755, -35.242863)\u0022,\u0022focus\u0022:true,\u0022forward\u0022:0,\u0022backward\u0022:0,\u0022left\u0022:0,\u0022right\u0022:0}","result":"committed","sweep":"{\u0022clear\u0022:true,\u0022samples\u0022:133,\u0022from\u0022:-1.6580628,\u0022to\u0022:0}","aim":"camera=(-46.609863, 6.4821754, -35.296223) ray=(-0.8970042, -0.34330243, -0.2784365) hit=/root/Act1FacilitiesSmokeTest/Act1Demo/Main/ZoneHost/Act1ConnectedWorld/village-main-road/MosqueEntranceUse shape=/root/Act1FacilitiesSmokeTest/Act1Demo/Main/ZoneHost/Act1ConnectedWorld/village-main-road/MosqueEntranceUse/SurfaceRay at=(-47.4025, 6.1788173, -35.542263) held= busy=False registering=False registered=True heldPosition= heldPoseValid=False light= targetState= targetVisible= targetConcealed= modal=False pause=False focused=True physicsEnabled=True treePaused=False inputFrame=4472/4509 interactPresses=39 feedback= pickupProbe="}
act1-facilities: attain ordinary inward mosque door closed before migration
SaveGameV3 written to /Users/unterlantas/Library/Application Support/Godot/app_userdata/URMAN/savegames/facilities-mosque-door-v1-closed.savegame-v3.json
act1-facilities: save attained version-1 mosque door closed
act1-facilities: mosque angle and geometry version use one normal save transaction
act1-facilities: pending action is finished before loading facilities-mosque-door-legacy-closed; camera=(-46.609863, 6.4821754, -35.296223) ray=(-0.8970042, -0.34330243, -0.2784365) hit=/root/Act1FacilitiesSmokeTest/Act1Demo/Main/ZoneHost/Act1ConnectedWorld/village-main-road/MosqueEntranceUse shape=/root/Act1FacilitiesSmokeTest/Act1Demo/Main/ZoneHost/Act1ConnectedWorld/village-main-road/MosqueEntranceUse/SurfaceRay at=(-47.4025, 6.1788173, -35.542263) held= busy=False registering=False registered=True heldPosition= heldPoseValid=False light= targetState= targetVisible= targetConcealed= modal=False pause=False focused=True physicsEnabled=True treePaused=False inputFrame=4472/4512 interactPresses=39 feedback= pickupProbe=
zone-loaded: village_day@arrival connected-world=108548591549
SaveGameV3 restored.
act1-facilities: load attained save facilities-mosque-door-legacy-closed
act1-facilities: legacy mosque closed load 1 projects inward once without rewriting the snapshot
act1-facilities: mosque migration leaves the original legacy slot bytes intact
act1-facilities: pending action is finished before loading facilities-mosque-door-legacy-closed; camera=(-46.609863, 6.482176, -35.296223) ray=(-0.8970041, -0.34330246, -0.27843663) hit=/root/Act1FacilitiesSmokeTest/Act1Demo/Main/ZoneHost/Act1ConnectedWorld/village-main-road/MosqueEntranceUse shape=/root/Act1FacilitiesSmokeTest/Act1Demo/Main/ZoneHost/Act1ConnectedWorld/village-main-road/MosqueEntranceUse/SurfaceRay at=(-47.4025, 6.1788177, -35.542263) held= busy=False registering=False registered=True heldPosition= heldPoseValid=False light= targetState= targetVisible= targetConcealed= modal=False pause=False focused=True physicsEnabled=True treePaused=False inputFrame=4526/4526 interactPresses=39 feedback= pickupProbe=
zone-loaded: village_day@arrival connected-world=108548591549
SaveGameV3 restored.
act1-facilities: load attained save facilities-mosque-door-legacy-closed
act1-facilities: legacy mosque closed load 2 projects inward once without rewriting the snapshot
act1-facilities: mosque migration leaves the original legacy slot bytes intact
SaveGameV3 written to /Users/unterlantas/Library/Application Support/Godot/app_userdata/URMAN/savegames/facilities-mosque-door-migrated-closed.savegame-v3.json
act1-facilities: normal mosque save publishes projected angle and version together
act1-facilities: new negative mosque angle is explicitly versioned and cannot migrate twice
act1-facilities: pending action is finished before loading facilities-mosque-door-migrated-closed; camera=(-46.609863, 6.482176, -35.296223) ray=(-0.8970041, -0.34330246, -0.27843663) hit=/root/Act1FacilitiesSmokeTest/Act1Demo/Main/ZoneHost/Act1ConnectedWorld/village-main-road/MosqueEntranceUse shape=/root/Act1FacilitiesSmokeTest/Act1Demo/Main/ZoneHost/Act1ConnectedWorld/village-main-road/MosqueEntranceUse/SurfaceRay at=(-47.4025, 6.1788177, -35.542263) held= busy=False registering=False registered=True heldPosition= heldPoseValid=False light= targetState= targetVisible= targetConcealed= modal=False pause=False focused=True physicsEnabled=True treePaused=False inputFrame=4542/4542 interactPresses=39 feedback= pickupProbe=
zone-loaded: village_day@arrival connected-world=108548591549
SaveGameV3 restored.
act1-facilities: load attained save facilities-mosque-door-migrated-closed
act1-facilities: version-1 mosque closed load 1 retains its inward physical pose
act1-facilities: pending action is finished before loading facilities-mosque-door-migrated-closed; camera=(-46.609863, 6.482176, -35.296223) ray=(-0.8970041, -0.34330243, -0.27843672) hit=/root/Act1FacilitiesSmokeTest/Act1Demo/Main/ZoneHost/Act1ConnectedWorld/village-main-road/MosqueEntranceUse shape=/root/Act1FacilitiesSmokeTest/Act1Demo/Main/ZoneHost/Act1ConnectedWorld/village-main-road/MosqueEntranceUse/SurfaceRay at=(-47.4025, 6.1788177, -35.542263) held= busy=False registering=False registered=True heldPosition= heldPoseValid=False light= targetState= targetVisible= targetConcealed= modal=False pause=False focused=True physicsEnabled=True treePaused=False inputFrame=4555/4556 interactPresses=39 feedback= pickupProbe=
zone-loaded: village_day@arrival connected-world=108548591549
SaveGameV3 restored.
act1-facilities: load attained save facilities-mosque-door-migrated-closed
act1-facilities: version-1 mosque closed load 2 retains its inward physical pose
act1-facilities: previous facility action finishes; camera=(-46.609863, 6.482176, -35.296223) ray=(-0.8970041, -0.34330243, -0.27843672) hit=/root/Act1FacilitiesSmokeTest/Act1Demo/Main/ZoneHost/Act1ConnectedWorld/village-main-road/MosqueEntranceUse shape=/root/Act1FacilitiesSmokeTest/Act1Demo/Main/ZoneHost/Act1ConnectedWorld/village-main-road/MosqueEntranceUse/SurfaceRay at=(-47.4025, 6.1788177, -35.542263) held= busy=False registering=False registered=True heldPosition= heldPoseValid=False light= targetState= targetVisible= targetConcealed= modal=False pause=False focused=True physicsEnabled=True treePaused=False inputFrame=4568/4569 interactPresses=39 feedback= pickupProbe=
act1-facilities: actual available aim at MosqueEntranceUse; layer=4; camera=(-46.613083, 6.482176, -35.201256) ray=(-0.8011211, -0.56743073, 0.19033471) hit=/root/Act1FacilitiesSmokeTest/Act1Demo/Main/ZoneHost/Act1ConnectedWorld/village-main-road/MosqueEntranceUse shape=/root/Act1FacilitiesSmokeTest/Act1Demo/Main/ZoneHost/Act1ConnectedWorld/village-main-road/MosqueEntranceUse/SurfaceRay at=(-47.4025, 5.923036, -35.013702) held= busy=False registering=False registered=True heldPosition= heldPoseValid=False light= targetState= targetVisible= targetConcealed= modal=False pause=False focused=True physicsEnabled=True treePaused=False inputFrame=4571/4572 interactPresses=39 feedback= pickupProbe=
act1-facility-door: {"kind":"door-input-probe","phase":"before-input","target":"urman.chapter1:local/mosque/entrance","feet":"(-46.437958, 4.7821755, -35.242863)","velocity":"(0, 0, 0)","forward":0,"backward":0,"left":0,"right":0,"interact":0,"focus":true,"modal":false,"sessionReady":true,"noticeActive":false,"focusedInteraction":"urman.chapter1:local/mosque/entrance","transformRevision":53,"angle":0,"actionNumber":2,"action":"{\u0022phase\u0022:\u0022received\u0022,\u0022key\u0022:\u0022mosque/entrance\u0022,\u0022busy\u0022:false,\u0022sessionReady\u0022:true,\u0022feet\u0022:\u0022(-46.437958, 4.7821755, -35.242863)\u0022,\u0022focus\u0022:true,\u0022forward\u0022:0,\u0022backward\u0022:0,\u0022left\u0022:0,\u0022right\u0022:0}","result":"committed","sweep":"{\u0022clear\u0022:true,\u0022samples\u0022:133,\u0022from\u0022:-1.6580628,\u0022to\u0022:0}","aim":"camera=(-46.613083, 6.482176, -35.201256) ray=(-0.8011211, -0.56743073, 0.19033471) hit=/root/Act1FacilitiesSmokeTest/Act1Demo/Main/ZoneHost/Act1ConnectedWorld/village-main-road/MosqueEntranceUse shape=/root/Act1FacilitiesSmokeTest/Act1Demo/Main/ZoneHost/Act1ConnectedWorld/village-main-road/MosqueEntranceUse/SurfaceRay at=(-47.4025, 5.923036, -35.013702) held= busy=False registering=False registered=True heldPosition= heldPoseValid=False light= targetState= targetVisible= targetConcealed= modal=False pause=False focused=True physicsEnabled=True treePaused=False inputFrame=4571/4572 interactPresses=39 feedback= pickupProbe="}
act1-facilities: MosqueEntranceUse: passive focus follows the actual door during a result notice
SaveGameV3 written to /Users/unterlantas/Library/Application Support/Godot/app_userdata/URMAN/savegames/checkpoint.savegame-v3.json
act1-facility-door: {"kind":"door-input-probe","phase":"after-input","target":"urman.chapter1:local/mosque/entrance","feet":"(-46.437958, 4.7821755, -35.242863)","velocity":"(0, 0, 0)","forward":0,"backward":0,"left":0,"right":0,"interact":0,"focus":true,"modal":false,"sessionReady":true,"noticeActive":true,"focusedInteraction":"urman.chapter1:local/mosque/entrance","transformRevision":53,"angle":-0.14,"actionNumber":3,"action":"{\u0022phase\u0022:\u0022received\u0022,\u0022key\u0022:\u0022mosque/entrance\u0022,\u0022busy\u0022:false,\u0022sessionReady\u0022:true,\u0022feet\u0022:\u0022(-46.437958, 4.7821755, -35.242863)\u0022,\u0022focus\u0022:true,\u0022forward\u0022:0,\u0022backward\u0022:0,\u0022left\u0022:0,\u0022right\u0022:0}","result":"committed","sweep":"{\u0022clear\u0022:true,\u0022samples\u0022:133,\u0022from\u0022:0,\u0022to\u0022:-1.6580628}","aim":"camera=(-46.613083, 6.482176, -35.201256) ray=(-0.8011211, -0.56743073, 0.19033471) hit=/root/Act1FacilitiesSmokeTest/Act1Demo/Main/ZoneHost/Act1ConnectedWorld/village-main-road/MosqueEntranceUse shape=/root/Act1FacilitiesSmokeTest/Act1Demo/Main/ZoneHost/Act1ConnectedWorld/village-main-road/MosqueEntranceUse/SurfaceRay at=(-47.504894, 5.850513, -34.989376) held= busy=False registering=False registered=True heldPosition= heldPoseValid=False light= targetState= targetVisible= targetConcealed= modal=False pause=False focused=True physicsEnabled=True treePaused=False inputFrame=4573/4577 interactPresses=40 feedback= pickupProbe="}
act1-facilities: MosqueEntranceUse: one deliberate mapped press reaches exactly one door callback
act1-facilities: facility transaction and existing checkpoint save finish; camera=(-46.613083, 6.482176, -35.201256) ray=(-0.8011211, -0.56743073, 0.19033471) hit=/root/Act1FacilitiesSmokeTest/Act1Demo/Main/ZoneHost/Act1ConnectedWorld/village-main-road/MosqueEntranceUse shape=/root/Act1FacilitiesSmokeTest/Act1Demo/Main/ZoneHost/Act1ConnectedWorld/village-main-road/MosqueEntranceUse/SurfaceRay at=(-47.504894, 5.850513, -34.989376) held= busy=False registering=False registered=True heldPosition= heldPoseValid=False light= targetState= targetVisible= targetConcealed= modal=False pause=False focused=True physicsEnabled=True treePaused=False inputFrame=4573/4577 interactPresses=40 feedback= pickupProbe=
act1-facility-door: {"kind":"door-input-probe","phase":"after-transaction","target":"urman.chapter1:local/mosque/entrance","feet":"(-46.437958, 4.7821755, -35.242863)","velocity":"(0, 0, 0)","forward":0,"backward":0,"left":0,"right":0,"interact":0,"focus":true,"modal":false,"sessionReady":true,"noticeActive":true,"focusedInteraction":"urman.chapter1:local/mosque/entrance","transformRevision":53,"angle":-0.28,"actionNumber":3,"action":"{\u0022phase\u0022:\u0022received\u0022,\u0022key\u0022:\u0022mosque/entrance\u0022,\u0022busy\u0022:false,\u0022sessionReady\u0022:true,\u0022feet\u0022:\u0022(-46.437958, 4.7821755, -35.242863)\u0022,\u0022focus\u0022:true,\u0022forward\u0022:0,\u0022backward\u0022:0,\u0022left\u0022:0,\u0022right\u0022:0}","result":"committed","sweep":"{\u0022clear\u0022:true,\u0022samples\u0022:133,\u0022from\u0022:0,\u0022to\u0022:-1.6580628}","aim":"camera=(-46.613083, 6.482176, -35.201256) ray=(-0.8011211, -0.56743073, 0.19033471) hit=/root/Act1FacilitiesSmokeTest/Act1Demo/Main/ZoneHost/Act1ConnectedWorld/village-main-road/MosqueEntranceUse shape=/root/Act1FacilitiesSmokeTest/Act1Demo/Main/ZoneHost/Act1ConnectedWorld/village-main-road/MosqueEntranceUse/SurfaceRay at=(-47.61799, 5.770403, -34.9625) held= busy=False registering=False registered=True heldPosition= heldPoseValid=False light= targetState= targetVisible= targetConcealed= modal=False pause=False focused=True physicsEnabled=True treePaused=False inputFrame=4573/4580 interactPresses=40 feedback= pickupProbe="}
act1-facility-door: {"kind":"door-input-probe","phase":"finished-angle-wait","target":"urman.chapter1:local/mosque/entrance","feet":"(-46.437958, 4.7821755, -35.242863)","velocity":"(0, 0, 0)","forward":0,"backward":0,"left":0,"right":0,"interact":0,"focus":true,"modal":false,"sessionReady":true,"noticeActive":true,"focusedInteraction":"","transformRevision":53,"angle":-1.6580628,"actionNumber":3,"action":"{\u0022phase\u0022:\u0022received\u0022,\u0022key\u0022:\u0022mosque/entrance\u0022,\u0022busy\u0022:false,\u0022sessionReady\u0022:true,\u0022feet\u0022:\u0022(-46.437958, 4.7821755, -35.242863)\u0022,\u0022focus\u0022:true,\u0022forward\u0022:0,\u0022backward\u0022:0,\u0022left\u0022:0,\u0022right\u0022:0}","result":"committed","sweep":"{\u0022clear\u0022:true,\u0022samples\u0022:133,\u0022from\u0022:0,\u0022to\u0022:-1.6580628}","aim":"camera=(-46.613083, 6.482176, -35.201256) ray=(-0.8011211, -0.56743073, 0.19033471) hit= shape= at=(0, 0, 0) held= busy=False registering=False registered=True heldPosition= heldPoseValid=False light= targetState= targetVisible= targetConcealed= modal=False pause=False focused=True physicsEnabled=True treePaused=False inputFrame=4573/4610 interactPresses=40 feedback= pickupProbe="}
act1-facilities: attain ordinary inward mosque door open before migration
SaveGameV3 written to /Users/unterlantas/Library/Application Support/Godot/app_userdata/URMAN/savegames/facilities-mosque-door-v1-open.savegame-v3.json
act1-facilities: save attained version-1 mosque door open
act1-facilities: mosque angle and geometry version use one normal save transaction
act1-facilities: pending action is finished before loading facilities-mosque-door-legacy-open; camera=(-46.613083, 6.482176, -35.201256) ray=(-0.8011211, -0.56743073, 0.19033471) hit= shape= at=(0, 0, 0) held= busy=False registering=False registered=True heldPosition= heldPoseValid=False light= targetState= targetVisible= targetConcealed= modal=False pause=False focused=True physicsEnabled=True treePaused=False inputFrame=4573/4613 interactPresses=40 feedback= pickupProbe=
zone-loaded: village_day@arrival connected-world=108548591549
SaveGameV3 restored.
act1-facilities: load attained save facilities-mosque-door-legacy-open
act1-facilities: legacy mosque open load 1 projects inward once without rewriting the snapshot
act1-facilities: mosque migration leaves the original legacy slot bytes intact
act1-facilities: pending action is finished before loading facilities-mosque-door-legacy-open; camera=(-46.613083, 6.482176, -35.201256) ray=(-0.8011212, -0.5674308, 0.19033462) hit= shape= at=(0, 0, 0) held= busy=False registering=False registered=True heldPosition= heldPoseValid=False light= targetState= targetVisible= targetConcealed= modal=False pause=False focused=True physicsEnabled=True treePaused=False inputFrame=4627/4627 interactPresses=40 feedback= pickupProbe=
zone-loaded: village_day@arrival connected-world=108548591549
SaveGameV3 restored.
act1-facilities: load attained save facilities-mosque-door-legacy-open
act1-facilities: legacy mosque open load 2 projects inward once without rewriting the snapshot
act1-facilities: mosque migration leaves the original legacy slot bytes intact
SaveGameV3 written to /Users/unterlantas/Library/Application Support/Godot/app_userdata/URMAN/savegames/facilities-mosque-door-migrated-open.savegame-v3.json
act1-facilities: normal mosque save publishes projected angle and version together
act1-facilities: new negative mosque angle is explicitly versioned and cannot migrate twice
act1-facilities: pending action is finished before loading facilities-mosque-door-migrated-open; camera=(-46.613083, 6.482176, -35.201256) ray=(-0.8011212, -0.5674308, 0.19033462) hit= shape= at=(0, 0, 0) held= busy=False registering=False registered=True heldPosition= heldPoseValid=False light= targetState= targetVisible= targetConcealed= modal=False pause=False focused=True physicsEnabled=True treePaused=False inputFrame=4643/4643 interactPresses=40 feedback= pickupProbe=
zone-loaded: village_day@arrival connected-world=108548591549
SaveGameV3 restored.
act1-facilities: load attained save facilities-mosque-door-migrated-open
act1-facilities: version-1 mosque open load 1 retains its inward physical pose
act1-facilities: pending action is finished before loading facilities-mosque-door-migrated-open; camera=(-46.613083, 6.482176, -35.201256) ray=(-0.80112123, -0.56743073, 0.19033451) hit= shape= at=(0, 0, 0) held= busy=False registering=False registered=True heldPosition= heldPoseValid=False light= targetState= targetVisible= targetConcealed= modal=False pause=False focused=True physicsEnabled=True treePaused=False inputFrame=4656/4657 interactPresses=40 feedback= pickupProbe=
zone-loaded: village_day@arrival connected-world=108548591549
SaveGameV3 restored.
act1-facilities: load attained save facilities-mosque-door-migrated-open
act1-facilities: version-1 mosque open load 2 retains its inward physical pose
act1-facilities: return along the guarded upper landing to the stair; actual=(-45.248024, 4.7821755, -35.249725), expected=(-45.2, 4.817295, -35.25)
act1-facilities: descend the actual mosque entrance profile: point 2; actual=(-45.033195, 4.7821755, -35.322006), expected=(-44.95, 4.817295, -35.35)
act1-facilities: descend the actual mosque entrance profile: point 1; actual=(-44.950703, 1.8522103, -40.555527), expected=(-44.95, 1.887125, -40.6)
act1-facilities: FAIL System.InvalidOperationException: descend the actual mosque entrance profile: point 0; actual=(-44.950043, 1.6711165, -41.349636), expected=(-44.95, 1.6854045, -41.4)
   at Urman.Godot.Tests.Act1FacilitiesSmokeTest.Check(Boolean condition, String label) in /Users/unterlantas/Documents/GitHub/URMAN/game/tests/Act1FacilitiesSmokeTest.cs:line 991
   at Urman.Godot.Tests.Act1FacilitiesSmokeTest.WalkTo(Vector3 goal, String label) in /Users/unterlantas/Documents/GitHub/URMAN/game/tests/Act1FacilitiesSmokeTest.cs:line 750
   at Urman.Godot.Tests.Act1FacilitiesSmokeTest.CheckMosque() in /Users/unterlantas/Documents/GitHub/URMAN/game/tests/Act1FacilitiesSmokeTest.cs:line 503
   at Urman.Godot.Tests.Act1FacilitiesSmokeTest._Ready() in /Users/unterlantas/Documents/GitHub/URMAN/game/tests/Act1FacilitiesSmokeTest.cs:line 73
camera=(-44.949894, 3.3711166, -41.529633) ray=(0.00081973034, -0, -0.9999997) hit= shape= at=(0, 0, 0) held= busy=False registering=False registered=True heldPosition= heldPoseValid=False light= targetState= targetVisible= targetConcealed= modal=False pause=False focused=True physicsEnabled=True treePaused=False inputFrame=4815/4816 interactPresses=40 feedback= pickupProbe=
state-final-render-sync-begin: label=facility/failure tick=109928 drawn=6959 process=6959 physics=4816 windowVisible=True focus=True mode=Windowed renderLoop=True
state-final-render-sync-end: label=facility/failure milliseconds=9 forcedScreenshotRender=False
act1-visible-surface: facility/failure/left-visible-owner pixel=(0.03, 0.85) distance=3.246 point=(-47.37855, 2.343579, -43.426838) mesh=/root/Act1FacilitiesSmokeTest/Act1Demo/Main/ZoneHost/Act1ConnectedWorld/Act1CoreWorldGreybox/AgentBExteriorWorld/AgentB_TerrainRoadKit/URMAN_AgentB_TerrainRoadKit/Terrain_Main triangle=7036 vertices=[(-47.862698, 2.4952, -44.0052);(-45.8937, 1.8793999, -41.9184);(-47.8784, 2.4931, -41.7996)] shader= snow=0.0
act1-visible-surface: facility/failure/left-visible-owner pixel=(0.08, 0.8) distance=3.448 point=(-47.434464, 2.3625753, -43.701492) mesh=/root/Act1FacilitiesSmokeTest/Act1Demo/Main/ZoneHost/Act1ConnectedWorld/Act1CoreWorldGreybox/AgentBExteriorWorld/AgentB_TerrainRoadKit/URMAN_AgentB_TerrainRoadKit/Terrain_Main triangle=7037 vertices=[(-47.862698, 2.4952, -44.0052);(-45.995197, 1.9288, -44.0569);(-45.8937, 1.8793999, -41.9184)] shader= snow=0.0
act1-facility-camera: {"kind":"native-game-camera","file":"/Users/unterlantas/Documents/GitHub/URMAN/docs/production/act1_takeover_evidence_2026-09-16/images-facilities-09/failure.png","focus":true,"intendedAim":null,"cameraBefore":"[X: (0.9999997, 0, 0.00081973034), Y: (0, 1, 0), Z: (-0.00081973034, 0, 0.9999997), O: (-44.949894, 3.3711166, -41.529633)]","cameraAfter":"[X: (0.9999997, 0, 0.00081973034), Y: (0, 1, 0), Z: (-0.00081973034, 0, 0.9999997), O: (-44.949894, 3.3615541, -41.529633)]","cameraUnchangedDuringRender":false,"cameraTravel":0.009562492,"cameraForwardDot":1.0000001,"frameBefore":6959,"frameAfter":6959,"intendedAimDot":null,"humanArtReview":"not-run"}
userdata guard: original files and permissions restored and verified
