Godot Engine v4.7.1.stable.mono.official.a13da4feb - https://godotengine.org
Metal 4.0 - Forward+ - Using Device #0: Apple - Apple M4 Pro (Apple9)

act1-facilities: facility proof uses a real native game window
act1-river: ice_slabs=31 blockers=29 road_gap_samples=2 bridge=broken@(15,-85)
village-chimney: /root/Act1FacilitiesSmokeTest/Act1Demo/Main/ZoneHost/Act1ConnectedWorld/Act1CoreWorldGreybox/Act1AuthoredExteriorKitPresentation/ArrivalAuthoredParcels/ArrivalForwardWestFacade/DwellingFacade_TimberPlaster/DwellingFacade_ChimneyCap_LOD0 top=(-10.2875, 4.7722464, 2.3450005)
village-chimney: /root/Act1FacilitiesSmokeTest/Act1Demo/Main/ZoneHost/Act1ConnectedWorld/Act1CoreWorldGreybox/Act1AuthoredExteriorKitPresentation/DistantPerimeterParcels/WestArrivalNearParcel/WestArrivalNearFacade/DwellingFacade_TimberPlaster/DwellingFacade_ChimneyCap_LOD0 top=(-19.730013, 3.9641316, 15.965501)
act1-terrain-room-cut: room=/root/Act1FacilitiesSmokeTest/Act1Demo/Main/ZoneHost/Act1ConnectedWorld/babay-abi-house half=(4, 3.5) affectedTriangles=48 clippedVertices=49980 publishedVertices=49980 physicsVertices=49980 visualAndPhysics=shared-published-faces
act1-apron-room-cut: mesh=/root/Act1FacilitiesSmokeTest/Act1Demo/Main/ZoneHost/Act1ConnectedWorld/Act1CoreWorldGreybox/AgentBExteriorWorld/AgentB_TerrainRoadKit/URMAN_AgentB_TerrainRoadKit/Apron_BabaiYard affectedTriangles=11 clippedVertices=123 surfaces=1 collision=existing-terrain-owner
act1-south-fence-house-junction: wallX=-33.5880 retainedMembers=13 retiredPostsAndCaps=10 supportedWestWing=2.4920m
act1-drain-bank-conform: mesh=/root/Act1FacilitiesSmokeTest/Act1Demo/Main/ZoneHost/Act1ConnectedWorld/Act1CoreWorldGreybox/AgentBExteriorWorld/AgentB_TerrainRoadKit/URMAN_AgentB_TerrainRoadKit/BabaiYard_EastFenceSwale originalTriangles=78 affectedTriangles=35 outputTriangles=3543 groundOwner=unchanged
act1-mosque-terrain-cut: affectedTriangles=70 publishedVertices=49980 physicsVertices=49980 sameOwner=true
act1-school-bank-cut: mesh=/root/Act1FacilitiesSmokeTest/Act1Demo/Main/ZoneHost/Act1ConnectedWorld/Act1CoreWorldGreybox/AgentBExteriorWorld/AgentB_TerrainRoadKit/URMAN_AgentB_TerrainRoadKit/Ditch_FieldBank_EastZirat room=/root/Act1FacilitiesSmokeTest/Act1Demo/Main/ZoneHost/Act1ConnectedWorld/Act1CoreWorldGreybox/Act1AuthoredExteriorKitPresentation/DistantPerimeterParcels/EastReturnMidParcel/EastReturnMidFacade/PublicInterior_school/MainRoom half=(2.5154998, 2.3804996) affectedTriangles=20 clippedVertices=486 publishedVertices=486 floorY=-0.0049708784 collision=unchanged-existing-terrain-and-timber-floor
act1-council-fence-format: source=urman_village_exterior_kit_Cube_040 vertices=96 normals=96 uv=96 tangents=384 colors=0 uv2=0 lods=0 sourceFormat=536875031 publishedFormat=4119
act1-council-fence-format: source=urman_village_exterior_kit_FenceSegment_RailMiddle_Crooked_LOD0Mesh vertices=48 normals=48 uv=0 tangents=192 colors=0 uv2=0 lods=0 sourceFormat=536875015 publishedFormat=4103
act1-council-fence-format: source=urman_village_exterior_kit_Cube_039 vertices=96 normals=96 uv=96 tangents=384 colors=0 uv2=0 lods=0 sourceFormat=536875031 publishedFormat=4119
act1-council-fence-junction: fence=/root/Act1FacilitiesSmokeTest/Act1Demo/Main/ZoneHost/Act1ConnectedWorld/Act1CoreWorldGreybox/Act1AuthoredExteriorKitPresentation/DistantPerimeterParcels/EastStreetHorizonParcel/EastStreetHorizonFence wall=/root/Act1FacilitiesSmokeTest/Act1Demo/Main/ZoneHost/Act1ConnectedWorld/Act1CoreWorldGreybox/Act1AuthoredExteriorKitPresentation/DistantPerimeterParcels/EastStreetHorizonParcel/EastStreetHorizonFacade/VillageParcel_VariantA_TimberGable_Dwelling/VariantA_TimberGable_Dwelling_SeniRear_Wall_LOD0 localCutZ=-4.4 hiddenMembers=4 trimmedRails=3 retainedMembers=8 sourceAsset=unchanged
act1-zirat-fence-source: owner=/root/Act1FacilitiesSmokeTest/Act1Demo/Main/ZoneHost/Act1ConnectedWorld/Act1CoreWorldGreybox/ConnectiveStreetReturn/ReturnEastParcelFenceRail surfaces=1
act1-zirat-fence-source: owner=/root/Act1FacilitiesSmokeTest/Act1Demo/Main/ZoneHost/Act1ConnectedWorld/Act1CoreWorldGreybox/ConnectiveStreetReturn/ReturnEastParcelFenceRail rawVertices=144 normals=144 tangents=576 indices=0 expandedVertices=144 format=7 indexed=False primitive=Triangles lods=0 shadow=False failedTerms=
act1-zirat-fence-source: owner=/root/Act1FacilitiesSmokeTest/Act1Demo/Main/ZoneHost/Act1ConnectedWorld/Act1CoreWorldGreybox/ConnectiveStreetReturn/ReturnEastParcelFenceRail/ReturnEastParcelFenceLowerRail surfaces=1
act1-zirat-fence-source: owner=/root/Act1FacilitiesSmokeTest/Act1Demo/Main/ZoneHost/Act1ConnectedWorld/Act1CoreWorldGreybox/ConnectiveStreetReturn/ReturnEastParcelFenceRail/ReturnEastParcelFenceLowerRail rawVertices=144 normals=144 tangents=576 indices=0 expandedVertices=144 format=7 indexed=False primitive=Triangles lods=0 shadow=False failedTerms=
act1-zirat-fence-post-source: owner=/root/Act1FacilitiesSmokeTest/Act1Demo/Main/ZoneHost/Act1ConnectedWorld/Act1CoreWorldGreybox/ConnectiveStreetReturn/ReturnEastParcelFencePost0 meshType=BoxMesh surfaces=1
act1-zirat-fence-post-source: owner=/root/Act1FacilitiesSmokeTest/Act1Demo/Main/ZoneHost/Act1ConnectedWorld/Act1CoreWorldGreybox/ConnectiveStreetReturn/ReturnEastParcelFencePost1 meshType=BoxMesh surfaces=1
act1-zirat-fence-post-source: owner=/root/Act1FacilitiesSmokeTest/Act1Demo/Main/ZoneHost/Act1ConnectedWorld/Act1CoreWorldGreybox/ConnectiveStreetReturn/ReturnEastParcelFencePost2 meshType=BoxMesh surfaces=1
act1-zirat-fence-post-source: owner=/root/Act1FacilitiesSmokeTest/Act1Demo/Main/ZoneHost/Act1ConnectedWorld/Act1CoreWorldGreybox/ConnectiveStreetReturn/ReturnEastParcelFencePost3 meshType=BoxMesh surfaces=1
act1-zirat-fence-post-source: owner=/root/Act1FacilitiesSmokeTest/Act1Demo/Main/ZoneHost/Act1ConnectedWorld/Act1CoreWorldGreybox/ConnectiveStreetReturn/ReturnEastParcelFencePost4 meshType=BoxMesh surfaces=1
act1-zirat-shed-fence-junction: wall=/root/Act1FacilitiesSmokeTest/Act1Demo/Main/ZoneHost/Act1ConnectedWorld/Act1CoreWorldGreybox/Act1AuthoredExteriorKitPresentation/ZiratVillageEdgeAuthoredParcels/ZiratVillageEdgeEastShed/OutbuildingShed_Low/OutbuildingShed_Wall_LOD0 attachmentZ=-46.915245 retainedFirstSpans=2 hiddenPost=3 retainedFarPost=4 frontCut=(-0.99987423, 0.015860919, -2.3291499E-07), -14.446598 rearCut=(0.99986124, 0.016654668, 0), 17.218063
act1-roadside-grounding: independent contact meshes=34; source meshes and usable footbridge preserved
act1-kit-blockers: placements=100 shapes=1597 carved_door_slabs=116 flat_slab_skipped=2460 exact_architecture_surfaces=911 hidden_skipped=7 road_clearance_skipped=0
act1-dwelling-threshold: placements=83 worst_analytic_vs_collision_delta=0.028m worst_placement=ArrivalForwardEastShed
act1-building-supports: supported foundations=137; maximum ground drop=1.136m; level entrances preserved
act1-zirat-foundation-contact: owner=/root/Act1FacilitiesSmokeTest/Act1Demo/Main/ZoneHost/Act1ConnectedWorld/Act1CoreWorldGreybox/Act1AuthoredExteriorKitPresentation/ZiratVillageEdgeAuthoredParcels/ZiratVillageEdgeEastShed/AuthoredKitCollisionProxy/OutbuildingShed_Foundation_LOD0_SurfaceContact source=/root/Act1FacilitiesSmokeTest/Act1Demo/Main/ZoneHost/Act1ConnectedWorld/Act1CoreWorldGreybox/Act1AuthoredExteriorKitPresentation/ZiratVillageEdgeAuthoredParcels/ZiratVillageEdgeEastShed/OutbuildingShed_Low/OutbuildingShed_Foundation_LOD0 policy=exact-existing-mesh-triangles
act1-council-fence-contacts: retainedSourceContacts=0 hiddenMemberContacts=0 newBodyOwners=0
zone-loaded: village_day@arrival connected-world=116886869495
УРМАН Godot vertical slice ready: Painterly Low-Poly / first person
act1-window-surrounds: painted=1020
act1-legacy-sign: suppressed=1
zone-loaded: village_day@arrival connected-world=116886869495
SaveGameV3 new game session started; existing slots untouched.
act1-facilities: production main menu starts an ordinary New Game
act1-intro: confirmed with E
act1-facilities: native window has actual focus; background input alone does not advance facility time or door animation; camera=(0, 1.534, 8.82) ray=(-0, -0, -1) hit= shape= at=(0, 0, 0) held= busy=False registering=False registered=True heldPosition= heldPoseValid=False light= targetState= targetVisible= targetConcealed= modal=False pause=False focused=True physicsEnabled=True treePaused=False inputFrame=24/25 interactPresses=0 feedback= pickupProbe=
act1-facilities: ordinary exterior controls are active
act1-facilities: arrival cannot inspect either distant interior
SaveGameV3 written to /Users/unterlantas/Library/Application Support/Godot/app_userdata/URMAN/savegames/facilities-pristine.savegame-v3.json
act1-facilities: save the actual New Game before local fixtures
act1-facilities-roof-foliage: bath=/root/Act1FacilitiesSmokeTest/Act1Demo/Main/ZoneHost/Act1ConnectedWorld/Act1CoreWorldGreybox/BabaiBathhouse owners=[/root/Act1FacilitiesSmokeTest/Act1Demo/Main/ZoneHost/Act1ConnectedWorld/Act1CoreWorldGreybox/AgentBExteriorWorld/AgentB_PlantedFoliage/WinterBirch_1_Plant24 | /root/Act1FacilitiesSmokeTest/Act1Demo/Main/ZoneHost/Act1ConnectedWorld/Act1CoreWorldGreybox/AgentBExteriorWorld/AgentB_PlantedFoliage/WinterLinden_2_Plant45] contacts=[/root/Act1FacilitiesSmokeTest/Act1Demo/Main/ZoneHost/Act1ConnectedWorld/Act1CoreWorldGreybox/AgentBExteriorWorld/AgentB_ArchitectureCollision/PlantedStem_WinterBirch_1_Plant24 | /root/Act1FacilitiesSmokeTest/Act1Demo/Main/ZoneHost/Act1ConnectedWorld/Act1CoreWorldGreybox/AgentBExteriorWorld/AgentB_ArchitectureCollision/PlantedStem_WinterLinden_2_Plant45]
act1-facilities: the actual Facilities06 indoor birch is covered by the bath roof rule
act1-facilities: the roof-overlapping plant retains its identity with all LODs hidden
act1-facilities: every recorded stem belonging to that plant is disabled
act1-facilities: the known indoor birch retains its exact paired stem while the shared scenery body remains active
act1-facilities: the roof-overlapping plant retains its identity with all LODs hidden
act1-facilities: every recorded stem belonging to that plant is disabled
act1-facilities: six terrain-resting carry items use the shared authored support owner
act1-facilities: carry-log authored full body is clear of terrain, woodpile and neighbouring solids: ; pose=[X: (0.90124553, -0.16354421, -0.40126038), Y: (0.12671697, 0.9850308, -0.11686417), Z: (0.41436628, 0.05447681, 0.9084784), O: (-32.17394, 0.67658806, 4.706752)]
act1-facilities: carry-log has actual ground support across 9 footprint samples, gaps 0,0030–0,0030m
act1-facilities: carry-crate authored full body is clear of terrain, woodpile and neighbouring solids: ; pose=[X: (0.9776721, 0.031176694, 0.20781063), Y: (-0.011615854, 0.9954389, -0.09469197), Z: (-0.20981497, 0.0901638, 0.973575), O: (-27.5, 0.3315878, 2.8)]
act1-facilities: carry-crate has actual ground support across 12 footprint samples, gaps 0,0030–0,0059m
act1-facilities: carry-bucket authored full body is clear of terrain, woodpile and neighbouring solids: ; pose=[X: (0.98839056, 0.061550256, -0.13890925), Y: (-0.05954554, 0.9980533, 0.018545846), Z: (0.13978034, -0.010059113, 0.9901315), O: (-26.6, 0.26607022, 0.2)]
act1-facilities: carry-bucket has actual ground support across 9 footprint samples, gaps 0,0030–0,0069m
act1-facilities: carry-axe authored full body is clear of terrain, woodpile and neighbouring solids: ; pose=[X: (0.46482128, -0.14040194, -0.8742016), Y: (0.06272975, 0.99008816, -0.12566002), Z: (0.88317955, 0.0035709962, 0.46902144), O: (-31.6, 0.5715371, 4.3)]
act1-facilities: carry-axe has actual ground support across 9 footprint samples, gaps 0,0030–0,0033m
act1-facilities: carry-tool-shovel authored full body is clear of terrain, woodpile and neighbouring solids: ; pose=[X: (-0.104479425, -0.030640919, -0.9940549), Y: (-0.04023672, 0.9988371, -0.026559275), Z: (0.9937128, 0.037222613, -0.10559083), O: (-27.6, 0.22954099, 0.9)]
act1-facilities: carry-tool-shovel has actual ground support across 9 footprint samples, gaps 0,0030–0,0030m
act1-facilities: carry-tool-pole authored full body is clear of terrain, woodpile and neighbouring solids: ; pose=[X: (0.97797006, -0.019051604, -0.20787396), Y: (-0.002224457, 0.99481875, -0.10164018), Z: (0.20873332, 0.09986346, 0.9728606), O: (-28.1, 0.45865598, 4.2)]
act1-facilities: carry-tool-pole has actual ground support across 30 footprint samples, gaps 0,0030–0,0050m
act1-facilities: new bath steps preserve the previously authored loose log position
act1-facilities: existing loose log retains a supported unobstructed pickup approach beside the repaired steps
act1-facilities: supported local start fits standing capsule: outside existing Babai bathhouse footprint
act1-facilities: local start settles on real support: outside existing Babai bathhouse footprint
state-final-render-sync-begin: label=facility/01_bathhouse_approach tick=34925 drawn=8 process=8 physics=42 windowVisible=True focus=True mode=Windowed renderLoop=True
state-final-render-sync-end: label=facility/01_bathhouse_approach milliseconds=28 forcedScreenshotRender=False
act1-facility-camera: {"kind":"native-game-camera","file":"/Users/unterlantas/Documents/GitHub/URMAN/docs/production/act1_takeover_evidence_2026-09-16/images-facilities-11/01_bathhouse_approach.png","focus":true,"intendedAim":null,"cameraBefore":"[X: (1, 0, 0), Y: (0, 1, 0), Z: (0, 0, 1), O: (-29.133991, 2.3580222, 5.761516)]","cameraAfter":"[X: (1, 0, 0), Y: (0, 1, 0), Z: (0, 0, 1), O: (-29.133991, 2.3580222, 5.761516)]","cameraUnchangedDuringRender":true,"cameraTravel":0,"cameraForwardDot":1,"frameBefore":8,"frameAfter":8,"intendedAimDot":null,"humanArtReview":"not-run"}
act1-facilities: climb the new lower flight along the clear yard side; actual=(-30.232725, 1.1050161, 5.682237), expected=(-30.282448, 1.4110625, 5.6705036), grounded=True, settledFrames=3, waitedFrames=4, distance=0,05108835
act1-facilities: turn on the real upper landing toward the closed bath door; actual=(-31.586863, 1.4110732, 5.362688), expected=(-31.625557, 1.4110625, 5.353557), grounded=True, settledFrames=3, waitedFrames=3, distance=0,039757133
act1-facilities: previous facility action finishes; camera=(-31.76205, 3.1087306, 5.3213477) ray=(-0.973269, -0, -0.22966827) hit= shape= at=(0, 0, 0) held= busy=False registering=False registered=True heldPosition= heldPoseValid=False light= targetState= targetVisible= targetConcealed= modal=False pause=False focused=True physicsEnabled=True treePaused=False inputFrame=98/99 interactPresses=0 feedback= pickupProbe=
act1-facilities: actual available aim at BathEntranceUse; layer=4; camera=(-31.640097, 3.1097174, 5.534636) ray=(-0.13932835, -0.88207513, 0.45003462) hit=/root/Act1FacilitiesSmokeTest/Act1Demo/Main/ZoneHost/Act1ConnectedWorld/village-main-road/BathEntranceUse shape=/root/Act1FacilitiesSmokeTest/Act1Demo/Main/ZoneHost/Act1ConnectedWorld/village-main-road/BathEntranceUse/SurfaceRay at=(-31.725449, 2.5693622, 5.810325) held= busy=False registering=False registered=True heldPosition= heldPoseValid=False light= targetState= targetVisible= targetConcealed= modal=False pause=False focused=True physicsEnabled=True treePaused=False inputFrame=101/102 interactPresses=0 feedback= pickupProbe=
act1-facility-door: {"kind":"door-input-probe","phase":"before-input","target":"urman.chapter1:local/bathhouse/entrance","feet":"(-31.586863, 1.4110732, 5.362688)","velocity":"(0, 0, 0)","forward":0,"backward":0,"left":0,"right":0,"interact":0,"focus":true,"modal":false,"sessionReady":true,"noticeActive":false,"focusedInteraction":"urman.chapter1:local/bathhouse/entrance","transformRevision":4,"angle":3.1415927,"actionNumber":0,"action":"not-called","result":"not-called","sweep":"not-called","aim":"camera=(-31.640097, 3.1097174, 5.534636) ray=(-0.13932835, -0.88207513, 0.45003462) hit=/root/Act1FacilitiesSmokeTest/Act1Demo/Main/ZoneHost/Act1ConnectedWorld/village-main-road/BathEntranceUse shape=/root/Act1FacilitiesSmokeTest/Act1Demo/Main/ZoneHost/Act1ConnectedWorld/village-main-road/BathEntranceUse/SurfaceRay at=(-31.725449, 2.5693622, 5.810325) held= busy=False registering=False registered=True heldPosition= heldPoseValid=False light= targetState= targetVisible= targetConcealed= modal=False pause=False focused=True physicsEnabled=True treePaused=False inputFrame=101/102 interactPresses=0 feedback= pickupProbe="}
act1-facilities: BathEntranceUse: passive focus follows the actual door during a result notice
act1-facility-door: {"kind":"door-input-probe","phase":"after-input","target":"urman.chapter1:local/bathhouse/entrance","feet":"(-31.586863, 1.4110732, 5.362688)","velocity":"(0, 0, 0)","forward":0,"backward":0,"left":0,"right":0,"interact":0,"focus":true,"modal":false,"sessionReady":true,"noticeActive":true,"focusedInteraction":"urman.chapter1:local/bathhouse/entrance","transformRevision":4,"angle":3.1415927,"actionNumber":1,"action":"{\u0022phase\u0022:\u0022received\u0022,\u0022key\u0022:\u0022bathhouse/entrance\u0022,\u0022busy\u0022:false,\u0022sessionReady\u0022:true,\u0022feet\u0022:\u0022(-31.586863, 1.4110732, 5.362688)\u0022,\u0022focus\u0022:true,\u0022forward\u0022:0,\u0022backward\u0022:0,\u0022left\u0022:0,\u0022right\u0022:0}","result":"blocked-by-full-shape-sweep","sweep":"{\u0022clear\u0022:false,\u0022sample\u0022:15,\u0022samples\u0022:105,\u0022yaw\u0022:2.8972466,\u0022size\u0022:\u0022(0.065, 2.0879998, 1.1)\u0022,\u0022pose\u0022:\u0022[X: (-0.458304, 0, 0.88879555), Y: (0, 1, 0), Z: (-0.88879555, 0, -0.458304), O: (-31.689943, 2.4670625, 5.7410717)]\u0022,\u0022collider\u0022:\u0022/root/Act1FacilitiesSmokeTest/Act1Demo/Main/Player\u0022,\u0022shapeIndex\u0022:0,\u0022shapePath\u0022:\u0022/root/Act1FacilitiesSmokeTest/Act1Demo/Main/Player/CollisionShape3D\u0022,\u0022authoredSourceMesh\u0022:null}","aim":"camera=(-31.640097, 3.1105285, 5.534636) ray=(-0.13932835, -0.88207513, 0.45003462) hit=/root/Act1FacilitiesSmokeTest/Act1Demo/Main/ZoneHost/Act1ConnectedWorld/village-main-road/BathEntranceUse shape=/root/Act1FacilitiesSmokeTest/Act1Demo/Main/ZoneHost/Act1ConnectedWorld/village-main-road/BathEntranceUse/SurfaceRay at=(-31.725449, 2.5701733, 5.810325) held= busy=False registering=False registered=True heldPosition= heldPoseValid=False light= targetState= targetVisible= targetConcealed= modal=False pause=False focused=True physicsEnabled=True treePaused=False inputFrame=103/107 interactPresses=1 feedback= pickupProbe="}
act1-facilities: BathEntranceUse: one deliberate mapped press reaches exactly one door callback
act1-facilities: facility transaction and existing checkpoint save finish; camera=(-31.640097, 3.1105285, 5.534636) ray=(-0.13932835, -0.88207513, 0.45003462) hit=/root/Act1FacilitiesSmokeTest/Act1Demo/Main/ZoneHost/Act1ConnectedWorld/village-main-road/BathEntranceUse shape=/root/Act1FacilitiesSmokeTest/Act1Demo/Main/ZoneHost/Act1ConnectedWorld/village-main-road/BathEntranceUse/SurfaceRay at=(-31.725449, 2.5701733, 5.810325) held= busy=False registering=False registered=True heldPosition= heldPoseValid=False light= targetState= targetVisible= targetConcealed= modal=False pause=False focused=True physicsEnabled=True treePaused=False inputFrame=103/107 interactPresses=1 feedback= pickupProbe=
act1-facility-door: {"kind":"door-input-probe","phase":"after-transaction","target":"urman.chapter1:local/bathhouse/entrance","feet":"(-31.586863, 1.4110732, 5.362688)","velocity":"(0, 0, 0)","forward":0,"backward":0,"left":0,"right":0,"interact":0,"focus":true,"modal":false,"sessionReady":true,"noticeActive":true,"focusedInteraction":"urman.chapter1:local/bathhouse/entrance","transformRevision":4,"angle":3.1415927,"actionNumber":1,"action":"{\u0022phase\u0022:\u0022received\u0022,\u0022key\u0022:\u0022bathhouse/entrance\u0022,\u0022busy\u0022:false,\u0022sessionReady\u0022:true,\u0022feet\u0022:\u0022(-31.586863, 1.4110732, 5.362688)\u0022,\u0022focus\u0022:true,\u0022forward\u0022:0,\u0022backward\u0022:0,\u0022left\u0022:0,\u0022right\u0022:0}","result":"blocked-by-full-shape-sweep","sweep":"{\u0022clear\u0022:false,\u0022sample\u0022:15,\u0022samples\u0022:105,\u0022yaw\u0022:2.8972466,\u0022size\u0022:\u0022(0.065, 2.0879998, 1.1)\u0022,\u0022pose\u0022:\u0022[X: (-0.458304, 0, 0.88879555), Y: (0, 1, 0), Z: (-0.88879555, 0, -0.458304), O: (-31.689943, 2.4670625, 5.7410717)]\u0022,\u0022collider\u0022:\u0022/root/Act1FacilitiesSmokeTest/Act1Demo/Main/Player\u0022,\u0022shapeIndex\u0022:0,\u0022shapePath\u0022:\u0022/root/Act1FacilitiesSmokeTest/Act1Demo/Main/Player/CollisionShape3D\u0022,\u0022authoredSourceMesh\u0022:null}","aim":"camera=(-31.640097, 3.1107578, 5.534636) ray=(-0.13932835, -0.88207513, 0.45003462) hit=/root/Act1FacilitiesSmokeTest/Act1Demo/Main/ZoneHost/Act1ConnectedWorld/village-main-road/BathEntranceUse shape=/root/Act1FacilitiesSmokeTest/Act1Demo/Main/ZoneHost/Act1ConnectedWorld/village-main-road/BathEntranceUse/SurfaceRay at=(-31.725449, 2.5704026, 5.810325) held= busy=False registering=False registered=True heldPosition= heldPoseValid=False light= targetState= targetVisible= targetConcealed= modal=False pause=False focused=True physicsEnabled=True treePaused=False inputFrame=103/110 interactPresses=1 feedback= pickupProbe="}
act1-facilities: player in the opening sweep causes refusal without state or angle changes
act1-facilities: the first door refusal is specifically the actual player collision; static obstructions cannot masquerade as this case
state-final-render-sync-begin: label=facility/02_bath_door_player_refusal tick=36089 drawn=90 process=90 physics=110 windowVisible=True focus=True mode=Windowed renderLoop=True
state-final-render-sync-end: label=facility/02_bath_door_player_refusal milliseconds=8 forcedScreenshotRender=False
act1-facility-camera: {"kind":"native-game-camera","file":"/Users/unterlantas/Documents/GitHub/URMAN/docs/production/act1_takeover_evidence_2026-09-16/images-facilities-11/02_bath_door_player_refusal.png","focus":true,"intendedAim":null,"cameraBefore":"[X: (-0.9552668, 0, -0.29574555), Y: (-0.2608698, 0.47110885, 0.84261703), Z: (0.13932835, 0.88207513, -0.45003462), O: (-31.640097, 3.1107578, 5.534636)]","cameraAfter":"[X: (-0.9552668, 0, -0.29574555), Y: (-0.2608698, 0.47110885, 0.84261703), Z: (0.13932835, 0.88207513, -0.45003462), O: (-31.640097, 3.1108105, 5.534636)]","cameraUnchangedDuringRender":false,"cameraTravel":5.2690506E-05,"cameraForwardDot":1.0000001,"frameBefore":90,"frameAfter":90,"intendedAimDot":null,"humanArtReview":"not-run"}
act1-facilities: step out of the door sweep; actual=(-30.307096, 1.107898, 5.664687), expected=(-30.282448, 1.4110625, 5.6705036), grounded=True, settledFrames=3, waitedFrames=6, distance=0,02532564
act1-facilities: previous facility action finishes; camera=(-30.131908, 2.8078966, 5.706026) ray=(0.9732706, -0, 0.2296613) hit= shape= at=(0, 0, 0) held= busy=False registering=False registered=True heldPosition= heldPoseValid=False light= targetState= targetVisible= targetConcealed= modal=False pause=False focused=True physicsEnabled=True treePaused=False inputFrame=103/140 interactPresses=1 feedback= pickupProbe=
act1-facilities: actual available aim at BathEntranceUse; layer=4; camera=(-30.485323, 2.807897, 5.6898923) ray=(-0.9548284, -0.2647048, 0.13503397) hit=/root/Act1FacilitiesSmokeTest/Act1Demo/Main/ZoneHost/Act1ConnectedWorld/village-main-road/BathEntranceUse shape=/root/Act1FacilitiesSmokeTest/Act1Demo/Main/ZoneHost/Act1ConnectedWorld/village-main-road/BathEntranceUse/SurfaceRay at=(-31.57985, 2.5044634, 5.844683) held= busy=False registering=False registered=True heldPosition= heldPoseValid=False light= targetState= targetVisible= targetConcealed= modal=False pause=False focused=True physicsEnabled=True treePaused=False inputFrame=103/143 interactPresses=1 feedback= pickupProbe=
act1-facility-door: {"kind":"door-input-probe","phase":"before-input","target":"urman.chapter1:local/bathhouse/entrance","feet":"(-30.307096, 1.107898, 5.664687)","velocity":"(0, 0, 0)","forward":0,"backward":0,"left":0,"right":0,"interact":0,"focus":true,"modal":false,"sessionReady":true,"noticeActive":true,"focusedInteraction":"urman.chapter1:local/bathhouse/entrance","transformRevision":4,"angle":3.1415927,"actionNumber":1,"action":"{\u0022phase\u0022:\u0022received\u0022,\u0022key\u0022:\u0022bathhouse/entrance\u0022,\u0022busy\u0022:false,\u0022sessionReady\u0022:true,\u0022feet\u0022:\u0022(-31.586863, 1.4110732, 5.362688)\u0022,\u0022focus\u0022:true,\u0022forward\u0022:0,\u0022backward\u0022:0,\u0022left\u0022:0,\u0022right\u0022:0}","result":"blocked-by-full-shape-sweep","sweep":"{\u0022clear\u0022:false,\u0022sample\u0022:15,\u0022samples\u0022:105,\u0022yaw\u0022:2.8972466,\u0022size\u0022:\u0022(0.065, 2.0879998, 1.1)\u0022,\u0022pose\u0022:\u0022[X: (-0.458304, 0, 0.88879555), Y: (0, 1, 0), Z: (-0.88879555, 0, -0.458304), O: (-31.689943, 2.4670625, 5.7410717)]\u0022,\u0022collider\u0022:\u0022/root/Act1FacilitiesSmokeTest/Act1Demo/Main/Player\u0022,\u0022shapeIndex\u0022:0,\u0022shapePath\u0022:\u0022/root/Act1FacilitiesSmokeTest/Act1Demo/Main/Player/CollisionShape3D\u0022,\u0022authoredSourceMesh\u0022:null}","aim":"camera=(-30.485323, 2.807897, 5.6898923) ray=(-0.9548284, -0.2647048, 0.13503397) hit=/root/Act1FacilitiesSmokeTest/Act1Demo/Main/ZoneHost/Act1ConnectedWorld/village-main-road/BathEntranceUse shape=/root/Act1FacilitiesSmokeTest/Act1Demo/Main/ZoneHost/Act1ConnectedWorld/village-main-road/BathEntranceUse/SurfaceRay at=(-31.57985, 2.5044634, 5.844683) held= busy=False registering=False registered=True heldPosition= heldPoseValid=False light= targetState= targetVisible= targetConcealed= modal=False pause=False focused=True physicsEnabled=True treePaused=False inputFrame=103/143 interactPresses=1 feedback= pickupProbe="}
act1-facilities: BathEntranceUse: passive focus follows the actual door during a result notice
SaveGameV3 written to /Users/unterlantas/Library/Application Support/Godot/app_userdata/URMAN/savegames/checkpoint.savegame-v3.json
act1-facility-door: {"kind":"door-input-probe","phase":"after-input","target":"urman.chapter1:local/bathhouse/entrance","feet":"(-30.307096, 1.107898, 5.664687)","velocity":"(0, 0, 0)","forward":0,"backward":0,"left":0,"right":0,"interact":0,"focus":true,"modal":false,"sessionReady":true,"noticeActive":true,"focusedInteraction":"urman.chapter1:local/bathhouse/entrance","transformRevision":4,"angle":3.0015929,"actionNumber":2,"action":"{\u0022phase\u0022:\u0022received\u0022,\u0022key\u0022:\u0022bathhouse/entrance\u0022,\u0022busy\u0022:false,\u0022sessionReady\u0022:true,\u0022feet\u0022:\u0022(-30.307096, 1.107898, 5.664687)\u0022,\u0022focus\u0022:true,\u0022forward\u0022:0,\u0022backward\u0022:0,\u0022left\u0022:0,\u0022right\u0022:0}","result":"committed","sweep":"{\u0022clear\u0022:true,\u0022samples\u0022:105,\u0022from\u0022:3.1415927,\u0022to\u0022:1.43117}","aim":"camera=(-30.485323, 2.8078978, 5.6898923) ray=(-0.9548284, -0.2647048, 0.13503397) hit=/root/Act1FacilitiesSmokeTest/Act1Demo/Main/ZoneHost/Act1ConnectedWorld/village-main-road/BathEntranceUse shape=/root/Act1FacilitiesSmokeTest/Act1Demo/Main/ZoneHost/Act1ConnectedWorld/village-main-road/BathEntranceUse/SurfaceRay at=(-31.465187, 2.5362525, 5.8284674) held= busy=False registering=False registered=True heldPosition= heldPoseValid=False light= targetState= targetVisible= targetConcealed= modal=False pause=False focused=True physicsEnabled=True treePaused=False inputFrame=144/148 interactPresses=2 feedback= pickupProbe="}
act1-facilities: BathEntranceUse: one deliberate mapped press reaches exactly one door callback
act1-facilities: facility transaction and existing checkpoint save finish; camera=(-30.485323, 2.8078978, 5.6898923) ray=(-0.9548284, -0.2647048, 0.13503397) hit=/root/Act1FacilitiesSmokeTest/Act1Demo/Main/ZoneHost/Act1ConnectedWorld/village-main-road/BathEntranceUse shape=/root/Act1FacilitiesSmokeTest/Act1Demo/Main/ZoneHost/Act1ConnectedWorld/village-main-road/BathEntranceUse/SurfaceRay at=(-31.465187, 2.5362525, 5.8284674) held= busy=False registering=False registered=True heldPosition= heldPoseValid=False light= targetState= targetVisible= targetConcealed= modal=False pause=False focused=True physicsEnabled=True treePaused=False inputFrame=144/148 interactPresses=2 feedback= pickupProbe=
act1-facility-door: {"kind":"door-input-probe","phase":"after-transaction","target":"urman.chapter1:local/bathhouse/entrance","feet":"(-30.307096, 1.107898, 5.664687)","velocity":"(0, 0, 0)","forward":0,"backward":0,"left":0,"right":0,"interact":0,"focus":true,"modal":false,"sessionReady":true,"noticeActive":true,"focusedInteraction":"urman.chapter1:local/bathhouse/entrance","transformRevision":4,"angle":2.861593,"actionNumber":2,"action":"{\u0022phase\u0022:\u0022received\u0022,\u0022key\u0022:\u0022bathhouse/entrance\u0022,\u0022busy\u0022:false,\u0022sessionReady\u0022:true,\u0022feet\u0022:\u0022(-30.307096, 1.107898, 5.664687)\u0022,\u0022focus\u0022:true,\u0022forward\u0022:0,\u0022backward\u0022:0,\u0022left\u0022:0,\u0022right\u0022:0}","result":"committed","sweep":"{\u0022clear\u0022:true,\u0022samples\u0022:105,\u0022from\u0022:3.1415927,\u0022to\u0022:1.43117}","aim":"camera=(-30.485323, 2.8078978, 5.6898923) ray=(-0.9548284, -0.2647048, 0.13503397) hit=/root/Act1FacilitiesSmokeTest/Act1Demo/Main/ZoneHost/Act1ConnectedWorld/village-main-road/BathEntranceUse shape=/root/Act1FacilitiesSmokeTest/Act1Demo/Main/ZoneHost/Act1ConnectedWorld/village-main-road/BathEntranceUse/SurfaceRay at=(-31.394644, 2.5558088, 5.818491) held= busy=False registering=False registered=True heldPosition= heldPoseValid=False light= targetState= targetVisible= targetConcealed= modal=False pause=False focused=True physicsEnabled=True treePaused=False inputFrame=144/151 interactPresses=2 feedback= pickupProbe="}
act1-facility-door: {"kind":"door-input-probe","phase":"finished-angle-wait","target":"urman.chapter1:local/bathhouse/entrance","feet":"(-30.307096, 1.107898, 5.664687)","velocity":"(0, 0, 0)","forward":0,"backward":0,"left":0,"right":0,"interact":0,"focus":true,"modal":false,"sessionReady":true,"noticeActive":true,"focusedInteraction":"urman.chapter1:local/bathhouse/entrance","transformRevision":4,"angle":1.43117,"actionNumber":2,"action":"{\u0022phase\u0022:\u0022received\u0022,\u0022key\u0022:\u0022bathhouse/entrance\u0022,\u0022busy\u0022:false,\u0022sessionReady\u0022:true,\u0022feet\u0022:\u0022(-30.307096, 1.107898, 5.664687)\u0022,\u0022focus\u0022:true,\u0022forward\u0022:0,\u0022backward\u0022:0,\u0022left\u0022:0,\u0022right\u0022:0}","result":"committed","sweep":"{\u0022clear\u0022:true,\u0022samples\u0022:105,\u0022from\u0022:3.1415927,\u0022to\u0022:1.43117}","aim":"camera=(-30.485323, 2.8078978, 5.6898923) ray=(-0.9548284, -0.2647048, 0.13503397) hit=/root/Act1FacilitiesSmokeTest/Act1Demo/Main/ZoneHost/Act1ConnectedWorld/village-main-road/BathEntranceUse shape=/root/Act1FacilitiesSmokeTest/Act1Demo/Main/ZoneHost/Act1ConnectedWorld/village-main-road/BathEntranceUse/SurfaceRay at=(-31.052544, 2.6506493, 5.770108) held= busy=False registering=False registered=True heldPosition= heldPoseValid=False light= targetState= targetVisible= targetConcealed= modal=False pause=False focused=True physicsEnabled=True treePaused=False inputFrame=144/182 interactPresses=2 feedback= pickupProbe="}
act1-facilities: bath entrance opens its full 98-degree outward arc after clearing the player
act1-facilities: saving a door action keeps the stove interaction ray present
act1-facilities: bath door bypass has a real flat landing support
act1-facilities: bath bypass stands on its authored upper landing, not terrain underneath it
act1-facilities: both feet retain a complete level support beside the trimmed axe clearance
act1-facilities: both feet retain a complete level support beside the trimmed axe clearance
act1-facilities: both feet retain a complete level support beside the trimmed axe clearance
act1-facilities: both feet retain a complete level support beside the trimmed axe clearance
act1-facilities: both feet retain a complete level support beside the trimmed axe clearance
act1-facilities: both feet retain a complete level support beside the trimmed axe clearance
act1-facilities: both feet retain a complete level support beside the trimmed axe clearance
act1-facilities: both feet retain a complete level support beside the trimmed axe clearance
act1-facilities: both feet retain a complete level support beside the trimmed axe clearance
act1-facilities: full standing capsule fits beside the open leaf and the preserved shelter
act1-facilities: bath door bypass has a real flat landing support
act1-facilities: bath bypass stands on its authored upper landing, not terrain underneath it
act1-facilities: both feet retain a complete level support beside the trimmed axe clearance
act1-facilities: both feet retain a complete level support beside the trimmed axe clearance
act1-facilities: both feet retain a complete level support beside the trimmed axe clearance
act1-facilities: both feet retain a complete level support beside the trimmed axe clearance
act1-facilities: both feet retain a complete level support beside the trimmed axe clearance
act1-facilities: both feet retain a complete level support beside the trimmed axe clearance
act1-facilities: both feet retain a complete level support beside the trimmed axe clearance
act1-facilities: both feet retain a complete level support beside the trimmed axe clearance
act1-facilities: both feet retain a complete level support beside the trimmed axe clearance
act1-facilities: full standing capsule fits beside the open leaf and the preserved shelter
act1-facilities: bath door bypass has a real flat landing support
act1-facilities: bath bypass stands on its authored upper landing, not terrain underneath it
act1-facilities: both feet retain a complete level support beside the trimmed axe clearance
act1-facilities: both feet retain a complete level support beside the trimmed axe clearance
act1-facilities: both feet retain a complete level support beside the trimmed axe clearance
act1-facilities: both feet retain a complete level support beside the trimmed axe clearance
act1-facilities: both feet retain a complete level support beside the trimmed axe clearance
act1-facilities: both feet retain a complete level support beside the trimmed axe clearance
act1-facilities: both feet retain a complete level support beside the trimmed axe clearance
act1-facilities: both feet retain a complete level support beside the trimmed axe clearance
act1-facilities: both feet retain a complete level support beside the trimmed axe clearance
act1-facilities: full standing capsule fits beside the open leaf and the preserved shelter
act1-facilities: walk on the supported side of the fully open bath leaf; actual=(-30.037003, 1.107898, 4.6224504), expected=(-30.01603, 1.4110625, 4.5415125), grounded=True, settledFrames=3, waitedFrames=3, distance=0,08361108
act1-facilities: walk on the supported side of the fully open bath leaf; actual=(-31.03329, 1.4111726, 4.306521), expected=(-31.096355, 1.4110625, 4.286577), grounded=True, settledFrames=3, waitedFrames=3, distance=0,06614297
act1-facilities: walk on the supported side of the fully open bath leaf; actual=(-31.208178, 1.4111726, 4.7855983), expected=(-31.224972, 1.4110625, 4.8316073), grounded=True, settledFrames=3, waitedFrames=3, distance=0,048978355
act1-facilities: reach the original landing from the clear side of the open leaf; actual=(-31.577295, 1.4111726, 5.2878866), expected=(-31.625557, 1.4110625, 5.353557), grounded=True, settledFrames=3, waitedFrames=3, distance=0,08149724
state-final-render-sync-begin: label=facility/02b_bath_open_door_bypass tick=38480 drawn=280 process=280 physics=253 windowVisible=True focus=True mode=Windowed renderLoop=True
state-final-render-sync-end: label=facility/02b_bath_open_door_bypass milliseconds=14 forcedScreenshotRender=False
act1-facility-camera: {"kind":"native-game-camera","file":"/Users/unterlantas/Documents/GitHub/URMAN/docs/production/act1_takeover_evidence_2026-09-16/images-facilities-11/02b_bath_open_door_bypass.png","focus":true,"intendedAim":null,"cameraBefore":"[X: (0.6664958, 0, 0.7455088), Y: (0.6517695, 0.4854557, -0.5826915), Z: (-0.36191148, 0.8742613, 0.3235542), O: (-31.443104, 3.1111255, 5.1679177)]","cameraAfter":"[X: (0.6664958, 0, 0.7455088), Y: (0.6517695, 0.4854557, -0.5826915), Z: (-0.36191148, 0.8742613, 0.3235542), O: (-31.443104, 3.111133, 5.1679177)]","cameraUnchangedDuringRender":false,"cameraTravel":7.6293945E-06,"cameraForwardDot":1,"frameBefore":280,"frameAfter":280,"intendedAimDot":null,"humanArtReview":"not-run"}
state-final-render-sync-begin: label=facility/02d_bath_handle_attachment tick=38627 drawn=280 process=280 physics=253 windowVisible=True focus=True mode=Windowed renderLoop=True
state-final-render-sync-end: label=facility/02d_bath_handle_attachment milliseconds=34 forcedScreenshotRender=False
act1-facility-camera: {"kind":"native-game-camera","file":"/Users/unterlantas/Documents/GitHub/URMAN/docs/production/act1_takeover_evidence_2026-09-16/images-facilities-11/02d_bath_handle_attachment.png","focus":true,"intendedAim":null,"cameraBefore":"[X: (0.1638127, 0, 0.9864915), Y: (0.7319742, 0.6704027, -0.1215486), Z: (-0.66134655, 0.7419975, 0.10982047), O: (-31.399727, 3.111133, 5.2584004)]","cameraAfter":"[X: (0.1638127, 0, 0.9864915), Y: (0.7319742, 0.6704027, -0.1215486), Z: (-0.66134655, 0.7419975, 0.10982047), O: (-31.399727, 3.1111636, 5.2584004)]","cameraUnchangedDuringRender":false,"cameraTravel":3.0517578E-05,"cameraForwardDot":1,"frameBefore":280,"frameAfter":281,"intendedAimDot":null,"humanArtReview":"not-run"}
act1-facilities: walk through the actual exterior bath doorway; actual=(-31.866442, 1.4111726, 6.3837156), expected=(-31.887383, 1.4110625, 6.4630833), grounded=True, settledFrames=3, waitedFrames=3, distance=0,082083724
act1-facilities: predbannik is recognized from the actual player position
act1-facilities: physical room presentation follows the actual player; camera=(-31.912363, 3.1111724, 6.557759) ray=(-0.2551231, -0, 0.9669086) hit= shape= at=(0, 0, 0) held= busy=False registering=False registered=True heldPosition= heldPoseValid=False light= targetState= targetVisible= targetConcealed= modal=False pause=False focused=True physicsEnabled=True treePaused=False inputFrame=284/285 interactPresses=2 feedback= pickupProbe=
act1-facilities: actual snow emission and visibility follow shelter: bathhouse
act1-facilities: existing two-player ambience owner selects the indoor bed and returns to the village bed
act1-facilities: ambient crossfade reaches one active native playback without an extra owner; camera=(-31.912363, 3.1111724, 6.557759) ray=(-0.2551231, -0, 0.9669086) hit= shape= at=(0, 0, 0) held= busy=False registering=False registered=True heldPosition= heldPoseValid=False light= targetState= targetVisible= targetConcealed= modal=False pause=False focused=True physicsEnabled=True treePaused=False inputFrame=312/313 interactPresses=2 feedback= pickupProbe=
act1-facilities: walk within the changing room; actual=(-32.297897, 1.4111726, 7.1811447), expected=(-32.32592, 1.4110625, 7.232943), grounded=True, settledFrames=3, waitedFrames=3, distance=0,058892645
state-final-render-sync-begin: label=facility/02c_bath_partition_before_open tick=39877 drawn=402 process=402 physics=332 windowVisible=True focus=True mode=Windowed renderLoop=True
state-final-render-sync-end: label=facility/02c_bath_partition_before_open milliseconds=19 forcedScreenshotRender=False
act1-visible-surface: facility/02c_bath_partition_before_open/left-visible-owner pixel=(0.03, 0.85) distance=2,816 point=(-33.610714, 1.4110626, 9.0858) mesh=/root/Act1FacilitiesSmokeTest/Act1Demo/Main/ZoneHost/Act1ConnectedWorld/Act1CoreWorldGreybox/BabaiBathhouse/BathFloor triangle=9 vertices=[(-31.763126, 1.4110625, 9.985789);(-36.629467, 1.4110625, 8.837433);(-35.71078, 1.4110625, 4.94436)] shader= snow=0.0
act1-visible-surface: facility/02c_bath_partition_before_open/left-visible-owner pixel=(0.03, 0.85) distance=2,841 point=(-33.620766, 1.3960168, 9.1029415) mesh=/root/Act1FacilitiesSmokeTest/Act1Demo/Main/ZoneHost/Act1ConnectedWorld/Act1CoreWorldGreybox/BabaiBathhouse/BathStoneFoundation triangle=9 vertices=[(-31.696201, 1.396017, 10.094053);(-36.737732, 1.396017, 8.904356);(-35.777706, 1.396017, 4.8360953)] shader= snow=0.5
act1-visible-surface: facility/02c_bath_partition_before_open/left-visible-owner pixel=(0.03, 0.85) distance=3,205 point=(-33.767414, 1.1764932, 9.353034) mesh=/root/Act1FacilitiesSmokeTest/Act1Demo/Main/ZoneHost/Act1ConnectedWorld/Act1CoreWorldGreybox/AgentBExteriorWorld/AgentB_TerrainRoadKit/URMAN_AgentB_TerrainRoadKit/BabaiYard_WestDepthBank triangle=42 vertices=[(-34.5803, 1.2049999, 9.066999);(-32.454998, 1.1998999, 9.1329);(-32.7986, 1.1137999, 9.976)] shader= snow=0.0
act1-visible-surface: facility/02c_bath_partition_before_open/left-visible-owner pixel=(0.03, 0.85) distance=3,359 point=(-33.82944, 1.0836403, 9.458817) mesh=/root/Act1FacilitiesSmokeTest/Act1Demo/Main/ZoneHost/Act1ConnectedWorld/Act1CoreWorldGreybox/AgentBExteriorWorld/AgentB_TerrainRoadKit/URMAN_AgentB_TerrainRoadKit/Terrain_Main triangle=10450 vertices=[(-34.118797, 1.0911, 7.9873);(-32.0414, 0.99729997, 9.9661);(-34.0042, 1.0956, 10.1605)] shader= snow=0.0
act1-visible-surface: facility/02c_bath_partition_before_open/left-visible-owner pixel=(0.08, 0.8) distance=2,568 point=(-33.625572, 1.5391788, 8.821775) mesh=/root/Act1FacilitiesSmokeTest/Act1Demo/Main/ZoneHost/Act1ConnectedWorld/Act1CoreWorldGreybox/BabaiBathhouse/BathPartitionLeft triangle=1 vertices=[(-33.32818, 3.9610624, 7.561537);(-33.32818, 1.4110624, 7.561537);(-33.78752, 1.4110624, 9.508074)] shader= snow=0.0
act1-visible-surface: facility/02c_bath_partition_before_open/left-visible-owner pixel=(0.08, 0.8) distance=2,777 point=(-33.719345, 1.4110626, 8.95811) mesh=/root/Act1FacilitiesSmokeTest/Act1Demo/Main/ZoneHost/Act1ConnectedWorld/Act1CoreWorldGreybox/BabaiBathhouse/BathFloor triangle=9 vertices=[(-31.763126, 1.4110625, 9.985789);(-36.629467, 1.4110625, 8.837433);(-35.71078, 1.4110625, 4.94436)] shader= snow=0.0
act1-visible-surface: facility/02c_bath_partition_before_open/left-visible-owner pixel=(0.08, 0.8) distance=2,802 point=(-33.730354, 1.396017, 8.97412) mesh=/root/Act1FacilitiesSmokeTest/Act1Demo/Main/ZoneHost/Act1ConnectedWorld/Act1CoreWorldGreybox/BabaiBathhouse/BathStoneFoundation triangle=9 vertices=[(-31.696201, 1.396017, 10.094053);(-36.737732, 1.396017, 8.904356);(-35.777706, 1.396017, 4.8360953)] shader= snow=0.5
act1-visible-surface: facility/02c_bath_partition_before_open/left-visible-owner pixel=(0.08, 0.8) distance=3,133 point=(-33.878956, 1.1929908, 9.190169) mesh=/root/Act1FacilitiesSmokeTest/Act1Demo/Main/ZoneHost/Act1ConnectedWorld/Act1CoreWorldGreybox/AgentBExteriorWorld/AgentB_TerrainRoadKit/URMAN_AgentB_TerrainRoadKit/BabaiYard_WestDepthBank triangle=42 vertices=[(-34.5803, 1.2049999, 9.066999);(-32.454998, 1.1998999, 9.1329);(-32.7986, 1.1137999, 9.976)] shader= snow=0.0
act1-visible-surface: facility/02c_bath_partition_before_open/left-visible-owner pixel=(0.08, 0.8) distance=3,303 point=(-33.954975, 1.0891278, 9.300694) mesh=/root/Act1FacilitiesSmokeTest/Act1Demo/Main/ZoneHost/Act1ConnectedWorld/Act1CoreWorldGreybox/AgentBExteriorWorld/AgentB_TerrainRoadKit/URMAN_AgentB_TerrainRoadKit/Terrain_Main triangle=10450 vertices=[(-34.118797, 1.0911, 7.9873);(-32.0414, 0.99729997, 9.9661);(-34.0042, 1.0956, 10.1605)] shader= snow=0.0
act1-facility-camera: {"kind":"native-game-camera","file":"/Users/unterlantas/Documents/GitHub/URMAN/docs/production/act1_takeover_evidence_2026-09-16/images-facilities-11/02c_bath_partition_before_open.png","focus":true,"intendedAim":null,"cameraBefore":"[X: (0.17887138, 0, -0.9838725), Y: (-0.5971079, 0.7947816, -0.108556256), Z: (0.78196377, 0.6068956, 0.1421637), O: (-32.474995, 3.1111724, 7.1489477)]","cameraAfter":"[X: (0.17887138, 0, -0.9838725), Y: (-0.5971079, 0.7947816, -0.108556256), Z: (0.78196377, 0.6068956, 0.1421637), O: (-32.474995, 3.1111724, 7.1489477)]","cameraUnchangedDuringRender":true,"cameraTravel":0,"cameraForwardDot":1.0000001,"frameBefore":402,"frameAfter":402,"intendedAimDot":null,"humanArtReview":"not-run"}
act1-facilities: previous facility action finishes; camera=(-32.474995, 3.1111724, 7.1489477) ray=(-0.78196377, -0.60689557, -0.14216368) hit=/root/Act1FacilitiesSmokeTest/Act1Demo/Main/ZoneHost/Act1ConnectedWorld/village-main-road/BathWetRoomDoorUse shape=/root/Act1FacilitiesSmokeTest/Act1Demo/Main/ZoneHost/Act1ConnectedWorld/village-main-road/BathWetRoomDoorUse/SurfaceRay at=(-33.32041, 2.4550304, 6.9952483) held= busy=False registering=False registered=True heldPosition= heldPoseValid=False light= targetState= targetVisible= targetConcealed= modal=False pause=False focused=True physicsEnabled=True treePaused=False inputFrame=332/332 interactPresses=2 feedback= pickupProbe=
act1-facilities: actual available aim at BathWetRoomDoorUse; layer=4; camera=(-32.47499, 3.1111724, 7.1489396) ray=(-0.7819571, -0.60689545, -0.1422009) hit=/root/Act1FacilitiesSmokeTest/Act1Demo/Main/ZoneHost/Act1ConnectedWorld/village-main-road/BathWetRoomDoorUse shape=/root/Act1FacilitiesSmokeTest/Act1Demo/Main/ZoneHost/Act1ConnectedWorld/village-main-road/BathWetRoomDoorUse/SurfaceRay at=(-33.3204, 2.455031, 6.9952) held= busy=False registering=False registered=True heldPosition= heldPoseValid=False light= targetState= targetVisible= targetConcealed= modal=False pause=False focused=True physicsEnabled=True treePaused=False inputFrame=334/335 interactPresses=2 feedback= pickupProbe=
act1-facility-door: {"kind":"door-input-probe","phase":"before-input","target":"urman.chapter1:local/bathhouse/wet-door","feet":"(-32.297897, 1.4111726, 7.1811447)","velocity":"(0, 0, 0)","forward":0,"backward":0,"left":0,"right":0,"interact":0,"focus":true,"modal":false,"sessionReady":true,"noticeActive":false,"focusedInteraction":"urman.chapter1:local/bathhouse/wet-door","transformRevision":4,"angle":1.5707964,"actionNumber":0,"action":"not-called","result":"not-called","sweep":"not-called","aim":"camera=(-32.47499, 3.1111724, 7.1489396) ray=(-0.7819571, -0.60689545, -0.1422009) hit=/root/Act1FacilitiesSmokeTest/Act1Demo/Main/ZoneHost/Act1ConnectedWorld/village-main-road/BathWetRoomDoorUse shape=/root/Act1FacilitiesSmokeTest/Act1Demo/Main/ZoneHost/Act1ConnectedWorld/village-main-road/BathWetRoomDoorUse/SurfaceRay at=(-33.3204, 2.455031, 6.9952) held= busy=False registering=False registered=True heldPosition= heldPoseValid=False light= targetState= targetVisible= targetConcealed= modal=False pause=False focused=True physicsEnabled=True treePaused=False inputFrame=334/335 interactPresses=2 feedback= pickupProbe="}
act1-facilities: BathWetRoomDoorUse: passive focus follows the actual door during a result notice
act1-facility-door: {"kind":"door-input-probe","phase":"after-input","target":"urman.chapter1:local/bathhouse/wet-door","feet":"(-32.297897, 1.4111726, 7.1811447)","velocity":"(0, 0, 0)","forward":0,"backward":0,"left":0,"right":0,"interact":0,"focus":true,"modal":false,"sessionReady":true,"noticeActive":true,"focusedInteraction":"urman.chapter1:local/bathhouse/wet-door","transformRevision":4,"angle":1.7107962,"actionNumber":1,"action":"{\u0022phase\u0022:\u0022received\u0022,\u0022key\u0022:\u0022bathhouse/wet-door\u0022,\u0022busy\u0022:false,\u0022sessionReady\u0022:true,\u0022feet\u0022:\u0022(-32.297897, 1.4111726, 7.1811447)\u0022,\u0022focus\u0022:true,\u0022forward\u0022:0,\u0022backward\u0022:0,\u0022left\u0022:0,\u0022right\u0022:0}","result":"received","sweep":"{\u0022clear\u0022:true,\u0022samples\u0022:102,\u0022from\u0022:1.5707964,\u0022to\u0022:3.2288592}","aim":"camera=(-32.47499, 3.1111724, 7.1489396) ray=(-0.7819571, -0.60689545, -0.1422009) hit=/root/Act1FacilitiesSmokeTest/Act1Demo/Main/ZoneHost/Act1ConnectedWorld/village-main-road/BathWetRoomDoorUse shape=/root/Act1FacilitiesSmokeTest/Act1Demo/Main/ZoneHost/Act1ConnectedWorld/village-main-road/BathWetRoomDoorUse/SurfaceRay at=(-33.39606, 2.396305, 6.98144) held= busy=False registering=False registered=True heldPosition= heldPoseValid=False light= targetState= targetVisible= targetConcealed= modal=False pause=False focused=True physicsEnabled=True treePaused=False inputFrame=336/340 interactPresses=3 feedback= pickupProbe="}
act1-facilities: BathWetRoomDoorUse: one deliberate mapped press reaches exactly one door callback
SaveGameV3 written to /Users/unterlantas/Library/Application Support/Godot/app_userdata/URMAN/savegames/checkpoint.savegame-v3.json
act1-facilities: facility transaction and existing checkpoint save finish; camera=(-32.47499, 3.1111724, 7.1489396) ray=(-0.7819571, -0.60689545, -0.1422009) hit=/root/Act1FacilitiesSmokeTest/Act1Demo/Main/ZoneHost/Act1ConnectedWorld/village-main-road/BathWetRoomDoorUse shape=/root/Act1FacilitiesSmokeTest/Act1Demo/Main/ZoneHost/Act1ConnectedWorld/village-main-road/BathWetRoomDoorUse/SurfaceRay at=(-33.421303, 2.3767169, 6.9768496) held= busy=False registering=False registered=True heldPosition= heldPoseValid=False light= targetState= targetVisible= targetConcealed= modal=False pause=False focused=True physicsEnabled=True treePaused=False inputFrame=336/341 interactPresses=3 feedback= pickupProbe=
act1-facility-door: {"kind":"door-input-probe","phase":"after-transaction","target":"urman.chapter1:local/bathhouse/wet-door","feet":"(-32.297897, 1.4111726, 7.1811447)","velocity":"(0, 0, 0)","forward":0,"backward":0,"left":0,"right":0,"interact":0,"focus":true,"modal":false,"sessionReady":true,"noticeActive":true,"focusedInteraction":"urman.chapter1:local/bathhouse/wet-door","transformRevision":4,"angle":1.8974627,"actionNumber":1,"action":"{\u0022phase\u0022:\u0022received\u0022,\u0022key\u0022:\u0022bathhouse/wet-door\u0022,\u0022busy\u0022:false,\u0022sessionReady\u0022:true,\u0022feet\u0022:\u0022(-32.297897, 1.4111726, 7.1811447)\u0022,\u0022focus\u0022:true,\u0022forward\u0022:0,\u0022backward\u0022:0,\u0022left\u0022:0,\u0022right\u0022:0}","result":"committed","sweep":"{\u0022clear\u0022:true,\u0022samples\u0022:102,\u0022from\u0022:1.5707964,\u0022to\u0022:3.2288592}","aim":"camera=(-32.47499, 3.1111724, 7.1489396) ray=(-0.7819571, -0.60689545, -0.1422009) hit=/root/Act1FacilitiesSmokeTest/Act1Demo/Main/ZoneHost/Act1ConnectedWorld/village-main-road/BathWetRoomDoorUse shape=/root/Act1FacilitiesSmokeTest/Act1Demo/Main/ZoneHost/Act1ConnectedWorld/village-main-road/BathWetRoomDoorUse/SurfaceRay at=(-33.49868, 2.3166604, 6.962778) held= busy=False registering=False registered=True heldPosition= heldPoseValid=False light= targetState= targetVisible= targetConcealed= modal=False pause=False focused=True physicsEnabled=True treePaused=False inputFrame=336/344 interactPresses=3 feedback= pickupProbe="}
act1-facility-door: {"kind":"door-input-probe","phase":"finished-angle-wait","target":"urman.chapter1:local/bathhouse/wet-door","feet":"(-32.297897, 1.4111726, 7.1811447)","velocity":"(0, 0, 0)","forward":0,"backward":0,"left":0,"right":0,"interact":0,"focus":true,"modal":false,"sessionReady":true,"noticeActive":true,"focusedInteraction":"","transformRevision":4,"angle":3.2288592,"actionNumber":1,"action":"{\u0022phase\u0022:\u0022received\u0022,\u0022key\u0022:\u0022bathhouse/wet-door\u0022,\u0022busy\u0022:false,\u0022sessionReady\u0022:true,\u0022feet\u0022:\u0022(-32.297897, 1.4111726, 7.1811447)\u0022,\u0022focus\u0022:true,\u0022forward\u0022:0,\u0022backward\u0022:0,\u0022left\u0022:0,\u0022right\u0022:0}","result":"committed","sweep":"{\u0022clear\u0022:true,\u0022samples\u0022:102,\u0022from\u0022:1.5707964,\u0022to\u0022:3.2288592}","aim":"camera=(-32.47499, 3.1111724, 7.1489396) ray=(-0.7819571, -0.60689545, -0.1422009) hit= shape= at=(0, 0, 0) held= busy=False registering=False registered=True heldPosition= heldPoseValid=False light= targetState= targetVisible= targetConcealed= modal=False pause=False focused=True physicsEnabled=True treePaused=False inputFrame=336/373 interactPresses=3 feedback= pickupProbe="}
act1-facilities: inner bath door opens from its real narrow room
act1-facilities: walk through the second doorway into the wet room; actual=(-33.964386, 1.4111726, 6.8450794), expected=(-33.999943, 1.4110625, 6.8379083), grounded=True, settledFrames=3, waitedFrames=3, distance=0,03627273
act1-facilities: stand beyond the wet door's complete swept arc; actual=(-34.847076, 1.4111726, 6.637903), expected=(-34.924545, 1.4110625, 6.6197205), grounded=True, settledFrames=3, waitedFrames=3, distance=0,07957411
act1-facilities: previous facility action finishes; camera=(-35.022312, 3.1111724, 6.596773) ray=(-0.97354376, -0, -0.22850071) hit=/root/Act1FacilitiesSmokeTest/Act1Demo/Main/ZoneHost/Act1ConnectedWorld/village-main-road/BathCondensationRead shape=/root/Act1FacilitiesSmokeTest/Act1Demo/Main/ZoneHost/Act1ConnectedWorld/village-main-road/BathCondensationRead/SurfaceRay at=(-35.990578, 3.1111724, 6.36951) held= busy=False registering=False registered=True heldPosition= heldPoseValid=False light= targetState= targetVisible= targetConcealed= modal=False pause=False focused=True physicsEnabled=True treePaused=False inputFrame=336/425 interactPresses=3 feedback= pickupProbe=
act1-facilities: actual available aim at BathWetRoomDoorUse; layer=4; camera=(-34.720093, 3.1111724, 6.7654753) ray=(0.5685803, -0.5919757, 0.5712103) hit=/root/Act1FacilitiesSmokeTest/Act1Demo/Main/ZoneHost/Act1ConnectedWorld/village-main-road/BathWetRoomDoorUse shape=/root/Act1FacilitiesSmokeTest/Act1Demo/Main/ZoneHost/Act1ConnectedWorld/village-main-road/BathWetRoomDoorUse/SurfaceRay at=(-34.115303, 2.4814982, 7.3730617) held= busy=False registering=False registered=True heldPosition= heldPoseValid=False light= targetState= targetVisible= targetConcealed= modal=False pause=False focused=True physicsEnabled=True treePaused=False inputFrame=336/428 interactPresses=3 feedback= pickupProbe=
act1-facility-door: {"kind":"door-input-probe","phase":"before-input","target":"urman.chapter1:local/bathhouse/wet-door","feet":"(-34.847076, 1.4111726, 6.637903)","velocity":"(0, 0, 0)","forward":0,"backward":0,"left":0,"right":0,"interact":0,"focus":true,"modal":false,"sessionReady":true,"noticeActive":true,"focusedInteraction":"urman.chapter1:local/bathhouse/wet-door","transformRevision":4,"angle":3.2288592,"actionNumber":1,"action":"{\u0022phase\u0022:\u0022received\u0022,\u0022key\u0022:\u0022bathhouse/wet-door\u0022,\u0022busy\u0022:false,\u0022sessionReady\u0022:true,\u0022feet\u0022:\u0022(-32.297897, 1.4111726, 7.1811447)\u0022,\u0022focus\u0022:true,\u0022forward\u0022:0,\u0022backward\u0022:0,\u0022left\u0022:0,\u0022right\u0022:0}","result":"committed","sweep":"{\u0022clear\u0022:true,\u0022samples\u0022:102,\u0022from\u0022:1.5707964,\u0022to\u0022:3.2288592}","aim":"camera=(-34.720093, 3.1111724, 6.7654753) ray=(0.5685803, -0.5919757, 0.5712103) hit=/root/Act1FacilitiesSmokeTest/Act1Demo/Main/ZoneHost/Act1ConnectedWorld/village-main-road/BathWetRoomDoorUse shape=/root/Act1FacilitiesSmokeTest/Act1Demo/Main/ZoneHost/Act1ConnectedWorld/village-main-road/BathWetRoomDoorUse/SurfaceRay at=(-34.115303, 2.4814982, 7.3730617) held= busy=False registering=False registered=True heldPosition= heldPoseValid=False light= targetState= targetVisible= targetConcealed= modal=False pause=False focused=True physicsEnabled=True treePaused=False inputFrame=336/428 interactPresses=3 feedback= pickupProbe="}
act1-facilities: BathWetRoomDoorUse: passive focus follows the actual door during a result notice
SaveGameV3 written to /Users/unterlantas/Library/Application Support/Godot/app_userdata/URMAN/savegames/checkpoint.savegame-v3.json
act1-facility-door: {"kind":"door-input-probe","phase":"after-input","target":"urman.chapter1:local/bathhouse/wet-door","feet":"(-34.847076, 1.4111726, 6.637903)","velocity":"(0, 0, 0)","forward":0,"backward":0,"left":0,"right":0,"interact":0,"focus":true,"modal":false,"sessionReady":true,"noticeActive":true,"focusedInteraction":"urman.chapter1:local/bathhouse/wet-door","transformRevision":4,"angle":3.0888593,"actionNumber":2,"action":"{\u0022phase\u0022:\u0022received\u0022,\u0022key\u0022:\u0022bathhouse/wet-door\u0022,\u0022busy\u0022:false,\u0022sessionReady\u0022:true,\u0022feet\u0022:\u0022(-34.847076, 1.4111726, 6.637903)\u0022,\u0022focus\u0022:true,\u0022forward\u0022:0,\u0022backward\u0022:0,\u0022left\u0022:0,\u0022right\u0022:0}","result":"committed","sweep":"{\u0022clear\u0022:true,\u0022samples\u0022:102,\u0022from\u0022:3.2288592,\u0022to\u0022:1.5707964}","aim":"camera=(-34.720093, 3.1111724, 6.7654753) ray=(0.5685803, -0.5919757, 0.5712103) hit=/root/Act1FacilitiesSmokeTest/Act1Demo/Main/ZoneHost/Act1ConnectedWorld/village-main-road/BathWetRoomDoorUse shape=/root/Act1FacilitiesSmokeTest/Act1Demo/Main/ZoneHost/Act1ConnectedWorld/village-main-road/BathWetRoomDoorUse/SurfaceRay at=(-34.24406, 2.6155543, 7.2437077) held= busy=False registering=False registered=True heldPosition= heldPoseValid=False light= targetState= targetVisible= targetConcealed= modal=False pause=False focused=True physicsEnabled=True treePaused=False inputFrame=429/433 interactPresses=4 feedback= pickupProbe="}
act1-facilities: BathWetRoomDoorUse: one deliberate mapped press reaches exactly one door callback
act1-facilities: facility transaction and existing checkpoint save finish; camera=(-34.720093, 3.1111724, 6.7654753) ray=(0.5685803, -0.5919757, 0.5712103) hit=/root/Act1FacilitiesSmokeTest/Act1Demo/Main/ZoneHost/Act1ConnectedWorld/village-main-road/BathWetRoomDoorUse shape=/root/Act1FacilitiesSmokeTest/Act1Demo/Main/ZoneHost/Act1ConnectedWorld/village-main-road/BathWetRoomDoorUse/SurfaceRay at=(-34.24406, 2.6155543, 7.2437077) held= busy=False registering=False registered=True heldPosition= heldPoseValid=False light= targetState= targetVisible= targetConcealed= modal=False pause=False focused=True physicsEnabled=True treePaused=False inputFrame=429/433 interactPresses=4 feedback= pickupProbe=
act1-facility-door: {"kind":"door-input-probe","phase":"after-transaction","target":"urman.chapter1:local/bathhouse/wet-door","feet":"(-34.847076, 1.4111726, 6.637903)","velocity":"(0, 0, 0)","forward":0,"backward":0,"left":0,"right":0,"interact":0,"focus":true,"modal":false,"sessionReady":true,"noticeActive":true,"focusedInteraction":"urman.chapter1:local/bathhouse/wet-door","transformRevision":4,"angle":2.9488595,"actionNumber":2,"action":"{\u0022phase\u0022:\u0022received\u0022,\u0022key\u0022:\u0022bathhouse/wet-door\u0022,\u0022busy\u0022:false,\u0022sessionReady\u0022:true,\u0022feet\u0022:\u0022(-34.847076, 1.4111726, 6.637903)\u0022,\u0022focus\u0022:true,\u0022forward\u0022:0,\u0022backward\u0022:0,\u0022left\u0022:0,\u0022right\u0022:0}","result":"committed","sweep":"{\u0022clear\u0022:true,\u0022samples\u0022:102,\u0022from\u0022:3.2288592,\u0022to\u0022:1.5707964}","aim":"camera=(-34.720093, 3.1111724, 6.7654753) ray=(0.5685803, -0.5919757, 0.5712103) hit=/root/Act1FacilitiesSmokeTest/Act1Demo/Main/ZoneHost/Act1ConnectedWorld/village-main-road/BathWetRoomDoorUse shape=/root/Act1FacilitiesSmokeTest/Act1Demo/Main/ZoneHost/Act1ConnectedWorld/village-main-road/BathWetRoomDoorUse/SurfaceRay at=(-34.463665, 2.844192, 7.0230913) held= busy=False registering=False registered=True heldPosition= heldPoseValid=False light= targetState= targetVisible= targetConcealed= modal=False pause=False focused=True physicsEnabled=True treePaused=False inputFrame=429/436 interactPresses=4 feedback= pickupProbe="}
act1-facility-door: {"kind":"door-input-probe","phase":"waiting-angle","target":"urman.chapter1:local/bathhouse/wet-door","feet":"(-34.847076, 1.4111726, 6.637903)","velocity":"(0, 0, 0)","forward":0,"backward":0,"left":0,"right":0,"interact":0,"focus":true,"modal":false,"sessionReady":true,"noticeActive":true,"focusedInteraction":"","transformRevision":4,"angle":1.5707964,"actionNumber":2,"action":"{\u0022phase\u0022:\u0022received\u0022,\u0022key\u0022:\u0022bathhouse/wet-door\u0022,\u0022busy\u0022:false,\u0022sessionReady\u0022:true,\u0022feet\u0022:\u0022(-34.847076, 1.4111726, 6.637903)\u0022,\u0022focus\u0022:true,\u0022forward\u0022:0,\u0022backward\u0022:0,\u0022left\u0022:0,\u0022right\u0022:0}","result":"committed","sweep":"{\u0022clear\u0022:true,\u0022samples\u0022:102,\u0022from\u0022:3.2288592,\u0022to\u0022:1.5707964}","aim":"camera=(-34.720093, 3.1111724, 6.7654753) ray=(0.5685803, -0.5919757, 0.5712103) hit=/root/Act1FacilitiesSmokeTest/Act1Demo/Main/ZoneHost/Act1ConnectedWorld/Act1CoreWorldGreybox/BabaiBathhouse/BathPartitionLeftBody shape=/root/Act1FacilitiesSmokeTest/Act1Demo/Main/ZoneHost/Act1ConnectedWorld/Act1CoreWorldGreybox/BabaiBathhouse/BathPartitionLeftBody/Contact at=(-33.55935, 1.9026693, 7.9315867) held= busy=False registering=False registered=True heldPosition= heldPoseValid=False light= targetState= targetVisible= targetConcealed= modal=False pause=False focused=True physicsEnabled=True treePaused=False inputFrame=429/466 interactPresses=4 feedback= pickupProbe="}
act1-facility-door: {"kind":"door-input-probe","phase":"finished-angle-wait","target":"urman.chapter1:local/bathhouse/wet-door","feet":"(-34.847076, 1.4111726, 6.637903)","velocity":"(0, 0, 0)","forward":0,"backward":0,"left":0,"right":0,"interact":0,"focus":true,"modal":false,"sessionReady":true,"noticeActive":true,"focusedInteraction":"","transformRevision":4,"angle":1.5707964,"actionNumber":2,"action":"{\u0022phase\u0022:\u0022received\u0022,\u0022key\u0022:\u0022bathhouse/wet-door\u0022,\u0022busy\u0022:false,\u0022sessionReady\u0022:true,\u0022feet\u0022:\u0022(-34.847076, 1.4111726, 6.637903)\u0022,\u0022focus\u0022:true,\u0022forward\u0022:0,\u0022backward\u0022:0,\u0022left\u0022:0,\u0022right\u0022:0}","result":"committed","sweep":"{\u0022clear\u0022:true,\u0022samples\u0022:102,\u0022from\u0022:3.2288592,\u0022to\u0022:1.5707964}","aim":"camera=(-34.720093, 3.1111724, 6.7654753) ray=(0.5685803, -0.5919757, 0.5712103) hit=/root/Act1FacilitiesSmokeTest/Act1Demo/Main/ZoneHost/Act1ConnectedWorld/Act1CoreWorldGreybox/BabaiBathhouse/BathPartitionLeftBody shape=/root/Act1FacilitiesSmokeTest/Act1Demo/Main/ZoneHost/Act1ConnectedWorld/Act1CoreWorldGreybox/BabaiBathhouse/BathPartitionLeftBody/Contact at=(-33.55935, 1.9026693, 7.9315867) held= busy=False registering=False registered=True heldPosition= heldPoseValid=False light= targetState= targetVisible= targetConcealed= modal=False pause=False focused=True physicsEnabled=True treePaused=False inputFrame=429/466 interactPresses=4 feedback= pickupProbe="}
act1-facilities: manually close the wet room before tending the stove
act1-facilities: approach the heater after closing the real inner leaf; actual=(-34.07499, 1.4111726, 6.820191), expected=(-33.999943, 1.4110625, 6.8379083), grounded=True, settledFrames=3, waitedFrames=3, distance=0,07710959
act1-facilities: previous facility action finishes; camera=(-33.899807, 3.1111724, 6.86155) ray=(0.97324425, -0, 0.22977315) hit=/root/Act1FacilitiesSmokeTest/Act1Demo/Main/ZoneHost/Act1ConnectedWorld/village-main-road/BathWetRoomDoorUse shape=/root/Act1FacilitiesSmokeTest/Act1Demo/Main/ZoneHost/Act1ConnectedWorld/village-main-road/BathWetRoomDoorUse/SurfaceRay at=(-33.433025, 3.1111724, 6.9717526) held= busy=False registering=False registered=True heldPosition= heldPoseValid=False light= targetState= targetVisible= targetConcealed= modal=False pause=False focused=True physicsEnabled=True treePaused=False inputFrame=429/483 interactPresses=4 feedback= pickupProbe=
act1-facilities: actual available aim at BathSteamUse; layer=4; camera=(-34.163853, 3.1111724, 6.976725) ray=(-0.4648403, -0.33685067, 0.8188132) hit=/root/Act1FacilitiesSmokeTest/Act1Demo/Main/ZoneHost/Act1ConnectedWorld/village-main-road/BathSteamUse shape=/root/Act1FacilitiesSmokeTest/Act1Demo/Main/ZoneHost/Act1ConnectedWorld/village-main-road/BathSteamUse/SurfaceRay at=(-34.92298, 2.5610623, 8.313928) held= busy=False registering=False registered=True heldPosition= heldPoseValid=False light= targetState= targetVisible= targetConcealed= modal=False pause=False focused=True physicsEnabled=True treePaused=False inputFrame=429/486 interactPresses=4 feedback= pickupProbe=
act1-facilities: facility transaction and existing checkpoint save finish; camera=(-34.163853, 3.1111724, 6.976725) ray=(-0.4648403, -0.33685067, 0.8188132) hit=/root/Act1FacilitiesSmokeTest/Act1Demo/Main/ZoneHost/Act1ConnectedWorld/village-main-road/BathSteamUse shape=/root/Act1FacilitiesSmokeTest/Act1Demo/Main/ZoneHost/Act1ConnectedWorld/village-main-road/BathSteamUse/SurfaceRay at=(-34.92298, 2.5610623, 8.313928) held= busy=False registering=False registered=True heldPosition= heldPoseValid=False light= targetState= targetVisible= targetConcealed= modal=False pause=False focused=True physicsEnabled=True treePaused=False inputFrame=487/491 interactPresses=5 feedback= pickupProbe=
act1-facilities: water on cold stones gives a refusal with no resource or knowledge effect
act1-facility-ignition: {"kind":"bath-ignition-state","phase":"before-first-ignition","playSeconds":7.793623333333388,"playBlocks":"None","logsRemaining":5,"visibleLogs":5,"burnUntil":0,"heatUntil":0,"props":"{\u0022bathhouse/entrance\u0022:\u0022{\\u0022open\\u0022:true,\\u0022angle\\u0022:1.43117,\\u0022geometryVersion\\u0022:2}\u0022,\u0022bathhouse/wet-door\u0022:\u0022{\\u0022open\\u0022:false,\\u0022angle\\u0022:3.2288592}\u0022}","physicalPredicate":true,"actualFireboxVisible":true,"interactionCarrierVisible":false,"targetAvailable":true,"actionNumber":0,"result":"not-called","aim":"camera=(-34.163853, 3.1111724, 6.976725) ray=(-0.4648403, -0.33685067, 0.8188132) hit=/root/Act1FacilitiesSmokeTest/Act1Demo/Main/ZoneHost/Act1ConnectedWorld/village-main-road/BathSteamUse shape=/root/Act1FacilitiesSmokeTest/Act1Demo/Main/ZoneHost/Act1ConnectedWorld/village-main-road/BathSteamUse/SurfaceRay at=(-34.92298, 2.5610623, 8.313928) held= busy=False registering=False registered=True heldPosition= heldPoseValid=False light= targetState= targetVisible= targetConcealed= modal=False pause=False focused=True physicsEnabled=True treePaused=False inputFrame=487/494 interactPresses=5 feedback= pickupProbe="}
act1-facilities: previous facility action finishes; camera=(-34.163853, 3.1111724, 6.976725) ray=(-0.4648403, -0.33685067, 0.8188132) hit=/root/Act1FacilitiesSmokeTest/Act1Demo/Main/ZoneHost/Act1ConnectedWorld/village-main-road/BathSteamUse shape=/root/Act1FacilitiesSmokeTest/Act1Demo/Main/ZoneHost/Act1ConnectedWorld/village-main-road/BathSteamUse/SurfaceRay at=(-34.92298, 2.5610623, 8.313928) held= busy=False registering=False registered=True heldPosition= heldPoseValid=False light= targetState= targetVisible= targetConcealed= modal=False pause=False focused=True physicsEnabled=True treePaused=False inputFrame=487/494 interactPresses=5 feedback= pickupProbe=
act1-facilities: actual available aim at BathStoveUse; layer=4; camera=(-34.119324, 3.1111724, 6.994645) ray=(-0.2065733, -0.5446218, 0.81284344) hit=/root/Act1FacilitiesSmokeTest/Act1Demo/Main/ZoneHost/Act1ConnectedWorld/village-main-road/BathStoveUse shape=/root/Act1FacilitiesSmokeTest/Act1Demo/Main/ZoneHost/Act1ConnectedWorld/village-main-road/BathStoveUse/SurfaceRay at=(-34.47653, 2.1694136, 8.400213) held= busy=False registering=False registered=True heldPosition= heldPoseValid=False light= targetState= targetVisible= targetConcealed= modal=False pause=False focused=True physicsEnabled=True treePaused=False inputFrame=487/497 interactPresses=5 feedback= pickupProbe=
SaveGameV3 written to /Users/unterlantas/Library/Application Support/Godot/app_userdata/URMAN/savegames/checkpoint.savegame-v3.json
checkpoint: auto-saved at urman.chapter1:scene/arrival_vehicle_dusk
act1-facilities: facility transaction and existing checkpoint save finish; camera=(-34.119324, 3.1111724, 6.994645) ray=(-0.2065733, -0.5446218, 0.81284344) hit=/root/Act1FacilitiesSmokeTest/Act1Demo/Main/ZoneHost/Act1ConnectedWorld/village-main-road/BathStoveUse shape=/root/Act1FacilitiesSmokeTest/Act1Demo/Main/ZoneHost/Act1ConnectedWorld/village-main-road/BathStoveUse/SurfaceRay at=(-34.47653, 2.1694136, 8.400213) held= busy=False registering=False registered=True heldPosition= heldPoseValid=False light= targetState= targetVisible= targetConcealed= modal=False pause=False focused=True physicsEnabled=True treePaused=False inputFrame=499/502 interactPresses=6 feedback= pickupProbe=
act1-facility-ignition: {"kind":"bath-ignition-state","phase":"after-first-ignition","playSeconds":8.008711000000055,"playBlocks":"None","logsRemaining":4,"visibleLogs":4,"burnUntil":187.8950013333334,"heatUntil":607.8950013333334,"props":"{\u0022bathhouse/entrance\u0022:\u0022{\\u0022open\\u0022:true,\\u0022angle\\u0022:1.43117,\\u0022geometryVersion\\u0022:2}\u0022,\u0022bathhouse/stove\u0022:\u0022{\\u0022logsRemaining\\u0022:4,\\u0022burnUntil\\u0022:187.8950013333334,\\u0022heatUntil\\u0022:607.8950013333334}\u0022,\u0022bathhouse/wet-door\u0022:\u0022{\\u0022open\\u0022:false,\\u0022angle\\u0022:1.5707964}\u0022}","physicalPredicate":false,"actualFireboxVisible":true,"interactionCarrierVisible":false,"targetAvailable":true,"actionNumber":1,"result":"committed-family-matches","aim":"camera=(-34.119324, 3.1111724, 6.994645) ray=(-0.2065733, -0.5446218, 0.81284344) hit=/root/Act1FacilitiesSmokeTest/Act1Demo/Main/ZoneHost/Act1ConnectedWorld/village-main-road/BathStoveUse shape=/root/Act1FacilitiesSmokeTest/Act1Demo/Main/ZoneHost/Act1ConnectedWorld/village-main-road/BathStoveUse/SurfaceRay at=(-34.47653, 2.1694136, 8.400213) held= busy=False registering=False registered=True heldPosition= heldPoseValid=False light= targetState= targetVisible= targetConcealed= modal=False pause=False focused=True physicsEnabled=True treePaused=False inputFrame=499/505 interactPresses=6 feedback= pickupProbe="}
act1-facilities: actual ignition consumes one of five visible logs and leaves physical heat
act1-facilities: previous facility action finishes; camera=(-34.119324, 3.1111724, 6.994645) ray=(-0.2065733, -0.5446218, 0.81284344) hit=/root/Act1FacilitiesSmokeTest/Act1Demo/Main/ZoneHost/Act1ConnectedWorld/village-main-road/BathStoveUse shape=/root/Act1FacilitiesSmokeTest/Act1Demo/Main/ZoneHost/Act1ConnectedWorld/village-main-road/BathStoveUse/SurfaceRay at=(-34.47653, 2.1694136, 8.400213) held= busy=False registering=False registered=True heldPosition= heldPoseValid=False light= targetState= targetVisible= targetConcealed= modal=False pause=False focused=True physicsEnabled=True treePaused=False inputFrame=499/505 interactPresses=6 feedback= pickupProbe=
act1-facilities: actual available aim at BathStoveUse; layer=4; camera=(-34.119324, 3.1111724, 6.994645) ray=(-0.2065733, -0.5446218, 0.81284344) hit=/root/Act1FacilitiesSmokeTest/Act1Demo/Main/ZoneHost/Act1ConnectedWorld/village-main-road/BathStoveUse shape=/root/Act1FacilitiesSmokeTest/Act1Demo/Main/ZoneHost/Act1ConnectedWorld/village-main-road/BathStoveUse/SurfaceRay at=(-34.47653, 2.1694136, 8.400213) held= busy=False registering=False registered=True heldPosition= heldPoseValid=False light= targetState= targetVisible= targetConcealed= modal=False pause=False focused=True physicsEnabled=True treePaused=False inputFrame=499/508 interactPresses=6 feedback= pickupProbe=
act1-facilities: facility transaction and existing checkpoint save finish; camera=(-34.119324, 3.1111724, 6.994645) ray=(-0.2065733, -0.5446218, 0.81284344) hit=/root/Act1FacilitiesSmokeTest/Act1Demo/Main/ZoneHost/Act1ConnectedWorld/village-main-road/BathStoveUse shape=/root/Act1FacilitiesSmokeTest/Act1Demo/Main/ZoneHost/Act1ConnectedWorld/village-main-road/BathStoveUse/SurfaceRay at=(-34.47653, 2.1694136, 8.400213) held= busy=False registering=False registered=True heldPosition= heldPoseValid=False light= targetState= targetVisible= targetConcealed= modal=False pause=False focused=True physicsEnabled=True treePaused=False inputFrame=509/513 interactPresses=7 feedback= pickupProbe=
act1-facilities: repeat ignition while a log burns does not consume another log
act1-facilities: previous facility action finishes; camera=(-34.119324, 3.1111724, 6.994645) ray=(-0.2065733, -0.5446218, 0.81284344) hit=/root/Act1FacilitiesSmokeTest/Act1Demo/Main/ZoneHost/Act1ConnectedWorld/village-main-road/BathStoveUse shape=/root/Act1FacilitiesSmokeTest/Act1Demo/Main/ZoneHost/Act1ConnectedWorld/village-main-road/BathStoveUse/SurfaceRay at=(-34.47653, 2.1694136, 8.400213) held= busy=False registering=False registered=True heldPosition= heldPoseValid=False light= targetState= targetVisible= targetConcealed= modal=False pause=False focused=True physicsEnabled=True treePaused=False inputFrame=509/516 interactPresses=7 feedback= pickupProbe=
act1-facilities: actual available aim at BathSteamUse; layer=4; camera=(-34.163853, 3.1111724, 6.976725) ray=(-0.4648419, -0.3368505, 0.81881243) hit=/root/Act1FacilitiesSmokeTest/Act1Demo/Main/ZoneHost/Act1ConnectedWorld/village-main-road/BathSteamUse shape=/root/Act1FacilitiesSmokeTest/Act1Demo/Main/ZoneHost/Act1ConnectedWorld/village-main-road/BathSteamUse/SurfaceRay at=(-34.92298, 2.5610623, 8.313928) held= busy=False registering=False registered=True heldPosition= heldPoseValid=False light= targetState= targetVisible= targetConcealed= modal=False pause=False focused=True physicsEnabled=True treePaused=False inputFrame=509/519 interactPresses=7 feedback= pickupProbe=
SaveGameV3 written to /Users/unterlantas/Library/Application Support/Godot/app_userdata/URMAN/savegames/checkpoint.savegame-v3.json
act1-facilities: facility transaction and existing checkpoint save finish; camera=(-34.163853, 3.1111724, 6.976725) ray=(-0.4648419, -0.3368505, 0.81881243) hit=/root/Act1FacilitiesSmokeTest/Act1Demo/Main/ZoneHost/Act1ConnectedWorld/village-main-road/BathSteamUse shape=/root/Act1FacilitiesSmokeTest/Act1Demo/Main/ZoneHost/Act1ConnectedWorld/village-main-road/BathSteamUse/SurfaceRay at=(-34.92298, 2.5610623, 8.313928) held= busy=False registering=False registered=True heldPosition= heldPoseValid=False light= targetState= targetVisible= targetConcealed= modal=False pause=False focused=True physicsEnabled=True treePaused=False inputFrame=520/524 interactPresses=8 feedback= pickupProbe=
act1-facilities: one real ladle atomically creates steam and visible condensation
state-final-render-sync-begin: label=facility/03_bath_stove_and_steam tick=43288 drawn=639 process=639 physics=527 windowVisible=True focus=True mode=Windowed renderLoop=True
state-final-render-sync-end: label=facility/03_bath_stove_and_steam milliseconds=8 forcedScreenshotRender=False
act1-facility-camera: {"kind":"native-game-camera","file":"/Users/unterlantas/Documents/GitHub/URMAN/docs/production/act1_takeover_evidence_2026-09-16/images-facilities-11/03_bath_stove_and_steam.png","focus":true,"intendedAim":null,"cameraBefore":"[X: (-0.8696355, 0, -0.4936943), Y: (-0.16630116, 0.9415582, 0.29293716), Z: (0.4648419, 0.3368505, -0.81881243), O: (-34.163853, 3.1111724, 6.976725)]","cameraAfter":"[X: (-0.8696355, 0, -0.4936943), Y: (-0.16630116, 0.9415582, 0.29293716), Z: (0.4648419, 0.3368505, -0.81881243), O: (-34.163853, 3.1111724, 6.976725)]","cameraUnchangedDuringRender":true,"cameraTravel":0,"cameraForwardDot":1,"frameBefore":639,"frameAfter":639,"intendedAimDot":null,"humanArtReview":"not-run"}
act1-facilities: previous facility action finishes; camera=(-34.163853, 3.1111724, 6.976725) ray=(-0.4648419, -0.3368505, 0.81881243) hit=/root/Act1FacilitiesSmokeTest/Act1Demo/Main/ZoneHost/Act1ConnectedWorld/village-main-road/BathSteamUse shape=/root/Act1FacilitiesSmokeTest/Act1Demo/Main/ZoneHost/Act1ConnectedWorld/village-main-road/BathSteamUse/SurfaceRay at=(-34.92298, 2.5610623, 8.313928) held= busy=False registering=False registered=True heldPosition= heldPoseValid=False light= targetState= targetVisible= targetConcealed= modal=False pause=False focused=True physicsEnabled=True treePaused=False inputFrame=520/527 interactPresses=8 feedback= pickupProbe=
act1-facilities: actual available aim at BathSteamUse; layer=4; camera=(-34.163853, 3.1111724, 6.976725) ray=(-0.4648419, -0.33685052, 0.81881243) hit=/root/Act1FacilitiesSmokeTest/Act1Demo/Main/ZoneHost/Act1ConnectedWorld/village-main-road/BathSteamUse shape=/root/Act1FacilitiesSmokeTest/Act1Demo/Main/ZoneHost/Act1ConnectedWorld/village-main-road/BathSteamUse/SurfaceRay at=(-34.92298, 2.5610623, 8.313928) held= busy=False registering=False registered=True heldPosition= heldPoseValid=False light= targetState= targetVisible= targetConcealed= modal=False pause=False focused=True physicsEnabled=True treePaused=False inputFrame=520/530 interactPresses=8 feedback= pickupProbe=
act1-facilities: facility transaction and existing checkpoint save finish; camera=(-34.163853, 3.1111724, 6.976725) ray=(-0.4648419, -0.33685052, 0.81881243) hit=/root/Act1FacilitiesSmokeTest/Act1Demo/Main/ZoneHost/Act1ConnectedWorld/village-main-road/BathSteamUse shape=/root/Act1FacilitiesSmokeTest/Act1Demo/Main/ZoneHost/Act1ConnectedWorld/village-main-road/BathSteamUse/SurfaceRay at=(-34.92298, 2.5610623, 8.313928) held= busy=False registering=False registered=True heldPosition= heldPoseValid=False light= targetState= targetVisible= targetConcealed= modal=False pause=False focused=True physicsEnabled=True treePaused=False inputFrame=531/535 interactPresses=9 feedback= pickupProbe=
act1-facilities: repeat water during this steam pulse is refused without double consumption
act1-facilities: approach the actual wet window; actual=(-35.06774, 1.4111726, 6.5859303), expected=(-35.1192, 1.4110625, 6.5737863), grounded=True, settledFrames=3, waitedFrames=3, distance=0,05287379
act1-facilities: condensation makes the physical observation available inside the wet room
act1-facility-window: {"kind":"bath-window-sightline","Label":"central timber remains solid","aim":"(-35.986774, 2.9610624, 6.2663107)","camera":"[X: (0.32846764, 0, -0.9445152), Y: (-0.17566557, 0.98255265, -0.061090022), Z: (0.9280359, 0.1859849, 0.3227367), O: (-35.237755, 3.1111724, 6.5268064)]","feet":"(-35.06774, 1.4111726, 6.5859303)","owner":"/root/Act1FacilitiesSmokeTest/Act1Demo/Main/ZoneHost/Act1ConnectedWorld/Act1CoreWorldGreybox/BabaiBathhouse/BathWindow/Mullion0Body","shape":0,"contact":"(-35.95354, 2.9677236, 6.277882)"}
act1-facilities: central timber remains solid; camera=(-35.237755, 3.1111724, 6.5268064) ray=(-0.9280359, -0.1859849, -0.3227367) hit=/root/Act1FacilitiesSmokeTest/Act1Demo/Main/ZoneHost/Act1ConnectedWorld/Act1CoreWorldGreybox/BabaiBathhouse/BathWindow/Mullion0Body shape=/root/Act1FacilitiesSmokeTest/Act1Demo/Main/ZoneHost/Act1ConnectedWorld/Act1CoreWorldGreybox/BabaiBathhouse/BathWindow/Mullion0Body/Contact at=(-35.95354, 2.9677236, 6.277882) held= busy=False registering=False registered=True heldPosition= heldPoseValid=False light= targetState= targetVisible= targetConcealed= modal=False pause=False focused=True physicsEnabled=True treePaused=False inputFrame=531/562 interactPresses=9 feedback= pickupProbe=
act1-facility-window: {"kind":"bath-window-sightline","Label":"left wet pane is readable","aim":"(-36.03041, 3.0110626, 6.4512315)","camera":"[X: (0.13859865, 0, -0.99034864), Y: (-0.12418518, 0.99210685, -0.017379636), Z: (0.98253167, 0.12539542, 0.13750467), O: (-35.246002, 3.1111724, 6.5609827)]","feet":"(-35.06774, 1.4111726, 6.5859303)","owner":"/root/Act1FacilitiesSmokeTest/Act1Demo/Main/ZoneHost/Act1ConnectedWorld/village-main-road/BathCondensationRead","shape":0,"contact":"(-36.010513, 3.0136015, 6.4539895)"}
act1-facilities: left wet pane is readable; camera=(-35.246002, 3.1111724, 6.5609827) ray=(-0.98253167, -0.12539542, -0.13750467) hit=/root/Act1FacilitiesSmokeTest/Act1Demo/Main/ZoneHost/Act1ConnectedWorld/village-main-road/BathCondensationRead shape=/root/Act1FacilitiesSmokeTest/Act1Demo/Main/ZoneHost/Act1ConnectedWorld/village-main-road/BathCondensationRead/SurfaceRay at=(-36.010513, 3.0136015, 6.4539895) held= busy=False registering=False registered=True heldPosition= heldPoseValid=False light= targetState= targetVisible= targetConcealed= modal=False pause=False focused=True physicsEnabled=True treePaused=False inputFrame=531/565 interactPresses=9 feedback= pickupProbe=
act1-facility-window: {"kind":"bath-window-sightline","Label":"right wet pane is readable","aim":"(-35.94314, 3.0110626, 6.0813894)","camera":"[X: (0.4993203, 0, -0.86641747), Y: (-0.10370214, 0.99281126, -0.059764013), Z: (0.860189, 0.11969074, 0.49573085), O: (-35.223698, 3.1111724, 6.4960527)]","feet":"(-35.06774, 1.4111726, 6.5859303)","owner":"/root/Act1FacilitiesSmokeTest/Act1Demo/Main/ZoneHost/Act1ConnectedWorld/village-main-road/BathCondensationRead","shape":0,"contact":"(-35.925056, 3.013582, 6.0918555)"}
act1-facilities: right wet pane is readable; camera=(-35.223698, 3.1111724, 6.4960527) ray=(-0.860189, -0.11969074, -0.49573085) hit=/root/Act1FacilitiesSmokeTest/Act1Demo/Main/ZoneHost/Act1ConnectedWorld/village-main-road/BathCondensationRead shape=/root/Act1FacilitiesSmokeTest/Act1Demo/Main/ZoneHost/Act1ConnectedWorld/village-main-road/BathCondensationRead/SurfaceRay at=(-35.925056, 3.013582, 6.0918555) held= busy=False registering=False registered=True heldPosition= heldPoseValid=False light= targetState= targetVisible= targetConcealed= modal=False pause=False focused=True physicsEnabled=True treePaused=False inputFrame=531/568 interactPresses=9 feedback= pickupProbe=
state-final-render-sync-begin: label=facility/04_bath_condensation_before_observation tick=44102 drawn=700 process=700 physics=574 windowVisible=True focus=True mode=Windowed renderLoop=True
state-final-render-sync-end: label=facility/04_bath_condensation_before_observation milliseconds=7 forcedScreenshotRender=False
act1-facility-camera: {"kind":"native-game-camera","file":"/Users/unterlantas/Documents/GitHub/URMAN/docs/production/act1_takeover_evidence_2026-09-16/images-facilities-11/04_bath_condensation_before_observation.png","focus":true,"intendedAim":"(-36.03041, 3.0110626, 6.4512315)","cameraBefore":"[X: (0.13862237, 0, -0.9903453), Y: (-0.124184944, 0.99210685, -0.017382637), Z: (0.9825284, 0.1253956, 0.13752821), O: (-35.246002, 3.1111724, 6.5609784)]","cameraAfter":"[X: (0.13862237, 0, -0.9903453), Y: (-0.124184944, 0.99210685, -0.017382637), Z: (0.9825284, 0.1253956, 0.13752821), O: (-35.246002, 3.1111724, 6.5609784)]","cameraUnchangedDuringRender":true,"cameraTravel":0,"cameraForwardDot":1.0000001,"frameBefore":700,"frameAfter":700,"intendedAimDot":1,"humanArtReview":"not-run"}
act1-facilities: 04_bath_condensation_before_observation: the actual camera retains the intended view across the rendered frame
act1-facilities: previous facility action finishes; camera=(-35.246002, 3.1111724, 6.5609784) ray=(-0.9825284, -0.12539561, -0.13752821) hit=/root/Act1FacilitiesSmokeTest/Act1Demo/Main/ZoneHost/Act1ConnectedWorld/village-main-road/BathCondensationRead shape=/root/Act1FacilitiesSmokeTest/Act1Demo/Main/ZoneHost/Act1ConnectedWorld/village-main-road/BathCondensationRead/SurfaceRay at=(-36.01051, 3.0136018, 6.4539666) held= busy=False registering=False registered=True heldPosition= heldPoseValid=False light= targetState= targetVisible= targetConcealed= modal=False pause=False focused=True physicsEnabled=True treePaused=False inputFrame=531/574 interactPresses=9 feedback= pickupProbe=
act1-facilities: actual available aim at BathCondensationRead; layer=4; camera=(-35.246006, 3.1111724, 6.5609875) ray=(-0.98253524, -0.12539586, -0.13747892) hit=/root/Act1FacilitiesSmokeTest/Act1Demo/Main/ZoneHost/Act1ConnectedWorld/village-main-road/BathCondensationRead shape=/root/Act1FacilitiesSmokeTest/Act1Demo/Main/ZoneHost/Act1ConnectedWorld/village-main-road/BathCondensationRead/SurfaceRay at=(-36.01052, 3.0136013, 6.4540143) held= busy=False registering=False registered=True heldPosition= heldPoseValid=False light= targetState= targetVisible= targetConcealed= modal=False pause=False focused=True physicsEnabled=True treePaused=False inputFrame=531/577 interactPresses=9 feedback= pickupProbe=
[28] journal.changed: urman.chapter1:interaction/bathhouse-condensation-observation
act1-facilities: facility transaction and existing checkpoint save finish; camera=(-35.246006, 3.1111724, 6.5609875) ray=(-0.98253524, -0.12539586, -0.13747892) hit=/root/Act1FacilitiesSmokeTest/Act1Demo/Main/ZoneHost/Act1ConnectedWorld/Act1CoreWorldGreybox/BabaiBathhouse/BathWindow/GlassBody shape=/root/Act1FacilitiesSmokeTest/Act1Demo/Main/ZoneHost/Act1ConnectedWorld/Act1CoreWorldGreybox/BabaiBathhouse/BathWindow/GlassBody/Contact at=(-36.046326, 3.0090318, 6.4490056) held= busy=False registering=False registered=True heldPosition= heldPoseValid=False light= targetState= targetVisible= targetConcealed= modal=False pause=False focused=True physicsEnabled=True treePaused=False inputFrame=581/582 interactPresses=10 feedback= pickupProbe=
SaveGameV3 written to /Users/unterlantas/Library/Application Support/Godot/app_userdata/URMAN/savegames/checkpoint.savegame-v3.json
checkpoint: auto-saved at urman.chapter1:scene/arrival_vehicle_dusk
act1-facilities: one authored bath observation enters the notebook; camera=(-35.246006, 3.1111724, 6.5609875) ray=(-0.98253524, -0.12539586, -0.13747892) hit=/root/Act1FacilitiesSmokeTest/Act1Demo/Main/ZoneHost/Act1ConnectedWorld/Act1CoreWorldGreybox/BabaiBathhouse/BathWindow/GlassBody shape=/root/Act1FacilitiesSmokeTest/Act1Demo/Main/ZoneHost/Act1ConnectedWorld/Act1CoreWorldGreybox/BabaiBathhouse/BathWindow/GlassBody/Contact at=(-36.046326, 3.0090318, 6.4490056) held= busy=False registering=False registered=True heldPosition= heldPoseValid=False light= targetState= targetVisible= targetConcealed= modal=False pause=False focused=True physicsEnabled=True treePaused=False inputFrame=584/585 interactPresses=10 feedback= pickupProbe=
act1-facilities: the observation leaves ordinary control active until the player opens the notebook
act1-facilities: mapped journal action opens the notebook; camera=(-35.246006, 3.1111724, 6.5609875) ray=(-0.98253524, -0.12539586, -0.13747892) hit=/root/Act1FacilitiesSmokeTest/Act1Demo/Main/ZoneHost/Act1ConnectedWorld/Act1CoreWorldGreybox/BabaiBathhouse/BathWindow/GlassBody shape=/root/Act1FacilitiesSmokeTest/Act1Demo/Main/ZoneHost/Act1ConnectedWorld/Act1CoreWorldGreybox/BabaiBathhouse/BathWindow/GlassBody/Contact at=(-36.046326, 3.0090318, 6.4490056) held= busy=False registering=False registered=True heldPosition= heldPoseValid=False light= targetState= targetVisible= targetConcealed= modal=True pause=False focused=True physicsEnabled=True treePaused=False inputFrame=587/590 interactPresses=10 feedback= pickupProbe=
act1-facilities: the selected actual notebook entry displays its authored observation
state-final-render-sync-begin: label=facility/04b_bath_observation_notebook tick=44437 drawn=708 process=708 physics=594 windowVisible=True focus=True mode=Windowed renderLoop=True
state-final-render-sync-end: label=facility/04b_bath_observation_notebook milliseconds=11 forcedScreenshotRender=False
act1-facility-camera: {"kind":"native-game-camera","file":"/Users/unterlantas/Documents/GitHub/URMAN/docs/production/act1_takeover_evidence_2026-09-16/images-facilities-11/04b_bath_observation_notebook.png","focus":true,"intendedAim":null,"cameraBefore":"[X: (0.1385727, 0, -0.9903523), Y: (-0.12418608, 0.9921068, -0.017376443), Z: (0.98253524, 0.12539586, 0.1374789), O: (-35.246006, 3.1111724, 6.5609875)]","cameraAfter":"[X: (0.1385727, 0, -0.9903523), Y: (-0.12418608, 0.9921068, -0.017376443), Z: (0.98253524, 0.12539586, 0.1374789), O: (-35.246006, 3.1111724, 6.5609875)]","cameraUnchangedDuringRender":true,"cameraTravel":0,"cameraForwardDot":1,"frameBefore":708,"frameAfter":708,"intendedAimDot":null,"humanArtReview":"not-run"}
act1-facilities: close the notebook through its production button; camera=(-35.246006, 3.1111724, 6.5609875) ray=(-0.98253524, -0.12539586, -0.13747892) hit=/root/Act1FacilitiesSmokeTest/Act1Demo/Main/ZoneHost/Act1ConnectedWorld/Act1CoreWorldGreybox/BabaiBathhouse/BathWindow/GlassBody shape=/root/Act1FacilitiesSmokeTest/Act1Demo/Main/ZoneHost/Act1ConnectedWorld/Act1CoreWorldGreybox/BabaiBathhouse/BathWindow/GlassBody/Contact at=(-36.046326, 3.0090318, 6.4490056) held= busy=False registering=False registered=True heldPosition= heldPoseValid=False light= targetState= targetVisible= targetConcealed= modal=False pause=False focused=True physicsEnabled=True treePaused=False inputFrame=587/594 interactPresses=10 feedback= pickupProbe=
act1-facilities: reading the saved observation creates no duplicate notebook entry
act1-facilities: the same observation cannot make a second notebook entry
SaveGameV3 written to /Users/unterlantas/Library/Application Support/Godot/app_userdata/URMAN/savegames/facilities-bath-observed.savegame-v3.json
act1-facilities: save the attained steam, resources, position and notebook state
act1-facilities: stand beyond the wet door's complete swept arc; actual=(-34.957436, 1.4111726, 6.611959), expected=(-34.924545, 1.4110625, 6.6197205), grounded=True, settledFrames=3, waitedFrames=3, distance=0,03379369
act1-facilities: previous facility action finishes; camera=(-34.78225, 3.1111724, 6.6532984) ray=(0.97326976, -0, 0.22966515) hit=/root/Act1FacilitiesSmokeTest/Act1Demo/Main/ZoneHost/Act1ConnectedWorld/village-main-road/BathWetRoomDoorUse shape=/root/Act1FacilitiesSmokeTest/Act1Demo/Main/ZoneHost/Act1ConnectedWorld/village-main-road/BathWetRoomDoorUse/SurfaceRay at=(-33.43301, 3.1111724, 6.9716835) held= busy=False registering=False registered=True heldPosition= heldPoseValid=False light= targetState= targetVisible= targetConcealed= modal=False pause=False focused=True physicsEnabled=True treePaused=False inputFrame=602/603 interactPresses=10 feedback= pickupProbe=
act1-facilities: actual available aim at BathWetRoomDoorUse; layer=4; camera=(-34.78225, 3.1111724, 6.6533) ray=(0.87574023, -0.4363166, 0.20665666) hit=/root/Act1FacilitiesSmokeTest/Act1Demo/Main/ZoneHost/Act1ConnectedWorld/village-main-road/BathWetRoomDoorUse shape=/root/Act1FacilitiesSmokeTest/Act1Demo/Main/ZoneHost/Act1ConnectedWorld/village-main-road/BathWetRoomDoorUse/SurfaceRay at=(-33.43301, 2.4389462, 6.9716926) held= busy=False registering=False registered=True heldPosition= heldPoseValid=False light= targetState= targetVisible= targetConcealed= modal=False pause=False focused=True physicsEnabled=True treePaused=False inputFrame=605/606 interactPresses=10 feedback= pickupProbe=
act1-facility-door: {"kind":"door-input-probe","phase":"before-input","target":"urman.chapter1:local/bathhouse/wet-door","feet":"(-34.957436, 1.4111726, 6.611959)","velocity":"(0, 0, 0)","forward":0,"backward":0,"left":0,"right":0,"interact":0,"focus":true,"modal":false,"sessionReady":true,"noticeActive":false,"focusedInteraction":"urman.chapter1:local/bathhouse/wet-door","transformRevision":4,"angle":1.5707964,"actionNumber":2,"action":"{\u0022phase\u0022:\u0022received\u0022,\u0022key\u0022:\u0022bathhouse/wet-door\u0022,\u0022busy\u0022:false,\u0022sessionReady\u0022:true,\u0022feet\u0022:\u0022(-34.847076, 1.4111726, 6.637903)\u0022,\u0022focus\u0022:true,\u0022forward\u0022:0,\u0022backward\u0022:0,\u0022left\u0022:0,\u0022right\u0022:0}","result":"committed","sweep":"{\u0022clear\u0022:true,\u0022samples\u0022:102,\u0022from\u0022:3.2288592,\u0022to\u0022:1.5707964}","aim":"camera=(-34.78225, 3.1111724, 6.6533) ray=(0.87574023, -0.4363166, 0.20665666) hit=/root/Act1FacilitiesSmokeTest/Act1Demo/Main/ZoneHost/Act1ConnectedWorld/village-main-road/BathWetRoomDoorUse shape=/root/Act1FacilitiesSmokeTest/Act1Demo/Main/ZoneHost/Act1ConnectedWorld/village-main-road/BathWetRoomDoorUse/SurfaceRay at=(-33.43301, 2.4389462, 6.9716926) held= busy=False registering=False registered=True heldPosition= heldPoseValid=False light= targetState= targetVisible= targetConcealed= modal=False pause=False focused=True physicsEnabled=True treePaused=False inputFrame=605/606 interactPresses=10 feedback= pickupProbe="}
act1-facilities: BathWetRoomDoorUse: passive focus follows the actual door during a result notice
SaveGameV3 written to /Users/unterlantas/Library/Application Support/Godot/app_userdata/URMAN/savegames/checkpoint.savegame-v3.json
act1-facility-door: {"kind":"door-input-probe","phase":"after-input","target":"urman.chapter1:local/bathhouse/wet-door","feet":"(-34.957436, 1.4111726, 6.611959)","velocity":"(0, 0, 0)","forward":0,"backward":0,"left":0,"right":0,"interact":0,"focus":true,"modal":false,"sessionReady":true,"noticeActive":true,"focusedInteraction":"urman.chapter1:local/bathhouse/wet-door","transformRevision":4,"angle":1.7107962,"actionNumber":3,"action":"{\u0022phase\u0022:\u0022received\u0022,\u0022key\u0022:\u0022bathhouse/wet-door\u0022,\u0022busy\u0022:false,\u0022sessionReady\u0022:true,\u0022feet\u0022:\u0022(-34.957436, 1.4111726, 6.611959)\u0022,\u0022focus\u0022:true,\u0022forward\u0022:0,\u0022backward\u0022:0,\u0022left\u0022:0,\u0022right\u0022:0}","result":"committed","sweep":"{\u0022clear\u0022:true,\u0022samples\u0022:102,\u0022from\u0022:1.5707964,\u0022to\u0022:3.2288592}","aim":"camera=(-34.78225, 3.1111724, 6.6533) ray=(0.87574023, -0.4363166, 0.20665666) hit=/root/Act1FacilitiesSmokeTest/Act1Demo/Main/ZoneHost/Act1ConnectedWorld/village-main-road/BathWetRoomDoorUse shape=/root/Act1FacilitiesSmokeTest/Act1Demo/Main/ZoneHost/Act1ConnectedWorld/village-main-road/BathWetRoomDoorUse/SurfaceRay at=(-33.509003, 2.4768083, 6.95376) held= busy=False registering=False registered=True heldPosition= heldPoseValid=False light= targetState= targetVisible= targetConcealed= modal=False pause=False focused=True physicsEnabled=True treePaused=False inputFrame=607/611 interactPresses=11 feedback= pickupProbe="}
act1-facilities: BathWetRoomDoorUse: one deliberate mapped press reaches exactly one door callback
act1-facilities: facility transaction and existing checkpoint save finish; camera=(-34.78225, 3.1111724, 6.6533) ray=(0.87574023, -0.4363166, 0.20665666) hit=/root/Act1FacilitiesSmokeTest/Act1Demo/Main/ZoneHost/Act1ConnectedWorld/village-main-road/BathWetRoomDoorUse shape=/root/Act1FacilitiesSmokeTest/Act1Demo/Main/ZoneHost/Act1ConnectedWorld/village-main-road/BathWetRoomDoorUse/SurfaceRay at=(-33.509003, 2.4768083, 6.95376) held= busy=False registering=False registered=True heldPosition= heldPoseValid=False light= targetState= targetVisible= targetConcealed= modal=False pause=False focused=True physicsEnabled=True treePaused=False inputFrame=607/611 interactPresses=11 feedback= pickupProbe=
act1-facility-door: {"kind":"door-input-probe","phase":"after-transaction","target":"urman.chapter1:local/bathhouse/wet-door","feet":"(-34.957436, 1.4111726, 6.611959)","velocity":"(0, 0, 0)","forward":0,"backward":0,"left":0,"right":0,"interact":0,"focus":true,"modal":false,"sessionReady":true,"noticeActive":true,"focusedInteraction":"urman.chapter1:local/bathhouse/wet-door","transformRevision":4,"angle":1.8507961,"actionNumber":3,"action":"{\u0022phase\u0022:\u0022received\u0022,\u0022key\u0022:\u0022bathhouse/wet-door\u0022,\u0022busy\u0022:false,\u0022sessionReady\u0022:true,\u0022feet\u0022:\u0022(-34.957436, 1.4111726, 6.611959)\u0022,\u0022focus\u0022:true,\u0022forward\u0022:0,\u0022backward\u0022:0,\u0022left\u0022:0,\u0022right\u0022:0}","result":"committed","sweep":"{\u0022clear\u0022:true,\u0022samples\u0022:102,\u0022from\u0022:1.5707964,\u0022to\u0022:3.2288592}","aim":"camera=(-34.78225, 3.1111724, 6.6533) ray=(0.87574023, -0.4363166, 0.20665666) hit=/root/Act1FacilitiesSmokeTest/Act1Demo/Main/ZoneHost/Act1ConnectedWorld/village-main-road/BathWetRoomDoorUse shape=/root/Act1FacilitiesSmokeTest/Act1Demo/Main/ZoneHost/Act1ConnectedWorld/village-main-road/BathWetRoomDoorUse/SurfaceRay at=(-33.589207, 2.516768, 6.934833) held= busy=False registering=False registered=True heldPosition= heldPoseValid=False light= targetState= targetVisible= targetConcealed= modal=False pause=False focused=True physicsEnabled=True treePaused=False inputFrame=607/614 interactPresses=11 feedback= pickupProbe="}
act1-facility-door: {"kind":"door-input-probe","phase":"finished-angle-wait","target":"urman.chapter1:local/bathhouse/wet-door","feet":"(-34.957436, 1.4111726, 6.611959)","velocity":"(0, 0, 0)","forward":0,"backward":0,"left":0,"right":0,"interact":0,"focus":true,"modal":false,"sessionReady":true,"noticeActive":true,"focusedInteraction":"","transformRevision":4,"angle":3.2288592,"actionNumber":3,"action":"{\u0022phase\u0022:\u0022received\u0022,\u0022key\u0022:\u0022bathhouse/wet-door\u0022,\u0022busy\u0022:false,\u0022sessionReady\u0022:true,\u0022feet\u0022:\u0022(-34.957436, 1.4111726, 6.611959)\u0022,\u0022focus\u0022:true,\u0022forward\u0022:0,\u0022backward\u0022:0,\u0022left\u0022:0,\u0022right\u0022:0}","result":"committed","sweep":"{\u0022clear\u0022:true,\u0022samples\u0022:102,\u0022from\u0022:1.5707964,\u0022to\u0022:3.2288592}","aim":"camera=(-34.78225, 3.1111724, 6.6533) ray=(0.87574023, -0.4363166, 0.20665666) hit= shape= at=(0, 0, 0) held= busy=False registering=False registered=True heldPosition= heldPoseValid=False light= targetState= targetVisible= targetConcealed= modal=False pause=False focused=True physicsEnabled=True treePaused=False inputFrame=607/644 interactPresses=11 feedback= pickupProbe="}
act1-facilities: manually reopen the wet room before returning
act1-facilities: leave the wet room through its actual doorway; actual=(-32.36525, 1.4111726, 7.223661), expected=(-32.32592, 1.4110625, 7.232943), grounded=True, settledFrames=3, waitedFrames=3, distance=0,040410016
act1-facilities: cross the changing room toward the outside door; actual=(-31.913042, 1.4111726, 6.503927), expected=(-31.887383, 1.4110625, 6.4630833), grounded=True, settledFrames=3, waitedFrames=3, distance=0,048235282
act1-facilities: exit onto the supported upper landing; actual=(-31.638268, 1.4111726, 5.404413), expected=(-31.625557, 1.4110625, 5.353557), grounded=True, settledFrames=3, waitedFrames=3, distance=0,052420445
act1-facilities: return around the same open bath leaf on the supported landing; actual=(-31.27354, 1.4111726, 4.898923), expected=(-31.224972, 1.4110625, 4.8316073), grounded=True, settledFrames=3, waitedFrames=3, distance=0,08300788
act1-facilities: return around the same open bath leaf on the supported landing; actual=(-31.116032, 1.4111726, 4.354581), expected=(-31.096355, 1.4110625, 4.286577), grounded=True, settledFrames=3, waitedFrames=3, distance=0,07079301
act1-facilities: return around the same open bath leaf on the supported landing; actual=(-30.041075, 1.1079232, 4.5381317), expected=(-30.01603, 1.4110625, 4.5415125), grounded=True, settledFrames=3, waitedFrames=6, distance=0,025272544
act1-facilities: return to the original lower stair flight; actual=(-30.265532, 1.1079232, 5.5911374), expected=(-30.282448, 1.4110625, 5.6705036), grounded=True, settledFrames=3, waitedFrames=3, distance=0,08114897
act1-facilities: leave the bathhouse by the same physical steps; actual=(-29.177423, 0.6567949, 5.928059), expected=(-29.133991, 0.6949753, 5.941516), grounded=True, settledFrames=3, waitedFrames=4, distance=0,045469165
act1-facilities: ordinary exit leaves the bath interior volume
act1-facilities: physical room presentation follows the actual player; camera=(-29.005487, 2.3567948, 5.98133) ray=(0.9552036, -0, 0.29594967) hit= shape= at=(0, 0, 0) held= busy=False registering=False registered=True heldPosition= heldPoseValid=False light= targetState= targetVisible= targetConcealed= modal=False pause=False focused=True physicsEnabled=True treePaused=False inputFrame=832/833 interactPresses=11 feedback= pickupProbe=
act1-facilities: actual snow emission and visibility follow shelter: outside
act1-facilities: existing two-player ambience owner selects the indoor bed and returns to the village bed
act1-facilities: ambient crossfade reaches one active native playback without an extra owner; camera=(-29.005487, 2.3567948, 5.98133) ray=(0.9552036, -0, 0.29594967) hit= shape= at=(0, 0, 0) held= busy=False registering=False registered=True heldPosition= heldPoseValid=False light= targetState= targetVisible= targetConcealed= modal=False pause=False focused=True physicsEnabled=True treePaused=False inputFrame=832/833 interactPresses=11 feedback= pickupProbe=
act1-facilities: pending action is finished before loading facilities-bath-observed; camera=(-29.005487, 2.3567948, 5.98133) ray=(0.9552036, -0, 0.29594967) hit= shape= at=(0, 0, 0) held= busy=False registering=False registered=True heldPosition= heldPoseValid=False light= targetState= targetVisible= targetConcealed= modal=False pause=False focused=True physicsEnabled=True treePaused=False inputFrame=832/833 interactPresses=11 feedback= pickupProbe=
zone-loaded: village_day@arrival connected-world=116886869495
SaveGameV3 restored.
act1-facilities: load attained save facilities-bath-observed
act1-facilities: load restores supported indoor feet, exact exterior and wet-room door angles, consumed resources and single observation
state-final-render-sync-begin: label=facility/05_bath_saved_return tick=48638 drawn=939 process=939 physics=846 windowVisible=True focus=True mode=Windowed renderLoop=True
state-final-render-sync-end: label=facility/05_bath_saved_return milliseconds=12 forcedScreenshotRender=False
act1-facility-camera: {"kind":"native-game-camera","file":"/Users/unterlantas/Documents/GitHub/URMAN/docs/production/act1_takeover_evidence_2026-09-16/images-facilities-11/05_bath_saved_return.png","focus":true,"intendedAim":null,"cameraBefore":"[X: (0.13857268, 0, -0.9903523), Y: (-0.12418591, 0.9921068, -0.017376417), Z: (0.98253524, 0.1253957, 0.13747889), O: (-35.246002, 3.1111727, 6.5609875)]","cameraAfter":"[X: (0.13857268, 0, -0.9903523), Y: (-0.12418591, 0.9921068, -0.017376417), Z: (0.98253524, 0.1253957, 0.13747889), O: (-35.246002, 3.1111727, 6.5609875)]","cameraUnchangedDuringRender":true,"cameraTravel":0,"cameraForwardDot":1,"frameBefore":939,"frameAfter":939,"intendedAimDot":null,"humanArtReview":"not-run"}
act1-facilities: physical room presentation follows the actual player; camera=(-35.246002, 3.1111727, 6.5609875) ray=(-0.98253524, -0.12539572, -0.13747889) hit=/root/Act1FacilitiesSmokeTest/Act1Demo/Main/ZoneHost/Act1ConnectedWorld/Act1CoreWorldGreybox/BabaiBathhouse/BathWindow/GlassBody shape=/root/Act1FacilitiesSmokeTest/Act1Demo/Main/ZoneHost/Act1ConnectedWorld/Act1CoreWorldGreybox/BabaiBathhouse/BathWindow/GlassBody/Contact at=(-36.046326, 3.0090315, 6.449005) held= busy=False registering=False registered=True heldPosition= heldPoseValid=False light= targetState= targetVisible= targetConcealed= modal=False pause=False focused=True physicsEnabled=True treePaused=False inputFrame=846/846 interactPresses=11 feedback= pickupProbe=
act1-facilities: actual snow emission and visibility follow shelter: bathhouse
act1-facilities: existing two-player ambience owner selects the indoor bed and returns to the village bed
act1-facilities: ambient crossfade reaches one active native playback without an extra owner; camera=(-35.246002, 3.1111727, 6.5609875) ray=(-0.98253524, -0.12539572, -0.13747889) hit=/root/Act1FacilitiesSmokeTest/Act1Demo/Main/ZoneHost/Act1ConnectedWorld/Act1CoreWorldGreybox/BabaiBathhouse/BathWindow/GlassBody shape=/root/Act1FacilitiesSmokeTest/Act1Demo/Main/ZoneHost/Act1ConnectedWorld/Act1CoreWorldGreybox/BabaiBathhouse/BathWindow/GlassBody/Contact at=(-36.046326, 3.0090315, 6.449005) held= busy=False registering=False registered=True heldPosition= heldPoseValid=False light= targetState= targetVisible= targetConcealed= modal=False pause=False focused=True physicsEnabled=True treePaused=False inputFrame=872/873 interactPresses=11 feedback= pickupProbe=
act1-facilities: return to the physical heater controls; actual=(-34.07499, 1.4111726, 6.8201976), expected=(-33.999943, 1.4110625, 6.8379083), grounded=True, settledFrames=3, waitedFrames=3, distance=0,077108055
act1-facilities: clock expiry starts from active supported gameplay
act1-facilities: allow the previous steam pulse to dissipate using the actual clock while stationary
act1-facilities: previous facility action finishes; camera=(-33.899803, 3.1111727, 6.8615403) ray=(0.97326565, -0, 0.22968242) hit=/root/Act1FacilitiesSmokeTest/Act1Demo/Main/ZoneHost/Act1ConnectedWorld/village-main-road/BathWetRoomDoorUse shape=/root/Act1FacilitiesSmokeTest/Act1Demo/Main/ZoneHost/Act1ConnectedWorld/village-main-road/BathWetRoomDoorUse/SurfaceRay at=(-33.433014, 3.1111727, 6.971699) held= busy=False registering=False registered=True heldPosition= heldPoseValid=False light= targetState= targetVisible= targetConcealed= modal=False pause=False focused=True physicsEnabled=True treePaused=False inputFrame=921/922 interactPresses=11 feedback= pickupProbe=
act1-facilities: actual available aim at BathSteamUse; layer=4; camera=(-34.163853, 3.1111727, 6.9767313) ray=(-0.4648416, -0.33685112, 0.8188123) hit=/root/Act1FacilitiesSmokeTest/Act1Demo/Main/ZoneHost/Act1ConnectedWorld/village-main-road/BathSteamUse shape=/root/Act1FacilitiesSmokeTest/Act1Demo/Main/ZoneHost/Act1ConnectedWorld/village-main-road/BathSteamUse/SurfaceRay at=(-34.92298, 2.5610623, 8.3139305) held= busy=False registering=False registered=True heldPosition= heldPoseValid=False light= targetState= targetVisible= targetConcealed= modal=False pause=False focused=True physicsEnabled=True treePaused=False inputFrame=924/925 interactPresses=11 feedback= pickupProbe=
SaveGameV3 written to /Users/unterlantas/Library/Application Support/Godot/app_userdata/URMAN/savegames/checkpoint.savegame-v3.json
act1-facilities: facility transaction and existing checkpoint save finish; camera=(-34.163853, 3.1111727, 6.9767313) ray=(-0.4648416, -0.33685112, 0.8188123) hit=/root/Act1FacilitiesSmokeTest/Act1Demo/Main/ZoneHost/Act1ConnectedWorld/village-main-road/BathSteamUse shape=/root/Act1FacilitiesSmokeTest/Act1Demo/Main/ZoneHost/Act1ConnectedWorld/village-main-road/BathSteamUse/SurfaceRay at=(-34.92298, 2.5610623, 8.3139305) held= busy=False registering=False registered=True heldPosition= heldPoseValid=False light= targetState= targetVisible= targetConcealed= modal=False pause=False focused=True physicsEnabled=True treePaused=False inputFrame=926/930 interactPresses=12 feedback= pickupProbe=
act1-facilities: finite water falls to 6 ladles
act1-facilities: clock expiry starts from active supported gameplay
act1-facilities: allow the previous steam pulse to dissipate using the actual clock while stationary
act1-facilities: previous facility action finishes; camera=(-34.163853, 3.1111727, 6.9767313) ray=(-0.4648416, -0.33685112, 0.8188123) hit=/root/Act1FacilitiesSmokeTest/Act1Demo/Main/ZoneHost/Act1ConnectedWorld/village-main-road/BathSteamUse shape=/root/Act1FacilitiesSmokeTest/Act1Demo/Main/ZoneHost/Act1ConnectedWorld/village-main-road/BathSteamUse/SurfaceRay at=(-34.92298, 2.5610623, 8.3139305) held= busy=False registering=False registered=True heldPosition= heldPoseValid=False light= targetState= targetVisible= targetConcealed= modal=False pause=False focused=True physicsEnabled=True treePaused=False inputFrame=926/965 interactPresses=12 feedback= pickupProbe=
act1-facilities: actual available aim at BathSteamUse; layer=4; camera=(-34.163853, 3.1111727, 6.9767313) ray=(-0.4648434, -0.3368509, 0.81881136) hit=/root/Act1FacilitiesSmokeTest/Act1Demo/Main/ZoneHost/Act1ConnectedWorld/village-main-road/BathSteamUse shape=/root/Act1FacilitiesSmokeTest/Act1Demo/Main/ZoneHost/Act1ConnectedWorld/village-main-road/BathSteamUse/SurfaceRay at=(-34.922985, 2.5610623, 8.31393) held= busy=False registering=False registered=True heldPosition= heldPoseValid=False light= targetState= targetVisible= targetConcealed= modal=False pause=False focused=True physicsEnabled=True treePaused=False inputFrame=926/968 interactPresses=12 feedback= pickupProbe=
SaveGameV3 written to /Users/unterlantas/Library/Application Support/Godot/app_userdata/URMAN/savegames/checkpoint.savegame-v3.json
act1-facilities: facility transaction and existing checkpoint save finish; camera=(-34.163853, 3.1111727, 6.9767313) ray=(-0.4648434, -0.3368509, 0.81881136) hit=/root/Act1FacilitiesSmokeTest/Act1Demo/Main/ZoneHost/Act1ConnectedWorld/village-main-road/BathSteamUse shape=/root/Act1FacilitiesSmokeTest/Act1Demo/Main/ZoneHost/Act1ConnectedWorld/village-main-road/BathSteamUse/SurfaceRay at=(-34.922985, 2.5610623, 8.31393) held= busy=False registering=False registered=True heldPosition= heldPoseValid=False light= targetState= targetVisible= targetConcealed= modal=False pause=False focused=True physicsEnabled=True treePaused=False inputFrame=969/973 interactPresses=13 feedback= pickupProbe=
act1-facilities: finite water falls to 5 ladles
act1-facilities: clock expiry starts from active supported gameplay
act1-facilities: allow the previous steam pulse to dissipate using the actual clock while stationary
act1-facilities: previous facility action finishes; camera=(-34.163853, 3.1111727, 6.9767313) ray=(-0.4648434, -0.3368509, 0.81881136) hit=/root/Act1FacilitiesSmokeTest/Act1Demo/Main/ZoneHost/Act1ConnectedWorld/village-main-road/BathSteamUse shape=/root/Act1FacilitiesSmokeTest/Act1Demo/Main/ZoneHost/Act1ConnectedWorld/village-main-road/BathSteamUse/SurfaceRay at=(-34.922985, 2.5610623, 8.31393) held= busy=False registering=False registered=True heldPosition= heldPoseValid=False light= targetState= targetVisible= targetConcealed= modal=False pause=False focused=True physicsEnabled=True treePaused=False inputFrame=969/1008 interactPresses=13 feedback= pickupProbe=
act1-facilities: actual available aim at BathSteamUse; layer=4; camera=(-34.163853, 3.1111727, 6.9767313) ray=(-0.4648434, -0.3368509, 0.81881136) hit=/root/Act1FacilitiesSmokeTest/Act1Demo/Main/ZoneHost/Act1ConnectedWorld/village-main-road/BathSteamUse shape=/root/Act1FacilitiesSmokeTest/Act1Demo/Main/ZoneHost/Act1ConnectedWorld/village-main-road/BathSteamUse/SurfaceRay at=(-34.922985, 2.5610623, 8.31393) held= busy=False registering=False registered=True heldPosition= heldPoseValid=False light= targetState= targetVisible= targetConcealed= modal=False pause=False focused=True physicsEnabled=True treePaused=False inputFrame=969/1011 interactPresses=13 feedback= pickupProbe=
SaveGameV3 written to /Users/unterlantas/Library/Application Support/Godot/app_userdata/URMAN/savegames/checkpoint.savegame-v3.json
act1-facilities: facility transaction and existing checkpoint save finish; camera=(-34.163853, 3.1111727, 6.9767313) ray=(-0.4648434, -0.3368509, 0.81881136) hit=/root/Act1FacilitiesSmokeTest/Act1Demo/Main/ZoneHost/Act1ConnectedWorld/village-main-road/BathSteamUse shape=/root/Act1FacilitiesSmokeTest/Act1Demo/Main/ZoneHost/Act1ConnectedWorld/village-main-road/BathSteamUse/SurfaceRay at=(-34.922985, 2.5610623, 8.31393) held= busy=False registering=False registered=True heldPosition= heldPoseValid=False light= targetState= targetVisible= targetConcealed= modal=False pause=False focused=True physicsEnabled=True treePaused=False inputFrame=1012/1016 interactPresses=14 feedback= pickupProbe=
act1-facilities: finite water falls to 4 ladles
act1-facilities: clock expiry starts from active supported gameplay
act1-facilities: allow the previous steam pulse to dissipate using the actual clock while stationary
act1-facilities: previous facility action finishes; camera=(-34.163853, 3.1111727, 6.9767313) ray=(-0.4648434, -0.3368509, 0.81881136) hit=/root/Act1FacilitiesSmokeTest/Act1Demo/Main/ZoneHost/Act1ConnectedWorld/village-main-road/BathSteamUse shape=/root/Act1FacilitiesSmokeTest/Act1Demo/Main/ZoneHost/Act1ConnectedWorld/village-main-road/BathSteamUse/SurfaceRay at=(-34.922985, 2.5610623, 8.31393) held= busy=False registering=False registered=True heldPosition= heldPoseValid=False light= targetState= targetVisible= targetConcealed= modal=False pause=False focused=True physicsEnabled=True treePaused=False inputFrame=1012/1051 interactPresses=14 feedback= pickupProbe=
act1-facilities: actual available aim at BathSteamUse; layer=4; camera=(-34.163853, 3.1111727, 6.9767313) ray=(-0.4648434, -0.3368509, 0.81881136) hit=/root/Act1FacilitiesSmokeTest/Act1Demo/Main/ZoneHost/Act1ConnectedWorld/village-main-road/BathSteamUse shape=/root/Act1FacilitiesSmokeTest/Act1Demo/Main/ZoneHost/Act1ConnectedWorld/village-main-road/BathSteamUse/SurfaceRay at=(-34.922985, 2.5610623, 8.31393) held= busy=False registering=False registered=True heldPosition= heldPoseValid=False light= targetState= targetVisible= targetConcealed= modal=False pause=False focused=True physicsEnabled=True treePaused=False inputFrame=1012/1054 interactPresses=14 feedback= pickupProbe=
SaveGameV3 written to /Users/unterlantas/Library/Application Support/Godot/app_userdata/URMAN/savegames/checkpoint.savegame-v3.json
act1-facilities: facility transaction and existing checkpoint save finish; camera=(-34.163853, 3.1111727, 6.9767313) ray=(-0.4648434, -0.3368509, 0.81881136) hit=/root/Act1FacilitiesSmokeTest/Act1Demo/Main/ZoneHost/Act1ConnectedWorld/village-main-road/BathSteamUse shape=/root/Act1FacilitiesSmokeTest/Act1Demo/Main/ZoneHost/Act1ConnectedWorld/village-main-road/BathSteamUse/SurfaceRay at=(-34.922985, 2.5610623, 8.31393) held= busy=False registering=False registered=True heldPosition= heldPoseValid=False light= targetState= targetVisible= targetConcealed= modal=False pause=False focused=True physicsEnabled=True treePaused=False inputFrame=1055/1059 interactPresses=15 feedback= pickupProbe=
act1-facilities: finite water falls to 3 ladles
act1-facilities: clock expiry starts from active supported gameplay
act1-facilities: allow the previous steam pulse to dissipate using the actual clock while stationary
act1-facilities: previous facility action finishes; camera=(-34.163853, 3.1111727, 6.9767313) ray=(-0.4648434, -0.3368509, 0.81881136) hit=/root/Act1FacilitiesSmokeTest/Act1Demo/Main/ZoneHost/Act1ConnectedWorld/village-main-road/BathSteamUse shape=/root/Act1FacilitiesSmokeTest/Act1Demo/Main/ZoneHost/Act1ConnectedWorld/village-main-road/BathSteamUse/SurfaceRay at=(-34.922985, 2.5610623, 8.31393) held= busy=False registering=False registered=True heldPosition= heldPoseValid=False light= targetState= targetVisible= targetConcealed= modal=False pause=False focused=True physicsEnabled=True treePaused=False inputFrame=1055/1094 interactPresses=15 feedback= pickupProbe=
act1-facilities: actual available aim at BathSteamUse; layer=4; camera=(-34.163853, 3.1111727, 6.9767313) ray=(-0.4648434, -0.3368509, 0.81881136) hit=/root/Act1FacilitiesSmokeTest/Act1Demo/Main/ZoneHost/Act1ConnectedWorld/village-main-road/BathSteamUse shape=/root/Act1FacilitiesSmokeTest/Act1Demo/Main/ZoneHost/Act1ConnectedWorld/village-main-road/BathSteamUse/SurfaceRay at=(-34.922985, 2.5610623, 8.31393) held= busy=False registering=False registered=True heldPosition= heldPoseValid=False light= targetState= targetVisible= targetConcealed= modal=False pause=False focused=True physicsEnabled=True treePaused=False inputFrame=1055/1097 interactPresses=15 feedback= pickupProbe=
SaveGameV3 written to /Users/unterlantas/Library/Application Support/Godot/app_userdata/URMAN/savegames/checkpoint.savegame-v3.json
act1-facilities: facility transaction and existing checkpoint save finish; camera=(-34.163853, 3.1111727, 6.9767313) ray=(-0.4648434, -0.3368509, 0.81881136) hit=/root/Act1FacilitiesSmokeTest/Act1Demo/Main/ZoneHost/Act1ConnectedWorld/village-main-road/BathSteamUse shape=/root/Act1FacilitiesSmokeTest/Act1Demo/Main/ZoneHost/Act1ConnectedWorld/village-main-road/BathSteamUse/SurfaceRay at=(-34.922985, 2.5610623, 8.31393) held= busy=False registering=False registered=True heldPosition= heldPoseValid=False light= targetState= targetVisible= targetConcealed= modal=False pause=False focused=True physicsEnabled=True treePaused=False inputFrame=1098/1102 interactPresses=16 feedback= pickupProbe=
act1-facilities: finite water falls to 2 ladles
act1-facilities: clock expiry starts from active supported gameplay
act1-facilities: allow the previous steam pulse to dissipate using the actual clock while stationary
act1-facilities: previous facility action finishes; camera=(-34.163853, 3.1111727, 6.9767313) ray=(-0.4648434, -0.3368509, 0.81881136) hit=/root/Act1FacilitiesSmokeTest/Act1Demo/Main/ZoneHost/Act1ConnectedWorld/village-main-road/BathSteamUse shape=/root/Act1FacilitiesSmokeTest/Act1Demo/Main/ZoneHost/Act1ConnectedWorld/village-main-road/BathSteamUse/SurfaceRay at=(-34.922985, 2.5610623, 8.31393) held= busy=False registering=False registered=True heldPosition= heldPoseValid=False light= targetState= targetVisible= targetConcealed= modal=False pause=False focused=True physicsEnabled=True treePaused=False inputFrame=1098/1137 interactPresses=16 feedback= pickupProbe=
act1-facilities: actual available aim at BathSteamUse; layer=4; camera=(-34.163853, 3.1111727, 6.9767313) ray=(-0.4648434, -0.3368509, 0.81881136) hit=/root/Act1FacilitiesSmokeTest/Act1Demo/Main/ZoneHost/Act1ConnectedWorld/village-main-road/BathSteamUse shape=/root/Act1FacilitiesSmokeTest/Act1Demo/Main/ZoneHost/Act1ConnectedWorld/village-main-road/BathSteamUse/SurfaceRay at=(-34.922985, 2.5610623, 8.31393) held= busy=False registering=False registered=True heldPosition= heldPoseValid=False light= targetState= targetVisible= targetConcealed= modal=False pause=False focused=True physicsEnabled=True treePaused=False inputFrame=1098/1140 interactPresses=16 feedback= pickupProbe=
SaveGameV3 written to /Users/unterlantas/Library/Application Support/Godot/app_userdata/URMAN/savegames/checkpoint.savegame-v3.json
act1-facilities: facility transaction and existing checkpoint save finish; camera=(-34.163853, 3.1111727, 6.9767313) ray=(-0.4648434, -0.3368509, 0.81881136) hit=/root/Act1FacilitiesSmokeTest/Act1Demo/Main/ZoneHost/Act1ConnectedWorld/village-main-road/BathSteamUse shape=/root/Act1FacilitiesSmokeTest/Act1Demo/Main/ZoneHost/Act1ConnectedWorld/village-main-road/BathSteamUse/SurfaceRay at=(-34.922985, 2.5610623, 8.31393) held= busy=False registering=False registered=True heldPosition= heldPoseValid=False light= targetState= targetVisible= targetConcealed= modal=False pause=False focused=True physicsEnabled=True treePaused=False inputFrame=1141/1145 interactPresses=17 feedback= pickupProbe=
act1-facilities: finite water falls to 1 ladles
act1-facilities: clock expiry starts from active supported gameplay
act1-facilities: allow the previous steam pulse to dissipate using the actual clock while stationary
act1-facilities: previous facility action finishes; camera=(-34.163853, 3.1111727, 6.9767313) ray=(-0.4648434, -0.3368509, 0.81881136) hit=/root/Act1FacilitiesSmokeTest/Act1Demo/Main/ZoneHost/Act1ConnectedWorld/village-main-road/BathSteamUse shape=/root/Act1FacilitiesSmokeTest/Act1Demo/Main/ZoneHost/Act1ConnectedWorld/village-main-road/BathSteamUse/SurfaceRay at=(-34.922985, 2.5610623, 8.31393) held= busy=False registering=False registered=True heldPosition= heldPoseValid=False light= targetState= targetVisible= targetConcealed= modal=False pause=False focused=True physicsEnabled=True treePaused=False inputFrame=1141/1180 interactPresses=17 feedback= pickupProbe=
act1-facilities: actual available aim at BathSteamUse; layer=4; camera=(-34.163853, 3.1111727, 6.9767313) ray=(-0.4648434, -0.3368509, 0.81881136) hit=/root/Act1FacilitiesSmokeTest/Act1Demo/Main/ZoneHost/Act1ConnectedWorld/village-main-road/BathSteamUse shape=/root/Act1FacilitiesSmokeTest/Act1Demo/Main/ZoneHost/Act1ConnectedWorld/village-main-road/BathSteamUse/SurfaceRay at=(-34.922985, 2.5610623, 8.31393) held= busy=False registering=False registered=True heldPosition= heldPoseValid=False light= targetState= targetVisible= targetConcealed= modal=False pause=False focused=True physicsEnabled=True treePaused=False inputFrame=1141/1183 interactPresses=17 feedback= pickupProbe=
SaveGameV3 written to /Users/unterlantas/Library/Application Support/Godot/app_userdata/URMAN/savegames/checkpoint.savegame-v3.json
act1-facilities: facility transaction and existing checkpoint save finish; camera=(-34.163853, 3.1111727, 6.9767313) ray=(-0.4648434, -0.3368509, 0.81881136) hit=/root/Act1FacilitiesSmokeTest/Act1Demo/Main/ZoneHost/Act1ConnectedWorld/village-main-road/BathSteamUse shape=/root/Act1FacilitiesSmokeTest/Act1Demo/Main/ZoneHost/Act1ConnectedWorld/village-main-road/BathSteamUse/SurfaceRay at=(-34.922985, 2.5610623, 8.31393) held= busy=False registering=False registered=True heldPosition= heldPoseValid=False light= targetState= targetVisible= targetConcealed= modal=False pause=False focused=True physicsEnabled=True treePaused=False inputFrame=1184/1188 interactPresses=18 feedback= pickupProbe=
act1-facilities: finite water falls to 0 ladles
act1-facilities: clock expiry starts from active supported gameplay
act1-facilities: finish the last available ladle using the actual clock while stationary
act1-facilities: previous facility action finishes; camera=(-34.163853, 3.1111727, 6.9767313) ray=(-0.4648434, -0.3368509, 0.81881136) hit=/root/Act1FacilitiesSmokeTest/Act1Demo/Main/ZoneHost/Act1ConnectedWorld/village-main-road/BathSteamUse shape=/root/Act1FacilitiesSmokeTest/Act1Demo/Main/ZoneHost/Act1ConnectedWorld/village-main-road/BathSteamUse/SurfaceRay at=(-34.922985, 2.5610623, 8.31393) held= busy=False registering=False registered=True heldPosition= heldPoseValid=False light= targetState= targetVisible= targetConcealed= modal=False pause=False focused=True physicsEnabled=True treePaused=False inputFrame=1184/1223 interactPresses=18 feedback= pickupProbe=
act1-facilities: actual available aim at BathSteamUse; layer=4; camera=(-34.163853, 3.1111727, 6.9767313) ray=(-0.4648434, -0.3368509, 0.81881136) hit=/root/Act1FacilitiesSmokeTest/Act1Demo/Main/ZoneHost/Act1ConnectedWorld/village-main-road/BathSteamUse shape=/root/Act1FacilitiesSmokeTest/Act1Demo/Main/ZoneHost/Act1ConnectedWorld/village-main-road/BathSteamUse/SurfaceRay at=(-34.922985, 2.5610623, 8.31393) held= busy=False registering=False registered=True heldPosition= heldPoseValid=False light= targetState= targetVisible= targetConcealed= modal=False pause=False focused=True physicsEnabled=True treePaused=False inputFrame=1184/1226 interactPresses=18 feedback= pickupProbe=
act1-facilities: facility transaction and existing checkpoint save finish; camera=(-34.163853, 3.1111727, 6.9767313) ray=(-0.4648434, -0.3368509, 0.81881136) hit=/root/Act1FacilitiesSmokeTest/Act1Demo/Main/ZoneHost/Act1ConnectedWorld/village-main-road/BathSteamUse shape=/root/Act1FacilitiesSmokeTest/Act1Demo/Main/ZoneHost/Act1ConnectedWorld/village-main-road/BathSteamUse/SurfaceRay at=(-34.922985, 2.5610623, 8.31393) held= busy=False registering=False registered=True heldPosition= heldPoseValid=False light= targetState= targetVisible= targetConcealed= modal=False pause=False focused=True physicsEnabled=True treePaused=False inputFrame=1227/1231 interactPresses=19 feedback= pickupProbe=
act1-facilities: empty bucket refuses another ladle without an invented water supply
act1-facilities: stand beyond the wet door's complete swept arc; actual=(-34.84713, 1.4111726, 6.63799), expected=(-34.924545, 1.4110625, 6.6197205), grounded=True, settledFrames=3, waitedFrames=3, distance=0,079542
act1-facilities: previous facility action finishes; camera=(-35.022316, 3.1111727, 6.5966477) ray=(-0.973266, -0, -0.22968106) hit=/root/Act1FacilitiesSmokeTest/Act1Demo/Main/ZoneHost/Act1ConnectedWorld/Act1CoreWorldGreybox/BabaiBathhouse/BathWindow/GlassBody shape=/root/Act1FacilitiesSmokeTest/Act1Demo/Main/ZoneHost/Act1ConnectedWorld/Act1CoreWorldGreybox/BabaiBathhouse/BathWindow/GlassBody/Contact at=(-36.02531, 3.1111727, 6.359952) held= busy=False registering=False registered=True heldPosition= heldPoseValid=False light= targetState= targetVisible= targetConcealed= modal=False pause=False focused=True physicsEnabled=True treePaused=False inputFrame=1227/1251 interactPresses=19 feedback= pickupProbe=
act1-facilities: actual available aim at BathWetRoomDoorUse; layer=4; camera=(-34.671944, 3.1111727, 6.6793303) ray=(0.8612991, -0.4656758, 0.20324832) hit=/root/Act1FacilitiesSmokeTest/Act1Demo/Main/ZoneHost/Act1ConnectedWorld/village-main-road/BathWetRoomDoorUse shape=/root/Act1FacilitiesSmokeTest/Act1Demo/Main/ZoneHost/Act1ConnectedWorld/village-main-road/BathWetRoomDoorUse/SurfaceRay at=(-33.43301, 2.4413228, 6.971693) held= busy=False registering=False registered=True heldPosition= heldPoseValid=False light= targetState= targetVisible= targetConcealed= modal=False pause=False focused=True physicsEnabled=True treePaused=False inputFrame=1227/1254 interactPresses=19 feedback= pickupProbe=
act1-facility-door: {"kind":"door-input-probe","phase":"before-input","target":"urman.chapter1:local/bathhouse/wet-door","feet":"(-34.84713, 1.4111726, 6.63799)","velocity":"(0, 0, 0)","forward":0,"backward":0,"left":0,"right":0,"interact":0,"focus":true,"modal":false,"sessionReady":true,"noticeActive":true,"focusedInteraction":"urman.chapter1:local/bathhouse/wet-door","transformRevision":6,"angle":1.5707964,"actionNumber":3,"action":"{\u0022phase\u0022:\u0022received\u0022,\u0022key\u0022:\u0022bathhouse/wet-door\u0022,\u0022busy\u0022:false,\u0022sessionReady\u0022:true,\u0022feet\u0022:\u0022(-34.957436, 1.4111726, 6.611959)\u0022,\u0022focus\u0022:true,\u0022forward\u0022:0,\u0022backward\u0022:0,\u0022left\u0022:0,\u0022right\u0022:0}","result":"committed","sweep":"{\u0022clear\u0022:true,\u0022samples\u0022:102,\u0022from\u0022:1.5707964,\u0022to\u0022:3.2288592}","aim":"camera=(-34.671944, 3.1111727, 6.6793303) ray=(0.8612991, -0.4656758, 0.20324832) hit=/root/Act1FacilitiesSmokeTest/Act1Demo/Main/ZoneHost/Act1ConnectedWorld/village-main-road/BathWetRoomDoorUse shape=/root/Act1FacilitiesSmokeTest/Act1Demo/Main/ZoneHost/Act1ConnectedWorld/village-main-road/BathWetRoomDoorUse/SurfaceRay at=(-33.43301, 2.4413228, 6.971693) held= busy=False registering=False registered=True heldPosition= heldPoseValid=False light= targetState= targetVisible= targetConcealed= modal=False pause=False focused=True physicsEnabled=True treePaused=False inputFrame=1227/1254 interactPresses=19 feedback= pickupProbe="}
act1-facilities: BathWetRoomDoorUse: passive focus follows the actual door during a result notice
SaveGameV3 written to /Users/unterlantas/Library/Application Support/Godot/app_userdata/URMAN/savegames/checkpoint.savegame-v3.json
act1-facility-door: {"kind":"door-input-probe","phase":"after-input","target":"urman.chapter1:local/bathhouse/wet-door","feet":"(-34.84713, 1.4111726, 6.63799)","velocity":"(0, 0, 0)","forward":0,"backward":0,"left":0,"right":0,"interact":0,"focus":true,"modal":false,"sessionReady":true,"noticeActive":true,"focusedInteraction":"urman.chapter1:local/bathhouse/wet-door","transformRevision":6,"angle":1.7107962,"actionNumber":4,"action":"{\u0022phase\u0022:\u0022received\u0022,\u0022key\u0022:\u0022bathhouse/wet-door\u0022,\u0022busy\u0022:false,\u0022sessionReady\u0022:true,\u0022feet\u0022:\u0022(-34.84713, 1.4111726, 6.63799)\u0022,\u0022focus\u0022:true,\u0022forward\u0022:0,\u0022backward\u0022:0,\u0022left\u0022:0,\u0022right\u0022:0}","result":"committed","sweep":"{\u0022clear\u0022:true,\u0022samples\u0022:102,\u0022from\u0022:1.5707964,\u0022to\u0022:3.2288592}","aim":"camera=(-34.671944, 3.1111727, 6.6793303) ray=(0.8612991, -0.4656758, 0.20324832) hit=/root/Act1FacilitiesSmokeTest/Act1Demo/Main/ZoneHost/Act1ConnectedWorld/village-main-road/BathWetRoomDoorUse shape=/root/Act1FacilitiesSmokeTest/Act1Demo/Main/ZoneHost/Act1ConnectedWorld/village-main-road/BathWetRoomDoorUse/SurfaceRay at=(-33.509003, 2.482409, 6.95376) held= busy=False registering=False registered=True heldPosition= heldPoseValid=False light= targetState= targetVisible= targetConcealed= modal=False pause=False focused=True physicsEnabled=True treePaused=False inputFrame=1255/1259 interactPresses=20 feedback= pickupProbe="}
act1-facilities: BathWetRoomDoorUse: one deliberate mapped press reaches exactly one door callback
act1-facilities: facility transaction and existing checkpoint save finish; camera=(-34.671944, 3.1111727, 6.6793303) ray=(0.8612991, -0.4656758, 0.20324832) hit=/root/Act1FacilitiesSmokeTest/Act1Demo/Main/ZoneHost/Act1ConnectedWorld/village-main-road/BathWetRoomDoorUse shape=/root/Act1FacilitiesSmokeTest/Act1Demo/Main/ZoneHost/Act1ConnectedWorld/village-main-road/BathWetRoomDoorUse/SurfaceRay at=(-33.509003, 2.482409, 6.95376) held= busy=False registering=False registered=True heldPosition= heldPoseValid=False light= targetState= targetVisible= targetConcealed= modal=False pause=False focused=True physicsEnabled=True treePaused=False inputFrame=1255/1259 interactPresses=20 feedback= pickupProbe=
act1-facility-door: {"kind":"door-input-probe","phase":"after-transaction","target":"urman.chapter1:local/bathhouse/wet-door","feet":"(-34.84713, 1.4111726, 6.63799)","velocity":"(0, 0, 0)","forward":0,"backward":0,"left":0,"right":0,"interact":0,"focus":true,"modal":false,"sessionReady":true,"noticeActive":true,"focusedInteraction":"urman.chapter1:local/bathhouse/wet-door","transformRevision":6,"angle":1.8507961,"actionNumber":4,"action":"{\u0022phase\u0022:\u0022received\u0022,\u0022key\u0022:\u0022bathhouse/wet-door\u0022,\u0022busy\u0022:false,\u0022sessionReady\u0022:true,\u0022feet\u0022:\u0022(-34.84713, 1.4111726, 6.63799)\u0022,\u0022focus\u0022:true,\u0022forward\u0022:0,\u0022backward\u0022:0,\u0022left\u0022:0,\u0022right\u0022:0}","result":"committed","sweep":"{\u0022clear\u0022:true,\u0022samples\u0022:102,\u0022from\u0022:1.5707964,\u0022to\u0022:3.2288592}","aim":"camera=(-34.671944, 3.1111727, 6.6793303) ray=(0.8612991, -0.4656758, 0.20324832) hit=/root/Act1FacilitiesSmokeTest/Act1Demo/Main/ZoneHost/Act1ConnectedWorld/village-main-road/BathWetRoomDoorUse shape=/root/Act1FacilitiesSmokeTest/Act1Demo/Main/ZoneHost/Act1ConnectedWorld/village-main-road/BathWetRoomDoorUse/SurfaceRay at=(-33.589207, 2.5257728, 6.9348335) held= busy=False registering=False registered=True heldPosition= heldPoseValid=False light= targetState= targetVisible= targetConcealed= modal=False pause=False focused=True physicsEnabled=True treePaused=False inputFrame=1255/1262 interactPresses=20 feedback= pickupProbe="}
act1-facility-door: {"kind":"door-input-probe","phase":"finished-angle-wait","target":"urman.chapter1:local/bathhouse/wet-door","feet":"(-34.84713, 1.4111726, 6.63799)","velocity":"(0, 0, 0)","forward":0,"backward":0,"left":0,"right":0,"interact":0,"focus":true,"modal":false,"sessionReady":true,"noticeActive":true,"focusedInteraction":"","transformRevision":6,"angle":3.2288592,"actionNumber":4,"action":"{\u0022phase\u0022:\u0022received\u0022,\u0022key\u0022:\u0022bathhouse/wet-door\u0022,\u0022busy\u0022:false,\u0022sessionReady\u0022:true,\u0022feet\u0022:\u0022(-34.84713, 1.4111726, 6.63799)\u0022,\u0022focus\u0022:true,\u0022forward\u0022:0,\u0022backward\u0022:0,\u0022left\u0022:0,\u0022right\u0022:0}","result":"committed","sweep":"{\u0022clear\u0022:true,\u0022samples\u0022:102,\u0022from\u0022:1.5707964,\u0022to\u0022:3.2288592}","aim":"camera=(-34.671944, 3.1111727, 6.6793303) ray=(0.8612991, -0.4656758, 0.20324832) hit= shape= at=(0, 0, 0) held= busy=False registering=False registered=True heldPosition= heldPoseValid=False light= targetState= targetVisible= targetConcealed= modal=False pause=False focused=True physicsEnabled=True treePaused=False inputFrame=1255/1292 interactPresses=20 feedback= pickupProbe="}
act1-facilities: manually reopen the wet room before returning
act1-facilities: walk back to the bucket and covered tank; actual=(-32.36525, 1.4111726, 7.223661), expected=(-32.32592, 1.4110625, 7.232943), grounded=True, settledFrames=3, waitedFrames=3, distance=0,040410016
act1-facilities: previous facility action finishes; camera=(-32.190063, 3.1111727, 7.265005) ray=(0.97326374, -0, 0.22969031) hit=/root/Act1FacilitiesSmokeTest/Act1Demo/Main/ZoneHost/Act1ConnectedWorld/Act1CoreWorldGreybox/BabaiBathhouse/BathFrontWallBody shape=/root/Act1FacilitiesSmokeTest/Act1Demo/Main/ZoneHost/Act1ConnectedWorld/Act1CoreWorldGreybox/BabaiBathhouse/BathFrontWallBody/Contact at=(-31.274796, 3.1111727, 7.481008) held= busy=False registering=False registered=True heldPosition= heldPoseValid=False light= targetState= targetVisible= targetConcealed= modal=False pause=False focused=True physicsEnabled=True treePaused=False inputFrame=1255/1340 interactPresses=20 feedback= pickupProbe=
act1-facilities: actual available aim at BathBucketFillUse; layer=4; camera=(-32.32957, 3.1111727, 7.400089) ray=(0.14651066, -0.6735111, 0.72451186) hit=/root/Act1FacilitiesSmokeTest/Act1Demo/Main/ZoneHost/Act1ConnectedWorld/village-main-road/BathBucketFillUse shape=/root/Act1FacilitiesSmokeTest/Act1Demo/Main/ZoneHost/Act1ConnectedWorld/village-main-road/BathBucketFillUse/SurfaceRay at=(-32.0957, 2.0360625, 8.55661) held= busy=False registering=False registered=True heldPosition= heldPoseValid=False light= targetState= targetVisible= targetConcealed= modal=False pause=False focused=True physicsEnabled=True treePaused=False inputFrame=1255/1343 interactPresses=20 feedback= pickupProbe=
SaveGameV3 written to /Users/unterlantas/Library/Application Support/Godot/app_userdata/URMAN/savegames/checkpoint.savegame-v3.json
act1-facilities: facility transaction and existing checkpoint save finish; camera=(-32.32957, 3.1111727, 7.400089) ray=(0.14651066, -0.6735111, 0.72451186) hit=/root/Act1FacilitiesSmokeTest/Act1Demo/Main/ZoneHost/Act1ConnectedWorld/village-main-road/BathBucketFillUse shape=/root/Act1FacilitiesSmokeTest/Act1Demo/Main/ZoneHost/Act1ConnectedWorld/village-main-road/BathBucketFillUse/SurfaceRay at=(-32.0957, 2.0360625, 8.55661) held= busy=False registering=False registered=True heldPosition= heldPoseValid=False light= targetState= targetVisible= targetConcealed= modal=False pause=False focused=True physicsEnabled=True treePaused=False inputFrame=1344/1348 interactPresses=21 feedback= pickupProbe=
act1-facilities: visible tank refills the bucket by spending eight reserve ladles
act1-facilities: previous facility action finishes; camera=(-32.32957, 3.1111727, 7.400089) ray=(0.14651066, -0.6735111, 0.72451186) hit=/root/Act1FacilitiesSmokeTest/Act1Demo/Main/ZoneHost/Act1ConnectedWorld/village-main-road/BathBucketFillUse shape=/root/Act1FacilitiesSmokeTest/Act1Demo/Main/ZoneHost/Act1ConnectedWorld/village-main-road/BathBucketFillUse/SurfaceRay at=(-32.0957, 2.0360625, 8.55661) held= busy=False registering=False registered=True heldPosition= heldPoseValid=False light= targetState= targetVisible= targetConcealed= modal=False pause=False focused=True physicsEnabled=True treePaused=False inputFrame=1344/1351 interactPresses=21 feedback= pickupProbe=
act1-facilities: actual available aim at BathBucketFillUse; layer=4; camera=(-32.329575, 3.1111727, 7.400089) ray=(0.14650843, -0.67351097, 0.7245124) hit=/root/Act1FacilitiesSmokeTest/Act1Demo/Main/ZoneHost/Act1ConnectedWorld/village-main-road/BathBucketFillUse shape=/root/Act1FacilitiesSmokeTest/Act1Demo/Main/ZoneHost/Act1ConnectedWorld/village-main-road/BathBucketFillUse/SurfaceRay at=(-32.095707, 2.0360625, 8.556611) held= busy=False registering=False registered=True heldPosition= heldPoseValid=False light= targetState= targetVisible= targetConcealed= modal=False pause=False focused=True physicsEnabled=True treePaused=False inputFrame=1344/1354 interactPresses=21 feedback= pickupProbe=
act1-facilities: facility transaction and existing checkpoint save finish; camera=(-32.329575, 3.1111727, 7.400089) ray=(0.14650843, -0.67351097, 0.7245124) hit=/root/Act1FacilitiesSmokeTest/Act1Demo/Main/ZoneHost/Act1ConnectedWorld/village-main-road/BathBucketFillUse shape=/root/Act1FacilitiesSmokeTest/Act1Demo/Main/ZoneHost/Act1ConnectedWorld/village-main-road/BathBucketFillUse/SurfaceRay at=(-32.095707, 2.0360625, 8.556611) held= busy=False registering=False registered=True heldPosition= heldPoseValid=False light= targetState= targetVisible= targetConcealed= modal=False pause=False focused=True physicsEnabled=True treePaused=False inputFrame=1355/1359 interactPresses=22 feedback= pickupProbe=
act1-facilities: full bucket does not charge the tank again
act1-facilities: return through the open wet-room door after refilling; actual=(-33.964684, 1.4111726, 6.8462296), expected=(-33.999943, 1.4110625, 6.8379083), grounded=True, settledFrames=3, waitedFrames=3, distance=0,036227867
act1-facilities: stand beyond the wet door's complete swept arc; actual=(-34.84713, 1.4111726, 6.6379905), expected=(-34.924545, 1.4110625, 6.6197205), grounded=True, settledFrames=3, waitedFrames=3, distance=0,079542115
act1-facilities: previous facility action finishes; camera=(-35.022316, 3.1111727, 6.5966477) ray=(-0.9732652, -0, -0.22968431) hit=/root/Act1FacilitiesSmokeTest/Act1Demo/Main/ZoneHost/Act1ConnectedWorld/Act1CoreWorldGreybox/BabaiBathhouse/BathWindow/GlassBody shape=/root/Act1FacilitiesSmokeTest/Act1Demo/Main/ZoneHost/Act1ConnectedWorld/Act1CoreWorldGreybox/BabaiBathhouse/BathWindow/GlassBody/Contact at=(-36.02531, 3.1111727, 6.359948) held= busy=False registering=False registered=True heldPosition= heldPoseValid=False light= targetState= targetVisible= targetConcealed= modal=False pause=False focused=True physicsEnabled=True treePaused=False inputFrame=1355/1413 interactPresses=22 feedback= pickupProbe=
act1-facilities: actual available aim at BathWetRoomDoorUse; layer=4; camera=(-34.720135, 3.1111727, 6.765551) ray=(0.56862575, -0.5919843, 0.5711562) hit=/root/Act1FacilitiesSmokeTest/Act1Demo/Main/ZoneHost/Act1ConnectedWorld/village-main-road/BathWetRoomDoorUse shape=/root/Act1FacilitiesSmokeTest/Act1Demo/Main/ZoneHost/Act1ConnectedWorld/village-main-road/BathWetRoomDoorUse/SurfaceRay at=(-34.11532, 2.4815116, 7.3730593) held= busy=False registering=False registered=True heldPosition= heldPoseValid=False light= targetState= targetVisible= targetConcealed= modal=False pause=False focused=True physicsEnabled=True treePaused=False inputFrame=1355/1416 interactPresses=22 feedback= pickupProbe=
act1-facility-door: {"kind":"door-input-probe","phase":"before-input","target":"urman.chapter1:local/bathhouse/wet-door","feet":"(-34.84713, 1.4111726, 6.6379905)","velocity":"(0, 0, 0)","forward":0,"backward":0,"left":0,"right":0,"interact":0,"focus":true,"modal":false,"sessionReady":true,"noticeActive":true,"focusedInteraction":"urman.chapter1:local/bathhouse/wet-door","transformRevision":6,"angle":3.2288592,"actionNumber":4,"action":"{\u0022phase\u0022:\u0022received\u0022,\u0022key\u0022:\u0022bathhouse/wet-door\u0022,\u0022busy\u0022:false,\u0022sessionReady\u0022:true,\u0022feet\u0022:\u0022(-34.84713, 1.4111726, 6.63799)\u0022,\u0022focus\u0022:true,\u0022forward\u0022:0,\u0022backward\u0022:0,\u0022left\u0022:0,\u0022right\u0022:0}","result":"committed","sweep":"{\u0022clear\u0022:true,\u0022samples\u0022:102,\u0022from\u0022:1.5707964,\u0022to\u0022:3.2288592}","aim":"camera=(-34.720135, 3.1111727, 6.765551) ray=(0.56862575, -0.5919843, 0.5711562) hit=/root/Act1FacilitiesSmokeTest/Act1Demo/Main/ZoneHost/Act1ConnectedWorld/village-main-road/BathWetRoomDoorUse shape=/root/Act1FacilitiesSmokeTest/Act1Demo/Main/ZoneHost/Act1ConnectedWorld/village-main-road/BathWetRoomDoorUse/SurfaceRay at=(-34.11532, 2.4815116, 7.3730593) held= busy=False registering=False registered=True heldPosition= heldPoseValid=False light= targetState= targetVisible= targetConcealed= modal=False pause=False focused=True physicsEnabled=True treePaused=False inputFrame=1355/1416 interactPresses=22 feedback= pickupProbe="}
act1-facilities: BathWetRoomDoorUse: passive focus follows the actual door during a result notice
SaveGameV3 written to /Users/unterlantas/Library/Application Support/Godot/app_userdata/URMAN/savegames/checkpoint.savegame-v3.json
act1-facility-door: {"kind":"door-input-probe","phase":"after-input","target":"urman.chapter1:local/bathhouse/wet-door","feet":"(-34.84713, 1.4111726, 6.6379905)","velocity":"(0, 0, 0)","forward":0,"backward":0,"left":0,"right":0,"interact":0,"focus":true,"modal":false,"sessionReady":true,"noticeActive":true,"focusedInteraction":"urman.chapter1:local/bathhouse/wet-door","transformRevision":6,"angle":3.0888593,"actionNumber":5,"action":"{\u0022phase\u0022:\u0022received\u0022,\u0022key\u0022:\u0022bathhouse/wet-door\u0022,\u0022busy\u0022:false,\u0022sessionReady\u0022:true,\u0022feet\u0022:\u0022(-34.84713, 1.4111726, 6.6379905)\u0022,\u0022focus\u0022:true,\u0022forward\u0022:0,\u0022backward\u0022:0,\u0022left\u0022:0,\u0022right\u0022:0}","result":"committed","sweep":"{\u0022clear\u0022:true,\u0022samples\u0022:102,\u0022from\u0022:3.2288592,\u0022to\u0022:1.5707964}","aim":"camera=(-34.720135, 3.1111727, 6.765551) ray=(0.56862575, -0.5919843, 0.5711562) hit=/root/Act1FacilitiesSmokeTest/Act1Demo/Main/ZoneHost/Act1ConnectedWorld/village-main-road/BathWetRoomDoorUse shape=/root/Act1FacilitiesSmokeTest/Act1Demo/Main/ZoneHost/Act1ConnectedWorld/village-main-road/BathWetRoomDoorUse/SurfaceRay at=(-34.24411, 2.6155944, 7.243693) held= busy=False registering=False registered=True heldPosition= heldPoseValid=False light= targetState= targetVisible= targetConcealed= modal=False pause=False focused=True physicsEnabled=True treePaused=False inputFrame=1417/1421 interactPresses=23 feedback= pickupProbe="}
act1-facilities: BathWetRoomDoorUse: one deliberate mapped press reaches exactly one door callback
act1-facilities: facility transaction and existing checkpoint save finish; camera=(-34.720135, 3.1111727, 6.765551) ray=(0.56862575, -0.5919843, 0.5711562) hit=/root/Act1FacilitiesSmokeTest/Act1Demo/Main/ZoneHost/Act1ConnectedWorld/village-main-road/BathWetRoomDoorUse shape=/root/Act1FacilitiesSmokeTest/Act1Demo/Main/ZoneHost/Act1ConnectedWorld/village-main-road/BathWetRoomDoorUse/SurfaceRay at=(-34.24411, 2.6155944, 7.243693) held= busy=False registering=False registered=True heldPosition= heldPoseValid=False light= targetState= targetVisible= targetConcealed= modal=False pause=False focused=True physicsEnabled=True treePaused=False inputFrame=1417/1421 interactPresses=23 feedback= pickupProbe=
act1-facility-door: {"kind":"door-input-probe","phase":"after-transaction","target":"urman.chapter1:local/bathhouse/wet-door","feet":"(-34.84713, 1.4111726, 6.6379905)","velocity":"(0, 0, 0)","forward":0,"backward":0,"left":0,"right":0,"interact":0,"focus":true,"modal":false,"sessionReady":true,"noticeActive":true,"focusedInteraction":"urman.chapter1:local/bathhouse/wet-door","transformRevision":6,"angle":2.9488595,"actionNumber":5,"action":"{\u0022phase\u0022:\u0022received\u0022,\u0022key\u0022:\u0022bathhouse/wet-door\u0022,\u0022busy\u0022:false,\u0022sessionReady\u0022:true,\u0022feet\u0022:\u0022(-34.84713, 1.4111726, 6.6379905)\u0022,\u0022focus\u0022:true,\u0022forward\u0022:0,\u0022backward\u0022:0,\u0022left\u0022:0,\u0022right\u0022:0}","result":"committed","sweep":"{\u0022clear\u0022:true,\u0022samples\u0022:102,\u0022from\u0022:3.2288592,\u0022to\u0022:1.5707964}","aim":"camera=(-34.720135, 3.1111727, 6.765551) ray=(0.56862575, -0.5919843, 0.5711562) hit=/root/Act1FacilitiesSmokeTest/Act1Demo/Main/ZoneHost/Act1ConnectedWorld/village-main-road/BathWetRoomDoorUse shape=/root/Act1FacilitiesSmokeTest/Act1Demo/Main/ZoneHost/Act1ConnectedWorld/village-main-road/BathWetRoomDoorUse/SurfaceRay at=(-34.463795, 2.8443022, 7.023032) held= busy=False registering=False registered=True heldPosition= heldPoseValid=False light= targetState= targetVisible= targetConcealed= modal=False pause=False focused=True physicsEnabled=True treePaused=False inputFrame=1417/1424 interactPresses=23 feedback= pickupProbe="}
act1-facility-door: {"kind":"door-input-probe","phase":"finished-angle-wait","target":"urman.chapter1:local/bathhouse/wet-door","feet":"(-34.84713, 1.4111726, 6.6379905)","velocity":"(0, 0, 0)","forward":0,"backward":0,"left":0,"right":0,"interact":0,"focus":true,"modal":false,"sessionReady":true,"noticeActive":true,"focusedInteraction":"","transformRevision":6,"angle":1.5707964,"actionNumber":5,"action":"{\u0022phase\u0022:\u0022received\u0022,\u0022key\u0022:\u0022bathhouse/wet-door\u0022,\u0022busy\u0022:false,\u0022sessionReady\u0022:true,\u0022feet\u0022:\u0022(-34.84713, 1.4111726, 6.6379905)\u0022,\u0022focus\u0022:true,\u0022forward\u0022:0,\u0022backward\u0022:0,\u0022left\u0022:0,\u0022right\u0022:0}","result":"committed","sweep":"{\u0022clear\u0022:true,\u0022samples\u0022:102,\u0022from\u0022:3.2288592,\u0022to\u0022:1.5707964}","aim":"camera=(-34.720135, 3.1111727, 6.765551) ray=(0.56862575, -0.5919843, 0.5711562) hit=/root/Act1FacilitiesSmokeTest/Act1Demo/Main/ZoneHost/Act1ConnectedWorld/Act1CoreWorldGreybox/BabaiBathhouse/BathPartitionLeftBody shape=/root/Act1FacilitiesSmokeTest/Act1Demo/Main/ZoneHost/Act1ConnectedWorld/Act1CoreWorldGreybox/BabaiBathhouse/BathPartitionLeftBody/Contact at=(-33.559334, 1.9026884, 7.9315166) held= busy=False registering=False registered=True heldPosition= heldPoseValid=False light= targetState= targetVisible= targetConcealed= modal=False pause=False focused=True physicsEnabled=True treePaused=False inputFrame=1417/1454 interactPresses=23 feedback= pickupProbe="}
act1-facilities: manually close the wet room before tending the stove
act1-facilities: reach the real ventilation slider; actual=(-35.06774, 1.4111726, 6.585931), expected=(-35.1192, 1.4110625, 6.5737863), grounded=True, settledFrames=3, waitedFrames=3, distance=0,052873902
act1-facilities: previous facility action finishes; camera=(-35.242928, 3.1111727, 6.544588) ray=(-0.9732656, -0, -0.22968265) hit=/root/Act1FacilitiesSmokeTest/Act1Demo/Main/ZoneHost/Act1ConnectedWorld/Act1CoreWorldGreybox/BabaiBathhouse/BathWindow/GlassBody shape=/root/Act1FacilitiesSmokeTest/Act1Demo/Main/ZoneHost/Act1ConnectedWorld/Act1CoreWorldGreybox/BabaiBathhouse/BathWindow/GlassBody/Contact at=(-36.02531, 3.1111727, 6.3599534) held= busy=False registering=False registered=True heldPosition= heldPoseValid=False light= targetState= targetVisible= targetConcealed= modal=False pause=False focused=True physicsEnabled=True treePaused=False inputFrame=1417/1461 interactPresses=23 feedback= pickupProbe=
act1-facilities: actual available aim at BathVentUse; layer=4; camera=(-35.179573, 3.1111727, 6.7269754) ray=(-0.6109102, 0.18198904, 0.77049905) hit=/root/Act1FacilitiesSmokeTest/Act1Demo/Main/ZoneHost/Act1ConnectedWorld/village-main-road/BathVentUse shape=/root/Act1FacilitiesSmokeTest/Act1Demo/Main/ZoneHost/Act1ConnectedWorld/village-main-road/BathVentUse/SurfaceRay at=(-36.293423, 3.442987, 8.131802) held= busy=False registering=False registered=True heldPosition= heldPoseValid=False light= targetState= targetVisible= targetConcealed= modal=False pause=False focused=True physicsEnabled=True treePaused=False inputFrame=1417/1464 interactPresses=23 feedback= pickupProbe=
SaveGameV3 written to /Users/unterlantas/Library/Application Support/Godot/app_userdata/URMAN/savegames/checkpoint.savegame-v3.json
act1-facilities: facility transaction and existing checkpoint save finish; camera=(-35.179573, 3.1111727, 6.7269754) ray=(-0.6109102, 0.18198904, 0.77049905) hit=/root/Act1FacilitiesSmokeTest/Act1Demo/Main/ZoneHost/Act1ConnectedWorld/village-main-road/BathVentUse shape=/root/Act1FacilitiesSmokeTest/Act1Demo/Main/ZoneHost/Act1ConnectedWorld/village-main-road/BathVentUse/SurfaceRay at=(-36.293423, 3.442987, 8.131802) held= busy=False registering=False registered=True heldPosition= heldPoseValid=False light= targetState= targetVisible= targetConcealed= modal=False pause=False focused=True physicsEnabled=True treePaused=False inputFrame=1465/1469 interactPresses=24 feedback= pickupProbe=
act1-facilities: ventilation clears physical moisture without removing the learned observation
act1-facilities: previous facility action finishes; camera=(-35.179573, 3.1111727, 6.7269754) ray=(-0.6109102, 0.18198904, 0.77049905) hit=/root/Act1FacilitiesSmokeTest/Act1Demo/Main/ZoneHost/Act1ConnectedWorld/village-main-road/BathVentUse shape=/root/Act1FacilitiesSmokeTest/Act1Demo/Main/ZoneHost/Act1ConnectedWorld/village-main-road/BathVentUse/SurfaceRay at=(-36.293423, 3.442987, 8.131802) held= busy=False registering=False registered=True heldPosition= heldPoseValid=False light= targetState= targetVisible= targetConcealed= modal=False pause=False focused=True physicsEnabled=True treePaused=False inputFrame=1465/1472 interactPresses=24 feedback= pickupProbe=
act1-facilities: actual available aim at BathVentUse; layer=4; camera=(-35.179573, 3.1111727, 6.7269754) ray=(-0.6109089, 0.18198921, 0.7705) hit=/root/Act1FacilitiesSmokeTest/Act1Demo/Main/ZoneHost/Act1ConnectedWorld/village-main-road/BathVentUse shape=/root/Act1FacilitiesSmokeTest/Act1Demo/Main/ZoneHost/Act1ConnectedWorld/village-main-road/BathVentUse/SurfaceRay at=(-36.293423, 3.4429884, 8.131807) held= busy=False registering=False registered=True heldPosition= heldPoseValid=False light= targetState= targetVisible= targetConcealed= modal=False pause=False focused=True physicsEnabled=True treePaused=False inputFrame=1465/1475 interactPresses=24 feedback= pickupProbe=
SaveGameV3 written to /Users/unterlantas/Library/Application Support/Godot/app_userdata/URMAN/savegames/checkpoint.savegame-v3.json
act1-facilities: facility transaction and existing checkpoint save finish; camera=(-35.179573, 3.1111727, 6.7269754) ray=(-0.6109089, 0.18198921, 0.7705) hit=/root/Act1FacilitiesSmokeTest/Act1Demo/Main/ZoneHost/Act1ConnectedWorld/village-main-road/BathVentUse shape=/root/Act1FacilitiesSmokeTest/Act1Demo/Main/ZoneHost/Act1ConnectedWorld/village-main-road/BathVentUse/SurfaceRay at=(-36.293423, 3.4429884, 8.131807) held= busy=False registering=False registered=True heldPosition= heldPoseValid=False light= targetState= targetVisible= targetConcealed= modal=False pause=False focused=True physicsEnabled=True treePaused=False inputFrame=1476/1480 interactPresses=25 feedback= pickupProbe=
act1-facilities: the same reachable slider closes the vent again
act1-facilities: return to stoke the finite remaining logs; actual=(-34.07499, 1.4111726, 6.820198), expected=(-33.999943, 1.4110625, 6.8379083), grounded=True, settledFrames=3, waitedFrames=3, distance=0,07710794
act1-facilities: clock expiry starts from active supported gameplay
act1-facilities: let the actual previous log burn out using the actual clock while stationary
act1-facilities: previous facility action finishes; camera=(-33.899803, 3.1111727, 6.86154) ray=(0.9732664, -0, 0.22967905) hit=/root/Act1FacilitiesSmokeTest/Act1Demo/Main/ZoneHost/Act1ConnectedWorld/village-main-road/BathWetRoomDoorUse shape=/root/Act1FacilitiesSmokeTest/Act1Demo/Main/ZoneHost/Act1ConnectedWorld/village-main-road/BathWetRoomDoorUse/SurfaceRay at=(-33.433014, 3.1111727, 6.9716973) held= busy=False registering=False registered=True heldPosition= heldPoseValid=False light= targetState= targetVisible= targetConcealed= modal=False pause=False focused=True physicsEnabled=True treePaused=False inputFrame=1623/1624 interactPresses=25 feedback= pickupProbe=
act1-facilities: actual available aim at BathStoveUse; layer=4; camera=(-34.119324, 3.1111727, 6.994652) ray=(-0.20657226, -0.5446223, 0.8128435) hit=/root/Act1FacilitiesSmokeTest/Act1Demo/Main/ZoneHost/Act1ConnectedWorld/village-main-road/BathStoveUse shape=/root/Act1FacilitiesSmokeTest/Act1Demo/Main/ZoneHost/Act1ConnectedWorld/village-main-road/BathStoveUse/SurfaceRay at=(-34.47653, 2.1694167, 8.400214) held= busy=False registering=False registered=True heldPosition= heldPoseValid=False light= targetState= targetVisible= targetConcealed= modal=False pause=False focused=True physicsEnabled=True treePaused=False inputFrame=1626/1627 interactPresses=25 feedback= pickupProbe=
SaveGameV3 written to /Users/unterlantas/Library/Application Support/Godot/app_userdata/URMAN/savegames/checkpoint.savegame-v3.json
checkpoint: auto-saved at urman.chapter1:scene/arrival_vehicle_dusk
act1-facilities: facility transaction and existing checkpoint save finish; camera=(-34.119324, 3.1111727, 6.994652) ray=(-0.20657226, -0.5446223, 0.8128435) hit=/root/Act1FacilitiesSmokeTest/Act1Demo/Main/ZoneHost/Act1ConnectedWorld/village-main-road/BathStoveUse shape=/root/Act1FacilitiesSmokeTest/Act1Demo/Main/ZoneHost/Act1ConnectedWorld/village-main-road/BathStoveUse/SurfaceRay at=(-34.47653, 2.1694167, 8.400214) held= busy=False registering=False registered=True heldPosition= heldPoseValid=False light= targetState= targetVisible= targetConcealed= modal=False pause=False focused=True physicsEnabled=True treePaused=False inputFrame=1628/1632 interactPresses=26 feedback= pickupProbe=
act1-facilities: another actual ignition consumes the visible stock to 3
act1-facilities: clock expiry starts from active supported gameplay
act1-facilities: let the actual previous log burn out using the actual clock while stationary
act1-facilities: previous facility action finishes; camera=(-34.119324, 3.1111727, 6.994652) ray=(-0.20657226, -0.5446223, 0.8128435) hit=/root/Act1FacilitiesSmokeTest/Act1Demo/Main/ZoneHost/Act1ConnectedWorld/village-main-road/BathStoveUse shape=/root/Act1FacilitiesSmokeTest/Act1Demo/Main/ZoneHost/Act1ConnectedWorld/village-main-road/BathStoveUse/SurfaceRay at=(-34.47653, 2.1694167, 8.400214) held= busy=False registering=False registered=True heldPosition= heldPoseValid=False light= targetState= targetVisible= targetConcealed= modal=False pause=False focused=True physicsEnabled=True treePaused=False inputFrame=1998/1999 interactPresses=26 feedback= pickupProbe=
act1-facilities: actual available aim at BathStoveUse; layer=4; camera=(-34.119324, 3.1111727, 6.994652) ray=(-0.20657381, -0.5446222, 0.8128431) hit=/root/Act1FacilitiesSmokeTest/Act1Demo/Main/ZoneHost/Act1ConnectedWorld/village-main-road/BathStoveUse shape=/root/Act1FacilitiesSmokeTest/Act1Demo/Main/ZoneHost/Act1ConnectedWorld/village-main-road/BathStoveUse/SurfaceRay at=(-34.476532, 2.1694167, 8.400213) held= busy=False registering=False registered=True heldPosition= heldPoseValid=False light= targetState= targetVisible= targetConcealed= modal=False pause=False focused=True physicsEnabled=True treePaused=False inputFrame=2001/2002 interactPresses=26 feedback= pickupProbe=
SaveGameV3 written to /Users/unterlantas/Library/Application Support/Godot/app_userdata/URMAN/savegames/checkpoint.savegame-v3.json
checkpoint: auto-saved at urman.chapter1:scene/arrival_vehicle_dusk
act1-facilities: facility transaction and existing checkpoint save finish; camera=(-34.119324, 3.1111727, 6.994652) ray=(-0.20657381, -0.5446222, 0.8128431) hit=/root/Act1FacilitiesSmokeTest/Act1Demo/Main/ZoneHost/Act1ConnectedWorld/village-main-road/BathStoveUse shape=/root/Act1FacilitiesSmokeTest/Act1Demo/Main/ZoneHost/Act1ConnectedWorld/village-main-road/BathStoveUse/SurfaceRay at=(-34.476532, 2.1694167, 8.400213) held= busy=False registering=False registered=True heldPosition= heldPoseValid=False light= targetState= targetVisible= targetConcealed= modal=False pause=False focused=True physicsEnabled=True treePaused=False inputFrame=2003/2007 interactPresses=27 feedback= pickupProbe=
act1-facilities: another actual ignition consumes the visible stock to 2
act1-facilities: clock expiry starts from active supported gameplay
act1-facilities: let the actual previous log burn out using the actual clock while stationary
act1-facilities: previous facility action finishes; camera=(-34.119324, 3.1111727, 6.994652) ray=(-0.20657381, -0.5446222, 0.8128431) hit=/root/Act1FacilitiesSmokeTest/Act1Demo/Main/ZoneHost/Act1ConnectedWorld/village-main-road/BathStoveUse shape=/root/Act1FacilitiesSmokeTest/Act1Demo/Main/ZoneHost/Act1ConnectedWorld/village-main-road/BathStoveUse/SurfaceRay at=(-34.476532, 2.1694167, 8.400213) held= busy=False registering=False registered=True heldPosition= heldPoseValid=False light= targetState= targetVisible= targetConcealed= modal=False pause=False focused=True physicsEnabled=True treePaused=False inputFrame=2373/2374 interactPresses=27 feedback= pickupProbe=
act1-facilities: actual available aim at BathStoveUse; layer=4; camera=(-34.119324, 3.1111727, 6.994652) ray=(-0.20657381, -0.5446222, 0.8128431) hit=/root/Act1FacilitiesSmokeTest/Act1Demo/Main/ZoneHost/Act1ConnectedWorld/village-main-road/BathStoveUse shape=/root/Act1FacilitiesSmokeTest/Act1Demo/Main/ZoneHost/Act1ConnectedWorld/village-main-road/BathStoveUse/SurfaceRay at=(-34.476532, 2.1694167, 8.400213) held= busy=False registering=False registered=True heldPosition= heldPoseValid=False light= targetState= targetVisible= targetConcealed= modal=False pause=False focused=True physicsEnabled=True treePaused=False inputFrame=2376/2377 interactPresses=27 feedback= pickupProbe=
SaveGameV3 written to /Users/unterlantas/Library/Application Support/Godot/app_userdata/URMAN/savegames/checkpoint.savegame-v3.json
checkpoint: auto-saved at urman.chapter1:scene/arrival_vehicle_dusk
act1-facilities: facility transaction and existing checkpoint save finish; camera=(-34.119324, 3.1111727, 6.994652) ray=(-0.20657381, -0.5446222, 0.8128431) hit=/root/Act1FacilitiesSmokeTest/Act1Demo/Main/ZoneHost/Act1ConnectedWorld/village-main-road/BathStoveUse shape=/root/Act1FacilitiesSmokeTest/Act1Demo/Main/ZoneHost/Act1ConnectedWorld/village-main-road/BathStoveUse/SurfaceRay at=(-34.476532, 2.1694167, 8.400213) held= busy=False registering=False registered=True heldPosition= heldPoseValid=False light= targetState= targetVisible= targetConcealed= modal=False pause=False focused=True physicsEnabled=True treePaused=False inputFrame=2378/2382 interactPresses=28 feedback= pickupProbe=
act1-facilities: another actual ignition consumes the visible stock to 1
act1-facilities: clock expiry starts from active supported gameplay
act1-facilities: let the actual previous log burn out using the actual clock while stationary
act1-facilities: previous facility action finishes; camera=(-34.119324, 3.1111727, 6.994652) ray=(-0.20657381, -0.5446222, 0.8128431) hit=/root/Act1FacilitiesSmokeTest/Act1Demo/Main/ZoneHost/Act1ConnectedWorld/village-main-road/BathStoveUse shape=/root/Act1FacilitiesSmokeTest/Act1Demo/Main/ZoneHost/Act1ConnectedWorld/village-main-road/BathStoveUse/SurfaceRay at=(-34.476532, 2.1694167, 8.400213) held= busy=False registering=False registered=True heldPosition= heldPoseValid=False light= targetState= targetVisible= targetConcealed= modal=False pause=False focused=True physicsEnabled=True treePaused=False inputFrame=2748/2749 interactPresses=28 feedback= pickupProbe=
act1-facilities: actual available aim at BathStoveUse; layer=4; camera=(-34.119324, 3.1111727, 6.994652) ray=(-0.20657381, -0.5446222, 0.8128431) hit=/root/Act1FacilitiesSmokeTest/Act1Demo/Main/ZoneHost/Act1ConnectedWorld/village-main-road/BathStoveUse shape=/root/Act1FacilitiesSmokeTest/Act1Demo/Main/ZoneHost/Act1ConnectedWorld/village-main-road/BathStoveUse/SurfaceRay at=(-34.476532, 2.1694167, 8.400213) held= busy=False registering=False registered=True heldPosition= heldPoseValid=False light= targetState= targetVisible= targetConcealed= modal=False pause=False focused=True physicsEnabled=True treePaused=False inputFrame=2751/2752 interactPresses=28 feedback= pickupProbe=
SaveGameV3 written to /Users/unterlantas/Library/Application Support/Godot/app_userdata/URMAN/savegames/checkpoint.savegame-v3.json
checkpoint: auto-saved at urman.chapter1:scene/arrival_vehicle_dusk
act1-facilities: facility transaction and existing checkpoint save finish; camera=(-34.119324, 3.1111727, 6.994652) ray=(-0.20657381, -0.5446222, 0.8128431) hit=/root/Act1FacilitiesSmokeTest/Act1Demo/Main/ZoneHost/Act1ConnectedWorld/village-main-road/BathStoveUse shape=/root/Act1FacilitiesSmokeTest/Act1Demo/Main/ZoneHost/Act1ConnectedWorld/village-main-road/BathStoveUse/SurfaceRay at=(-34.476532, 2.1694167, 8.400213) held= busy=False registering=False registered=True heldPosition= heldPoseValid=False light= targetState= targetVisible= targetConcealed= modal=False pause=False focused=True physicsEnabled=True treePaused=False inputFrame=2753/2757 interactPresses=29 feedback= pickupProbe=
act1-facilities: another actual ignition consumes the visible stock to 0
act1-facilities: clock expiry starts from active supported gameplay
act1-facilities: complete the fifth log before the empty-rack attempt using the actual clock while stationary
act1-facilities: previous facility action finishes; camera=(-34.119324, 3.1111727, 6.994652) ray=(-0.20657381, -0.5446222, 0.8128431) hit=/root/Act1FacilitiesSmokeTest/Act1Demo/Main/ZoneHost/Act1ConnectedWorld/village-main-road/BathStoveUse shape=/root/Act1FacilitiesSmokeTest/Act1Demo/Main/ZoneHost/Act1ConnectedWorld/village-main-road/BathStoveUse/SurfaceRay at=(-34.476532, 2.1694167, 8.400213) held= busy=False registering=False registered=True heldPosition= heldPoseValid=False light= targetState= targetVisible= targetConcealed= modal=False pause=False focused=True physicsEnabled=True treePaused=False inputFrame=3123/3124 interactPresses=29 feedback= pickupProbe=
act1-facilities: actual available aim at BathStoveUse; layer=4; camera=(-34.119324, 3.1111727, 6.994652) ray=(-0.20657381, -0.5446222, 0.8128431) hit=/root/Act1FacilitiesSmokeTest/Act1Demo/Main/ZoneHost/Act1ConnectedWorld/village-main-road/BathStoveUse shape=/root/Act1FacilitiesSmokeTest/Act1Demo/Main/ZoneHost/Act1ConnectedWorld/village-main-road/BathStoveUse/SurfaceRay at=(-34.476532, 2.1694167, 8.400213) held= busy=False registering=False registered=True heldPosition= heldPoseValid=False light= targetState= targetVisible= targetConcealed= modal=False pause=False focused=True physicsEnabled=True treePaused=False inputFrame=3126/3127 interactPresses=29 feedback= pickupProbe=
act1-facilities: facility transaction and existing checkpoint save finish; camera=(-34.119324, 3.1111727, 6.994652) ray=(-0.20657381, -0.5446222, 0.8128431) hit=/root/Act1FacilitiesSmokeTest/Act1Demo/Main/ZoneHost/Act1ConnectedWorld/village-main-road/BathStoveUse shape=/root/Act1FacilitiesSmokeTest/Act1Demo/Main/ZoneHost/Act1ConnectedWorld/village-main-road/BathStoveUse/SurfaceRay at=(-34.476532, 2.1694167, 8.400213) held= busy=False registering=False registered=True heldPosition= heldPoseValid=False light= targetState= targetVisible= targetConcealed= modal=False pause=False focused=True physicsEnabled=True treePaused=False inputFrame=3128/3132 interactPresses=30 feedback= pickupProbe=
act1-facilities: empty dry rack refuses a sixth ignition without creating a log
SaveGameV3 written to /Users/unterlantas/Library/Application Support/Godot/app_userdata/URMAN/savegames/facilities-bath-exhausted.savegame-v3.json
act1-facilities: save attained finite resource exhaustion
act1-facilities: pending action is finished before loading facilities-bath-observed; camera=(-34.119324, 3.1111727, 6.994652) ray=(-0.20657381, -0.5446222, 0.8128431) hit=/root/Act1FacilitiesSmokeTest/Act1Demo/Main/ZoneHost/Act1ConnectedWorld/village-main-road/BathStoveUse shape=/root/Act1FacilitiesSmokeTest/Act1Demo/Main/ZoneHost/Act1ConnectedWorld/village-main-road/BathStoveUse/SurfaceRay at=(-34.476532, 2.1694167, 8.400213) held= busy=False registering=False registered=True heldPosition= heldPoseValid=False light= targetState= targetVisible= targetConcealed= modal=False pause=False focused=True physicsEnabled=True treePaused=False inputFrame=3128/3135 interactPresses=30 feedback= pickupProbe=
zone-loaded: village_day@arrival connected-world=116886869495
SaveGameV3 restored.
act1-facilities: load attained save facilities-bath-observed
act1-facilities: earlier attained save restores its earlier visible fuel supply
act1-facilities: pending action is finished before loading facilities-bath-exhausted; camera=(-35.246002, 3.1111727, 6.5609875) ray=(-0.98253524, -0.12539557, -0.1374789) hit=/root/Act1FacilitiesSmokeTest/Act1Demo/Main/ZoneHost/Act1ConnectedWorld/Act1CoreWorldGreybox/BabaiBathhouse/BathWindow/GlassBody shape=/root/Act1FacilitiesSmokeTest/Act1Demo/Main/ZoneHost/Act1ConnectedWorld/Act1CoreWorldGreybox/BabaiBathhouse/BathWindow/GlassBody/Contact at=(-36.046326, 3.0090318, 6.449005) held= busy=False registering=False registered=True heldPosition= heldPoseValid=False light= targetState= targetVisible= targetConcealed= modal=False pause=False focused=True physicsEnabled=True treePaused=False inputFrame=3147/3148 interactPresses=30 feedback= pickupProbe=
zone-loaded: village_day@arrival connected-world=116886869495
SaveGameV3 restored.
act1-facilities: load attained save facilities-bath-exhausted
act1-facilities: later save restores exhaustion, reserve water consumption and a single notebook entry
state-final-render-sync-begin: label=facility/06_bath_empty_dry_rack tick=87230 drawn=5069 process=5069 physics=3161 windowVisible=True focus=True mode=Windowed renderLoop=True
state-final-render-sync-end: label=facility/06_bath_empty_dry_rack milliseconds=9 forcedScreenshotRender=False
act1-facility-camera: {"kind":"native-game-camera","file":"/Users/unterlantas/Documents/GitHub/URMAN/docs/production/act1_takeover_evidence_2026-09-16/images-facilities-11/06_bath_empty_dry_rack.png","focus":true,"intendedAim":null,"cameraBefore":"[X: (-0.9691917, 0, -0.24630782), Y: (-0.13414471, 0.83868146, 0.5278433), Z: (0.2065738, 0.5446223, -0.8128431), O: (-34.119324, 3.1111727, 6.994652)]","cameraAfter":"[X: (-0.9691917, 0, -0.24630782), Y: (-0.13414471, 0.83868146, 0.5278433), Z: (0.2065738, 0.5446223, -0.8128431), O: (-34.119324, 3.1111727, 6.994652)]","cameraUnchangedDuringRender":true,"cameraTravel":0,"cameraForwardDot":1,"frameBefore":5069,"frameAfter":5069,"intendedAimDot":null,"humanArtReview":"not-run"}
act1-facilities: stand beyond the wet door's complete swept arc; actual=(-34.84713, 1.4111726, 6.63799), expected=(-34.924545, 1.4110625, 6.6197205), grounded=True, settledFrames=3, waitedFrames=3, distance=0,079542
act1-facilities: previous facility action finishes; camera=(-35.022316, 3.1111727, 6.5966477) ray=(-0.97326595, -0, -0.22968106) hit=/root/Act1FacilitiesSmokeTest/Act1Demo/Main/ZoneHost/Act1ConnectedWorld/Act1CoreWorldGreybox/BabaiBathhouse/BathWindow/GlassBody shape=/root/Act1FacilitiesSmokeTest/Act1Demo/Main/ZoneHost/Act1ConnectedWorld/Act1CoreWorldGreybox/BabaiBathhouse/BathWindow/GlassBody/Contact at=(-36.02531, 3.1111727, 6.359952) held= busy=False registering=False registered=True heldPosition= heldPoseValid=False light= targetState= targetVisible= targetConcealed= modal=False pause=False focused=True physicsEnabled=True treePaused=False inputFrame=3178/3179 interactPresses=30 feedback= pickupProbe=
act1-facilities: actual available aim at BathWetRoomDoorUse; layer=4; camera=(-34.671944, 3.1111727, 6.6793303) ray=(0.8612993, -0.46567553, 0.20324835) hit=/root/Act1FacilitiesSmokeTest/Act1Demo/Main/ZoneHost/Act1ConnectedWorld/village-main-road/BathWetRoomDoorUse shape=/root/Act1FacilitiesSmokeTest/Act1Demo/Main/ZoneHost/Act1ConnectedWorld/village-main-road/BathWetRoomDoorUse/SurfaceRay at=(-33.43301, 2.441323, 6.971693) held= busy=False registering=False registered=True heldPosition= heldPoseValid=False light= targetState= targetVisible= targetConcealed= modal=False pause=False focused=True physicsEnabled=True treePaused=False inputFrame=3181/3182 interactPresses=30 feedback= pickupProbe=
act1-facility-door: {"kind":"door-input-probe","phase":"before-input","target":"urman.chapter1:local/bathhouse/wet-door","feet":"(-34.84713, 1.4111726, 6.63799)","velocity":"(0, 0, 0)","forward":0,"backward":0,"left":0,"right":0,"interact":0,"focus":true,"modal":false,"sessionReady":true,"noticeActive":false,"focusedInteraction":"urman.chapter1:local/bathhouse/wet-door","transformRevision":10,"angle":1.5707964,"actionNumber":5,"action":"{\u0022phase\u0022:\u0022received\u0022,\u0022key\u0022:\u0022bathhouse/wet-door\u0022,\u0022busy\u0022:false,\u0022sessionReady\u0022:true,\u0022feet\u0022:\u0022(-34.84713, 1.4111726, 6.6379905)\u0022,\u0022focus\u0022:true,\u0022forward\u0022:0,\u0022backward\u0022:0,\u0022left\u0022:0,\u0022right\u0022:0}","result":"committed","sweep":"{\u0022clear\u0022:true,\u0022samples\u0022:102,\u0022from\u0022:3.2288592,\u0022to\u0022:1.5707964}","aim":"camera=(-34.671944, 3.1111727, 6.6793303) ray=(0.8612993, -0.46567553, 0.20324835) hit=/root/Act1FacilitiesSmokeTest/Act1Demo/Main/ZoneHost/Act1ConnectedWorld/village-main-road/BathWetRoomDoorUse shape=/root/Act1FacilitiesSmokeTest/Act1Demo/Main/ZoneHost/Act1ConnectedWorld/village-main-road/BathWetRoomDoorUse/SurfaceRay at=(-33.43301, 2.441323, 6.971693) held= busy=False registering=False registered=True heldPosition= heldPoseValid=False light= targetState= targetVisible= targetConcealed= modal=False pause=False focused=True physicsEnabled=True treePaused=False inputFrame=3181/3182 interactPresses=30 feedback= pickupProbe="}
act1-facilities: BathWetRoomDoorUse: passive focus follows the actual door during a result notice
SaveGameV3 written to /Users/unterlantas/Library/Application Support/Godot/app_userdata/URMAN/savegames/checkpoint.savegame-v3.json
act1-facility-door: {"kind":"door-input-probe","phase":"after-input","target":"urman.chapter1:local/bathhouse/wet-door","feet":"(-34.84713, 1.4111726, 6.63799)","velocity":"(0, 0, 0)","forward":0,"backward":0,"left":0,"right":0,"interact":0,"focus":true,"modal":false,"sessionReady":true,"noticeActive":true,"focusedInteraction":"urman.chapter1:local/bathhouse/wet-door","transformRevision":10,"angle":1.7107962,"actionNumber":6,"action":"{\u0022phase\u0022:\u0022received\u0022,\u0022key\u0022:\u0022bathhouse/wet-door\u0022,\u0022busy\u0022:false,\u0022sessionReady\u0022:true,\u0022feet\u0022:\u0022(-34.84713, 1.4111726, 6.63799)\u0022,\u0022focus\u0022:true,\u0022forward\u0022:0,\u0022backward\u0022:0,\u0022left\u0022:0,\u0022right\u0022:0}","result":"committed","sweep":"{\u0022clear\u0022:true,\u0022samples\u0022:102,\u0022from\u0022:1.5707964,\u0022to\u0022:3.2288592}","aim":"camera=(-34.671944, 3.1111727, 6.6793303) ray=(0.8612993, -0.46567553, 0.20324835) hit=/root/Act1FacilitiesSmokeTest/Act1Demo/Main/ZoneHost/Act1ConnectedWorld/village-main-road/BathWetRoomDoorUse shape=/root/Act1FacilitiesSmokeTest/Act1Demo/Main/ZoneHost/Act1ConnectedWorld/village-main-road/BathWetRoomDoorUse/SurfaceRay at=(-33.509003, 2.4824095, 6.95376) held= busy=False registering=False registered=True heldPosition= heldPoseValid=False light= targetState= targetVisible= targetConcealed= modal=False pause=False focused=True physicsEnabled=True treePaused=False inputFrame=3183/3187 interactPresses=31 feedback= pickupProbe="}
act1-facilities: BathWetRoomDoorUse: one deliberate mapped press reaches exactly one door callback
act1-facilities: facility transaction and existing checkpoint save finish; camera=(-34.671944, 3.1111727, 6.6793303) ray=(0.8612993, -0.46567553, 0.20324835) hit=/root/Act1FacilitiesSmokeTest/Act1Demo/Main/ZoneHost/Act1ConnectedWorld/village-main-road/BathWetRoomDoorUse shape=/root/Act1FacilitiesSmokeTest/Act1Demo/Main/ZoneHost/Act1ConnectedWorld/village-main-road/BathWetRoomDoorUse/SurfaceRay at=(-33.509003, 2.4824095, 6.95376) held= busy=False registering=False registered=True heldPosition= heldPoseValid=False light= targetState= targetVisible= targetConcealed= modal=False pause=False focused=True physicsEnabled=True treePaused=False inputFrame=3183/3187 interactPresses=31 feedback= pickupProbe=
act1-facility-door: {"kind":"door-input-probe","phase":"after-transaction","target":"urman.chapter1:local/bathhouse/wet-door","feet":"(-34.84713, 1.4111726, 6.63799)","velocity":"(0, 0, 0)","forward":0,"backward":0,"left":0,"right":0,"interact":0,"focus":true,"modal":false,"sessionReady":true,"noticeActive":true,"focusedInteraction":"urman.chapter1:local/bathhouse/wet-door","transformRevision":10,"angle":1.8507961,"actionNumber":6,"action":"{\u0022phase\u0022:\u0022received\u0022,\u0022key\u0022:\u0022bathhouse/wet-door\u0022,\u0022busy\u0022:false,\u0022sessionReady\u0022:true,\u0022feet\u0022:\u0022(-34.84713, 1.4111726, 6.63799)\u0022,\u0022focus\u0022:true,\u0022forward\u0022:0,\u0022backward\u0022:0,\u0022left\u0022:0,\u0022right\u0022:0}","result":"committed","sweep":"{\u0022clear\u0022:true,\u0022samples\u0022:102,\u0022from\u0022:1.5707964,\u0022to\u0022:3.2288592}","aim":"camera=(-34.671944, 3.1111727, 6.6793303) ray=(0.8612993, -0.46567553, 0.20324835) hit=/root/Act1FacilitiesSmokeTest/Act1Demo/Main/ZoneHost/Act1ConnectedWorld/village-main-road/BathWetRoomDoorUse shape=/root/Act1FacilitiesSmokeTest/Act1Demo/Main/ZoneHost/Act1ConnectedWorld/village-main-road/BathWetRoomDoorUse/SurfaceRay at=(-33.589207, 2.525773, 6.9348335) held= busy=False registering=False registered=True heldPosition= heldPoseValid=False light= targetState= targetVisible= targetConcealed= modal=False pause=False focused=True physicsEnabled=True treePaused=False inputFrame=3183/3190 interactPresses=31 feedback= pickupProbe="}
act1-facility-door: {"kind":"door-input-probe","phase":"finished-angle-wait","target":"urman.chapter1:local/bathhouse/wet-door","feet":"(-34.84713, 1.4111726, 6.63799)","velocity":"(0, 0, 0)","forward":0,"backward":0,"left":0,"right":0,"interact":0,"focus":true,"modal":false,"sessionReady":true,"noticeActive":true,"focusedInteraction":"","transformRevision":10,"angle":3.2288592,"actionNumber":6,"action":"{\u0022phase\u0022:\u0022received\u0022,\u0022key\u0022:\u0022bathhouse/wet-door\u0022,\u0022busy\u0022:false,\u0022sessionReady\u0022:true,\u0022feet\u0022:\u0022(-34.84713, 1.4111726, 6.63799)\u0022,\u0022focus\u0022:true,\u0022forward\u0022:0,\u0022backward\u0022:0,\u0022left\u0022:0,\u0022right\u0022:0}","result":"committed","sweep":"{\u0022clear\u0022:true,\u0022samples\u0022:102,\u0022from\u0022:1.5707964,\u0022to\u0022:3.2288592}","aim":"camera=(-34.671944, 3.1111727, 6.6793303) ray=(0.8612993, -0.46567553, 0.20324835) hit= shape= at=(0, 0, 0) held= busy=False registering=False registered=True heldPosition= heldPoseValid=False light= targetState= targetVisible= targetConcealed= modal=False pause=False focused=True physicsEnabled=True treePaused=False inputFrame=3183/3220 interactPresses=31 feedback= pickupProbe="}
act1-facilities: manually reopen the wet room before returning
act1-facilities: leave exhausted stove room; actual=(-32.36525, 1.4111726, 7.223661), expected=(-32.32592, 1.4110625, 7.232943), grounded=True, settledFrames=3, waitedFrames=3, distance=0,040410016
act1-facilities: cross the changing room after resource checks; actual=(-31.913046, 1.4111726, 6.50393), expected=(-31.887383, 1.4110625, 6.4630833), grounded=True, settledFrames=3, waitedFrames=3, distance=0,048239734
act1-facilities: cross the doorway onto the landing after resource checks; actual=(-31.63827, 1.4111726, 5.40442), expected=(-31.625557, 1.4110625, 5.353557), grounded=True, settledFrames=3, waitedFrames=3, distance=0,05242738
act1-facilities: return around the same open bath leaf on the supported landing; actual=(-31.273548, 1.4111726, 4.8989315), expected=(-31.224972, 1.4110625, 4.8316073), grounded=True, settledFrames=3, waitedFrames=3, distance=0,0830193
act1-facilities: return around the same open bath leaf on the supported landing; actual=(-31.116037, 1.4111726, 4.354592), expected=(-31.096355, 1.4110625, 4.286577), grounded=True, settledFrames=3, waitedFrames=3, distance=0,07080513
act1-facilities: return around the same open bath leaf on the supported landing; actual=(-30.040983, 1.1077979, 4.538153), expected=(-30.01603, 1.4110625, 4.5415125), grounded=True, settledFrames=3, waitedFrames=6, distance=0,025178945
act1-facilities: return to the original lower stair flight; actual=(-30.265524, 1.1077979, 5.5911407), expected=(-30.282448, 1.4110625, 5.6705036), grounded=True, settledFrames=3, waitedFrames=3, distance=0,0811473
act1-facilities: physical return outside after resource checks; actual=(-29.17836, 0.6568751, 5.9277725), expected=(-29.133991, 0.6949753, 5.941516), grounded=True, settledFrames=3, waitedFrames=4, distance=0,046448536
act1-facilities: approach the door from outside its swept area; actual=(-30.222673, 1.1033415, 5.6844378), expected=(-30.282448, 1.4110625, 5.6705036), grounded=True, settledFrames=3, waitedFrames=4, distance=0,061377022
act1-facilities: previous facility action finishes; camera=(-30.397972, 2.7750697, 5.6435776) ray=(-0.97389394, -0, -0.22700356) hit=/root/Act1FacilitiesSmokeTest/Act1Demo/Main/ZoneHost/Act1ConnectedWorld/village-main-road/BathEntranceUse shape=/root/Act1FacilitiesSmokeTest/Act1Demo/Main/ZoneHost/Act1ConnectedWorld/village-main-road/BathEntranceUse/SurfaceRay at=(-30.952894, 2.7750697, 5.5142307) held= busy=False registering=False registered=True heldPosition= heldPoseValid=False light= targetState= targetVisible= targetConcealed= modal=False pause=False focused=True physicsEnabled=True treePaused=False inputFrame=3431/3432 interactPresses=31 feedback= pickupProbe=
act1-facilities: actual available aim at BathEntranceUse; layer=4; camera=(-30.396809, 2.7869806, 5.6388726) ray=(-0.86448014, -0.44889465, -0.22620271) hit=/root/Act1FacilitiesSmokeTest/Act1Demo/Main/ZoneHost/Act1ConnectedWorld/village-main-road/BathEntranceUse shape=/root/Act1FacilitiesSmokeTest/Act1Demo/Main/ZoneHost/Act1ConnectedWorld/village-main-road/BathEntranceUse/SurfaceRay at=(-30.94552, 2.502054, 5.495294) held= busy=False registering=False registered=True heldPosition= heldPoseValid=False light= targetState= targetVisible= targetConcealed= modal=False pause=False focused=True physicsEnabled=True treePaused=False inputFrame=3434/3435 interactPresses=31 feedback= pickupProbe=
act1-facility-door: {"kind":"door-input-probe","phase":"before-input","target":"urman.chapter1:local/bathhouse/entrance","feet":"(-30.222673, 1.1033415, 5.6844378)","velocity":"(0, 0, 0)","forward":0,"backward":0,"left":0,"right":0,"interact":0,"focus":true,"modal":false,"sessionReady":true,"noticeActive":false,"focusedInteraction":"urman.chapter1:local/bathhouse/entrance","transformRevision":10,"angle":1.43117,"actionNumber":2,"action":"{\u0022phase\u0022:\u0022received\u0022,\u0022key\u0022:\u0022bathhouse/entrance\u0022,\u0022busy\u0022:false,\u0022sessionReady\u0022:true,\u0022feet\u0022:\u0022(-30.307096, 1.107898, 5.664687)\u0022,\u0022focus\u0022:true,\u0022forward\u0022:0,\u0022backward\u0022:0,\u0022left\u0022:0,\u0022right\u0022:0}","result":"committed","sweep":"{\u0022clear\u0022:true,\u0022samples\u0022:105,\u0022from\u0022:3.1415927,\u0022to\u0022:1.43117}","aim":"camera=(-30.396809, 2.7869806, 5.6388726) ray=(-0.86448014, -0.44889465, -0.22620271) hit=/root/Act1FacilitiesSmokeTest/Act1Demo/Main/ZoneHost/Act1ConnectedWorld/village-main-road/BathEntranceUse shape=/root/Act1FacilitiesSmokeTest/Act1Demo/Main/ZoneHost/Act1ConnectedWorld/village-main-road/BathEntranceUse/SurfaceRay at=(-30.94552, 2.502054, 5.495294) held= busy=False registering=False registered=True heldPosition= heldPoseValid=False light= targetState= targetVisible= targetConcealed= modal=False pause=False focused=True physicsEnabled=True treePaused=False inputFrame=3434/3435 interactPresses=31 feedback= pickupProbe="}
act1-facilities: BathEntranceUse: passive focus follows the actual door during a result notice
SaveGameV3 written to /Users/unterlantas/Library/Application Support/Godot/app_userdata/URMAN/savegames/checkpoint.savegame-v3.json
act1-facility-door: {"kind":"door-input-probe","phase":"after-input","target":"urman.chapter1:local/bathhouse/entrance","feet":"(-30.222673, 1.1033415, 5.6844378)","velocity":"(0, 0, 0)","forward":0,"backward":0,"left":0,"right":0,"interact":0,"focus":true,"modal":false,"sessionReady":true,"noticeActive":true,"focusedInteraction":"urman.chapter1:local/bathhouse/entrance","transformRevision":10,"angle":1.5711699,"actionNumber":3,"action":"{\u0022phase\u0022:\u0022received\u0022,\u0022key\u0022:\u0022bathhouse/entrance\u0022,\u0022busy\u0022:false,\u0022sessionReady\u0022:true,\u0022feet\u0022:\u0022(-30.222673, 1.1033415, 5.6844378)\u0022,\u0022focus\u0022:true,\u0022forward\u0022:0,\u0022backward\u0022:0,\u0022left\u0022:0,\u0022right\u0022:0}","result":"committed","sweep":"{\u0022clear\u0022:true,\u0022samples\u0022:105,\u0022from\u0022:1.43117,\u0022to\u0022:3.1415927}","aim":"camera=(-30.396809, 2.7967663, 5.6388726) ray=(-0.86448014, -0.44889465, -0.22620271) hit=/root/Act1FacilitiesSmokeTest/Act1Demo/Main/ZoneHost/Act1ConnectedWorld/village-main-road/BathEntranceUse shape=/root/Act1FacilitiesSmokeTest/Act1Demo/Main/ZoneHost/Act1ConnectedWorld/village-main-road/BathEntranceUse/SurfaceRay at=(-31.020145, 2.4730883, 5.4757686) held= busy=False registering=False registered=True heldPosition= heldPoseValid=False light= targetState= targetVisible= targetConcealed= modal=False pause=False focused=True physicsEnabled=True treePaused=False inputFrame=3436/3440 interactPresses=32 feedback= pickupProbe="}
act1-facilities: BathEntranceUse: one deliberate mapped press reaches exactly one door callback
act1-facilities: facility transaction and existing checkpoint save finish; camera=(-30.396809, 2.7967663, 5.6388726) ray=(-0.86448014, -0.44889465, -0.22620271) hit=/root/Act1FacilitiesSmokeTest/Act1Demo/Main/ZoneHost/Act1ConnectedWorld/village-main-road/BathEntranceUse shape=/root/Act1FacilitiesSmokeTest/Act1Demo/Main/ZoneHost/Act1ConnectedWorld/village-main-road/BathEntranceUse/SurfaceRay at=(-31.020145, 2.4730883, 5.4757686) held= busy=False registering=False registered=True heldPosition= heldPoseValid=False light= targetState= targetVisible= targetConcealed= modal=False pause=False focused=True physicsEnabled=True treePaused=False inputFrame=3436/3440 interactPresses=32 feedback= pickupProbe=
act1-facility-door: {"kind":"door-input-probe","phase":"after-transaction","target":"urman.chapter1:local/bathhouse/entrance","feet":"(-30.222673, 1.1033415, 5.6844378)","velocity":"(0, 0, 0)","forward":0,"backward":0,"left":0,"right":0,"interact":0,"focus":true,"modal":false,"sessionReady":true,"noticeActive":true,"focusedInteraction":"urman.chapter1:local/bathhouse/entrance","transformRevision":10,"angle":1.7111697,"actionNumber":3,"action":"{\u0022phase\u0022:\u0022received\u0022,\u0022key\u0022:\u0022bathhouse/entrance\u0022,\u0022busy\u0022:false,\u0022sessionReady\u0022:true,\u0022feet\u0022:\u0022(-30.222673, 1.1033415, 5.6844378)\u0022,\u0022focus\u0022:true,\u0022forward\u0022:0,\u0022backward\u0022:0,\u0022left\u0022:0,\u0022right\u0022:0}","result":"committed","sweep":"{\u0022clear\u0022:true,\u0022samples\u0022:105,\u0022from\u0022:1.43117,\u0022to\u0022:3.1415927}","aim":"camera=(-30.396809, 2.7995367, 5.6388726) ray=(-0.86448014, -0.44889465, -0.22620271) hit=/root/Act1FacilitiesSmokeTest/Act1Demo/Main/ZoneHost/Act1ConnectedWorld/village-main-road/BathEntranceUse shape=/root/Act1FacilitiesSmokeTest/Act1Demo/Main/ZoneHost/Act1ConnectedWorld/village-main-road/BathEntranceUse/SurfaceRay at=(-31.094187, 2.4374118, 5.456395) held= busy=False registering=False registered=True heldPosition= heldPoseValid=False light= targetState= targetVisible= targetConcealed= modal=False pause=False focused=True physicsEnabled=True treePaused=False inputFrame=3436/3443 interactPresses=32 feedback= pickupProbe="}
act1-facility-door: {"kind":"door-input-probe","phase":"waiting-angle","target":"urman.chapter1:local/bathhouse/entrance","feet":"(-30.222673, 1.1033415, 5.6844378)","velocity":"(0, 0, 0)","forward":0,"backward":0,"left":0,"right":0,"interact":0,"focus":true,"modal":false,"sessionReady":true,"noticeActive":true,"focusedInteraction":"","transformRevision":10,"angle":3.1415927,"actionNumber":3,"action":"{\u0022phase\u0022:\u0022received\u0022,\u0022key\u0022:\u0022bathhouse/entrance\u0022,\u0022busy\u0022:false,\u0022sessionReady\u0022:true,\u0022feet\u0022:\u0022(-30.222673, 1.1033415, 5.6844378)\u0022,\u0022focus\u0022:true,\u0022forward\u0022:0,\u0022backward\u0022:0,\u0022left\u0022:0,\u0022right\u0022:0}","result":"committed","sweep":"{\u0022clear\u0022:true,\u0022samples\u0022:105,\u0022from\u0022:1.43117,\u0022to\u0022:3.1415927}","aim":"camera=(-30.396809, 2.803328, 5.6388726) ray=(-0.86448014, -0.44889465, -0.22620271) hit= shape= at=(0, 0, 0) held= busy=False registering=False registered=True heldPosition= heldPoseValid=False light= targetState= targetVisible= targetConcealed= modal=False pause=False focused=True physicsEnabled=True treePaused=False inputFrame=3436/3474 interactPresses=32 feedback= pickupProbe="}
act1-facility-door: {"kind":"door-input-probe","phase":"finished-angle-wait","target":"urman.chapter1:local/bathhouse/entrance","feet":"(-30.222673, 1.1033415, 5.6844378)","velocity":"(0, 0, 0)","forward":0,"backward":0,"left":0,"right":0,"interact":0,"focus":true,"modal":false,"sessionReady":true,"noticeActive":true,"focusedInteraction":"","transformRevision":10,"angle":3.1415927,"actionNumber":3,"action":"{\u0022phase\u0022:\u0022received\u0022,\u0022key\u0022:\u0022bathhouse/entrance\u0022,\u0022busy\u0022:false,\u0022sessionReady\u0022:true,\u0022feet\u0022:\u0022(-30.222673, 1.1033415, 5.6844378)\u0022,\u0022focus\u0022:true,\u0022forward\u0022:0,\u0022backward\u0022:0,\u0022left\u0022:0,\u0022right\u0022:0}","result":"committed","sweep":"{\u0022clear\u0022:true,\u0022samples\u0022:105,\u0022from\u0022:1.43117,\u0022to\u0022:3.1415927}","aim":"camera=(-30.396809, 2.803328, 5.6388726) ray=(-0.86448014, -0.44889465, -0.22620271) hit= shape= at=(0, 0, 0) held= busy=False registering=False registered=True heldPosition= heldPoseValid=False light= targetState= targetVisible= targetConcealed= modal=False pause=False focused=True physicsEnabled=True treePaused=False inputFrame=3436/3474 interactPresses=32 feedback= pickupProbe="}
act1-facilities: close bath entrance from a clear position
act1-facilities: late-obstacle case begins with a real aimed door input
SaveGameV3 written to /Users/unterlantas/Library/Application Support/Godot/app_userdata/URMAN/savegames/checkpoint.savegame-v3.json
act1-facilities: unobstructed door starts its normal opening animation; camera=(-30.40138, 2.8033376, 5.705969) ray=(-0.9621423, -0.24666643, 0.11592179) hit=/root/Act1FacilitiesSmokeTest/Act1Demo/Main/ZoneHost/Act1ConnectedWorld/village-main-road/BathEntranceUse shape=/root/Act1FacilitiesSmokeTest/Act1Demo/Main/ZoneHost/Act1ConnectedWorld/village-main-road/BathEntranceUse/SurfaceRay at=(-31.485554, 2.525386, 5.836593) held= busy=False registering=False registered=True heldPosition= heldPoseValid=False light= targetState= targetVisible= targetConcealed= modal=False pause=False focused=True physicsEnabled=True treePaused=False inputFrame=3478/3481 interactPresses=33 feedback= pickupProbe=
act1-facilities: late obstacle is introduced before the leaf reaches it
act1-facilities: visible late-obstacle fixture has an actual support below it
act1-facilities: a newly introduced physical body pauses the moving leaf; camera=(-30.40138, 2.8033414, 5.705969) ray=(-0.9621423, -0.24666643, 0.11592179) hit=/root/Act1FacilitiesSmokeTest/Act1Demo/Main/ZoneHost/Act1ConnectedWorld/village-main-road/BathEntranceUse shape=/root/Act1FacilitiesSmokeTest/Act1Demo/Main/ZoneHost/Act1ConnectedWorld/village-main-road/BathEntranceUse/SurfaceRay at=(-31.185108, 2.6024158, 5.800394) held= busy=False registering=False registered=True heldPosition= heldPoseValid=False light= targetState= targetVisible= targetConcealed= modal=False pause=False focused=True physicsEnabled=True treePaused=False inputFrame=3478/3504 interactPresses=33 feedback= pickupProbe=
act1-facilities: blocked animation remains still and never penetrates the new obstacle
SaveGameV3 written to /Users/unterlantas/Library/Application Support/Godot/app_userdata/URMAN/savegames/facilities-door-stopped.savegame-v3.json
act1-facilities: save while the physical door is partially open and stopped
act1-facilities: save flush records actual stopped angle rather than its desired endpoint
state-final-render-sync-begin: label=facility/07_bath_door_late_obstacle tick=93180 drawn=5431 process=5430 physics=3516 windowVisible=True focus=True mode=Windowed renderLoop=True
state-final-render-sync-end: label=facility/07_bath_door_late_obstacle milliseconds=11 forcedScreenshotRender=False
act1-facility-camera: {"kind":"native-game-camera","file":"/Users/unterlantas/Documents/GitHub/URMAN/docs/production/act1_takeover_evidence_2026-09-16/images-facilities-11/07_bath_door_late_obstacle.png","focus":true,"intendedAim":null,"cameraBefore":"[X: (-0.11961793, 0, -0.99282), Y: (-0.24489538, 0.9691005, 0.02950573), Z: (0.96214235, 0.24666645, -0.115921795), O: (-30.40138, 2.8033414, 5.705969)]","cameraAfter":"[X: (-0.11961793, 0, -0.99282), Y: (-0.24489538, 0.9691005, 0.02950573), Z: (0.96214235, 0.24666645, -0.115921795), O: (-30.40138, 2.8033414, 5.705969)]","cameraUnchangedDuringRender":true,"cameraTravel":0,"cameraForwardDot":1.0000001,"frameBefore":5431,"frameAfter":5431,"intendedAimDot":null,"humanArtReview":"not-run"}
act1-facility-door: {"kind":"door-input-probe","phase":"finished-angle-wait","target":"urman.chapter1:local/bathhouse/entrance","feet":"(-30.222673, 1.1033415, 5.6844378)","velocity":"(0, 0, 0)","forward":0,"backward":0,"left":0,"right":0,"interact":0,"focus":true,"modal":false,"sessionReady":true,"noticeActive":true,"focusedInteraction":"urman.chapter1:local/bathhouse/entrance","transformRevision":10,"angle":1.43117,"actionNumber":4,"action":"{\u0022phase\u0022:\u0022received\u0022,\u0022key\u0022:\u0022bathhouse/entrance\u0022,\u0022busy\u0022:false,\u0022sessionReady\u0022:true,\u0022feet\u0022:\u0022(-30.222673, 1.1033415, 5.6844378)\u0022,\u0022focus\u0022:true,\u0022forward\u0022:0,\u0022backward\u0022:0,\u0022left\u0022:0,\u0022right\u0022:0}","result":"committed","sweep":"{\u0022clear\u0022:true,\u0022samples\u0022:105,\u0022from\u0022:3.1415927,\u0022to\u0022:1.43117}","aim":"camera=(-30.40138, 2.8033414, 5.705969) ray=(-0.9621423, -0.24666643, 0.11592179) hit=/root/Act1FacilitiesSmokeTest/Act1Demo/Main/ZoneHost/Act1ConnectedWorld/village-main-road/BathEntranceUse shape=/root/Act1FacilitiesSmokeTest/Act1Demo/Main/ZoneHost/Act1ConnectedWorld/village-main-road/BathEntranceUse/SurfaceRay at=(-31.058392, 2.6349025, 5.785127) held= busy=False registering=False registered=True heldPosition= heldPoseValid=False light= targetState= targetVisible= targetConcealed= modal=False pause=False focused=True physicsEnabled=True treePaused=False inputFrame=3478/3532 interactPresses=33 feedback= pickupProbe="}
act1-facilities: removing the obstacle resumes the same door without another grant
act1-facilities: pending door save completes; camera=(-30.40138, 2.8033414, 5.705969) ray=(-0.9621423, -0.24666643, 0.11592179) hit=/root/Act1FacilitiesSmokeTest/Act1Demo/Main/ZoneHost/Act1ConnectedWorld/village-main-road/BathEntranceUse shape=/root/Act1FacilitiesSmokeTest/Act1Demo/Main/ZoneHost/Act1ConnectedWorld/village-main-road/BathEntranceUse/SurfaceRay at=(-31.058392, 2.6349025, 5.785127) held= busy=False registering=False registered=True heldPosition= heldPoseValid=False light= targetState= targetVisible= targetConcealed= modal=False pause=False focused=True physicsEnabled=True treePaused=False inputFrame=3478/3532 interactPresses=33 feedback= pickupProbe=
act1-facilities: previous facility action finishes; camera=(-30.40138, 2.8033414, 5.705969) ray=(-0.9621423, -0.24666643, 0.11592179) hit=/root/Act1FacilitiesSmokeTest/Act1Demo/Main/ZoneHost/Act1ConnectedWorld/village-main-road/BathEntranceUse shape=/root/Act1FacilitiesSmokeTest/Act1Demo/Main/ZoneHost/Act1ConnectedWorld/village-main-road/BathEntranceUse/SurfaceRay at=(-31.058392, 2.6349025, 5.785127) held= busy=False registering=False registered=True heldPosition= heldPoseValid=False light= targetState= targetVisible= targetConcealed= modal=False pause=False focused=True physicsEnabled=True treePaused=False inputFrame=3478/3532 interactPresses=33 feedback= pickupProbe=
act1-facilities: actual available aim at BathEntranceUse; layer=4; camera=(-30.396818, 2.8033414, 5.6389055) ray=(-0.8485841, -0.48028922, -0.22187218) hit=/root/Act1FacilitiesSmokeTest/Act1Demo/Main/ZoneHost/Act1ConnectedWorld/village-main-road/BathEntranceUse shape=/root/Act1FacilitiesSmokeTest/Act1Demo/Main/ZoneHost/Act1ConnectedWorld/village-main-road/BathEntranceUse/SurfaceRay at=(-30.945572, 2.492754, 5.495427) held= busy=False registering=False registered=True heldPosition= heldPoseValid=False light= targetState= targetVisible= targetConcealed= modal=False pause=False focused=True physicsEnabled=True treePaused=False inputFrame=3478/3535 interactPresses=33 feedback= pickupProbe=
act1-facility-door: {"kind":"door-input-probe","phase":"before-input","target":"urman.chapter1:local/bathhouse/entrance","feet":"(-30.222673, 1.1033415, 5.6844378)","velocity":"(0, 0, 0)","forward":0,"backward":0,"left":0,"right":0,"interact":0,"focus":true,"modal":false,"sessionReady":true,"noticeActive":true,"focusedInteraction":"urman.chapter1:local/bathhouse/entrance","transformRevision":10,"angle":1.43117,"actionNumber":4,"action":"{\u0022phase\u0022:\u0022received\u0022,\u0022key\u0022:\u0022bathhouse/entrance\u0022,\u0022busy\u0022:false,\u0022sessionReady\u0022:true,\u0022feet\u0022:\u0022(-30.222673, 1.1033415, 5.6844378)\u0022,\u0022focus\u0022:true,\u0022forward\u0022:0,\u0022backward\u0022:0,\u0022left\u0022:0,\u0022right\u0022:0}","result":"committed","sweep":"{\u0022clear\u0022:true,\u0022samples\u0022:105,\u0022from\u0022:3.1415927,\u0022to\u0022:1.43117}","aim":"camera=(-30.396818, 2.8033414, 5.6389055) ray=(-0.8485841, -0.48028922, -0.22187218) hit=/root/Act1FacilitiesSmokeTest/Act1Demo/Main/ZoneHost/Act1ConnectedWorld/village-main-road/BathEntranceUse shape=/root/Act1FacilitiesSmokeTest/Act1Demo/Main/ZoneHost/Act1ConnectedWorld/village-main-road/BathEntranceUse/SurfaceRay at=(-30.945572, 2.492754, 5.495427) held= busy=False registering=False registered=True heldPosition= heldPoseValid=False light= targetState= targetVisible= targetConcealed= modal=False pause=False focused=True physicsEnabled=True treePaused=False inputFrame=3478/3535 interactPresses=33 feedback= pickupProbe="}
act1-facilities: BathEntranceUse: passive focus follows the actual door during a result notice
SaveGameV3 written to /Users/unterlantas/Library/Application Support/Godot/app_userdata/URMAN/savegames/checkpoint.savegame-v3.json
act1-facility-door: {"kind":"door-input-probe","phase":"after-input","target":"urman.chapter1:local/bathhouse/entrance","feet":"(-30.222673, 1.1033415, 5.6844378)","velocity":"(0, 0, 0)","forward":0,"backward":0,"left":0,"right":0,"interact":0,"focus":true,"modal":false,"sessionReady":true,"noticeActive":true,"focusedInteraction":"urman.chapter1:local/bathhouse/entrance","transformRevision":10,"angle":1.5711699,"actionNumber":5,"action":"{\u0022phase\u0022:\u0022received\u0022,\u0022key\u0022:\u0022bathhouse/entrance\u0022,\u0022busy\u0022:false,\u0022sessionReady\u0022:true,\u0022feet\u0022:\u0022(-30.222673, 1.1033415, 5.6844378)\u0022,\u0022focus\u0022:true,\u0022forward\u0022:0,\u0022backward\u0022:0,\u0022left\u0022:0,\u0022right\u0022:0}","result":"committed","sweep":"{\u0022clear\u0022:true,\u0022samples\u0022:105,\u0022from\u0022:1.43117,\u0022to\u0022:3.1415927}","aim":"camera=(-30.396818, 2.8033414, 5.6389055) ray=(-0.8485841, -0.48028922, -0.22187218) hit=/root/Act1FacilitiesSmokeTest/Act1Demo/Main/ZoneHost/Act1ConnectedWorld/village-main-road/BathEntranceUse shape=/root/Act1FacilitiesSmokeTest/Act1Demo/Main/ZoneHost/Act1ConnectedWorld/village-main-road/BathEntranceUse/SurfaceRay at=(-31.020182, 2.4505246, 5.47592) held= busy=False registering=False registered=True heldPosition= heldPoseValid=False light= targetState= targetVisible= targetConcealed= modal=False pause=False focused=True physicsEnabled=True treePaused=False inputFrame=3536/3540 interactPresses=34 feedback= pickupProbe="}
act1-facilities: BathEntranceUse: one deliberate mapped press reaches exactly one door callback
act1-facilities: facility transaction and existing checkpoint save finish; camera=(-30.396818, 2.8033414, 5.6389055) ray=(-0.8485841, -0.48028922, -0.22187218) hit=/root/Act1FacilitiesSmokeTest/Act1Demo/Main/ZoneHost/Act1ConnectedWorld/village-main-road/BathEntranceUse shape=/root/Act1FacilitiesSmokeTest/Act1Demo/Main/ZoneHost/Act1ConnectedWorld/village-main-road/BathEntranceUse/SurfaceRay at=(-31.020182, 2.4505246, 5.47592) held= busy=False registering=False registered=True heldPosition= heldPoseValid=False light= targetState= targetVisible= targetConcealed= modal=False pause=False focused=True physicsEnabled=True treePaused=False inputFrame=3536/3540 interactPresses=34 feedback= pickupProbe=
act1-facility-door: {"kind":"door-input-probe","phase":"after-transaction","target":"urman.chapter1:local/bathhouse/entrance","feet":"(-30.222673, 1.1033415, 5.6844378)","velocity":"(0, 0, 0)","forward":0,"backward":0,"left":0,"right":0,"interact":0,"focus":true,"modal":false,"sessionReady":true,"noticeActive":true,"focusedInteraction":"urman.chapter1:local/bathhouse/entrance","transformRevision":10,"angle":1.7111697,"actionNumber":5,"action":"{\u0022phase\u0022:\u0022received\u0022,\u0022key\u0022:\u0022bathhouse/entrance\u0022,\u0022busy\u0022:false,\u0022sessionReady\u0022:true,\u0022feet\u0022:\u0022(-30.222673, 1.1033415, 5.6844378)\u0022,\u0022focus\u0022:true,\u0022forward\u0022:0,\u0022backward\u0022:0,\u0022left\u0022:0,\u0022right\u0022:0}","result":"committed","sweep":"{\u0022clear\u0022:true,\u0022samples\u0022:105,\u0022from\u0022:1.43117,\u0022to\u0022:3.1415927}","aim":"camera=(-30.396818, 2.8033414, 5.6389055) ray=(-0.8485841, -0.48028922, -0.22187218) hit=/root/Act1FacilitiesSmokeTest/Act1Demo/Main/ZoneHost/Act1ConnectedWorld/village-main-road/BathEntranceUse shape=/root/Act1FacilitiesSmokeTest/Act1Demo/Main/ZoneHost/Act1ConnectedWorld/village-main-road/BathEntranceUse/SurfaceRay at=(-31.094202, 2.4086294, 5.456567) held= busy=False registering=False registered=True heldPosition= heldPoseValid=False light= targetState= targetVisible= targetConcealed= modal=False pause=False focused=True physicsEnabled=True treePaused=False inputFrame=3536/3543 interactPresses=34 feedback= pickupProbe="}
act1-facility-door: {"kind":"door-input-probe","phase":"waiting-angle","target":"urman.chapter1:local/bathhouse/entrance","feet":"(-30.222673, 1.1033415, 5.6844378)","velocity":"(0, 0, 0)","forward":0,"backward":0,"left":0,"right":0,"interact":0,"focus":true,"modal":false,"sessionReady":true,"noticeActive":true,"focusedInteraction":"","transformRevision":10,"angle":3.1415927,"actionNumber":5,"action":"{\u0022phase\u0022:\u0022received\u0022,\u0022key\u0022:\u0022bathhouse/entrance\u0022,\u0022busy\u0022:false,\u0022sessionReady\u0022:true,\u0022feet\u0022:\u0022(-30.222673, 1.1033415, 5.6844378)\u0022,\u0022focus\u0022:true,\u0022forward\u0022:0,\u0022backward\u0022:0,\u0022left\u0022:0,\u0022right\u0022:0}","result":"committed","sweep":"{\u0022clear\u0022:true,\u0022samples\u0022:105,\u0022from\u0022:1.43117,\u0022to\u0022:3.1415927}","aim":"camera=(-30.396818, 2.8033414, 5.6389055) ray=(-0.8485841, -0.48028922, -0.22187218) hit= shape= at=(0, 0, 0) held= busy=False registering=False registered=True heldPosition= heldPoseValid=False light= targetState= targetVisible= targetConcealed= modal=False pause=False focused=True physicsEnabled=True treePaused=False inputFrame=3536/3574 interactPresses=34 feedback= pickupProbe="}
act1-facility-door: {"kind":"door-input-probe","phase":"finished-angle-wait","target":"urman.chapter1:local/bathhouse/entrance","feet":"(-30.222673, 1.1033415, 5.6844378)","velocity":"(0, 0, 0)","forward":0,"backward":0,"left":0,"right":0,"interact":0,"focus":true,"modal":false,"sessionReady":true,"noticeActive":true,"focusedInteraction":"","transformRevision":10,"angle":3.1415927,"actionNumber":5,"action":"{\u0022phase\u0022:\u0022received\u0022,\u0022key\u0022:\u0022bathhouse/entrance\u0022,\u0022busy\u0022:false,\u0022sessionReady\u0022:true,\u0022feet\u0022:\u0022(-30.222673, 1.1033415, 5.6844378)\u0022,\u0022focus\u0022:true,\u0022forward\u0022:0,\u0022backward\u0022:0,\u0022left\u0022:0,\u0022right\u0022:0}","result":"committed","sweep":"{\u0022clear\u0022:true,\u0022samples\u0022:105,\u0022from\u0022:1.43117,\u0022to\u0022:3.1415927}","aim":"camera=(-30.396818, 2.8033414, 5.6389055) ray=(-0.8485841, -0.48028922, -0.22187218) hit= shape= at=(0, 0, 0) held= busy=False registering=False registered=True heldPosition= heldPoseValid=False light= targetState= targetVisible= targetConcealed= modal=False pause=False focused=True physicsEnabled=True treePaused=False inputFrame=3536/3574 interactPresses=34 feedback= pickupProbe="}
act1-facilities: door can be closed after a blocked and resumed opening
act1-facility-door: {"kind":"door-input-probe","phase":"finished-angle-wait","target":"urman.chapter1:local/bathhouse/entrance","feet":"(-30.222673, 1.1033415, 5.6844378)","velocity":"(0, 0, 0)","forward":0,"backward":0,"left":0,"right":0,"interact":0,"focus":true,"modal":false,"sessionReady":true,"noticeActive":true,"focusedInteraction":"","transformRevision":10,"angle":3.1415927,"actionNumber":5,"action":"{\u0022phase\u0022:\u0022received\u0022,\u0022key\u0022:\u0022bathhouse/entrance\u0022,\u0022busy\u0022:false,\u0022sessionReady\u0022:true,\u0022feet\u0022:\u0022(-30.222673, 1.1033415, 5.6844378)\u0022,\u0022focus\u0022:true,\u0022forward\u0022:0,\u0022backward\u0022:0,\u0022left\u0022:0,\u0022right\u0022:0}","result":"committed","sweep":"{\u0022clear\u0022:true,\u0022samples\u0022:105,\u0022from\u0022:1.43117,\u0022to\u0022:3.1415927}","aim":"camera=(-30.396818, 2.8033414, 5.6389055) ray=(-0.8485841, -0.48028922, -0.22187218) hit= shape= at=(0, 0, 0) held= busy=False registering=False registered=True heldPosition= heldPoseValid=False light= targetState= targetVisible= targetConcealed= modal=False pause=False focused=True physicsEnabled=True treePaused=False inputFrame=3536/3574 interactPresses=34 feedback= pickupProbe="}
act1-facilities: attain ordinary closed door before representation migration
SaveGameV3 written to /Users/unterlantas/Library/Application Support/Godot/app_userdata/URMAN/savegames/facilities-door-v2-closed.savegame-v3.json
act1-facilities: save attained version-2 closed door
act1-facilities: new door pose and geometry version share the existing save transaction
act1-facilities: pending action is finished before loading facilities-door-legacy0-closed; camera=(-30.396818, 2.8033414, 5.6389055) ray=(-0.8485841, -0.48028922, -0.22187218) hit= shape= at=(0, 0, 0) held= busy=False registering=False registered=True heldPosition= heldPoseValid=False light= targetState= targetVisible= targetConcealed= modal=False pause=False focused=True physicsEnabled=True treePaused=False inputFrame=3536/3579 interactPresses=34 feedback= pickupProbe=
zone-loaded: village_day@arrival connected-world=116886869495
SaveGameV3 restored.
act1-facilities: load attained save facilities-door-legacy0-closed
act1-facilities: legacy closed load 1 projects once without rewriting its snapshot
act1-facilities: read-only migration leaves the original legacy slot bytes intact
act1-facilities: pending action is finished before loading facilities-door-legacy0-closed; camera=(-30.396818, 2.8033414, 5.6389055) ray=(-0.8485842, -0.4802892, -0.22187221) hit= shape= at=(0, 0, 0) held= busy=False registering=False registered=True heldPosition= heldPoseValid=False light= targetState= targetVisible= targetConcealed= modal=False pause=False focused=True physicsEnabled=True treePaused=False inputFrame=3595/3595 interactPresses=34 feedback= pickupProbe=
zone-loaded: village_day@arrival connected-world=116886869495
SaveGameV3 restored.
act1-facilities: load attained save facilities-door-legacy0-closed
act1-facilities: legacy closed load 2 projects once without rewriting its snapshot
act1-facilities: read-only migration leaves the original legacy slot bytes intact
SaveGameV3 written to /Users/unterlantas/Library/Application Support/Godot/app_userdata/URMAN/savegames/facilities-door-migrated0-closed.savegame-v3.json
act1-facilities: ordinary save publishes migrated pose and version together
act1-facilities: saved version-2 angle cannot be mistaken for an unversioned legacy angle
act1-facilities: pending action is finished before loading facilities-door-migrated0-closed; camera=(-30.396818, 2.8033414, 5.6389055) ray=(-0.8485842, -0.48028916, -0.2218722) hit= shape= at=(0, 0, 0) held= busy=False registering=False registered=True heldPosition= heldPoseValid=False light= targetState= targetVisible= targetConcealed= modal=False pause=False focused=True physicsEnabled=True treePaused=False inputFrame=3613/3613 interactPresses=34 feedback= pickupProbe=
zone-loaded: village_day@arrival connected-world=116886869495
SaveGameV3 restored.
act1-facilities: load attained save facilities-door-migrated0-closed
act1-facilities: version-2 closed load 1 keeps the same physical door pose
act1-facilities: pending action is finished before loading facilities-door-migrated0-closed; camera=(-30.396818, 2.8033414, 5.6389055) ray=(-0.8485842, -0.48028913, -0.22187221) hit= shape= at=(0, 0, 0) held= busy=False registering=False registered=True heldPosition= heldPoseValid=False light= targetState= targetVisible= targetConcealed= modal=False pause=False focused=True physicsEnabled=True treePaused=False inputFrame=3626/3627 interactPresses=34 feedback= pickupProbe=
zone-loaded: village_day@arrival connected-world=116886869495
SaveGameV3 restored.
act1-facilities: load attained save facilities-door-migrated0-closed
act1-facilities: version-2 closed load 2 keeps the same physical door pose
act1-facilities: pending action is finished before loading facilities-door-legacy1-closed; camera=(-30.396818, 2.8033414, 5.6389055) ray=(-0.8485842, -0.48028913, -0.22187221) hit= shape= at=(0, 0, 0) held= busy=False registering=False registered=True heldPosition= heldPoseValid=False light= targetState= targetVisible= targetConcealed= modal=False pause=False focused=True physicsEnabled=True treePaused=False inputFrame=3642/3642 interactPresses=34 feedback= pickupProbe=
zone-loaded: village_day@arrival connected-world=116886869495
SaveGameV3 restored.
act1-facilities: load attained save facilities-door-legacy1-closed
act1-facilities: legacy closed load 1 projects once without rewriting its snapshot
act1-facilities: read-only migration leaves the original legacy slot bytes intact
act1-facilities: pending action is finished before loading facilities-door-legacy1-closed; camera=(-30.396818, 2.8033414, 5.6389055) ray=(-0.8485842, -0.48028913, -0.22187221) hit= shape= at=(0, 0, 0) held= busy=False registering=False registered=True heldPosition= heldPoseValid=False light= targetState= targetVisible= targetConcealed= modal=False pause=False focused=True physicsEnabled=True treePaused=False inputFrame=3657/3657 interactPresses=34 feedback= pickupProbe=
zone-loaded: village_day@arrival connected-world=116886869495
SaveGameV3 restored.
act1-facilities: load attained save facilities-door-legacy1-closed
act1-facilities: legacy closed load 2 projects once without rewriting its snapshot
act1-facilities: read-only migration leaves the original legacy slot bytes intact
SaveGameV3 written to /Users/unterlantas/Library/Application Support/Godot/app_userdata/URMAN/savegames/facilities-door-migrated1-closed.savegame-v3.json
act1-facilities: ordinary save publishes migrated pose and version together
act1-facilities: saved version-2 angle cannot be mistaken for an unversioned legacy angle
act1-facilities: pending action is finished before loading facilities-door-migrated1-closed; camera=(-30.396818, 2.8033414, 5.6389055) ray=(-0.8485842, -0.48028913, -0.22187221) hit= shape= at=(0, 0, 0) held= busy=False registering=False registered=True heldPosition= heldPoseValid=False light= targetState= targetVisible= targetConcealed= modal=False pause=False focused=True physicsEnabled=True treePaused=False inputFrame=3676/3676 interactPresses=34 feedback= pickupProbe=
zone-loaded: village_day@arrival connected-world=116886869495
SaveGameV3 restored.
act1-facilities: load attained save facilities-door-migrated1-closed
act1-facilities: version-2 closed load 1 keeps the same physical door pose
act1-facilities: pending action is finished before loading facilities-door-migrated1-closed; camera=(-30.396818, 2.8033414, 5.6389055) ray=(-0.8485842, -0.48028913, -0.22187221) hit= shape= at=(0, 0, 0) held= busy=False registering=False registered=True heldPosition= heldPoseValid=False light= targetState= targetVisible= targetConcealed= modal=False pause=False focused=True physicsEnabled=True treePaused=False inputFrame=3689/3690 interactPresses=34 feedback= pickupProbe=
zone-loaded: village_day@arrival connected-world=116886869495
SaveGameV3 restored.
act1-facilities: load attained save facilities-door-migrated1-closed
act1-facilities: version-2 closed load 2 keeps the same physical door pose
act1-facilities: previous facility action finishes; camera=(-30.396818, 2.8033414, 5.6389055) ray=(-0.8485842, -0.48028913, -0.22187221) hit= shape= at=(0, 0, 0) held= busy=False registering=False registered=True heldPosition= heldPoseValid=False light= targetState= targetVisible= targetConcealed= modal=False pause=False focused=True physicsEnabled=True treePaused=False inputFrame=3702/3703 interactPresses=34 feedback= pickupProbe=
act1-facilities: actual available aim at BathEntranceUse; layer=4; camera=(-30.401379, 2.8033414, 5.705969) ray=(-0.96214, -0.24667543, 0.11592152) hit=/root/Act1FacilitiesSmokeTest/Act1Demo/Main/ZoneHost/Act1ConnectedWorld/village-main-road/BathEntranceUse shape=/root/Act1FacilitiesSmokeTest/Act1Demo/Main/ZoneHost/Act1ConnectedWorld/village-main-road/BathEntranceUse/SurfaceRay at=(-31.570673, 2.5035553, 5.846849) held= busy=False registering=False registered=True heldPosition= heldPoseValid=False light= targetState= targetVisible= targetConcealed= modal=False pause=False focused=True physicsEnabled=True treePaused=False inputFrame=3705/3706 interactPresses=34 feedback= pickupProbe=
act1-facility-door: {"kind":"door-input-probe","phase":"before-input","target":"urman.chapter1:local/bathhouse/entrance","feet":"(-30.222673, 1.1033415, 5.6844378)","velocity":"(0, 0, 0)","forward":0,"backward":0,"left":0,"right":0,"interact":0,"focus":true,"modal":false,"sessionReady":true,"noticeActive":false,"focusedInteraction":"urman.chapter1:local/bathhouse/entrance","transformRevision":26,"angle":3.1415927,"actionNumber":5,"action":"{\u0022phase\u0022:\u0022received\u0022,\u0022key\u0022:\u0022bathhouse/entrance\u0022,\u0022busy\u0022:false,\u0022sessionReady\u0022:true,\u0022feet\u0022:\u0022(-30.222673, 1.1033415, 5.6844378)\u0022,\u0022focus\u0022:true,\u0022forward\u0022:0,\u0022backward\u0022:0,\u0022left\u0022:0,\u0022right\u0022:0}","result":"committed","sweep":"{\u0022clear\u0022:true,\u0022samples\u0022:105,\u0022from\u0022:1.43117,\u0022to\u0022:3.1415927}","aim":"camera=(-30.401379, 2.8033414, 5.705969) ray=(-0.96214, -0.24667543, 0.11592152) hit=/root/Act1FacilitiesSmokeTest/Act1Demo/Main/ZoneHost/Act1ConnectedWorld/village-main-road/BathEntranceUse shape=/root/Act1FacilitiesSmokeTest/Act1Demo/Main/ZoneHost/Act1ConnectedWorld/village-main-road/BathEntranceUse/SurfaceRay at=(-31.570673, 2.5035553, 5.846849) held= busy=False registering=False registered=True heldPosition= heldPoseValid=False light= targetState= targetVisible= targetConcealed= modal=False pause=False focused=True physicsEnabled=True treePaused=False inputFrame=3705/3706 interactPresses=34 feedback= pickupProbe="}
act1-facilities: BathEntranceUse: passive focus follows the actual door during a result notice
SaveGameV3 written to /Users/unterlantas/Library/Application Support/Godot/app_userdata/URMAN/savegames/checkpoint.savegame-v3.json
act1-facility-door: {"kind":"door-input-probe","phase":"after-input","target":"urman.chapter1:local/bathhouse/entrance","feet":"(-30.222673, 1.1033415, 5.6844378)","velocity":"(0, 0, 0)","forward":0,"backward":0,"left":0,"right":0,"interact":0,"focus":true,"modal":false,"sessionReady":true,"noticeActive":true,"focusedInteraction":"urman.chapter1:local/bathhouse/entrance","transformRevision":26,"angle":3.0015929,"actionNumber":6,"action":"{\u0022phase\u0022:\u0022received\u0022,\u0022key\u0022:\u0022bathhouse/entrance\u0022,\u0022busy\u0022:false,\u0022sessionReady\u0022:true,\u0022feet\u0022:\u0022(-30.222673, 1.1033415, 5.6844378)\u0022,\u0022focus\u0022:true,\u0022forward\u0022:0,\u0022backward\u0022:0,\u0022left\u0022:0,\u0022right\u0022:0}","result":"committed","sweep":"{\u0022clear\u0022:true,\u0022samples\u0022:105,\u0022from\u0022:3.1415927,\u0022to\u0022:1.43117}","aim":"camera=(-30.401379, 2.8033414, 5.705969) ray=(-0.96214, -0.24667543, 0.11592152) hit=/root/Act1FacilitiesSmokeTest/Act1Demo/Main/ZoneHost/Act1ConnectedWorld/village-main-road/BathEntranceUse shape=/root/Act1FacilitiesSmokeTest/Act1Demo/Main/ZoneHost/Act1ConnectedWorld/village-main-road/BathEntranceUse/SurfaceRay at=(-31.45407, 2.5334501, 5.8328013) held= busy=False registering=False registered=True heldPosition= heldPoseValid=False light= targetState= targetVisible= targetConcealed= modal=False pause=False focused=True physicsEnabled=True treePaused=False inputFrame=3707/3711 interactPresses=35 feedback= pickupProbe="}
act1-facilities: BathEntranceUse: one deliberate mapped press reaches exactly one door callback
act1-facilities: facility transaction and existing checkpoint save finish; camera=(-30.401379, 2.8033414, 5.705969) ray=(-0.96214, -0.24667543, 0.11592152) hit=/root/Act1FacilitiesSmokeTest/Act1Demo/Main/ZoneHost/Act1ConnectedWorld/village-main-road/BathEntranceUse shape=/root/Act1FacilitiesSmokeTest/Act1Demo/Main/ZoneHost/Act1ConnectedWorld/village-main-road/BathEntranceUse/SurfaceRay at=(-31.45407, 2.5334501, 5.8328013) held= busy=False registering=False registered=True heldPosition= heldPoseValid=False light= targetState= targetVisible= targetConcealed= modal=False pause=False focused=True physicsEnabled=True treePaused=False inputFrame=3707/3711 interactPresses=35 feedback= pickupProbe=
act1-facility-door: {"kind":"door-input-probe","phase":"after-transaction","target":"urman.chapter1:local/bathhouse/entrance","feet":"(-30.222673, 1.1033415, 5.6844378)","velocity":"(0, 0, 0)","forward":0,"backward":0,"left":0,"right":0,"interact":0,"focus":true,"modal":false,"sessionReady":true,"noticeActive":true,"focusedInteraction":"urman.chapter1:local/bathhouse/entrance","transformRevision":26,"angle":2.861593,"actionNumber":6,"action":"{\u0022phase\u0022:\u0022received\u0022,\u0022key\u0022:\u0022bathhouse/entrance\u0022,\u0022busy\u0022:false,\u0022sessionReady\u0022:true,\u0022feet\u0022:\u0022(-30.222673, 1.1033415, 5.6844378)\u0022,\u0022focus\u0022:true,\u0022forward\u0022:0,\u0022backward\u0022:0,\u0022left\u0022:0,\u0022right\u0022:0}","result":"committed","sweep":"{\u0022clear\u0022:true,\u0022samples\u0022:105,\u0022from\u0022:3.1415927,\u0022to\u0022:1.43117}","aim":"camera=(-30.401379, 2.8033414, 5.705969) ray=(-0.96214, -0.24667543, 0.11592152) hit=/root/Act1FacilitiesSmokeTest/Act1Demo/Main/ZoneHost/Act1ConnectedWorld/village-main-road/BathEntranceUse shape=/root/Act1FacilitiesSmokeTest/Act1Demo/Main/ZoneHost/Act1ConnectedWorld/village-main-road/BathEntranceUse/SurfaceRay at=(-31.384163, 2.5513732, 5.824377) held= busy=False registering=False registered=True heldPosition= heldPoseValid=False light= targetState= targetVisible= targetConcealed= modal=False pause=False focused=True physicsEnabled=True treePaused=False inputFrame=3707/3714 interactPresses=35 feedback= pickupProbe="}
act1-facility-door: {"kind":"door-input-probe","phase":"waiting-angle","target":"urman.chapter1:local/bathhouse/entrance","feet":"(-30.222673, 1.1033415, 5.6844378)","velocity":"(0, 0, 0)","forward":0,"backward":0,"left":0,"right":0,"interact":0,"focus":true,"modal":false,"sessionReady":true,"noticeActive":true,"focusedInteraction":"urman.chapter1:local/bathhouse/entrance","transformRevision":26,"angle":1.43117,"actionNumber":6,"action":"{\u0022phase\u0022:\u0022received\u0022,\u0022key\u0022:\u0022bathhouse/entrance\u0022,\u0022busy\u0022:false,\u0022sessionReady\u0022:true,\u0022feet\u0022:\u0022(-30.222673, 1.1033415, 5.6844378)\u0022,\u0022focus\u0022:true,\u0022forward\u0022:0,\u0022backward\u0022:0,\u0022left\u0022:0,\u0022right\u0022:0}","result":"committed","sweep":"{\u0022clear\u0022:true,\u0022samples\u0022:105,\u0022from\u0022:3.1415927,\u0022to\u0022:1.43117}","aim":"camera=(-30.401379, 2.8033414, 5.705969) ray=(-0.96214, -0.24667543, 0.11592152) hit=/root/Act1FacilitiesSmokeTest/Act1Demo/Main/ZoneHost/Act1ConnectedWorld/village-main-road/BathEntranceUse shape=/root/Act1FacilitiesSmokeTest/Act1Demo/Main/ZoneHost/Act1ConnectedWorld/village-main-road/BathEntranceUse/SurfaceRay at=(-31.058392, 2.6348953, 5.7851267) held= busy=False registering=False registered=True heldPosition= heldPoseValid=False light= targetState= targetVisible= targetConcealed= modal=False pause=False focused=True physicsEnabled=True treePaused=False inputFrame=3707/3745 interactPresses=35 feedback= pickupProbe="}
act1-facility-door: {"kind":"door-input-probe","phase":"finished-angle-wait","target":"urman.chapter1:local/bathhouse/entrance","feet":"(-30.222673, 1.1033415, 5.6844378)","velocity":"(0, 0, 0)","forward":0,"backward":0,"left":0,"right":0,"interact":0,"focus":true,"modal":false,"sessionReady":true,"noticeActive":true,"focusedInteraction":"urman.chapter1:local/bathhouse/entrance","transformRevision":26,"angle":1.43117,"actionNumber":6,"action":"{\u0022phase\u0022:\u0022received\u0022,\u0022key\u0022:\u0022bathhouse/entrance\u0022,\u0022busy\u0022:false,\u0022sessionReady\u0022:true,\u0022feet\u0022:\u0022(-30.222673, 1.1033415, 5.6844378)\u0022,\u0022focus\u0022:true,\u0022forward\u0022:0,\u0022backward\u0022:0,\u0022left\u0022:0,\u0022right\u0022:0}","result":"committed","sweep":"{\u0022clear\u0022:true,\u0022samples\u0022:105,\u0022from\u0022:3.1415927,\u0022to\u0022:1.43117}","aim":"camera=(-30.401379, 2.8033414, 5.705969) ray=(-0.96214, -0.24667543, 0.11592152) hit=/root/Act1FacilitiesSmokeTest/Act1Demo/Main/ZoneHost/Act1ConnectedWorld/village-main-road/BathEntranceUse shape=/root/Act1FacilitiesSmokeTest/Act1Demo/Main/ZoneHost/Act1ConnectedWorld/village-main-road/BathEntranceUse/SurfaceRay at=(-31.058392, 2.6348953, 5.7851267) held= busy=False registering=False registered=True heldPosition= heldPoseValid=False light= targetState= targetVisible= targetConcealed= modal=False pause=False focused=True physicsEnabled=True treePaused=False inputFrame=3707/3745 interactPresses=35 feedback= pickupProbe="}
act1-facilities: attain ordinary open door before representation migration
SaveGameV3 written to /Users/unterlantas/Library/Application Support/Godot/app_userdata/URMAN/savegames/facilities-door-v2-open.savegame-v3.json
act1-facilities: save attained version-2 open door
act1-facilities: new door pose and geometry version share the existing save transaction
act1-facilities: pending action is finished before loading facilities-door-legacy0-open; camera=(-30.401379, 2.8033414, 5.705969) ray=(-0.96214, -0.24667543, 0.11592152) hit=/root/Act1FacilitiesSmokeTest/Act1Demo/Main/ZoneHost/Act1ConnectedWorld/village-main-road/BathEntranceUse shape=/root/Act1FacilitiesSmokeTest/Act1Demo/Main/ZoneHost/Act1ConnectedWorld/village-main-road/BathEntranceUse/SurfaceRay at=(-31.058392, 2.6348953, 5.7851267) held= busy=False registering=False registered=True heldPosition= heldPoseValid=False light= targetState= targetVisible= targetConcealed= modal=False pause=False focused=True physicsEnabled=True treePaused=False inputFrame=3707/3747 interactPresses=35 feedback= pickupProbe=
zone-loaded: village_day@arrival connected-world=116886869495
SaveGameV3 restored.
act1-facilities: load attained save facilities-door-legacy0-open
act1-facilities: legacy open load 1 projects once without rewriting its snapshot
act1-facilities: read-only migration leaves the original legacy slot bytes intact
act1-facilities: pending action is finished before loading facilities-door-legacy0-open; camera=(-30.401379, 2.8033414, 5.705969) ray=(-0.96214, -0.24667543, 0.11592141) hit=/root/Act1FacilitiesSmokeTest/Act1Demo/Main/ZoneHost/Act1ConnectedWorld/village-main-road/BathEntranceUse shape=/root/Act1FacilitiesSmokeTest/Act1Demo/Main/ZoneHost/Act1ConnectedWorld/village-main-road/BathEntranceUse/SurfaceRay at=(-31.058392, 2.6348953, 5.7851267) held= busy=False registering=False registered=True heldPosition= heldPoseValid=False light= targetState= targetVisible= targetConcealed= modal=False pause=False focused=True physicsEnabled=True treePaused=False inputFrame=3761/3761 interactPresses=35 feedback= pickupProbe=
zone-loaded: village_day@arrival connected-world=116886869495
SaveGameV3 restored.
act1-facilities: load attained save facilities-door-legacy0-open
act1-facilities: legacy open load 2 projects once without rewriting its snapshot
act1-facilities: read-only migration leaves the original legacy slot bytes intact
SaveGameV3 written to /Users/unterlantas/Library/Application Support/Godot/app_userdata/URMAN/savegames/facilities-door-migrated0-open.savegame-v3.json
act1-facilities: ordinary save publishes migrated pose and version together
act1-facilities: saved version-2 angle cannot be mistaken for an unversioned legacy angle
act1-facilities: pending action is finished before loading facilities-door-migrated0-open; camera=(-30.401379, 2.8033414, 5.705969) ray=(-0.96214, -0.24667543, 0.11592141) hit=/root/Act1FacilitiesSmokeTest/Act1Demo/Main/ZoneHost/Act1ConnectedWorld/village-main-road/BathEntranceUse shape=/root/Act1FacilitiesSmokeTest/Act1Demo/Main/ZoneHost/Act1ConnectedWorld/village-main-road/BathEntranceUse/SurfaceRay at=(-31.058392, 2.6348953, 5.7851267) held= busy=False registering=False registered=True heldPosition= heldPoseValid=False light= targetState= targetVisible= targetConcealed= modal=False pause=False focused=True physicsEnabled=True treePaused=False inputFrame=3775/3775 interactPresses=35 feedback= pickupProbe=
zone-loaded: village_day@arrival connected-world=116886869495
SaveGameV3 restored.
act1-facilities: load attained save facilities-door-migrated0-open
act1-facilities: version-2 open load 1 keeps the same physical door pose
act1-facilities: pending action is finished before loading facilities-door-migrated0-open; camera=(-30.401379, 2.8033414, 5.705969) ray=(-0.9621401, -0.24667543, 0.11592129) hit=/root/Act1FacilitiesSmokeTest/Act1Demo/Main/ZoneHost/Act1ConnectedWorld/village-main-road/BathEntranceUse shape=/root/Act1FacilitiesSmokeTest/Act1Demo/Main/ZoneHost/Act1ConnectedWorld/village-main-road/BathEntranceUse/SurfaceRay at=(-31.058392, 2.6348956, 5.785126) held= busy=False registering=False registered=True heldPosition= heldPoseValid=False light= targetState= targetVisible= targetConcealed= modal=False pause=False focused=True physicsEnabled=True treePaused=False inputFrame=3788/3789 interactPresses=35 feedback= pickupProbe=
zone-loaded: village_day@arrival connected-world=116886869495
SaveGameV3 restored.
act1-facilities: load attained save facilities-door-migrated0-open
act1-facilities: version-2 open load 2 keeps the same physical door pose
act1-facilities: pending action is finished before loading facilities-door-legacy1-open; camera=(-30.401379, 2.8033414, 5.705969) ray=(-0.9621401, -0.24667543, 0.11592129) hit=/root/Act1FacilitiesSmokeTest/Act1Demo/Main/ZoneHost/Act1ConnectedWorld/village-main-road/BathEntranceUse shape=/root/Act1FacilitiesSmokeTest/Act1Demo/Main/ZoneHost/Act1ConnectedWorld/village-main-road/BathEntranceUse/SurfaceRay at=(-31.058392, 2.6348956, 5.785126) held= busy=False registering=False registered=True heldPosition= heldPoseValid=False light= targetState= targetVisible= targetConcealed= modal=False pause=False focused=True physicsEnabled=True treePaused=False inputFrame=3803/3803 interactPresses=35 feedback= pickupProbe=
zone-loaded: village_day@arrival connected-world=116886869495
SaveGameV3 restored.
act1-facilities: load attained save facilities-door-legacy1-open
act1-facilities: legacy open load 1 projects once without rewriting its snapshot
act1-facilities: read-only migration leaves the original legacy slot bytes intact
act1-facilities: pending action is finished before loading facilities-door-legacy1-open; camera=(-30.401379, 2.8033414, 5.705969) ray=(-0.96214, -0.24667543, 0.11592141) hit=/root/Act1FacilitiesSmokeTest/Act1Demo/Main/ZoneHost/Act1ConnectedWorld/village-main-road/BathEntranceUse shape=/root/Act1FacilitiesSmokeTest/Act1Demo/Main/ZoneHost/Act1ConnectedWorld/village-main-road/BathEntranceUse/SurfaceRay at=(-31.058392, 2.6348953, 5.7851267) held= busy=False registering=False registered=True heldPosition= heldPoseValid=False light= targetState= targetVisible= targetConcealed= modal=False pause=False focused=True physicsEnabled=True treePaused=False inputFrame=3816/3816 interactPresses=35 feedback= pickupProbe=
zone-loaded: village_day@arrival connected-world=116886869495
SaveGameV3 restored.
act1-facilities: load attained save facilities-door-legacy1-open
act1-facilities: legacy open load 2 projects once without rewriting its snapshot
act1-facilities: read-only migration leaves the original legacy slot bytes intact
SaveGameV3 written to /Users/unterlantas/Library/Application Support/Godot/app_userdata/URMAN/savegames/facilities-door-migrated1-open.savegame-v3.json
act1-facilities: ordinary save publishes migrated pose and version together
act1-facilities: saved version-2 angle cannot be mistaken for an unversioned legacy angle
act1-facilities: pending action is finished before loading facilities-door-migrated1-open; camera=(-30.401379, 2.8033414, 5.705969) ray=(-0.96214, -0.24667543, 0.11592141) hit=/root/Act1FacilitiesSmokeTest/Act1Demo/Main/ZoneHost/Act1ConnectedWorld/village-main-road/BathEntranceUse shape=/root/Act1FacilitiesSmokeTest/Act1Demo/Main/ZoneHost/Act1ConnectedWorld/village-main-road/BathEntranceUse/SurfaceRay at=(-31.058392, 2.6348953, 5.7851267) held= busy=False registering=False registered=True heldPosition= heldPoseValid=False light= targetState= targetVisible= targetConcealed= modal=False pause=False focused=True physicsEnabled=True treePaused=False inputFrame=3831/3831 interactPresses=35 feedback= pickupProbe=
zone-loaded: village_day@arrival connected-world=116886869495
SaveGameV3 restored.
act1-facilities: load attained save facilities-door-migrated1-open
act1-facilities: version-2 open load 1 keeps the same physical door pose
act1-facilities: pending action is finished before loading facilities-door-migrated1-open; camera=(-30.401379, 2.8033414, 5.705969) ray=(-0.9621401, -0.24667543, 0.11592129) hit=/root/Act1FacilitiesSmokeTest/Act1Demo/Main/ZoneHost/Act1ConnectedWorld/village-main-road/BathEntranceUse shape=/root/Act1FacilitiesSmokeTest/Act1Demo/Main/ZoneHost/Act1ConnectedWorld/village-main-road/BathEntranceUse/SurfaceRay at=(-31.058392, 2.6348956, 5.785126) held= busy=False registering=False registered=True heldPosition= heldPoseValid=False light= targetState= targetVisible= targetConcealed= modal=False pause=False focused=True physicsEnabled=True treePaused=False inputFrame=3844/3845 interactPresses=35 feedback= pickupProbe=
zone-loaded: village_day@arrival connected-world=116886869495
SaveGameV3 restored.
act1-facilities: load attained save facilities-door-migrated1-open
act1-facilities: version-2 open load 2 keeps the same physical door pose
act1-facilities: previous facility action finishes; camera=(-30.401379, 2.8033414, 5.705969) ray=(-0.9621401, -0.24667543, 0.11592129) hit=/root/Act1FacilitiesSmokeTest/Act1Demo/Main/ZoneHost/Act1ConnectedWorld/village-main-road/BathEntranceUse shape=/root/Act1FacilitiesSmokeTest/Act1Demo/Main/ZoneHost/Act1ConnectedWorld/village-main-road/BathEntranceUse/SurfaceRay at=(-31.058392, 2.6348956, 5.785126) held= busy=False registering=False registered=True heldPosition= heldPoseValid=False light= targetState= targetVisible= targetConcealed= modal=False pause=False focused=True physicsEnabled=True treePaused=False inputFrame=3857/3858 interactPresses=35 feedback= pickupProbe=
act1-facilities: actual available aim at BathEntranceUse; layer=4; camera=(-30.396818, 2.8033414, 5.6389055) ray=(-0.8485842, -0.48028913, -0.22187221) hit=/root/Act1FacilitiesSmokeTest/Act1Demo/Main/ZoneHost/Act1ConnectedWorld/village-main-road/BathEntranceUse shape=/root/Act1FacilitiesSmokeTest/Act1Demo/Main/ZoneHost/Act1ConnectedWorld/village-main-road/BathEntranceUse/SurfaceRay at=(-30.945572, 2.4927542, 5.495427) held= busy=False registering=False registered=True heldPosition= heldPoseValid=False light= targetState= targetVisible= targetConcealed= modal=False pause=False focused=True physicsEnabled=True treePaused=False inputFrame=3860/3861 interactPresses=35 feedback= pickupProbe=
act1-facility-door: {"kind":"door-input-probe","phase":"before-input","target":"urman.chapter1:local/bathhouse/entrance","feet":"(-30.222673, 1.1033415, 5.6844378)","velocity":"(0, 0, 0)","forward":0,"backward":0,"left":0,"right":0,"interact":0,"focus":true,"modal":false,"sessionReady":true,"noticeActive":false,"focusedInteraction":"urman.chapter1:local/bathhouse/entrance","transformRevision":42,"angle":1.43117,"actionNumber":6,"action":"{\u0022phase\u0022:\u0022received\u0022,\u0022key\u0022:\u0022bathhouse/entrance\u0022,\u0022busy\u0022:false,\u0022sessionReady\u0022:true,\u0022feet\u0022:\u0022(-30.222673, 1.1033415, 5.6844378)\u0022,\u0022focus\u0022:true,\u0022forward\u0022:0,\u0022backward\u0022:0,\u0022left\u0022:0,\u0022right\u0022:0}","result":"committed","sweep":"{\u0022clear\u0022:true,\u0022samples\u0022:105,\u0022from\u0022:3.1415927,\u0022to\u0022:1.43117}","aim":"camera=(-30.396818, 2.8033414, 5.6389055) ray=(-0.8485842, -0.48028913, -0.22187221) hit=/root/Act1FacilitiesSmokeTest/Act1Demo/Main/ZoneHost/Act1ConnectedWorld/village-main-road/BathEntranceUse shape=/root/Act1FacilitiesSmokeTest/Act1Demo/Main/ZoneHost/Act1ConnectedWorld/village-main-road/BathEntranceUse/SurfaceRay at=(-30.945572, 2.4927542, 5.495427) held= busy=False registering=False registered=True heldPosition= heldPoseValid=False light= targetState= targetVisible= targetConcealed= modal=False pause=False focused=True physicsEnabled=True treePaused=False inputFrame=3860/3861 interactPresses=35 feedback= pickupProbe="}
act1-facilities: BathEntranceUse: passive focus follows the actual door during a result notice
SaveGameV3 written to /Users/unterlantas/Library/Application Support/Godot/app_userdata/URMAN/savegames/checkpoint.savegame-v3.json
act1-facility-door: {"kind":"door-input-probe","phase":"after-input","target":"urman.chapter1:local/bathhouse/entrance","feet":"(-30.222673, 1.1033415, 5.6844378)","velocity":"(0, 0, 0)","forward":0,"backward":0,"left":0,"right":0,"interact":0,"focus":true,"modal":false,"sessionReady":true,"noticeActive":true,"focusedInteraction":"urman.chapter1:local/bathhouse/entrance","transformRevision":42,"angle":1.5711699,"actionNumber":7,"action":"{\u0022phase\u0022:\u0022received\u0022,\u0022key\u0022:\u0022bathhouse/entrance\u0022,\u0022busy\u0022:false,\u0022sessionReady\u0022:true,\u0022feet\u0022:\u0022(-30.222673, 1.1033415, 5.6844378)\u0022,\u0022focus\u0022:true,\u0022forward\u0022:0,\u0022backward\u0022:0,\u0022left\u0022:0,\u0022right\u0022:0}","result":"committed","sweep":"{\u0022clear\u0022:true,\u0022samples\u0022:105,\u0022from\u0022:1.43117,\u0022to\u0022:3.1415927}","aim":"camera=(-30.396818, 2.8033414, 5.6389055) ray=(-0.8485842, -0.48028913, -0.22187221) hit=/root/Act1FacilitiesSmokeTest/Act1Demo/Main/ZoneHost/Act1ConnectedWorld/village-main-road/BathEntranceUse shape=/root/Act1FacilitiesSmokeTest/Act1Demo/Main/ZoneHost/Act1ConnectedWorld/village-main-road/BathEntranceUse/SurfaceRay at=(-31.020182, 2.4505246, 5.47592) held= busy=False registering=False registered=True heldPosition= heldPoseValid=False light= targetState= targetVisible= targetConcealed= modal=False pause=False focused=True physicsEnabled=True treePaused=False inputFrame=3862/3866 interactPresses=36 feedback= pickupProbe="}
act1-facilities: BathEntranceUse: one deliberate mapped press reaches exactly one door callback
act1-facilities: facility transaction and existing checkpoint save finish; camera=(-30.396818, 2.8033414, 5.6389055) ray=(-0.8485842, -0.48028913, -0.22187221) hit=/root/Act1FacilitiesSmokeTest/Act1Demo/Main/ZoneHost/Act1ConnectedWorld/village-main-road/BathEntranceUse shape=/root/Act1FacilitiesSmokeTest/Act1Demo/Main/ZoneHost/Act1ConnectedWorld/village-main-road/BathEntranceUse/SurfaceRay at=(-31.020182, 2.4505246, 5.47592) held= busy=False registering=False registered=True heldPosition= heldPoseValid=False light= targetState= targetVisible= targetConcealed= modal=False pause=False focused=True physicsEnabled=True treePaused=False inputFrame=3862/3866 interactPresses=36 feedback= pickupProbe=
act1-facility-door: {"kind":"door-input-probe","phase":"after-transaction","target":"urman.chapter1:local/bathhouse/entrance","feet":"(-30.222673, 1.1033415, 5.6844378)","velocity":"(0, 0, 0)","forward":0,"backward":0,"left":0,"right":0,"interact":0,"focus":true,"modal":false,"sessionReady":true,"noticeActive":true,"focusedInteraction":"urman.chapter1:local/bathhouse/entrance","transformRevision":42,"angle":1.7111697,"actionNumber":7,"action":"{\u0022phase\u0022:\u0022received\u0022,\u0022key\u0022:\u0022bathhouse/entrance\u0022,\u0022busy\u0022:false,\u0022sessionReady\u0022:true,\u0022feet\u0022:\u0022(-30.222673, 1.1033415, 5.6844378)\u0022,\u0022focus\u0022:true,\u0022forward\u0022:0,\u0022backward\u0022:0,\u0022left\u0022:0,\u0022right\u0022:0}","result":"committed","sweep":"{\u0022clear\u0022:true,\u0022samples\u0022:105,\u0022from\u0022:1.43117,\u0022to\u0022:3.1415927}","aim":"camera=(-30.396818, 2.8033414, 5.6389055) ray=(-0.8485842, -0.48028913, -0.22187221) hit=/root/Act1FacilitiesSmokeTest/Act1Demo/Main/ZoneHost/Act1ConnectedWorld/village-main-road/BathEntranceUse shape=/root/Act1FacilitiesSmokeTest/Act1Demo/Main/ZoneHost/Act1ConnectedWorld/village-main-road/BathEntranceUse/SurfaceRay at=(-31.094202, 2.4086297, 5.456567) held= busy=False registering=False registered=True heldPosition= heldPoseValid=False light= targetState= targetVisible= targetConcealed= modal=False pause=False focused=True physicsEnabled=True treePaused=False inputFrame=3862/3869 interactPresses=36 feedback= pickupProbe="}
act1-facility-door: {"kind":"door-input-probe","phase":"finished-angle-wait","target":"urman.chapter1:local/bathhouse/entrance","feet":"(-30.222673, 1.1033415, 5.6844378)","velocity":"(0, 0, 0)","forward":0,"backward":0,"left":0,"right":0,"interact":0,"focus":true,"modal":false,"sessionReady":true,"noticeActive":true,"focusedInteraction":"","transformRevision":42,"angle":3.1415927,"actionNumber":7,"action":"{\u0022phase\u0022:\u0022received\u0022,\u0022key\u0022:\u0022bathhouse/entrance\u0022,\u0022busy\u0022:false,\u0022sessionReady\u0022:true,\u0022feet\u0022:\u0022(-30.222673, 1.1033415, 5.6844378)\u0022,\u0022focus\u0022:true,\u0022forward\u0022:0,\u0022backward\u0022:0,\u0022left\u0022:0,\u0022right\u0022:0}","result":"committed","sweep":"{\u0022clear\u0022:true,\u0022samples\u0022:105,\u0022from\u0022:1.43117,\u0022to\u0022:3.1415927}","aim":"camera=(-30.396818, 2.8033414, 5.6389055) ray=(-0.8485842, -0.48028913, -0.22187221) hit= shape= at=(0, 0, 0) held= busy=False registering=False registered=True heldPosition= heldPoseValid=False light= targetState= targetVisible= targetConcealed= modal=False pause=False focused=True physicsEnabled=True treePaused=False inputFrame=3862/3900 interactPresses=36 feedback= pickupProbe="}
act1-facilities: close the normally operated door after old/new save migration cases
act1-facilities: pending action is finished before loading facilities-pristine; camera=(-30.396818, 2.8033414, 5.6389055) ray=(-0.8485842, -0.48028913, -0.22187221) hit= shape= at=(0, 0, 0) held= busy=False registering=False registered=True heldPosition= heldPoseValid=False light= targetState= targetVisible= targetConcealed= modal=False pause=False focused=True physicsEnabled=True treePaused=False inputFrame=3862/3900 interactPresses=36 feedback= pickupProbe=
zone-loaded: village_day@arrival connected-world=116886869495
SaveGameV3 restored.
act1-facilities: load attained save facilities-pristine
act1-facilities: pristine load resets consumed resources, condensation and future notebook entry
act1-facilities: supported local start fits standing capsule: outside the unchanged village mosque complex
act1-facilities: local start settles on real support: outside the unchanged village mosque complex
mosque-foundation: PASS; 82 actual perimeter observations; /Users/unterlantas/Documents/GitHub/URMAN/docs/production/act1_takeover_evidence_2026-09-16/images-facilities-11/mosque-foundation-geometry.json
act1-facilities: the existing mosque plinth reaches actual terrain with one matching contact and unchanged floor and footprint
act1-facilities: all courtyard owners meet terrain and the entire occupied hall shares one exact render/physics terrain cut: 
state-final-render-sync-begin: label=facility/08_mosque_entrance tick=100236 drawn=5725 process=5725 physics=3927 windowVisible=True focus=True mode=Windowed renderLoop=True
state-final-render-sync-end: label=facility/08_mosque_entrance milliseconds=10 forcedScreenshotRender=False
act1-facility-materials: {"kind":"mosque-capture-materials","capture":"08_mosque_entrance","scope":"all-facilities","graphicsPreset":"medium","savedPreferencesPreset":"medium","textureLoadsSuppressed":false,"materials":[{"mesh":"/root/Act1FacilitiesSmokeTest/Act1Demo/Main/ZoneHost/Act1ConnectedWorld/Act1CoreWorldGreybox/VillageMosqueComplex/MosqueHallEastLeft","surface":0,"visible":true,"material":"ShaderMaterial","materialPath":"","materialId":9223372912961025484,"shaderPath":"","shaderId":9223372105473592378,"lowQuality":"false","hasAlbedoTexture":"true","textureStrength":"0.94999998807907","textureScale":"(1.5, 1.15)","texturePath":"res://assets/textures/painterly/aged_plaster_v3_albedo.png"},{"mesh":"/root/Act1FacilitiesSmokeTest/Act1Demo/Main/ZoneHost/Act1ConnectedWorld/Act1CoreWorldGreybox/VillageMosqueComplex/MosqueInterior/MosqueTimberFloor","surface":0,"visible":true,"material":"ShaderMaterial","materialPath":"","materialId":9223374477335796844,"shaderPath":"","shaderId":9223372105473592378,"lowQuality":"false","hasAlbedoTexture":"true","textureStrength":"0.9200000166893","textureScale":"(0.95, 0.95)","texturePath":"res://assets/textures/painterly/weathered_wood_boards_v3_albedo.png"},{"mesh":"/root/Act1FacilitiesSmokeTest/Act1Demo/Main/ZoneHost/Act1ConnectedWorld/Act1CoreWorldGreybox/VillageMosqueComplex/MosqueInterior/Npc_timur_hazrat/TimurHazrat_Rig/Skeleton3D/TimurHazrat_CoatFrontPlacket_LOD0","surface":0,"visible":true,"material":"ShaderMaterial","materialPath":"","materialId":9223374395009994490,"shaderPath":"","shaderId":9223372105473592378,"lowQuality":"false","hasAlbedoTexture":"true","textureStrength":"0.87999999523163","textureScale":"(2.0, 2.0)","texturePath":"res://assets/textures/painterly/old_fabric_v3_albedo.png"},{"mesh":"/root/Act1FacilitiesSmokeTest/Act1Demo/Main/ZoneHost/Act1ConnectedWorld/Act1CoreWorldGreybox/VillageMosqueComplex/MosqueInterior/Npc_timur_hazrat/TimurHazrat_Rig/Skeleton3D/TimurHazrat_CoatFrontPlacket_LOD1","surface":0,"visible":true,"material":"ShaderMaterial","materialPath":"","materialId":9223374395009994490,"shaderPath":"","shaderId":9223372105473592378,"lowQuality":"false","hasAlbedoTexture":"true","textureStrength":"0.87999999523163","textureScale":"(2.0, 2.0)","texturePath":"res://assets/textures/painterly/old_fabric_v3_albedo.png"},{"mesh":"/root/Act1FacilitiesSmokeTest/Act1Demo/Main/ZoneHost/Act1ConnectedWorld/Act1CoreWorldGreybox/VillageMosqueComplex/MosqueInterior/Npc_timur_hazrat/TimurHazrat_Rig/Skeleton3D/TimurHazrat_CoatHem_LOD0","surface":0,"visible":true,"material":"ShaderMaterial","materialPath":"","materialId":9223374394976440057,"shaderPath":"","shaderId":9223372105473592378,"lowQuality":"false","hasAlbedoTexture":"true","textureStrength":"0.87999999523163","textureScale":"(2.0, 2.0)","texturePath":"res://assets/textures/painterly/old_fabric_v3_albedo.png"}],"stateChangedByObservation":false,"foregroundPerformanceMeasured":false}
act1-visible-surface: facility/08_mosque_entrance/plaster-block-owner pixel=(0.55, 0.4) distance=5,024 point=(-47.225, 5.8022766, -37.43785) mesh=/root/Act1FacilitiesSmokeTest/Act1Demo/Main/ZoneHost/Act1ConnectedWorld/Act1CoreWorldGreybox/VillageMosqueComplex/MosqueHallEastLeft triangle=5 vertices=[(-47.225, 9.452295, -39.25);(-47.225, 4.2522955, -39.25);(-47.225, 4.2522955, -35.85)] shader= snow=0.41999998688698
act1-visible-surface: facility/08_mosque_entrance/plaster-block-owner pixel=(0.55, 0.4) distance=9,696 point=(-49.27942, 8.072296, -33.909252) mesh=/root/Act1FacilitiesSmokeTest/Act1Demo/Main/ZoneHost/Act1ConnectedWorld/Act1CoreWorldGreybox/VillageMosqueComplex/MosqueInterior/MosqueCeiling triangle=11 vertices=[(-47.775, 8.072295, -31.025);(-47.775, 8.072295, -38.975);(-58.225, 8.072295, -38.975)] shader= snow=0.41999998688698
act1-visible-surface: facility/08_mosque_entrance/plaster-block-owner pixel=(0.55, 0.5) distance=4,757 point=(-47.225, 5.0224304, -37.360382) mesh=/root/Act1FacilitiesSmokeTest/Act1Demo/Main/ZoneHost/Act1ConnectedWorld/Act1CoreWorldGreybox/VillageMosqueComplex/MosqueHallEastLeft triangle=5 vertices=[(-47.225, 9.452295, -39.25);(-47.225, 4.2522955, -39.25);(-47.225, 4.2522955, -35.85)] shader= snow=0.41999998688698
act1-visible-surface: facility/08_mosque_entrance/plaster-block-owner pixel=(0.55, 0.5) distance=12,542 point=(-50.839787, 7.7405944, -31.025) mesh=/root/Act1FacilitiesSmokeTest/Act1Demo/Main/ZoneHost/Act1ConnectedWorld/Act1CoreWorldGreybox/VillageMosqueComplex/MosqueInterior/MosqueWindowWall1Above triangle=3 vertices=[(-58.5, 9.482295, -31.025);(-58.5, 7.4322953, -31.025);(-47.5, 7.4322953, -31.025)] shader= snow=0.41999998688698
act1-facility-camera: {"kind":"native-game-camera","file":"/Users/unterlantas/Documents/GitHub/URMAN/docs/production/act1_takeover_evidence_2026-09-16/images-facilities-11/08_mosque_entrance.png","focus":true,"intendedAim":"(-47.46, 5.882295, -35)","cameraBefore":"[X: (-0.93096375, 0, -0.36511168), Y: (0.12867579, 0.93583876, -0.32809827), Z: (0.34168565, -0.35242862, -0.8712319), O: (-45.01572, 3.361147, -41.23243)]","cameraAfter":"[X: (-0.93096375, 0, -0.36511168), Y: (0.12867579, 0.93583876, -0.32809827), Z: (0.34168565, -0.35242862, -0.8712319), O: (-45.01572, 3.361147, -41.23243)]","cameraUnchangedDuringRender":true,"cameraTravel":0,"cameraForwardDot":1.0000001,"frameBefore":5725,"frameAfter":5725,"intendedAimDot":1,"humanArtReview":"not-run"}
act1-facilities: 08_mosque_entrance: the actual camera retains the intended view across the rendered frame
act1-facilities: climb the actual mosque entrance profile: point 1; actual=(-44.95, 1.8525059, -40.6614), expected=(-44.95, 1.887125, -40.6), grounded=True, settledFrames=3, waitedFrames=3, distance=0,061401367
act1-facilities: climb the actual mosque entrance profile: point 2; actual=(-44.95, 4.782604, -35.416607), expected=(-44.95, 4.817295, -35.35), grounded=True, settledFrames=3, waitedFrames=3, distance=0,06660843
act1-facilities: climb the actual mosque entrance profile: point 3; actual=(-45.138615, 4.782604, -35.290905), expected=(-45.2, 4.817295, -35.25), grounded=True, settledFrames=3, waitedFrames=3, distance=0,07376634
act1-facility-stairs: {"kind":"mosque-actual-stairs","stepsClimbed":22,"lastStepRejection":"","feet":"(-45.138615, 4.782604, -35.290905)"}
act1-facilities: the full entrance stair reaches the unchanged mosque floor before the door action
state-final-render-sync-begin: label=facility/08b_mosque_upper_landing tick=102895 drawn=5868 process=5868 physics=4074 windowVisible=True focus=True mode=Windowed renderLoop=True
state-final-render-sync-end: label=facility/08b_mosque_upper_landing milliseconds=7 forcedScreenshotRender=False
act1-facility-materials: {"kind":"mosque-capture-materials","capture":"08b_mosque_upper_landing","scope":"all-facilities","graphicsPreset":"medium","savedPreferencesPreset":"medium","textureLoadsSuppressed":false,"materials":[{"mesh":"/root/Act1FacilitiesSmokeTest/Act1Demo/Main/ZoneHost/Act1ConnectedWorld/Act1CoreWorldGreybox/VillageMosqueComplex/MosqueHallEastLeft","surface":0,"visible":true,"material":"ShaderMaterial","materialPath":"","materialId":9223372912961025484,"shaderPath":"","shaderId":9223372105473592378,"lowQuality":"false","hasAlbedoTexture":"true","textureStrength":"0.94999998807907","textureScale":"(1.5, 1.15)","texturePath":"res://assets/textures/painterly/aged_plaster_v3_albedo.png"},{"mesh":"/root/Act1FacilitiesSmokeTest/Act1Demo/Main/ZoneHost/Act1ConnectedWorld/Act1CoreWorldGreybox/VillageMosqueComplex/MosqueInterior/MosqueTimberFloor","surface":0,"visible":true,"material":"ShaderMaterial","materialPath":"","materialId":9223374477335796844,"shaderPath":"","shaderId":9223372105473592378,"lowQuality":"false","hasAlbedoTexture":"true","textureStrength":"0.9200000166893","textureScale":"(0.95, 0.95)","texturePath":"res://assets/textures/painterly/weathered_wood_boards_v3_albedo.png"},{"mesh":"/root/Act1FacilitiesSmokeTest/Act1Demo/Main/ZoneHost/Act1ConnectedWorld/Act1CoreWorldGreybox/VillageMosqueComplex/MosqueInterior/Npc_timur_hazrat/TimurHazrat_Rig/Skeleton3D/TimurHazrat_CoatFrontPlacket_LOD0","surface":0,"visible":true,"material":"ShaderMaterial","materialPath":"","materialId":9223374395009994490,"shaderPath":"","shaderId":9223372105473592378,"lowQuality":"false","hasAlbedoTexture":"true","textureStrength":"0.87999999523163","textureScale":"(2.0, 2.0)","texturePath":"res://assets/textures/painterly/old_fabric_v3_albedo.png"},{"mesh":"/root/Act1FacilitiesSmokeTest/Act1Demo/Main/ZoneHost/Act1ConnectedWorld/Act1CoreWorldGreybox/VillageMosqueComplex/MosqueInterior/Npc_timur_hazrat/TimurHazrat_Rig/Skeleton3D/TimurHazrat_CoatFrontPlacket_LOD1","surface":0,"visible":true,"material":"ShaderMaterial","materialPath":"","materialId":9223374395009994490,"shaderPath":"","shaderId":9223372105473592378,"lowQuality":"false","hasAlbedoTexture":"true","textureStrength":"0.87999999523163","textureScale":"(2.0, 2.0)","texturePath":"res://assets/textures/painterly/old_fabric_v3_albedo.png"},{"mesh":"/root/Act1FacilitiesSmokeTest/Act1Demo/Main/ZoneHost/Act1ConnectedWorld/Act1CoreWorldGreybox/VillageMosqueComplex/MosqueInterior/Npc_timur_hazrat/TimurHazrat_Rig/Skeleton3D/TimurHazrat_CoatHem_LOD0","surface":0,"visible":true,"material":"ShaderMaterial","materialPath":"","materialId":9223374394976440057,"shaderPath":"","shaderId":9223372105473592378,"lowQuality":"false","hasAlbedoTexture":"true","textureStrength":"0.87999999523163","textureScale":"(2.0, 2.0)","texturePath":"res://assets/textures/painterly/old_fabric_v3_albedo.png"}],"stateChangedByObservation":false,"foregroundPerformanceMeasured":false}
act1-facility-camera: {"kind":"native-game-camera","file":"/Users/unterlantas/Documents/GitHub/URMAN/docs/production/act1_takeover_evidence_2026-09-16/images-facilities-11/08b_mosque_upper_landing.png","focus":true,"intendedAim":"(-47.46, 5.882295, -35)","cameraBefore":"[X: (-0.124343, 0, -0.9922393), Y: (-0.2654278, 0.9635568, 0.033262227), Z: (0.95607895, 0.26750383, -0.11981155), O: (-45.317215, 6.4822335, -35.268524)]","cameraAfter":"[X: (-0.124343, 0, -0.9922393), Y: (-0.2654278, 0.9635568, 0.033262227), Z: (0.95607895, 0.26750383, -0.11981155), O: (-45.317215, 6.4822335, -35.268524)]","cameraUnchangedDuringRender":true,"cameraTravel":0,"cameraForwardDot":1,"frameBefore":5868,"frameAfter":5868,"intendedAimDot":1,"humanArtReview":"not-run"}
act1-facilities: 08b_mosque_upper_landing: the actual camera retains the intended view across the rendered frame
state-final-render-sync-begin: label=facility/08c_mosque_courtyard_gate tick=103172 drawn=5869 process=5869 physics=4082 windowVisible=True focus=True mode=Windowed renderLoop=True
state-final-render-sync-end: label=facility/08c_mosque_courtyard_gate milliseconds=17 forcedScreenshotRender=False
act1-facility-materials: {"kind":"mosque-capture-materials","capture":"08c_mosque_courtyard_gate","scope":"all-facilities","graphicsPreset":"medium","savedPreferencesPreset":"medium","textureLoadsSuppressed":false,"materials":[{"mesh":"/root/Act1FacilitiesSmokeTest/Act1Demo/Main/ZoneHost/Act1ConnectedWorld/Act1CoreWorldGreybox/VillageMosqueComplex/MosqueHallEastLeft","surface":0,"visible":true,"material":"ShaderMaterial","materialPath":"","materialId":9223372912961025484,"shaderPath":"","shaderId":9223372105473592378,"lowQuality":"false","hasAlbedoTexture":"true","textureStrength":"0.94999998807907","textureScale":"(1.5, 1.15)","texturePath":"res://assets/textures/painterly/aged_plaster_v3_albedo.png"},{"mesh":"/root/Act1FacilitiesSmokeTest/Act1Demo/Main/ZoneHost/Act1ConnectedWorld/Act1CoreWorldGreybox/VillageMosqueComplex/MosqueInterior/MosqueTimberFloor","surface":0,"visible":true,"material":"ShaderMaterial","materialPath":"","materialId":9223374477335796844,"shaderPath":"","shaderId":9223372105473592378,"lowQuality":"false","hasAlbedoTexture":"true","textureStrength":"0.9200000166893","textureScale":"(0.95, 0.95)","texturePath":"res://assets/textures/painterly/weathered_wood_boards_v3_albedo.png"},{"mesh":"/root/Act1FacilitiesSmokeTest/Act1Demo/Main/ZoneHost/Act1ConnectedWorld/Act1CoreWorldGreybox/VillageMosqueComplex/MosqueInterior/Npc_timur_hazrat/TimurHazrat_Rig/Skeleton3D/TimurHazrat_CoatFrontPlacket_LOD0","surface":0,"visible":true,"material":"ShaderMaterial","materialPath":"","materialId":9223374395009994490,"shaderPath":"","shaderId":9223372105473592378,"lowQuality":"false","hasAlbedoTexture":"true","textureStrength":"0.87999999523163","textureScale":"(2.0, 2.0)","texturePath":"res://assets/textures/painterly/old_fabric_v3_albedo.png"},{"mesh":"/root/Act1FacilitiesSmokeTest/Act1Demo/Main/ZoneHost/Act1ConnectedWorld/Act1CoreWorldGreybox/VillageMosqueComplex/MosqueInterior/Npc_timur_hazrat/TimurHazrat_Rig/Skeleton3D/TimurHazrat_CoatFrontPlacket_LOD1","surface":0,"visible":true,"material":"ShaderMaterial","materialPath":"","materialId":9223374395009994490,"shaderPath":"","shaderId":9223372105473592378,"lowQuality":"false","hasAlbedoTexture":"true","textureStrength":"0.87999999523163","textureScale":"(2.0, 2.0)","texturePath":"res://assets/textures/painterly/old_fabric_v3_albedo.png"},{"mesh":"/root/Act1FacilitiesSmokeTest/Act1Demo/Main/ZoneHost/Act1ConnectedWorld/Act1CoreWorldGreybox/VillageMosqueComplex/MosqueInterior/Npc_timur_hazrat/TimurHazrat_Rig/Skeleton3D/TimurHazrat_CoatHem_LOD0","surface":0,"visible":true,"material":"ShaderMaterial","materialPath":"","materialId":9223374394976440057,"shaderPath":"","shaderId":9223372105473592378,"lowQuality":"false","hasAlbedoTexture":"true","textureStrength":"0.87999999523163","textureScale":"(2.0, 2.0)","texturePath":"res://assets/textures/painterly/old_fabric_v3_albedo.png"}],"stateChangedByObservation":false,"foregroundPerformanceMeasured":false}
act1-facility-camera: {"kind":"native-game-camera","file":"/Users/unterlantas/Documents/GitHub/URMAN/docs/production/act1_takeover_evidence_2026-09-16/images-facilities-11/08c_mosque_courtyard_gate.png","focus":true,"intendedAim":"(-46.55, 2.7846422, -38.6)","cameraBefore":"[X: (0.9198278, 0, -0.39232233), Y: (-0.28811368, 0.6787386, -0.67550313), Z: (0.2662843, 0.73437995, 0.6243226), O: (-45.209232, 6.482518, -35.456474)]","cameraAfter":"[X: (0.9198278, 0, -0.39232233), Y: (-0.28811368, 0.6787386, -0.67550313), Z: (0.2662843, 0.73437995, 0.6243226), O: (-45.209232, 6.482518, -35.456474)]","cameraUnchangedDuringRender":true,"cameraTravel":0,"cameraForwardDot":1,"frameBefore":5869,"frameAfter":5869,"intendedAimDot":0.9999999,"humanArtReview":"not-run"}
act1-facilities: 08c_mosque_courtyard_gate: the actual camera retains the intended view across the rendered frame
act1-facilities: previous facility action finishes; camera=(-45.209232, 6.482518, -35.456474) ray=(-0.26628432, -0.73437995, -0.6243226) hit= shape= at=(0, 0, 0) held= busy=False registering=False registered=True heldPosition= heldPoseValid=False light= targetState= targetVisible= targetConcealed= modal=False pause=False focused=True physicsEnabled=True treePaused=False inputFrame=4082/4082 interactPresses=36 feedback= pickupProbe=
act1-facilities: actual available aim at MosqueEntranceUse; layer=4; camera=(-45.317215, 6.4825444, -35.268524) ray=(-0.956001, -0.26778668, 0.11980178) hit=/root/Act1FacilitiesSmokeTest/Act1Demo/Main/ZoneHost/Act1ConnectedWorld/village-main-road/MosqueEntranceUse shape=/root/Act1FacilitiesSmokeTest/Act1Demo/Main/ZoneHost/Act1ConnectedWorld/village-main-road/MosqueEntranceUse/SurfaceRay at=(-47.4025, 5.898433, -35.007206) held= busy=False registering=False registered=True heldPosition= heldPoseValid=False light= targetState= targetVisible= targetConcealed= modal=False pause=False focused=True physicsEnabled=True treePaused=False inputFrame=4084/4085 interactPresses=36 feedback= pickupProbe=
act1-facility-door: {"kind":"door-input-probe","phase":"before-input","target":"urman.chapter1:local/mosque/entrance","feet":"(-45.138615, 4.782604, -35.290905)","velocity":"(0, 0, 0)","forward":0,"backward":0,"left":0,"right":0,"interact":0,"focus":true,"modal":false,"sessionReady":true,"noticeActive":false,"focusedInteraction":"urman.chapter1:local/mosque/entrance","transformRevision":45,"angle":0,"actionNumber":0,"action":"not-called","result":"not-called","sweep":"not-called","aim":"camera=(-45.317215, 6.4825444, -35.268524) ray=(-0.956001, -0.26778668, 0.11980178) hit=/root/Act1FacilitiesSmokeTest/Act1Demo/Main/ZoneHost/Act1ConnectedWorld/village-main-road/MosqueEntranceUse shape=/root/Act1FacilitiesSmokeTest/Act1Demo/Main/ZoneHost/Act1ConnectedWorld/village-main-road/MosqueEntranceUse/SurfaceRay at=(-47.4025, 5.898433, -35.007206) held= busy=False registering=False registered=True heldPosition= heldPoseValid=False light= targetState= targetVisible= targetConcealed= modal=False pause=False focused=True physicsEnabled=True treePaused=False inputFrame=4084/4085 interactPresses=36 feedback= pickupProbe="}
act1-facilities: MosqueEntranceUse: passive focus follows the actual door during a result notice
act1-facility-door: {"kind":"door-input-probe","phase":"after-input","target":"urman.chapter1:local/mosque/entrance","feet":"(-45.138615, 4.782604, -35.290905)","velocity":"(0, 0, 0)","forward":0,"backward":0,"left":0,"right":0,"interact":0,"focus":true,"modal":false,"sessionReady":true,"noticeActive":true,"focusedInteraction":"urman.chapter1:local/mosque/entrance","transformRevision":45,"angle":-0.14,"actionNumber":1,"action":"{\u0022phase\u0022:\u0022received\u0022,\u0022key\u0022:\u0022mosque/entrance\u0022,\u0022busy\u0022:false,\u0022sessionReady\u0022:true,\u0022feet\u0022:\u0022(-45.138615, 4.782604, -35.290905)\u0022,\u0022focus\u0022:true,\u0022forward\u0022:0,\u0022backward\u0022:0,\u0022left\u0022:0,\u0022right\u0022:0}","result":"received","sweep":"{\u0022clear\u0022:true,\u0022samples\u0022:133,\u0022from\u0022:0,\u0022to\u0022:-1.6580628}","aim":"camera=(-45.317215, 6.48258, -35.268524) ray=(-0.956001, -0.26778668, 0.11980178) hit=/root/Act1FacilitiesSmokeTest/Act1Demo/Main/ZoneHost/Act1ConnectedWorld/village-main-road/MosqueEntranceUse shape=/root/Act1FacilitiesSmokeTest/Act1Demo/Main/ZoneHost/Act1ConnectedWorld/village-main-road/MosqueEntranceUse/SurfaceRay at=(-47.504177, 5.8699894, -34.994465) held= busy=False registering=False registered=True heldPosition= heldPoseValid=False light= targetState= targetVisible= targetConcealed= modal=False pause=False focused=True physicsEnabled=True treePaused=False inputFrame=4086/4090 interactPresses=37 feedback= pickupProbe="}
act1-facilities: MosqueEntranceUse: one deliberate mapped press reaches exactly one door callback
SaveGameV3 written to /Users/unterlantas/Library/Application Support/Godot/app_userdata/URMAN/savegames/checkpoint.savegame-v3.json
act1-facilities: facility transaction and existing checkpoint save finish; camera=(-45.317215, 6.482584, -35.268524) ray=(-0.956001, -0.26778668, 0.11980178) hit=/root/Act1FacilitiesSmokeTest/Act1Demo/Main/ZoneHost/Act1ConnectedWorld/village-main-road/MosqueEntranceUse shape=/root/Act1FacilitiesSmokeTest/Act1Demo/Main/ZoneHost/Act1ConnectedWorld/village-main-road/MosqueEntranceUse/SurfaceRay at=(-47.539345, 5.8601413, -34.990055) held= busy=False registering=False registered=True heldPosition= heldPoseValid=False light= targetState= targetVisible= targetConcealed= modal=False pause=False focused=True physicsEnabled=True treePaused=False inputFrame=4086/4091 interactPresses=37 feedback= pickupProbe=
act1-facility-door: {"kind":"door-input-probe","phase":"after-transaction","target":"urman.chapter1:local/mosque/entrance","feet":"(-45.138615, 4.782604, -35.290905)","velocity":"(0, 0, 0)","forward":0,"backward":0,"left":0,"right":0,"interact":0,"focus":true,"modal":false,"sessionReady":true,"noticeActive":true,"focusedInteraction":"urman.chapter1:local/mosque/entrance","transformRevision":45,"angle":-0.32666665,"actionNumber":1,"action":"{\u0022phase\u0022:\u0022received\u0022,\u0022key\u0022:\u0022mosque/entrance\u0022,\u0022busy\u0022:false,\u0022sessionReady\u0022:true,\u0022feet\u0022:\u0022(-45.138615, 4.782604, -35.290905)\u0022,\u0022focus\u0022:true,\u0022forward\u0022:0,\u0022backward\u0022:0,\u0022left\u0022:0,\u0022right\u0022:0}","result":"committed","sweep":"{\u0022clear\u0022:true,\u0022samples\u0022:133,\u0022from\u0022:0,\u0022to\u0022:-1.6580628}","aim":"camera=(-45.317215, 6.4825926, -35.268524) ray=(-0.956001, -0.26778668, 0.11980178) hit=/root/Act1FacilitiesSmokeTest/Act1Demo/Main/ZoneHost/Act1ConnectedWorld/village-main-road/MosqueEntranceUse shape=/root/Act1FacilitiesSmokeTest/Act1Demo/Main/ZoneHost/Act1ConnectedWorld/village-main-road/MosqueEntranceUse/SurfaceRay at=(-47.651356, 5.8287745, -34.976017) held= busy=False registering=False registered=True heldPosition= heldPoseValid=False light= targetState= targetVisible= targetConcealed= modal=False pause=False focused=True physicsEnabled=True treePaused=False inputFrame=4086/4094 interactPresses=37 feedback= pickupProbe="}
act1-facility-door: {"kind":"door-input-probe","phase":"finished-angle-wait","target":"urman.chapter1:local/mosque/entrance","feet":"(-45.138615, 4.782604, -35.290905)","velocity":"(0, 0, 0)","forward":0,"backward":0,"left":0,"right":0,"interact":0,"focus":true,"modal":false,"sessionReady":true,"noticeActive":true,"focusedInteraction":"","transformRevision":45,"angle":-1.6580628,"actionNumber":1,"action":"{\u0022phase\u0022:\u0022received\u0022,\u0022key\u0022:\u0022mosque/entrance\u0022,\u0022busy\u0022:false,\u0022sessionReady\u0022:true,\u0022feet\u0022:\u0022(-45.138615, 4.782604, -35.290905)\u0022,\u0022focus\u0022:true,\u0022forward\u0022:0,\u0022backward\u0022:0,\u0022left\u0022:0,\u0022right\u0022:0}","result":"committed","sweep":"{\u0022clear\u0022:true,\u0022samples\u0022:133,\u0022from\u0022:0,\u0022to\u0022:-1.6580628}","aim":"camera=(-45.317215, 6.482604, -35.268524) ray=(-0.956001, -0.26778668, 0.11980178) hit= shape= at=(0, 0, 0) held= busy=False registering=False registered=True heldPosition= heldPoseValid=False light= targetState= targetVisible= targetConcealed= modal=False pause=False focused=True physicsEnabled=True treePaused=False inputFrame=4086/4123 interactPresses=37 feedback= pickupProbe="}
act1-facilities: full inward mosque leaf opens by a real aimed action without hitting the landing guards
act1-facilities: cross the actual mosque doorway from the upper landing; actual=(-48.3116, 4.782604, -35.25049), expected=(-48.35, 4.782295, -35.25), grounded=True, settledFrames=3, waitedFrames=3, distance=0,038401846
act1-facilities: physical mosque entry selects its indoor state
act1-facilities: physical room presentation follows the actual player; camera=(-48.491585, 6.482604, -35.24819) ray=(-0.9999186, -0, 0.0127603365) hit= shape= at=(0, 0, 0) held= busy=False registering=False registered=True heldPosition= heldPoseValid=False light= targetState= targetVisible= targetConcealed= modal=False pause=False focused=True physicsEnabled=True treePaused=False inputFrame=4086/4182 interactPresses=37 feedback= pickupProbe=
act1-facilities: actual snow emission and visibility follow shelter: mosque
act1-facilities: existing two-player ambience owner selects the indoor bed and returns to the village bed
act1-facilities: ambient crossfade reaches one active native playback without an extra owner; camera=(-48.491585, 6.482604, -35.24819) ray=(-0.9999186, -0, 0.0127603365) hit= shape= at=(0, 0, 0) held= busy=False registering=False registered=True heldPosition= heldPoseValid=False light= targetState= targetVisible= targetConcealed= modal=False pause=False focused=True physicsEnabled=True treePaused=False inputFrame=4086/4209 interactPresses=37 feedback= pickupProbe=
act1-facilities: approach the shoe bench inside the vestibule; actual=(-48.692116, 4.782604, -33.535545), expected=(-48.7, 4.782295, -33.5), grounded=True, settledFrames=3, waitedFrames=3, distance=0,036409404
state-final-render-sync-begin: label=facility/09_mosque_vestibule tick=106008 drawn=6149 process=6149 physics=4249 windowVisible=True focus=True mode=Windowed renderLoop=True
state-final-render-sync-end: label=facility/09_mosque_vestibule milliseconds=8 forcedScreenshotRender=False
act1-facility-materials: {"kind":"mosque-capture-materials","capture":"09_mosque_vestibule","scope":"all-facilities","graphicsPreset":"medium","savedPreferencesPreset":"medium","textureLoadsSuppressed":false,"materials":[{"mesh":"/root/Act1FacilitiesSmokeTest/Act1Demo/Main/ZoneHost/Act1ConnectedWorld/Act1CoreWorldGreybox/VillageMosqueComplex/MosqueHallEastLeft","surface":0,"visible":true,"material":"ShaderMaterial","materialPath":"","materialId":9223372912961025484,"shaderPath":"","shaderId":9223372105473592378,"lowQuality":"false","hasAlbedoTexture":"true","textureStrength":"0.94999998807907","textureScale":"(1.5, 1.15)","texturePath":"res://assets/textures/painterly/aged_plaster_v3_albedo.png"},{"mesh":"/root/Act1FacilitiesSmokeTest/Act1Demo/Main/ZoneHost/Act1ConnectedWorld/Act1CoreWorldGreybox/VillageMosqueComplex/MosqueInterior/MosqueTimberFloor","surface":0,"visible":true,"material":"ShaderMaterial","materialPath":"","materialId":9223374477335796844,"shaderPath":"","shaderId":9223372105473592378,"lowQuality":"false","hasAlbedoTexture":"true","textureStrength":"0.9200000166893","textureScale":"(0.95, 0.95)","texturePath":"res://assets/textures/painterly/weathered_wood_boards_v3_albedo.png"},{"mesh":"/root/Act1FacilitiesSmokeTest/Act1Demo/Main/ZoneHost/Act1ConnectedWorld/Act1CoreWorldGreybox/VillageMosqueComplex/MosqueInterior/Npc_timur_hazrat/TimurHazrat_Rig/Skeleton3D/TimurHazrat_CoatFrontPlacket_LOD0","surface":0,"visible":true,"material":"ShaderMaterial","materialPath":"","materialId":9223374395009994490,"shaderPath":"","shaderId":9223372105473592378,"lowQuality":"false","hasAlbedoTexture":"true","textureStrength":"0.87999999523163","textureScale":"(2.0, 2.0)","texturePath":"res://assets/textures/painterly/old_fabric_v3_albedo.png"},{"mesh":"/root/Act1FacilitiesSmokeTest/Act1Demo/Main/ZoneHost/Act1ConnectedWorld/Act1CoreWorldGreybox/VillageMosqueComplex/MosqueInterior/Npc_timur_hazrat/TimurHazrat_Rig/Skeleton3D/TimurHazrat_CoatFrontPlacket_LOD1","surface":0,"visible":true,"material":"ShaderMaterial","materialPath":"","materialId":9223374395009994490,"shaderPath":"","shaderId":9223372105473592378,"lowQuality":"false","hasAlbedoTexture":"true","textureStrength":"0.87999999523163","textureScale":"(2.0, 2.0)","texturePath":"res://assets/textures/painterly/old_fabric_v3_albedo.png"},{"mesh":"/root/Act1FacilitiesSmokeTest/Act1Demo/Main/ZoneHost/Act1ConnectedWorld/Act1CoreWorldGreybox/VillageMosqueComplex/MosqueInterior/Npc_timur_hazrat/TimurHazrat_Rig/Skeleton3D/TimurHazrat_CoatHem_LOD0","surface":0,"visible":true,"material":"ShaderMaterial","materialPath":"","materialId":9223374394976440057,"shaderPath":"","shaderId":9223372105473592378,"lowQuality":"false","hasAlbedoTexture":"true","textureStrength":"0.87999999523163","textureScale":"(2.0, 2.0)","texturePath":"res://assets/textures/painterly/old_fabric_v3_albedo.png"}],"stateChangedByObservation":false,"foregroundPerformanceMeasured":false}
act1-facility-camera: {"kind":"native-game-camera","file":"/Users/unterlantas/Documents/GitHub/URMAN/docs/production/act1_takeover_evidence_2026-09-16/images-facilities-11/09_mosque_vestibule.png","focus":true,"intendedAim":"(-49.35, 5.632295, -32.1)","cameraBefore":"[X: (-0.9090832, 0, -0.41661462), Y: (-0.21636936, 0.85456085, 0.47213358), Z: (0.35602254, 0.5193513, -0.7768669), O: (-48.767105, 6.482604, -33.37191)]","cameraAfter":"[X: (-0.9090832, 0, -0.41661462), Y: (-0.21636936, 0.85456085, 0.47213358), Z: (0.35602254, 0.5193513, -0.7768669), O: (-48.767105, 6.482604, -33.37191)]","cameraUnchangedDuringRender":true,"cameraTravel":0,"cameraForwardDot":1,"frameBefore":6149,"frameAfter":6149,"intendedAimDot":1,"humanArtReview":"not-run"}
act1-facilities: 09_mosque_vestibule: the actual camera retains the intended view across the rendered frame
act1-facilities: all four notice corners are attached to the actual solid pier rather than the window glass
act1-facilities: the unchanged courtesy wording fits the physical paper with fixed orientation and ordinary depth testing
act1-facilities: the existing reached shoe-bench stance sees the front of the mounted notice without a window, furniture or door obstruction
state-final-render-sync-begin: label=facility/09_mosque_courtesy_notice tick=106280 drawn=6150 process=6150 physics=4257 windowVisible=True focus=True mode=Windowed renderLoop=True
state-final-render-sync-end: label=facility/09_mosque_courtesy_notice milliseconds=11 forcedScreenshotRender=False
act1-facility-materials: {"kind":"mosque-capture-materials","capture":"09_mosque_courtesy_notice","scope":"all-facilities","graphicsPreset":"medium","savedPreferencesPreset":"medium","textureLoadsSuppressed":false,"materials":[{"mesh":"/root/Act1FacilitiesSmokeTest/Act1Demo/Main/ZoneHost/Act1ConnectedWorld/Act1CoreWorldGreybox/VillageMosqueComplex/MosqueHallEastLeft","surface":0,"visible":true,"material":"ShaderMaterial","materialPath":"","materialId":9223372912961025484,"shaderPath":"","shaderId":9223372105473592378,"lowQuality":"false","hasAlbedoTexture":"true","textureStrength":"0.94999998807907","textureScale":"(1.5, 1.15)","texturePath":"res://assets/textures/painterly/aged_plaster_v3_albedo.png"},{"mesh":"/root/Act1FacilitiesSmokeTest/Act1Demo/Main/ZoneHost/Act1ConnectedWorld/Act1CoreWorldGreybox/VillageMosqueComplex/MosqueInterior/MosqueTimberFloor","surface":0,"visible":true,"material":"ShaderMaterial","materialPath":"","materialId":9223374477335796844,"shaderPath":"","shaderId":9223372105473592378,"lowQuality":"false","hasAlbedoTexture":"true","textureStrength":"0.9200000166893","textureScale":"(0.95, 0.95)","texturePath":"res://assets/textures/painterly/weathered_wood_boards_v3_albedo.png"},{"mesh":"/root/Act1FacilitiesSmokeTest/Act1Demo/Main/ZoneHost/Act1ConnectedWorld/Act1CoreWorldGreybox/VillageMosqueComplex/MosqueInterior/Npc_timur_hazrat/TimurHazrat_Rig/Skeleton3D/TimurHazrat_CoatFrontPlacket_LOD0","surface":0,"visible":true,"material":"ShaderMaterial","materialPath":"","materialId":9223374395009994490,"shaderPath":"","shaderId":9223372105473592378,"lowQuality":"false","hasAlbedoTexture":"true","textureStrength":"0.87999999523163","textureScale":"(2.0, 2.0)","texturePath":"res://assets/textures/painterly/old_fabric_v3_albedo.png"},{"mesh":"/root/Act1FacilitiesSmokeTest/Act1Demo/Main/ZoneHost/Act1ConnectedWorld/Act1CoreWorldGreybox/VillageMosqueComplex/MosqueInterior/Npc_timur_hazrat/TimurHazrat_Rig/Skeleton3D/TimurHazrat_CoatFrontPlacket_LOD1","surface":0,"visible":true,"material":"ShaderMaterial","materialPath":"","materialId":9223374395009994490,"shaderPath":"","shaderId":9223372105473592378,"lowQuality":"false","hasAlbedoTexture":"true","textureStrength":"0.87999999523163","textureScale":"(2.0, 2.0)","texturePath":"res://assets/textures/painterly/old_fabric_v3_albedo.png"},{"mesh":"/root/Act1FacilitiesSmokeTest/Act1Demo/Main/ZoneHost/Act1ConnectedWorld/Act1CoreWorldGreybox/VillageMosqueComplex/MosqueInterior/Npc_timur_hazrat/TimurHazrat_Rig/Skeleton3D/TimurHazrat_CoatHem_LOD0","surface":0,"visible":true,"material":"ShaderMaterial","materialPath":"","materialId":9223374394976440057,"shaderPath":"","shaderId":9223372105473592378,"lowQuality":"false","hasAlbedoTexture":"true","textureStrength":"0.87999999523163","textureScale":"(2.0, 2.0)","texturePath":"res://assets/textures/painterly/old_fabric_v3_albedo.png"}],"stateChangedByObservation":false,"foregroundPerformanceMeasured":false}
act1-facility-camera: {"kind":"native-game-camera","file":"/Users/unterlantas/Documents/GitHub/URMAN/docs/production/act1_takeover_evidence_2026-09-16/images-facilities-11/09_mosque_courtesy_notice.png","focus":true,"intendedAim":"(-48.85, 6.382295, -31.0392)","cameraBefore":"[X: (-0.998006, 0, -0.06312002), Y: (-0.0027249565, 0.99906766, 0.04308495), Z: (0.06306118, 0.04317104, -0.99707556), O: (-48.703476, 6.482604, -33.355907)]","cameraAfter":"[X: (-0.998006, 0, -0.06312002), Y: (-0.0027249565, 0.99906766, 0.04308495), Z: (0.06306118, 0.04317104, -0.99707556), O: (-48.703476, 6.482604, -33.355907)]","cameraUnchangedDuringRender":true,"cameraTravel":0,"cameraForwardDot":1.0000001,"frameBefore":6150,"frameAfter":6150,"intendedAimDot":1,"humanArtReview":"not-run"}
act1-facilities: 09_mosque_courtesy_notice: the actual camera retains the intended view across the rendered frame
act1-facilities: previous facility action finishes; camera=(-48.703476, 6.482604, -33.355907) ray=(-0.06306117, -0.043171037, 0.99707556) hit=/root/Act1FacilitiesSmokeTest/Act1Demo/Main/ZoneHost/Act1ConnectedWorld/Act1CoreWorldGreybox/VillageMosqueComplex/MosqueInterior/MosqueWindowPier1_4_4Body shape=/root/Act1FacilitiesSmokeTest/Act1Demo/Main/ZoneHost/Act1ConnectedWorld/Act1CoreWorldGreybox/VillageMosqueComplex/MosqueInterior/MosqueWindowPier1_4_4Body/Contact at=(-48.8509, 6.381681, -31.025) held= busy=False registering=False registered=True heldPosition= heldPoseValid=False light= targetState= targetVisible= targetConcealed= modal=False pause=False focused=True physicsEnabled=True treePaused=False inputFrame=4257/4257 interactPresses=37 feedback= pickupProbe=
act1-facilities: actual available aim at MosqueVisit; layer=4; camera=(-48.767105, 6.482604, -33.37191) ray=(-0.33661336, -0.5892137, 0.73451936) hit=/root/Act1FacilitiesSmokeTest/Act1Demo/Main/ZoneHost/Act1ConnectedWorld/village-main-road/MosqueVisit shape=/root/Act1FacilitiesSmokeTest/Act1Demo/Main/ZoneHost/Act1ConnectedWorld/village-main-road/MosqueVisit/SurfaceRay at=(-49.25288, 5.632295, -32.31191) held= busy=False registering=False registered=True heldPosition= heldPoseValid=False light= targetState= targetVisible= targetConcealed= modal=False pause=False focused=True physicsEnabled=True treePaused=False inputFrame=4259/4260 interactPresses=37 feedback= pickupProbe=
[13] journal.changed: urman.chapter1:interaction/mosque-visit
act1-facilities: facility transaction and existing checkpoint save finish; camera=(-48.767105, 6.482604, -33.37191) ray=(-0.33661336, -0.5892137, 0.73451936) hit=/root/Act1FacilitiesSmokeTest/Act1Demo/Main/ZoneHost/Act1ConnectedWorld/Act1CoreWorldGreybox/VillageMosqueComplex/MosqueInterior/MosqueShoeShelf0Body shape=/root/Act1FacilitiesSmokeTest/Act1Demo/Main/ZoneHost/Act1ConnectedWorld/Act1CoreWorldGreybox/VillageMosqueComplex/MosqueInterior/MosqueShoeShelf0Body/Contact at=(-49.64993, 4.9372954, -31.445515) held= busy=False registering=False registered=True heldPosition= heldPoseValid=False light= targetState= targetVisible= targetConcealed= modal=False pause=False focused=True physicsEnabled=True treePaused=False inputFrame=4264/4265 interactPresses=38 feedback= pickupProbe=
SaveGameV3 written to /Users/unterlantas/Library/Application Support/Godot/app_userdata/URMAN/savegames/checkpoint.savegame-v3.json
checkpoint: auto-saved at urman.chapter1:scene/arrival_vehicle_dusk
act1-facilities: actual vestibule observation enters the personal notebook once; camera=(-48.767105, 6.482604, -33.37191) ray=(-0.33661336, -0.5892137, 0.73451936) hit=/root/Act1FacilitiesSmokeTest/Act1Demo/Main/ZoneHost/Act1ConnectedWorld/Act1CoreWorldGreybox/VillageMosqueComplex/MosqueInterior/MosqueShoeShelf0Body shape=/root/Act1FacilitiesSmokeTest/Act1Demo/Main/ZoneHost/Act1ConnectedWorld/Act1CoreWorldGreybox/VillageMosqueComplex/MosqueInterior/MosqueShoeShelf0Body/Contact at=(-49.64993, 4.9372954, -31.445515) held= busy=False registering=False registered=True heldPosition= heldPoseValid=False light= targetState= targetVisible= targetConcealed= modal=False pause=False focused=True physicsEnabled=True treePaused=False inputFrame=4267/4268 interactPresses=38 feedback= pickupProbe=
act1-facilities: the observation leaves ordinary control active until the player opens the notebook
act1-facilities: mapped journal action opens the notebook; camera=(-48.767105, 6.482604, -33.37191) ray=(-0.33661336, -0.5892137, 0.73451936) hit=/root/Act1FacilitiesSmokeTest/Act1Demo/Main/ZoneHost/Act1ConnectedWorld/Act1CoreWorldGreybox/VillageMosqueComplex/MosqueInterior/MosqueShoeShelf0Body shape=/root/Act1FacilitiesSmokeTest/Act1Demo/Main/ZoneHost/Act1ConnectedWorld/Act1CoreWorldGreybox/VillageMosqueComplex/MosqueInterior/MosqueShoeShelf0Body/Contact at=(-49.64993, 4.9372954, -31.445515) held= busy=False registering=False registered=True heldPosition= heldPoseValid=False light= targetState= targetVisible= targetConcealed= modal=True pause=False focused=True physicsEnabled=True treePaused=False inputFrame=4272/4273 interactPresses=38 feedback= pickupProbe=
act1-facilities: the selected actual notebook entry displays its authored observation
state-final-render-sync-begin: label=facility/09a_mosque_observation_notebook tick=106796 drawn=6156 process=6156 physics=4277 windowVisible=True focus=True mode=Windowed renderLoop=True
state-final-render-sync-end: label=facility/09a_mosque_observation_notebook milliseconds=12 forcedScreenshotRender=False
act1-facility-materials: {"kind":"mosque-capture-materials","capture":"09a_mosque_observation_notebook","scope":"all-facilities","graphicsPreset":"medium","savedPreferencesPreset":"medium","textureLoadsSuppressed":false,"materials":[{"mesh":"/root/Act1FacilitiesSmokeTest/Act1Demo/Main/ZoneHost/Act1ConnectedWorld/Act1CoreWorldGreybox/VillageMosqueComplex/MosqueHallEastLeft","surface":0,"visible":true,"material":"ShaderMaterial","materialPath":"","materialId":9223372912961025484,"shaderPath":"","shaderId":9223372105473592378,"lowQuality":"false","hasAlbedoTexture":"true","textureStrength":"0.94999998807907","textureScale":"(1.5, 1.15)","texturePath":"res://assets/textures/painterly/aged_plaster_v3_albedo.png"},{"mesh":"/root/Act1FacilitiesSmokeTest/Act1Demo/Main/ZoneHost/Act1ConnectedWorld/Act1CoreWorldGreybox/VillageMosqueComplex/MosqueInterior/MosqueTimberFloor","surface":0,"visible":true,"material":"ShaderMaterial","materialPath":"","materialId":9223374477335796844,"shaderPath":"","shaderId":9223372105473592378,"lowQuality":"false","hasAlbedoTexture":"true","textureStrength":"0.9200000166893","textureScale":"(0.95, 0.95)","texturePath":"res://assets/textures/painterly/weathered_wood_boards_v3_albedo.png"},{"mesh":"/root/Act1FacilitiesSmokeTest/Act1Demo/Main/ZoneHost/Act1ConnectedWorld/Act1CoreWorldGreybox/VillageMosqueComplex/MosqueInterior/Npc_timur_hazrat/TimurHazrat_Rig/Skeleton3D/TimurHazrat_CoatFrontPlacket_LOD0","surface":0,"visible":true,"material":"ShaderMaterial","materialPath":"","materialId":9223374395009994490,"shaderPath":"","shaderId":9223372105473592378,"lowQuality":"false","hasAlbedoTexture":"true","textureStrength":"0.87999999523163","textureScale":"(2.0, 2.0)","texturePath":"res://assets/textures/painterly/old_fabric_v3_albedo.png"},{"mesh":"/root/Act1FacilitiesSmokeTest/Act1Demo/Main/ZoneHost/Act1ConnectedWorld/Act1CoreWorldGreybox/VillageMosqueComplex/MosqueInterior/Npc_timur_hazrat/TimurHazrat_Rig/Skeleton3D/TimurHazrat_CoatFrontPlacket_LOD1","surface":0,"visible":true,"material":"ShaderMaterial","materialPath":"","materialId":9223374395009994490,"shaderPath":"","shaderId":9223372105473592378,"lowQuality":"false","hasAlbedoTexture":"true","textureStrength":"0.87999999523163","textureScale":"(2.0, 2.0)","texturePath":"res://assets/textures/painterly/old_fabric_v3_albedo.png"},{"mesh":"/root/Act1FacilitiesSmokeTest/Act1Demo/Main/ZoneHost/Act1ConnectedWorld/Act1CoreWorldGreybox/VillageMosqueComplex/MosqueInterior/Npc_timur_hazrat/TimurHazrat_Rig/Skeleton3D/TimurHazrat_CoatHem_LOD0","surface":0,"visible":true,"material":"ShaderMaterial","materialPath":"","materialId":9223374394976440057,"shaderPath":"","shaderId":9223372105473592378,"lowQuality":"false","hasAlbedoTexture":"true","textureStrength":"0.87999999523163","textureScale":"(2.0, 2.0)","texturePath":"res://assets/textures/painterly/old_fabric_v3_albedo.png"}],"stateChangedByObservation":false,"foregroundPerformanceMeasured":false}
act1-facility-camera: {"kind":"native-game-camera","file":"/Users/unterlantas/Documents/GitHub/URMAN/docs/production/act1_takeover_evidence_2026-09-16/images-facilities-11/09a_mosque_observation_notebook.png","focus":true,"intendedAim":null,"cameraBefore":"[X: (-0.9090842, 0, -0.41661245), Y: (-0.24547376, 0.80797726, 0.5356449), Z: (0.3366134, 0.5892137, -0.73451936), O: (-48.767105, 6.482604, -33.37191)]","cameraAfter":"[X: (-0.9090842, 0, -0.41661245), Y: (-0.24547376, 0.80797726, 0.5356449), Z: (0.3366134, 0.5892137, -0.73451936), O: (-48.767105, 6.482604, -33.37191)]","cameraUnchangedDuringRender":true,"cameraTravel":0,"cameraForwardDot":1.0000001,"frameBefore":6156,"frameAfter":6156,"intendedAimDot":null,"humanArtReview":"not-run"}
act1-facilities: close the notebook through its production button; camera=(-48.767105, 6.482604, -33.37191) ray=(-0.33661336, -0.5892137, 0.73451936) hit=/root/Act1FacilitiesSmokeTest/Act1Demo/Main/ZoneHost/Act1ConnectedWorld/Act1CoreWorldGreybox/VillageMosqueComplex/MosqueInterior/MosqueShoeShelf0Body shape=/root/Act1FacilitiesSmokeTest/Act1Demo/Main/ZoneHost/Act1ConnectedWorld/Act1CoreWorldGreybox/VillageMosqueComplex/MosqueInterior/MosqueShoeShelf0Body/Contact at=(-49.64993, 4.9372954, -31.445515) held= busy=False registering=False registered=True heldPosition= heldPoseValid=False light= targetState= targetVisible= targetConcealed= modal=False pause=False focused=True physicsEnabled=True treePaused=False inputFrame=4272/4277 interactPresses=38 feedback= pickupProbe=
act1-facilities: reading the saved observation creates no duplicate notebook entry
act1-facilities: shoe-bench episode starts after the ordinary visit with free hands and the existing player body
act1-facilities: a pre-footwear save contains no new footwear property
act1-facilities: old/default state: same body and single projected footwear choice
act1-facilities: old/default state: the existing foot node retains its final ankle skin and local transform
act1-facilities: old/default state: articulated ankle binding survives
act1-facilities: old/default state: sole plane and top cuff keep their original height
act1-facilities: old/default state: the existing foot node retains its final ankle skin and local transform
act1-facilities: old/default state: articulated ankle binding survives
act1-facilities: old/default state: sole plane and top cuff keep their original height
act1-facilities: old/default state: one static pair on the shelf agrees with the two feet
act1-facilities: old/default state: stored boot rests on the exact original lower shelf
act1-facilities: old/default state: stored boot rests on the exact original lower shelf
act1-facilities: old/default state: stored boot rests on the exact original lower shelf
act1-facilities: old/default state: stored boot rests on the exact original lower shelf
act1-facilities: old/default state: stored boot rests on the exact original lower shelf
act1-facilities: old/default state: stored boot rests on the exact original lower shelf
act1-facilities: old/default state: stored boot rests on the exact original lower shelf
act1-facilities: old/default state: stored boot rests on the exact original lower shelf
SaveGameV3 written to /Users/unterlantas/Library/Application Support/Godot/app_userdata/URMAN/savegames/facilities-footwear-legacy.savegame-v3.json
act1-facilities: save the attained indoor visit before any shoe action
act1-facilities: walk away from the shoe bench before the remote attempt; actual=(-48.69971, 4.782604, -35.235565), expected=(-48.7, 4.782295, -35.3), grounded=True, settledFrames=3, waitedFrames=3, distance=0,06443471
act1-facilities: the distant bench is outside the actual 2.7m interaction ray
act1-facilities: a distant mapped press cannot remove shoes or deposit a remote pair
act1-facilities: return to the existing bench through the vestibule; actual=(-48.699993, 4.782604, -33.535545), expected=(-48.7, 4.782295, -33.5), grounded=True, settledFrames=3, waitedFrames=3, distance=0,03554535
act1-facilities: previous facility action finishes; camera=(-48.700024, 6.482604, -33.35555) ray=(-0.00016537507, -0, 1) hit=/root/Act1FacilitiesSmokeTest/Act1Demo/Main/ZoneHost/Act1ConnectedWorld/Act1CoreWorldGreybox/VillageMosqueComplex/MosqueInterior/MosqueWindowPier1_4_4Body shape=/root/Act1FacilitiesSmokeTest/Act1Demo/Main/ZoneHost/Act1ConnectedWorld/Act1CoreWorldGreybox/VillageMosqueComplex/MosqueInterior/MosqueWindowPier1_4_4Body/Contact at=(-48.70041, 6.482604, -31.025) held= busy=False registering=False registered=True heldPosition= heldPoseValid=False light= targetState= targetVisible= targetConcealed= modal=False pause=False focused=True physicsEnabled=True treePaused=False inputFrame=4360/4361 interactPresses=39 feedback= pickupProbe=
act1-facilities: actual available aim at MosquePlayerFootwear; layer=4; camera=(-48.787205, 6.482604, -33.378086) ray=(-0.3290674, -0.7339866, 0.5941197) hit=/root/Act1FacilitiesSmokeTest/Act1Demo/Main/ZoneHost/Act1ConnectedWorld/village-main-road/MosquePlayerFootwear shape=/root/Act1FacilitiesSmokeTest/Act1Demo/Main/ZoneHost/Act1ConnectedWorld/village-main-road/MosquePlayerFootwear/SurfaceRay at=(-49.340294, 5.248932, -32.3795) held= busy=False registering=False registered=True heldPosition= heldPoseValid=False light= targetState= targetVisible= targetConcealed= modal=False pause=False focused=True physicsEnabled=True treePaused=False inputFrame=4363/4364 interactPresses=39 feedback= pickupProbe=
SaveGameV3 written to /Users/unterlantas/Library/Application Support/Godot/app_userdata/URMAN/savegames/checkpoint.savegame-v3.json
act1-facilities: facility transaction and existing checkpoint save finish; camera=(-48.787205, 6.482604, -33.378086) ray=(-0.3290674, -0.7339866, 0.5941197) hit=/root/Act1FacilitiesSmokeTest/Act1Demo/Main/ZoneHost/Act1ConnectedWorld/village-main-road/MosquePlayerFootwear shape=/root/Act1FacilitiesSmokeTest/Act1Demo/Main/ZoneHost/Act1ConnectedWorld/village-main-road/MosquePlayerFootwear/SurfaceRay at=(-49.340294, 5.248932, -32.3795) held= busy=False registering=False registered=True heldPosition= heldPoseValid=False light= targetState= targetVisible= targetConcealed= modal=False pause=False focused=True physicsEnabled=True treePaused=False inputFrame=4365/4369 interactPresses=40 feedback= pickupProbe=
act1-facilities: reentrant use during the real pending save is refused while the one ordinary removal finishes
act1-facilities: one committed removal: same body and single projected footwear choice
act1-facilities: one committed removal: the existing foot node retains its final ankle skin and local transform
act1-facilities: one committed removal: articulated ankle binding survives
act1-facilities: one committed removal: sole plane and top cuff keep their original height
act1-facilities: one committed removal: the existing foot node retains its final ankle skin and local transform
act1-facilities: one committed removal: articulated ankle binding survives
act1-facilities: one committed removal: sole plane and top cuff keep their original height
act1-facilities: one committed removal: one static pair on the shelf agrees with the two feet
act1-facilities: one committed removal: stored boot rests on the exact original lower shelf
act1-facilities: one committed removal: stored boot rests on the exact original lower shelf
act1-facilities: one committed removal: stored boot rests on the exact original lower shelf
act1-facilities: one committed removal: stored boot rests on the exact original lower shelf
act1-facilities: one committed removal: stored boot rests on the exact original lower shelf
act1-facilities: one committed removal: stored boot rests on the exact original lower shelf
act1-facilities: one committed removal: stored boot rests on the exact original lower shelf
act1-facilities: one committed removal: stored boot rests on the exact original lower shelf
state-final-render-sync-begin: label=facility/09f_player_socks tick=108493 drawn=6288 process=6288 physics=4378 windowVisible=True focus=True mode=Windowed renderLoop=True
state-final-render-sync-end: label=facility/09f_player_socks milliseconds=9 forcedScreenshotRender=False
act1-facility-materials: {"kind":"mosque-capture-materials","capture":"09f_player_socks","scope":"all-facilities","graphicsPreset":"medium","savedPreferencesPreset":"medium","textureLoadsSuppressed":false,"materials":[{"mesh":"/root/Act1FacilitiesSmokeTest/Act1Demo/Main/ZoneHost/Act1ConnectedWorld/Act1CoreWorldGreybox/VillageMosqueComplex/MosqueHallEastLeft","surface":0,"visible":true,"material":"ShaderMaterial","materialPath":"","materialId":9223372912961025484,"shaderPath":"","shaderId":9223372105473592378,"lowQuality":"false","hasAlbedoTexture":"true","textureStrength":"0.94999998807907","textureScale":"(1.5, 1.15)","texturePath":"res://assets/textures/painterly/aged_plaster_v3_albedo.png"},{"mesh":"/root/Act1FacilitiesSmokeTest/Act1Demo/Main/ZoneHost/Act1ConnectedWorld/Act1CoreWorldGreybox/VillageMosqueComplex/MosqueInterior/MosqueTimberFloor","surface":0,"visible":true,"material":"ShaderMaterial","materialPath":"","materialId":9223374477335796844,"shaderPath":"","shaderId":9223372105473592378,"lowQuality":"false","hasAlbedoTexture":"true","textureStrength":"0.9200000166893","textureScale":"(0.95, 0.95)","texturePath":"res://assets/textures/painterly/weathered_wood_boards_v3_albedo.png"},{"mesh":"/root/Act1FacilitiesSmokeTest/Act1Demo/Main/ZoneHost/Act1ConnectedWorld/Act1CoreWorldGreybox/VillageMosqueComplex/MosqueInterior/Npc_timur_hazrat/TimurHazrat_Rig/Skeleton3D/TimurHazrat_CoatFrontPlacket_LOD0","surface":0,"visible":true,"material":"ShaderMaterial","materialPath":"","materialId":9223374395009994490,"shaderPath":"","shaderId":9223372105473592378,"lowQuality":"false","hasAlbedoTexture":"true","textureStrength":"0.87999999523163","textureScale":"(2.0, 2.0)","texturePath":"res://assets/textures/painterly/old_fabric_v3_albedo.png"},{"mesh":"/root/Act1FacilitiesSmokeTest/Act1Demo/Main/ZoneHost/Act1ConnectedWorld/Act1CoreWorldGreybox/VillageMosqueComplex/MosqueInterior/Npc_timur_hazrat/TimurHazrat_Rig/Skeleton3D/TimurHazrat_CoatFrontPlacket_LOD1","surface":0,"visible":true,"material":"ShaderMaterial","materialPath":"","materialId":9223374395009994490,"shaderPath":"","shaderId":9223372105473592378,"lowQuality":"false","hasAlbedoTexture":"true","textureStrength":"0.87999999523163","textureScale":"(2.0, 2.0)","texturePath":"res://assets/textures/painterly/old_fabric_v3_albedo.png"},{"mesh":"/root/Act1FacilitiesSmokeTest/Act1Demo/Main/ZoneHost/Act1ConnectedWorld/Act1CoreWorldGreybox/VillageMosqueComplex/MosqueInterior/Npc_timur_hazrat/TimurHazrat_Rig/Skeleton3D/TimurHazrat_CoatHem_LOD0","surface":0,"visible":true,"material":"ShaderMaterial","materialPath":"","materialId":9223374394976440057,"shaderPath":"","shaderId":9223372105473592378,"lowQuality":"false","hasAlbedoTexture":"true","textureStrength":"0.87999999523163","textureScale":"(2.0, 2.0)","texturePath":"res://assets/textures/painterly/old_fabric_v3_albedo.png"}],"stateChangedByObservation":false,"foregroundPerformanceMeasured":false}
act1-facility-camera: {"kind":"native-game-camera","file":"/Users/unterlantas/Documents/GitHub/URMAN/docs/production/act1_takeover_evidence_2026-09-16/images-facilities-11/09f_player_socks.png","focus":true,"intendedAim":"(-49.010082, 4.822604, -32.97569)","cameraBefore":"[X: (-0.87478083, 0, -0.48451883), Y: (-0.46692294, 0.267046, 0.8430121), Z: (0.12938882, 0.9636838, -0.23360673), O: (-48.787205, 6.482604, -33.378086)]","cameraAfter":"[X: (-0.87478083, 0, -0.48451883), Y: (-0.46692294, 0.267046, 0.8430121), Z: (0.12938882, 0.9636838, -0.23360673), O: (-48.787205, 6.482604, -33.378086)]","cameraUnchangedDuringRender":true,"cameraTravel":0,"cameraForwardDot":1,"frameBefore":6288,"frameAfter":6288,"intendedAimDot":1.0000001,"humanArtReview":"not-run"}
act1-facilities: 09f_player_socks: the actual camera retains the intended view across the rendered frame
state-final-render-sync-begin: label=facility/09f_player_boots_on_shelf tick=108770 drawn=6289 process=6289 physics=4386 windowVisible=True focus=True mode=Windowed renderLoop=True
state-final-render-sync-end: label=facility/09f_player_boots_on_shelf milliseconds=9 forcedScreenshotRender=False
act1-facility-materials: {"kind":"mosque-capture-materials","capture":"09f_player_boots_on_shelf","scope":"all-facilities","graphicsPreset":"medium","savedPreferencesPreset":"medium","textureLoadsSuppressed":false,"materials":[{"mesh":"/root/Act1FacilitiesSmokeTest/Act1Demo/Main/ZoneHost/Act1ConnectedWorld/Act1CoreWorldGreybox/VillageMosqueComplex/MosqueHallEastLeft","surface":0,"visible":true,"material":"ShaderMaterial","materialPath":"","materialId":9223372912961025484,"shaderPath":"","shaderId":9223372105473592378,"lowQuality":"false","hasAlbedoTexture":"true","textureStrength":"0.94999998807907","textureScale":"(1.5, 1.15)","texturePath":"res://assets/textures/painterly/aged_plaster_v3_albedo.png"},{"mesh":"/root/Act1FacilitiesSmokeTest/Act1Demo/Main/ZoneHost/Act1ConnectedWorld/Act1CoreWorldGreybox/VillageMosqueComplex/MosqueInterior/MosqueTimberFloor","surface":0,"visible":true,"material":"ShaderMaterial","materialPath":"","materialId":9223374477335796844,"shaderPath":"","shaderId":9223372105473592378,"lowQuality":"false","hasAlbedoTexture":"true","textureStrength":"0.9200000166893","textureScale":"(0.95, 0.95)","texturePath":"res://assets/textures/painterly/weathered_wood_boards_v3_albedo.png"},{"mesh":"/root/Act1FacilitiesSmokeTest/Act1Demo/Main/ZoneHost/Act1ConnectedWorld/Act1CoreWorldGreybox/VillageMosqueComplex/MosqueInterior/Npc_timur_hazrat/TimurHazrat_Rig/Skeleton3D/TimurHazrat_CoatFrontPlacket_LOD0","surface":0,"visible":true,"material":"ShaderMaterial","materialPath":"","materialId":9223374395009994490,"shaderPath":"","shaderId":9223372105473592378,"lowQuality":"false","hasAlbedoTexture":"true","textureStrength":"0.87999999523163","textureScale":"(2.0, 2.0)","texturePath":"res://assets/textures/painterly/old_fabric_v3_albedo.png"},{"mesh":"/root/Act1FacilitiesSmokeTest/Act1Demo/Main/ZoneHost/Act1ConnectedWorld/Act1CoreWorldGreybox/VillageMosqueComplex/MosqueInterior/Npc_timur_hazrat/TimurHazrat_Rig/Skeleton3D/TimurHazrat_CoatFrontPlacket_LOD1","surface":0,"visible":true,"material":"ShaderMaterial","materialPath":"","materialId":9223374395009994490,"shaderPath":"","shaderId":9223372105473592378,"lowQuality":"false","hasAlbedoTexture":"true","textureStrength":"0.87999999523163","textureScale":"(2.0, 2.0)","texturePath":"res://assets/textures/painterly/old_fabric_v3_albedo.png"},{"mesh":"/root/Act1FacilitiesSmokeTest/Act1Demo/Main/ZoneHost/Act1ConnectedWorld/Act1CoreWorldGreybox/VillageMosqueComplex/MosqueInterior/Npc_timur_hazrat/TimurHazrat_Rig/Skeleton3D/TimurHazrat_CoatHem_LOD0","surface":0,"visible":true,"material":"ShaderMaterial","materialPath":"","materialId":9223374394976440057,"shaderPath":"","shaderId":9223372105473592378,"lowQuality":"false","hasAlbedoTexture":"true","textureStrength":"0.87999999523163","textureScale":"(2.0, 2.0)","texturePath":"res://assets/textures/painterly/old_fabric_v3_albedo.png"}],"stateChangedByObservation":false,"foregroundPerformanceMeasured":false}
act1-facility-camera: {"kind":"native-game-camera","file":"/Users/unterlantas/Documents/GitHub/URMAN/docs/production/act1_takeover_evidence_2026-09-16/images-facilities-11/09f_player_boots_on_shelf.png","focus":true,"intendedAim":"(-49.35, 4.982295, -31.56)","cameraBefore":"[X: (-0.94990337, 0, -0.3125438), Y: (-0.19370617, 0.7847812, 0.5887243), Z: (0.24527852, 0.61977285, -0.74546635), O: (-48.756252, 6.482604, -33.364563)]","cameraAfter":"[X: (-0.94990337, 0, -0.3125438), Y: (-0.19370617, 0.7847812, 0.5887243), Z: (0.24527852, 0.61977285, -0.74546635), O: (-48.756252, 6.482604, -33.364563)]","cameraUnchangedDuringRender":true,"cameraTravel":0,"cameraForwardDot":1,"frameBefore":6289,"frameAfter":6289,"intendedAimDot":1,"humanArtReview":"not-run"}
act1-facilities: 09f_player_boots_on_shelf: the actual camera retains the intended view across the rendered frame
SaveGameV3 written to /Users/unterlantas/Library/Application Support/Godot/app_userdata/URMAN/savegames/facilities-footwear-removed.savegame-v3.json
act1-facilities: save the attained sock-and-shelf state through the normal store
act1-facilities: pending action is finished before loading facilities-footwear-legacy; camera=(-48.756252, 6.482604, -33.364563) ray=(-0.24527851, -0.61977285, 0.74546635) hit=/root/Act1FacilitiesSmokeTest/Act1Demo/Main/ZoneHost/Act1ConnectedWorld/Act1CoreWorldGreybox/VillageMosqueComplex/MosqueInterior/MosqueShoeBench/Seat2Body shape=/root/Act1FacilitiesSmokeTest/Act1Demo/Main/ZoneHost/Act1ConnectedWorld/Act1CoreWorldGreybox/VillageMosqueComplex/MosqueInterior/MosqueShoeBench/Seat2Body/Contact at=(-49.242165, 5.2547956, -31.887747) held= busy=False registering=False registered=True heldPosition= heldPoseValid=False light= targetState= targetVisible= targetConcealed= modal=False pause=False focused=True physicsEnabled=True treePaused=False inputFrame=4365/4397 interactPresses=40 feedback= pickupProbe=
zone-loaded: village_day@arrival connected-world=116886869495
SaveGameV3 restored.
act1-facilities: load attained save facilities-footwear-legacy
act1-facilities: legacy slot restored: same body and single projected footwear choice
act1-facilities: legacy slot restored: the existing foot node retains its final ankle skin and local transform
act1-facilities: legacy slot restored: articulated ankle binding survives
act1-facilities: legacy slot restored: sole plane and top cuff keep their original height
act1-facilities: legacy slot restored: the existing foot node retains its final ankle skin and local transform
act1-facilities: legacy slot restored: articulated ankle binding survives
act1-facilities: legacy slot restored: sole plane and top cuff keep their original height
act1-facilities: legacy slot restored: one static pair on the shelf agrees with the two feet
act1-facilities: legacy slot restored: stored boot rests on the exact original lower shelf
act1-facilities: legacy slot restored: stored boot rests on the exact original lower shelf
act1-facilities: legacy slot restored: stored boot rests on the exact original lower shelf
act1-facilities: legacy slot restored: stored boot rests on the exact original lower shelf
act1-facilities: legacy slot restored: stored boot rests on the exact original lower shelf
act1-facilities: legacy slot restored: stored boot rests on the exact original lower shelf
act1-facilities: legacy slot restored: stored boot rests on the exact original lower shelf
act1-facilities: legacy slot restored: stored boot rests on the exact original lower shelf
act1-facilities: pending action is finished before loading facilities-footwear-removed; camera=(-48.767105, 6.482604, -33.37191) ray=(-0.3366136, -0.5892136, 0.7345193) hit=/root/Act1FacilitiesSmokeTest/Act1Demo/Main/ZoneHost/Act1ConnectedWorld/Act1CoreWorldGreybox/VillageMosqueComplex/MosqueInterior/MosqueShoeShelf0Body shape=/root/Act1FacilitiesSmokeTest/Act1Demo/Main/ZoneHost/Act1ConnectedWorld/Act1CoreWorldGreybox/VillageMosqueComplex/MosqueInterior/MosqueShoeShelf0Body/Contact at=(-49.64993, 4.9372954, -31.445513) held= busy=False registering=False registered=True heldPosition= heldPoseValid=False light= targetState= targetVisible= targetConcealed= modal=False pause=False focused=True physicsEnabled=True treePaused=False inputFrame=4410/4411 interactPresses=40 feedback= pickupProbe=
zone-loaded: village_day@arrival connected-world=116886869495
SaveGameV3 restored.
act1-facilities: load attained save facilities-footwear-removed
act1-facilities: removed slot restored 0: same body and single projected footwear choice
act1-facilities: removed slot restored 0: the existing foot node retains its final ankle skin and local transform
act1-facilities: removed slot restored 0: articulated ankle binding survives
act1-facilities: removed slot restored 0: sole plane and top cuff keep their original height
act1-facilities: removed slot restored 0: the existing foot node retains its final ankle skin and local transform
act1-facilities: removed slot restored 0: articulated ankle binding survives
act1-facilities: removed slot restored 0: sole plane and top cuff keep their original height
act1-facilities: removed slot restored 0: one static pair on the shelf agrees with the two feet
act1-facilities: removed slot restored 0: stored boot rests on the exact original lower shelf
act1-facilities: removed slot restored 0: stored boot rests on the exact original lower shelf
act1-facilities: removed slot restored 0: stored boot rests on the exact original lower shelf
act1-facilities: removed slot restored 0: stored boot rests on the exact original lower shelf
act1-facilities: removed slot restored 0: stored boot rests on the exact original lower shelf
act1-facilities: removed slot restored 0: stored boot rests on the exact original lower shelf
act1-facilities: removed slot restored 0: stored boot rests on the exact original lower shelf
act1-facilities: removed slot restored 0: stored boot rests on the exact original lower shelf
act1-facilities: pending action is finished before loading facilities-footwear-removed; camera=(-48.756252, 6.482604, -33.364563) ray=(-0.24527851, -0.61977285, 0.74546635) hit=/root/Act1FacilitiesSmokeTest/Act1Demo/Main/ZoneHost/Act1ConnectedWorld/Act1CoreWorldGreybox/VillageMosqueComplex/MosqueInterior/MosqueShoeBench/Seat2Body shape=/root/Act1FacilitiesSmokeTest/Act1Demo/Main/ZoneHost/Act1ConnectedWorld/Act1CoreWorldGreybox/VillageMosqueComplex/MosqueInterior/MosqueShoeBench/Seat2Body/Contact at=(-49.242165, 5.2547956, -31.887747) held= busy=False registering=False registered=True heldPosition= heldPoseValid=False light= targetState= targetVisible= targetConcealed= modal=False pause=False focused=True physicsEnabled=True treePaused=False inputFrame=4423/4424 interactPresses=40 feedback= pickupProbe=
zone-loaded: village_day@arrival connected-world=116886869495
SaveGameV3 restored.
act1-facilities: load attained save facilities-footwear-removed
act1-facilities: removed slot restored 1: same body and single projected footwear choice
act1-facilities: removed slot restored 1: the existing foot node retains its final ankle skin and local transform
act1-facilities: removed slot restored 1: articulated ankle binding survives
act1-facilities: removed slot restored 1: sole plane and top cuff keep their original height
act1-facilities: removed slot restored 1: the existing foot node retains its final ankle skin and local transform
act1-facilities: removed slot restored 1: articulated ankle binding survives
act1-facilities: removed slot restored 1: sole plane and top cuff keep their original height
act1-facilities: removed slot restored 1: one static pair on the shelf agrees with the two feet
act1-facilities: removed slot restored 1: stored boot rests on the exact original lower shelf
act1-facilities: removed slot restored 1: stored boot rests on the exact original lower shelf
act1-facilities: removed slot restored 1: stored boot rests on the exact original lower shelf
act1-facilities: removed slot restored 1: stored boot rests on the exact original lower shelf
act1-facilities: removed slot restored 1: stored boot rests on the exact original lower shelf
act1-facilities: removed slot restored 1: stored boot rests on the exact original lower shelf
act1-facilities: removed slot restored 1: stored boot rests on the exact original lower shelf
act1-facilities: removed slot restored 1: stored boot rests on the exact original lower shelf
act1-facilities: load and repeated projection rewrite neither source slot and duplicate no pair
act1-facilities: previous facility action finishes; camera=(-48.756252, 6.482604, -33.364563) ray=(-0.24527851, -0.61977285, 0.74546635) hit=/root/Act1FacilitiesSmokeTest/Act1Demo/Main/ZoneHost/Act1ConnectedWorld/Act1CoreWorldGreybox/VillageMosqueComplex/MosqueInterior/MosqueShoeBench/Seat2Body shape=/root/Act1FacilitiesSmokeTest/Act1Demo/Main/ZoneHost/Act1ConnectedWorld/Act1CoreWorldGreybox/VillageMosqueComplex/MosqueInterior/MosqueShoeBench/Seat2Body/Contact at=(-49.242165, 5.2547956, -31.887747) held= busy=False registering=False registered=True heldPosition= heldPoseValid=False light= targetState= targetVisible= targetConcealed= modal=False pause=False focused=True physicsEnabled=True treePaused=False inputFrame=4437/4437 interactPresses=40 feedback= pickupProbe=
act1-facilities: actual available aim at MosquePlayerFootwear; layer=4; camera=(-48.787205, 6.482604, -33.378086) ray=(-0.32906955, -0.73398614, 0.5941192) hit=/root/Act1FacilitiesSmokeTest/Act1Demo/Main/ZoneHost/Act1ConnectedWorld/village-main-road/MosquePlayerFootwear shape=/root/Act1FacilitiesSmokeTest/Act1Demo/Main/ZoneHost/Act1ConnectedWorld/village-main-road/MosquePlayerFootwear/SurfaceRay at=(-49.3403, 5.2489314, -32.3795) held= busy=False registering=False registered=True heldPosition= heldPoseValid=False light= targetState= targetVisible= targetConcealed= modal=False pause=False focused=True physicsEnabled=True treePaused=False inputFrame=4439/4440 interactPresses=40 feedback= pickupProbe=
SaveGameV3 written to /Users/unterlantas/Library/Application Support/Godot/app_userdata/URMAN/savegames/checkpoint.savegame-v3.json
act1-facilities: facility transaction and existing checkpoint save finish; camera=(-48.787205, 6.482604, -33.378086) ray=(-0.32906955, -0.73398614, 0.5941192) hit=/root/Act1FacilitiesSmokeTest/Act1Demo/Main/ZoneHost/Act1ConnectedWorld/village-main-road/MosquePlayerFootwear shape=/root/Act1FacilitiesSmokeTest/Act1Demo/Main/ZoneHost/Act1ConnectedWorld/village-main-road/MosquePlayerFootwear/SurfaceRay at=(-49.3403, 5.2489314, -32.3795) held= busy=False registering=False registered=True heldPosition= heldPoseValid=False light= targetState= targetVisible= targetConcealed= modal=False pause=False focused=True physicsEnabled=True treePaused=False inputFrame=4441/4445 interactPresses=41 feedback= pickupProbe=
act1-facilities: one further explicit use puts the same boots back on
act1-facilities: ordinary wear action: same body and single projected footwear choice
act1-facilities: ordinary wear action: the existing foot node retains its final ankle skin and local transform
act1-facilities: ordinary wear action: articulated ankle binding survives
act1-facilities: ordinary wear action: sole plane and top cuff keep their original height
act1-facilities: ordinary wear action: the existing foot node retains its final ankle skin and local transform
act1-facilities: ordinary wear action: articulated ankle binding survives
act1-facilities: ordinary wear action: sole plane and top cuff keep their original height
act1-facilities: ordinary wear action: one static pair on the shelf agrees with the two feet
act1-facilities: ordinary wear action: stored boot rests on the exact original lower shelf
act1-facilities: ordinary wear action: stored boot rests on the exact original lower shelf
act1-facilities: ordinary wear action: stored boot rests on the exact original lower shelf
act1-facilities: ordinary wear action: stored boot rests on the exact original lower shelf
act1-facilities: ordinary wear action: stored boot rests on the exact original lower shelf
act1-facilities: ordinary wear action: stored boot rests on the exact original lower shelf
act1-facilities: ordinary wear action: stored boot rests on the exact original lower shelf
act1-facilities: ordinary wear action: stored boot rests on the exact original lower shelf
state-final-render-sync-begin: label=facility/09f_player_boots_restored tick=110022 drawn=6352 process=6352 physics=4454 windowVisible=True focus=True mode=Windowed renderLoop=True
state-final-render-sync-end: label=facility/09f_player_boots_restored milliseconds=8 forcedScreenshotRender=False
act1-facility-materials: {"kind":"mosque-capture-materials","capture":"09f_player_boots_restored","scope":"all-facilities","graphicsPreset":"medium","savedPreferencesPreset":"medium","textureLoadsSuppressed":false,"materials":[{"mesh":"/root/Act1FacilitiesSmokeTest/Act1Demo/Main/ZoneHost/Act1ConnectedWorld/Act1CoreWorldGreybox/VillageMosqueComplex/MosqueHallEastLeft","surface":0,"visible":true,"material":"ShaderMaterial","materialPath":"","materialId":9223372912961025484,"shaderPath":"","shaderId":9223372105473592378,"lowQuality":"false","hasAlbedoTexture":"true","textureStrength":"0.94999998807907","textureScale":"(1.5, 1.15)","texturePath":"res://assets/textures/painterly/aged_plaster_v3_albedo.png"},{"mesh":"/root/Act1FacilitiesSmokeTest/Act1Demo/Main/ZoneHost/Act1ConnectedWorld/Act1CoreWorldGreybox/VillageMosqueComplex/MosqueInterior/MosqueTimberFloor","surface":0,"visible":true,"material":"ShaderMaterial","materialPath":"","materialId":9223374477335796844,"shaderPath":"","shaderId":9223372105473592378,"lowQuality":"false","hasAlbedoTexture":"true","textureStrength":"0.9200000166893","textureScale":"(0.95, 0.95)","texturePath":"res://assets/textures/painterly/weathered_wood_boards_v3_albedo.png"},{"mesh":"/root/Act1FacilitiesSmokeTest/Act1Demo/Main/ZoneHost/Act1ConnectedWorld/Act1CoreWorldGreybox/VillageMosqueComplex/MosqueInterior/Npc_timur_hazrat/TimurHazrat_Rig/Skeleton3D/TimurHazrat_CoatFrontPlacket_LOD0","surface":0,"visible":true,"material":"ShaderMaterial","materialPath":"","materialId":9223374395009994490,"shaderPath":"","shaderId":9223372105473592378,"lowQuality":"false","hasAlbedoTexture":"true","textureStrength":"0.87999999523163","textureScale":"(2.0, 2.0)","texturePath":"res://assets/textures/painterly/old_fabric_v3_albedo.png"},{"mesh":"/root/Act1FacilitiesSmokeTest/Act1Demo/Main/ZoneHost/Act1ConnectedWorld/Act1CoreWorldGreybox/VillageMosqueComplex/MosqueInterior/Npc_timur_hazrat/TimurHazrat_Rig/Skeleton3D/TimurHazrat_CoatFrontPlacket_LOD1","surface":0,"visible":true,"material":"ShaderMaterial","materialPath":"","materialId":9223374395009994490,"shaderPath":"","shaderId":9223372105473592378,"lowQuality":"false","hasAlbedoTexture":"true","textureStrength":"0.87999999523163","textureScale":"(2.0, 2.0)","texturePath":"res://assets/textures/painterly/old_fabric_v3_albedo.png"},{"mesh":"/root/Act1FacilitiesSmokeTest/Act1Demo/Main/ZoneHost/Act1ConnectedWorld/Act1CoreWorldGreybox/VillageMosqueComplex/MosqueInterior/Npc_timur_hazrat/TimurHazrat_Rig/Skeleton3D/TimurHazrat_CoatHem_LOD0","surface":0,"visible":true,"material":"ShaderMaterial","materialPath":"","materialId":9223374394976440057,"shaderPath":"","shaderId":9223372105473592378,"lowQuality":"false","hasAlbedoTexture":"true","textureStrength":"0.87999999523163","textureScale":"(2.0, 2.0)","texturePath":"res://assets/textures/painterly/old_fabric_v3_albedo.png"}],"stateChangedByObservation":false,"foregroundPerformanceMeasured":false}
act1-facility-camera: {"kind":"native-game-camera","file":"/Users/unterlantas/Documents/GitHub/URMAN/docs/production/act1_takeover_evidence_2026-09-16/images-facilities-11/09f_player_boots_restored.png","focus":true,"intendedAim":"(-49.010082, 4.822604, -32.975693)","cameraBefore":"[X: (-0.87477887, 0, -0.48452237), Y: (-0.4669266, 0.2670442, 0.84301066), Z: (0.12938888, 0.9636843, -0.23360461), O: (-48.787205, 6.482604, -33.378086)]","cameraAfter":"[X: (-0.87477887, 0, -0.48452237), Y: (-0.4669266, 0.2670442, 0.84301066), Z: (0.12938888, 0.9636843, -0.23360461), O: (-48.787205, 6.482604, -33.378086)]","cameraUnchangedDuringRender":true,"cameraTravel":0,"cameraForwardDot":1,"frameBefore":6352,"frameAfter":6352,"intendedAimDot":1,"humanArtReview":"not-run"}
act1-facilities: 09f_player_boots_restored: the actual camera retains the intended view across the rendered frame
act1-facilities: previous facility action finishes; camera=(-48.787205, 6.482604, -33.378086) ray=(-0.32906967, -0.7339861, 0.59411913) hit=/root/Act1FacilitiesSmokeTest/Act1Demo/Main/ZoneHost/Act1ConnectedWorld/village-main-road/MosquePlayerFootwear shape=/root/Act1FacilitiesSmokeTest/Act1Demo/Main/ZoneHost/Act1ConnectedWorld/village-main-road/MosquePlayerFootwear/SurfaceRay at=(-49.3403, 5.2489314, -32.3795) held= busy=False registering=False registered=True heldPosition= heldPoseValid=False light= targetState= targetVisible= targetConcealed= modal=False pause=False focused=True physicsEnabled=True treePaused=False inputFrame=4441/4462 interactPresses=41 feedback= pickupProbe=
act1-facilities: actual available aim at MosquePlayerFootwear; layer=4; camera=(-48.787205, 6.482604, -33.378086) ray=(-0.32906988, -0.73398703, 0.5941178) hit=/root/Act1FacilitiesSmokeTest/Act1Demo/Main/ZoneHost/Act1ConnectedWorld/village-main-road/MosquePlayerFootwear shape=/root/Act1FacilitiesSmokeTest/Act1Demo/Main/ZoneHost/Act1ConnectedWorld/village-main-road/MosquePlayerFootwear/SurfaceRay at=(-49.3403, 5.248927, -32.3795) held= busy=False registering=False registered=True heldPosition= heldPoseValid=False light= targetState= targetVisible= targetConcealed= modal=False pause=False focused=True physicsEnabled=True treePaused=False inputFrame=4441/4465 interactPresses=41 feedback= pickupProbe=
ERROR: SaveGameV3 write failed: The file '/Users/unterlantas/Library/Application Support/Godot/app_userdata/URMAN/footwear-write-fault-3382fa8400a44e0b8e15c9f30fa1c7c4/not-a-directory' already exists.
   at: void Urman.Godot.RuntimeBridge+<SaveSlotAsync>d__67.MoveNext() (res://scripts/RuntimeBridge.cs:192)
   C# backtrace (most recent call first):
       [0] void Godot.GD.PushError(string) (/root/godot/modules/mono/glue/GodotSharp/GodotSharp/Core/GD.cs:366)
       [1] void Urman.Godot.RuntimeBridge+<SaveSlotAsync>d__67.MoveNext() (/Users/unterlantas/Documents/GitHub/URMAN/game/scripts/RuntimeBridge.cs:192)
       [2] void System.Runtime.CompilerServices.AsyncTaskMethodBuilder`1.Start<TStateMachine>(TStateMachine&)
       [3] System.Threading.Tasks.Task`1[System.Boolean] Urman.Godot.RuntimeBridge.SaveSlotAsync(string)
       [4] void Urman.Godot.Act1ConnectedWorld+<CommitFacilityProps>d__621.MoveNext() (/Users/unterlantas/Documents/GitHub/URMAN/game/scripts/Act1ConnectedWorld.MosqueInterior.cs:428)
       [5] void System.Runtime.CompilerServices.AsyncTaskMethodBuilder`1.Start<TStateMachine>(TStateMachine&)
       [6] System.Threading.Tasks.Task`1[System.Boolean] Urman.Godot.Act1ConnectedWorld.CommitFacilityProps(System.Text.Json.Nodes.JsonArray, string, Godot.Vector3, string)
       [7] void Urman.Godot.Act1ConnectedWorld+<TogglePlayerFootwear>d__695.MoveNext() (/Users/unterlantas/Documents/GitHub/URMAN/game/scripts/Act1ConnectedWorld.PlayerFootwear.cs:72)
       [8] void System.Runtime.CompilerServices.AsyncTaskMethodBuilder.Start<TStateMachine>(TStateMachine&)
       [9] System.Threading.Tasks.Task Urman.Godot.Act1ConnectedWorld.TogglePlayerFootwear()
       [10] void Urman.Godot.Act1ConnectedWorld.<BuildPlayerFootwearPlace>b__692_0() (/Users/unterlantas/Documents/GitHub/URMAN/game/scripts/Act1ConnectedWorld.PlayerFootwear.cs:30)
       [11] void Urman.Godot.InteractionTarget+<Interact>d__62.MoveNext() (/Users/unterlantas/Documents/GitHub/URMAN/game/scripts/InteractionTarget.cs:120)
       [12] void System.Runtime.CompilerServices.AsyncVoidMethodBuilder.Start<TStateMachine>(TStateMachine&)
       [13] void Urman.Godot.InteractionTarget.Interact()
       [14] void Urman.Godot.FirstPersonController.UpdateInteraction() (/Users/unterlantas/Documents/GitHub/URMAN/game/scripts/FirstPersonController.cs:554)
       [15] void Urman.Godot.FirstPersonController._PhysicsProcess(double) (/Users/unterlantas/Documents/GitHub/URMAN/game/scripts/FirstPersonController.cs:365)
       [16] bool Godot.Node.InvokeGodotClassMethod(Godot.NativeInterop.godot_string_name&, Godot.NativeInterop.NativeVariantPtrArgs, Godot.NativeInterop.godot_variant&) (/root/godot/modules/mono/glue/GodotSharp/GodotSharp/Generated/GodotObjects/Node.cs:2648)
       [17] bool Godot.Node3D.InvokeGodotClassMethod(Godot.NativeInterop.godot_string_name&, Godot.NativeInterop.NativeVariantPtrArgs, Godot.NativeInterop.godot_variant&) (/root/godot/modules/mono/glue/GodotSharp/GodotSharp/Generated/GodotObjects/Node3D.cs:1127)
       [18] bool Godot.CollisionObject3D.InvokeGodotClassMethod(Godot.NativeInterop.godot_string_name&, Godot.NativeInterop.NativeVariantPtrArgs, Godot.NativeInterop.godot_variant&) (/root/godot/modules/mono/glue/GodotSharp/GodotSharp/Generated/GodotObjects/CollisionObject3D.cs:607)
       [19] bool Godot.PhysicsBody3D.InvokeGodotClassMethod(Godot.NativeInterop.godot_string_name&, Godot.NativeInterop.NativeVariantPtrArgs, Godot.NativeInterop.godot_variant&) (/root/godot/modules/mono/glue/GodotSharp/GodotSharp/Generated/GodotObjects/PhysicsBody3D.cs:239)
       [20] bool Godot.CharacterBody3D.InvokeGodotClassMethod(Godot.NativeInterop.godot_string_name&, Godot.NativeInterop.NativeVariantPtrArgs, Godot.NativeInterop.godot_variant&) (/root/godot/modules/mono/glue/GodotSharp/GodotSharp/Generated/GodotObjects/CharacterBody3D.cs:799)
       [21] bool Urman.Godot.FirstPersonController.InvokeGodotClassMethod(Godot.NativeInterop.godot_string_name&, Godot.NativeInterop.NativeVariantPtrArgs, Godot.NativeInterop.godot_variant&) (/Users/unterlantas/Documents/GitHub/URMAN/game/.godot/mono/temp/obj/Debug/Godot.SourceGenerators/Godot.SourceGenerators.ScriptMethodsGenerator/Urman.Godot.FirstPersonController_ScriptMethods.generated.cs:510)
       [22] Godot.NativeInterop.godot_bool Godot.Bridge.CSharpInstanceBridge.Call(nint, Godot.NativeInterop.godot_string_name*, Godot.NativeInterop.godot_variant**, int, Godot.NativeInterop.godot_variant_call_error*, Godot.NativeInterop.godot_variant*) (/root/godot/modules/mono/glue/GodotSharp/GodotSharp/Core/Bridge/CSharpInstanceBridge.cs:24)
act1-facilities: facility transaction and existing checkpoint save finish; camera=(-48.787205, 6.482604, -33.378086) ray=(-0.32906988, -0.73398703, 0.5941178) hit=/root/Act1FacilitiesSmokeTest/Act1Demo/Main/ZoneHost/Act1ConnectedWorld/village-main-road/MosquePlayerFootwear shape=/root/Act1FacilitiesSmokeTest/Act1Demo/Main/ZoneHost/Act1ConnectedWorld/village-main-road/MosquePlayerFootwear/SurfaceRay at=(-49.3403, 5.248927, -32.3795) held= busy=False registering=False registered=True heldPosition= heldPoseValid=False light= targetState= targetVisible= targetConcealed= modal=False pause=False focused=True physicsEnabled=True treePaused=False inputFrame=4466/4470 interactPresses=42 feedback= pickupProbe=
act1-facilities: live removal after checkpoint write refusal: same body and single projected footwear choice
act1-facilities: live removal after checkpoint write refusal: the existing foot node retains its final ankle skin and local transform
act1-facilities: live removal after checkpoint write refusal: articulated ankle binding survives
act1-facilities: live removal after checkpoint write refusal: sole plane and top cuff keep their original height
act1-facilities: live removal after checkpoint write refusal: the existing foot node retains its final ankle skin and local transform
act1-facilities: live removal after checkpoint write refusal: articulated ankle binding survives
act1-facilities: live removal after checkpoint write refusal: sole plane and top cuff keep their original height
act1-facilities: live removal after checkpoint write refusal: one static pair on the shelf agrees with the two feet
act1-facilities: live removal after checkpoint write refusal: stored boot rests on the exact original lower shelf
act1-facilities: live removal after checkpoint write refusal: stored boot rests on the exact original lower shelf
act1-facilities: live removal after checkpoint write refusal: stored boot rests on the exact original lower shelf
act1-facilities: live removal after checkpoint write refusal: stored boot rests on the exact original lower shelf
act1-facilities: live removal after checkpoint write refusal: stored boot rests on the exact original lower shelf
act1-facilities: live removal after checkpoint write refusal: stored boot rests on the exact original lower shelf
act1-facilities: live removal after checkpoint write refusal: stored boot rests on the exact original lower shelf
act1-facilities: live removal after checkpoint write refusal: stored boot rests on the exact original lower shelf
ERROR: SaveGameV3 write failed: The file '/Users/unterlantas/Library/Application Support/Godot/app_userdata/URMAN/footwear-write-fault-3382fa8400a44e0b8e15c9f30fa1c7c4/not-a-directory' already exists.
   at: void Urman.Godot.RuntimeBridge+<SaveSlotAsync>d__67.MoveNext() (res://scripts/RuntimeBridge.cs:192)
   C# backtrace (most recent call first):
       [0] void Godot.GD.PushError(string) (/root/godot/modules/mono/glue/GodotSharp/GodotSharp/Core/GD.cs:366)
       [1] void Urman.Godot.RuntimeBridge+<SaveSlotAsync>d__67.MoveNext() (/Users/unterlantas/Documents/GitHub/URMAN/game/scripts/RuntimeBridge.cs:192)
       [2] void System.Runtime.CompilerServices.AsyncTaskMethodBuilder`1.Start<TStateMachine>(TStateMachine&)
       [3] System.Threading.Tasks.Task`1[System.Boolean] Urman.Godot.RuntimeBridge.SaveSlotAsync(string)
       [4] void Urman.Godot.Tests.Act1FacilitiesSmokeTest+<CheckPlayerFootwear>d__83.MoveNext() (/Users/unterlantas/Documents/GitHub/URMAN/game/tests/Act1FacilitiesSmokeTest.PlayerFootwear.cs:97)
       [5] void System.Threading.ExecutionContext.RunInternal(System.Threading.ExecutionContext, System.Threading.ContextCallback, object)
       [6] void System.Threading.Tasks.AwaitTaskContinuation.RunCallback(System.Threading.ContextCallback, object, System.Threading.Tasks.Task&)
       [7] void System.Threading.Tasks.Task.RunContinuations(object)
       [8] void System.Runtime.CompilerServices.AsyncTaskMethodBuilder.SetResult()
       [9] void Urman.Godot.Tests.Act1FacilitiesSmokeTest+<Use>d__37.MoveNext() (/Users/unterlantas/Documents/GitHub/URMAN/game/tests/Act1FacilitiesSmokeTest.cs:792)
       [10] void System.Threading.ExecutionContext.RunInternal(System.Threading.ExecutionContext, System.Threading.ContextCallback, object)
       [11] void System.Threading.Tasks.AwaitTaskContinuation.RunCallback(System.Threading.ContextCallback, object, System.Threading.Tasks.Task&)
       [12] void System.Threading.Tasks.Task.RunContinuations(object)
       [13] void System.Runtime.CompilerServices.AsyncTaskMethodBuilder.SetResult()
       [14] void Urman.Godot.Tests.Act1FacilitiesSmokeTest+<Frames>d__68.MoveNext() (/Users/unterlantas/Documents/GitHub/URMAN/game/tests/Act1FacilitiesSmokeTest.cs:1219)
       [15] void System.Threading.ExecutionContext.RunInternal(System.Threading.ExecutionContext, System.Threading.ContextCallback, object)
       [16] void System.Runtime.CompilerServices.AsyncTaskMethodBuilder`1+AsyncStateMachineBox`1.MoveNext()
       [17] void Godot.SignalAwaiter.SignalCallback(nint, Godot.NativeInterop.godot_variant**, int, Godot.NativeInterop.godot_bool*) (/root/godot/modules/mono/glue/GodotSharp/GodotSharp/Core/SignalAwaiter.cs:65)
act1-facilities: explicit save reports the actual test-owned disk failure
act1-facilities: failed save touches neither earlier real slot
act1-facilities: walk away before obstructing only the old saved stance; actual=(-48.699997, 4.782604, -35.235565), expected=(-48.7, 4.782295, -35.3), grounded=True, settledFrames=3, waitedFrames=3, distance=0,06443405
act1-facilities: test obstacle blocks the old saved capsule while the walked rollback position remains clear
zone-loaded: village_day@arrival connected-world=116886869495
ERROR: SaveGameV3 load failed: The loaded player's physical position is blocked.
   at: void Urman.Godot.RuntimeBridge+<LoadFromStoreAsync>d__81.MoveNext() (res://scripts/RuntimeBridge.cs:385)
   C# backtrace (most recent call first):
       [0] void Godot.GD.PushError(string) (/root/godot/modules/mono/glue/GodotSharp/GodotSharp/Core/GD.cs:366)
       [1] void Urman.Godot.RuntimeBridge+<LoadFromStoreAsync>d__81.MoveNext() (/Users/unterlantas/Documents/GitHub/URMAN/game/scripts/RuntimeBridge.cs:385)
       [2] void System.Threading.ExecutionContext.RunInternal(System.Threading.ExecutionContext, System.Threading.ContextCallback, object)
       [3] void System.Runtime.CompilerServices.AsyncTaskMethodBuilder`1+AsyncStateMachineBox`1.MoveNext()
       [4] void System.Threading.Tasks.AwaitTaskContinuation.RunCallback(System.Threading.ContextCallback, object, System.Threading.Tasks.Task&)
       [5] void System.Threading.Tasks.Task.RunContinuations(object)
       [6] void System.Threading.Tasks.Task.FinishSlow(bool)
       [7] bool System.Threading.Tasks.Task.TrySetException(object)
       [8] void System.Runtime.CompilerServices.AsyncTaskMethodBuilder`1.SetException(System.Exception, System.Threading.Tasks.Task`1[TResult]&)
       [9] void Urman.Godot.RuntimeBridge+<RestoreLoadedWorldAsync>d__82.MoveNext() (/Users/unterlantas/Documents/GitHub/URMAN/game/scripts/RuntimeBridge.cs:462)
       [10] void System.Threading.ExecutionContext.RunInternal(System.Threading.ExecutionContext, System.Threading.ContextCallback, object)
       [11] void System.Threading.Tasks.AwaitTaskContinuation.RunCallback(System.Threading.ContextCallback, object, System.Threading.Tasks.Task&)
       [12] void System.Threading.Tasks.Task.RunContinuations(object)
       [13] void System.Runtime.CompilerServices.AsyncTaskMethodBuilder.SetResult()
       [14] void Urman.Godot.RuntimeBridge+<ProjectPhysicalWorldAsync>d__83.MoveNext() (/Users/unterlantas/Documents/GitHub/URMAN/game/scripts/RuntimeBridge.cs:478)
       [15] void System.Threading.ExecutionContext.RunInternal(System.Threading.ExecutionContext, System.Threading.ContextCallback, object)
       [16] void System.Threading.Tasks.AwaitTaskContinuation.RunCallback(System.Threading.ContextCallback, object, System.Threading.Tasks.Task&)
       [17] void System.Threading.Tasks.Task.RunContinuations(object)
       [18] void System.Runtime.CompilerServices.AsyncTaskMethodBuilder`1.SetExistingTaskResult(System.Threading.Tasks.Task`1[TResult], TResult)
       [19] void Urman.Godot.VehicleFleet+<CompleteLoadedProjectionAsync>d__44.MoveNext() (/Users/unterlantas/Documents/GitHub/URMAN/game/scripts/VehicleFleet.cs:234)
       [20] void System.Threading.ExecutionContext.RunInternal(System.Threading.ExecutionContext, System.Threading.ContextCallback, object)
       [21] void System.Runtime.CompilerServices.AsyncTaskMethodBuilder`1+AsyncStateMachineBox`1.MoveNext()
       [22] void Godot.SignalAwaiter.SignalCallback(nint, Godot.NativeInterop.godot_variant**, int, Godot.NativeInterop.godot_bool*) (/root/godot/modules/mono/glue/GodotSharp/GodotSharp/Core/SignalAwaiter.cs:65)
zone-loaded: village_day@arrival connected-world=116886869495
SaveGameV3 rejected the loaded placement; the previous session was restored.
act1-facilities: the actual physical load rejects the blocked earlier stance
act1-facilities: failed physical load recreates the prior live session at its actual free position
act1-facilities: physical rollback returns the live removed pair after projecting an older worn state: same body and single projected footwear choice
act1-facilities: physical rollback returns the live removed pair after projecting an older worn state: the existing foot node retains its final ankle skin and local transform
act1-facilities: physical rollback returns the live removed pair after projecting an older worn state: articulated ankle binding survives
act1-facilities: physical rollback returns the live removed pair after projecting an older worn state: sole plane and top cuff keep their original height
act1-facilities: physical rollback returns the live removed pair after projecting an older worn state: the existing foot node retains its final ankle skin and local transform
act1-facilities: physical rollback returns the live removed pair after projecting an older worn state: articulated ankle binding survives
act1-facilities: physical rollback returns the live removed pair after projecting an older worn state: sole plane and top cuff keep their original height
act1-facilities: physical rollback returns the live removed pair after projecting an older worn state: one static pair on the shelf agrees with the two feet
act1-facilities: physical rollback returns the live removed pair after projecting an older worn state: stored boot rests on the exact original lower shelf
act1-facilities: physical rollback returns the live removed pair after projecting an older worn state: stored boot rests on the exact original lower shelf
act1-facilities: physical rollback returns the live removed pair after projecting an older worn state: stored boot rests on the exact original lower shelf
act1-facilities: physical rollback returns the live removed pair after projecting an older worn state: stored boot rests on the exact original lower shelf
act1-facilities: physical rollback returns the live removed pair after projecting an older worn state: stored boot rests on the exact original lower shelf
act1-facilities: physical rollback returns the live removed pair after projecting an older worn state: stored boot rests on the exact original lower shelf
act1-facilities: physical rollback returns the live removed pair after projecting an older worn state: stored boot rests on the exact original lower shelf
act1-facilities: physical rollback returns the live removed pair after projecting an older worn state: stored boot rests on the exact original lower shelf
state-final-render-sync-begin: label=facility/09f_player_footwear_after_rollback tick=111317 drawn=6430 process=6430 physics=4526 windowVisible=True focus=True mode=Windowed renderLoop=True
state-final-render-sync-end: label=facility/09f_player_footwear_after_rollback milliseconds=11 forcedScreenshotRender=False
act1-facility-materials: {"kind":"mosque-capture-materials","capture":"09f_player_footwear_after_rollback","scope":"all-facilities","graphicsPreset":"medium","savedPreferencesPreset":"medium","textureLoadsSuppressed":false,"materials":[{"mesh":"/root/Act1FacilitiesSmokeTest/Act1Demo/Main/ZoneHost/Act1ConnectedWorld/Act1CoreWorldGreybox/VillageMosqueComplex/MosqueHallEastLeft","surface":0,"visible":true,"material":"ShaderMaterial","materialPath":"","materialId":9223372912961025484,"shaderPath":"","shaderId":9223372105473592378,"lowQuality":"false","hasAlbedoTexture":"true","textureStrength":"0.94999998807907","textureScale":"(1.5, 1.15)","texturePath":"res://assets/textures/painterly/aged_plaster_v3_albedo.png"},{"mesh":"/root/Act1FacilitiesSmokeTest/Act1Demo/Main/ZoneHost/Act1ConnectedWorld/Act1CoreWorldGreybox/VillageMosqueComplex/MosqueInterior/MosqueTimberFloor","surface":0,"visible":true,"material":"ShaderMaterial","materialPath":"","materialId":9223374477335796844,"shaderPath":"","shaderId":9223372105473592378,"lowQuality":"false","hasAlbedoTexture":"true","textureStrength":"0.9200000166893","textureScale":"(0.95, 0.95)","texturePath":"res://assets/textures/painterly/weathered_wood_boards_v3_albedo.png"},{"mesh":"/root/Act1FacilitiesSmokeTest/Act1Demo/Main/ZoneHost/Act1ConnectedWorld/Act1CoreWorldGreybox/VillageMosqueComplex/MosqueInterior/Npc_timur_hazrat/TimurHazrat_Rig/Skeleton3D/TimurHazrat_CoatFrontPlacket_LOD0","surface":0,"visible":true,"material":"ShaderMaterial","materialPath":"","materialId":9223374395009994490,"shaderPath":"","shaderId":9223372105473592378,"lowQuality":"false","hasAlbedoTexture":"true","textureStrength":"0.87999999523163","textureScale":"(2.0, 2.0)","texturePath":"res://assets/textures/painterly/old_fabric_v3_albedo.png"},{"mesh":"/root/Act1FacilitiesSmokeTest/Act1Demo/Main/ZoneHost/Act1ConnectedWorld/Act1CoreWorldGreybox/VillageMosqueComplex/MosqueInterior/Npc_timur_hazrat/TimurHazrat_Rig/Skeleton3D/TimurHazrat_CoatFrontPlacket_LOD1","surface":0,"visible":true,"material":"ShaderMaterial","materialPath":"","materialId":9223374395009994490,"shaderPath":"","shaderId":9223372105473592378,"lowQuality":"false","hasAlbedoTexture":"true","textureStrength":"0.87999999523163","textureScale":"(2.0, 2.0)","texturePath":"res://assets/textures/painterly/old_fabric_v3_albedo.png"},{"mesh":"/root/Act1FacilitiesSmokeTest/Act1Demo/Main/ZoneHost/Act1ConnectedWorld/Act1CoreWorldGreybox/VillageMosqueComplex/MosqueInterior/Npc_timur_hazrat/TimurHazrat_Rig/Skeleton3D/TimurHazrat_CoatHem_LOD0","surface":0,"visible":true,"material":"ShaderMaterial","materialPath":"","materialId":9223374394976440057,"shaderPath":"","shaderId":9223372105473592378,"lowQuality":"false","hasAlbedoTexture":"true","textureStrength":"0.87999999523163","textureScale":"(2.0, 2.0)","texturePath":"res://assets/textures/painterly/old_fabric_v3_albedo.png"}],"stateChangedByObservation":false,"foregroundPerformanceMeasured":false}
act1-facility-camera: {"kind":"native-game-camera","file":"/Users/unterlantas/Documents/GitHub/URMAN/docs/production/act1_takeover_evidence_2026-09-16/images-facilities-11/09f_player_footwear_after_rollback.png","focus":true,"intendedAim":"(-49.35, 4.982295, -31.56)","cameraBefore":"[X: (-0.98472065, 0, -0.17414181), Y: (-0.06774816, 0.9212208, 0.3830959), Z: (0.16042306, 0.3890402, -0.9071451), O: (-48.731342, 6.482604, -35.058315)]","cameraAfter":"[X: (-0.98472065, 0, -0.17414181), Y: (-0.06774816, 0.9212208, 0.3830959), Z: (0.16042306, 0.3890402, -0.9071451), O: (-48.731342, 6.482604, -35.058315)]","cameraUnchangedDuringRender":true,"cameraTravel":0,"cameraForwardDot":1,"frameBefore":6430,"frameAfter":6430,"intendedAimDot":1,"humanArtReview":"not-run"}
act1-facilities: 09f_player_footwear_after_rollback: the actual camera retains the intended view across the rendered frame
act1-facilities: pending action is finished before loading facilities-footwear-legacy; camera=(-48.731342, 6.482604, -35.058315) ray=(-0.16042304, -0.3890402, 0.9071451) hit= shape= at=(0, 0, 0) held= busy=False registering=False registered=True heldPosition= heldPoseValid=False light= targetState= targetVisible= targetConcealed= modal=False pause=False focused=True physicsEnabled=True treePaused=False inputFrame=4528/4529 interactPresses=42 feedback= pickupProbe=
zone-loaded: village_day@arrival connected-world=116886869495
SaveGameV3 restored.
act1-facilities: load attained save facilities-footwear-legacy
act1-facilities: the held-light fixture uses the ordinary interaction passthrough
act1-facilities: the occupied-hands refusal uses the real acquired portable lantern
act1-facilities: supported local start fits standing capsule: explicit shoe-bench refusal fixture with the normally acquired lantern
act1-facilities: local start settles on real support: explicit shoe-bench refusal fixture with the normally acquired lantern
act1-facilities: held lantern has a real pose and leaves the bench interaction ray clear
act1-facilities: previous facility action finishes; camera=(-48.789276, 6.4829197, -33.3437) ray=(-0.33187363, -0.74314696, 0.58102715) hit=/root/Act1FacilitiesSmokeTest/Act1Demo/Main/ZoneHost/Act1ConnectedWorld/village-main-road/MosquePlayerFootwear shape=/root/Act1FacilitiesSmokeTest/Act1Demo/Main/ZoneHost/Act1ConnectedWorld/village-main-road/MosquePlayerFootwear/SurfaceRay at=(-49.34001, 5.249685, -32.3795) held=carry-lantern busy=False registering=False registered=True heldPosition=(-49.17614, 6.0429196, -32.6664) heldPoseValid=True light=False targetState= targetVisible= targetConcealed= modal=False pause=False focused=True physicsEnabled=True treePaused=False inputFrame=4569/4570 interactPresses=43 feedback= pickupProbe=item=carry-lantern source=[X: (1, 0, 0), Y: (0, 1, 0), Z: (0, 0, 1), O: (-31.529999, 1.0847436, 1.54)] size=(0.22, 0.39, 0.22); path=direct; accepted=(-31.529999, 1.6505122, 1.7300017);
act1-facilities: actual available aim at MosquePlayerFootwear; layer=4; camera=(-48.789276, 6.4829197, -33.3437) ray=(-0.33186918, -0.74314696, 0.5810296) hit=/root/Act1FacilitiesSmokeTest/Act1Demo/Main/ZoneHost/Act1ConnectedWorld/village-main-road/MosquePlayerFootwear shape=/root/Act1FacilitiesSmokeTest/Act1Demo/Main/ZoneHost/Act1ConnectedWorld/village-main-road/MosquePlayerFootwear/SurfaceRay at=(-49.340004, 5.249689, -32.3795) held=carry-lantern busy=False registering=False registered=True heldPosition=(-49.176136, 6.0429196, -32.666397) heldPoseValid=True light=False targetState= targetVisible= targetConcealed= modal=False pause=False focused=True physicsEnabled=True treePaused=False inputFrame=4572/4573 interactPresses=43 feedback= pickupProbe=item=carry-lantern source=[X: (1, 0, 0), Y: (0, 1, 0), Z: (0, 0, 1), O: (-31.529999, 1.0847436, 1.54)] size=(0.22, 0.39, 0.22); path=direct; accepted=(-31.529999, 1.6505122, 1.7300017);
act1-facilities: facility transaction and existing checkpoint save finish; camera=(-48.789276, 6.4829197, -33.3437) ray=(-0.33186918, -0.74314696, 0.5810296) hit=/root/Act1FacilitiesSmokeTest/Act1Demo/Main/ZoneHost/Act1ConnectedWorld/village-main-road/MosquePlayerFootwear shape=/root/Act1FacilitiesSmokeTest/Act1Demo/Main/ZoneHost/Act1ConnectedWorld/village-main-road/MosquePlayerFootwear/SurfaceRay at=(-49.340004, 5.249689, -32.3795) held=carry-lantern busy=False registering=False registered=True heldPosition=(-49.176136, 6.0429196, -32.666397) heldPoseValid=True light=False targetState= targetVisible= targetConcealed= modal=False pause=False focused=True physicsEnabled=True treePaused=False inputFrame=4574/4578 interactPresses=44 feedback= pickupProbe=item=carry-lantern source=[X: (1, 0, 0), Y: (0, 1, 0), Z: (0, 0, 1), O: (-31.529999, 1.0847436, 1.54)] size=(0.22, 0.39, 0.22); path=direct; accepted=(-31.529999, 1.6505122, 1.7300017);
act1-facilities: occupied hands refuse shoe removal without dropping the object or changing its custody
act1-facilities: occupied hands: same body and single projected footwear choice
act1-facilities: occupied hands: the existing foot node retains its final ankle skin and local transform
act1-facilities: occupied hands: articulated ankle binding survives
act1-facilities: occupied hands: sole plane and top cuff keep their original height
act1-facilities: occupied hands: the existing foot node retains its final ankle skin and local transform
act1-facilities: occupied hands: articulated ankle binding survives
act1-facilities: occupied hands: sole plane and top cuff keep their original height
act1-facilities: occupied hands: one static pair on the shelf agrees with the two feet
act1-facilities: occupied hands: stored boot rests on the exact original lower shelf
act1-facilities: occupied hands: stored boot rests on the exact original lower shelf
act1-facilities: occupied hands: stored boot rests on the exact original lower shelf
act1-facilities: occupied hands: stored boot rests on the exact original lower shelf
act1-facilities: occupied hands: stored boot rests on the exact original lower shelf
act1-facilities: occupied hands: stored boot rests on the exact original lower shelf
act1-facilities: occupied hands: stored boot rests on the exact original lower shelf
act1-facilities: occupied hands: stored boot rests on the exact original lower shelf
act1-facilities: pending action is finished before loading facilities-footwear-removed; camera=(-48.789276, 6.4829197, -33.3437) ray=(-0.33186918, -0.74314696, 0.5810296) hit=/root/Act1FacilitiesSmokeTest/Act1Demo/Main/ZoneHost/Act1ConnectedWorld/village-main-road/MosquePlayerFootwear shape=/root/Act1FacilitiesSmokeTest/Act1Demo/Main/ZoneHost/Act1ConnectedWorld/village-main-road/MosquePlayerFootwear/SurfaceRay at=(-49.340004, 5.249689, -32.3795) held=carry-lantern busy=False registering=False registered=True heldPosition=(-49.176136, 6.0429196, -32.666397) heldPoseValid=True light=False targetState= targetVisible= targetConcealed= modal=False pause=False focused=True physicsEnabled=True treePaused=False inputFrame=4574/4581 interactPresses=44 feedback= pickupProbe=item=carry-lantern source=[X: (1, 0, 0), Y: (0, 1, 0), Z: (0, 0, 1), O: (-31.529999, 1.0847436, 1.54)] size=(0.22, 0.39, 0.22); path=direct; accepted=(-31.529999, 1.6505122, 1.7300017);
zone-loaded: village_day@arrival connected-world=116886869495
SaveGameV3 restored.
act1-facilities: load attained save facilities-footwear-removed
act1-facilities: return in socks to the normal doorway approach; actual=(-48.7, 4.782604, -34.95223), expected=(-48.7, 4.782295, -35), grounded=True, settledFrames=3, waitedFrames=3, distance=0,047771454
act1-facilities: walk out normally while the saved shoes remain on their shelf; actual=(-46.395096, 4.782604, -35.244286), expected=(-46.35, 4.782295, -35.25), grounded=True, settledFrames=3, waitedFrames=3, distance=0,04545795
act1-facilities: exterior state remains explicit: same body and single projected footwear choice
act1-facilities: exterior state remains explicit: the existing foot node retains its final ankle skin and local transform
act1-facilities: exterior state remains explicit: articulated ankle binding survives
act1-facilities: exterior state remains explicit: sole plane and top cuff keep their original height
act1-facilities: exterior state remains explicit: the existing foot node retains its final ankle skin and local transform
act1-facilities: exterior state remains explicit: articulated ankle binding survives
act1-facilities: exterior state remains explicit: sole plane and top cuff keep their original height
act1-facilities: exterior state remains explicit: one static pair on the shelf agrees with the two feet
act1-facilities: exterior state remains explicit: stored boot rests on the exact original lower shelf
act1-facilities: exterior state remains explicit: stored boot rests on the exact original lower shelf
act1-facilities: exterior state remains explicit: stored boot rests on the exact original lower shelf
act1-facilities: exterior state remains explicit: stored boot rests on the exact original lower shelf
act1-facilities: exterior state remains explicit: stored boot rests on the exact original lower shelf
act1-facilities: exterior state remains explicit: stored boot rests on the exact original lower shelf
act1-facilities: exterior state remains explicit: stored boot rests on the exact original lower shelf
act1-facilities: exterior state remains explicit: stored boot rests on the exact original lower shelf
act1-facilities: return through the same open doorway without an automatic shoe change; actual=(-48.265118, 4.782604, -35.249752), expected=(-48.35, 4.782295, -35.25), grounded=True, settledFrames=3, waitedFrames=3, distance=0,084881194
act1-facilities: return to the shoe bench; actual=(-48.688824, 4.782604, -33.54498), expected=(-48.7, 4.782295, -33.5), grounded=True, settledFrames=3, waitedFrames=3, distance=0,046347015
act1-facilities: return preserves the explicit removal: same body and single projected footwear choice
act1-facilities: return preserves the explicit removal: the existing foot node retains its final ankle skin and local transform
act1-facilities: return preserves the explicit removal: articulated ankle binding survives
act1-facilities: return preserves the explicit removal: sole plane and top cuff keep their original height
act1-facilities: return preserves the explicit removal: the existing foot node retains its final ankle skin and local transform
act1-facilities: return preserves the explicit removal: articulated ankle binding survives
act1-facilities: return preserves the explicit removal: sole plane and top cuff keep their original height
act1-facilities: return preserves the explicit removal: one static pair on the shelf agrees with the two feet
act1-facilities: return preserves the explicit removal: stored boot rests on the exact original lower shelf
act1-facilities: return preserves the explicit removal: stored boot rests on the exact original lower shelf
act1-facilities: return preserves the explicit removal: stored boot rests on the exact original lower shelf
act1-facilities: return preserves the explicit removal: stored boot rests on the exact original lower shelf
act1-facilities: return preserves the explicit removal: stored boot rests on the exact original lower shelf
act1-facilities: return preserves the explicit removal: stored boot rests on the exact original lower shelf
act1-facilities: return preserves the explicit removal: stored boot rests on the exact original lower shelf
act1-facilities: return preserves the explicit removal: stored boot rests on the exact original lower shelf
act1-facilities: pending action is finished before loading facilities-footwear-legacy; camera=(-48.732235, 6.482604, -33.370296) ray=(-0.24118452, -0, 0.97047925) hit=/root/Act1FacilitiesSmokeTest/Act1Demo/Main/ZoneHost/Act1ConnectedWorld/Act1CoreWorldGreybox/VillageMosqueComplex/MosqueInterior/MosqueWindowPier1_4_4Body shape=/root/Act1FacilitiesSmokeTest/Act1Demo/Main/ZoneHost/Act1ConnectedWorld/Act1CoreWorldGreybox/VillageMosqueComplex/MosqueInterior/MosqueWindowPier1_4_4Body/Contact at=(-49.31509, 6.482604, -31.025) held= busy=False registering=False registered=True heldPosition= heldPoseValid=False light= targetState= targetVisible= targetConcealed= modal=False pause=False focused=True physicsEnabled=True treePaused=False inputFrame=4735/4736 interactPresses=44 feedback= pickupProbe=item=carry-lantern source=[X: (1, 0, 0), Y: (0, 1, 0), Z: (0, 0, 1), O: (-31.529999, 1.0847436, 1.54)] size=(0.22, 0.39, 0.22); path=direct; accepted=(-31.529999, 1.6505122, 1.7300017);
zone-loaded: village_day@arrival connected-world=116886869495
SaveGameV3 restored.
act1-facilities: load attained save facilities-footwear-legacy
act1-facilities: legacy hall fixture starts from the saved visit without a footwear property: same body and single projected footwear choice
act1-facilities: legacy hall fixture starts from the saved visit without a footwear property: the existing foot node retains its final ankle skin and local transform
act1-facilities: legacy hall fixture starts from the saved visit without a footwear property: articulated ankle binding survives
act1-facilities: legacy hall fixture starts from the saved visit without a footwear property: sole plane and top cuff keep their original height
act1-facilities: legacy hall fixture starts from the saved visit without a footwear property: the existing foot node retains its final ankle skin and local transform
act1-facilities: legacy hall fixture starts from the saved visit without a footwear property: articulated ankle binding survives
act1-facilities: legacy hall fixture starts from the saved visit without a footwear property: sole plane and top cuff keep their original height
act1-facilities: legacy hall fixture starts from the saved visit without a footwear property: one static pair on the shelf agrees with the two feet
act1-facilities: legacy hall fixture starts from the saved visit without a footwear property: stored boot rests on the exact original lower shelf
act1-facilities: legacy hall fixture starts from the saved visit without a footwear property: stored boot rests on the exact original lower shelf
act1-facilities: legacy hall fixture starts from the saved visit without a footwear property: stored boot rests on the exact original lower shelf
act1-facilities: legacy hall fixture starts from the saved visit without a footwear property: stored boot rests on the exact original lower shelf
act1-facilities: legacy hall fixture starts from the saved visit without a footwear property: stored boot rests on the exact original lower shelf
act1-facilities: legacy hall fixture starts from the saved visit without a footwear property: stored boot rests on the exact original lower shelf
act1-facilities: legacy hall fixture starts from the saved visit without a footwear property: stored boot rests on the exact original lower shelf
act1-facilities: legacy hall fixture starts from the saved visit without a footwear property: stored boot rests on the exact original lower shelf
act1-facilities: legacy support fixture starts with the real new carpet contact active
act1-facilities: legacy support fixture walks through the vestibule opening; actual=(-49.31907, 4.782604, -34.931152), expected=(-49.35, 4.782295, -35), grounded=True, settledFrames=3, waitedFrames=3, distance=0,07547607
act1-facilities: legacy support fixture reaches the original timber beneath the rug; actual=(-51.75478, 4.782604, -34.998745), expected=(-51.8, 4.782295, -35), grounded=True, settledFrames=3, waitedFrames=3, distance=0,045236833
act1-facilities: the old-support save is physically reached on the preserved timber, without editing player coordinates or flags
SaveGameV3 written to /Users/unterlantas/Library/Application Support/Godot/app_userdata/URMAN/savegames/facilities-legacy-timber-hall.savegame-v3.json
act1-facilities: save the normally reached pre-carpet-support position
act1-facilities: leave the changed support area before restoring its current contact; actual=(-49.43142, 4.782604, -34.999958), expected=(-49.35, 4.782295, -35), grounded=True, settledFrames=3, waitedFrames=3, distance=0,08142091
zone-loaded: village_day@arrival connected-world=116886869495
act1-loaded-floor-migration: mosque-timber-to-carpet from=Vector3Value { X = -51,75477981567383, Y = 4,782604217529297, Z = -34,99874496459961 } to=(-51.75478, 4.801795, -34.998745)
SaveGameV3 restored.
act1-facilities: load the actual old timber-support save against the current carpet: 0
act1-facilities: the bounded physical migration preserves horizontal placement and lands on the exact visible rug without cumulative lift
act1-facilities: old hall load retains default footwear 0: same body and single projected footwear choice
act1-facilities: old hall load retains default footwear 0: the existing foot node retains its final ankle skin and local transform
act1-facilities: old hall load retains default footwear 0: articulated ankle binding survives
act1-facilities: old hall load retains default footwear 0: sole plane and top cuff keep their original height
act1-facilities: old hall load retains default footwear 0: the existing foot node retains its final ankle skin and local transform
act1-facilities: old hall load retains default footwear 0: articulated ankle binding survives
act1-facilities: old hall load retains default footwear 0: sole plane and top cuff keep their original height
act1-facilities: old hall load retains default footwear 0: one static pair on the shelf agrees with the two feet
act1-facilities: old hall load retains default footwear 0: stored boot rests on the exact original lower shelf
act1-facilities: old hall load retains default footwear 0: stored boot rests on the exact original lower shelf
act1-facilities: old hall load retains default footwear 0: stored boot rests on the exact original lower shelf
act1-facilities: old hall load retains default footwear 0: stored boot rests on the exact original lower shelf
act1-facilities: old hall load retains default footwear 0: stored boot rests on the exact original lower shelf
act1-facilities: old hall load retains default footwear 0: stored boot rests on the exact original lower shelf
act1-facilities: old hall load retains default footwear 0: stored boot rests on the exact original lower shelf
act1-facilities: old hall load retains default footwear 0: stored boot rests on the exact original lower shelf
act1-facilities: projecting the old support does not rewrite its saved bytes
zone-loaded: village_day@arrival connected-world=116886869495
act1-loaded-floor-migration: mosque-timber-to-carpet from=Vector3Value { X = -51,75477981567383, Y = 4,782604217529297, Z = -34,99874496459961 } to=(-51.75478, 4.801795, -34.998745)
SaveGameV3 restored.
act1-facilities: load the actual old timber-support save against the current carpet: 1
act1-facilities: the bounded physical migration preserves horizontal placement and lands on the exact visible rug without cumulative lift
act1-facilities: old hall load retains default footwear 1: same body and single projected footwear choice
act1-facilities: old hall load retains default footwear 1: the existing foot node retains its final ankle skin and local transform
act1-facilities: old hall load retains default footwear 1: articulated ankle binding survives
act1-facilities: old hall load retains default footwear 1: sole plane and top cuff keep their original height
act1-facilities: old hall load retains default footwear 1: the existing foot node retains its final ankle skin and local transform
act1-facilities: old hall load retains default footwear 1: articulated ankle binding survives
act1-facilities: old hall load retains default footwear 1: sole plane and top cuff keep their original height
act1-facilities: old hall load retains default footwear 1: one static pair on the shelf agrees with the two feet
act1-facilities: old hall load retains default footwear 1: stored boot rests on the exact original lower shelf
act1-facilities: old hall load retains default footwear 1: stored boot rests on the exact original lower shelf
act1-facilities: old hall load retains default footwear 1: stored boot rests on the exact original lower shelf
act1-facilities: old hall load retains default footwear 1: stored boot rests on the exact original lower shelf
act1-facilities: old hall load retains default footwear 1: stored boot rests on the exact original lower shelf
act1-facilities: old hall load retains default footwear 1: stored boot rests on the exact original lower shelf
act1-facilities: old hall load retains default footwear 1: stored boot rests on the exact original lower shelf
act1-facilities: old hall load retains default footwear 1: stored boot rests on the exact original lower shelf
act1-facilities: projecting the old support does not rewrite its saved bytes
act1-facilities: pending action is finished before loading facilities-footwear-legacy; camera=(-51.934708, 6.4990025, -35.003746) ray=(-0.9996142, -0, -0.027776677) hit= shape= at=(0, 0, 0) held= busy=False registering=False registered=True heldPosition= heldPoseValid=False light= targetState= targetVisible= targetConcealed= modal=False pause=False focused=True physicsEnabled=True treePaused=False inputFrame=4899/4899 interactPresses=44 feedback= pickupProbe=item=carry-lantern source=[X: (1, 0, 0), Y: (0, 1, 0), Z: (0, 0, 1), O: (-31.529999, 1.0847436, 1.54)] size=(0.22, 0.39, 0.22); path=direct; accepted=(-31.529999, 1.6505122, 1.7300017);
zone-loaded: village_day@arrival connected-world=116886869495
SaveGameV3 restored.
act1-facilities: load attained save facilities-footwear-legacy
act1-facilities: footwear actions, failures and returning add no narrative knowledge
zone-loaded: village_day@arrival connected-world=116886869495
SaveGameV3 new game session started; existing slots untouched.
act1-facilities: ordinary New Game resets the single footwear fact
act1-facilities: new game: same body and single projected footwear choice
act1-facilities: new game: the existing foot node retains its final ankle skin and local transform
act1-facilities: new game: articulated ankle binding survives
act1-facilities: new game: sole plane and top cuff keep their original height
act1-facilities: new game: the existing foot node retains its final ankle skin and local transform
act1-facilities: new game: articulated ankle binding survives
act1-facilities: new game: sole plane and top cuff keep their original height
act1-facilities: new game: one static pair on the shelf agrees with the two feet
act1-facilities: new game: stored boot rests on the exact original lower shelf
act1-facilities: new game: stored boot rests on the exact original lower shelf
act1-facilities: new game: stored boot rests on the exact original lower shelf
act1-facilities: new game: stored boot rests on the exact original lower shelf
act1-facilities: new game: stored boot rests on the exact original lower shelf
act1-facilities: new game: stored boot rests on the exact original lower shelf
act1-facilities: new game: stored boot rests on the exact original lower shelf
act1-facilities: new game: stored boot rests on the exact original lower shelf
act1-facilities: pending action is finished before loading facilities-footwear-legacy; camera=(0, 1.354, 8.820002) ray=(-0, -0, -1) hit= shape= at=(0, 0, 0) held= busy=False registering=False registered=True heldPosition= heldPoseValid=False light= targetState= targetVisible= targetConcealed= modal=False pause=False focused=True physicsEnabled=True treePaused=False inputFrame=4923/4924 interactPresses=44 feedback= pickupProbe=item=carry-lantern source=[X: (1, 0, 0), Y: (0, 1, 0), Z: (0, 0, 1), O: (-31.529999, 1.0847436, 1.54)] size=(0.22, 0.39, 0.22); path=direct; accepted=(-31.529999, 1.6505122, 1.7300017);
zone-loaded: village_day@arrival connected-world=116886869495
SaveGameV3 restored.
act1-facilities: load attained save facilities-footwear-legacy
act1-facilities: restore the attained visit for the remaining facility proof: same body and single projected footwear choice
act1-facilities: restore the attained visit for the remaining facility proof: the existing foot node retains its final ankle skin and local transform
act1-facilities: restore the attained visit for the remaining facility proof: articulated ankle binding survives
act1-facilities: restore the attained visit for the remaining facility proof: sole plane and top cuff keep their original height
act1-facilities: restore the attained visit for the remaining facility proof: the existing foot node retains its final ankle skin and local transform
act1-facilities: restore the attained visit for the remaining facility proof: articulated ankle binding survives
act1-facilities: restore the attained visit for the remaining facility proof: sole plane and top cuff keep their original height
act1-facilities: restore the attained visit for the remaining facility proof: one static pair on the shelf agrees with the two feet
act1-facilities: restore the attained visit for the remaining facility proof: stored boot rests on the exact original lower shelf
act1-facilities: restore the attained visit for the remaining facility proof: stored boot rests on the exact original lower shelf
act1-facilities: restore the attained visit for the remaining facility proof: stored boot rests on the exact original lower shelf
act1-facilities: restore the attained visit for the remaining facility proof: stored boot rests on the exact original lower shelf
act1-facilities: restore the attained visit for the remaining facility proof: stored boot rests on the exact original lower shelf
act1-facilities: restore the attained visit for the remaining facility proof: stored boot rests on the exact original lower shelf
act1-facilities: restore the attained visit for the remaining facility proof: stored boot rests on the exact original lower shelf
act1-facilities: restore the attained visit for the remaining facility proof: stored boot rests on the exact original lower shelf
act1-facilities: return to the vestibule opening; actual=(-49.31907, 4.782604, -34.931152), expected=(-49.35, 4.782295, -35), grounded=True, settledFrames=3, waitedFrames=3, distance=0,07547607
act1-facilities: enter the mosque hall through the partition opening; actual=(-51.750034, 4.798826, -34.998615), expected=(-51.8, 4.782295, -35), grounded=True, settledFrames=3, waitedFrames=3, distance=0,04998409
act1-facilities: existing Timur and his existing conversation share the indoor physical anchor
state-final-render-sync-begin: label=facility/09_mosque_hall_timur tick=119617 drawn=7056 process=7056 physics=5015 windowVisible=True focus=True mode=Windowed renderLoop=True
state-final-render-sync-end: label=facility/09_mosque_hall_timur milliseconds=14 forcedScreenshotRender=False
act1-facility-materials: {"kind":"mosque-capture-materials","capture":"09_mosque_hall_timur","scope":"all-facilities","graphicsPreset":"medium","savedPreferencesPreset":"medium","textureLoadsSuppressed":false,"materials":[{"mesh":"/root/Act1FacilitiesSmokeTest/Act1Demo/Main/ZoneHost/Act1ConnectedWorld/Act1CoreWorldGreybox/VillageMosqueComplex/MosqueHallEastLeft","surface":0,"visible":true,"material":"ShaderMaterial","materialPath":"","materialId":9223372912961025484,"shaderPath":"","shaderId":9223372105473592378,"lowQuality":"false","hasAlbedoTexture":"true","textureStrength":"0.94999998807907","textureScale":"(1.5, 1.15)","texturePath":"res://assets/textures/painterly/aged_plaster_v3_albedo.png"},{"mesh":"/root/Act1FacilitiesSmokeTest/Act1Demo/Main/ZoneHost/Act1ConnectedWorld/Act1CoreWorldGreybox/VillageMosqueComplex/MosqueInterior/MosqueTimberFloor","surface":0,"visible":true,"material":"ShaderMaterial","materialPath":"","materialId":9223374477335796844,"shaderPath":"","shaderId":9223372105473592378,"lowQuality":"false","hasAlbedoTexture":"true","textureStrength":"0.9200000166893","textureScale":"(0.95, 0.95)","texturePath":"res://assets/textures/painterly/weathered_wood_boards_v3_albedo.png"},{"mesh":"/root/Act1FacilitiesSmokeTest/Act1Demo/Main/ZoneHost/Act1ConnectedWorld/Act1CoreWorldGreybox/VillageMosqueComplex/MosqueInterior/Npc_timur_hazrat/TimurHazrat_Rig/Skeleton3D/TimurHazrat_CoatFrontPlacket_LOD0","surface":0,"visible":true,"material":"ShaderMaterial","materialPath":"","materialId":9223374395009994490,"shaderPath":"","shaderId":9223372105473592378,"lowQuality":"false","hasAlbedoTexture":"true","textureStrength":"0.87999999523163","textureScale":"(2.0, 2.0)","texturePath":"res://assets/textures/painterly/old_fabric_v3_albedo.png"},{"mesh":"/root/Act1FacilitiesSmokeTest/Act1Demo/Main/ZoneHost/Act1ConnectedWorld/Act1CoreWorldGreybox/VillageMosqueComplex/MosqueInterior/Npc_timur_hazrat/TimurHazrat_Rig/Skeleton3D/TimurHazrat_CoatFrontPlacket_LOD1","surface":0,"visible":true,"material":"ShaderMaterial","materialPath":"","materialId":9223374395009994490,"shaderPath":"","shaderId":9223372105473592378,"lowQuality":"false","hasAlbedoTexture":"true","textureStrength":"0.87999999523163","textureScale":"(2.0, 2.0)","texturePath":"res://assets/textures/painterly/old_fabric_v3_albedo.png"},{"mesh":"/root/Act1FacilitiesSmokeTest/Act1Demo/Main/ZoneHost/Act1ConnectedWorld/Act1CoreWorldGreybox/VillageMosqueComplex/MosqueInterior/Npc_timur_hazrat/TimurHazrat_Rig/Skeleton3D/TimurHazrat_CoatHem_LOD0","surface":0,"visible":true,"material":"ShaderMaterial","materialPath":"","materialId":9223374394976440057,"shaderPath":"","shaderId":9223372105473592378,"lowQuality":"false","hasAlbedoTexture":"true","textureStrength":"0.87999999523163","textureScale":"(2.0, 2.0)","texturePath":"res://assets/textures/painterly/old_fabric_v3_albedo.png"}],"stateChangedByObservation":false,"foregroundPerformanceMeasured":false}
act1-facility-camera: {"kind":"native-game-camera","file":"/Users/unterlantas/Documents/GitHub/URMAN/docs/production/act1_takeover_evidence_2026-09-16/images-facilities-11/09_mosque_hall_timur.png","focus":true,"intendedAim":null,"cameraBefore":"[X: (0.8956505, 0, -0.44475853), Y: (-0.07791652, 0.984535, -0.15690754), Z: (0.4378803, 0.17518835, 0.8817992), O: (-51.83009, 6.498826, -35.159832)]","cameraAfter":"[X: (0.8956505, 0, -0.44475853), Y: (-0.07791652, 0.984535, -0.15690754), Z: (0.4378803, 0.17518835, 0.8817992), O: (-51.83009, 6.498826, -35.159832)]","cameraUnchangedDuringRender":true,"cameraTravel":0,"cameraForwardDot":1,"frameBefore":7056,"frameAfter":7056,"intendedAimDot":null,"humanArtReview":"not-run"}
act1-facilities: hall offers actual floor and head clearance
state-final-render-sync-begin: label=facility/09e_timur_sock_idle_lod0 tick=120685 drawn=7106 process=7106 physics=5071 windowVisible=True focus=True mode=Windowed renderLoop=True
state-final-render-sync-end: label=facility/09e_timur_sock_idle_lod0 milliseconds=16 forcedScreenshotRender=False
act1-facility-materials: {"kind":"mosque-capture-materials","capture":"09e_timur_sock_idle_lod0","scope":"all-facilities","graphicsPreset":"medium","savedPreferencesPreset":"medium","textureLoadsSuppressed":false,"materials":[{"mesh":"/root/Act1FacilitiesSmokeTest/Act1Demo/Main/ZoneHost/Act1ConnectedWorld/Act1CoreWorldGreybox/VillageMosqueComplex/MosqueHallEastLeft","surface":0,"visible":true,"material":"ShaderMaterial","materialPath":"","materialId":9223372912961025484,"shaderPath":"","shaderId":9223372105473592378,"lowQuality":"false","hasAlbedoTexture":"true","textureStrength":"0.94999998807907","textureScale":"(1.5, 1.15)","texturePath":"res://assets/textures/painterly/aged_plaster_v3_albedo.png"},{"mesh":"/root/Act1FacilitiesSmokeTest/Act1Demo/Main/ZoneHost/Act1ConnectedWorld/Act1CoreWorldGreybox/VillageMosqueComplex/MosqueInterior/MosqueTimberFloor","surface":0,"visible":true,"material":"ShaderMaterial","materialPath":"","materialId":9223374477335796844,"shaderPath":"","shaderId":9223372105473592378,"lowQuality":"false","hasAlbedoTexture":"true","textureStrength":"0.9200000166893","textureScale":"(0.95, 0.95)","texturePath":"res://assets/textures/painterly/weathered_wood_boards_v3_albedo.png"},{"mesh":"/root/Act1FacilitiesSmokeTest/Act1Demo/Main/ZoneHost/Act1ConnectedWorld/Act1CoreWorldGreybox/VillageMosqueComplex/MosqueInterior/Npc_timur_hazrat/TimurHazrat_Rig/Skeleton3D/TimurHazrat_CoatFrontPlacket_LOD0","surface":0,"visible":true,"material":"ShaderMaterial","materialPath":"","materialId":9223374395009994490,"shaderPath":"","shaderId":9223372105473592378,"lowQuality":"false","hasAlbedoTexture":"true","textureStrength":"0.87999999523163","textureScale":"(2.0, 2.0)","texturePath":"res://assets/textures/painterly/old_fabric_v3_albedo.png"},{"mesh":"/root/Act1FacilitiesSmokeTest/Act1Demo/Main/ZoneHost/Act1ConnectedWorld/Act1CoreWorldGreybox/VillageMosqueComplex/MosqueInterior/Npc_timur_hazrat/TimurHazrat_Rig/Skeleton3D/TimurHazrat_CoatFrontPlacket_LOD1","surface":0,"visible":true,"material":"ShaderMaterial","materialPath":"","materialId":9223374395009994490,"shaderPath":"","shaderId":9223372105473592378,"lowQuality":"false","hasAlbedoTexture":"true","textureStrength":"0.87999999523163","textureScale":"(2.0, 2.0)","texturePath":"res://assets/textures/painterly/old_fabric_v3_albedo.png"},{"mesh":"/root/Act1FacilitiesSmokeTest/Act1Demo/Main/ZoneHost/Act1ConnectedWorld/Act1CoreWorldGreybox/VillageMosqueComplex/MosqueInterior/Npc_timur_hazrat/TimurHazrat_Rig/Skeleton3D/TimurHazrat_CoatHem_LOD0","surface":0,"visible":true,"material":"ShaderMaterial","materialPath":"","materialId":9223374394976440057,"shaderPath":"","shaderId":9223372105473592378,"lowQuality":"false","hasAlbedoTexture":"true","textureStrength":"0.87999999523163","textureScale":"(2.0, 2.0)","texturePath":"res://assets/textures/painterly/old_fabric_v3_albedo.png"}],"stateChangedByObservation":false,"foregroundPerformanceMeasured":false}
act1-facility-camera: {"kind":"native-game-camera","file":"/Users/unterlantas/Documents/GitHub/URMAN/docs/production/act1_takeover_evidence_2026-09-16/images-facilities-11/09e_timur_sock_idle_lod0.png","focus":true,"intendedAim":"(-52.58, 4.918795, -36.67)","cameraBefore":"[X: (0.8956505, 0, -0.44475853), Y: (-0.30411512, 0.7296922, -0.61242414), Z: (0.32453683, 0.6837758, 0.6535492), O: (-51.83009, 6.498826, -35.159832)]","cameraAfter":"[X: (0.8956505, 0, -0.44475853), Y: (-0.30411512, 0.7296922, -0.61242414), Z: (0.32453683, 0.6837758, 0.6535492), O: (-51.83009, 6.498826, -35.159832)]","cameraUnchangedDuringRender":true,"cameraTravel":0,"cameraForwardDot":1,"frameBefore":7106,"frameAfter":7106,"intendedAimDot":1,"humanArtReview":"not-run"}
act1-facilities: 09e_timur_sock_idle_lod0: the actual camera retains the intended view across the rendered frame
state-final-render-sync-begin: label=facility/09e_timur_sock_idle_lod1 tick=120979 drawn=7107 process=7107 physics=5079 windowVisible=True focus=True mode=Windowed renderLoop=True
state-final-render-sync-end: label=facility/09e_timur_sock_idle_lod1 milliseconds=15 forcedScreenshotRender=False
act1-facility-materials: {"kind":"mosque-capture-materials","capture":"09e_timur_sock_idle_lod1","scope":"all-facilities","graphicsPreset":"medium","savedPreferencesPreset":"medium","textureLoadsSuppressed":false,"materials":[{"mesh":"/root/Act1FacilitiesSmokeTest/Act1Demo/Main/ZoneHost/Act1ConnectedWorld/Act1CoreWorldGreybox/VillageMosqueComplex/MosqueHallEastLeft","surface":0,"visible":true,"material":"ShaderMaterial","materialPath":"","materialId":9223372912961025484,"shaderPath":"","shaderId":9223372105473592378,"lowQuality":"false","hasAlbedoTexture":"true","textureStrength":"0.94999998807907","textureScale":"(1.5, 1.15)","texturePath":"res://assets/textures/painterly/aged_plaster_v3_albedo.png"},{"mesh":"/root/Act1FacilitiesSmokeTest/Act1Demo/Main/ZoneHost/Act1ConnectedWorld/Act1CoreWorldGreybox/VillageMosqueComplex/MosqueInterior/MosqueTimberFloor","surface":0,"visible":true,"material":"ShaderMaterial","materialPath":"","materialId":9223374477335796844,"shaderPath":"","shaderId":9223372105473592378,"lowQuality":"false","hasAlbedoTexture":"true","textureStrength":"0.9200000166893","textureScale":"(0.95, 0.95)","texturePath":"res://assets/textures/painterly/weathered_wood_boards_v3_albedo.png"},{"mesh":"/root/Act1FacilitiesSmokeTest/Act1Demo/Main/ZoneHost/Act1ConnectedWorld/Act1CoreWorldGreybox/VillageMosqueComplex/MosqueInterior/Npc_timur_hazrat/TimurHazrat_Rig/Skeleton3D/TimurHazrat_CoatFrontPlacket_LOD0","surface":0,"visible":true,"material":"ShaderMaterial","materialPath":"","materialId":9223374395009994490,"shaderPath":"","shaderId":9223372105473592378,"lowQuality":"false","hasAlbedoTexture":"true","textureStrength":"0.87999999523163","textureScale":"(2.0, 2.0)","texturePath":"res://assets/textures/painterly/old_fabric_v3_albedo.png"},{"mesh":"/root/Act1FacilitiesSmokeTest/Act1Demo/Main/ZoneHost/Act1ConnectedWorld/Act1CoreWorldGreybox/VillageMosqueComplex/MosqueInterior/Npc_timur_hazrat/TimurHazrat_Rig/Skeleton3D/TimurHazrat_CoatFrontPlacket_LOD1","surface":0,"visible":true,"material":"ShaderMaterial","materialPath":"","materialId":9223374395009994490,"shaderPath":"","shaderId":9223372105473592378,"lowQuality":"false","hasAlbedoTexture":"true","textureStrength":"0.87999999523163","textureScale":"(2.0, 2.0)","texturePath":"res://assets/textures/painterly/old_fabric_v3_albedo.png"},{"mesh":"/root/Act1FacilitiesSmokeTest/Act1Demo/Main/ZoneHost/Act1ConnectedWorld/Act1CoreWorldGreybox/VillageMosqueComplex/MosqueInterior/Npc_timur_hazrat/TimurHazrat_Rig/Skeleton3D/TimurHazrat_CoatHem_LOD0","surface":0,"visible":true,"material":"ShaderMaterial","materialPath":"","materialId":9223374394976440057,"shaderPath":"","shaderId":9223372105473592378,"lowQuality":"false","hasAlbedoTexture":"true","textureStrength":"0.87999999523163","textureScale":"(2.0, 2.0)","texturePath":"res://assets/textures/painterly/old_fabric_v3_albedo.png"}],"stateChangedByObservation":false,"foregroundPerformanceMeasured":false}
act1-facility-camera: {"kind":"native-game-camera","file":"/Users/unterlantas/Documents/GitHub/URMAN/docs/production/act1_takeover_evidence_2026-09-16/images-facilities-11/09e_timur_sock_idle_lod1.png","focus":true,"intendedAim":"(-52.58, 4.918795, -36.67)","cameraBefore":"[X: (0.8956505, 0, -0.44475853), Y: (-0.30411512, 0.7296922, -0.61242414), Z: (0.32453683, 0.6837758, 0.6535492), O: (-51.83009, 6.498826, -35.159832)]","cameraAfter":"[X: (0.8956505, 0, -0.44475853), Y: (-0.30411512, 0.7296922, -0.61242414), Z: (0.32453683, 0.6837758, 0.6535492), O: (-51.83009, 6.498826, -35.159832)]","cameraUnchangedDuringRender":true,"cameraTravel":0,"cameraForwardDot":1,"frameBefore":7107,"frameAfter":7107,"intendedAimDot":1,"humanArtReview":"not-run"}
act1-facilities: 09e_timur_sock_idle_lod1: the actual camera retains the intended view across the rendered frame
state-final-render-sync-begin: label=facility/09e_timur_sock_tension_lod0 tick=121533 drawn=7120 process=7120 physics=5105 windowVisible=True focus=True mode=Windowed renderLoop=True
state-final-render-sync-end: label=facility/09e_timur_sock_tension_lod0 milliseconds=16 forcedScreenshotRender=False
act1-facility-materials: {"kind":"mosque-capture-materials","capture":"09e_timur_sock_tension_lod0","scope":"all-facilities","graphicsPreset":"medium","savedPreferencesPreset":"medium","textureLoadsSuppressed":false,"materials":[{"mesh":"/root/Act1FacilitiesSmokeTest/Act1Demo/Main/ZoneHost/Act1ConnectedWorld/Act1CoreWorldGreybox/VillageMosqueComplex/MosqueHallEastLeft","surface":0,"visible":true,"material":"ShaderMaterial","materialPath":"","materialId":9223372912961025484,"shaderPath":"","shaderId":9223372105473592378,"lowQuality":"false","hasAlbedoTexture":"true","textureStrength":"0.94999998807907","textureScale":"(1.5, 1.15)","texturePath":"res://assets/textures/painterly/aged_plaster_v3_albedo.png"},{"mesh":"/root/Act1FacilitiesSmokeTest/Act1Demo/Main/ZoneHost/Act1ConnectedWorld/Act1CoreWorldGreybox/VillageMosqueComplex/MosqueInterior/MosqueTimberFloor","surface":0,"visible":true,"material":"ShaderMaterial","materialPath":"","materialId":9223374477335796844,"shaderPath":"","shaderId":9223372105473592378,"lowQuality":"false","hasAlbedoTexture":"true","textureStrength":"0.9200000166893","textureScale":"(0.95, 0.95)","texturePath":"res://assets/textures/painterly/weathered_wood_boards_v3_albedo.png"},{"mesh":"/root/Act1FacilitiesSmokeTest/Act1Demo/Main/ZoneHost/Act1ConnectedWorld/Act1CoreWorldGreybox/VillageMosqueComplex/MosqueInterior/Npc_timur_hazrat/TimurHazrat_Rig/Skeleton3D/TimurHazrat_CoatFrontPlacket_LOD0","surface":0,"visible":true,"material":"ShaderMaterial","materialPath":"","materialId":9223374395009994490,"shaderPath":"","shaderId":9223372105473592378,"lowQuality":"false","hasAlbedoTexture":"true","textureStrength":"0.87999999523163","textureScale":"(2.0, 2.0)","texturePath":"res://assets/textures/painterly/old_fabric_v3_albedo.png"},{"mesh":"/root/Act1FacilitiesSmokeTest/Act1Demo/Main/ZoneHost/Act1ConnectedWorld/Act1CoreWorldGreybox/VillageMosqueComplex/MosqueInterior/Npc_timur_hazrat/TimurHazrat_Rig/Skeleton3D/TimurHazrat_CoatFrontPlacket_LOD1","surface":0,"visible":true,"material":"ShaderMaterial","materialPath":"","materialId":9223374395009994490,"shaderPath":"","shaderId":9223372105473592378,"lowQuality":"false","hasAlbedoTexture":"true","textureStrength":"0.87999999523163","textureScale":"(2.0, 2.0)","texturePath":"res://assets/textures/painterly/old_fabric_v3_albedo.png"},{"mesh":"/root/Act1FacilitiesSmokeTest/Act1Demo/Main/ZoneHost/Act1ConnectedWorld/Act1CoreWorldGreybox/VillageMosqueComplex/MosqueInterior/Npc_timur_hazrat/TimurHazrat_Rig/Skeleton3D/TimurHazrat_CoatHem_LOD0","surface":0,"visible":true,"material":"ShaderMaterial","materialPath":"","materialId":9223374394976440057,"shaderPath":"","shaderId":9223372105473592378,"lowQuality":"false","hasAlbedoTexture":"true","textureStrength":"0.87999999523163","textureScale":"(2.0, 2.0)","texturePath":"res://assets/textures/painterly/old_fabric_v3_albedo.png"}],"stateChangedByObservation":false,"foregroundPerformanceMeasured":false}
act1-facility-camera: {"kind":"native-game-camera","file":"/Users/unterlantas/Documents/GitHub/URMAN/docs/production/act1_takeover_evidence_2026-09-16/images-facilities-11/09e_timur_sock_tension_lod0.png","focus":true,"intendedAim":"(-52.58, 4.918795, -36.67)","cameraBefore":"[X: (0.8956505, 0, -0.44475853), Y: (-0.30411512, 0.7296922, -0.61242414), Z: (0.32453683, 0.6837758, 0.6535492), O: (-51.83009, 6.498826, -35.159832)]","cameraAfter":"[X: (0.8956505, 0, -0.44475853), Y: (-0.30411512, 0.7296922, -0.61242414), Z: (0.32453683, 0.6837758, 0.6535492), O: (-51.83009, 6.498826, -35.159832)]","cameraUnchangedDuringRender":true,"cameraTravel":0,"cameraForwardDot":1,"frameBefore":7120,"frameAfter":7120,"intendedAimDot":1,"humanArtReview":"not-run"}
act1-facilities: 09e_timur_sock_tension_lod0: the actual camera retains the intended view across the rendered frame
state-final-render-sync-begin: label=facility/09e_timur_sock_tension_lod1 tick=121828 drawn=7121 process=7121 physics=5113 windowVisible=True focus=True mode=Windowed renderLoop=True
state-final-render-sync-end: label=facility/09e_timur_sock_tension_lod1 milliseconds=16 forcedScreenshotRender=False
act1-facility-materials: {"kind":"mosque-capture-materials","capture":"09e_timur_sock_tension_lod1","scope":"all-facilities","graphicsPreset":"medium","savedPreferencesPreset":"medium","textureLoadsSuppressed":false,"materials":[{"mesh":"/root/Act1FacilitiesSmokeTest/Act1Demo/Main/ZoneHost/Act1ConnectedWorld/Act1CoreWorldGreybox/VillageMosqueComplex/MosqueHallEastLeft","surface":0,"visible":true,"material":"ShaderMaterial","materialPath":"","materialId":9223372912961025484,"shaderPath":"","shaderId":9223372105473592378,"lowQuality":"false","hasAlbedoTexture":"true","textureStrength":"0.94999998807907","textureScale":"(1.5, 1.15)","texturePath":"res://assets/textures/painterly/aged_plaster_v3_albedo.png"},{"mesh":"/root/Act1FacilitiesSmokeTest/Act1Demo/Main/ZoneHost/Act1ConnectedWorld/Act1CoreWorldGreybox/VillageMosqueComplex/MosqueInterior/MosqueTimberFloor","surface":0,"visible":true,"material":"ShaderMaterial","materialPath":"","materialId":9223374477335796844,"shaderPath":"","shaderId":9223372105473592378,"lowQuality":"false","hasAlbedoTexture":"true","textureStrength":"0.9200000166893","textureScale":"(0.95, 0.95)","texturePath":"res://assets/textures/painterly/weathered_wood_boards_v3_albedo.png"},{"mesh":"/root/Act1FacilitiesSmokeTest/Act1Demo/Main/ZoneHost/Act1ConnectedWorld/Act1CoreWorldGreybox/VillageMosqueComplex/MosqueInterior/Npc_timur_hazrat/TimurHazrat_Rig/Skeleton3D/TimurHazrat_CoatFrontPlacket_LOD0","surface":0,"visible":true,"material":"ShaderMaterial","materialPath":"","materialId":9223374395009994490,"shaderPath":"","shaderId":9223372105473592378,"lowQuality":"false","hasAlbedoTexture":"true","textureStrength":"0.87999999523163","textureScale":"(2.0, 2.0)","texturePath":"res://assets/textures/painterly/old_fabric_v3_albedo.png"},{"mesh":"/root/Act1FacilitiesSmokeTest/Act1Demo/Main/ZoneHost/Act1ConnectedWorld/Act1CoreWorldGreybox/VillageMosqueComplex/MosqueInterior/Npc_timur_hazrat/TimurHazrat_Rig/Skeleton3D/TimurHazrat_CoatFrontPlacket_LOD1","surface":0,"visible":true,"material":"ShaderMaterial","materialPath":"","materialId":9223374395009994490,"shaderPath":"","shaderId":9223372105473592378,"lowQuality":"false","hasAlbedoTexture":"true","textureStrength":"0.87999999523163","textureScale":"(2.0, 2.0)","texturePath":"res://assets/textures/painterly/old_fabric_v3_albedo.png"},{"mesh":"/root/Act1FacilitiesSmokeTest/Act1Demo/Main/ZoneHost/Act1ConnectedWorld/Act1CoreWorldGreybox/VillageMosqueComplex/MosqueInterior/Npc_timur_hazrat/TimurHazrat_Rig/Skeleton3D/TimurHazrat_CoatHem_LOD0","surface":0,"visible":true,"material":"ShaderMaterial","materialPath":"","materialId":9223374394976440057,"shaderPath":"","shaderId":9223372105473592378,"lowQuality":"false","hasAlbedoTexture":"true","textureStrength":"0.87999999523163","textureScale":"(2.0, 2.0)","texturePath":"res://assets/textures/painterly/old_fabric_v3_albedo.png"}],"stateChangedByObservation":false,"foregroundPerformanceMeasured":false}
act1-facility-camera: {"kind":"native-game-camera","file":"/Users/unterlantas/Documents/GitHub/URMAN/docs/production/act1_takeover_evidence_2026-09-16/images-facilities-11/09e_timur_sock_tension_lod1.png","focus":true,"intendedAim":"(-52.58, 4.918795, -36.67)","cameraBefore":"[X: (0.8956505, 0, -0.44475853), Y: (-0.30411512, 0.7296922, -0.61242414), Z: (0.32453683, 0.6837758, 0.6535492), O: (-51.83009, 6.498826, -35.159832)]","cameraAfter":"[X: (0.8956505, 0, -0.44475853), Y: (-0.30411512, 0.7296922, -0.61242414), Z: (0.32453683, 0.6837758, 0.6535492), O: (-51.83009, 6.498826, -35.159832)]","cameraUnchangedDuringRender":true,"cameraTravel":0,"cameraForwardDot":1,"frameBefore":7121,"frameAfter":7121,"intendedAimDot":1,"humanArtReview":"not-run"}
act1-facilities: 09e_timur_sock_tension_lod1: the actual camera retains the intended view across the rendered frame
act1-facilities: Timur's indoor cloth feet retain skinning, cuffs, ground support and both LODs: 
act1-facilities: cross the complete mosque hall to the formerly buried west carpet; actual=(-56.453423, 4.798826, -34.999985), expected=(-56.5, 4.782295, -35), grounded=True, settledFrames=3, waitedFrames=3, distance=0,046577457
state-final-render-sync-begin: label=facility/09b_mosque_west_hall tick=123545 drawn=7283 process=7283 physics=5207 windowVisible=True focus=True mode=Windowed renderLoop=True
state-final-render-sync-end: label=facility/09b_mosque_west_hall milliseconds=16 forcedScreenshotRender=False
act1-facility-materials: {"kind":"mosque-capture-materials","capture":"09b_mosque_west_hall","scope":"all-facilities","graphicsPreset":"medium","savedPreferencesPreset":"medium","textureLoadsSuppressed":false,"materials":[{"mesh":"/root/Act1FacilitiesSmokeTest/Act1Demo/Main/ZoneHost/Act1ConnectedWorld/Act1CoreWorldGreybox/VillageMosqueComplex/MosqueHallEastLeft","surface":0,"visible":true,"material":"ShaderMaterial","materialPath":"","materialId":9223372912961025484,"shaderPath":"","shaderId":9223372105473592378,"lowQuality":"false","hasAlbedoTexture":"true","textureStrength":"0.94999998807907","textureScale":"(1.5, 1.15)","texturePath":"res://assets/textures/painterly/aged_plaster_v3_albedo.png"},{"mesh":"/root/Act1FacilitiesSmokeTest/Act1Demo/Main/ZoneHost/Act1ConnectedWorld/Act1CoreWorldGreybox/VillageMosqueComplex/MosqueInterior/MosqueTimberFloor","surface":0,"visible":true,"material":"ShaderMaterial","materialPath":"","materialId":9223374477335796844,"shaderPath":"","shaderId":9223372105473592378,"lowQuality":"false","hasAlbedoTexture":"true","textureStrength":"0.9200000166893","textureScale":"(0.95, 0.95)","texturePath":"res://assets/textures/painterly/weathered_wood_boards_v3_albedo.png"},{"mesh":"/root/Act1FacilitiesSmokeTest/Act1Demo/Main/ZoneHost/Act1ConnectedWorld/Act1CoreWorldGreybox/VillageMosqueComplex/MosqueInterior/Npc_timur_hazrat/TimurHazrat_Rig/Skeleton3D/TimurHazrat_CoatFrontPlacket_LOD0","surface":0,"visible":true,"material":"ShaderMaterial","materialPath":"","materialId":9223374395009994490,"shaderPath":"","shaderId":9223372105473592378,"lowQuality":"false","hasAlbedoTexture":"true","textureStrength":"0.87999999523163","textureScale":"(2.0, 2.0)","texturePath":"res://assets/textures/painterly/old_fabric_v3_albedo.png"},{"mesh":"/root/Act1FacilitiesSmokeTest/Act1Demo/Main/ZoneHost/Act1ConnectedWorld/Act1CoreWorldGreybox/VillageMosqueComplex/MosqueInterior/Npc_timur_hazrat/TimurHazrat_Rig/Skeleton3D/TimurHazrat_CoatFrontPlacket_LOD1","surface":0,"visible":true,"material":"ShaderMaterial","materialPath":"","materialId":9223374395009994490,"shaderPath":"","shaderId":9223372105473592378,"lowQuality":"false","hasAlbedoTexture":"true","textureStrength":"0.87999999523163","textureScale":"(2.0, 2.0)","texturePath":"res://assets/textures/painterly/old_fabric_v3_albedo.png"},{"mesh":"/root/Act1FacilitiesSmokeTest/Act1Demo/Main/ZoneHost/Act1ConnectedWorld/Act1CoreWorldGreybox/VillageMosqueComplex/MosqueInterior/Npc_timur_hazrat/TimurHazrat_Rig/Skeleton3D/TimurHazrat_CoatHem_LOD0","surface":0,"visible":true,"material":"ShaderMaterial","materialPath":"","materialId":9223374394976440057,"shaderPath":"","shaderId":9223372105473592378,"lowQuality":"false","hasAlbedoTexture":"true","textureStrength":"0.87999999523163","textureScale":"(2.0, 2.0)","texturePath":"res://assets/textures/painterly/old_fabric_v3_albedo.png"}],"stateChangedByObservation":false,"foregroundPerformanceMeasured":false}
act1-facility-camera: {"kind":"native-game-camera","file":"/Users/unterlantas/Documents/GitHub/URMAN/docs/production/act1_takeover_evidence_2026-09-16/images-facilities-11/09b_mosque_west_hall.png","focus":true,"intendedAim":"(-57.7, 5.4322953, -36.1)","cameraBefore":"[X: (0.6616503, 0, -0.74981254), Y: (-0.4378745, 0.81176907, -0.38638964), Z: (0.60867465, 0.5839786, 0.5371073), O: (-56.588387, 6.498826, -35.11908)]","cameraAfter":"[X: (0.6616503, 0, -0.74981254), Y: (-0.4378745, 0.81176907, -0.38638964), Z: (0.60867465, 0.5839786, 0.5371073), O: (-56.588387, 6.498826, -35.11908)]","cameraUnchangedDuringRender":true,"cameraTravel":0,"cameraForwardDot":1,"frameBefore":7283,"frameAfter":7283,"intendedAimDot":1,"humanArtReview":"not-run"}
act1-facilities: 09b_mosque_west_hall: the actual camera retains the intended view across the rendered frame
act1-facilities: reach the existing west reading bench on the actual timber floor; actual=(-56.83657, 4.798826, -37.46364), expected=(-56.85, 4.782295, -37.55), grounded=True, settledFrames=3, waitedFrames=3, distance=0,087398596
state-final-render-sync-begin: label=facility/09c_mosque_reading_bench tick=124603 drawn=7362 process=7362 physics=5261 windowVisible=True focus=True mode=Windowed renderLoop=True
state-final-render-sync-end: label=facility/09c_mosque_reading_bench milliseconds=14 forcedScreenshotRender=False
act1-facility-materials: {"kind":"mosque-capture-materials","capture":"09c_mosque_reading_bench","scope":"all-facilities","graphicsPreset":"medium","savedPreferencesPreset":"medium","textureLoadsSuppressed":false,"materials":[{"mesh":"/root/Act1FacilitiesSmokeTest/Act1Demo/Main/ZoneHost/Act1ConnectedWorld/Act1CoreWorldGreybox/VillageMosqueComplex/MosqueHallEastLeft","surface":0,"visible":true,"material":"ShaderMaterial","materialPath":"","materialId":9223372912961025484,"shaderPath":"","shaderId":9223372105473592378,"lowQuality":"false","hasAlbedoTexture":"true","textureStrength":"0.94999998807907","textureScale":"(1.5, 1.15)","texturePath":"res://assets/textures/painterly/aged_plaster_v3_albedo.png"},{"mesh":"/root/Act1FacilitiesSmokeTest/Act1Demo/Main/ZoneHost/Act1ConnectedWorld/Act1CoreWorldGreybox/VillageMosqueComplex/MosqueInterior/MosqueTimberFloor","surface":0,"visible":true,"material":"ShaderMaterial","materialPath":"","materialId":9223374477335796844,"shaderPath":"","shaderId":9223372105473592378,"lowQuality":"false","hasAlbedoTexture":"true","textureStrength":"0.9200000166893","textureScale":"(0.95, 0.95)","texturePath":"res://assets/textures/painterly/weathered_wood_boards_v3_albedo.png"},{"mesh":"/root/Act1FacilitiesSmokeTest/Act1Demo/Main/ZoneHost/Act1ConnectedWorld/Act1CoreWorldGreybox/VillageMosqueComplex/MosqueInterior/Npc_timur_hazrat/TimurHazrat_Rig/Skeleton3D/TimurHazrat_CoatFrontPlacket_LOD0","surface":0,"visible":true,"material":"ShaderMaterial","materialPath":"","materialId":9223374395009994490,"shaderPath":"","shaderId":9223372105473592378,"lowQuality":"false","hasAlbedoTexture":"true","textureStrength":"0.87999999523163","textureScale":"(2.0, 2.0)","texturePath":"res://assets/textures/painterly/old_fabric_v3_albedo.png"},{"mesh":"/root/Act1FacilitiesSmokeTest/Act1Demo/Main/ZoneHost/Act1ConnectedWorld/Act1CoreWorldGreybox/VillageMosqueComplex/MosqueInterior/Npc_timur_hazrat/TimurHazrat_Rig/Skeleton3D/TimurHazrat_CoatFrontPlacket_LOD1","surface":0,"visible":true,"material":"ShaderMaterial","materialPath":"","materialId":9223374395009994490,"shaderPath":"","shaderId":9223372105473592378,"lowQuality":"false","hasAlbedoTexture":"true","textureStrength":"0.87999999523163","textureScale":"(2.0, 2.0)","texturePath":"res://assets/textures/painterly/old_fabric_v3_albedo.png"},{"mesh":"/root/Act1FacilitiesSmokeTest/Act1Demo/Main/ZoneHost/Act1ConnectedWorld/Act1CoreWorldGreybox/VillageMosqueComplex/MosqueInterior/Npc_timur_hazrat/TimurHazrat_Rig/Skeleton3D/TimurHazrat_CoatHem_LOD0","surface":0,"visible":true,"material":"ShaderMaterial","materialPath":"","materialId":9223374394976440057,"shaderPath":"","shaderId":9223372105473592378,"lowQuality":"false","hasAlbedoTexture":"true","textureStrength":"0.87999999523163","textureScale":"(2.0, 2.0)","texturePath":"res://assets/textures/painterly/old_fabric_v3_albedo.png"}],"stateChangedByObservation":false,"foregroundPerformanceMeasured":false}
act1-facility-camera: {"kind":"native-game-camera","file":"/Users/unterlantas/Documents/GitHub/URMAN/docs/production/act1_takeover_evidence_2026-09-16/images-facilities-11/09c_mosque_reading_bench.png","focus":true,"intendedAim":"(-56.85, 5.4322953, -38.26)","cameraBefore":"[X: (0.9998565, 0, -0.016942525), Y: (-0.0146683585, 0.50043935, -0.8656474), Z: (0.008478707, 0.8657716, 0.5003675), O: (-56.83962, 6.498826, -37.64361)]","cameraAfter":"[X: (0.9998565, 0, -0.016942525), Y: (-0.0146683585, 0.50043935, -0.8656474), Z: (0.008478707, 0.8657716, 0.5003675), O: (-56.83962, 6.498826, -37.64361)]","cameraUnchangedDuringRender":true,"cameraTravel":0,"cameraForwardDot":1,"frameBefore":7362,"frameAfter":7362,"intendedAimDot":1,"humanArtReview":"not-run"}
act1-facilities: 09c_mosque_reading_bench: the actual camera retains the intended view across the rendered frame
act1-facilities: return through the clear west aisle; actual=(-56.506752, 4.798826, -35.049416), expected=(-56.5, 4.782295, -35), grounded=True, settledFrames=3, waitedFrames=3, distance=0,04987474
act1-facilities: approach the existing mosque bookshelf without climbing soil; actual=(-57.060883, 4.798826, -32.27079), expected=(-57.075, 4.782295, -32.2), grounded=True, settledFrames=3, waitedFrames=3, distance=0,072183475
act1-facilities: mosque shelf book has its actual visible multi-material binding MosqueBook0_0
act1-facilities: binding, paper block and fine seams all have a material
act1-facilities: all cover vertices retain the authored book envelope and rest on the real shelf top
act1-facilities: a curved forward spine surrounds a genuinely recessed cream page block
act1-facilities: book surfaces have real nonzero clockwise triangles, normals and UVs
act1-facilities: both cover boards stand on the authored shelf collision, without floating or burial
act1-facilities: both cover boards stand on the authored shelf collision, without floating or burial
act1-facilities: both cover boards stand on the authored shelf collision, without floating or burial
act1-facilities: both cover boards stand on the authored shelf collision, without floating or burial
act1-facilities: mosque shelf book has its actual visible multi-material binding MosqueBook1_0
act1-facilities: binding, paper block and fine seams all have a material
act1-facilities: all cover vertices retain the authored book envelope and rest on the real shelf top
act1-facilities: a curved forward spine surrounds a genuinely recessed cream page block
act1-facilities: book surfaces have real nonzero clockwise triangles, normals and UVs
act1-facilities: both cover boards stand on the authored shelf collision, without floating or burial
act1-facilities: both cover boards stand on the authored shelf collision, without floating or burial
act1-facilities: both cover boards stand on the authored shelf collision, without floating or burial
act1-facilities: both cover boards stand on the authored shelf collision, without floating or burial
act1-facilities: mosque shelf book has its actual visible multi-material binding MosqueBook2_0
act1-facilities: binding, paper block and fine seams all have a material
act1-facilities: all cover vertices retain the authored book envelope and rest on the real shelf top
act1-facilities: a curved forward spine surrounds a genuinely recessed cream page block
act1-facilities: book surfaces have real nonzero clockwise triangles, normals and UVs
act1-facilities: both cover boards stand on the authored shelf collision, without floating or burial
act1-facilities: both cover boards stand on the authored shelf collision, without floating or burial
act1-facilities: both cover boards stand on the authored shelf collision, without floating or burial
act1-facilities: both cover boards stand on the authored shelf collision, without floating or burial
act1-facilities: mosque shelf book has its actual visible multi-material binding MosqueBook3_0
act1-facilities: binding, paper block and fine seams all have a material
act1-facilities: all cover vertices retain the authored book envelope and rest on the real shelf top
act1-facilities: a curved forward spine surrounds a genuinely recessed cream page block
act1-facilities: book surfaces have real nonzero clockwise triangles, normals and UVs
act1-facilities: both cover boards stand on the authored shelf collision, without floating or burial
act1-facilities: both cover boards stand on the authored shelf collision, without floating or burial
act1-facilities: both cover boards stand on the authored shelf collision, without floating or burial
act1-facilities: both cover boards stand on the authored shelf collision, without floating or burial
act1-facilities: mosque shelf book has its actual visible multi-material binding MosqueBook4_0
act1-facilities: binding, paper block and fine seams all have a material
act1-facilities: all cover vertices retain the authored book envelope and rest on the real shelf top
act1-facilities: a curved forward spine surrounds a genuinely recessed cream page block
act1-facilities: book surfaces have real nonzero clockwise triangles, normals and UVs
act1-facilities: both cover boards stand on the authored shelf collision, without floating or burial
act1-facilities: both cover boards stand on the authored shelf collision, without floating or burial
act1-facilities: both cover boards stand on the authored shelf collision, without floating or burial
act1-facilities: both cover boards stand on the authored shelf collision, without floating or burial
act1-facilities: mosque shelf book has its actual visible multi-material binding MosqueBook5_0
act1-facilities: binding, paper block and fine seams all have a material
act1-facilities: all cover vertices retain the authored book envelope and rest on the real shelf top
act1-facilities: a curved forward spine surrounds a genuinely recessed cream page block
act1-facilities: book surfaces have real nonzero clockwise triangles, normals and UVs
act1-facilities: both cover boards stand on the authored shelf collision, without floating or burial
act1-facilities: both cover boards stand on the authored shelf collision, without floating or burial
act1-facilities: both cover boards stand on the authored shelf collision, without floating or burial
act1-facilities: both cover boards stand on the authored shelf collision, without floating or burial
act1-facilities: mosque shelf book has its actual visible multi-material binding MosqueBook6_0
act1-facilities: binding, paper block and fine seams all have a material
act1-facilities: all cover vertices retain the authored book envelope and rest on the real shelf top
act1-facilities: a curved forward spine surrounds a genuinely recessed cream page block
act1-facilities: book surfaces have real nonzero clockwise triangles, normals and UVs
act1-facilities: both cover boards stand on the authored shelf collision, without floating or burial
act1-facilities: both cover boards stand on the authored shelf collision, without floating or burial
act1-facilities: both cover boards stand on the authored shelf collision, without floating or burial
act1-facilities: both cover boards stand on the authored shelf collision, without floating or burial
act1-facilities: mosque shelf book has its actual visible multi-material binding MosqueBook7_0
act1-facilities: binding, paper block and fine seams all have a material
act1-facilities: all cover vertices retain the authored book envelope and rest on the real shelf top
act1-facilities: a curved forward spine surrounds a genuinely recessed cream page block
act1-facilities: book surfaces have real nonzero clockwise triangles, normals and UVs
act1-facilities: both cover boards stand on the authored shelf collision, without floating or burial
act1-facilities: both cover boards stand on the authored shelf collision, without floating or burial
act1-facilities: both cover boards stand on the authored shelf collision, without floating or burial
act1-facilities: both cover boards stand on the authored shelf collision, without floating or burial
act1-facilities: mosque shelf book has its actual visible multi-material binding MosqueBook0_1
act1-facilities: binding, paper block and fine seams all have a material
act1-facilities: all cover vertices retain the authored book envelope and rest on the real shelf top
act1-facilities: a curved forward spine surrounds a genuinely recessed cream page block
act1-facilities: book surfaces have real nonzero clockwise triangles, normals and UVs
act1-facilities: both cover boards stand on the authored shelf collision, without floating or burial
act1-facilities: both cover boards stand on the authored shelf collision, without floating or burial
act1-facilities: both cover boards stand on the authored shelf collision, without floating or burial
act1-facilities: both cover boards stand on the authored shelf collision, without floating or burial
act1-facilities: mosque shelf book has its actual visible multi-material binding MosqueBook1_1
act1-facilities: binding, paper block and fine seams all have a material
act1-facilities: all cover vertices retain the authored book envelope and rest on the real shelf top
act1-facilities: a curved forward spine surrounds a genuinely recessed cream page block
act1-facilities: book surfaces have real nonzero clockwise triangles, normals and UVs
act1-facilities: both cover boards stand on the authored shelf collision, without floating or burial
act1-facilities: both cover boards stand on the authored shelf collision, without floating or burial
act1-facilities: both cover boards stand on the authored shelf collision, without floating or burial
act1-facilities: both cover boards stand on the authored shelf collision, without floating or burial
act1-facilities: mosque shelf book has its actual visible multi-material binding MosqueBook2_1
act1-facilities: binding, paper block and fine seams all have a material
act1-facilities: all cover vertices retain the authored book envelope and rest on the real shelf top
act1-facilities: a curved forward spine surrounds a genuinely recessed cream page block
act1-facilities: book surfaces have real nonzero clockwise triangles, normals and UVs
act1-facilities: both cover boards stand on the authored shelf collision, without floating or burial
act1-facilities: both cover boards stand on the authored shelf collision, without floating or burial
act1-facilities: both cover boards stand on the authored shelf collision, without floating or burial
act1-facilities: both cover boards stand on the authored shelf collision, without floating or burial
act1-facilities: mosque shelf book has its actual visible multi-material binding MosqueBook3_1
act1-facilities: binding, paper block and fine seams all have a material
act1-facilities: all cover vertices retain the authored book envelope and rest on the real shelf top
act1-facilities: a curved forward spine surrounds a genuinely recessed cream page block
act1-facilities: book surfaces have real nonzero clockwise triangles, normals and UVs
act1-facilities: both cover boards stand on the authored shelf collision, without floating or burial
act1-facilities: both cover boards stand on the authored shelf collision, without floating or burial
act1-facilities: both cover boards stand on the authored shelf collision, without floating or burial
act1-facilities: both cover boards stand on the authored shelf collision, without floating or burial
act1-facilities: mosque shelf book has its actual visible multi-material binding MosqueBook4_1
act1-facilities: binding, paper block and fine seams all have a material
act1-facilities: all cover vertices retain the authored book envelope and rest on the real shelf top
act1-facilities: a curved forward spine surrounds a genuinely recessed cream page block
act1-facilities: book surfaces have real nonzero clockwise triangles, normals and UVs
act1-facilities: both cover boards stand on the authored shelf collision, without floating or burial
act1-facilities: both cover boards stand on the authored shelf collision, without floating or burial
act1-facilities: both cover boards stand on the authored shelf collision, without floating or burial
act1-facilities: both cover boards stand on the authored shelf collision, without floating or burial
act1-facilities: mosque shelf book has its actual visible multi-material binding MosqueBook5_1
act1-facilities: binding, paper block and fine seams all have a material
act1-facilities: all cover vertices retain the authored book envelope and rest on the real shelf top
act1-facilities: a curved forward spine surrounds a genuinely recessed cream page block
act1-facilities: book surfaces have real nonzero clockwise triangles, normals and UVs
act1-facilities: both cover boards stand on the authored shelf collision, without floating or burial
act1-facilities: both cover boards stand on the authored shelf collision, without floating or burial
act1-facilities: both cover boards stand on the authored shelf collision, without floating or burial
act1-facilities: both cover boards stand on the authored shelf collision, without floating or burial
act1-facilities: mosque shelf book has its actual visible multi-material binding MosqueBook6_1
act1-facilities: binding, paper block and fine seams all have a material
act1-facilities: all cover vertices retain the authored book envelope and rest on the real shelf top
act1-facilities: a curved forward spine surrounds a genuinely recessed cream page block
act1-facilities: book surfaces have real nonzero clockwise triangles, normals and UVs
act1-facilities: both cover boards stand on the authored shelf collision, without floating or burial
act1-facilities: both cover boards stand on the authored shelf collision, without floating or burial
act1-facilities: both cover boards stand on the authored shelf collision, without floating or burial
act1-facilities: both cover boards stand on the authored shelf collision, without floating or burial
act1-facilities: mosque shelf book has its actual visible multi-material binding MosqueBook7_1
act1-facilities: binding, paper block and fine seams all have a material
act1-facilities: all cover vertices retain the authored book envelope and rest on the real shelf top
act1-facilities: a curved forward spine surrounds a genuinely recessed cream page block
act1-facilities: book surfaces have real nonzero clockwise triangles, normals and UVs
act1-facilities: both cover boards stand on the authored shelf collision, without floating or burial
act1-facilities: both cover boards stand on the authored shelf collision, without floating or burial
act1-facilities: both cover boards stand on the authored shelf collision, without floating or burial
act1-facilities: both cover boards stand on the authored shelf collision, without floating or burial
act1-facilities: mosque shelf book has its actual visible multi-material binding MosqueBook0_2
act1-facilities: binding, paper block and fine seams all have a material
act1-facilities: all cover vertices retain the authored book envelope and rest on the real shelf top
act1-facilities: a curved forward spine surrounds a genuinely recessed cream page block
act1-facilities: book surfaces have real nonzero clockwise triangles, normals and UVs
act1-facilities: both cover boards stand on the authored shelf collision, without floating or burial
act1-facilities: both cover boards stand on the authored shelf collision, without floating or burial
act1-facilities: both cover boards stand on the authored shelf collision, without floating or burial
act1-facilities: both cover boards stand on the authored shelf collision, without floating or burial
act1-facilities: mosque shelf book has its actual visible multi-material binding MosqueBook1_2
act1-facilities: binding, paper block and fine seams all have a material
act1-facilities: all cover vertices retain the authored book envelope and rest on the real shelf top
act1-facilities: a curved forward spine surrounds a genuinely recessed cream page block
act1-facilities: book surfaces have real nonzero clockwise triangles, normals and UVs
act1-facilities: both cover boards stand on the authored shelf collision, without floating or burial
act1-facilities: both cover boards stand on the authored shelf collision, without floating or burial
act1-facilities: both cover boards stand on the authored shelf collision, without floating or burial
act1-facilities: both cover boards stand on the authored shelf collision, without floating or burial
act1-facilities: mosque shelf book has its actual visible multi-material binding MosqueBook2_2
act1-facilities: binding, paper block and fine seams all have a material
act1-facilities: all cover vertices retain the authored book envelope and rest on the real shelf top
act1-facilities: a curved forward spine surrounds a genuinely recessed cream page block
act1-facilities: book surfaces have real nonzero clockwise triangles, normals and UVs
act1-facilities: both cover boards stand on the authored shelf collision, without floating or burial
act1-facilities: both cover boards stand on the authored shelf collision, without floating or burial
act1-facilities: both cover boards stand on the authored shelf collision, without floating or burial
act1-facilities: both cover boards stand on the authored shelf collision, without floating or burial
act1-facilities: mosque shelf book has its actual visible multi-material binding MosqueBook3_2
act1-facilities: binding, paper block and fine seams all have a material
act1-facilities: all cover vertices retain the authored book envelope and rest on the real shelf top
act1-facilities: a curved forward spine surrounds a genuinely recessed cream page block
act1-facilities: book surfaces have real nonzero clockwise triangles, normals and UVs
act1-facilities: both cover boards stand on the authored shelf collision, without floating or burial
act1-facilities: both cover boards stand on the authored shelf collision, without floating or burial
act1-facilities: both cover boards stand on the authored shelf collision, without floating or burial
act1-facilities: both cover boards stand on the authored shelf collision, without floating or burial
act1-facilities: mosque shelf book has its actual visible multi-material binding MosqueBook4_2
act1-facilities: binding, paper block and fine seams all have a material
act1-facilities: all cover vertices retain the authored book envelope and rest on the real shelf top
act1-facilities: a curved forward spine surrounds a genuinely recessed cream page block
act1-facilities: book surfaces have real nonzero clockwise triangles, normals and UVs
act1-facilities: both cover boards stand on the authored shelf collision, without floating or burial
act1-facilities: both cover boards stand on the authored shelf collision, without floating or burial
act1-facilities: both cover boards stand on the authored shelf collision, without floating or burial
act1-facilities: both cover boards stand on the authored shelf collision, without floating or burial
act1-facilities: mosque shelf book has its actual visible multi-material binding MosqueBook5_2
act1-facilities: binding, paper block and fine seams all have a material
act1-facilities: all cover vertices retain the authored book envelope and rest on the real shelf top
act1-facilities: a curved forward spine surrounds a genuinely recessed cream page block
act1-facilities: book surfaces have real nonzero clockwise triangles, normals and UVs
act1-facilities: both cover boards stand on the authored shelf collision, without floating or burial
act1-facilities: both cover boards stand on the authored shelf collision, without floating or burial
act1-facilities: both cover boards stand on the authored shelf collision, without floating or burial
act1-facilities: both cover boards stand on the authored shelf collision, without floating or burial
act1-facilities: mosque shelf book has its actual visible multi-material binding MosqueBook6_2
act1-facilities: binding, paper block and fine seams all have a material
act1-facilities: all cover vertices retain the authored book envelope and rest on the real shelf top
act1-facilities: a curved forward spine surrounds a genuinely recessed cream page block
act1-facilities: book surfaces have real nonzero clockwise triangles, normals and UVs
act1-facilities: both cover boards stand on the authored shelf collision, without floating or burial
act1-facilities: both cover boards stand on the authored shelf collision, without floating or burial
act1-facilities: both cover boards stand on the authored shelf collision, without floating or burial
act1-facilities: both cover boards stand on the authored shelf collision, without floating or burial
act1-facilities: mosque shelf book has its actual visible multi-material binding MosqueBook7_2
act1-facilities: binding, paper block and fine seams all have a material
act1-facilities: all cover vertices retain the authored book envelope and rest on the real shelf top
act1-facilities: a curved forward spine surrounds a genuinely recessed cream page block
act1-facilities: book surfaces have real nonzero clockwise triangles, normals and UVs
act1-facilities: both cover boards stand on the authored shelf collision, without floating or burial
act1-facilities: both cover boards stand on the authored shelf collision, without floating or burial
act1-facilities: both cover boards stand on the authored shelf collision, without floating or burial
act1-facilities: both cover boards stand on the authored shelf collision, without floating or burial
act1-facilities: twenty-four books reuse six mesh variants without duplicating shared resources
state-final-render-sync-begin: label=facility/09d_mosque_bookshelf tick=126472 drawn=7482 process=7482 physics=5367 windowVisible=True focus=True mode=Windowed renderLoop=True
state-final-render-sync-end: label=facility/09d_mosque_bookshelf milliseconds=7 forcedScreenshotRender=False
act1-facility-materials: {"kind":"mosque-capture-materials","capture":"09d_mosque_bookshelf","scope":"all-facilities","graphicsPreset":"medium","savedPreferencesPreset":"medium","textureLoadsSuppressed":false,"materials":[{"mesh":"/root/Act1FacilitiesSmokeTest/Act1Demo/Main/ZoneHost/Act1ConnectedWorld/Act1CoreWorldGreybox/VillageMosqueComplex/MosqueHallEastLeft","surface":0,"visible":true,"material":"ShaderMaterial","materialPath":"","materialId":9223372912961025484,"shaderPath":"","shaderId":9223372105473592378,"lowQuality":"false","hasAlbedoTexture":"true","textureStrength":"0.94999998807907","textureScale":"(1.5, 1.15)","texturePath":"res://assets/textures/painterly/aged_plaster_v3_albedo.png"},{"mesh":"/root/Act1FacilitiesSmokeTest/Act1Demo/Main/ZoneHost/Act1ConnectedWorld/Act1CoreWorldGreybox/VillageMosqueComplex/MosqueInterior/MosqueTimberFloor","surface":0,"visible":true,"material":"ShaderMaterial","materialPath":"","materialId":9223374477335796844,"shaderPath":"","shaderId":9223372105473592378,"lowQuality":"false","hasAlbedoTexture":"true","textureStrength":"0.9200000166893","textureScale":"(0.95, 0.95)","texturePath":"res://assets/textures/painterly/weathered_wood_boards_v3_albedo.png"},{"mesh":"/root/Act1FacilitiesSmokeTest/Act1Demo/Main/ZoneHost/Act1ConnectedWorld/Act1CoreWorldGreybox/VillageMosqueComplex/MosqueInterior/Npc_timur_hazrat/TimurHazrat_Rig/Skeleton3D/TimurHazrat_CoatFrontPlacket_LOD0","surface":0,"visible":true,"material":"ShaderMaterial","materialPath":"","materialId":9223374395009994490,"shaderPath":"","shaderId":9223372105473592378,"lowQuality":"false","hasAlbedoTexture":"true","textureStrength":"0.87999999523163","textureScale":"(2.0, 2.0)","texturePath":"res://assets/textures/painterly/old_fabric_v3_albedo.png"},{"mesh":"/root/Act1FacilitiesSmokeTest/Act1Demo/Main/ZoneHost/Act1ConnectedWorld/Act1CoreWorldGreybox/VillageMosqueComplex/MosqueInterior/Npc_timur_hazrat/TimurHazrat_Rig/Skeleton3D/TimurHazrat_CoatFrontPlacket_LOD1","surface":0,"visible":true,"material":"ShaderMaterial","materialPath":"","materialId":9223374395009994490,"shaderPath":"","shaderId":9223372105473592378,"lowQuality":"false","hasAlbedoTexture":"true","textureStrength":"0.87999999523163","textureScale":"(2.0, 2.0)","texturePath":"res://assets/textures/painterly/old_fabric_v3_albedo.png"},{"mesh":"/root/Act1FacilitiesSmokeTest/Act1Demo/Main/ZoneHost/Act1ConnectedWorld/Act1CoreWorldGreybox/VillageMosqueComplex/MosqueInterior/Npc_timur_hazrat/TimurHazrat_Rig/Skeleton3D/TimurHazrat_CoatHem_LOD0","surface":0,"visible":true,"material":"ShaderMaterial","materialPath":"","materialId":9223374394976440057,"shaderPath":"","shaderId":9223372105473592378,"lowQuality":"false","hasAlbedoTexture":"true","textureStrength":"0.87999999523163","textureScale":"(2.0, 2.0)","texturePath":"res://assets/textures/painterly/old_fabric_v3_albedo.png"}],"stateChangedByObservation":false,"foregroundPerformanceMeasured":false}
act1-facility-camera: {"kind":"native-game-camera","file":"/Users/unterlantas/Documents/GitHub/URMAN/docs/production/act1_takeover_evidence_2026-09-16/images-facilities-11/09d_mosque_bookshelf.png","focus":true,"intendedAim":"(-57.075, 5.782295, -31.369999)","cameraBefore":"[X: (-0.9998765, 0, -0.015715819), Y: (-0.011078829, 0.7092594, 0.70486057), Z: (0.011146592, 0.7049476, -0.7091718), O: (-57.063713, 6.498826, -32.090816)]","cameraAfter":"[X: (-0.9998765, 0, -0.015715819), Y: (-0.011078829, 0.7092594, 0.70486057), Z: (0.011146592, 0.7049476, -0.7091718), O: (-57.063713, 6.498826, -32.090816)]","cameraUnchangedDuringRender":true,"cameraTravel":0,"cameraForwardDot":1,"frameBefore":7482,"frameAfter":7482,"intendedAimDot":1,"humanArtReview":"not-run"}
act1-facilities: 09d_mosque_bookshelf: the actual camera retains the intended view across the rendered frame
act1-facilities: leave the shelf along the same supported aisle; actual=(-56.513355, 4.798826, -34.93501), expected=(-56.5, 4.782295, -35), grounded=True, settledFrames=3, waitedFrames=3, distance=0,06634902
act1-facilities: return across the actual hall to Timur and the vestibule; actual=(-51.86726, 4.798826, -34.999073), expected=(-51.8, 4.782295, -35), grounded=True, settledFrames=3, waitedFrames=3, distance=0,06726713
act1-facilities: return through the hall opening; actual=(-49.4302, 4.782391, -34.99997), expected=(-49.35, 4.782295, -35), grounded=True, settledFrames=3, waitedFrames=3, distance=0,0802002
act1-facilities: leave the real doorway onto its supported exterior landing within reach of the inward leaf; actual=(-46.436737, 4.782391, -35.24296), expected=(-46.35, 4.782295, -35.25), grounded=True, settledFrames=3, waitedFrames=3, distance=0,08702366
act1-facilities: previous facility action finishes; camera=(-46.25733, 6.4823914, -35.257523) ray=(0.9967229, -0, -0.08089213) hit= shape= at=(0, 0, 0) held= busy=False registering=False registered=True heldPosition= heldPoseValid=False light= targetState= targetVisible= targetConcealed= modal=False pause=False focused=True physicsEnabled=True treePaused=False inputFrame=5605/5606 interactPresses=44 feedback= pickupProbe=item=carry-lantern source=[X: (1, 0, 0), Y: (0, 1, 0), Z: (0, 0, 1), O: (-31.529999, 1.0847436, 1.54)] size=(0.22, 0.39, 0.22); path=direct; accepted=(-31.529999, 1.6505122, 1.7300017);
act1-facilities: actual available aim at MosqueEntranceUse; layer=4; camera=(-46.608654, 6.4823914, -35.29628) ray=(-0.8971101, -0.34319916, -0.27822256) hit=/root/Act1FacilitiesSmokeTest/Act1Demo/Main/ZoneHost/Act1ConnectedWorld/village-main-road/MosqueEntranceUse shape=/root/Act1FacilitiesSmokeTest/Act1Demo/Main/ZoneHost/Act1ConnectedWorld/village-main-road/MosqueEntranceUse/SurfaceRay at=(-47.91801, 5.981483, -35.70235) held= busy=False registering=False registered=True heldPosition= heldPoseValid=False light= targetState= targetVisible= targetConcealed= modal=False pause=False focused=True physicsEnabled=True treePaused=False inputFrame=5608/5609 interactPresses=44 feedback= pickupProbe=item=carry-lantern source=[X: (1, 0, 0), Y: (0, 1, 0), Z: (0, 0, 1), O: (-31.529999, 1.0847436, 1.54)] size=(0.22, 0.39, 0.22); path=direct; accepted=(-31.529999, 1.6505122, 1.7300017);
act1-facility-door: {"kind":"door-input-probe","phase":"before-input","target":"urman.chapter1:local/mosque/entrance","feet":"(-46.436737, 4.782391, -35.24296)","velocity":"(0, 0, 0)","forward":0,"backward":0,"left":0,"right":0,"interact":0,"focus":true,"modal":false,"sessionReady":true,"noticeActive":false,"focusedInteraction":"urman.chapter1:local/mosque/entrance","transformRevision":74,"angle":-1.6580628,"actionNumber":1,"action":"{\u0022phase\u0022:\u0022received\u0022,\u0022key\u0022:\u0022mosque/entrance\u0022,\u0022busy\u0022:false,\u0022sessionReady\u0022:true,\u0022feet\u0022:\u0022(-45.138615, 4.782604, -35.290905)\u0022,\u0022focus\u0022:true,\u0022forward\u0022:0,\u0022backward\u0022:0,\u0022left\u0022:0,\u0022right\u0022:0}","result":"committed","sweep":"{\u0022clear\u0022:true,\u0022samples\u0022:133,\u0022from\u0022:0,\u0022to\u0022:-1.6580628}","aim":"camera=(-46.608654, 6.4823914, -35.29628) ray=(-0.8971101, -0.34319916, -0.27822256) hit=/root/Act1FacilitiesSmokeTest/Act1Demo/Main/ZoneHost/Act1ConnectedWorld/village-main-road/MosqueEntranceUse shape=/root/Act1FacilitiesSmokeTest/Act1Demo/Main/ZoneHost/Act1ConnectedWorld/village-main-road/MosqueEntranceUse/SurfaceRay at=(-47.91801, 5.981483, -35.70235) held= busy=False registering=False registered=True heldPosition= heldPoseValid=False light= targetState= targetVisible= targetConcealed= modal=False pause=False focused=True physicsEnabled=True treePaused=False inputFrame=5608/5609 interactPresses=44 feedback= pickupProbe=item=carry-lantern source=[X: (1, 0, 0), Y: (0, 1, 0), Z: (0, 0, 1), O: (-31.529999, 1.0847436, 1.54)] size=(0.22, 0.39, 0.22); path=direct; accepted=(-31.529999, 1.6505122, 1.7300017);"}
act1-facilities: MosqueEntranceUse: passive focus follows the actual door during a result notice
SaveGameV3 written to /Users/unterlantas/Library/Application Support/Godot/app_userdata/URMAN/savegames/checkpoint.savegame-v3.json
act1-facility-door: {"kind":"door-input-probe","phase":"after-input","target":"urman.chapter1:local/mosque/entrance","feet":"(-46.436737, 4.782391, -35.24296)","velocity":"(0, 0, 0)","forward":0,"backward":0,"left":0,"right":0,"interact":0,"focus":true,"modal":false,"sessionReady":true,"noticeActive":true,"focusedInteraction":"urman.chapter1:local/mosque/entrance","transformRevision":74,"angle":-1.518063,"actionNumber":2,"action":"{\u0022phase\u0022:\u0022received\u0022,\u0022key\u0022:\u0022mosque/entrance\u0022,\u0022busy\u0022:false,\u0022sessionReady\u0022:true,\u0022feet\u0022:\u0022(-46.436737, 4.782391, -35.24296)\u0022,\u0022focus\u0022:true,\u0022forward\u0022:0,\u0022backward\u0022:0,\u0022left\u0022:0,\u0022right\u0022:0}","result":"committed","sweep":"{\u0022clear\u0022:true,\u0022samples\u0022:133,\u0022from\u0022:-1.6580628,\u0022to\u0022:0}","aim":"camera=(-46.608654, 6.4823914, -35.29628) ray=(-0.8971101, -0.34319916, -0.27822256) hit=/root/Act1FacilitiesSmokeTest/Act1Demo/Main/ZoneHost/Act1ConnectedWorld/village-main-road/MosqueEntranceUse shape=/root/Act1FacilitiesSmokeTest/Act1Demo/Main/ZoneHost/Act1ConnectedWorld/village-main-road/MosqueEntranceUse/SurfaceRay at=(-47.741364, 6.0490613, -35.64757) held= busy=False registering=False registered=True heldPosition= heldPoseValid=False light= targetState= targetVisible= targetConcealed= modal=False pause=False focused=True physicsEnabled=True treePaused=False inputFrame=5610/5614 interactPresses=45 feedback= pickupProbe=item=carry-lantern source=[X: (1, 0, 0), Y: (0, 1, 0), Z: (0, 0, 1), O: (-31.529999, 1.0847436, 1.54)] size=(0.22, 0.39, 0.22); path=direct; accepted=(-31.529999, 1.6505122, 1.7300017);"}
act1-facilities: MosqueEntranceUse: one deliberate mapped press reaches exactly one door callback
act1-facilities: facility transaction and existing checkpoint save finish; camera=(-46.608654, 6.4823914, -35.29628) ray=(-0.8971101, -0.34319916, -0.27822256) hit=/root/Act1FacilitiesSmokeTest/Act1Demo/Main/ZoneHost/Act1ConnectedWorld/village-main-road/MosqueEntranceUse shape=/root/Act1FacilitiesSmokeTest/Act1Demo/Main/ZoneHost/Act1ConnectedWorld/village-main-road/MosqueEntranceUse/SurfaceRay at=(-47.741364, 6.0490613, -35.64757) held= busy=False registering=False registered=True heldPosition= heldPoseValid=False light= targetState= targetVisible= targetConcealed= modal=False pause=False focused=True physicsEnabled=True treePaused=False inputFrame=5610/5614 interactPresses=45 feedback= pickupProbe=item=carry-lantern source=[X: (1, 0, 0), Y: (0, 1, 0), Z: (0, 0, 1), O: (-31.529999, 1.0847436, 1.54)] size=(0.22, 0.39, 0.22); path=direct; accepted=(-31.529999, 1.6505122, 1.7300017);
act1-facility-door: {"kind":"door-input-probe","phase":"after-transaction","target":"urman.chapter1:local/mosque/entrance","feet":"(-46.436737, 4.782391, -35.24296)","velocity":"(0, 0, 0)","forward":0,"backward":0,"left":0,"right":0,"interact":0,"focus":true,"modal":false,"sessionReady":true,"noticeActive":true,"focusedInteraction":"urman.chapter1:local/mosque/entrance","transformRevision":74,"angle":-1.3780631,"actionNumber":2,"action":"{\u0022phase\u0022:\u0022received\u0022,\u0022key\u0022:\u0022mosque/entrance\u0022,\u0022busy\u0022:false,\u0022sessionReady\u0022:true,\u0022feet\u0022:\u0022(-46.436737, 4.782391, -35.24296)\u0022,\u0022focus\u0022:true,\u0022forward\u0022:0,\u0022backward\u0022:0,\u0022left\u0022:0,\u0022right\u0022:0}","result":"committed","sweep":"{\u0022clear\u0022:true,\u0022samples\u0022:133,\u0022from\u0022:-1.6580628,\u0022to\u0022:0}","aim":"camera=(-46.608654, 6.4823914, -35.29628) ray=(-0.8971101, -0.34319916, -0.27822256) hit=/root/Act1FacilitiesSmokeTest/Act1Demo/Main/ZoneHost/Act1ConnectedWorld/village-main-road/MosqueEntranceUse shape=/root/Act1FacilitiesSmokeTest/Act1Demo/Main/ZoneHost/Act1ConnectedWorld/village-main-road/MosqueEntranceUse/SurfaceRay at=(-47.660107, 6.0801477, -35.622368) held= busy=False registering=False registered=True heldPosition= heldPoseValid=False light= targetState= targetVisible= targetConcealed= modal=False pause=False focused=True physicsEnabled=True treePaused=False inputFrame=5610/5617 interactPresses=45 feedback= pickupProbe=item=carry-lantern source=[X: (1, 0, 0), Y: (0, 1, 0), Z: (0, 0, 1), O: (-31.529999, 1.0847436, 1.54)] size=(0.22, 0.39, 0.22); path=direct; accepted=(-31.529999, 1.6505122, 1.7300017);"}
act1-facility-door: {"kind":"door-input-probe","phase":"finished-angle-wait","target":"urman.chapter1:local/mosque/entrance","feet":"(-46.436737, 4.782391, -35.24296)","velocity":"(0, 0, 0)","forward":0,"backward":0,"left":0,"right":0,"interact":0,"focus":true,"modal":false,"sessionReady":true,"noticeActive":true,"focusedInteraction":"urman.chapter1:local/mosque/entrance","transformRevision":74,"angle":0,"actionNumber":2,"action":"{\u0022phase\u0022:\u0022received\u0022,\u0022key\u0022:\u0022mosque/entrance\u0022,\u0022busy\u0022:false,\u0022sessionReady\u0022:true,\u0022feet\u0022:\u0022(-46.436737, 4.782391, -35.24296)\u0022,\u0022focus\u0022:true,\u0022forward\u0022:0,\u0022backward\u0022:0,\u0022left\u0022:0,\u0022right\u0022:0}","result":"committed","sweep":"{\u0022clear\u0022:true,\u0022samples\u0022:133,\u0022from\u0022:-1.6580628,\u0022to\u0022:0}","aim":"camera=(-46.608654, 6.4823914, -35.29628) ray=(-0.8971101, -0.34319916, -0.27822256) hit=/root/Act1FacilitiesSmokeTest/Act1Demo/Main/ZoneHost/Act1ConnectedWorld/village-main-road/MosqueEntranceUse shape=/root/Act1FacilitiesSmokeTest/Act1Demo/Main/ZoneHost/Act1ConnectedWorld/village-main-road/MosqueEntranceUse/SurfaceRay at=(-47.4025, 6.1786976, -35.542477) held= busy=False registering=False registered=True heldPosition= heldPoseValid=False light= targetState= targetVisible= targetConcealed= modal=False pause=False focused=True physicsEnabled=True treePaused=False inputFrame=5610/5647 interactPresses=45 feedback= pickupProbe=item=carry-lantern source=[X: (1, 0, 0), Y: (0, 1, 0), Z: (0, 0, 1), O: (-31.529999, 1.0847436, 1.54)] size=(0.22, 0.39, 0.22); path=direct; accepted=(-31.529999, 1.6505122, 1.7300017);"}
act1-facilities: attain ordinary inward mosque door closed before migration
SaveGameV3 written to /Users/unterlantas/Library/Application Support/Godot/app_userdata/URMAN/savegames/facilities-mosque-door-v1-closed.savegame-v3.json
act1-facilities: save attained version-1 mosque door closed
act1-facilities: mosque angle and geometry version use one normal save transaction
act1-facilities: pending action is finished before loading facilities-mosque-door-legacy-closed; camera=(-46.608654, 6.4823914, -35.29628) ray=(-0.8971101, -0.34319916, -0.27822256) hit=/root/Act1FacilitiesSmokeTest/Act1Demo/Main/ZoneHost/Act1ConnectedWorld/village-main-road/MosqueEntranceUse shape=/root/Act1FacilitiesSmokeTest/Act1Demo/Main/ZoneHost/Act1ConnectedWorld/village-main-road/MosqueEntranceUse/SurfaceRay at=(-47.4025, 6.1786976, -35.542477) held= busy=False registering=False registered=True heldPosition= heldPoseValid=False light= targetState= targetVisible= targetConcealed= modal=False pause=False focused=True physicsEnabled=True treePaused=False inputFrame=5610/5650 interactPresses=45 feedback= pickupProbe=item=carry-lantern source=[X: (1, 0, 0), Y: (0, 1, 0), Z: (0, 0, 1), O: (-31.529999, 1.0847436, 1.54)] size=(0.22, 0.39, 0.22); path=direct; accepted=(-31.529999, 1.6505122, 1.7300017);
zone-loaded: village_day@arrival connected-world=116886869495
SaveGameV3 restored.
act1-facilities: load attained save facilities-mosque-door-legacy-closed
act1-facilities: legacy mosque closed load 1 projects inward once without rewriting the snapshot
act1-facilities: mosque migration leaves the original legacy slot bytes intact
act1-facilities: pending action is finished before loading facilities-mosque-door-legacy-closed; camera=(-46.608654, 6.4823914, -35.29628) ray=(-0.8971101, -0.34319913, -0.2782226) hit=/root/Act1FacilitiesSmokeTest/Act1Demo/Main/ZoneHost/Act1ConnectedWorld/village-main-road/MosqueEntranceUse shape=/root/Act1FacilitiesSmokeTest/Act1Demo/Main/ZoneHost/Act1ConnectedWorld/village-main-road/MosqueEntranceUse/SurfaceRay at=(-47.4025, 6.1786976, -35.542477) held= busy=False registering=False registered=True heldPosition= heldPoseValid=False light= targetState= targetVisible= targetConcealed= modal=False pause=False focused=True physicsEnabled=True treePaused=False inputFrame=5664/5664 interactPresses=45 feedback= pickupProbe=item=carry-lantern source=[X: (1, 0, 0), Y: (0, 1, 0), Z: (0, 0, 1), O: (-31.529999, 1.0847436, 1.54)] size=(0.22, 0.39, 0.22); path=direct; accepted=(-31.529999, 1.6505122, 1.7300017);
zone-loaded: village_day@arrival connected-world=116886869495
SaveGameV3 restored.
act1-facilities: load attained save facilities-mosque-door-legacy-closed
act1-facilities: legacy mosque closed load 2 projects inward once without rewriting the snapshot
act1-facilities: mosque migration leaves the original legacy slot bytes intact
SaveGameV3 written to /Users/unterlantas/Library/Application Support/Godot/app_userdata/URMAN/savegames/facilities-mosque-door-migrated-closed.savegame-v3.json
act1-facilities: normal mosque save publishes projected angle and version together
act1-facilities: new negative mosque angle is explicitly versioned and cannot migrate twice
act1-facilities: pending action is finished before loading facilities-mosque-door-migrated-closed; camera=(-46.608654, 6.4823914, -35.29628) ray=(-0.89711016, -0.34319913, -0.2782226) hit=/root/Act1FacilitiesSmokeTest/Act1Demo/Main/ZoneHost/Act1ConnectedWorld/village-main-road/MosqueEntranceUse shape=/root/Act1FacilitiesSmokeTest/Act1Demo/Main/ZoneHost/Act1ConnectedWorld/village-main-road/MosqueEntranceUse/SurfaceRay at=(-47.4025, 6.1786976, -35.542477) held= busy=False registering=False registered=True heldPosition= heldPoseValid=False light= targetState= targetVisible= targetConcealed= modal=False pause=False focused=True physicsEnabled=True treePaused=False inputFrame=5681/5681 interactPresses=45 feedback= pickupProbe=item=carry-lantern source=[X: (1, 0, 0), Y: (0, 1, 0), Z: (0, 0, 1), O: (-31.529999, 1.0847436, 1.54)] size=(0.22, 0.39, 0.22); path=direct; accepted=(-31.529999, 1.6505122, 1.7300017);
zone-loaded: village_day@arrival connected-world=116886869495
SaveGameV3 restored.
act1-facilities: load attained save facilities-mosque-door-migrated-closed
act1-facilities: version-1 mosque closed load 1 retains its inward physical pose
act1-facilities: pending action is finished before loading facilities-mosque-door-migrated-closed; camera=(-46.608654, 6.4823914, -35.29628) ray=(-0.8971101, -0.34319913, -0.27822265) hit=/root/Act1FacilitiesSmokeTest/Act1Demo/Main/ZoneHost/Act1ConnectedWorld/village-main-road/MosqueEntranceUse shape=/root/Act1FacilitiesSmokeTest/Act1Demo/Main/ZoneHost/Act1ConnectedWorld/village-main-road/MosqueEntranceUse/SurfaceRay at=(-47.4025, 6.1786976, -35.542477) held= busy=False registering=False registered=True heldPosition= heldPoseValid=False light= targetState= targetVisible= targetConcealed= modal=False pause=False focused=True physicsEnabled=True treePaused=False inputFrame=5694/5695 interactPresses=45 feedback= pickupProbe=item=carry-lantern source=[X: (1, 0, 0), Y: (0, 1, 0), Z: (0, 0, 1), O: (-31.529999, 1.0847436, 1.54)] size=(0.22, 0.39, 0.22); path=direct; accepted=(-31.529999, 1.6505122, 1.7300017);
zone-loaded: village_day@arrival connected-world=116886869495
SaveGameV3 restored.
act1-facilities: load attained save facilities-mosque-door-migrated-closed
act1-facilities: version-1 mosque closed load 2 retains its inward physical pose
act1-facilities: previous facility action finishes; camera=(-46.608654, 6.4823914, -35.29628) ray=(-0.89711016, -0.34319913, -0.2782226) hit=/root/Act1FacilitiesSmokeTest/Act1Demo/Main/ZoneHost/Act1ConnectedWorld/village-main-road/MosqueEntranceUse shape=/root/Act1FacilitiesSmokeTest/Act1Demo/Main/ZoneHost/Act1ConnectedWorld/village-main-road/MosqueEntranceUse/SurfaceRay at=(-47.4025, 6.1786976, -35.542477) held= busy=False registering=False registered=True heldPosition= heldPoseValid=False light= targetState= targetVisible= targetConcealed= modal=False pause=False focused=True physicsEnabled=True treePaused=False inputFrame=5707/5708 interactPresses=45 feedback= pickupProbe=item=carry-lantern source=[X: (1, 0, 0), Y: (0, 1, 0), Z: (0, 0, 1), O: (-31.529999, 1.0847436, 1.54)] size=(0.22, 0.39, 0.22); path=direct; accepted=(-31.529999, 1.6505122, 1.7300017);
act1-facilities: actual available aim at MosqueEntranceUse; layer=4; camera=(-46.611866, 6.4823914, -35.201385) ray=(-0.80142295, -0.5670305, 0.19025676) hit=/root/Act1FacilitiesSmokeTest/Act1Demo/Main/ZoneHost/Act1ConnectedWorld/village-main-road/MosqueEntranceUse shape=/root/Act1FacilitiesSmokeTest/Act1Demo/Main/ZoneHost/Act1ConnectedWorld/village-main-road/MosqueEntranceUse/SurfaceRay at=(-47.4025, 5.9229946, -35.01369) held= busy=False registering=False registered=True heldPosition= heldPoseValid=False light= targetState= targetVisible= targetConcealed= modal=False pause=False focused=True physicsEnabled=True treePaused=False inputFrame=5710/5711 interactPresses=45 feedback= pickupProbe=item=carry-lantern source=[X: (1, 0, 0), Y: (0, 1, 0), Z: (0, 0, 1), O: (-31.529999, 1.0847436, 1.54)] size=(0.22, 0.39, 0.22); path=direct; accepted=(-31.529999, 1.6505122, 1.7300017);
act1-facility-door: {"kind":"door-input-probe","phase":"before-input","target":"urman.chapter1:local/mosque/entrance","feet":"(-46.436737, 4.782391, -35.24296)","velocity":"(0, 0, 0)","forward":0,"backward":0,"left":0,"right":0,"interact":0,"focus":true,"modal":false,"sessionReady":true,"noticeActive":false,"focusedInteraction":"urman.chapter1:local/mosque/entrance","transformRevision":82,"angle":0,"actionNumber":2,"action":"{\u0022phase\u0022:\u0022received\u0022,\u0022key\u0022:\u0022mosque/entrance\u0022,\u0022busy\u0022:false,\u0022sessionReady\u0022:true,\u0022feet\u0022:\u0022(-46.436737, 4.782391, -35.24296)\u0022,\u0022focus\u0022:true,\u0022forward\u0022:0,\u0022backward\u0022:0,\u0022left\u0022:0,\u0022right\u0022:0}","result":"committed","sweep":"{\u0022clear\u0022:true,\u0022samples\u0022:133,\u0022from\u0022:-1.6580628,\u0022to\u0022:0}","aim":"camera=(-46.611866, 6.4823914, -35.201385) ray=(-0.80142295, -0.5670305, 0.19025676) hit=/root/Act1FacilitiesSmokeTest/Act1Demo/Main/ZoneHost/Act1ConnectedWorld/village-main-road/MosqueEntranceUse shape=/root/Act1FacilitiesSmokeTest/Act1Demo/Main/ZoneHost/Act1ConnectedWorld/village-main-road/MosqueEntranceUse/SurfaceRay at=(-47.4025, 5.9229946, -35.01369) held= busy=False registering=False registered=True heldPosition= heldPoseValid=False light= targetState= targetVisible= targetConcealed= modal=False pause=False focused=True physicsEnabled=True treePaused=False inputFrame=5710/5711 interactPresses=45 feedback= pickupProbe=item=carry-lantern source=[X: (1, 0, 0), Y: (0, 1, 0), Z: (0, 0, 1), O: (-31.529999, 1.0847436, 1.54)] size=(0.22, 0.39, 0.22); path=direct; accepted=(-31.529999, 1.6505122, 1.7300017);"}
act1-facilities: MosqueEntranceUse: passive focus follows the actual door during a result notice
SaveGameV3 written to /Users/unterlantas/Library/Application Support/Godot/app_userdata/URMAN/savegames/checkpoint.savegame-v3.json
act1-facility-door: {"kind":"door-input-probe","phase":"after-input","target":"urman.chapter1:local/mosque/entrance","feet":"(-46.436737, 4.782391, -35.24296)","velocity":"(0, 0, 0)","forward":0,"backward":0,"left":0,"right":0,"interact":0,"focus":true,"modal":false,"sessionReady":true,"noticeActive":true,"focusedInteraction":"urman.chapter1:local/mosque/entrance","transformRevision":82,"angle":-0.14,"actionNumber":3,"action":"{\u0022phase\u0022:\u0022received\u0022,\u0022key\u0022:\u0022mosque/entrance\u0022,\u0022busy\u0022:false,\u0022sessionReady\u0022:true,\u0022feet\u0022:\u0022(-46.436737, 4.782391, -35.24296)\u0022,\u0022focus\u0022:true,\u0022forward\u0022:0,\u0022backward\u0022:0,\u0022left\u0022:0,\u0022right\u0022:0}","result":"committed","sweep":"{\u0022clear\u0022:true,\u0022samples\u0022:133,\u0022from\u0022:0,\u0022to\u0022:-1.6580628}","aim":"camera=(-46.611866, 6.4823914, -35.201385) ray=(-0.80142295, -0.5670305, 0.19025676) hit=/root/Act1FacilitiesSmokeTest/Act1Demo/Main/ZoneHost/Act1ConnectedWorld/village-main-road/MosqueEntranceUse shape=/root/Act1FacilitiesSmokeTest/Act1Demo/Main/ZoneHost/Act1ConnectedWorld/village-main-road/MosqueEntranceUse/SurfaceRay at=(-47.50489, 5.8505487, -34.989384) held= busy=False registering=False registered=True heldPosition= heldPoseValid=False light= targetState= targetVisible= targetConcealed= modal=False pause=False focused=True physicsEnabled=True treePaused=False inputFrame=5712/5716 interactPresses=46 feedback= pickupProbe=item=carry-lantern source=[X: (1, 0, 0), Y: (0, 1, 0), Z: (0, 0, 1), O: (-31.529999, 1.0847436, 1.54)] size=(0.22, 0.39, 0.22); path=direct; accepted=(-31.529999, 1.6505122, 1.7300017);"}
act1-facilities: MosqueEntranceUse: one deliberate mapped press reaches exactly one door callback
act1-facilities: facility transaction and existing checkpoint save finish; camera=(-46.611866, 6.4823914, -35.201385) ray=(-0.80142295, -0.5670305, 0.19025676) hit=/root/Act1FacilitiesSmokeTest/Act1Demo/Main/ZoneHost/Act1ConnectedWorld/village-main-road/MosqueEntranceUse shape=/root/Act1FacilitiesSmokeTest/Act1Demo/Main/ZoneHost/Act1ConnectedWorld/village-main-road/MosqueEntranceUse/SurfaceRay at=(-47.50489, 5.8505487, -34.989384) held= busy=False registering=False registered=True heldPosition= heldPoseValid=False light= targetState= targetVisible= targetConcealed= modal=False pause=False focused=True physicsEnabled=True treePaused=False inputFrame=5712/5716 interactPresses=46 feedback= pickupProbe=item=carry-lantern source=[X: (1, 0, 0), Y: (0, 1, 0), Z: (0, 0, 1), O: (-31.529999, 1.0847436, 1.54)] size=(0.22, 0.39, 0.22); path=direct; accepted=(-31.529999, 1.6505122, 1.7300017);
act1-facility-door: {"kind":"door-input-probe","phase":"after-transaction","target":"urman.chapter1:local/mosque/entrance","feet":"(-46.436737, 4.782391, -35.24296)","velocity":"(0, 0, 0)","forward":0,"backward":0,"left":0,"right":0,"interact":0,"focus":true,"modal":false,"sessionReady":true,"noticeActive":true,"focusedInteraction":"urman.chapter1:local/mosque/entrance","transformRevision":82,"angle":-0.28,"actionNumber":3,"action":"{\u0022phase\u0022:\u0022received\u0022,\u0022key\u0022:\u0022mosque/entrance\u0022,\u0022busy\u0022:false,\u0022sessionReady\u0022:true,\u0022feet\u0022:\u0022(-46.436737, 4.782391, -35.24296)\u0022,\u0022focus\u0022:true,\u0022forward\u0022:0,\u0022backward\u0022:0,\u0022left\u0022:0,\u0022right\u0022:0}","result":"committed","sweep":"{\u0022clear\u0022:true,\u0022samples\u0022:133,\u0022from\u0022:0,\u0022to\u0022:-1.6580628}","aim":"camera=(-46.611866, 6.4823914, -35.201385) ray=(-0.80142295, -0.5670305, 0.19025676) hit=/root/Act1FacilitiesSmokeTest/Act1Demo/Main/ZoneHost/Act1ConnectedWorld/village-main-road/MosqueEntranceUse shape=/root/Act1FacilitiesSmokeTest/Act1Demo/Main/ZoneHost/Act1ConnectedWorld/village-main-road/MosqueEntranceUse/SurfaceRay at=(-47.61798, 5.770533, -34.962532) held= busy=False registering=False registered=True heldPosition= heldPoseValid=False light= targetState= targetVisible= targetConcealed= modal=False pause=False focused=True physicsEnabled=True treePaused=False inputFrame=5712/5719 interactPresses=46 feedback= pickupProbe=item=carry-lantern source=[X: (1, 0, 0), Y: (0, 1, 0), Z: (0, 0, 1), O: (-31.529999, 1.0847436, 1.54)] size=(0.22, 0.39, 0.22); path=direct; accepted=(-31.529999, 1.6505122, 1.7300017);"}
act1-facility-door: {"kind":"door-input-probe","phase":"waiting-angle","target":"urman.chapter1:local/mosque/entrance","feet":"(-46.436737, 4.782391, -35.24296)","velocity":"(0, 0, 0)","forward":0,"backward":0,"left":0,"right":0,"interact":0,"focus":true,"modal":false,"sessionReady":true,"noticeActive":true,"focusedInteraction":"","transformRevision":82,"angle":-1.6580628,"actionNumber":3,"action":"{\u0022phase\u0022:\u0022received\u0022,\u0022key\u0022:\u0022mosque/entrance\u0022,\u0022busy\u0022:false,\u0022sessionReady\u0022:true,\u0022feet\u0022:\u0022(-46.436737, 4.782391, -35.24296)\u0022,\u0022focus\u0022:true,\u0022forward\u0022:0,\u0022backward\u0022:0,\u0022left\u0022:0,\u0022right\u0022:0}","result":"committed","sweep":"{\u0022clear\u0022:true,\u0022samples\u0022:133,\u0022from\u0022:0,\u0022to\u0022:-1.6580628}","aim":"camera=(-46.611866, 6.4823914, -35.201385) ray=(-0.80142295, -0.5670305, 0.19025676) hit= shape= at=(0, 0, 0) held= busy=False registering=False registered=True heldPosition= heldPoseValid=False light= targetState= targetVisible= targetConcealed= modal=False pause=False focused=True physicsEnabled=True treePaused=False inputFrame=5712/5749 interactPresses=46 feedback= pickupProbe=item=carry-lantern source=[X: (1, 0, 0), Y: (0, 1, 0), Z: (0, 0, 1), O: (-31.529999, 1.0847436, 1.54)] size=(0.22, 0.39, 0.22); path=direct; accepted=(-31.529999, 1.6505122, 1.7300017);"}
act1-facility-door: {"kind":"door-input-probe","phase":"finished-angle-wait","target":"urman.chapter1:local/mosque/entrance","feet":"(-46.436737, 4.782391, -35.24296)","velocity":"(0, 0, 0)","forward":0,"backward":0,"left":0,"right":0,"interact":0,"focus":true,"modal":false,"sessionReady":true,"noticeActive":true,"focusedInteraction":"","transformRevision":82,"angle":-1.6580628,"actionNumber":3,"action":"{\u0022phase\u0022:\u0022received\u0022,\u0022key\u0022:\u0022mosque/entrance\u0022,\u0022busy\u0022:false,\u0022sessionReady\u0022:true,\u0022feet\u0022:\u0022(-46.436737, 4.782391, -35.24296)\u0022,\u0022focus\u0022:true,\u0022forward\u0022:0,\u0022backward\u0022:0,\u0022left\u0022:0,\u0022right\u0022:0}","result":"committed","sweep":"{\u0022clear\u0022:true,\u0022samples\u0022:133,\u0022from\u0022:0,\u0022to\u0022:-1.6580628}","aim":"camera=(-46.611866, 6.4823914, -35.201385) ray=(-0.80142295, -0.5670305, 0.19025676) hit= shape= at=(0, 0, 0) held= busy=False registering=False registered=True heldPosition= heldPoseValid=False light= targetState= targetVisible= targetConcealed= modal=False pause=False focused=True physicsEnabled=True treePaused=False inputFrame=5712/5749 interactPresses=46 feedback= pickupProbe=item=carry-lantern source=[X: (1, 0, 0), Y: (0, 1, 0), Z: (0, 0, 1), O: (-31.529999, 1.0847436, 1.54)] size=(0.22, 0.39, 0.22); path=direct; accepted=(-31.529999, 1.6505122, 1.7300017);"}
act1-facilities: attain ordinary inward mosque door open before migration
SaveGameV3 written to /Users/unterlantas/Library/Application Support/Godot/app_userdata/URMAN/savegames/facilities-mosque-door-v1-open.savegame-v3.json
act1-facilities: save attained version-1 mosque door open
act1-facilities: mosque angle and geometry version use one normal save transaction
act1-facilities: pending action is finished before loading facilities-mosque-door-legacy-open; camera=(-46.611866, 6.4823914, -35.201385) ray=(-0.80142295, -0.5670305, 0.19025676) hit= shape= at=(0, 0, 0) held= busy=False registering=False registered=True heldPosition= heldPoseValid=False light= targetState= targetVisible= targetConcealed= modal=False pause=False focused=True physicsEnabled=True treePaused=False inputFrame=5712/5752 interactPresses=46 feedback= pickupProbe=item=carry-lantern source=[X: (1, 0, 0), Y: (0, 1, 0), Z: (0, 0, 1), O: (-31.529999, 1.0847436, 1.54)] size=(0.22, 0.39, 0.22); path=direct; accepted=(-31.529999, 1.6505122, 1.7300017);
zone-loaded: village_day@arrival connected-world=116886869495
SaveGameV3 restored.
act1-facilities: load attained save facilities-mosque-door-legacy-open
act1-facilities: legacy mosque open load 1 projects inward once without rewriting the snapshot
act1-facilities: mosque migration leaves the original legacy slot bytes intact
act1-facilities: pending action is finished before loading facilities-mosque-door-legacy-open; camera=(-46.611866, 6.4823914, -35.201385) ray=(-0.80142295, -0.5670305, 0.19025676) hit= shape= at=(0, 0, 0) held= busy=False registering=False registered=True heldPosition= heldPoseValid=False light= targetState= targetVisible= targetConcealed= modal=False pause=False focused=True physicsEnabled=True treePaused=False inputFrame=5766/5766 interactPresses=46 feedback= pickupProbe=item=carry-lantern source=[X: (1, 0, 0), Y: (0, 1, 0), Z: (0, 0, 1), O: (-31.529999, 1.0847436, 1.54)] size=(0.22, 0.39, 0.22); path=direct; accepted=(-31.529999, 1.6505122, 1.7300017);
zone-loaded: village_day@arrival connected-world=116886869495
SaveGameV3 restored.
act1-facilities: load attained save facilities-mosque-door-legacy-open
act1-facilities: legacy mosque open load 2 projects inward once without rewriting the snapshot
act1-facilities: mosque migration leaves the original legacy slot bytes intact
SaveGameV3 written to /Users/unterlantas/Library/Application Support/Godot/app_userdata/URMAN/savegames/facilities-mosque-door-migrated-open.savegame-v3.json
act1-facilities: normal mosque save publishes projected angle and version together
act1-facilities: new negative mosque angle is explicitly versioned and cannot migrate twice
act1-facilities: pending action is finished before loading facilities-mosque-door-migrated-open; camera=(-46.611866, 6.4823914, -35.201385) ray=(-0.80142295, -0.5670305, 0.19025676) hit= shape= at=(0, 0, 0) held= busy=False registering=False registered=True heldPosition= heldPoseValid=False light= targetState= targetVisible= targetConcealed= modal=False pause=False focused=True physicsEnabled=True treePaused=False inputFrame=5780/5780 interactPresses=46 feedback= pickupProbe=item=carry-lantern source=[X: (1, 0, 0), Y: (0, 1, 0), Z: (0, 0, 1), O: (-31.529999, 1.0847436, 1.54)] size=(0.22, 0.39, 0.22); path=direct; accepted=(-31.529999, 1.6505122, 1.7300017);
zone-loaded: village_day@arrival connected-world=116886869495
SaveGameV3 restored.
act1-facilities: load attained save facilities-mosque-door-migrated-open
act1-facilities: version-1 mosque open load 1 retains its inward physical pose
act1-facilities: pending action is finished before loading facilities-mosque-door-migrated-open; camera=(-46.611866, 6.4823914, -35.201385) ray=(-0.80142295, -0.5670305, 0.19025676) hit= shape= at=(0, 0, 0) held= busy=False registering=False registered=True heldPosition= heldPoseValid=False light= targetState= targetVisible= targetConcealed= modal=False pause=False focused=True physicsEnabled=True treePaused=False inputFrame=5793/5794 interactPresses=46 feedback= pickupProbe=item=carry-lantern source=[X: (1, 0, 0), Y: (0, 1, 0), Z: (0, 0, 1), O: (-31.529999, 1.0847436, 1.54)] size=(0.22, 0.39, 0.22); path=direct; accepted=(-31.529999, 1.6505122, 1.7300017);
zone-loaded: village_day@arrival connected-world=116886869495
SaveGameV3 restored.
act1-facilities: load attained save facilities-mosque-door-migrated-open
act1-facilities: version-1 mosque open load 2 retains its inward physical pose
act1-facilities: return along the guarded upper landing to the stair; actual=(-45.246803, 4.782391, -35.249733), expected=(-45.2, 4.817295, -35.25), grounded=True, settledFrames=3, waitedFrames=3, distance=0,046803284
act1-facilities: descend the actual mosque entrance profile: point 2; actual=(-45.032066, 4.782391, -35.322273), expected=(-44.95, 4.817295, -35.35), grounded=True, settledFrames=3, waitedFrames=3, distance=0,08662245
act1-facilities: descend the actual mosque entrance profile: point 1; actual=(-44.95069, 1.8523034, -40.555744), expected=(-44.95, 1.887125, -40.6), grounded=True, settledFrames=3, waitedFrames=6, distance=0,04425969
act1-facilities: descend the actual mosque entrance profile: point 0; actual=(-44.950043, 1.6617877, -41.349625), expected=(-44.95, 1.6854045, -41.4), grounded=True, settledFrames=3, waitedFrames=8, distance=0,05037691
act1-facilities: physical room presentation follows the actual player; camera=(-44.949894, 3.3617878, -41.52962) ray=(0.0008196719, -0, -0.9999997) hit= shape= at=(0, 0, 0) held= busy=False registering=False registered=True heldPosition= heldPoseValid=False light= targetState= targetVisible= targetConcealed= modal=False pause=False focused=True physicsEnabled=True treePaused=False inputFrame=5956/5957 interactPresses=46 feedback= pickupProbe=item=carry-lantern source=[X: (1, 0, 0), Y: (0, 1, 0), Z: (0, 0, 1), O: (-31.529999, 1.0847436, 1.54)] size=(0.22, 0.39, 0.22); path=direct; accepted=(-31.529999, 1.6505122, 1.7300017);
act1-facilities: actual snow emission and visibility follow shelter: outside
act1-facilities: existing two-player ambience owner selects the indoor bed and returns to the village bed
act1-facilities: ambient crossfade reaches one active native playback without an extra owner; camera=(-44.949894, 3.3617878, -41.52962) ray=(0.0008196719, -0, -0.9999997) hit= shape= at=(0, 0, 0) held= busy=False registering=False registered=True heldPosition= heldPoseValid=False light= targetState= targetVisible= targetConcealed= modal=False pause=False focused=True physicsEnabled=True treePaused=False inputFrame=5956/5957 interactPresses=46 feedback= pickupProbe=item=carry-lantern source=[X: (1, 0, 0), Y: (0, 1, 0), Z: (0, 0, 1), O: (-31.529999, 1.0847436, 1.54)] size=(0.22, 0.39, 0.22); path=direct; accepted=(-31.529999, 1.6505122, 1.7300017);
SaveGameV3 written to /Users/unterlantas/Library/Application Support/Godot/app_userdata/URMAN/savegames/facilities-mosque-return.savegame-v3.json
act1-facilities: save an ordinary mosque visit after physically leaving
act1-facilities: pending action is finished before loading facilities-pristine; camera=(-44.949894, 3.3617878, -41.52962) ray=(0.0008196719, -0, -0.9999997) hit= shape= at=(0, 0, 0) held= busy=False registering=False registered=True heldPosition= heldPoseValid=False light= targetState= targetVisible= targetConcealed= modal=False pause=False focused=True physicsEnabled=True treePaused=False inputFrame=5957/5957 interactPresses=46 feedback= pickupProbe=item=carry-lantern source=[X: (1, 0, 0), Y: (0, 1, 0), Z: (0, 0, 1), O: (-31.529999, 1.0847436, 1.54)] size=(0.22, 0.39, 0.22); path=direct; accepted=(-31.529999, 1.6505122, 1.7300017);
zone-loaded: village_day@arrival connected-world=116886869495
SaveGameV3 restored.
act1-facilities: load attained save facilities-pristine
act1-facilities: old save does not inherit a future mosque visit
act1-facilities: pending action is finished before loading facilities-mosque-return; camera=(0, 1.2639999, 8.820004) ray=(-0, -0, -1) hit= shape= at=(0, 0, 0) held= busy=False registering=False registered=True heldPosition= heldPoseValid=False light= targetState= targetVisible= targetConcealed= modal=False pause=False focused=True physicsEnabled=True treePaused=False inputFrame=5970/5971 interactPresses=46 feedback= pickupProbe=item=carry-lantern source=[X: (1, 0, 0), Y: (0, 1, 0), Z: (0, 0, 1), O: (-31.529999, 1.0847436, 1.54)] size=(0.22, 0.39, 0.22); path=direct; accepted=(-31.529999, 1.6505122, 1.7300017);
zone-loaded: village_day@arrival connected-world=116886869495
SaveGameV3 restored.
act1-facilities: load attained save facilities-mosque-return
act1-facilities: saved mosque return restores one observation, physical door angle and supported player
act1-facilities: pending action is finished before loading facilities-pristine; camera=(-44.949894, 3.3617878, -41.52962) ray=(0.00081967184, -0, -0.9999997) hit= shape= at=(0, 0, 0) held= busy=False registering=False registered=True heldPosition= heldPoseValid=False light= targetState= targetVisible= targetConcealed= modal=False pause=False focused=True physicsEnabled=True treePaused=False inputFrame=5983/5984 interactPresses=46 feedback= pickupProbe=item=carry-lantern source=[X: (1, 0, 0), Y: (0, 1, 0), Z: (0, 0, 1), O: (-31.529999, 1.0847436, 1.54)] size=(0.22, 0.39, 0.22); path=direct; accepted=(-31.529999, 1.6505122, 1.7300017);
zone-loaded: village_day@arrival connected-world=116886869495
SaveGameV3 restored.
act1-facilities: load attained save facilities-pristine
act1-facilities: supported local start fits standing capsule: explicit supported shop-counter fixture for the optional supply test
act1-facilities: local start settles on real support: explicit supported shop-counter fixture for the optional supply test
act1-facilities: the actual shop counter is reachable before purchase
SaveGameV3 written to /Users/unterlantas/Library/Application Support/Godot/app_userdata/URMAN/savegames/checkpoint.savegame-v3.json
checkpoint: auto-saved at urman.chapter1:scene/arrival_vehicle_dusk
act1-facilities: buy the one matchbox through the normal guarded purchase command
act1-facilities: the obtained matchbox and single debt-book row agree
act1-facilities: owning matches at the shop cannot ignite the distant bath or consume the box
act1-facilities: supported local start fits standing capsule: explicit previously traversed bath heater position for the optional-source comparison
act1-facilities: local start settles on real support: explicit previously traversed bath heater position for the optional-source comparison
act1-facilities: both sources are physically usable at the real cold stove
SaveGameV3 written to /Users/unterlantas/Library/Application Support/Godot/app_userdata/URMAN/savegames/facilities-matches-cold.savegame-v3.json
act1-facilities: save attained purchase and the cold stove before choosing a source
act1-facilities: obtain the real crate for the occupied-hands refusal
act1-facilities: supported local start fits standing capsule: explicit same stove fixture while carrying the acquired crate
act1-facilities: local start settles on real support: explicit same stove fixture while carrying the acquired crate
act1-facilities: occupied hands refuse ignition without consuming fuel, the purchase or the carried item
act1-facilities: pending action is finished before loading facilities-matches-cold; camera=(-34.051235, 3.1116877, 7.010441) ray=(-0.23907925, -0.54415876, 0.8041967) hit=/root/Act1FacilitiesSmokeTest/Act1Demo/Main/ZoneHost/Act1ConnectedWorld/village-main-road/BathStoveUse shape=/root/Act1FacilitiesSmokeTest/Act1Demo/Main/ZoneHost/Act1ConnectedWorld/village-main-road/BathStoveUse/SurfaceRay at=(-34.465195, 2.1694906, 8.402888) held=carry-crate busy=False registering=False registered=True heldPosition=(-34.273506, 2.6716876, 7.758101) heldPoseValid=True light=False targetState= targetVisible= targetConcealed= modal=False pause=False focused=True physicsEnabled=True treePaused=False inputFrame=6036/6037 interactPresses=47 feedback= pickupProbe=item=carry-crate source=[X: (0.9776721, 0.031176694, 0.20781063), Y: (-0.011615854, 0.9954389, -0.09469197), Z: (-0.20981497, 0.0901638, 0.973575), O: (-27.5, 0.3315878, 2.8)] size=(0.52, 0.38, 0.42); path=direct; accepted=(-27.5, 1.6968043, 2.990004);
zone-loaded: village_day@arrival connected-world=116886869495
SaveGameV3 restored.
act1-facilities: load attained save facilities-matches-cold
act1-facilities: cold comparison save restores attained empty hands and pocket supply
act1-facilities: previous action completes before opening the ignition choice; camera=(-34.051235, 3.1116877, 7.010441) ray=(-0.23907943, -0.54415876, 0.80419666) hit=/root/Act1FacilitiesSmokeTest/Act1Demo/Main/ZoneHost/Act1ConnectedWorld/village-main-road/BathStoveUse shape=/root/Act1FacilitiesSmokeTest/Act1Demo/Main/ZoneHost/Act1ConnectedWorld/village-main-road/BathStoveUse/SurfaceRay at=(-34.465195, 2.1694906, 8.402888) held= busy=False registering=False registered=True heldPosition= heldPoseValid=False light= targetState= targetVisible= targetConcealed= modal=False pause=False focused=True physicsEnabled=True treePaused=False inputFrame=6049/6050 interactPresses=47 feedback= pickupProbe=item=carry-crate source=[X: (0.9776721, 0.031176694, 0.20781063), Y: (-0.011615854, 0.9954389, -0.09469197), Z: (-0.20981497, 0.0901638, 0.973575), O: (-27.5, 0.3315878, 2.8)] size=(0.52, 0.38, 0.42); path=direct; accepted=(-27.5, 1.6968043, 2.990004);
act1-facilities: source choice begins at the actual aimed stove
act1-facilities: the existing stove target opens the source choice for an owned purchase; camera=(-34.051235, 3.1116877, 7.010441) ray=(-0.23907909, -0.5441586, 0.8041969) hit=/root/Act1FacilitiesSmokeTest/Act1Demo/Main/ZoneHost/Act1ConnectedWorld/village-main-road/BathStoveUse shape=/root/Act1FacilitiesSmokeTest/Act1Demo/Main/ZoneHost/Act1ConnectedWorld/village-main-road/BathStoveUse/SurfaceRay at=(-34.465195, 2.16949, 8.402888) held= busy=False registering=False registered=True heldPosition= heldPoseValid=False light= targetState= targetVisible= targetConcealed= modal=True pause=False focused=True physicsEnabled=True treePaused=False inputFrame=6054/6058 interactPresses=48 feedback= pickupProbe=item=carry-crate source=[X: (0.9776721, 0.031176694, 0.20781063), Y: (-0.011615854, 0.9954389, -0.09469197), Z: (-0.20981497, 0.0901638, 0.973575), O: (-27.5, 0.3315878, 2.8)] size=(0.52, 0.38, 0.42); path=direct; accepted=(-27.5, 1.6968043, 2.990004);
act1-facilities: large-text ignition choice remains inside the real viewport
act1-facilities: opening the source choice does not spend a log or a matchbox
state-final-render-sync-begin: label=facility/11_bath_ignition_choice_160pct tick=138081 drawn=8165 process=8165 physics=6061 windowVisible=True focus=True mode=Windowed renderLoop=True
state-final-render-sync-end: label=facility/11_bath_ignition_choice_160pct milliseconds=8 forcedScreenshotRender=False
act1-facility-camera: {"kind":"native-game-camera","file":"/Users/unterlantas/Documents/GitHub/URMAN/docs/production/act1_takeover_evidence_2026-09-16/images-facilities-11/11_bath_ignition_choice_160pct.png","focus":true,"intendedAim":null,"cameraBefore":"[X: (-0.9585385, 0, -0.28496316), Y: (-0.15506516, 0.8389824, 0.52159697), Z: (0.23907907, 0.5441586, -0.8041969), O: (-34.051235, 3.1116877, 7.010441)]","cameraAfter":"[X: (-0.9585385, 0, -0.28496316), Y: (-0.15506516, 0.8389824, 0.52159697), Z: (0.23907907, 0.5441586, -0.8041969), O: (-34.051235, 3.1116877, 7.010441)]","cameraUnchangedDuringRender":true,"cameraTravel":0,"cameraForwardDot":1,"frameBefore":8165,"frameAfter":8165,"intendedAimDot":null,"humanArtReview":"not-run"}
act1-facilities: cancel closes the choice and releases its modal without action; camera=(-34.051235, 3.1116877, 7.010441) ray=(-0.23907909, -0.5441586, 0.8041969) hit=/root/Act1FacilitiesSmokeTest/Act1Demo/Main/ZoneHost/Act1ConnectedWorld/village-main-road/BathStoveUse shape=/root/Act1FacilitiesSmokeTest/Act1Demo/Main/ZoneHost/Act1ConnectedWorld/village-main-road/BathStoveUse/SurfaceRay at=(-34.465195, 2.16949, 8.402888) held= busy=False registering=False registered=True heldPosition= heldPoseValid=False light= targetState= targetVisible= targetConcealed= modal=False pause=False focused=True physicsEnabled=True treePaused=False inputFrame=6054/6061 interactPresses=48 feedback= pickupProbe=item=carry-crate source=[X: (0.9776721, 0.031176694, 0.20781063), Y: (-0.011615854, 0.9954389, -0.09469197), Z: (-0.20981497, 0.0901638, 0.973575), O: (-27.5, 0.3315878, 2.8)] size=(0.52, 0.38, 0.42); path=direct; accepted=(-27.5, 1.6968043, 2.990004);
act1-facilities: cancel leaves the cold stove and purchase unchanged
act1-facilities: previous action completes before opening the ignition choice; camera=(-34.051235, 3.1116877, 7.010441) ray=(-0.23907909, -0.5441586, 0.8041969) hit=/root/Act1FacilitiesSmokeTest/Act1Demo/Main/ZoneHost/Act1ConnectedWorld/village-main-road/BathStoveUse shape=/root/Act1FacilitiesSmokeTest/Act1Demo/Main/ZoneHost/Act1ConnectedWorld/village-main-road/BathStoveUse/SurfaceRay at=(-34.465195, 2.16949, 8.402888) held= busy=False registering=False registered=True heldPosition= heldPoseValid=False light= targetState= targetVisible= targetConcealed= modal=False pause=False focused=True physicsEnabled=True treePaused=False inputFrame=6054/6061 interactPresses=48 feedback= pickupProbe=item=carry-crate source=[X: (0.9776721, 0.031176694, 0.20781063), Y: (-0.011615854, 0.9954389, -0.09469197), Z: (-0.20981497, 0.0901638, 0.973575), O: (-27.5, 0.3315878, 2.8)] size=(0.52, 0.38, 0.42); path=direct; accepted=(-27.5, 1.6968043, 2.990004);
act1-facilities: source choice begins at the actual aimed stove
act1-facilities: the existing stove target opens the source choice for an owned purchase; camera=(-34.051235, 3.1116877, 7.010441) ray=(-0.23907909, -0.5441586, 0.8041969) hit=/root/Act1FacilitiesSmokeTest/Act1Demo/Main/ZoneHost/Act1ConnectedWorld/village-main-road/BathStoveUse shape=/root/Act1FacilitiesSmokeTest/Act1Demo/Main/ZoneHost/Act1ConnectedWorld/village-main-road/BathStoveUse/SurfaceRay at=(-34.465195, 2.16949, 8.402888) held= busy=False registering=False registered=True heldPosition= heldPoseValid=False light= targetState= targetVisible= targetConcealed= modal=True pause=False focused=True physicsEnabled=True treePaused=False inputFrame=6065/6069 interactPresses=49 feedback= pickupProbe=item=carry-crate source=[X: (0.9776721, 0.031176694, 0.20781063), Y: (-0.011615854, 0.9954389, -0.09469197), Z: (-0.20981497, 0.0901638, 0.973575), O: (-27.5, 0.3315878, 2.8)] size=(0.52, 0.38, 0.42); path=direct; accepted=(-27.5, 1.6968043, 2.990004);
SaveGameV3 written to /Users/unterlantas/Library/Application Support/Godot/app_userdata/URMAN/savegames/checkpoint.savegame-v3.json
checkpoint: auto-saved at urman.chapter1:scene/arrival_vehicle_dusk
act1-facilities: family ignition and its ordinary checkpoint finish; camera=(-34.051235, 3.1116877, 7.010441) ray=(-0.23907909, -0.5441586, 0.8041969) hit=/root/Act1FacilitiesSmokeTest/Act1Demo/Main/ZoneHost/Act1ConnectedWorld/village-main-road/BathStoveUse shape=/root/Act1FacilitiesSmokeTest/Act1Demo/Main/ZoneHost/Act1ConnectedWorld/village-main-road/BathStoveUse/SurfaceRay at=(-34.465195, 2.16949, 8.402888) held= busy=False registering=False registered=True heldPosition= heldPoseValid=False light= targetState= targetVisible= targetConcealed= modal=False pause=False focused=True physicsEnabled=True treePaused=False inputFrame=6065/6070 interactPresses=49 feedback= pickupProbe=item=carry-crate source=[X: (0.9776721, 0.031176694, 0.20781063), Y: (-0.011615854, 0.9954389, -0.09469197), Z: (-0.20981497, 0.0901638, 0.973575), O: (-27.5, 0.3315878, 2.8)] size=(0.52, 0.38, 0.42); path=direct; accepted=(-27.5, 1.6968043, 2.990004);
act1-facilities: family choice consumes one log while retaining the bought box in the pocket
act1-facilities: pending action is finished before loading facilities-matches-cold; camera=(-34.051235, 3.1116877, 7.010441) ray=(-0.23907909, -0.5441586, 0.8041969) hit=/root/Act1FacilitiesSmokeTest/Act1Demo/Main/ZoneHost/Act1ConnectedWorld/village-main-road/BathStoveUse shape=/root/Act1FacilitiesSmokeTest/Act1Demo/Main/ZoneHost/Act1ConnectedWorld/village-main-road/BathStoveUse/SurfaceRay at=(-34.465195, 2.16949, 8.402888) held= busy=False registering=False registered=True heldPosition= heldPoseValid=False light= targetState= targetVisible= targetConcealed= modal=False pause=False focused=True physicsEnabled=True treePaused=False inputFrame=6065/6070 interactPresses=49 feedback= pickupProbe=item=carry-crate source=[X: (0.9776721, 0.031176694, 0.20781063), Y: (-0.011615854, 0.9954389, -0.09469197), Z: (-0.20981497, 0.0901638, 0.973575), O: (-27.5, 0.3315878, 2.8)] size=(0.52, 0.38, 0.42); path=direct; accepted=(-27.5, 1.6968043, 2.990004);
zone-loaded: village_day@arrival connected-world=116886869495
SaveGameV3 restored.
act1-facilities: load attained save facilities-matches-cold
act1-facilities: previous action completes before opening the ignition choice; camera=(-34.051235, 3.1116877, 7.010441) ray=(-0.23907943, -0.54415876, 0.80419666) hit=/root/Act1FacilitiesSmokeTest/Act1Demo/Main/ZoneHost/Act1ConnectedWorld/village-main-road/BathStoveUse shape=/root/Act1FacilitiesSmokeTest/Act1Demo/Main/ZoneHost/Act1ConnectedWorld/village-main-road/BathStoveUse/SurfaceRay at=(-34.465195, 2.1694906, 8.402888) held= busy=False registering=False registered=True heldPosition= heldPoseValid=False light= targetState= targetVisible= targetConcealed= modal=False pause=False focused=True physicsEnabled=True treePaused=False inputFrame=6082/6083 interactPresses=49 feedback= pickupProbe=item=carry-crate source=[X: (0.9776721, 0.031176694, 0.20781063), Y: (-0.011615854, 0.9954389, -0.09469197), Z: (-0.20981497, 0.0901638, 0.973575), O: (-27.5, 0.3315878, 2.8)] size=(0.52, 0.38, 0.42); path=direct; accepted=(-27.5, 1.6968043, 2.990004);
act1-facilities: source choice begins at the actual aimed stove
act1-facilities: the existing stove target opens the source choice for an owned purchase; camera=(-34.051235, 3.1116877, 7.010441) ray=(-0.23907909, -0.5441586, 0.8041969) hit=/root/Act1FacilitiesSmokeTest/Act1Demo/Main/ZoneHost/Act1ConnectedWorld/village-main-road/BathStoveUse shape=/root/Act1FacilitiesSmokeTest/Act1Demo/Main/ZoneHost/Act1ConnectedWorld/village-main-road/BathStoveUse/SurfaceRay at=(-34.465195, 2.16949, 8.402888) held= busy=False registering=False registered=True heldPosition= heldPoseValid=False light= targetState= targetVisible= targetConcealed= modal=True pause=False focused=True physicsEnabled=True treePaused=False inputFrame=6087/6091 interactPresses=50 feedback= pickupProbe=item=carry-crate source=[X: (0.9776721, 0.031176694, 0.20781063), Y: (-0.011615854, 0.9954389, -0.09469197), Z: (-0.20981497, 0.0901638, 0.973575), O: (-27.5, 0.3315878, 2.8)] size=(0.52, 0.38, 0.42); path=direct; accepted=(-27.5, 1.6968043, 2.990004);
SaveGameV3 written to /Users/unterlantas/Library/Application Support/Godot/app_userdata/URMAN/savegames/checkpoint.savegame-v3.json
checkpoint: auto-saved at urman.chapter1:scene/arrival_vehicle_dusk
act1-facilities: purchased ignition and its single checkpoint finish; camera=(-34.051235, 3.1116877, 7.010441) ray=(-0.23907909, -0.5441586, 0.8041969) hit=/root/Act1FacilitiesSmokeTest/Act1Demo/Main/ZoneHost/Act1ConnectedWorld/village-main-road/BathStoveUse shape=/root/Act1FacilitiesSmokeTest/Act1Demo/Main/ZoneHost/Act1ConnectedWorld/village-main-road/BathStoveUse/SurfaceRay at=(-34.465195, 2.16949, 8.402888) held= busy=False registering=False registered=True heldPosition= heldPoseValid=False light= targetState= targetVisible= targetConcealed= modal=False pause=False focused=True physicsEnabled=True treePaused=False inputFrame=6087/6092 interactPresses=50 feedback= pickupProbe=item=carry-crate source=[X: (0.9776721, 0.031176694, 0.20781063), Y: (-0.011615854, 0.9954389, -0.09469197), Z: (-0.20981497, 0.0901638, 0.973575), O: (-27.5, 0.3315878, 2.8)] size=(0.52, 0.38, 0.42); path=direct; accepted=(-27.5, 1.6968043, 2.990004);
act1-facilities: one purchased ignition commits fuel, heat, pocket consumption, shelf projection and the original single debt row
act1-facilities: repeated bought and family attempts while burning cannot spend another log or recreate the purchase
SaveGameV3 written to /Users/unterlantas/Library/Application Support/Godot/app_userdata/URMAN/savegames/facilities-matches-used.savegame-v3.json
act1-facilities: save the attained purchased ignition
state-final-render-sync-begin: label=facility/12_bath_purchased_matches_result tick=138620 drawn=8202 process=8201 physics=6092 windowVisible=True focus=True mode=Windowed renderLoop=True
state-final-render-sync-end: label=facility/12_bath_purchased_matches_result milliseconds=10 forcedScreenshotRender=False
act1-facility-camera: {"kind":"native-game-camera","file":"/Users/unterlantas/Documents/GitHub/URMAN/docs/production/act1_takeover_evidence_2026-09-16/images-facilities-11/12_bath_purchased_matches_result.png","focus":true,"intendedAim":null,"cameraBefore":"[X: (-0.9585385, 0, -0.28496316), Y: (-0.15506516, 0.8389824, 0.52159697), Z: (0.23907907, 0.5441586, -0.8041969), O: (-34.051235, 3.1116877, 7.010441)]","cameraAfter":"[X: (-0.9585385, 0, -0.28496316), Y: (-0.15506516, 0.8389824, 0.52159697), Z: (0.23907907, 0.5441586, -0.8041969), O: (-34.051235, 3.1116877, 7.010441)]","cameraUnchangedDuringRender":true,"cameraTravel":0,"cameraForwardDot":1,"frameBefore":8202,"frameAfter":8202,"intendedAimDot":null,"humanArtReview":"not-run"}
act1-facilities: pending action is finished before loading facilities-matches-cold; camera=(-34.051235, 3.1116877, 7.010441) ray=(-0.23907909, -0.5441586, 0.8041969) hit=/root/Act1FacilitiesSmokeTest/Act1Demo/Main/ZoneHost/Act1ConnectedWorld/village-main-road/BathStoveUse shape=/root/Act1FacilitiesSmokeTest/Act1Demo/Main/ZoneHost/Act1ConnectedWorld/village-main-road/BathStoveUse/SurfaceRay at=(-34.465195, 2.16949, 8.402888) held= busy=False registering=False registered=True heldPosition= heldPoseValid=False light= targetState= targetVisible= targetConcealed= modal=False pause=False focused=True physicsEnabled=True treePaused=False inputFrame=6087/6093 interactPresses=50 feedback= pickupProbe=item=carry-crate source=[X: (0.9776721, 0.031176694, 0.20781063), Y: (-0.011615854, 0.9954389, -0.09469197), Z: (-0.20981497, 0.0901638, 0.973575), O: (-27.5, 0.3315878, 2.8)] size=(0.52, 0.38, 0.42); path=direct; accepted=(-27.5, 1.6968043, 2.990004);
zone-loaded: village_day@arrival connected-world=116886869495
SaveGameV3 restored.
act1-facilities: load attained save facilities-matches-cold
act1-facilities: earlier save restores the pocket box, five logs and an empty purchased-box shelf position
act1-facilities: pending action is finished before loading facilities-matches-used; camera=(-34.051235, 3.1116877, 7.010441) ray=(-0.23907943, -0.54415876, 0.80419666) hit=/root/Act1FacilitiesSmokeTest/Act1Demo/Main/ZoneHost/Act1ConnectedWorld/village-main-road/BathStoveUse shape=/root/Act1FacilitiesSmokeTest/Act1Demo/Main/ZoneHost/Act1ConnectedWorld/village-main-road/BathStoveUse/SurfaceRay at=(-34.465195, 2.1694906, 8.402888) held= busy=False registering=False registered=True heldPosition= heldPoseValid=False light= targetState= targetVisible= targetConcealed= modal=False pause=False focused=True physicsEnabled=True treePaused=False inputFrame=6113/6114 interactPresses=50 feedback= pickupProbe=item=carry-crate source=[X: (0.9776721, 0.031176694, 0.20781063), Y: (-0.011615854, 0.9954389, -0.09469197), Z: (-0.20981497, 0.0901638, 0.973575), O: (-27.5, 0.3315878, 2.8)] size=(0.52, 0.38, 0.42); path=direct; accepted=(-27.5, 1.6968043, 2.990004);
zone-loaded: village_day@arrival connected-world=116886869495
SaveGameV3 restored.
act1-facilities: load attained save facilities-matches-used
act1-facilities: later save restores the consumed box on its shelf and four logs without duplication
act1-facilities: pending action is finished before loading facilities-matches-cold; camera=(-34.051235, 3.1116877, 7.010441) ray=(-0.2390793, -0.54415864, 0.80419683) hit=/root/Act1FacilitiesSmokeTest/Act1Demo/Main/ZoneHost/Act1ConnectedWorld/village-main-road/BathStoveUse shape=/root/Act1FacilitiesSmokeTest/Act1Demo/Main/ZoneHost/Act1ConnectedWorld/village-main-road/BathStoveUse/SurfaceRay at=(-34.465195, 2.1694908, 8.402888) held= busy=False registering=False registered=True heldPosition= heldPoseValid=False light= targetState= targetVisible= targetConcealed= modal=False pause=False focused=True physicsEnabled=True treePaused=False inputFrame=6126/6127 interactPresses=50 feedback= pickupProbe=item=carry-crate source=[X: (0.9776721, 0.031176694, 0.20781063), Y: (-0.011615854, 0.9954389, -0.09469197), Z: (-0.20981497, 0.0901638, 0.973575), O: (-27.5, 0.3315878, 2.8)] size=(0.52, 0.38, 0.42); path=direct; accepted=(-27.5, 1.6968043, 2.990004);
zone-loaded: village_day@arrival connected-world=116886869495
SaveGameV3 restored.
act1-facilities: load attained save facilities-matches-cold
SaveGameV3 written to /Users/unterlantas/Library/Application Support/Godot/app_userdata/URMAN/savegames/checkpoint.savegame-v3.json
checkpoint: auto-saved at urman.chapter1:scene/arrival_vehicle_dusk
act1-facilities: overlapping family and purchased API attempts commit exactly one coherent ignition
act1-facilities: pending action is finished before loading facilities-matches-cold; camera=(-34.051235, 3.1116877, 7.010441) ray=(-0.23907943, -0.54415876, 0.80419666) hit=/root/Act1FacilitiesSmokeTest/Act1Demo/Main/ZoneHost/Act1ConnectedWorld/village-main-road/BathStoveUse shape=/root/Act1FacilitiesSmokeTest/Act1Demo/Main/ZoneHost/Act1ConnectedWorld/village-main-road/BathStoveUse/SurfaceRay at=(-34.465195, 2.1694906, 8.402888) held= busy=False registering=False registered=True heldPosition= heldPoseValid=False light= targetState= targetVisible= targetConcealed= modal=False pause=False focused=True physicsEnabled=True treePaused=False inputFrame=6143/6144 interactPresses=50 feedback= pickupProbe=item=carry-crate source=[X: (0.9776721, 0.031176694, 0.20781063), Y: (-0.011615854, 0.9954389, -0.09469197), Z: (-0.20981497, 0.0901638, 0.973575), O: (-27.5, 0.3315878, 2.8)] size=(0.52, 0.38, 0.42); path=direct; accepted=(-27.5, 1.6968043, 2.990004);
zone-loaded: village_day@arrival connected-world=116886869495
SaveGameV3 restored.
act1-facilities: load attained save facilities-matches-cold
act1-facilities: previous action completes before opening the ignition choice; camera=(-34.051235, 3.1116877, 7.010441) ray=(-0.23907943, -0.54415876, 0.80419666) hit=/root/Act1FacilitiesSmokeTest/Act1Demo/Main/ZoneHost/Act1ConnectedWorld/village-main-road/BathStoveUse shape=/root/Act1FacilitiesSmokeTest/Act1Demo/Main/ZoneHost/Act1ConnectedWorld/village-main-road/BathStoveUse/SurfaceRay at=(-34.465195, 2.1694906, 8.402888) held= busy=False registering=False registered=True heldPosition= heldPoseValid=False light= targetState= targetVisible= targetConcealed= modal=False pause=False focused=True physicsEnabled=True treePaused=False inputFrame=6156/6157 interactPresses=50 feedback= pickupProbe=item=carry-crate source=[X: (0.9776721, 0.031176694, 0.20781063), Y: (-0.011615854, 0.9954389, -0.09469197), Z: (-0.20981497, 0.0901638, 0.973575), O: (-27.5, 0.3315878, 2.8)] size=(0.52, 0.38, 0.42); path=direct; accepted=(-27.5, 1.6968043, 2.990004);
act1-facilities: source choice begins at the actual aimed stove
act1-facilities: the existing stove target opens the source choice for an owned purchase; camera=(-34.051235, 3.1116877, 7.010441) ray=(-0.23907909, -0.5441586, 0.8041969) hit=/root/Act1FacilitiesSmokeTest/Act1Demo/Main/ZoneHost/Act1ConnectedWorld/village-main-road/BathStoveUse shape=/root/Act1FacilitiesSmokeTest/Act1Demo/Main/ZoneHost/Act1ConnectedWorld/village-main-road/BathStoveUse/SurfaceRay at=(-34.465195, 2.16949, 8.402888) held= busy=False registering=False registered=True heldPosition= heldPoseValid=False light= targetState= targetVisible= targetConcealed= modal=True pause=False focused=True physicsEnabled=True treePaused=False inputFrame=6161/6165 interactPresses=51 feedback= pickupProbe=item=carry-crate source=[X: (0.9776721, 0.031176694, 0.20781063), Y: (-0.011615854, 0.9954389, -0.09469197), Z: (-0.20981497, 0.0901638, 0.973575), O: (-27.5, 0.3315878, 2.8)] size=(0.52, 0.38, 0.42); path=direct; accepted=(-27.5, 1.6968043, 2.990004);
zone-loaded: village_day@arrival connected-world=116886869495
SaveGameV3 restored.
act1-facilities: ordinary load cancels a pending source choice
act1-facilities: loading closes the choice, releases its modal and prevents a late ignition in the new session
act1-facilities: pending action is finished before loading facilities-pristine; camera=(0, 1.366, 8.820004) ray=(-0, -0, -1) hit= shape= at=(0, 0, 0) held= busy=False registering=False registered=True heldPosition= heldPoseValid=False light= targetState= targetVisible= targetConcealed= modal=False pause=False focused=True physicsEnabled=True treePaused=False inputFrame=6175/6176 interactPresses=51 feedback= pickupProbe=item=carry-crate source=[X: (0.9776721, 0.031176694, 0.20781063), Y: (-0.011615854, 0.9954389, -0.09469197), Z: (-0.20981497, 0.0901638, 0.973575), O: (-27.5, 0.3315878, 2.8)] size=(0.52, 0.38, 0.42); path=direct; accepted=(-27.5, 1.6968043, 2.990004);
zone-loaded: village_day@arrival connected-world=116886869495
SaveGameV3 restored.
act1-facilities: load attained save facilities-pristine
act1-facilities: existing yard crate is taken through the real ray and custody owner
act1-facilities: supported local start fits standing capsule: explicit paired inward-door fixture inside the vestibule with the normally acquired crate
act1-facilities: local start settles on real support: explicit paired inward-door fixture inside the vestibule with the normally acquired crate
act1-facilities: held crate has its valid full pose while the actual door ray remains unobstructed
act1-facilities: previous facility action finishes; camera=(-49.22148, 6.4829197, -34.773006) ray=(0.93953, -0.32035017, -0.12107465) hit=/root/Act1FacilitiesSmokeTest/Act1Demo/Main/ZoneHost/Act1ConnectedWorld/village-main-road/MosqueEntranceUse shape=/root/Act1FacilitiesSmokeTest/Act1Demo/Main/ZoneHost/Act1ConnectedWorld/village-main-road/MosqueEntranceUse/SurfaceRay at=(-47.517498, 5.9019156, -34.99259) held=carry-crate busy=False registering=False registered=True heldPosition=(-48.44788, 6.0429196, -34.8727) heldPoseValid=True light=False targetState= targetVisible= targetConcealed= modal=False pause=False focused=True physicsEnabled=True treePaused=False inputFrame=6214/6215 interactPresses=52 feedback= pickupProbe=item=carry-crate source=[X: (0.9776721, 0.031176694, 0.20781063), Y: (-0.011615854, 0.9954389, -0.09469197), Z: (-0.20981497, 0.0901638, 0.973575), O: (-27.5, 0.3315878, 2.8)] size=(0.52, 0.38, 0.42); path=direct; accepted=(-27.5, 1.6962807, 2.990004);
act1-facilities: actual available aim at MosqueEntranceUse; layer=4; camera=(-49.22148, 6.4829197, -34.773006) ray=(0.93953025, -0.3203503, -0.12107262) hit=/root/Act1FacilitiesSmokeTest/Act1Demo/Main/ZoneHost/Act1ConnectedWorld/village-main-road/MosqueEntranceUse shape=/root/Act1FacilitiesSmokeTest/Act1Demo/Main/ZoneHost/Act1ConnectedWorld/village-main-road/MosqueEntranceUse/SurfaceRay at=(-47.517498, 5.901915, -34.99259) held=carry-crate busy=False registering=False registered=True heldPosition=(-48.44788, 6.0429196, -34.872696) heldPoseValid=True light=False targetState= targetVisible= targetConcealed= modal=False pause=False focused=True physicsEnabled=True treePaused=False inputFrame=6217/6218 interactPresses=52 feedback= pickupProbe=item=carry-crate source=[X: (0.9776721, 0.031176694, 0.20781063), Y: (-0.011615854, 0.9954389, -0.09469197), Z: (-0.20981497, 0.0901638, 0.973575), O: (-27.5, 0.3315878, 2.8)] size=(0.52, 0.38, 0.42); path=direct; accepted=(-27.5, 1.6962807, 2.990004);
act1-facility-door: {"kind":"door-input-probe","phase":"before-input","target":"urman.chapter1:local/mosque/entrance","feet":"(-49.4, 4.78292, -34.75)","velocity":"(0, 0, 0)","forward":0,"backward":0,"left":0,"right":0,"interact":0,"focus":true,"modal":false,"sessionReady":true,"noticeActive":false,"focusedInteraction":"urman.chapter1:local/mosque/entrance","transformRevision":118,"angle":0,"actionNumber":3,"action":"{\u0022phase\u0022:\u0022received\u0022,\u0022key\u0022:\u0022mosque/entrance\u0022,\u0022busy\u0022:false,\u0022sessionReady\u0022:true,\u0022feet\u0022:\u0022(-46.436737, 4.782391, -35.24296)\u0022,\u0022focus\u0022:true,\u0022forward\u0022:0,\u0022backward\u0022:0,\u0022left\u0022:0,\u0022right\u0022:0}","result":"committed","sweep":"{\u0022clear\u0022:true,\u0022samples\u0022:133,\u0022from\u0022:0,\u0022to\u0022:-1.6580628}","aim":"camera=(-49.22148, 6.4829197, -34.773006) ray=(0.93953025, -0.3203503, -0.12107262) hit=/root/Act1FacilitiesSmokeTest/Act1Demo/Main/ZoneHost/Act1ConnectedWorld/village-main-road/MosqueEntranceUse shape=/root/Act1FacilitiesSmokeTest/Act1Demo/Main/ZoneHost/Act1ConnectedWorld/village-main-road/MosqueEntranceUse/SurfaceRay at=(-47.517498, 5.901915, -34.99259) held=carry-crate busy=False registering=False registered=True heldPosition=(-48.44788, 6.0429196, -34.872696) heldPoseValid=True light=False targetState= targetVisible= targetConcealed= modal=False pause=False focused=True physicsEnabled=True treePaused=False inputFrame=6217/6218 interactPresses=52 feedback= pickupProbe=item=carry-crate source=[X: (0.9776721, 0.031176694, 0.20781063), Y: (-0.011615854, 0.9954389, -0.09469197), Z: (-0.20981497, 0.0901638, 0.973575), O: (-27.5, 0.3315878, 2.8)] size=(0.52, 0.38, 0.42); path=direct; accepted=(-27.5, 1.6962807, 2.990004);"}
act1-facilities: MosqueEntranceUse: passive focus follows the actual door during a result notice
act1-facility-door: {"kind":"door-input-probe","phase":"after-input","target":"urman.chapter1:local/mosque/entrance","feet":"(-49.4, 4.78292, -34.75)","velocity":"(0, 0, 0)","forward":0,"backward":0,"left":0,"right":0,"interact":0,"focus":true,"modal":false,"sessionReady":true,"noticeActive":true,"focusedInteraction":"urman.chapter1:local/mosque/entrance","transformRevision":118,"angle":0,"actionNumber":4,"action":"{\u0022phase\u0022:\u0022received\u0022,\u0022key\u0022:\u0022mosque/entrance\u0022,\u0022busy\u0022:false,\u0022sessionReady\u0022:true,\u0022feet\u0022:\u0022(-49.4, 4.78292, -34.75)\u0022,\u0022focus\u0022:true,\u0022forward\u0022:0,\u0022backward\u0022:0,\u0022left\u0022:0,\u0022right\u0022:0}","result":"blocked-by-full-shape-sweep","sweep":"{\u0022clear\u0022:false,\u0022sample\u0022:48,\u0022samples\u0022:133,\u0022yaw\u0022:-0.5983986,\u0022size\u0022:\u0022(0.065, 2.188, 1.44)\u0022,\u0022pose\u0022:\u0022[X: (0.82623875, 0, 0.5633201), Y: (0, 1, 0), Z: (-0.5633201, 0, 0.82623875), O: (-47.86559, 5.888295, -35.12511)]\u0022,\u0022heldItem\u0022:\u0022carry-crate\u0022,\u0022heldPose\u0022:\u0022[X: (0.9775566, 0, 0.21067305), Y: (0, 1, 0), Z: (-0.21067305, 0, 0.9775566), O: (-48.44788, 6.0429196, -34.872696)]\u0022}","aim":"camera=(-49.22148, 6.4829197, -34.773006) ray=(0.93953025, -0.3203503, -0.12107262) hit=/root/Act1FacilitiesSmokeTest/Act1Demo/Main/ZoneHost/Act1ConnectedWorld/village-main-road/MosqueEntranceUse shape=/root/Act1FacilitiesSmokeTest/Act1Demo/Main/ZoneHost/Act1ConnectedWorld/village-main-road/MosqueEntranceUse/SurfaceRay at=(-47.517498, 5.901915, -34.99259) held=carry-crate busy=False registering=False registered=True heldPosition=(-48.44788, 6.0429196, -34.872696) heldPoseValid=True light=False targetState= targetVisible= targetConcealed= modal=False pause=False focused=True physicsEnabled=True treePaused=False inputFrame=6219/6223 interactPresses=53 feedback= pickupProbe=item=carry-crate source=[X: (0.9776721, 0.031176694, 0.20781063), Y: (-0.011615854, 0.9954389, -0.09469197), Z: (-0.20981497, 0.0901638, 0.973575), O: (-27.5, 0.3315878, 2.8)] size=(0.52, 0.38, 0.42); path=direct; accepted=(-27.5, 1.6962807, 2.990004);"}
act1-facilities: MosqueEntranceUse: one deliberate mapped press reaches exactly one door callback
act1-facilities: facility transaction and existing checkpoint save finish; camera=(-49.22148, 6.4829197, -34.773006) ray=(0.93953025, -0.3203503, -0.12107262) hit=/root/Act1FacilitiesSmokeTest/Act1Demo/Main/ZoneHost/Act1ConnectedWorld/village-main-road/MosqueEntranceUse shape=/root/Act1FacilitiesSmokeTest/Act1Demo/Main/ZoneHost/Act1ConnectedWorld/village-main-road/MosqueEntranceUse/SurfaceRay at=(-47.517498, 5.901915, -34.99259) held=carry-crate busy=False registering=False registered=True heldPosition=(-48.44788, 6.0429196, -34.872696) heldPoseValid=True light=False targetState= targetVisible= targetConcealed= modal=False pause=False focused=True physicsEnabled=True treePaused=False inputFrame=6219/6223 interactPresses=53 feedback= pickupProbe=item=carry-crate source=[X: (0.9776721, 0.031176694, 0.20781063), Y: (-0.011615854, 0.9954389, -0.09469197), Z: (-0.20981497, 0.0901638, 0.973575), O: (-27.5, 0.3315878, 2.8)] size=(0.52, 0.38, 0.42); path=direct; accepted=(-27.5, 1.6962807, 2.990004);
act1-facility-door: {"kind":"door-input-probe","phase":"after-transaction","target":"urman.chapter1:local/mosque/entrance","feet":"(-49.4, 4.78292, -34.75)","velocity":"(0, 0, 0)","forward":0,"backward":0,"left":0,"right":0,"interact":0,"focus":true,"modal":false,"sessionReady":true,"noticeActive":true,"focusedInteraction":"urman.chapter1:local/mosque/entrance","transformRevision":118,"angle":0,"actionNumber":4,"action":"{\u0022phase\u0022:\u0022received\u0022,\u0022key\u0022:\u0022mosque/entrance\u0022,\u0022busy\u0022:false,\u0022sessionReady\u0022:true,\u0022feet\u0022:\u0022(-49.4, 4.78292, -34.75)\u0022,\u0022focus\u0022:true,\u0022forward\u0022:0,\u0022backward\u0022:0,\u0022left\u0022:0,\u0022right\u0022:0}","result":"blocked-by-full-shape-sweep","sweep":"{\u0022clear\u0022:false,\u0022sample\u0022:48,\u0022samples\u0022:133,\u0022yaw\u0022:-0.5983986,\u0022size\u0022:\u0022(0.065, 2.188, 1.44)\u0022,\u0022pose\u0022:\u0022[X: (0.82623875, 0, 0.5633201), Y: (0, 1, 0), Z: (-0.5633201, 0, 0.82623875), O: (-47.86559, 5.888295, -35.12511)]\u0022,\u0022heldItem\u0022:\u0022carry-crate\u0022,\u0022heldPose\u0022:\u0022[X: (0.9775566, 0, 0.21067305), Y: (0, 1, 0), Z: (-0.21067305, 0, 0.9775566), O: (-48.44788, 6.0429196, -34.872696)]\u0022}","aim":"camera=(-49.22148, 6.4829197, -34.773006) ray=(0.93953025, -0.3203503, -0.12107262) hit=/root/Act1FacilitiesSmokeTest/Act1Demo/Main/ZoneHost/Act1ConnectedWorld/village-main-road/MosqueEntranceUse shape=/root/Act1FacilitiesSmokeTest/Act1Demo/Main/ZoneHost/Act1ConnectedWorld/village-main-road/MosqueEntranceUse/SurfaceRay at=(-47.517498, 5.901915, -34.99259) held=carry-crate busy=False registering=False registered=True heldPosition=(-48.44788, 6.0429196, -34.872696) heldPoseValid=True light=False targetState= targetVisible= targetConcealed= modal=False pause=False focused=True physicsEnabled=True treePaused=False inputFrame=6219/6226 interactPresses=53 feedback= pickupProbe=item=carry-crate source=[X: (0.9776721, 0.031176694, 0.20781063), Y: (-0.011615854, 0.9954389, -0.09469197), Z: (-0.20981497, 0.0901638, 0.973575), O: (-27.5, 0.3315878, 2.8)] size=(0.52, 0.38, 0.42); path=direct; accepted=(-27.5, 1.6962807, 2.990004);"}
act1-facilities: held collision-disabled crate in the sweep refuses the door and preserves custody
act1-facilities: the inward door refusal names the held crate rather than the player or stationary furniture
state-final-render-sync-begin: label=facility/10_mosque_door_held_crate_refusal tick=140878 drawn=8314 process=8314 physics=6226 windowVisible=True focus=True mode=Windowed renderLoop=True
state-final-render-sync-end: label=facility/10_mosque_door_held_crate_refusal milliseconds=22 forcedScreenshotRender=False
act1-facility-camera: {"kind":"native-game-camera","file":"/Users/unterlantas/Documents/GitHub/URMAN/docs/production/act1_takeover_evidence_2026-09-16/images-facilities-11/10_mosque_door_held_crate_refusal.png","focus":true,"intendedAim":null,"cameraBefore":"[X: (0.12780823, 0, 0.99179894), Y: (0.31772307, 0.9472992, -0.040943403), Z: (-0.9395303, 0.32035032, 0.12107263), O: (-49.22148, 6.4829197, -34.773006)]","cameraAfter":"[X: (0.12780823, 0, 0.99179894), Y: (0.31772307, 0.9472992, -0.040943403), Z: (-0.9395303, 0.32035032, 0.12107263), O: (-49.22148, 6.4829197, -34.773006)]","cameraUnchangedDuringRender":true,"cameraTravel":0,"cameraForwardDot":1.0000001,"frameBefore":8314,"frameAfter":8314,"intendedAimDot":null,"humanArtReview":"not-run"}
act1-facilities: crate is placed aside without changing the player's counterfactual stance
act1-facilities: previous facility action finishes; camera=(-49.465816, 6.4829197, -34.58247) ray=(-0.22579813, -0.78654665, 0.57476914) hit=/root/Act1FacilitiesSmokeTest/Act1Demo/Main/ZoneHost/Act1ConnectedWorld/CarryCoordinator/Carryable_carry-crate shape=/root/Act1FacilitiesSmokeTest/Act1Demo/Main/ZoneHost/Act1ConnectedWorld/CarryCoordinator/Carryable_carry-crate/BodyCollision at=(-49.87622, 5.053322, -33.537792) held= busy=False registering=False registered=True heldPosition= heldPoseValid=False light= targetState=Placed targetVisible=True targetConcealed=False modal=False pause=False focused=True physicsEnabled=True treePaused=False inputFrame=6234/6235 interactPresses=53 feedback= pickupProbe=item=carry-crate source=[X: (0.9776721, 0.031176694, 0.20781063), Y: (-0.011615854, 0.9954389, -0.09469197), Z: (-0.20981497, 0.0901638, 0.973575), O: (-27.5, 0.3315878, 2.8)] size=(0.52, 0.38, 0.42); path=direct; accepted=(-27.5, 1.6962807, 2.990004);
act1-facilities: actual available aim at MosqueEntranceUse; layer=4; camera=(-49.22148, 6.4829197, -34.773006) ray=(0.93953025, -0.32035023, -0.12107264) hit=/root/Act1FacilitiesSmokeTest/Act1Demo/Main/ZoneHost/Act1ConnectedWorld/village-main-road/MosqueEntranceUse shape=/root/Act1FacilitiesSmokeTest/Act1Demo/Main/ZoneHost/Act1ConnectedWorld/village-main-road/MosqueEntranceUse/SurfaceRay at=(-47.517498, 5.9019156, -34.99259) held= busy=False registering=False registered=True heldPosition= heldPoseValid=False light= targetState= targetVisible= targetConcealed= modal=False pause=False focused=True physicsEnabled=True treePaused=False inputFrame=6237/6238 interactPresses=53 feedback= pickupProbe=item=carry-crate source=[X: (0.9776721, 0.031176694, 0.20781063), Y: (-0.011615854, 0.9954389, -0.09469197), Z: (-0.20981497, 0.0901638, 0.973575), O: (-27.5, 0.3315878, 2.8)] size=(0.52, 0.38, 0.42); path=direct; accepted=(-27.5, 1.6962807, 2.990004);
act1-facility-door: {"kind":"door-input-probe","phase":"before-input","target":"urman.chapter1:local/mosque/entrance","feet":"(-49.4, 4.78292, -34.75)","velocity":"(0, 0, 0)","forward":0,"backward":0,"left":0,"right":0,"interact":0,"focus":true,"modal":false,"sessionReady":true,"noticeActive":false,"focusedInteraction":"urman.chapter1:local/mosque/entrance","transformRevision":118,"angle":0,"actionNumber":4,"action":"{\u0022phase\u0022:\u0022received\u0022,\u0022key\u0022:\u0022mosque/entrance\u0022,\u0022busy\u0022:false,\u0022sessionReady\u0022:true,\u0022feet\u0022:\u0022(-49.4, 4.78292, -34.75)\u0022,\u0022focus\u0022:true,\u0022forward\u0022:0,\u0022backward\u0022:0,\u0022left\u0022:0,\u0022right\u0022:0}","result":"blocked-by-full-shape-sweep","sweep":"{\u0022clear\u0022:false,\u0022sample\u0022:48,\u0022samples\u0022:133,\u0022yaw\u0022:-0.5983986,\u0022size\u0022:\u0022(0.065, 2.188, 1.44)\u0022,\u0022pose\u0022:\u0022[X: (0.82623875, 0, 0.5633201), Y: (0, 1, 0), Z: (-0.5633201, 0, 0.82623875), O: (-47.86559, 5.888295, -35.12511)]\u0022,\u0022heldItem\u0022:\u0022carry-crate\u0022,\u0022heldPose\u0022:\u0022[X: (0.9775566, 0, 0.21067305), Y: (0, 1, 0), Z: (-0.21067305, 0, 0.9775566), O: (-48.44788, 6.0429196, -34.872696)]\u0022}","aim":"camera=(-49.22148, 6.4829197, -34.773006) ray=(0.93953025, -0.32035023, -0.12107264) hit=/root/Act1FacilitiesSmokeTest/Act1Demo/Main/ZoneHost/Act1ConnectedWorld/village-main-road/MosqueEntranceUse shape=/root/Act1FacilitiesSmokeTest/Act1Demo/Main/ZoneHost/Act1ConnectedWorld/village-main-road/MosqueEntranceUse/SurfaceRay at=(-47.517498, 5.9019156, -34.99259) held= busy=False registering=False registered=True heldPosition= heldPoseValid=False light= targetState= targetVisible= targetConcealed= modal=False pause=False focused=True physicsEnabled=True treePaused=False inputFrame=6237/6238 interactPresses=53 feedback= pickupProbe=item=carry-crate source=[X: (0.9776721, 0.031176694, 0.20781063), Y: (-0.011615854, 0.9954389, -0.09469197), Z: (-0.20981497, 0.0901638, 0.973575), O: (-27.5, 0.3315878, 2.8)] size=(0.52, 0.38, 0.42); path=direct; accepted=(-27.5, 1.6962807, 2.990004);"}
act1-facilities: MosqueEntranceUse: passive focus follows the actual door during a result notice
SaveGameV3 written to /Users/unterlantas/Library/Application Support/Godot/app_userdata/URMAN/savegames/checkpoint.savegame-v3.json
act1-facility-door: {"kind":"door-input-probe","phase":"after-input","target":"urman.chapter1:local/mosque/entrance","feet":"(-49.4, 4.78292, -34.75)","velocity":"(0, 0, 0)","forward":0,"backward":0,"left":0,"right":0,"interact":0,"focus":true,"modal":false,"sessionReady":true,"noticeActive":true,"focusedInteraction":"urman.chapter1:local/mosque/entrance","transformRevision":118,"angle":-0.14,"actionNumber":5,"action":"{\u0022phase\u0022:\u0022received\u0022,\u0022key\u0022:\u0022mosque/entrance\u0022,\u0022busy\u0022:false,\u0022sessionReady\u0022:true,\u0022feet\u0022:\u0022(-49.4, 4.78292, -34.75)\u0022,\u0022focus\u0022:true,\u0022forward\u0022:0,\u0022backward\u0022:0,\u0022left\u0022:0,\u0022right\u0022:0}","result":"committed","sweep":"{\u0022clear\u0022:true,\u0022samples\u0022:133,\u0022from\u0022:0,\u0022to\u0022:-1.6580628}","aim":"camera=(-49.22148, 6.4829197, -34.773006) ray=(0.93953025, -0.32035023, -0.12107264) hit=/root/Act1FacilitiesSmokeTest/Act1Demo/Main/ZoneHost/Act1ConnectedWorld/village-main-road/MosqueEntranceUse shape=/root/Act1FacilitiesSmokeTest/Act1Demo/Main/ZoneHost/Act1ConnectedWorld/village-main-road/MosqueEntranceUse/SurfaceRay at=(-47.622482, 5.9377112, -34.97906) held= busy=False registering=False registered=True heldPosition= heldPoseValid=False light= targetState= targetVisible= targetConcealed= modal=False pause=False focused=True physicsEnabled=True treePaused=False inputFrame=6239/6243 interactPresses=54 feedback= pickupProbe=item=carry-crate source=[X: (0.9776721, 0.031176694, 0.20781063), Y: (-0.011615854, 0.9954389, -0.09469197), Z: (-0.20981497, 0.0901638, 0.973575), O: (-27.5, 0.3315878, 2.8)] size=(0.52, 0.38, 0.42); path=direct; accepted=(-27.5, 1.6962807, 2.990004);"}
act1-facilities: MosqueEntranceUse: one deliberate mapped press reaches exactly one door callback
act1-facilities: facility transaction and existing checkpoint save finish; camera=(-49.22148, 6.4829197, -34.773006) ray=(0.93953025, -0.32035023, -0.12107264) hit=/root/Act1FacilitiesSmokeTest/Act1Demo/Main/ZoneHost/Act1ConnectedWorld/village-main-road/MosqueEntranceUse shape=/root/Act1FacilitiesSmokeTest/Act1Demo/Main/ZoneHost/Act1ConnectedWorld/village-main-road/MosqueEntranceUse/SurfaceRay at=(-47.622482, 5.9377112, -34.97906) held= busy=False registering=False registered=True heldPosition= heldPoseValid=False light= targetState= targetVisible= targetConcealed= modal=False pause=False focused=True physicsEnabled=True treePaused=False inputFrame=6239/6243 interactPresses=54 feedback= pickupProbe=item=carry-crate source=[X: (0.9776721, 0.031176694, 0.20781063), Y: (-0.011615854, 0.9954389, -0.09469197), Z: (-0.20981497, 0.0901638, 0.973575), O: (-27.5, 0.3315878, 2.8)] size=(0.52, 0.38, 0.42); path=direct; accepted=(-27.5, 1.6962807, 2.990004);
act1-facility-door: {"kind":"door-input-probe","phase":"after-transaction","target":"urman.chapter1:local/mosque/entrance","feet":"(-49.4, 4.78292, -34.75)","velocity":"(0, 0, 0)","forward":0,"backward":0,"left":0,"right":0,"interact":0,"focus":true,"modal":false,"sessionReady":true,"noticeActive":true,"focusedInteraction":"urman.chapter1:local/mosque/entrance","transformRevision":118,"angle":-0.28,"actionNumber":5,"action":"{\u0022phase\u0022:\u0022received\u0022,\u0022key\u0022:\u0022mosque/entrance\u0022,\u0022busy\u0022:false,\u0022sessionReady\u0022:true,\u0022feet\u0022:\u0022(-49.4, 4.78292, -34.75)\u0022,\u0022focus\u0022:true,\u0022forward\u0022:0,\u0022backward\u0022:0,\u0022left\u0022:0,\u0022right\u0022:0}","result":"committed","sweep":"{\u0022clear\u0022:true,\u0022samples\u0022:133,\u0022from\u0022:0,\u0022to\u0022:-1.6580628}","aim":"camera=(-49.22148, 6.4829197, -34.773006) ray=(0.93953025, -0.32035023, -0.12107264) hit=/root/Act1FacilitiesSmokeTest/Act1Demo/Main/ZoneHost/Act1ConnectedWorld/village-main-road/MosqueEntranceUse shape=/root/Act1FacilitiesSmokeTest/Act1Demo/Main/ZoneHost/Act1ConnectedWorld/village-main-road/MosqueEntranceUse/SurfaceRay at=(-47.737137, 5.976805, -34.964287) held= busy=False registering=False registered=True heldPosition= heldPoseValid=False light= targetState= targetVisible= targetConcealed= modal=False pause=False focused=True physicsEnabled=True treePaused=False inputFrame=6239/6246 interactPresses=54 feedback= pickupProbe=item=carry-crate source=[X: (0.9776721, 0.031176694, 0.20781063), Y: (-0.011615854, 0.9954389, -0.09469197), Z: (-0.20981497, 0.0901638, 0.973575), O: (-27.5, 0.3315878, 2.8)] size=(0.52, 0.38, 0.42); path=direct; accepted=(-27.5, 1.6962807, 2.990004);"}
act1-facility-door: {"kind":"door-input-probe","phase":"finished-angle-wait","target":"urman.chapter1:local/mosque/entrance","feet":"(-49.4, 4.78292, -34.75)","velocity":"(0, 0, 0)","forward":0,"backward":0,"left":0,"right":0,"interact":0,"focus":true,"modal":false,"sessionReady":true,"noticeActive":true,"focusedInteraction":"","transformRevision":118,"angle":-1.6580628,"actionNumber":5,"action":"{\u0022phase\u0022:\u0022received\u0022,\u0022key\u0022:\u0022mosque/entrance\u0022,\u0022busy\u0022:false,\u0022sessionReady\u0022:true,\u0022feet\u0022:\u0022(-49.4, 4.78292, -34.75)\u0022,\u0022focus\u0022:true,\u0022forward\u0022:0,\u0022backward\u0022:0,\u0022left\u0022:0,\u0022right\u0022:0}","result":"committed","sweep":"{\u0022clear\u0022:true,\u0022samples\u0022:133,\u0022from\u0022:0,\u0022to\u0022:-1.6580628}","aim":"camera=(-49.22148, 6.4829197, -34.773006) ray=(0.93953025, -0.32035023, -0.12107264) hit= shape= at=(0, 0, 0) held= busy=False registering=False registered=True heldPosition= heldPoseValid=False light= targetState= targetVisible= targetConcealed= modal=False pause=False focused=True physicsEnabled=True treePaused=False inputFrame=6239/6276 interactPresses=54 feedback= pickupProbe=item=carry-crate source=[X: (0.9776721, 0.031176694, 0.20781063), Y: (-0.011615854, 0.9954389, -0.09469197), Z: (-0.20981497, 0.0901638, 0.973575), O: (-27.5, 0.3315878, 2.8)] size=(0.52, 0.38, 0.42); path=direct; accepted=(-27.5, 1.6962807, 2.990004);"}
act1-facilities: same player position opens the full inward door after only the held obstruction is removed
act1-facilities: successful door action does not retake or duplicate the placed crate
act1-facilities: local facility use does not advance the main story beats
zone-loaded: village_day@arrival connected-world=116886869495
SaveGameV3 new game session started; existing slots untouched.
act1-facilities: ordinary new session resets facility consequences
act1-facilities: new kernel contains no old door state, carried item or facility knowledge
act1-facilities: PASS 1161 checks, 111,33m local input traversal; human/art/listening/performance not measured
userdata guard: original files and permissions restored and verified
