Godot Engine v4.7.1.stable.mono.official.a13da4feb - https://godotengine.org
Metal 4.0 - Forward+ - Using Device #0: Apple - Apple M4 Pro (Apple9)

act1-river: ice_slabs=31 blockers=29 road_gap_samples=2 bridge=broken@(15,-85)
village-chimney: /root/Act1Len01FamilyFlowSmokeTest/Act1Demo/Main/ZoneHost/Act1ConnectedWorld/Act1CoreWorldGreybox/Act1AuthoredExteriorKitPresentation/ArrivalAuthoredParcels/ArrivalForwardWestFacade/DwellingFacade_TimberPlaster/DwellingFacade_ChimneyCap_LOD0 top=(-10.2875, 4.7722464, 2.3450005)
village-chimney: /root/Act1Len01FamilyFlowSmokeTest/Act1Demo/Main/ZoneHost/Act1ConnectedWorld/Act1CoreWorldGreybox/Act1AuthoredExteriorKitPresentation/DistantPerimeterParcels/WestArrivalNearParcel/WestArrivalNearFacade/DwellingFacade_TimberPlaster/DwellingFacade_ChimneyCap_LOD0 top=(-19.730013, 3.9641316, 15.965501)
act1-terrain-room-cut: room=/root/Act1Len01FamilyFlowSmokeTest/Act1Demo/Main/ZoneHost/Act1ConnectedWorld/babay-abi-house half=(4, 3.5) affectedTriangles=48 clippedVertices=49980 publishedVertices=49980 physicsVertices=49980 visualAndPhysics=shared-published-faces
act1-apron-room-cut: mesh=/root/Act1Len01FamilyFlowSmokeTest/Act1Demo/Main/ZoneHost/Act1ConnectedWorld/Act1CoreWorldGreybox/AgentBExteriorWorld/AgentB_TerrainRoadKit/URMAN_AgentB_TerrainRoadKit/Apron_BabaiYard affectedTriangles=11 clippedVertices=123 surfaces=1 collision=existing-terrain-owner
act1-south-fence-house-junction: wallX=-33.5880 retainedMembers=13 retiredPostsAndCaps=10 supportedWestWing=2.4920m
act1-drain-bank-conform: mesh=/root/Act1Len01FamilyFlowSmokeTest/Act1Demo/Main/ZoneHost/Act1ConnectedWorld/Act1CoreWorldGreybox/AgentBExteriorWorld/AgentB_TerrainRoadKit/URMAN_AgentB_TerrainRoadKit/BabaiYard_EastFenceSwale originalTriangles=78 affectedTriangles=35 outputTriangles=3543 groundOwner=unchanged
act1-mosque-terrain-cut: affectedTriangles=70 publishedVertices=49980 physicsVertices=49980 sameOwner=true
act1-school-bank-cut: mesh=/root/Act1Len01FamilyFlowSmokeTest/Act1Demo/Main/ZoneHost/Act1ConnectedWorld/Act1CoreWorldGreybox/AgentBExteriorWorld/AgentB_TerrainRoadKit/URMAN_AgentB_TerrainRoadKit/Ditch_FieldBank_EastZirat room=/root/Act1Len01FamilyFlowSmokeTest/Act1Demo/Main/ZoneHost/Act1ConnectedWorld/Act1CoreWorldGreybox/Act1AuthoredExteriorKitPresentation/DistantPerimeterParcels/EastReturnMidParcel/EastReturnMidFacade/PublicInterior_school/MainRoom half=(2.5154998, 2.3804996) affectedTriangles=20 clippedVertices=486 publishedVertices=486 floorY=-0.0049708784 collision=unchanged-existing-terrain-and-timber-floor
act1-council-fence-format: source=urman_village_exterior_kit_Cube_040 vertices=96 normals=96 uv=96 tangents=384 colors=0 uv2=0 lods=0 sourceFormat=536875031 publishedFormat=4119
act1-council-fence-format: source=urman_village_exterior_kit_FenceSegment_RailMiddle_Crooked_LOD0Mesh vertices=48 normals=48 uv=0 tangents=192 colors=0 uv2=0 lods=0 sourceFormat=536875015 publishedFormat=4103
act1-council-fence-format: source=urman_village_exterior_kit_Cube_039 vertices=96 normals=96 uv=96 tangents=384 colors=0 uv2=0 lods=0 sourceFormat=536875031 publishedFormat=4119
act1-council-fence-junction: fence=/root/Act1Len01FamilyFlowSmokeTest/Act1Demo/Main/ZoneHost/Act1ConnectedWorld/Act1CoreWorldGreybox/Act1AuthoredExteriorKitPresentation/DistantPerimeterParcels/EastStreetHorizonParcel/EastStreetHorizonFence wall=/root/Act1Len01FamilyFlowSmokeTest/Act1Demo/Main/ZoneHost/Act1ConnectedWorld/Act1CoreWorldGreybox/Act1AuthoredExteriorKitPresentation/DistantPerimeterParcels/EastStreetHorizonParcel/EastStreetHorizonFacade/VillageParcel_VariantA_TimberGable_Dwelling/VariantA_TimberGable_Dwelling_SeniRear_Wall_LOD0 localCutZ=-4.4 hiddenMembers=4 trimmedRails=3 retainedMembers=8 sourceAsset=unchanged
act1-roadside-grounding: independent contact meshes=34; source meshes and usable footbridge preserved
act1-kit-blockers: placements=100 shapes=1579 carved_door_slabs=101 flat_slab_skipped=2469 exact_architecture_surfaces=911 hidden_skipped=7 road_clearance_skipped=0
act1-dwelling-threshold: placements=83 worst_analytic_vs_collision_delta=0.028m worst_placement=ArrivalForwardEastShed
act1-building-supports: supported foundations=137; maximum ground drop=1.136m; level entrances preserved
act1-council-fence-contacts: retainedSourceContacts=0 hiddenMemberContacts=0 newBodyOwners=0
zone-loaded: village_day@arrival connected-world=109404229614
УРМАН Godot vertical slice ready: Painterly Low-Poly / first person
act1-smoke: background input replay; focus-loss pause isolated from this test scene
act1-window-surrounds: painted=1020
act1-legacy-sign: suppressed=1
zone-loaded: village_day@arrival connected-world=109404229614
SaveGameV3 new game session started; existing slots untouched.
arrival-intro-ui: requested=1280x720 actual=(1280, 720) textScale=1.6; source hint and panel bounds
arrival-intro-ui: requested=1920x1080 actual=(1920, 1080) textScale=1; source hint and panel bounds
act1-intro: confirmed with E
WARNING: Interaction urman.chapter1:interaction/arrival-enter-house rejected: ContentConditionRejected Content conditions rejected this action.
     at: void Urman.Godot.RuntimeBridge+<DispatchCompiledInteractionAsync>d__129.MoveNext() (res://scripts/RuntimeBridge.cs:1139)
     C# backtrace (most recent call first):
         [0] void Godot.GD.PushWarning(string) (/root/godot/modules/mono/glue/GodotSharp/GodotSharp/Core/GD.cs:396)
         [1] void Urman.Godot.RuntimeBridge+<DispatchCompiledInteractionAsync>d__129.MoveNext() (/Users/unterlantas/Documents/GitHub/URMAN/game/scripts/RuntimeBridge.cs:1139)
         [2] void System.Runtime.CompilerServices.AsyncMethodBuilderCore.Start<TStateMachine>(TStateMachine&)
         [3] void System.Runtime.CompilerServices.AsyncTaskMethodBuilder`1.Start<TStateMachine>(TStateMachine&)
         [4] System.Threading.Tasks.Task`1[System.Boolean] Urman.Godot.RuntimeBridge.DispatchCompiledInteractionAsync(Urman.Godot.CompiledInteractionContent)
         [5] void Urman.Godot.RuntimeBridge+<DispatchInteractionAsync>d__91.MoveNext() (/Users/unterlantas/Documents/GitHub/URMAN/game/scripts/RuntimeBridge.cs:534)
         [6] void System.Runtime.CompilerServices.AsyncMethodBuilderCore.Start<TStateMachine>(TStateMachine&)
         [7] void System.Runtime.CompilerServices.AsyncTaskMethodBuilder`1.Start<TStateMachine>(TStateMachine&)
         [8] System.Threading.Tasks.Task`1[System.Boolean] Urman.Godot.RuntimeBridge.DispatchInteractionAsync(string)
         [9] void Urman.Godot.Tests.Act1ArrivalFlowProof+<CompleteAsync>d__1.MoveNext() (/Users/unterlantas/Documents/GitHub/URMAN/game/tests/Act1Len01FamilyFlowSmokeTest.cs:1509)
         [10] void System.Runtime.CompilerServices.AsyncMethodBuilderCore.Start<TStateMachine>(TStateMachine&)
         [11] System.Threading.Tasks.Task Urman.Godot.Tests.Act1ArrivalFlowProof.CompleteAsync(Godot.Node, Urman.Godot.RuntimeBridge, string, bool)
         [12] void Urman.Godot.Tests.Act1Len01FamilyFlowSmokeTest+<_Ready>d__13.MoveNext() (/Users/unterlantas/Documents/GitHub/URMAN/game/tests/Act1Len01FamilyFlowSmokeTest.cs:53)
         [13] void System.Threading.ExecutionContext.RunInternal(System.Threading.ExecutionContext, System.Threading.ContextCallback, object)
         [14] void System.Runtime.CompilerServices.AsyncTaskMethodBuilder`1+AsyncStateMachineBox`1.MoveNext()
         [15] void System.Threading.Tasks.AwaitTaskContinuation.RunCallback(System.Threading.ContextCallback, object, System.Threading.Tasks.Task&)
         [16] void System.Threading.Tasks.Task.RunContinuations(object)
         [17] bool System.Threading.Tasks.Task`1.TrySetResult(TResult)
         [18] void System.Runtime.CompilerServices.AsyncTaskMethodBuilder`1.SetExistingTaskResult(System.Threading.Tasks.Task`1[TResult], TResult)
         [19] void Urman.Godot.Tests.Act1Len01FamilyFlowSmokeTest+<Frames>d__49.MoveNext() (/Users/unterlantas/Documents/GitHub/URMAN/game/tests/Act1Len01FamilyFlowSmokeTest.cs:1225)
         [20] void System.Threading.ExecutionContext.RunInternal(System.Threading.ExecutionContext, System.Threading.ContextCallback, object)
         [21] void System.Runtime.CompilerServices.AsyncTaskMethodBuilder`1+AsyncStateMachineBox`1.MoveNext()
         [22] void Godot.SignalAwaiter.SignalCallback(nint, Godot.NativeInterop.godot_variant**, int, Godot.NativeInterop.godot_bool*) (/root/godot/modules/mono/glue/GodotSharp/GodotSharp/Core/SignalAwaiter.cs:65)
SaveGameV3 written to /Users/unterlantas/Library/Application Support/Godot/app_userdata/URMAN/savegames/len01-arrival-message-only.savegame-v3.json
zone-loaded: village_day@arrival connected-world=109404229614
SaveGameV3 restored.
document-image-ui: area len01_arrival_photo_paper 1280x720 canvas=(869.3334, 369.33334) fit=(369.33334, 369.33334) logicalCanvas=(1304, 554) logicalFit=(554, 554) rootLogical=(1920, 1080) contentBase=(1920, 1080) contentFactor=1 rootVisible=(1920, 1080) window=(1280, 720) captured=(1280, 720) pixelSource=PNG pixelScale=(0.6666667, 0.6666667)
document-image-ui: area len01_arrival_photo_paper 1920x1080 canvas=(788, 585) fit=(585, 585) logicalCanvas=(788, 585) logicalFit=(585, 585) rootLogical=(1920, 1080) contentBase=(1920, 1080) contentFactor=1 rootVisible=(1920, 1080) window=(1920, 1080) captured=(1920, 1080) pixelSource=PNG pixelScale=(1, 1)
document-image-ui: PASS len01_arrival_photo_paper actual=urman.chapter1:asset/photo-marat-childhood 720p-large/1080p fit/zoom/pan/text, no knowledge mutation
document-image-ui: area len01_arrival_photo_journal 1280x720 canvas=(740, 290) fit=(290, 290) logicalCanvas=(1110, 435) logicalFit=(435, 435) rootLogical=(1920, 1080) contentBase=(1920, 1080) contentFactor=1 rootVisible=(1920, 1080) window=(1280, 720) captured=(1280, 720) pixelSource=PNG pixelScale=(0.6666667, 0.6666667)
document-image-ui: area len01_arrival_photo_journal 1920x1080 canvas=(774, 535) fit=(535, 535) logicalCanvas=(774, 535) logicalFit=(535, 535) rootLogical=(1920, 1080) contentBase=(1920, 1080) contentFactor=1 rootVisible=(1920, 1080) window=(1920, 1080) captured=(1920, 1080) pixelSource=PNG pixelScale=(1, 1)
document-image-ui: PASS len01_arrival_photo_journal actual=urman.chapter1:asset/photo-marat-childhood 720p-large/1080p fit/zoom/pan/text, no knowledge mutation
SaveGameV3 written to /Users/unterlantas/Library/Application Support/Godot/app_userdata/URMAN/savegames/len01-arrival-before-reply.savegame-v3.json
zone-loaded: village_day@arrival connected-world=109404229614
SaveGameV3 restored.
SaveGameV3 written to /Users/unterlantas/Library/Application Support/Godot/app_userdata/URMAN/savegames/len01-arrival-reply-abandoned.savegame-v3.json
zone-loaded: village_day@arrival connected-world=109404229614
SaveGameV3 restored.
SaveGameV3 written to /Users/unterlantas/Library/Application Support/Godot/app_userdata/URMAN/savegames/len01-arrival-completed.savegame-v3.json
zone-loaded: village_day@arrival connected-world=109404229614
SaveGameV3 restored.
arrival-flow: source UI, remembered phrase, distinct help-babai, explicit house continuation
SaveGameV3 written to /Users/unterlantas/Library/Application Support/Godot/app_userdata/URMAN/savegames/len01-alsu-walk-deferred.savegame-v3.json
zone-loaded: village_day@arrival connected-world=109404229614
SaveGameV3 restored.
SaveGameV3 written to /Users/unterlantas/Library/Application Support/Godot/app_userdata/URMAN/savegames/len01-alsu-midsegment.savegame-v3.json
zone-loaded: village_day@arrival connected-world=109404229614
SaveGameV3 restored.
zone-loaded: village_day@arrival connected-world=109404229614
ERROR: SaveGameV3 load failed: Alsu's saved travel is not on its actually walked segment.
   at: void Urman.Godot.RuntimeBridge+<LoadFromStoreAsync>d__81.MoveNext() (res://scripts/RuntimeBridge.cs:385)
   C# backtrace (most recent call first):
       [0] void Godot.GD.PushError(string) (/root/godot/modules/mono/glue/GodotSharp/GodotSharp/Core/GD.cs:366)
       [1] void Urman.Godot.RuntimeBridge+<LoadFromStoreAsync>d__81.MoveNext() (/Users/unterlantas/Documents/GitHub/URMAN/game/scripts/RuntimeBridge.cs:385)
       [2] void System.Threading.ExecutionContext.RunInternal(System.Threading.ExecutionContext, System.Threading.ContextCallback, object)
       [3] void System.Runtime.CompilerServices.AsyncTaskMethodBuilder`1+AsyncStateMachineBox`1.MoveNext()
       [4] void System.Threading.Tasks.AwaitTaskContinuation.RunCallback(System.Threading.ContextCallback, object, System.Threading.Tasks.Task&)
       [5] void System.Threading.Tasks.Task.RunContinuations(object)
       [6] bool System.Threading.Tasks.Task`1.TrySetResult(TResult)
       [7] void System.Runtime.CompilerServices.AsyncTaskMethodBuilder`1.SetExistingTaskResult(System.Threading.Tasks.Task`1[TResult], TResult)
       [8] void Urman.Core.Persistence.AtomicSaveGameStore+<LoadAsync>d__4.MoveNext() (/Users/unterlantas/Documents/GitHub/URMAN/src-dotnet/Urman.Core/Persistence/AtomicSaveGameStore.cs:85)
       [9] void System.Runtime.CompilerServices.AsyncTaskMethodBuilder`1+AsyncStateMachineBox`1.ExecutionContextCallback(object)
       [10] void System.Threading.ExecutionContext.RunInternal(System.Threading.ExecutionContext, System.Threading.ContextCallback, object)
       [11] void System.Runtime.CompilerServices.AsyncTaskMethodBuilder`1+AsyncStateMachineBox`1.MoveNext(System.Threading.Thread)
       [12] void Godot.GodotSynchronizationContext.ExecutePendingContinuations() (/root/godot/modules/mono/glue/GodotSharp/GodotSharp/Core/GodotSynchronizationContext.cs:51)
       [13] void Godot.GodotTaskScheduler.Activate() (/root/godot/modules/mono/glue/GodotSharp/GodotSharp/Core/GodotTaskScheduler.cs:76)
       [14] void Godot.Bridge.ScriptManagerBridge.FrameCallback() (/root/godot/modules/mono/glue/GodotSharp/GodotSharp/Core/Bridge/ScriptManagerBridge.cs:84)
zone-loaded: village_day@arrival connected-world=109404229614
SaveGameV3 rejected the loaded placement; the previous session was restored.
zone-loaded: village_day@arrival connected-world=109404229614
alsu-physical-contact: {"query":"projection","motion":"(0, 0, 0)","recoveryAsCollision":true,"actorTransform":"[X: (-0.9991052, 0, 0.042215686), Y: (0, 1, 0), Z: (-0.042215686, 0, -0.9991052), O: (0.85, -0.28935206, 2.05)]","bodyTransform":"[X: (-0.9991052, 0, 0.042215686), Y: (0, 1, 0), Z: (-0.042215686, 0, -0.9991052), O: (0.85, -0.28935206, 2.05)]","bodyPhysicsTransform":"[X: (-0.9991052, 0, 0.042215686), Y: (0, 1, 0), Z: (-0.042215686, 0, -0.9991052), O: (0.85, -0.28935206, 2.05)]","capsuleTransform":"[X: (-0.9991052, 0, 0.042215686), Y: (0, 1, 0), Z: (-0.042215686, 0, -0.9991052), O: (0.85, 0.56064796, 2.05)]","capsuleLocal":"[X: (1, 0, 0), Y: (0, 1, 0), Z: (0, 0, 1), O: (0, 0.85, 0)]","radius":0.28,"height":1.7,"contacts":[{"owner":"/root/Act1Len01FamilyFlowSmokeTest/Act1Demo/Main/Player","colliderTransform":"[X: (0.9990848, 0, -0.042675998), Y: (0, 1, 0), Z: (0.042675998, 0, 0.9990848), O: (0.796052, -0.28591955, 2.321937)]","colliderPhysicsTransform":"[X: (0.9990848, 0, -0.042675998), Y: (0, 1, 0), Z: (0.042675998, 0, 0.9990848), O: (0.796052, -0.28591955, 2.321937)]","shape":"/root/Act1Len01FamilyFlowSmokeTest/Act1Demo/Main/Player/CollisionShape3D","shapeTransform":"[X: (0.9990848, 0, -0.042675998), Y: (0, 1, 0), Z: (0.042675998, 0, 0.9990848), O: (0.796052, 0.25408047, 2.321937)]","shapeSize":null,"point":"(0.86415887, 0.44408047, 1.9786291)","normal":"(0.19459203, -5.0934855E-08, -0.98088425)"}]}
ERROR: SaveGameV3 load failed: Alsu's saved physical body intersects an obstacle or the loaded player.
   at: void Urman.Godot.RuntimeBridge+<LoadFromStoreAsync>d__81.MoveNext() (res://scripts/RuntimeBridge.cs:385)
   C# backtrace (most recent call first):
       [0] void Godot.GD.PushError(string) (/root/godot/modules/mono/glue/GodotSharp/GodotSharp/Core/GD.cs:366)
       [1] void Urman.Godot.RuntimeBridge+<LoadFromStoreAsync>d__81.MoveNext() (/Users/unterlantas/Documents/GitHub/URMAN/game/scripts/RuntimeBridge.cs:385)
       [2] void System.Threading.ExecutionContext.RunInternal(System.Threading.ExecutionContext, System.Threading.ContextCallback, object)
       [3] void System.Runtime.CompilerServices.AsyncTaskMethodBuilder`1+AsyncStateMachineBox`1.MoveNext()
       [4] void System.Threading.Tasks.AwaitTaskContinuation.RunCallback(System.Threading.ContextCallback, object, System.Threading.Tasks.Task&)
       [5] void System.Threading.Tasks.Task.RunContinuations(object)
       [6] void System.Threading.Tasks.Task.FinishSlow(bool)
       [7] bool System.Threading.Tasks.Task.TrySetException(object)
       [8] void System.Runtime.CompilerServices.AsyncTaskMethodBuilder`1.SetException(System.Exception, System.Threading.Tasks.Task`1[TResult]&)
       [9] void Urman.Godot.RuntimeBridge+<RestoreLoadedWorldAsync>d__82.MoveNext() (/Users/unterlantas/Documents/GitHub/URMAN/game/scripts/RuntimeBridge.cs:445)
       [10] void System.Threading.ExecutionContext.RunInternal(System.Threading.ExecutionContext, System.Threading.ContextCallback, object)
       [11] void System.Threading.Tasks.AwaitTaskContinuation.RunCallback(System.Threading.ContextCallback, object, System.Threading.Tasks.Task&)
       [12] void System.Threading.Tasks.Task.RunContinuations(object)
       [13] void System.Threading.Tasks.Task.FinishSlow(bool)
       [14] bool System.Threading.Tasks.Task.TrySetException(object)
       [15] void System.Runtime.CompilerServices.AsyncTaskMethodBuilder`1.SetException(System.Exception, System.Threading.Tasks.Task`1[TResult]&)
       [16] void Urman.Godot.RuntimeBridge+<ProjectPhysicalWorldAsync>d__83.MoveNext() (/Users/unterlantas/Documents/GitHub/URMAN/game/scripts/RuntimeBridge.cs:477)
       [17] void System.Threading.ExecutionContext.RunInternal(System.Threading.ExecutionContext, System.Threading.ContextCallback, object)
       [18] void System.Threading.Tasks.AwaitTaskContinuation.RunCallback(System.Threading.ContextCallback, object, System.Threading.Tasks.Task&)
       [19] void System.Threading.Tasks.Task.RunContinuations(object)
       [20] bool System.Threading.Tasks.Task`1.TrySetResult(TResult)
       [21] void System.Runtime.CompilerServices.AsyncTaskMethodBuilder`1.SetExistingTaskResult(System.Threading.Tasks.Task`1[TResult], TResult)
       [22] void Urman.Godot.VehicleFleet+<CompleteLoadedProjectionAsync>d__44.MoveNext() (/Users/unterlantas/Documents/GitHub/URMAN/game/scripts/VehicleFleet.cs:239)
       [23] void System.Threading.ExecutionContext.RunInternal(System.Threading.ExecutionContext, System.Threading.ContextCallback, object)
       [24] void System.Runtime.CompilerServices.AsyncTaskMethodBuilder`1+AsyncStateMachineBox`1.MoveNext()
       [25] void Godot.SignalAwaiter.SignalCallback(nint, Godot.NativeInterop.godot_variant**, int, Godot.NativeInterop.godot_bool*) (/root/godot/modules/mono/glue/GodotSharp/GodotSharp/Core/SignalAwaiter.cs:65)
zone-loaded: village_day@arrival connected-world=109404229614
SaveGameV3 rejected the loaded placement; the previous session was restored.
zone-loaded: house_old_pc@entry connected-world=109404229614
SaveGameV3 written to /Users/unterlantas/Library/Application Support/Godot/app_userdata/URMAN/savegames/len01-alsu-midsegment-house.savegame-v3.json
zone-loaded: house_old_pc@entry connected-world=109404229614
SaveGameV3 restored.
zone-loaded: village_day@from_house connected-world=109404229614
alsu-exterior-return: {"phase":"immediate","waitedPhysicsFrames":0,"expected":"(0.78206825, -0.29973444, 0.4422834)","poseDelta":0,"requested":false,"bodyLayer":0,"targetLayer":0,"targetAvailable":false,"eligibility":{"runtimeRequested":false,"localRequested":false,"arrived":false,"checkpoint":0,"pendingCheckpoint":0,"stepping":false,"saving":false,"committing":false,"physicalPending":true,"PhysicalPlacementFailure":null,"PhysicalAccessReady":false,"exterior":true,"presentationZone":"village_day","zone":"village_day","modal":false,"vehicle":false,"sessionMatchesLive":true,"sessionMatchesProjection":true,"physicsFrame":842,"validationAfterPhysicsFrame":844,"fleetPending":true,"actor":"(0.78206825, -0.29973444, 0.4422834)","player":"(-26.158367, 0.35846362, -1.2426405)","walkedMetres":1.6091511,"blocked":"none"}}
alsu-exterior-return: {"phase":"frame3","waitedPhysicsFrames":3,"expected":"(0.78206825, -0.29973444, 0.4422834)","poseDelta":0,"requested":false,"bodyLayer":1,"targetLayer":4,"targetAvailable":true,"eligibility":{"runtimeRequested":false,"localRequested":false,"arrived":false,"checkpoint":0,"pendingCheckpoint":0,"stepping":false,"saving":false,"committing":false,"physicalPending":false,"PhysicalPlacementFailure":null,"PhysicalAccessReady":true,"exterior":true,"presentationZone":"village_day","zone":"village_day","modal":false,"vehicle":false,"sessionMatchesLive":true,"sessionMatchesProjection":true,"physicsFrame":845,"validationAfterPhysicsFrame":844,"fleetPending":false,"actor":"(0.78206825, -0.29973444, 0.4422834)","player":"(-26.158367, 0.30990893, -1.2426405)","walkedMetres":1.6091511,"blocked":"none"}}
alsu-exterior-return: {"phase":"complete","waitedPhysicsFrames":3,"expected":"(0.78206825, -0.29973444, 0.4422834)","poseDelta":0,"requested":false,"bodyLayer":1,"targetLayer":4,"targetAvailable":true,"eligibility":{"runtimeRequested":false,"localRequested":false,"arrived":false,"checkpoint":0,"pendingCheckpoint":0,"stepping":false,"saving":false,"committing":false,"physicalPending":false,"PhysicalPlacementFailure":null,"PhysicalAccessReady":true,"exterior":true,"presentationZone":"village_day","zone":"village_day","modal":false,"vehicle":false,"sessionMatchesLive":true,"sessionMatchesProjection":true,"physicsFrame":845,"validationAfterPhysicsFrame":844,"fleetPending":false,"actor":"(0.78206825, -0.29973444, 0.4422834)","player":"(-26.158367, 0.30990893, -1.2426405)","walkedMetres":1.6091511,"blocked":"none"}}
alsu-walk-proof: actual partial walk -> declared existing house boundary -> indoor save/load -> actual exterior support/body validation; door traversal=separate-check
alsu-yard-turn: {"goal":"(-26.05, 0.34114814, 2.2)","standingClear":true,"standingPurpose":"yard-turn","bodyRadius":0.35,"support":"/root/Act1Len01FamilyFlowSmokeTest/Act1Demo/Main/ZoneHost/Act1ConnectedWorld/Act1CoreWorldGreybox/AgentBExteriorWorld/AgentB_TerrainCollision","chassisOwner":null,"chassisTransform":null,"chassisSize":null,"playerMoved":false,"revision":26}
alsu-player-walk: {"phase":"standing-yard-turn-reached","leg":6,"elapsedFrames":65,"stalledFrames":1,"start":"(-26.060732, 0.2944402, 0.05720978)","goal":"(-26.05, 0.34114814, 2.2)","feet":"(-26.051182, 0.3230576, 2.0536883)","velocity":"(0, 0, 0)","remaining":0.14631654,"onFloor":true,"crouching":false,"modal":false,"zone":"village_day","input":"(0, 0)","revisionBefore":26,"revisionNow":26,"lastStepRejection":"","stepsClimbed":0,"recentSlideContacts":[],"probeMotion":"(0.00045799004, 0, 0.05666482)","blocked":true,"sweepContacts":[{"owner":"/root/Act1Len01FamilyFlowSmokeTest/Act1Demo/Main/ZoneHost/Act1ConnectedWorld/Act1CoreWorldGreybox/AgentBExteriorWorld/AgentB_TerrainCollision","shape":"/root/Act1Len01FamilyFlowSmokeTest/Act1Demo/Main/ZoneHost/Act1ConnectedWorld/Act1CoreWorldGreybox/AgentBExteriorWorld/AgentB_TerrainCollision/AgentB_TerrainFaces","normal":"(-0.037933104, 0.99699736, -0.067507796)","point":"(-26.037796, 0.32424155, 2.091141)"}]}
alsu-niva-bypass: {"goal":"(-0.1, -0.27012336, -2.8)","standingClear":true,"standingPurpose":"niva-bypass","bodyRadius":0.35,"support":"/root/Act1Len01FamilyFlowSmokeTest/Act1Demo/Main/ZoneHost/Act1ConnectedWorld/Act1CoreWorldGreybox/AgentBExteriorWorld/AgentB_TerrainCollision","chassisOwner":"/root/Act1Len01FamilyFlowSmokeTest/Act1Demo/Main/ZoneHost/Act1ConnectedWorld/VillageVehicles/babay-niva/ChassisCollision","chassisTransform":"[X: (1, 0, 0), Y: (0, 1, 0), Z: (0, 0, 1), O: (-1.65, 0.63264996, 1.025)]","chassisSize":"(1.82, 1.72, 4.2)","playerMoved":false,"revision":26}
alsu-player-walk: {"phase":"standing-niva-bypass-reached","leg":12,"elapsedFrames":88,"stalledFrames":2,"start":"(-3.6471803, -0.25649628, -2.820535)","goal":"(-0.1, -0.27012336, -2.8)","feet":"(-0.24710128, -0.27802572, -2.8008447)","velocity":"(0, 0, 0)","remaining":0.14710371,"onFloor":true,"crouching":false,"modal":false,"zone":"village_day","input":"(0, 0)","revisionBefore":26,"revisionNow":26,"lastStepRejection":"","stepsClimbed":0,"recentSlideContacts":[],"probeMotion":"(0.056665737, 0, 0.00032539835)","blocked":false,"sweepContacts":[]}
alsu-niva-bypass: {"goal":"(-0.1, -0.29960525, 3.7)","standingClear":true,"standingPurpose":"niva-bypass","bodyRadius":0.35,"support":"/root/Act1Len01FamilyFlowSmokeTest/Act1Demo/Main/ZoneHost/Act1ConnectedWorld/Act1CoreWorldGreybox/AgentBExteriorWorld/AgentB_TerrainCollision","chassisOwner":"/root/Act1Len01FamilyFlowSmokeTest/Act1Demo/Main/ZoneHost/Act1ConnectedWorld/VillageVehicles/babay-niva/ChassisCollision","chassisTransform":"[X: (1, 0, 0), Y: (0, 1, 0), Z: (0, 0, 1), O: (-1.65, 0.63264996, 1.025)]","chassisSize":"(1.82, 1.72, 4.2)","playerMoved":false,"revision":26}
alsu-player-walk: {"phase":"standing-niva-bypass-reached","leg":13,"elapsedFrames":141,"stalledFrames":0,"start":"(-0.24710128, -0.27802572, -2.8008447)","goal":"(-0.1, -0.29960525, 3.7)","feet":"(-0.103276804, -0.30608702, 3.5508463)","velocity":"(0, 0, 0)","remaining":0.1491897,"onFloor":true,"crouching":false,"modal":false,"zone":"village_day","input":"(0, 0)","revisionBefore":26,"revisionNow":26,"lastStepRejection":"","stepsClimbed":0,"recentSlideContacts":[],"probeMotion":"(0.0012446267, 0, 0.056653)","blocked":false,"sweepContacts":[]}
SaveGameV3 written to /Users/unterlantas/Library/Application Support/Godot/app_userdata/URMAN/savegames/checkpoint.savegame-v3.json
SaveGameV3 written to /Users/unterlantas/Library/Application Support/Godot/app_userdata/URMAN/savegames/len01-alsu-walk-partial.savegame-v3.json
zone-loaded: village_day@from_house connected-world=109404229614
SaveGameV3 restored.
SaveGameV3 written to /Users/unterlantas/Library/Application Support/Godot/app_userdata/URMAN/savegames/checkpoint.savegame-v3.json
SaveGameV3 written to /Users/unterlantas/Library/Application Support/Godot/app_userdata/URMAN/savegames/checkpoint.savegame-v3.json
SaveGameV3 written to /Users/unterlantas/Library/Application Support/Godot/app_userdata/URMAN/savegames/len01-alsu-walk-arrived.savegame-v3.json
zone-loaded: village_day@from_house connected-world=109404229614
SaveGameV3 restored.
alsu-walk-proof: requested, physical input, one actor/body/ray, checkpoint=3; return=True; no account until manual question; human-duration=not-run
SaveGameV3 written to /Users/unterlantas/Library/Application Support/Godot/app_userdata/URMAN/savegames/len01-early-directions.savegame-v3.json
zone-loaded: village_day@from_house connected-world=109404229614
SaveGameV3 restored.
len01-early-address: real conversation before notice; hearsay has no unread wording; repeat and load retain one address; main comparison remains required
[198] scene.entered: urman.chapter1:interaction/arrival-enter-house
zone-loaded: house_old_pc@entry connected-world=109404229614
state-final-render-sync-begin: label=family_home_before_invitation tick=79279 drawn=2817 process=2817 physics=3004 windowVisible=True focus=True mode=Windowed renderLoop=True
state-final-render-sync-end: label=family_home_before_invitation milliseconds=5 forcedScreenshotRender=False
family-notebook-rendered-capture: /Users/unterlantas/Documents/GitHub/URMAN/docs/production/act1_takeover_evidence_2026-09-16/images-len01-12/family_home_before_invitation.png
SaveGameV3 written to /Users/unterlantas/Library/Application Support/Godot/app_userdata/URMAN/savegames/len01-unanswered-request.savegame-v3.json
zone-loaded: house_old_pc@entry connected-world=109404229614
SaveGameV3 restored.
SaveGameV3 written to /Users/unterlantas/Library/Application Support/Godot/app_userdata/URMAN/savegames/len01-meal-deferred.savegame-v3.json
zone-loaded: house_old_pc@entry connected-world=109404229614
SaveGameV3 restored.
state-final-render-sync-begin: label=family_home_deferred_inside_photo tick=79968 drawn=2866 process=2866 physics=3045 windowVisible=True focus=True mode=Windowed renderLoop=True
state-final-render-sync-end: label=family_home_deferred_inside_photo milliseconds=8 forcedScreenshotRender=False
family-notebook-rendered-capture: /Users/unterlantas/Documents/GitHub/URMAN/docs/production/act1_takeover_evidence_2026-09-16/images-len01-12/family_home_deferred_inside_photo.png
SaveGameV3 written to /Users/unterlantas/Library/Application Support/Godot/app_userdata/URMAN/savegames/len01-meal-invitation-abandoned.savegame-v3.json
zone-loaded: house_old_pc@entry connected-world=109404229614
SaveGameV3 restored.
SaveGameV3 written to /Users/unterlantas/Library/Application Support/Godot/app_userdata/URMAN/savegames/len01-meal-reply-unfinished.savegame-v3.json
zone-loaded: house_old_pc@entry connected-world=109404229614
SaveGameV3 restored.
SaveGameV3 written to /Users/unterlantas/Library/Application Support/Godot/app_userdata/URMAN/savegames/len01-meal-completed.savegame-v3.json
zone-loaded: house_old_pc@entry connected-world=109404229614
SaveGameV3 restored.
state-final-render-sync-begin: label=family_home_completed_photo tick=80959 drawn=2932 process=2932 physics=3105 windowVisible=True focus=True mode=Windowed renderLoop=True
state-final-render-sync-end: label=family_home_completed_photo milliseconds=8 forcedScreenshotRender=False
family-notebook-rendered-capture: /Users/unterlantas/Documents/GitHub/URMAN/docs/production/act1_takeover_evidence_2026-09-16/images-len01-12/family_home_completed_photo.png
family-meal-proof: actual invitation, source-dependent personal reply, explicit meal acceptance; topic=photo; decline/return/load=True; no timer, movement automation or human-duration claim
SaveGameV3 written to /Users/unterlantas/Library/Application Support/Godot/app_userdata/URMAN/savegames/len01-wrong-receipt.savegame-v3.json
zone-loaded: house_old_pc@entry connected-world=109404229614
SaveGameV3 restored.
SaveGameV3 written to /Users/unterlantas/Library/Application Support/Godot/app_userdata/URMAN/savegames/len01-checked-list.savegame-v3.json
zone-loaded: house_old_pc@entry connected-world=109404229614
SaveGameV3 restored.
SaveGameV3 written to /Users/unterlantas/Library/Application Support/Godot/app_userdata/URMAN/savegames/checkpoint.savegame-v3.json
checkpoint: auto-saved at urman.chapter1:scene/house
SaveGameV3 written to /Users/unterlantas/Library/Application Support/Godot/app_userdata/URMAN/savegames/len01-family-comparison.savegame-v3.json
zone-loaded: house_old_pc@entry connected-world=109404229614
SaveGameV3 restored.
[411] scene.entered: urman.chapter1:interaction/house-to-route
zone-loaded: village_day@from_house connected-world=109404229614
SaveGameV3 written to /Users/unterlantas/Library/Application Support/Godot/app_userdata/URMAN/savegames/len01-unverified-versions.savegame-v3.json
zone-loaded: village_day@from_house connected-world=109404229614
SaveGameV3 restored.
SaveGameV3 written to /Users/unterlantas/Library/Application Support/Godot/app_userdata/URMAN/savegames/checkpoint.savegame-v3.json
checkpoint: auto-saved at urman.chapter1:scene/crossroad_signs_inspect
[459] scene.entered: urman.chapter1:interaction/route-to-fap
zone-loaded: fap_clinic@waiting_room connected-world=109404229614
[467] journal.changed: urman.chapter1:interaction/discover-fap-interior-repaired-desk-object
SaveGameV3 written to /Users/unterlantas/Library/Application Support/Godot/app_userdata/URMAN/savegames/checkpoint.savegame-v3.json
checkpoint: auto-saved at urman.chapter1:scene/fap_waiting_room_day
SaveGameV3 written to /Users/unterlantas/Library/Application Support/Godot/app_userdata/URMAN/savegames/len01-lamp-unacknowledged.savegame-v3.json
zone-loaded: fap_clinic@waiting_room connected-world=109404229614
SaveGameV3 restored.
local-reaction-target-before: action=talk-naila zone=fap_clinic semantic=True cached=True physical=True
local-reaction-proof: lamp; real source, exact visible reply, return choice and repeat rejection; save-return=False
SaveGameV3 written to /Users/unterlantas/Library/Application Support/Godot/app_userdata/URMAN/savegames/len01-lamp-acknowledged.savegame-v3.json
zone-loaded: fap_clinic@waiting_room connected-world=109404229614
SaveGameV3 restored.
[508] scene.entered: urman.chapter1:interaction/fap-to-document-desk
[512] scene.entered: urman.chapter1:interaction/fap-document-desk-to-official-record
SaveGameV3 written to /Users/unterlantas/Library/Application Support/Godot/app_userdata/URMAN/savegames/checkpoint.savegame-v3.json
checkpoint: auto-saved at urman.chapter1:scene/evidence-official-death
[519] scene.entered: urman.chapter1:interaction/official-to-internal-register
SaveGameV3 written to /Users/unterlantas/Library/Application Support/Godot/app_userdata/URMAN/savegames/checkpoint.savegame-v3.json
checkpoint: auto-saved at urman.chapter1:scene/evidence-internal-register
zone-loaded: house_old_pc@entry connected-world=109404229614
state-final-render-sync-begin: label=source-excerpt-ui/begin/press tick=85747 drawn=3288 process=3288 physics=3392 windowVisible=True focus=True mode=Windowed renderLoop=True
state-final-render-sync-end: label=source-excerpt-ui/begin/press milliseconds=5 forcedScreenshotRender=False
state-final-render-sync-begin: label=source-excerpt-ui/begin/release tick=85752 drawn=3288 process=3288 physics=3392 windowVisible=True focus=True mode=Windowed renderLoop=True
state-final-render-sync-end: label=source-excerpt-ui/begin/release milliseconds=10 forcedScreenshotRender=False
state-final-render-sync-begin: label=source-excerpt-ui/select-character-0/press tick=85763 drawn=3289 process=3289 physics=3392 windowVisible=True focus=True mode=Windowed renderLoop=True
state-final-render-sync-end: label=source-excerpt-ui/select-character-0/press milliseconds=6 forcedScreenshotRender=False
state-final-render-sync-begin: label=source-excerpt-ui/select-character-0/release tick=85769 drawn=3290 process=3290 physics=3393 windowVisible=True focus=True mode=Windowed renderLoop=True
state-final-render-sync-end: label=source-excerpt-ui/select-character-0/release milliseconds=7 forcedScreenshotRender=False
state-final-render-sync-begin: label=source-excerpt-ui/select-character-1/press tick=85776 drawn=3291 process=3291 physics=3393 windowVisible=True focus=True mode=Windowed renderLoop=True
state-final-render-sync-end: label=source-excerpt-ui/select-character-1/press milliseconds=8 forcedScreenshotRender=False
state-final-render-sync-begin: label=source-excerpt-ui/select-character-1/release tick=85785 drawn=3292 process=3292 physics=3394 windowVisible=True focus=True mode=Windowed renderLoop=True
state-final-render-sync-end: label=source-excerpt-ui/select-character-1/release milliseconds=8 forcedScreenshotRender=False
state-final-render-sync-begin: label=source-excerpt-ui/select-character-2/press tick=85793 drawn=3293 process=3293 physics=3394 windowVisible=True focus=True mode=Windowed renderLoop=True
state-final-render-sync-end: label=source-excerpt-ui/select-character-2/press milliseconds=8 forcedScreenshotRender=False
state-final-render-sync-begin: label=source-excerpt-ui/select-character-2/release tick=85801 drawn=3294 process=3294 physics=3395 windowVisible=True focus=True mode=Windowed renderLoop=True
state-final-render-sync-end: label=source-excerpt-ui/select-character-2/release milliseconds=8 forcedScreenshotRender=False
state-final-render-sync-begin: label=source-excerpt-ui/select-character-3/press tick=85809 drawn=3295 process=3295 physics=3395 windowVisible=True focus=True mode=Windowed renderLoop=True
state-final-render-sync-end: label=source-excerpt-ui/select-character-3/press milliseconds=9 forcedScreenshotRender=False
state-final-render-sync-begin: label=source-excerpt-ui/select-character-3/release tick=85818 drawn=3296 process=3296 physics=3396 windowVisible=True focus=True mode=Windowed renderLoop=True
state-final-render-sync-end: label=source-excerpt-ui/select-character-3/release milliseconds=8 forcedScreenshotRender=False
state-final-render-sync-begin: label=source-excerpt-ui/select-character-4/press tick=85826 drawn=3297 process=3297 physics=3396 windowVisible=True focus=True mode=Windowed renderLoop=True
state-final-render-sync-end: label=source-excerpt-ui/select-character-4/press milliseconds=8 forcedScreenshotRender=False
state-final-render-sync-begin: label=source-excerpt-ui/select-character-4/release tick=85834 drawn=3298 process=3298 physics=3397 windowVisible=True focus=True mode=Windowed renderLoop=True
state-final-render-sync-end: label=source-excerpt-ui/select-character-4/release milliseconds=9 forcedScreenshotRender=False
state-final-render-sync-begin: label=source-excerpt-ui/select-character-5/press tick=85843 drawn=3299 process=3299 physics=3397 windowVisible=True focus=True mode=Windowed renderLoop=True
state-final-render-sync-end: label=source-excerpt-ui/select-character-5/press milliseconds=8 forcedScreenshotRender=False
state-final-render-sync-begin: label=source-excerpt-ui/select-character-5/release tick=85851 drawn=3300 process=3300 physics=3398 windowVisible=True focus=True mode=Windowed renderLoop=True
state-final-render-sync-end: label=source-excerpt-ui/select-character-5/release milliseconds=8 forcedScreenshotRender=False
state-final-render-sync-begin: label=source-excerpt-ui/select-character-6/press tick=85859 drawn=3301 process=3301 physics=3398 windowVisible=True focus=True mode=Windowed renderLoop=True
state-final-render-sync-end: label=source-excerpt-ui/select-character-6/press milliseconds=9 forcedScreenshotRender=False
state-final-render-sync-begin: label=source-excerpt-ui/select-character-6/release tick=85868 drawn=3302 process=3302 physics=3399 windowVisible=True focus=True mode=Windowed renderLoop=True
state-final-render-sync-end: label=source-excerpt-ui/select-character-6/release milliseconds=8 forcedScreenshotRender=False
state-final-render-sync-begin: label=source-excerpt-ui/select-character-7/press tick=85876 drawn=3303 process=3303 physics=3399 windowVisible=True focus=True mode=Windowed renderLoop=True
state-final-render-sync-end: label=source-excerpt-ui/select-character-7/press milliseconds=8 forcedScreenshotRender=False
state-final-render-sync-begin: label=source-excerpt-ui/select-character-7/release tick=85884 drawn=3304 process=3304 physics=3400 windowVisible=True focus=True mode=Windowed renderLoop=True
state-final-render-sync-end: label=source-excerpt-ui/select-character-7/release milliseconds=9 forcedScreenshotRender=False
state-final-render-sync-begin: label=source-excerpt-ui/return-to-reading/press tick=85893 drawn=3305 process=3305 physics=3400 windowVisible=True focus=True mode=Windowed renderLoop=True
state-final-render-sync-end: label=source-excerpt-ui/return-to-reading/press milliseconds=8 forcedScreenshotRender=False
state-final-render-sync-begin: label=source-excerpt-ui/return-to-reading/release tick=85901 drawn=3306 process=3306 physics=3401 windowVisible=True focus=True mode=Windowed renderLoop=True
state-final-render-sync-end: label=source-excerpt-ui/return-to-reading/release milliseconds=8 forcedScreenshotRender=False
state-final-render-sync-begin: label=source-excerpt-ui/begin-again/press tick=85910 drawn=3307 process=3307 physics=3401 windowVisible=True focus=True mode=Windowed renderLoop=True
state-final-render-sync-end: label=source-excerpt-ui/begin-again/press milliseconds=8 forcedScreenshotRender=False
state-final-render-sync-begin: label=source-excerpt-ui/begin-again/release tick=85918 drawn=3308 process=3308 physics=3402 windowVisible=True focus=True mode=Windowed renderLoop=True
state-final-render-sync-end: label=source-excerpt-ui/begin-again/release milliseconds=8 forcedScreenshotRender=False
state-final-render-sync-begin: label=source-excerpt-ui/select-character-0/press tick=85926 drawn=3309 process=3309 physics=3403 windowVisible=True focus=True mode=Windowed renderLoop=True
state-final-render-sync-end: label=source-excerpt-ui/select-character-0/press milliseconds=9 forcedScreenshotRender=False
state-final-render-sync-begin: label=source-excerpt-ui/select-character-0/release tick=85935 drawn=3310 process=3310 physics=3403 windowVisible=True focus=True mode=Windowed renderLoop=True
state-final-render-sync-end: label=source-excerpt-ui/select-character-0/release milliseconds=8 forcedScreenshotRender=False
state-final-render-sync-begin: label=source-excerpt-ui/select-character-1/press tick=85943 drawn=3311 process=3311 physics=3404 windowVisible=True focus=True mode=Windowed renderLoop=True
state-final-render-sync-end: label=source-excerpt-ui/select-character-1/press milliseconds=8 forcedScreenshotRender=False
state-final-render-sync-begin: label=source-excerpt-ui/select-character-1/release tick=85951 drawn=3312 process=3312 physics=3404 windowVisible=True focus=True mode=Windowed renderLoop=True
state-final-render-sync-end: label=source-excerpt-ui/select-character-1/release milliseconds=8 forcedScreenshotRender=False
state-final-render-sync-begin: label=source-excerpt-ui/select-character-2/press tick=85959 drawn=3313 process=3313 physics=3405 windowVisible=True focus=True mode=Windowed renderLoop=True
state-final-render-sync-end: label=source-excerpt-ui/select-character-2/press milliseconds=9 forcedScreenshotRender=False
state-final-render-sync-begin: label=source-excerpt-ui/select-character-2/release tick=85968 drawn=3314 process=3314 physics=3405 windowVisible=True focus=True mode=Windowed renderLoop=True
state-final-render-sync-end: label=source-excerpt-ui/select-character-2/release milliseconds=8 forcedScreenshotRender=False
state-final-render-sync-begin: label=source-excerpt-ui/select-character-3/press tick=85976 drawn=3315 process=3315 physics=3406 windowVisible=True focus=True mode=Windowed renderLoop=True
state-final-render-sync-end: label=source-excerpt-ui/select-character-3/press milliseconds=8 forcedScreenshotRender=False
state-final-render-sync-begin: label=source-excerpt-ui/select-character-3/release tick=85984 drawn=3316 process=3316 physics=3406 windowVisible=True focus=True mode=Windowed renderLoop=True
state-final-render-sync-end: label=source-excerpt-ui/select-character-3/release milliseconds=9 forcedScreenshotRender=False
state-final-render-sync-begin: label=source-excerpt-ui/select-character-4/press tick=85993 drawn=3317 process=3317 physics=3407 windowVisible=True focus=True mode=Windowed renderLoop=True
state-final-render-sync-end: label=source-excerpt-ui/select-character-4/press milliseconds=8 forcedScreenshotRender=False
state-final-render-sync-begin: label=source-excerpt-ui/select-character-4/release tick=86001 drawn=3318 process=3318 physics=3407 windowVisible=True focus=True mode=Windowed renderLoop=True
state-final-render-sync-end: label=source-excerpt-ui/select-character-4/release milliseconds=8 forcedScreenshotRender=False
state-final-render-sync-begin: label=source-excerpt-ui/select-character-5/press tick=86009 drawn=3319 process=3319 physics=3408 windowVisible=True focus=True mode=Windowed renderLoop=True
state-final-render-sync-end: label=source-excerpt-ui/select-character-5/press milliseconds=9 forcedScreenshotRender=False
state-final-render-sync-begin: label=source-excerpt-ui/select-character-5/release tick=86018 drawn=3320 process=3320 physics=3408 windowVisible=True focus=True mode=Windowed renderLoop=True
state-final-render-sync-end: label=source-excerpt-ui/select-character-5/release milliseconds=8 forcedScreenshotRender=False
state-final-render-sync-begin: label=source-excerpt-ui/select-character-6/press tick=86026 drawn=3321 process=3321 physics=3409 windowVisible=True focus=True mode=Windowed renderLoop=True
state-final-render-sync-end: label=source-excerpt-ui/select-character-6/press milliseconds=8 forcedScreenshotRender=False
state-final-render-sync-begin: label=source-excerpt-ui/select-character-6/release tick=86034 drawn=3322 process=3322 physics=3409 windowVisible=True focus=True mode=Windowed renderLoop=True
state-final-render-sync-end: label=source-excerpt-ui/select-character-6/release milliseconds=9 forcedScreenshotRender=False
state-final-render-sync-begin: label=source-excerpt-ui/select-character-7/press tick=86043 drawn=3323 process=3323 physics=3410 windowVisible=True focus=True mode=Windowed renderLoop=True
state-final-render-sync-end: label=source-excerpt-ui/select-character-7/press milliseconds=8 forcedScreenshotRender=False
state-final-render-sync-begin: label=source-excerpt-ui/select-character-7/release tick=86051 drawn=3324 process=3324 physics=3410 windowVisible=True focus=True mode=Windowed renderLoop=True
state-final-render-sync-end: label=source-excerpt-ui/select-character-7/release milliseconds=8 forcedScreenshotRender=False
state-final-render-sync-begin: label=source-excerpt-ui/tab-to-record/press tick=86059 drawn=3325 process=3325 physics=3411 windowVisible=True focus=True mode=Windowed renderLoop=True
state-final-render-sync-end: label=source-excerpt-ui/tab-to-record/press milliseconds=9 forcedScreenshotRender=False
state-final-render-sync-begin: label=source-excerpt-ui/tab-to-record/release tick=86068 drawn=3326 process=3326 physics=3411 windowVisible=True focus=True mode=Windowed renderLoop=True
state-final-render-sync-end: label=source-excerpt-ui/tab-to-record/release milliseconds=8 forcedScreenshotRender=False
state-final-render-sync-begin: label=source-excerpt-ui/resize-(1280, 720) tick=86076 drawn=3327 process=3327 physics=3412 windowVisible=True focus=True mode=Windowed renderLoop=True
state-final-render-sync-end: label=source-excerpt-ui/resize-(1280, 720) milliseconds=8 forcedScreenshotRender=False
state-final-render-sync-begin: label=source-excerpt-ui/layout-(1280, 720) tick=86084 drawn=3328 process=3328 physics=3412 windowVisible=True focus=True mode=Windowed renderLoop=True
state-final-render-sync-end: label=source-excerpt-ui/layout-(1280, 720) milliseconds=9 forcedScreenshotRender=False
state-final-render-sync-begin: label=source-excerpt-ui/capture-(1280, 720) tick=86093 drawn=3329 process=3329 physics=3413 windowVisible=True focus=True mode=Windowed renderLoop=True
state-final-render-sync-end: label=source-excerpt-ui/capture-(1280, 720) milliseconds=8 forcedScreenshotRender=False
source-excerpt-ui: capture /Users/unterlantas/Documents/GitHub/URMAN/docs/production/act1_takeover_evidence_2026-09-16/images-len01-12/source_excerpt_Act1Len01FamilyFlowSmokeTest_1280x720.png
source-excerpt-ui: bounds (1280, 720) actual=(1280, 720) logical=(1920, 1080) textPixels=(516, 325.33334) selectedCharacters=8 capture=PNG
state-final-render-sync-begin: label=source-excerpt-ui/resize-(1920, 1080) tick=86165 drawn=3330 process=3330 physics=3413 windowVisible=True focus=True mode=Windowed renderLoop=True
state-final-render-sync-end: label=source-excerpt-ui/resize-(1920, 1080) milliseconds=42 forcedScreenshotRender=False
state-final-render-sync-begin: label=source-excerpt-ui/layout-(1920, 1080) tick=86207 drawn=3331 process=3331 physics=3417 windowVisible=True focus=True mode=Windowed renderLoop=True
state-final-render-sync-end: label=source-excerpt-ui/layout-(1920, 1080) milliseconds=10 forcedScreenshotRender=False
state-final-render-sync-begin: label=source-excerpt-ui/capture-(1920, 1080) tick=86217 drawn=3332 process=3332 physics=3420 windowVisible=True focus=True mode=Windowed renderLoop=True
state-final-render-sync-end: label=source-excerpt-ui/capture-(1920, 1080) milliseconds=8 forcedScreenshotRender=False
source-excerpt-ui: capture /Users/unterlantas/Documents/GitHub/URMAN/docs/production/act1_takeover_evidence_2026-09-16/images-len01-12/source_excerpt_Act1Len01FamilyFlowSmokeTest_1920x1080.png
source-excerpt-ui: bounds (1920, 1080) actual=(1920, 1080) logical=(1920, 1080) textPixels=(774, 549) selectedCharacters=8 capture=PNG
state-final-render-sync-begin: label=source-excerpt-ui/restore-window tick=86347 drawn=3333 process=3333 physics=3421 windowVisible=True focus=True mode=Windowed renderLoop=True
state-final-render-sync-end: label=source-excerpt-ui/restore-window milliseconds=65 forcedScreenshotRender=False
source-excerpt-ui: PASS real Shift+arrows, Esc-to-reader, re-entry, Tab-to-button, 720/1080 bounds; no excerpt recorded
source-formatting-proof: paired strong -> unchanged canonical paragraph -> real selection/save follows; literal stars and links retained
source-excerpt-selection-state: {"action":"excerpt-notice-cause","phase":"wrong-before-resize","processFrame":3337,"physicsFrame":3434,"selecting":true,"editorVisible":true,"recordDisabled":false,"selected":"\u0421\u043F\u0440\u0430\u0432\u043A\u0430","expected":"\u0421\u043F\u0440\u0430\u0432\u043A\u0430","exact":true,"editorContainsExpected":true,"selectionFrom":[1,0],"selectionTo":[1,7],"caret":[1,7],"editorFocused":true,"focusOwner":"/root/Act1Len01FamilyFlowSmokeTest/Act1Demo/Main/JournalUi/Screen/Book/Layout/WorkArea/Reader/Body/SourceExcerptText","editorRect":"(754, 286), (774, 488)","bodyRect":"(754, 286), (774, 488)","editorScroll":0,"bodyScroll":0,"logicalViewport":"(0, 0), (1920, 1080)","windowSize":"(1280, 720)"}
state-final-render-sync-begin: label=source-excerpt-feedback/excerpt-notice-cause/attempt1/wrong/resize tick=86442 drawn=3337 process=3337 physics=3434 windowVisible=True focus=True mode=Windowed renderLoop=True
state-final-render-sync-end: label=source-excerpt-feedback/excerpt-notice-cause/attempt1/wrong/resize milliseconds=6 forcedScreenshotRender=False
state-final-render-sync-begin: label=source-excerpt-feedback/excerpt-notice-cause/attempt1/wrong/layout tick=86454 drawn=3339 process=3339 physics=3435 windowVisible=True focus=True mode=Windowed renderLoop=True
state-final-render-sync-end: label=source-excerpt-feedback/excerpt-notice-cause/attempt1/wrong/layout milliseconds=5 forcedScreenshotRender=False
source-excerpt-proof: feedback capture /Users/unterlantas/Documents/GitHub/URMAN/docs/production/act1_takeover_evidence_2026-09-16/images-len01-12/source_excerpt_Act1Len01FamilyFlowSmokeTest_excerpt-notice-cause_attempt01_wrong_1280x720.png
source-excerpt-raster-typography: {"action":"excerpt-notice-cause","phase":"wrong","size":"(1280, 720)","textScale":1,"rasterSize":"(1280, 720)","logicalViewport":"(0, 0), (1920, 1080)","rasterRatio":"(0.6666667, 0.6666667)","readerBounds":"(502.6667, 158), (516, 507.33337)","labels":[{"name":"Hint","logicalFont":21,"screenFontPixels":14,"bounds":"(502.6667, 477.33334), (516, 86.00003)","logicalHeight":129,"minimumHeight":129},{"name":"Feedback","logicalFont":21,"screenFontPixels":14,"bounds":"(502.6667, 596.6667), (516, 42)","logicalHeight":63,"minimumHeight":63},{"name":"Source","logicalFont":21,"screenFontPixels":14,"bounds":"(502.6667, 645.3334), (516, 20)","logicalHeight":30,"minimumHeight":30}],"oracle":"actual raster / logical viewport extent times GlobalWithCanvas; no runtime screen-transform API"}
state-final-render-sync-begin: label=source-excerpt-feedback/excerpt-notice-cause/attempt1/wrong/resize tick=86524 drawn=3339 process=3339 physics=3435 windowVisible=True focus=True mode=Windowed renderLoop=True
state-final-render-sync-end: label=source-excerpt-feedback/excerpt-notice-cause/attempt1/wrong/resize milliseconds=31 forcedScreenshotRender=False
state-final-render-sync-begin: label=source-excerpt-feedback/excerpt-notice-cause/attempt1/wrong/layout tick=86563 drawn=3342 process=3342 physics=3442 windowVisible=True focus=True mode=Windowed renderLoop=True
state-final-render-sync-end: label=source-excerpt-feedback/excerpt-notice-cause/attempt1/wrong/layout milliseconds=6 forcedScreenshotRender=False
source-excerpt-proof: feedback capture /Users/unterlantas/Documents/GitHub/URMAN/docs/production/act1_takeover_evidence_2026-09-16/images-len01-12/source_excerpt_Act1Len01FamilyFlowSmokeTest_excerpt-notice-cause_attempt01_wrong_1920x1080.png
source-excerpt-raster-typography: {"action":"excerpt-notice-cause","phase":"wrong","size":"(1920, 1080)","textScale":1,"rasterSize":"(1920, 1080)","logicalViewport":"(0, 0), (1920, 1080)","rasterRatio":"(1, 1)","readerBounds":"(754, 237), (774, 761)","labels":[{"name":"Hint","logicalFont":16,"screenFontPixels":16,"bounds":"(754, 791), (774, 75)","logicalHeight":75,"minimumHeight":75},{"name":"Feedback","logicalFont":16,"screenFontPixels":16,"bounds":"(754, 916), (774, 49)","logicalHeight":49,"minimumHeight":49},{"name":"Source","logicalFont":16,"screenFontPixels":16,"bounds":"(754, 975), (774, 23)","logicalHeight":23,"minimumHeight":23}],"oracle":"actual raster / logical viewport extent times GlobalWithCanvas; no runtime screen-transform API"}
state-final-render-sync-begin: label=source-excerpt-feedback/excerpt-notice-cause/attempt1/wrong/restore tick=86752 drawn=3344 process=3344 physics=3453 windowVisible=True focus=True mode=Windowed renderLoop=True
state-final-render-sync-end: label=source-excerpt-feedback/excerpt-notice-cause/attempt1/wrong/restore milliseconds=5 forcedScreenshotRender=False
source-excerpt-selection-state: {"action":"excerpt-notice-cause","phase":"wrong-after-window-restore","processFrame":3344,"physicsFrame":3453,"selecting":true,"editorVisible":true,"recordDisabled":false,"selected":"\u0421\u043F\u0440\u0430\u0432\u043A\u0430","expected":"\u0421\u043F\u0440\u0430\u0432\u043A\u0430","exact":true,"editorContainsExpected":true,"selectionFrom":[1,0],"selectionTo":[1,7],"caret":[1,7],"editorFocused":true,"focusOwner":"/root/Act1Len01FamilyFlowSmokeTest/Act1Demo/Main/JournalUi/Screen/Book/Layout/WorkArea/Reader/Body/SourceExcerptText","editorRect":"(754, 286), (774, 420)","bodyRect":"(754, 286), (774, 420)","editorScroll":0,"bodyScroll":0,"logicalViewport":"(0, 0), (1920, 1080)","windowSize":"(1280, 720)"}
source-excerpt-selection-state: {"action":"excerpt-notice-cause","phase":"after-back","processFrame":3344,"physicsFrame":3453,"selecting":false,"editorVisible":false,"recordDisabled":true,"selected":"","expected":"\u041F\u0440\u0438\u0447\u0438\u043D\u0430 \u0437\u0430\u043A\u0440\u044B\u0442\u0438\u044F \u0434\u0435\u043B\u0430: \u0432\u043D\u0435\u0437\u0430\u043F\u043D\u0430\u044F \u0441\u0435\u0440\u0434\u0435\u0447\u043D\u0430\u044F \u043D\u0435\u0434\u043E\u0441\u0442\u0430\u0442\u043E\u0447\u043D\u043E\u0441\u0442\u044C \u043D\u0430 \u0444\u043E\u043D\u0435 \u043D\u0435\u0441\u0447\u0430\u0441\u0442\u043D\u043E\u0433\u043E \u0441\u043B\u0443\u0447\u0430\u044F.","exact":false,"editorContainsExpected":true,"selectionFrom":[1,7],"selectionTo":[1,7],"caret":[1,7],"editorFocused":false,"focusOwner":"/root/Act1Len01FamilyFlowSmokeTest/Act1Demo/Main/JournalUi/Screen/Book/Layout/WorkArea/Reader/Body","editorRect":"(754, 286), (774, 420)","bodyRect":"(754, 286), (774, 420)","editorScroll":0,"bodyScroll":0,"logicalViewport":"(0, 0), (1920, 1080)","windowSize":"(1280, 720)"}
source-excerpt-selection-state: {"action":"excerpt-notice-cause","phase":"after-begin","processFrame":3344,"physicsFrame":3453,"selecting":true,"editorVisible":true,"recordDisabled":true,"selected":"","expected":"\u041F\u0440\u0438\u0447\u0438\u043D\u0430 \u0437\u0430\u043A\u0440\u044B\u0442\u0438\u044F \u0434\u0435\u043B\u0430: \u0432\u043D\u0435\u0437\u0430\u043F\u043D\u0430\u044F \u0441\u0435\u0440\u0434\u0435\u0447\u043D\u0430\u044F \u043D\u0435\u0434\u043E\u0441\u0442\u0430\u0442\u043E\u0447\u043D\u043E\u0441\u0442\u044C \u043D\u0430 \u0444\u043E\u043D\u0435 \u043D\u0435\u0441\u0447\u0430\u0441\u0442\u043D\u043E\u0433\u043E \u0441\u043B\u0443\u0447\u0430\u044F.","exact":false,"editorContainsExpected":true,"selectionFrom":[0,0],"selectionTo":[0,0],"caret":[0,0],"editorFocused":true,"focusOwner":"/root/Act1Len01FamilyFlowSmokeTest/Act1Demo/Main/JournalUi/Screen/Book/Layout/WorkArea/Reader/Body/SourceExcerptText","editorRect":"(754, 286), (774, 420)","bodyRect":"(754, 286), (774, 420)","editorScroll":3.875,"bodyScroll":0,"logicalViewport":"(0, 0), (1920, 1080)","windowSize":"(1280, 720)"}
source-excerpt-selection-state: {"action":"excerpt-notice-cause","phase":"after-exact-select","processFrame":3344,"physicsFrame":3453,"selecting":true,"editorVisible":true,"recordDisabled":true,"selected":"\u041F\u0440\u0438\u0447\u0438\u043D\u0430 \u0437\u0430\u043A\u0440\u044B\u0442\u0438\u044F \u0434\u0435\u043B\u0430: \u0432\u043D\u0435\u0437\u0430\u043F\u043D\u0430\u044F \u0441\u0435\u0440\u0434\u0435\u0447\u043D\u0430\u044F \u043D\u0435\u0434\u043E\u0441\u0442\u0430\u0442\u043E\u0447\u043D\u043E\u0441\u0442\u044C \u043D\u0430 \u0444\u043E\u043D\u0435 \u043D\u0435\u0441\u0447\u0430\u0441\u0442\u043D\u043E\u0433\u043E \u0441\u043B\u0443\u0447\u0430\u044F.","expected":"\u041F\u0440\u0438\u0447\u0438\u043D\u0430 \u0437\u0430\u043A\u0440\u044B\u0442\u0438\u044F \u0434\u0435\u043B\u0430: \u0432\u043D\u0435\u0437\u0430\u043F\u043D\u0430\u044F \u0441\u0435\u0440\u0434\u0435\u0447\u043D\u0430\u044F \u043D\u0435\u0434\u043E\u0441\u0442\u0430\u0442\u043E\u0447\u043D\u043E\u0441\u0442\u044C \u043D\u0430 \u0444\u043E\u043D\u0435 \u043D\u0435\u0441\u0447\u0430\u0441\u0442\u043D\u043E\u0433\u043E \u0441\u043B\u0443\u0447\u0430\u044F.","exact":true,"editorContainsExpected":true,"selectionFrom":[5,0],"selectionTo":[5,86],"caret":[5,86],"editorFocused":true,"focusOwner":"/root/Act1Len01FamilyFlowSmokeTest/Act1Demo/Main/JournalUi/Screen/Book/Layout/WorkArea/Reader/Body/SourceExcerptText","editorRect":"(754, 286), (774, 420)","bodyRect":"(754, 286), (774, 420)","editorScroll":3.875,"bodyScroll":0,"logicalViewport":"(0, 0), (1920, 1080)","windowSize":"(1280, 720)"}
source-excerpt-selection-state: {"action":"excerpt-notice-cause","phase":"caret-changed-delivered","processFrame":3345,"physicsFrame":3454,"selecting":true,"editorVisible":true,"recordDisabled":false,"selected":"\u041F\u0440\u0438\u0447\u0438\u043D\u0430 \u0437\u0430\u043A\u0440\u044B\u0442\u0438\u044F \u0434\u0435\u043B\u0430: \u0432\u043D\u0435\u0437\u0430\u043F\u043D\u0430\u044F \u0441\u0435\u0440\u0434\u0435\u0447\u043D\u0430\u044F \u043D\u0435\u0434\u043E\u0441\u0442\u0430\u0442\u043E\u0447\u043D\u043E\u0441\u0442\u044C \u043D\u0430 \u0444\u043E\u043D\u0435 \u043D\u0435\u0441\u0447\u0430\u0441\u0442\u043D\u043E\u0433\u043E \u0441\u043B\u0443\u0447\u0430\u044F.","expected":"\u041F\u0440\u0438\u0447\u0438\u043D\u0430 \u0437\u0430\u043A\u0440\u044B\u0442\u0438\u044F \u0434\u0435\u043B\u0430: \u0432\u043D\u0435\u0437\u0430\u043F\u043D\u0430\u044F \u0441\u0435\u0440\u0434\u0435\u0447\u043D\u0430\u044F \u043D\u0435\u0434\u043E\u0441\u0442\u0430\u0442\u043E\u0447\u043D\u043E\u0441\u0442\u044C \u043D\u0430 \u0444\u043E\u043D\u0435 \u043D\u0435\u0441\u0447\u0430\u0441\u0442\u043D\u043E\u0433\u043E \u0441\u043B\u0443\u0447\u0430\u044F.","exact":true,"editorContainsExpected":true,"selectionFrom":[5,0],"selectionTo":[5,86],"caret":[5,86],"editorFocused":true,"focusOwner":"/root/Act1Len01FamilyFlowSmokeTest/Act1Demo/Main/JournalUi/Screen/Book/Layout/WorkArea/Reader/Body/SourceExcerptText","editorRect":"(754, 286), (774, 420)","bodyRect":"(754, 286), (774, 420)","editorScroll":3.875,"bodyScroll":0,"logicalViewport":"(0, 0), (1920, 1080)","windowSize":"(1280, 720)"}
source-excerpt-selection-state: {"action":"excerpt-notice-cause","phase":"after-original-one-process-frame","processFrame":3345,"physicsFrame":3454,"selecting":true,"editorVisible":true,"recordDisabled":false,"selected":"\u041F\u0440\u0438\u0447\u0438\u043D\u0430 \u0437\u0430\u043A\u0440\u044B\u0442\u0438\u044F \u0434\u0435\u043B\u0430: \u0432\u043D\u0435\u0437\u0430\u043F\u043D\u0430\u044F \u0441\u0435\u0440\u0434\u0435\u0447\u043D\u0430\u044F \u043D\u0435\u0434\u043E\u0441\u0442\u0430\u0442\u043E\u0447\u043D\u043E\u0441\u0442\u044C \u043D\u0430 \u0444\u043E\u043D\u0435 \u043D\u0435\u0441\u0447\u0430\u0441\u0442\u043D\u043E\u0433\u043E \u0441\u043B\u0443\u0447\u0430\u044F.","expected":"\u041F\u0440\u0438\u0447\u0438\u043D\u0430 \u0437\u0430\u043A\u0440\u044B\u0442\u0438\u044F \u0434\u0435\u043B\u0430: \u0432\u043D\u0435\u0437\u0430\u043F\u043D\u0430\u044F \u0441\u0435\u0440\u0434\u0435\u0447\u043D\u0430\u044F \u043D\u0435\u0434\u043E\u0441\u0442\u0430\u0442\u043E\u0447\u043D\u043E\u0441\u0442\u044C \u043D\u0430 \u0444\u043E\u043D\u0435 \u043D\u0435\u0441\u0447\u0430\u0441\u0442\u043D\u043E\u0433\u043E \u0441\u043B\u0443\u0447\u0430\u044F.","exact":true,"editorContainsExpected":true,"selectionFrom":[5,0],"selectionTo":[5,86],"caret":[5,86],"editorFocused":true,"focusOwner":"/root/Act1Len01FamilyFlowSmokeTest/Act1Demo/Main/JournalUi/Screen/Book/Layout/WorkArea/Reader/Body/SourceExcerptText","editorRect":"(754, 286), (774, 488)","bodyRect":"(754, 286), (774, 488)","editorScroll":0,"bodyScroll":0,"logicalViewport":"(0, 0), (1920, 1080)","windowSize":"(1280, 720)"}
source-excerpt-selection-state: {"action":"excerpt-notice-cause","phase":"before-strict-record-check","processFrame":3346,"physicsFrame":3454,"selecting":true,"editorVisible":true,"recordDisabled":false,"selected":"\u041F\u0440\u0438\u0447\u0438\u043D\u0430 \u0437\u0430\u043A\u0440\u044B\u0442\u0438\u044F \u0434\u0435\u043B\u0430: \u0432\u043D\u0435\u0437\u0430\u043F\u043D\u0430\u044F \u0441\u0435\u0440\u0434\u0435\u0447\u043D\u0430\u044F \u043D\u0435\u0434\u043E\u0441\u0442\u0430\u0442\u043E\u0447\u043D\u043E\u0441\u0442\u044C \u043D\u0430 \u0444\u043E\u043D\u0435 \u043D\u0435\u0441\u0447\u0430\u0441\u0442\u043D\u043E\u0433\u043E \u0441\u043B\u0443\u0447\u0430\u044F.","expected":"\u041F\u0440\u0438\u0447\u0438\u043D\u0430 \u0437\u0430\u043A\u0440\u044B\u0442\u0438\u044F \u0434\u0435\u043B\u0430: \u0432\u043D\u0435\u0437\u0430\u043F\u043D\u0430\u044F \u0441\u0435\u0440\u0434\u0435\u0447\u043D\u0430\u044F \u043D\u0435\u0434\u043E\u0441\u0442\u0430\u0442\u043E\u0447\u043D\u043E\u0441\u0442\u044C \u043D\u0430 \u0444\u043E\u043D\u0435 \u043D\u0435\u0441\u0447\u0430\u0441\u0442\u043D\u043E\u0433\u043E \u0441\u043B\u0443\u0447\u0430\u044F.","exact":true,"editorContainsExpected":true,"selectionFrom":[5,0],"selectionTo":[5,86],"caret":[5,86],"editorFocused":true,"focusOwner":"/root/Act1Len01FamilyFlowSmokeTest/Act1Demo/Main/JournalUi/Screen/Book/Layout/WorkArea/Reader/Body/SourceExcerptText","editorRect":"(754, 286), (774, 488)","bodyRect":"(754, 286), (774, 488)","editorScroll":0,"bodyScroll":0,"logicalViewport":"(0, 0), (1920, 1080)","windowSize":"(1280, 720)"}
[536] journal.changed: urman.chapter1:interaction/excerpt-notice-cause
SaveGameV3 written to /Users/unterlantas/Library/Application Support/Godot/app_userdata/URMAN/savegames/checkpoint.savegame-v3.json
checkpoint: auto-saved at urman.chapter1:scene/evidence-internal-register
state-final-render-sync-begin: label=source-excerpt-feedback/excerpt-notice-cause/attempt1/saved/resize tick=86805 drawn=3347 process=3347 physics=3455 windowVisible=True focus=True mode=Windowed renderLoop=True
state-final-render-sync-end: label=source-excerpt-feedback/excerpt-notice-cause/attempt1/saved/resize milliseconds=5 forcedScreenshotRender=False
state-final-render-sync-begin: label=source-excerpt-feedback/excerpt-notice-cause/attempt1/saved/layout tick=86817 drawn=3349 process=3349 physics=3457 windowVisible=True focus=True mode=Windowed renderLoop=True
state-final-render-sync-end: label=source-excerpt-feedback/excerpt-notice-cause/attempt1/saved/layout milliseconds=4 forcedScreenshotRender=False
source-excerpt-proof: feedback capture /Users/unterlantas/Documents/GitHub/URMAN/docs/production/act1_takeover_evidence_2026-09-16/images-len01-12/source_excerpt_Act1Len01FamilyFlowSmokeTest_excerpt-notice-cause_attempt01_saved_1280x720.png
source-excerpt-raster-typography: {"action":"excerpt-notice-cause","phase":"saved","size":"(1280, 720)","textScale":1,"rasterSize":"(1280, 720)","logicalViewport":"(0, 0), (1920, 1080)","rasterRatio":"(0.6666667, 0.6666667)","readerBounds":"(502.6667, 158), (516, 507.33337)","labels":[{"name":"Hint","logicalFont":21,"screenFontPixels":14,"bounds":"(502.6667, 593.3334), (516, 42)","logicalHeight":63,"minimumHeight":63},{"name":"Source","logicalFont":21,"screenFontPixels":14,"bounds":"(502.6667, 645.3334), (516, 20)","logicalHeight":30,"minimumHeight":30}],"oracle":"actual raster / logical viewport extent times GlobalWithCanvas; no runtime screen-transform API"}
state-final-render-sync-begin: label=source-excerpt-feedback/excerpt-notice-cause/attempt1/saved/resize tick=86882 drawn=3349 process=3349 physics=3457 windowVisible=True focus=True mode=Windowed renderLoop=True
state-final-render-sync-end: label=source-excerpt-feedback/excerpt-notice-cause/attempt1/saved/resize milliseconds=28 forcedScreenshotRender=False
state-final-render-sync-begin: label=source-excerpt-feedback/excerpt-notice-cause/attempt1/saved/layout tick=86920 drawn=3352 process=3352 physics=3463 windowVisible=True focus=True mode=Windowed renderLoop=True
state-final-render-sync-end: label=source-excerpt-feedback/excerpt-notice-cause/attempt1/saved/layout milliseconds=5 forcedScreenshotRender=False
source-excerpt-proof: feedback capture /Users/unterlantas/Documents/GitHub/URMAN/docs/production/act1_takeover_evidence_2026-09-16/images-len01-12/source_excerpt_Act1Len01FamilyFlowSmokeTest_excerpt-notice-cause_attempt01_saved_1920x1080.png
source-excerpt-raster-typography: {"action":"excerpt-notice-cause","phase":"saved","size":"(1920, 1080)","textScale":1,"rasterSize":"(1920, 1080)","logicalViewport":"(0, 0), (1920, 1080)","rasterRatio":"(1, 1)","readerBounds":"(754, 237), (774, 761)","labels":[{"name":"Hint","logicalFont":16,"screenFontPixels":16,"bounds":"(754, 911), (774, 49)","logicalHeight":49,"minimumHeight":49},{"name":"Source","logicalFont":16,"screenFontPixels":16,"bounds":"(754, 975), (774, 23)","logicalHeight":23,"minimumHeight":23}],"oracle":"actual raster / logical viewport extent times GlobalWithCanvas; no runtime screen-transform API"}
state-final-render-sync-begin: label=source-excerpt-feedback/excerpt-notice-cause/attempt1/saved/restore tick=87105 drawn=3354 process=3354 physics=3474 windowVisible=True focus=True mode=Windowed renderLoop=True
state-final-render-sync-end: label=source-excerpt-feedback/excerpt-notice-cause/attempt1/saved/restore milliseconds=5 forcedScreenshotRender=False
state-final-render-sync-begin: label=source-excerpt-feedback/excerpt-notice-cause/attempt1/reopened/resize tick=87139 drawn=3359 process=3359 physics=3476 windowVisible=True focus=True mode=Windowed renderLoop=True
state-final-render-sync-end: label=source-excerpt-feedback/excerpt-notice-cause/attempt1/reopened/resize milliseconds=5 forcedScreenshotRender=False
state-final-render-sync-begin: label=source-excerpt-feedback/excerpt-notice-cause/attempt1/reopened/layout tick=87151 drawn=3361 process=3361 physics=3477 windowVisible=True focus=True mode=Windowed renderLoop=True
state-final-render-sync-end: label=source-excerpt-feedback/excerpt-notice-cause/attempt1/reopened/layout milliseconds=8 forcedScreenshotRender=False
source-excerpt-proof: feedback capture /Users/unterlantas/Documents/GitHub/URMAN/docs/production/act1_takeover_evidence_2026-09-16/images-len01-12/source_excerpt_Act1Len01FamilyFlowSmokeTest_excerpt-notice-cause_attempt01_reopened_1280x720.png
source-excerpt-raster-typography: {"action":"excerpt-notice-cause","phase":"reopened","size":"(1280, 720)","textScale":1,"rasterSize":"(1280, 720)","logicalViewport":"(0, 0), (1920, 1080)","rasterRatio":"(0.6666667, 0.6666667)","readerBounds":"(502.6667, 158), (516, 507.33337)","labels":[{"name":"Hint","logicalFont":21,"screenFontPixels":14,"bounds":"(502.6667, 593.3334), (516, 42)","logicalHeight":63,"minimumHeight":63},{"name":"Source","logicalFont":21,"screenFontPixels":14,"bounds":"(502.6667, 645.3334), (516, 20)","logicalHeight":30,"minimumHeight":30}],"oracle":"actual raster / logical viewport extent times GlobalWithCanvas; no runtime screen-transform API"}
state-final-render-sync-begin: label=source-excerpt-feedback/excerpt-notice-cause/attempt1/reopened/resize tick=87222 drawn=3361 process=3361 physics=3477 windowVisible=True focus=True mode=Windowed renderLoop=True
state-final-render-sync-end: label=source-excerpt-feedback/excerpt-notice-cause/attempt1/reopened/resize milliseconds=30 forcedScreenshotRender=False
state-final-render-sync-begin: label=source-excerpt-feedback/excerpt-notice-cause/attempt1/reopened/layout tick=87262 drawn=3364 process=3364 physics=3484 windowVisible=True focus=True mode=Windowed renderLoop=True
state-final-render-sync-end: label=source-excerpt-feedback/excerpt-notice-cause/attempt1/reopened/layout milliseconds=5 forcedScreenshotRender=False
source-excerpt-proof: feedback capture /Users/unterlantas/Documents/GitHub/URMAN/docs/production/act1_takeover_evidence_2026-09-16/images-len01-12/source_excerpt_Act1Len01FamilyFlowSmokeTest_excerpt-notice-cause_attempt01_reopened_1920x1080.png
source-excerpt-raster-typography: {"action":"excerpt-notice-cause","phase":"reopened","size":"(1920, 1080)","textScale":1,"rasterSize":"(1920, 1080)","logicalViewport":"(0, 0), (1920, 1080)","rasterRatio":"(1, 1)","readerBounds":"(754, 237), (774, 761)","labels":[{"name":"Hint","logicalFont":16,"screenFontPixels":16,"bounds":"(754, 911), (774, 49)","logicalHeight":49,"minimumHeight":49},{"name":"Source","logicalFont":16,"screenFontPixels":16,"bounds":"(754, 975), (774, 23)","logicalHeight":23,"minimumHeight":23}],"oracle":"actual raster / logical viewport extent times GlobalWithCanvas; no runtime screen-transform API"}
state-final-render-sync-begin: label=source-excerpt-feedback/excerpt-notice-cause/attempt1/reopened/restore tick=87446 drawn=3366 process=3366 physics=3495 windowVisible=True focus=True mode=Windowed renderLoop=True
state-final-render-sync-end: label=source-excerpt-feedback/excerpt-notice-cause/attempt1/reopened/restore milliseconds=4 forcedScreenshotRender=False
source-excerpt-proof: document=urman.oldpc:document/doc_marat_official_death_notice action=excerpt-notice-cause; heading refused; cancel refused; actual TextEdit selection -> Record -> one source; scene preserved; one persistent confirmation and remaining fields survive reopen
SaveGameV3 written to /Users/unterlantas/Library/Application Support/Godot/app_userdata/URMAN/savegames/len01-notice-excerpt-only.savegame-v3.json
zone-loaded: house_old_pc@entry connected-world=109404229614
SaveGameV3 restored.
source-formatting-proof: paired strong -> unchanged canonical paragraph -> real selection/save follows; literal stars and links retained
source-excerpt-selection-state: {"action":"excerpt-register-wording","phase":"wrong-before-resize","processFrame":3381,"physicsFrame":3507,"selecting":true,"editorVisible":true,"recordDisabled":false,"selected":"\u0420\u0435\u0435\u0441\u0442\u0440 \u0437\u0430\u043A\u0440\u044B\u0442\u044B\u0445 \u0441\u043B\u0443\u0447\u0430\u0435\u0432","expected":"\u0420\u0435\u0435\u0441\u0442\u0440 \u0437\u0430\u043A\u0440\u044B\u0442\u044B\u0445 \u0441\u043B\u0443\u0447\u0430\u0435\u0432","exact":true,"editorContainsExpected":true,"selectionFrom":[1,0],"selectionTo":[1,23],"caret":[1,23],"editorFocused":true,"focusOwner":"/root/Act1Len01FamilyFlowSmokeTest/Act1Demo/Main/JournalUi/Screen/Book/Layout/WorkArea/Reader/Body/SourceExcerptText","editorRect":"(754, 286), (774, 488)","bodyRect":"(754, 286), (774, 488)","editorScroll":0,"bodyScroll":0,"logicalViewport":"(0, 0), (1920, 1080)","windowSize":"(1280, 720)"}
state-final-render-sync-begin: label=source-excerpt-feedback/excerpt-register-wording/attempt1/wrong/resize tick=87672 drawn=3381 process=3381 physics=3507 windowVisible=True focus=True mode=Windowed renderLoop=True
state-final-render-sync-end: label=source-excerpt-feedback/excerpt-register-wording/attempt1/wrong/resize milliseconds=5 forcedScreenshotRender=False
state-final-render-sync-begin: label=source-excerpt-feedback/excerpt-register-wording/attempt1/wrong/layout tick=87684 drawn=3383 process=3383 physics=3508 windowVisible=True focus=True mode=Windowed renderLoop=True
state-final-render-sync-end: label=source-excerpt-feedback/excerpt-register-wording/attempt1/wrong/layout milliseconds=9 forcedScreenshotRender=False
source-excerpt-proof: feedback capture /Users/unterlantas/Documents/GitHub/URMAN/docs/production/act1_takeover_evidence_2026-09-16/images-len01-12/source_excerpt_Act1Len01FamilyFlowSmokeTest_excerpt-register-wording_attempt01_wrong_1280x720.png
source-excerpt-raster-typography: {"action":"excerpt-register-wording","phase":"wrong","size":"(1280, 720)","textScale":1,"rasterSize":"(1280, 720)","logicalViewport":"(0, 0), (1920, 1080)","rasterRatio":"(0.6666667, 0.6666667)","readerBounds":"(502.6667, 158), (516, 507.33337)","labels":[{"name":"Hint","logicalFont":21,"screenFontPixels":14,"bounds":"(502.6667, 477.33334), (516, 86.00003)","logicalHeight":129,"minimumHeight":129},{"name":"Feedback","logicalFont":21,"screenFontPixels":14,"bounds":"(502.6667, 596.6667), (516, 42)","logicalHeight":63,"minimumHeight":63},{"name":"Source","logicalFont":21,"screenFontPixels":14,"bounds":"(502.6667, 645.3334), (516, 20)","logicalHeight":30,"minimumHeight":30}],"oracle":"actual raster / logical viewport extent times GlobalWithCanvas; no runtime screen-transform API"}
state-final-render-sync-begin: label=source-excerpt-feedback/excerpt-register-wording/attempt1/wrong/resize tick=87748 drawn=3383 process=3383 physics=3508 windowVisible=True focus=True mode=Windowed renderLoop=True
state-final-render-sync-end: label=source-excerpt-feedback/excerpt-register-wording/attempt1/wrong/resize milliseconds=30 forcedScreenshotRender=False
state-final-render-sync-begin: label=source-excerpt-feedback/excerpt-register-wording/attempt1/wrong/layout tick=87785 drawn=3386 process=3386 physics=3515 windowVisible=True focus=True mode=Windowed renderLoop=True
state-final-render-sync-end: label=source-excerpt-feedback/excerpt-register-wording/attempt1/wrong/layout milliseconds=6 forcedScreenshotRender=False
source-excerpt-proof: feedback capture /Users/unterlantas/Documents/GitHub/URMAN/docs/production/act1_takeover_evidence_2026-09-16/images-len01-12/source_excerpt_Act1Len01FamilyFlowSmokeTest_excerpt-register-wording_attempt01_wrong_1920x1080.png
source-excerpt-raster-typography: {"action":"excerpt-register-wording","phase":"wrong","size":"(1920, 1080)","textScale":1,"rasterSize":"(1920, 1080)","logicalViewport":"(0, 0), (1920, 1080)","rasterRatio":"(1, 1)","readerBounds":"(754, 237), (774, 761)","labels":[{"name":"Hint","logicalFont":16,"screenFontPixels":16,"bounds":"(754, 791), (774, 75)","logicalHeight":75,"minimumHeight":75},{"name":"Feedback","logicalFont":16,"screenFontPixels":16,"bounds":"(754, 916), (774, 49)","logicalHeight":49,"minimumHeight":49},{"name":"Source","logicalFont":16,"screenFontPixels":16,"bounds":"(754, 975), (774, 23)","logicalHeight":23,"minimumHeight":23}],"oracle":"actual raster / logical viewport extent times GlobalWithCanvas; no runtime screen-transform API"}
state-final-render-sync-begin: label=source-excerpt-feedback/excerpt-register-wording/attempt1/wrong/restore tick=87977 drawn=3388 process=3388 physics=3526 windowVisible=True focus=True mode=Windowed renderLoop=True
state-final-render-sync-end: label=source-excerpt-feedback/excerpt-register-wording/attempt1/wrong/restore milliseconds=6 forcedScreenshotRender=False
source-excerpt-selection-state: {"action":"excerpt-register-wording","phase":"wrong-after-window-restore","processFrame":3388,"physicsFrame":3526,"selecting":true,"editorVisible":true,"recordDisabled":false,"selected":"\u0420\u0435\u0435\u0441\u0442\u0440 \u0437\u0430\u043A\u0440\u044B\u0442\u044B\u0445 \u0441\u043B\u0443\u0447\u0430\u0435\u0432","expected":"\u0420\u0435\u0435\u0441\u0442\u0440 \u0437\u0430\u043A\u0440\u044B\u0442\u044B\u0445 \u0441\u043B\u0443\u0447\u0430\u0435\u0432","exact":true,"editorContainsExpected":true,"selectionFrom":[1,0],"selectionTo":[1,23],"caret":[1,23],"editorFocused":true,"focusOwner":"/root/Act1Len01FamilyFlowSmokeTest/Act1Demo/Main/JournalUi/Screen/Book/Layout/WorkArea/Reader/Body/SourceExcerptText","editorRect":"(754, 286), (774, 420)","bodyRect":"(754, 286), (774, 420)","editorScroll":0,"bodyScroll":0,"logicalViewport":"(0, 0), (1920, 1080)","windowSize":"(1280, 720)"}
source-excerpt-selection-state: {"action":"excerpt-register-wording","phase":"after-back","processFrame":3388,"physicsFrame":3526,"selecting":false,"editorVisible":false,"recordDisabled":true,"selected":"","expected":"\u0412\u043D\u0435\u0448\u043D\u044F\u044F \u0444\u043E\u0440\u043C\u0443\u043B\u0438\u0440\u043E\u0432\u043A\u0430: \u043D\u0435\u0441\u0447\u0430\u0441\u0442\u043D\u044B\u0439 \u0441\u043B\u0443\u0447\u0430\u0439.","exact":false,"editorContainsExpected":true,"selectionFrom":[1,23],"selectionTo":[1,23],"caret":[1,23],"editorFocused":false,"focusOwner":"/root/Act1Len01FamilyFlowSmokeTest/Act1Demo/Main/JournalUi/Screen/Book/Layout/WorkArea/Reader/Body","editorRect":"(754, 286), (774, 420)","bodyRect":"(754, 286), (774, 420)","editorScroll":0,"bodyScroll":0,"logicalViewport":"(0, 0), (1920, 1080)","windowSize":"(1280, 720)"}
source-excerpt-selection-state: {"action":"excerpt-register-wording","phase":"after-begin","processFrame":3388,"physicsFrame":3526,"selecting":true,"editorVisible":true,"recordDisabled":true,"selected":"","expected":"\u0412\u043D\u0435\u0448\u043D\u044F\u044F \u0444\u043E\u0440\u043C\u0443\u043B\u0438\u0440\u043E\u0432\u043A\u0430: \u043D\u0435\u0441\u0447\u0430\u0441\u0442\u043D\u044B\u0439 \u0441\u043B\u0443\u0447\u0430\u0439.","exact":false,"editorContainsExpected":true,"selectionFrom":[0,0],"selectionTo":[0,0],"caret":[0,0],"editorFocused":true,"focusOwner":"/root/Act1Len01FamilyFlowSmokeTest/Act1Demo/Main/JournalUi/Screen/Book/Layout/WorkArea/Reader/Body/SourceExcerptText","editorRect":"(754, 286), (774, 420)","bodyRect":"(754, 286), (774, 420)","editorScroll":5.875,"bodyScroll":0,"logicalViewport":"(0, 0), (1920, 1080)","windowSize":"(1280, 720)"}
source-excerpt-selection-state: {"action":"excerpt-register-wording","phase":"after-exact-select","processFrame":3388,"physicsFrame":3526,"selecting":true,"editorVisible":true,"recordDisabled":true,"selected":"\u0412\u043D\u0435\u0448\u043D\u044F\u044F \u0444\u043E\u0440\u043C\u0443\u043B\u0438\u0440\u043E\u0432\u043A\u0430: \u043D\u0435\u0441\u0447\u0430\u0441\u0442\u043D\u044B\u0439 \u0441\u043B\u0443\u0447\u0430\u0439.","expected":"\u0412\u043D\u0435\u0448\u043D\u044F\u044F \u0444\u043E\u0440\u043C\u0443\u043B\u0438\u0440\u043E\u0432\u043A\u0430: \u043D\u0435\u0441\u0447\u0430\u0441\u0442\u043D\u044B\u0439 \u0441\u043B\u0443\u0447\u0430\u0439.","exact":true,"editorContainsExpected":true,"selectionFrom":[11,0],"selectionTo":[11,40],"caret":[11,40],"editorFocused":true,"focusOwner":"/root/Act1Len01FamilyFlowSmokeTest/Act1Demo/Main/JournalUi/Screen/Book/Layout/WorkArea/Reader/Body/SourceExcerptText","editorRect":"(754, 286), (774, 420)","bodyRect":"(754, 286), (774, 420)","editorScroll":5.875,"bodyScroll":0,"logicalViewport":"(0, 0), (1920, 1080)","windowSize":"(1280, 720)"}
source-excerpt-selection-state: {"action":"excerpt-register-wording","phase":"caret-changed-delivered","processFrame":3389,"physicsFrame":3527,"selecting":true,"editorVisible":true,"recordDisabled":false,"selected":"\u0412\u043D\u0435\u0448\u043D\u044F\u044F \u0444\u043E\u0440\u043C\u0443\u043B\u0438\u0440\u043E\u0432\u043A\u0430: \u043D\u0435\u0441\u0447\u0430\u0441\u0442\u043D\u044B\u0439 \u0441\u043B\u0443\u0447\u0430\u0439.","expected":"\u0412\u043D\u0435\u0448\u043D\u044F\u044F \u0444\u043E\u0440\u043C\u0443\u043B\u0438\u0440\u043E\u0432\u043A\u0430: \u043D\u0435\u0441\u0447\u0430\u0441\u0442\u043D\u044B\u0439 \u0441\u043B\u0443\u0447\u0430\u0439.","exact":true,"editorContainsExpected":true,"selectionFrom":[11,0],"selectionTo":[11,40],"caret":[11,40],"editorFocused":true,"focusOwner":"/root/Act1Len01FamilyFlowSmokeTest/Act1Demo/Main/JournalUi/Screen/Book/Layout/WorkArea/Reader/Body/SourceExcerptText","editorRect":"(754, 286), (774, 420)","bodyRect":"(754, 286), (774, 420)","editorScroll":5.875,"bodyScroll":0,"logicalViewport":"(0, 0), (1920, 1080)","windowSize":"(1280, 720)"}
source-excerpt-selection-state: {"action":"excerpt-register-wording","phase":"after-original-one-process-frame","processFrame":3389,"physicsFrame":3527,"selecting":true,"editorVisible":true,"recordDisabled":false,"selected":"\u0412\u043D\u0435\u0448\u043D\u044F\u044F \u0444\u043E\u0440\u043C\u0443\u043B\u0438\u0440\u043E\u0432\u043A\u0430: \u043D\u0435\u0441\u0447\u0430\u0441\u0442\u043D\u044B\u0439 \u0441\u043B\u0443\u0447\u0430\u0439.","expected":"\u0412\u043D\u0435\u0448\u043D\u044F\u044F \u0444\u043E\u0440\u043C\u0443\u043B\u0438\u0440\u043E\u0432\u043A\u0430: \u043D\u0435\u0441\u0447\u0430\u0441\u0442\u043D\u044B\u0439 \u0441\u043B\u0443\u0447\u0430\u0439.","exact":true,"editorContainsExpected":true,"selectionFrom":[11,0],"selectionTo":[11,40],"caret":[11,40],"editorFocused":true,"focusOwner":"/root/Act1Len01FamilyFlowSmokeTest/Act1Demo/Main/JournalUi/Screen/Book/Layout/WorkArea/Reader/Body/SourceExcerptText","editorRect":"(754, 286), (774, 488)","bodyRect":"(754, 286), (774, 488)","editorScroll":0,"bodyScroll":0,"logicalViewport":"(0, 0), (1920, 1080)","windowSize":"(1280, 720)"}
source-excerpt-selection-state: {"action":"excerpt-register-wording","phase":"before-strict-record-check","processFrame":3390,"physicsFrame":3528,"selecting":true,"editorVisible":true,"recordDisabled":false,"selected":"\u0412\u043D\u0435\u0448\u043D\u044F\u044F \u0444\u043E\u0440\u043C\u0443\u043B\u0438\u0440\u043E\u0432\u043A\u0430: \u043D\u0435\u0441\u0447\u0430\u0441\u0442\u043D\u044B\u0439 \u0441\u043B\u0443\u0447\u0430\u0439.","expected":"\u0412\u043D\u0435\u0448\u043D\u044F\u044F \u0444\u043E\u0440\u043C\u0443\u043B\u0438\u0440\u043E\u0432\u043A\u0430: \u043D\u0435\u0441\u0447\u0430\u0441\u0442\u043D\u044B\u0439 \u0441\u043B\u0443\u0447\u0430\u0439.","exact":true,"editorContainsExpected":true,"selectionFrom":[11,0],"selectionTo":[11,40],"caret":[11,40],"editorFocused":true,"focusOwner":"/root/Act1Len01FamilyFlowSmokeTest/Act1Demo/Main/JournalUi/Screen/Book/Layout/WorkArea/Reader/Body/SourceExcerptText","editorRect":"(754, 286), (774, 488)","bodyRect":"(754, 286), (774, 488)","editorScroll":0,"bodyScroll":0,"logicalViewport":"(0, 0), (1920, 1080)","windowSize":"(1280, 720)"}
[546] journal.changed: urman.chapter1:interaction/excerpt-register-wording
SaveGameV3 written to /Users/unterlantas/Library/Application Support/Godot/app_userdata/URMAN/savegames/checkpoint.savegame-v3.json
checkpoint: auto-saved at urman.chapter1:scene/evidence-internal-register
state-final-render-sync-begin: label=source-excerpt-feedback/excerpt-register-wording/attempt1/saved/resize tick=88030 drawn=3391 process=3391 physics=3529 windowVisible=True focus=True mode=Windowed renderLoop=True
state-final-render-sync-end: label=source-excerpt-feedback/excerpt-register-wording/attempt1/saved/resize milliseconds=5 forcedScreenshotRender=False
state-final-render-sync-begin: label=source-excerpt-feedback/excerpt-register-wording/attempt1/saved/layout tick=88040 drawn=3393 process=3393 physics=3530 windowVisible=True focus=True mode=Windowed renderLoop=True
state-final-render-sync-end: label=source-excerpt-feedback/excerpt-register-wording/attempt1/saved/layout milliseconds=6 forcedScreenshotRender=False
source-excerpt-proof: feedback capture /Users/unterlantas/Documents/GitHub/URMAN/docs/production/act1_takeover_evidence_2026-09-16/images-len01-12/source_excerpt_Act1Len01FamilyFlowSmokeTest_excerpt-register-wording_attempt01_saved_1280x720.png
source-excerpt-raster-typography: {"action":"excerpt-register-wording","phase":"saved","size":"(1280, 720)","textScale":1,"rasterSize":"(1280, 720)","logicalViewport":"(0, 0), (1920, 1080)","rasterRatio":"(0.6666667, 0.6666667)","readerBounds":"(502.6667, 158), (516, 507.33337)","labels":[{"name":"Hint","logicalFont":21,"screenFontPixels":14,"bounds":"(502.6667, 566.6667), (516, 42)","logicalHeight":63,"minimumHeight":63},{"name":"Source","logicalFont":21,"screenFontPixels":14,"bounds":"(502.6667, 645.3334), (516, 20)","logicalHeight":30,"minimumHeight":30}],"oracle":"actual raster / logical viewport extent times GlobalWithCanvas; no runtime screen-transform API"}
state-final-render-sync-begin: label=source-excerpt-feedback/excerpt-register-wording/attempt1/saved/resize tick=88105 drawn=3393 process=3393 physics=3530 windowVisible=True focus=True mode=Windowed renderLoop=True
state-final-render-sync-end: label=source-excerpt-feedback/excerpt-register-wording/attempt1/saved/resize milliseconds=30 forcedScreenshotRender=False
state-final-render-sync-begin: label=source-excerpt-feedback/excerpt-register-wording/attempt1/saved/layout tick=88146 drawn=3396 process=3396 physics=3537 windowVisible=True focus=True mode=Windowed renderLoop=True
state-final-render-sync-end: label=source-excerpt-feedback/excerpt-register-wording/attempt1/saved/layout milliseconds=6 forcedScreenshotRender=False
source-excerpt-proof: feedback capture /Users/unterlantas/Documents/GitHub/URMAN/docs/production/act1_takeover_evidence_2026-09-16/images-len01-12/source_excerpt_Act1Len01FamilyFlowSmokeTest_excerpt-register-wording_attempt01_saved_1920x1080.png
source-excerpt-raster-typography: {"action":"excerpt-register-wording","phase":"saved","size":"(1920, 1080)","textScale":1,"rasterSize":"(1920, 1080)","logicalViewport":"(0, 0), (1920, 1080)","rasterRatio":"(1, 1)","readerBounds":"(754, 237), (774, 761)","labels":[{"name":"Hint","logicalFont":16,"screenFontPixels":16,"bounds":"(754, 871), (774, 49)","logicalHeight":49,"minimumHeight":49},{"name":"Source","logicalFont":16,"screenFontPixels":16,"bounds":"(754, 975), (774, 23)","logicalHeight":23,"minimumHeight":23}],"oracle":"actual raster / logical viewport extent times GlobalWithCanvas; no runtime screen-transform API"}
state-final-render-sync-begin: label=source-excerpt-feedback/excerpt-register-wording/attempt1/saved/restore tick=88330 drawn=3398 process=3398 physics=3548 windowVisible=True focus=True mode=Windowed renderLoop=True
state-final-render-sync-end: label=source-excerpt-feedback/excerpt-register-wording/attempt1/saved/restore milliseconds=5 forcedScreenshotRender=False
state-final-render-sync-begin: label=source-excerpt-feedback/excerpt-register-wording/attempt1/reopened/resize tick=88369 drawn=3403 process=3403 physics=3549 windowVisible=True focus=True mode=Windowed renderLoop=True
state-final-render-sync-end: label=source-excerpt-feedback/excerpt-register-wording/attempt1/reopened/resize milliseconds=4 forcedScreenshotRender=False
state-final-render-sync-begin: label=source-excerpt-feedback/excerpt-register-wording/attempt1/reopened/layout tick=88379 drawn=3405 process=3405 physics=3550 windowVisible=True focus=True mode=Windowed renderLoop=True
state-final-render-sync-end: label=source-excerpt-feedback/excerpt-register-wording/attempt1/reopened/layout milliseconds=5 forcedScreenshotRender=False
source-excerpt-proof: feedback capture /Users/unterlantas/Documents/GitHub/URMAN/docs/production/act1_takeover_evidence_2026-09-16/images-len01-12/source_excerpt_Act1Len01FamilyFlowSmokeTest_excerpt-register-wording_attempt01_reopened_1280x720.png
source-excerpt-raster-typography: {"action":"excerpt-register-wording","phase":"reopened","size":"(1280, 720)","textScale":1,"rasterSize":"(1280, 720)","logicalViewport":"(0, 0), (1920, 1080)","rasterRatio":"(0.6666667, 0.6666667)","readerBounds":"(502.6667, 158), (516, 507.33337)","labels":[{"name":"Hint","logicalFont":21,"screenFontPixels":14,"bounds":"(502.6667, 566.6667), (516, 42)","logicalHeight":63,"minimumHeight":63},{"name":"Source","logicalFont":21,"screenFontPixels":14,"bounds":"(502.6667, 645.3334), (516, 20)","logicalHeight":30,"minimumHeight":30}],"oracle":"actual raster / logical viewport extent times GlobalWithCanvas; no runtime screen-transform API"}
state-final-render-sync-begin: label=source-excerpt-feedback/excerpt-register-wording/attempt1/reopened/resize tick=88445 drawn=3405 process=3405 physics=3550 windowVisible=True focus=True mode=Windowed renderLoop=True
state-final-render-sync-end: label=source-excerpt-feedback/excerpt-register-wording/attempt1/reopened/resize milliseconds=29 forcedScreenshotRender=False
state-final-render-sync-begin: label=source-excerpt-feedback/excerpt-register-wording/attempt1/reopened/layout tick=88481 drawn=3408 process=3408 physics=3557 windowVisible=True focus=True mode=Windowed renderLoop=True
state-final-render-sync-end: label=source-excerpt-feedback/excerpt-register-wording/attempt1/reopened/layout milliseconds=6 forcedScreenshotRender=False
source-excerpt-proof: feedback capture /Users/unterlantas/Documents/GitHub/URMAN/docs/production/act1_takeover_evidence_2026-09-16/images-len01-12/source_excerpt_Act1Len01FamilyFlowSmokeTest_excerpt-register-wording_attempt01_reopened_1920x1080.png
source-excerpt-raster-typography: {"action":"excerpt-register-wording","phase":"reopened","size":"(1920, 1080)","textScale":1,"rasterSize":"(1920, 1080)","logicalViewport":"(0, 0), (1920, 1080)","rasterRatio":"(1, 1)","readerBounds":"(754, 237), (774, 761)","labels":[{"name":"Hint","logicalFont":16,"screenFontPixels":16,"bounds":"(754, 871), (774, 49)","logicalHeight":49,"minimumHeight":49},{"name":"Source","logicalFont":16,"screenFontPixels":16,"bounds":"(754, 975), (774, 23)","logicalHeight":23,"minimumHeight":23}],"oracle":"actual raster / logical viewport extent times GlobalWithCanvas; no runtime screen-transform API"}
state-final-render-sync-begin: label=source-excerpt-feedback/excerpt-register-wording/attempt1/reopened/restore tick=88667 drawn=3410 process=3410 physics=3568 windowVisible=True focus=True mode=Windowed renderLoop=True
state-final-render-sync-end: label=source-excerpt-feedback/excerpt-register-wording/attempt1/reopened/restore milliseconds=5 forcedScreenshotRender=False
source-excerpt-proof: document=urman.oldpc:document/rec_marat_case_register_conflict action=excerpt-register-wording; heading refused; cancel refused; actual TextEdit selection -> Record -> one source; scene preserved; one persistent confirmation and remaining fields survive reopen
source-formatting-proof: paired strong -> unchanged canonical paragraph -> real selection/save follows; literal stars and links retained
source-excerpt-selection-state: {"action":"excerpt-register-category","phase":"wrong-before-resize","processFrame":3418,"physicsFrame":3572,"selecting":true,"editorVisible":true,"recordDisabled":false,"selected":"\u0420\u0435\u0435\u0441\u0442\u0440 \u0437\u0430\u043A\u0440\u044B\u0442\u044B\u0445 \u0441\u043B\u0443\u0447\u0430\u0435\u0432","expected":"\u0420\u0435\u0435\u0441\u0442\u0440 \u0437\u0430\u043A\u0440\u044B\u0442\u044B\u0445 \u0441\u043B\u0443\u0447\u0430\u0435\u0432","exact":true,"editorContainsExpected":true,"selectionFrom":[1,0],"selectionTo":[1,23],"caret":[1,23],"editorFocused":true,"focusOwner":"/root/Act1Len01FamilyFlowSmokeTest/Act1Demo/Main/JournalUi/Screen/Book/Layout/WorkArea/Reader/Body/SourceExcerptText","editorRect":"(754, 286), (774, 521)","bodyRect":"(754, 286), (774, 521)","editorScroll":0,"bodyScroll":0,"logicalViewport":"(0, 0), (1920, 1080)","windowSize":"(1280, 720)"}
state-final-render-sync-begin: label=source-excerpt-feedback/excerpt-register-category/attempt1/wrong/resize tick=88730 drawn=3418 process=3418 physics=3572 windowVisible=True focus=True mode=Windowed renderLoop=True
state-final-render-sync-end: label=source-excerpt-feedback/excerpt-register-category/attempt1/wrong/resize milliseconds=5 forcedScreenshotRender=False
state-final-render-sync-begin: label=source-excerpt-feedback/excerpt-register-category/attempt1/wrong/layout tick=88743 drawn=3420 process=3420 physics=3572 windowVisible=True focus=True mode=Windowed renderLoop=True
state-final-render-sync-end: label=source-excerpt-feedback/excerpt-register-category/attempt1/wrong/layout milliseconds=8 forcedScreenshotRender=False
source-excerpt-proof: feedback capture /Users/unterlantas/Documents/GitHub/URMAN/docs/production/act1_takeover_evidence_2026-09-16/images-len01-12/source_excerpt_Act1Len01FamilyFlowSmokeTest_excerpt-register-category_attempt01_wrong_1280x720.png
source-excerpt-raster-typography: {"action":"excerpt-register-category","phase":"wrong","size":"(1280, 720)","textScale":1,"rasterSize":"(1280, 720)","logicalViewport":"(0, 0), (1920, 1080)","rasterRatio":"(0.6666667, 0.6666667)","readerBounds":"(502.6667, 158), (516, 507.33337)","labels":[{"name":"Hint","logicalFont":21,"screenFontPixels":14,"bounds":"(502.6667, 499.33334), (516, 64.00003)","logicalHeight":96,"minimumHeight":96},{"name":"Feedback","logicalFont":21,"screenFontPixels":14,"bounds":"(502.6667, 596.6667), (516, 42)","logicalHeight":63,"minimumHeight":63},{"name":"Source","logicalFont":21,"screenFontPixels":14,"bounds":"(502.6667, 645.3334), (516, 20)","logicalHeight":30,"minimumHeight":30}],"oracle":"actual raster / logical viewport extent times GlobalWithCanvas; no runtime screen-transform API"}
state-final-render-sync-begin: label=source-excerpt-feedback/excerpt-register-category/attempt1/wrong/resize tick=88813 drawn=3420 process=3420 physics=3572 windowVisible=True focus=True mode=Windowed renderLoop=True
state-final-render-sync-end: label=source-excerpt-feedback/excerpt-register-category/attempt1/wrong/resize milliseconds=29 forcedScreenshotRender=False
state-final-render-sync-begin: label=source-excerpt-feedback/excerpt-register-category/attempt1/wrong/layout tick=88854 drawn=3423 process=3423 physics=3579 windowVisible=True focus=True mode=Windowed renderLoop=True
state-final-render-sync-end: label=source-excerpt-feedback/excerpt-register-category/attempt1/wrong/layout milliseconds=6 forcedScreenshotRender=False
source-excerpt-proof: feedback capture /Users/unterlantas/Documents/GitHub/URMAN/docs/production/act1_takeover_evidence_2026-09-16/images-len01-12/source_excerpt_Act1Len01FamilyFlowSmokeTest_excerpt-register-category_attempt01_wrong_1920x1080.png
source-excerpt-raster-typography: {"action":"excerpt-register-category","phase":"wrong","size":"(1920, 1080)","textScale":1,"rasterSize":"(1920, 1080)","logicalViewport":"(0, 0), (1920, 1080)","rasterRatio":"(1, 1)","readerBounds":"(754, 237), (774, 761)","labels":[{"name":"Hint","logicalFont":16,"screenFontPixels":16,"bounds":"(754, 791), (774, 75)","logicalHeight":75,"minimumHeight":75},{"name":"Feedback","logicalFont":16,"screenFontPixels":16,"bounds":"(754, 916), (774, 49)","logicalHeight":49,"minimumHeight":49},{"name":"Source","logicalFont":16,"screenFontPixels":16,"bounds":"(754, 975), (774, 23)","logicalHeight":23,"minimumHeight":23}],"oracle":"actual raster / logical viewport extent times GlobalWithCanvas; no runtime screen-transform API"}
state-final-render-sync-begin: label=source-excerpt-feedback/excerpt-register-category/attempt1/wrong/restore tick=89056 drawn=3425 process=3425 physics=3591 windowVisible=True focus=True mode=Windowed renderLoop=True
state-final-render-sync-end: label=source-excerpt-feedback/excerpt-register-category/attempt1/wrong/restore milliseconds=6 forcedScreenshotRender=False
source-excerpt-selection-state: {"action":"excerpt-register-category","phase":"wrong-after-window-restore","processFrame":3425,"physicsFrame":3591,"selecting":true,"editorVisible":true,"recordDisabled":false,"selected":"\u0420\u0435\u0435\u0441\u0442\u0440 \u0437\u0430\u043A\u0440\u044B\u0442\u044B\u0445 \u0441\u043B\u0443\u0447\u0430\u0435\u0432","expected":"\u0420\u0435\u0435\u0441\u0442\u0440 \u0437\u0430\u043A\u0440\u044B\u0442\u044B\u0445 \u0441\u043B\u0443\u0447\u0430\u0435\u0432","exact":true,"editorContainsExpected":true,"selectionFrom":[1,0],"selectionTo":[1,23],"caret":[1,23],"editorFocused":true,"focusOwner":"/root/Act1Len01FamilyFlowSmokeTest/Act1Demo/Main/JournalUi/Screen/Book/Layout/WorkArea/Reader/Body/SourceExcerptText","editorRect":"(754, 286), (774, 453)","bodyRect":"(754, 286), (774, 453)","editorScroll":0,"bodyScroll":0,"logicalViewport":"(0, 0), (1920, 1080)","windowSize":"(1280, 720)"}
source-excerpt-selection-state: {"action":"excerpt-register-category","phase":"after-back","processFrame":3425,"physicsFrame":3591,"selecting":false,"editorVisible":false,"recordDisabled":true,"selected":"","expected":"\u041A\u0430\u0442\u0435\u0433\u043E\u0440\u0438\u044F: \u0433\u0440\u0430\u043D\u0438\u0446\u0430 / \u043E\u0442\u0432\u0435\u0442\u0438\u043B.","exact":false,"editorContainsExpected":true,"selectionFrom":[1,23],"selectionTo":[1,23],"caret":[1,23],"editorFocused":false,"focusOwner":"/root/Act1Len01FamilyFlowSmokeTest/Act1Demo/Main/JournalUi/Screen/Book/Layout/WorkArea/Reader/Body","editorRect":"(754, 286), (774, 453)","bodyRect":"(754, 286), (774, 453)","editorScroll":0,"bodyScroll":0,"logicalViewport":"(0, 0), (1920, 1080)","windowSize":"(1280, 720)"}
source-excerpt-selection-state: {"action":"excerpt-register-category","phase":"after-begin","processFrame":3425,"physicsFrame":3591,"selecting":true,"editorVisible":true,"recordDisabled":true,"selected":"","expected":"\u041A\u0430\u0442\u0435\u0433\u043E\u0440\u0438\u044F: \u0433\u0440\u0430\u043D\u0438\u0446\u0430 / \u043E\u0442\u0432\u0435\u0442\u0438\u043B.","exact":false,"editorContainsExpected":true,"selectionFrom":[0,0],"selectionTo":[0,0],"caret":[0,0],"editorFocused":true,"focusOwner":"/root/Act1Len01FamilyFlowSmokeTest/Act1Demo/Main/JournalUi/Screen/Book/Layout/WorkArea/Reader/Body/SourceExcerptText","editorRect":"(754, 286), (774, 453)","bodyRect":"(754, 286), (774, 453)","editorScroll":4.84375,"bodyScroll":0,"logicalViewport":"(0, 0), (1920, 1080)","windowSize":"(1280, 720)"}
source-excerpt-selection-state: {"action":"excerpt-register-category","phase":"after-exact-select","processFrame":3425,"physicsFrame":3591,"selecting":true,"editorVisible":true,"recordDisabled":true,"selected":"\u041A\u0430\u0442\u0435\u0433\u043E\u0440\u0438\u044F: \u0433\u0440\u0430\u043D\u0438\u0446\u0430 / \u043E\u0442\u0432\u0435\u0442\u0438\u043B.","expected":"\u041A\u0430\u0442\u0435\u0433\u043E\u0440\u0438\u044F: \u0433\u0440\u0430\u043D\u0438\u0446\u0430 / \u043E\u0442\u0432\u0435\u0442\u0438\u043B.","exact":true,"editorContainsExpected":true,"selectionFrom":[9,0],"selectionTo":[9,29],"caret":[9,29],"editorFocused":true,"focusOwner":"/root/Act1Len01FamilyFlowSmokeTest/Act1Demo/Main/JournalUi/Screen/Book/Layout/WorkArea/Reader/Body/SourceExcerptText","editorRect":"(754, 286), (774, 453)","bodyRect":"(754, 286), (774, 453)","editorScroll":4.84375,"bodyScroll":0,"logicalViewport":"(0, 0), (1920, 1080)","windowSize":"(1280, 720)"}
source-excerpt-selection-state: {"action":"excerpt-register-category","phase":"caret-changed-delivered","processFrame":3426,"physicsFrame":3592,"selecting":true,"editorVisible":true,"recordDisabled":false,"selected":"\u041A\u0430\u0442\u0435\u0433\u043E\u0440\u0438\u044F: \u0433\u0440\u0430\u043D\u0438\u0446\u0430 / \u043E\u0442\u0432\u0435\u0442\u0438\u043B.","expected":"\u041A\u0430\u0442\u0435\u0433\u043E\u0440\u0438\u044F: \u0433\u0440\u0430\u043D\u0438\u0446\u0430 / \u043E\u0442\u0432\u0435\u0442\u0438\u043B.","exact":true,"editorContainsExpected":true,"selectionFrom":[9,0],"selectionTo":[9,29],"caret":[9,29],"editorFocused":true,"focusOwner":"/root/Act1Len01FamilyFlowSmokeTest/Act1Demo/Main/JournalUi/Screen/Book/Layout/WorkArea/Reader/Body/SourceExcerptText","editorRect":"(754, 286), (774, 453)","bodyRect":"(754, 286), (774, 453)","editorScroll":4.84375,"bodyScroll":0,"logicalViewport":"(0, 0), (1920, 1080)","windowSize":"(1280, 720)"}
source-excerpt-selection-state: {"action":"excerpt-register-category","phase":"after-original-one-process-frame","processFrame":3426,"physicsFrame":3592,"selecting":true,"editorVisible":true,"recordDisabled":false,"selected":"\u041A\u0430\u0442\u0435\u0433\u043E\u0440\u0438\u044F: \u0433\u0440\u0430\u043D\u0438\u0446\u0430 / \u043E\u0442\u0432\u0435\u0442\u0438\u043B.","expected":"\u041A\u0430\u0442\u0435\u0433\u043E\u0440\u0438\u044F: \u0433\u0440\u0430\u043D\u0438\u0446\u0430 / \u043E\u0442\u0432\u0435\u0442\u0438\u043B.","exact":true,"editorContainsExpected":true,"selectionFrom":[9,0],"selectionTo":[9,29],"caret":[9,29],"editorFocused":true,"focusOwner":"/root/Act1Len01FamilyFlowSmokeTest/Act1Demo/Main/JournalUi/Screen/Book/Layout/WorkArea/Reader/Body/SourceExcerptText","editorRect":"(754, 286), (774, 521)","bodyRect":"(754, 286), (774, 521)","editorScroll":0,"bodyScroll":0,"logicalViewport":"(0, 0), (1920, 1080)","windowSize":"(1280, 720)"}
source-excerpt-selection-state: {"action":"excerpt-register-category","phase":"before-strict-record-check","processFrame":3427,"physicsFrame":3593,"selecting":true,"editorVisible":true,"recordDisabled":false,"selected":"\u041A\u0430\u0442\u0435\u0433\u043E\u0440\u0438\u044F: \u0433\u0440\u0430\u043D\u0438\u0446\u0430 / \u043E\u0442\u0432\u0435\u0442\u0438\u043B.","expected":"\u041A\u0430\u0442\u0435\u0433\u043E\u0440\u0438\u044F: \u0433\u0440\u0430\u043D\u0438\u0446\u0430 / \u043E\u0442\u0432\u0435\u0442\u0438\u043B.","exact":true,"editorContainsExpected":true,"selectionFrom":[9,0],"selectionTo":[9,29],"caret":[9,29],"editorFocused":true,"focusOwner":"/root/Act1Len01FamilyFlowSmokeTest/Act1Demo/Main/JournalUi/Screen/Book/Layout/WorkArea/Reader/Body/SourceExcerptText","editorRect":"(754, 286), (774, 521)","bodyRect":"(754, 286), (774, 521)","editorScroll":0,"bodyScroll":0,"logicalViewport":"(0, 0), (1920, 1080)","windowSize":"(1280, 720)"}
[553] journal.changed: urman.chapter1:interaction/excerpt-register-category
SaveGameV3 written to /Users/unterlantas/Library/Application Support/Godot/app_userdata/URMAN/savegames/checkpoint.savegame-v3.json
checkpoint: auto-saved at urman.chapter1:scene/evidence-internal-register
state-final-render-sync-begin: label=source-excerpt-feedback/excerpt-register-category/attempt1/saved/resize tick=89117 drawn=3428 process=3428 physics=3594 windowVisible=True focus=True mode=Windowed renderLoop=True
state-final-render-sync-end: label=source-excerpt-feedback/excerpt-register-category/attempt1/saved/resize milliseconds=5 forcedScreenshotRender=False
state-final-render-sync-begin: label=source-excerpt-feedback/excerpt-register-category/attempt1/saved/layout tick=89128 drawn=3430 process=3430 physics=3596 windowVisible=True focus=True mode=Windowed renderLoop=True
state-final-render-sync-end: label=source-excerpt-feedback/excerpt-register-category/attempt1/saved/layout milliseconds=6 forcedScreenshotRender=False
source-excerpt-proof: feedback capture /Users/unterlantas/Documents/GitHub/URMAN/docs/production/act1_takeover_evidence_2026-09-16/images-len01-12/source_excerpt_Act1Len01FamilyFlowSmokeTest_excerpt-register-category_attempt01_saved_1280x720.png
source-excerpt-raster-typography: {"action":"excerpt-register-category","phase":"saved","size":"(1280, 720)","textScale":1,"rasterSize":"(1280, 720)","logicalViewport":"(0, 0), (1920, 1080)","rasterRatio":"(0.6666667, 0.6666667)","readerBounds":"(502.6667, 158), (516, 507.33337)","labels":[{"name":"Hint","logicalFont":21,"screenFontPixels":14,"bounds":"(502.6667, 593.3334), (516, 42)","logicalHeight":63,"minimumHeight":63},{"name":"Source","logicalFont":21,"screenFontPixels":14,"bounds":"(502.6667, 645.3334), (516, 20)","logicalHeight":30,"minimumHeight":30}],"oracle":"actual raster / logical viewport extent times GlobalWithCanvas; no runtime screen-transform API"}
state-final-render-sync-begin: label=source-excerpt-feedback/excerpt-register-category/attempt1/saved/resize tick=89195 drawn=3430 process=3430 physics=3596 windowVisible=True focus=True mode=Windowed renderLoop=True
state-final-render-sync-end: label=source-excerpt-feedback/excerpt-register-category/attempt1/saved/resize milliseconds=29 forcedScreenshotRender=False
state-final-render-sync-begin: label=source-excerpt-feedback/excerpt-register-category/attempt1/saved/layout tick=89231 drawn=3433 process=3433 physics=3602 windowVisible=True focus=True mode=Windowed renderLoop=True
state-final-render-sync-end: label=source-excerpt-feedback/excerpt-register-category/attempt1/saved/layout milliseconds=6 forcedScreenshotRender=False
source-excerpt-proof: feedback capture /Users/unterlantas/Documents/GitHub/URMAN/docs/production/act1_takeover_evidence_2026-09-16/images-len01-12/source_excerpt_Act1Len01FamilyFlowSmokeTest_excerpt-register-category_attempt01_saved_1920x1080.png
source-excerpt-raster-typography: {"action":"excerpt-register-category","phase":"saved","size":"(1920, 1080)","textScale":1,"rasterSize":"(1920, 1080)","logicalViewport":"(0, 0), (1920, 1080)","rasterRatio":"(1, 1)","readerBounds":"(754, 237), (774, 761)","labels":[{"name":"Hint","logicalFont":16,"screenFontPixels":16,"bounds":"(754, 937), (774, 23)","logicalHeight":23,"minimumHeight":23},{"name":"Source","logicalFont":16,"screenFontPixels":16,"bounds":"(754, 975), (774, 23)","logicalHeight":23,"minimumHeight":23}],"oracle":"actual raster / logical viewport extent times GlobalWithCanvas; no runtime screen-transform API"}
state-final-render-sync-begin: label=source-excerpt-feedback/excerpt-register-category/attempt1/saved/restore tick=89408 drawn=3435 process=3435 physics=3612 windowVisible=True focus=True mode=Windowed renderLoop=True
state-final-render-sync-end: label=source-excerpt-feedback/excerpt-register-category/attempt1/saved/restore milliseconds=5 forcedScreenshotRender=False
state-final-render-sync-begin: label=source-excerpt-feedback/excerpt-register-category/attempt1/reopened/resize tick=89446 drawn=3440 process=3440 physics=3615 windowVisible=True focus=True mode=Windowed renderLoop=True
state-final-render-sync-end: label=source-excerpt-feedback/excerpt-register-category/attempt1/reopened/resize milliseconds=5 forcedScreenshotRender=False
state-final-render-sync-begin: label=source-excerpt-feedback/excerpt-register-category/attempt1/reopened/layout tick=89459 drawn=3442 process=3442 physics=3615 windowVisible=True focus=True mode=Windowed renderLoop=True
state-final-render-sync-end: label=source-excerpt-feedback/excerpt-register-category/attempt1/reopened/layout milliseconds=9 forcedScreenshotRender=False
source-excerpt-proof: feedback capture /Users/unterlantas/Documents/GitHub/URMAN/docs/production/act1_takeover_evidence_2026-09-16/images-len01-12/source_excerpt_Act1Len01FamilyFlowSmokeTest_excerpt-register-category_attempt01_reopened_1280x720.png
source-excerpt-raster-typography: {"action":"excerpt-register-category","phase":"reopened","size":"(1280, 720)","textScale":1,"rasterSize":"(1280, 720)","logicalViewport":"(0, 0), (1920, 1080)","rasterRatio":"(0.6666667, 0.6666667)","readerBounds":"(502.6667, 158), (516, 507.33337)","labels":[{"name":"Hint","logicalFont":21,"screenFontPixels":14,"bounds":"(502.6667, 593.3334), (516, 42)","logicalHeight":63,"minimumHeight":63},{"name":"Source","logicalFont":21,"screenFontPixels":14,"bounds":"(502.6667, 645.3334), (516, 20)","logicalHeight":30,"minimumHeight":30}],"oracle":"actual raster / logical viewport extent times GlobalWithCanvas; no runtime screen-transform API"}
state-final-render-sync-begin: label=source-excerpt-feedback/excerpt-register-category/attempt1/reopened/resize tick=89528 drawn=3442 process=3442 physics=3615 windowVisible=True focus=True mode=Windowed renderLoop=True
state-final-render-sync-end: label=source-excerpt-feedback/excerpt-register-category/attempt1/reopened/resize milliseconds=28 forcedScreenshotRender=False
state-final-render-sync-begin: label=source-excerpt-feedback/excerpt-register-category/attempt1/reopened/layout tick=89563 drawn=3445 process=3445 physics=3622 windowVisible=True focus=True mode=Windowed renderLoop=True
state-final-render-sync-end: label=source-excerpt-feedback/excerpt-register-category/attempt1/reopened/layout milliseconds=6 forcedScreenshotRender=False
source-excerpt-proof: feedback capture /Users/unterlantas/Documents/GitHub/URMAN/docs/production/act1_takeover_evidence_2026-09-16/images-len01-12/source_excerpt_Act1Len01FamilyFlowSmokeTest_excerpt-register-category_attempt01_reopened_1920x1080.png
source-excerpt-raster-typography: {"action":"excerpt-register-category","phase":"reopened","size":"(1920, 1080)","textScale":1,"rasterSize":"(1920, 1080)","logicalViewport":"(0, 0), (1920, 1080)","rasterRatio":"(1, 1)","readerBounds":"(754, 237), (774, 761)","labels":[{"name":"Hint","logicalFont":16,"screenFontPixels":16,"bounds":"(754, 937), (774, 23)","logicalHeight":23,"minimumHeight":23},{"name":"Source","logicalFont":16,"screenFontPixels":16,"bounds":"(754, 975), (774, 23)","logicalHeight":23,"minimumHeight":23}],"oracle":"actual raster / logical viewport extent times GlobalWithCanvas; no runtime screen-transform API"}
state-final-render-sync-begin: label=source-excerpt-feedback/excerpt-register-category/attempt1/reopened/restore tick=89752 drawn=3447 process=3447 physics=3633 windowVisible=True focus=True mode=Windowed renderLoop=True
state-final-render-sync-end: label=source-excerpt-feedback/excerpt-register-category/attempt1/reopened/restore milliseconds=5 forcedScreenshotRender=False
source-excerpt-proof: document=urman.oldpc:document/rec_marat_case_register_conflict action=excerpt-register-category; heading refused; cancel refused; actual TextEdit selection -> Record -> one source; scene preserved; one persistent confirmation and remaining fields survive reopen
SaveGameV3 written to /Users/unterlantas/Library/Application Support/Godot/app_userdata/URMAN/savegames/checkpoint.savegame-v3.json
checkpoint: auto-saved at urman.chapter1:scene/evidence-internal-register
zone-loaded: village_day@from_house connected-world=109404229614
zone-loaded: fap_clinic@waiting_room connected-world=109404229614
SaveGameV3 written to /Users/unterlantas/Library/Application Support/Godot/app_userdata/URMAN/savegames/len01-category-misread.savegame-v3.json
zone-loaded: fap_clinic@waiting_room connected-world=109404229614
SaveGameV3 restored.
zone-loaded: village_day@from_fap connected-world=109404229614
zone-loaded: house_old_pc@entry connected-world=109404229614
source-formatting-proof: paired strong -> unchanged canonical paragraph -> real selection/save follows; literal stars and links retained
source-excerpt-selection-state: {"action":"excerpt-register-category","phase":"wrong-before-resize","processFrame":3529,"physicsFrame":3714,"selecting":true,"editorVisible":true,"recordDisabled":false,"selected":"\u0420\u0435\u0435\u0441\u0442\u0440 \u0437\u0430\u043A\u0440\u044B\u0442\u044B\u0445 \u0441\u043B\u0443\u0447\u0430\u0435\u0432","expected":"\u0420\u0435\u0435\u0441\u0442\u0440 \u0437\u0430\u043A\u0440\u044B\u0442\u044B\u0445 \u0441\u043B\u0443\u0447\u0430\u0435\u0432","exact":true,"editorContainsExpected":true,"selectionFrom":[1,0],"selectionTo":[1,23],"caret":[1,23],"editorFocused":true,"focusOwner":"/root/Act1Len01FamilyFlowSmokeTest/Act1Demo/Main/JournalUi/Screen/Book/Layout/WorkArea/Reader/Body/SourceExcerptText","editorRect":"(754, 286), (774, 521)","bodyRect":"(754, 286), (774, 521)","editorScroll":0,"bodyScroll":0,"logicalViewport":"(0, 0), (1920, 1080)","windowSize":"(1280, 720)"}
state-final-render-sync-begin: label=source-excerpt-feedback/excerpt-register-category/attempt2/wrong/resize tick=91112 drawn=3529 process=3529 physics=3714 windowVisible=True focus=True mode=Windowed renderLoop=True
state-final-render-sync-end: label=source-excerpt-feedback/excerpt-register-category/attempt2/wrong/resize milliseconds=6 forcedScreenshotRender=False
state-final-render-sync-begin: label=source-excerpt-feedback/excerpt-register-category/attempt2/wrong/layout tick=91126 drawn=3531 process=3531 physics=3715 windowVisible=True focus=True mode=Windowed renderLoop=True
state-final-render-sync-end: label=source-excerpt-feedback/excerpt-register-category/attempt2/wrong/layout milliseconds=9 forcedScreenshotRender=False
source-excerpt-proof: feedback capture /Users/unterlantas/Documents/GitHub/URMAN/docs/production/act1_takeover_evidence_2026-09-16/images-len01-12/source_excerpt_Act1Len01FamilyFlowSmokeTest_excerpt-register-category_attempt02_wrong_1280x720.png
source-excerpt-raster-typography: {"action":"excerpt-register-category","phase":"wrong","size":"(1280, 720)","textScale":1,"rasterSize":"(1280, 720)","logicalViewport":"(0, 0), (1920, 1080)","rasterRatio":"(0.6666667, 0.6666667)","readerBounds":"(502.6667, 158), (516, 507.33337)","labels":[{"name":"Hint","logicalFont":21,"screenFontPixels":14,"bounds":"(502.6667, 499.33334), (516, 64.00003)","logicalHeight":96,"minimumHeight":96},{"name":"Feedback","logicalFont":21,"screenFontPixels":14,"bounds":"(502.6667, 596.6667), (516, 42)","logicalHeight":63,"minimumHeight":63},{"name":"Source","logicalFont":21,"screenFontPixels":14,"bounds":"(502.6667, 645.3334), (516, 20)","logicalHeight":30,"minimumHeight":30}],"oracle":"actual raster / logical viewport extent times GlobalWithCanvas; no runtime screen-transform API"}
state-final-render-sync-begin: label=source-excerpt-feedback/excerpt-register-category/attempt2/wrong/resize tick=91197 drawn=3531 process=3531 physics=3715 windowVisible=True focus=True mode=Windowed renderLoop=True
state-final-render-sync-end: label=source-excerpt-feedback/excerpt-register-category/attempt2/wrong/resize milliseconds=34 forcedScreenshotRender=False
state-final-render-sync-begin: label=source-excerpt-feedback/excerpt-register-category/attempt2/wrong/layout tick=91238 drawn=3534 process=3534 physics=3722 windowVisible=True focus=True mode=Windowed renderLoop=True
state-final-render-sync-end: label=source-excerpt-feedback/excerpt-register-category/attempt2/wrong/layout milliseconds=7 forcedScreenshotRender=False
source-excerpt-proof: feedback capture /Users/unterlantas/Documents/GitHub/URMAN/docs/production/act1_takeover_evidence_2026-09-16/images-len01-12/source_excerpt_Act1Len01FamilyFlowSmokeTest_excerpt-register-category_attempt02_wrong_1920x1080.png
source-excerpt-raster-typography: {"action":"excerpt-register-category","phase":"wrong","size":"(1920, 1080)","textScale":1,"rasterSize":"(1920, 1080)","logicalViewport":"(0, 0), (1920, 1080)","rasterRatio":"(1, 1)","readerBounds":"(754, 237), (774, 761)","labels":[{"name":"Hint","logicalFont":16,"screenFontPixels":16,"bounds":"(754, 817), (774, 49)","logicalHeight":49,"minimumHeight":49},{"name":"Feedback","logicalFont":16,"screenFontPixels":16,"bounds":"(754, 916), (774, 49)","logicalHeight":49,"minimumHeight":49},{"name":"Source","logicalFont":16,"screenFontPixels":16,"bounds":"(754, 975), (774, 23)","logicalHeight":23,"minimumHeight":23}],"oracle":"actual raster / logical viewport extent times GlobalWithCanvas; no runtime screen-transform API"}
state-final-render-sync-begin: label=source-excerpt-feedback/excerpt-register-category/attempt2/wrong/restore tick=91436 drawn=3536 process=3536 physics=3734 windowVisible=True focus=True mode=Windowed renderLoop=True
state-final-render-sync-end: label=source-excerpt-feedback/excerpt-register-category/attempt2/wrong/restore milliseconds=5 forcedScreenshotRender=False
source-excerpt-selection-state: {"action":"excerpt-register-category","phase":"wrong-after-window-restore","processFrame":3536,"physicsFrame":3734,"selecting":true,"editorVisible":true,"recordDisabled":false,"selected":"\u0420\u0435\u0435\u0441\u0442\u0440 \u0437\u0430\u043A\u0440\u044B\u0442\u044B\u0445 \u0441\u043B\u0443\u0447\u0430\u0435\u0432","expected":"\u0420\u0435\u0435\u0441\u0442\u0440 \u0437\u0430\u043A\u0440\u044B\u0442\u044B\u0445 \u0441\u043B\u0443\u0447\u0430\u0435\u0432","exact":true,"editorContainsExpected":true,"selectionFrom":[1,0],"selectionTo":[1,23],"caret":[1,23],"editorFocused":true,"focusOwner":"/root/Act1Len01FamilyFlowSmokeTest/Act1Demo/Main/JournalUi/Screen/Book/Layout/WorkArea/Reader/Body/SourceExcerptText","editorRect":"(754, 286), (774, 453)","bodyRect":"(754, 286), (774, 453)","editorScroll":0,"bodyScroll":0,"logicalViewport":"(0, 0), (1920, 1080)","windowSize":"(1280, 720)"}
source-excerpt-selection-state: {"action":"excerpt-register-category","phase":"after-back","processFrame":3536,"physicsFrame":3734,"selecting":false,"editorVisible":false,"recordDisabled":true,"selected":"","expected":"\u041A\u0430\u0442\u0435\u0433\u043E\u0440\u0438\u044F: \u0433\u0440\u0430\u043D\u0438\u0446\u0430 / \u043E\u0442\u0432\u0435\u0442\u0438\u043B.","exact":false,"editorContainsExpected":true,"selectionFrom":[1,23],"selectionTo":[1,23],"caret":[1,23],"editorFocused":false,"focusOwner":"/root/Act1Len01FamilyFlowSmokeTest/Act1Demo/Main/JournalUi/Screen/Book/Layout/WorkArea/Reader/Body","editorRect":"(754, 286), (774, 453)","bodyRect":"(754, 286), (774, 453)","editorScroll":0,"bodyScroll":0,"logicalViewport":"(0, 0), (1920, 1080)","windowSize":"(1280, 720)"}
source-excerpt-selection-state: {"action":"excerpt-register-category","phase":"after-begin","processFrame":3536,"physicsFrame":3734,"selecting":true,"editorVisible":true,"recordDisabled":true,"selected":"","expected":"\u041A\u0430\u0442\u0435\u0433\u043E\u0440\u0438\u044F: \u0433\u0440\u0430\u043D\u0438\u0446\u0430 / \u043E\u0442\u0432\u0435\u0442\u0438\u043B.","exact":false,"editorContainsExpected":true,"selectionFrom":[0,0],"selectionTo":[0,0],"caret":[0,0],"editorFocused":true,"focusOwner":"/root/Act1Len01FamilyFlowSmokeTest/Act1Demo/Main/JournalUi/Screen/Book/Layout/WorkArea/Reader/Body/SourceExcerptText","editorRect":"(754, 286), (774, 453)","bodyRect":"(754, 286), (774, 453)","editorScroll":4.84375,"bodyScroll":0,"logicalViewport":"(0, 0), (1920, 1080)","windowSize":"(1280, 720)"}
source-excerpt-selection-state: {"action":"excerpt-register-category","phase":"after-exact-select","processFrame":3536,"physicsFrame":3734,"selecting":true,"editorVisible":true,"recordDisabled":true,"selected":"\u041A\u0430\u0442\u0435\u0433\u043E\u0440\u0438\u044F: \u0433\u0440\u0430\u043D\u0438\u0446\u0430 / \u043E\u0442\u0432\u0435\u0442\u0438\u043B.","expected":"\u041A\u0430\u0442\u0435\u0433\u043E\u0440\u0438\u044F: \u0433\u0440\u0430\u043D\u0438\u0446\u0430 / \u043E\u0442\u0432\u0435\u0442\u0438\u043B.","exact":true,"editorContainsExpected":true,"selectionFrom":[9,0],"selectionTo":[9,29],"caret":[9,29],"editorFocused":true,"focusOwner":"/root/Act1Len01FamilyFlowSmokeTest/Act1Demo/Main/JournalUi/Screen/Book/Layout/WorkArea/Reader/Body/SourceExcerptText","editorRect":"(754, 286), (774, 453)","bodyRect":"(754, 286), (774, 453)","editorScroll":4.84375,"bodyScroll":0,"logicalViewport":"(0, 0), (1920, 1080)","windowSize":"(1280, 720)"}
source-excerpt-selection-state: {"action":"excerpt-register-category","phase":"caret-changed-delivered","processFrame":3537,"physicsFrame":3735,"selecting":true,"editorVisible":true,"recordDisabled":false,"selected":"\u041A\u0430\u0442\u0435\u0433\u043E\u0440\u0438\u044F: \u0433\u0440\u0430\u043D\u0438\u0446\u0430 / \u043E\u0442\u0432\u0435\u0442\u0438\u043B.","expected":"\u041A\u0430\u0442\u0435\u0433\u043E\u0440\u0438\u044F: \u0433\u0440\u0430\u043D\u0438\u0446\u0430 / \u043E\u0442\u0432\u0435\u0442\u0438\u043B.","exact":true,"editorContainsExpected":true,"selectionFrom":[9,0],"selectionTo":[9,29],"caret":[9,29],"editorFocused":true,"focusOwner":"/root/Act1Len01FamilyFlowSmokeTest/Act1Demo/Main/JournalUi/Screen/Book/Layout/WorkArea/Reader/Body/SourceExcerptText","editorRect":"(754, 286), (774, 453)","bodyRect":"(754, 286), (774, 453)","editorScroll":4.84375,"bodyScroll":0,"logicalViewport":"(0, 0), (1920, 1080)","windowSize":"(1280, 720)"}
source-excerpt-selection-state: {"action":"excerpt-register-category","phase":"after-original-one-process-frame","processFrame":3537,"physicsFrame":3735,"selecting":true,"editorVisible":true,"recordDisabled":false,"selected":"\u041A\u0430\u0442\u0435\u0433\u043E\u0440\u0438\u044F: \u0433\u0440\u0430\u043D\u0438\u0446\u0430 / \u043E\u0442\u0432\u0435\u0442\u0438\u043B.","expected":"\u041A\u0430\u0442\u0435\u0433\u043E\u0440\u0438\u044F: \u0433\u0440\u0430\u043D\u0438\u0446\u0430 / \u043E\u0442\u0432\u0435\u0442\u0438\u043B.","exact":true,"editorContainsExpected":true,"selectionFrom":[9,0],"selectionTo":[9,29],"caret":[9,29],"editorFocused":true,"focusOwner":"/root/Act1Len01FamilyFlowSmokeTest/Act1Demo/Main/JournalUi/Screen/Book/Layout/WorkArea/Reader/Body/SourceExcerptText","editorRect":"(754, 286), (774, 521)","bodyRect":"(754, 286), (774, 521)","editorScroll":0,"bodyScroll":0,"logicalViewport":"(0, 0), (1920, 1080)","windowSize":"(1280, 720)"}
source-excerpt-selection-state: {"action":"excerpt-register-category","phase":"before-strict-record-check","processFrame":3538,"physicsFrame":3735,"selecting":true,"editorVisible":true,"recordDisabled":false,"selected":"\u041A\u0430\u0442\u0435\u0433\u043E\u0440\u0438\u044F: \u0433\u0440\u0430\u043D\u0438\u0446\u0430 / \u043E\u0442\u0432\u0435\u0442\u0438\u043B.","expected":"\u041A\u0430\u0442\u0435\u0433\u043E\u0440\u0438\u044F: \u0433\u0440\u0430\u043D\u0438\u0446\u0430 / \u043E\u0442\u0432\u0435\u0442\u0438\u043B.","exact":true,"editorContainsExpected":true,"selectionFrom":[9,0],"selectionTo":[9,29],"caret":[9,29],"editorFocused":true,"focusOwner":"/root/Act1Len01FamilyFlowSmokeTest/Act1Demo/Main/JournalUi/Screen/Book/Layout/WorkArea/Reader/Body/SourceExcerptText","editorRect":"(754, 286), (774, 521)","bodyRect":"(754, 286), (774, 521)","editorScroll":0,"bodyScroll":0,"logicalViewport":"(0, 0), (1920, 1080)","windowSize":"(1280, 720)"}
[598] journal.changed: urman.chapter1:interaction/excerpt-register-category
SaveGameV3 written to /Users/unterlantas/Library/Application Support/Godot/app_userdata/URMAN/savegames/checkpoint.savegame-v3.json
checkpoint: auto-saved at urman.chapter1:scene/evidence-internal-register
state-final-render-sync-begin: label=source-excerpt-feedback/excerpt-register-category/attempt2/saved/resize tick=91490 drawn=3539 process=3539 physics=3736 windowVisible=True focus=True mode=Windowed renderLoop=True
state-final-render-sync-end: label=source-excerpt-feedback/excerpt-register-category/attempt2/saved/resize milliseconds=5 forcedScreenshotRender=False
state-final-render-sync-begin: label=source-excerpt-feedback/excerpt-register-category/attempt2/saved/layout tick=91503 drawn=3541 process=3541 physics=3738 windowVisible=True focus=True mode=Windowed renderLoop=True
state-final-render-sync-end: label=source-excerpt-feedback/excerpt-register-category/attempt2/saved/layout milliseconds=6 forcedScreenshotRender=False
source-excerpt-proof: feedback capture /Users/unterlantas/Documents/GitHub/URMAN/docs/production/act1_takeover_evidence_2026-09-16/images-len01-12/source_excerpt_Act1Len01FamilyFlowSmokeTest_excerpt-register-category_attempt02_saved_1280x720.png
source-excerpt-raster-typography: {"action":"excerpt-register-category","phase":"saved","size":"(1280, 720)","textScale":1,"rasterSize":"(1280, 720)","logicalViewport":"(0, 0), (1920, 1080)","rasterRatio":"(0.6666667, 0.6666667)","readerBounds":"(502.6667, 158), (516, 507.33337)","labels":[{"name":"Hint","logicalFont":21,"screenFontPixels":14,"bounds":"(502.6667, 593.3334), (516, 42)","logicalHeight":63,"minimumHeight":63},{"name":"Source","logicalFont":21,"screenFontPixels":14,"bounds":"(502.6667, 645.3334), (516, 20)","logicalHeight":30,"minimumHeight":30}],"oracle":"actual raster / logical viewport extent times GlobalWithCanvas; no runtime screen-transform API"}
state-final-render-sync-begin: label=source-excerpt-feedback/excerpt-register-category/attempt2/saved/resize tick=91572 drawn=3541 process=3541 physics=3738 windowVisible=True focus=True mode=Windowed renderLoop=True
state-final-render-sync-end: label=source-excerpt-feedback/excerpt-register-category/attempt2/saved/resize milliseconds=38 forcedScreenshotRender=False
state-final-render-sync-begin: label=source-excerpt-feedback/excerpt-register-category/attempt2/saved/layout tick=91621 drawn=3544 process=3544 physics=3745 windowVisible=True focus=True mode=Windowed renderLoop=True
state-final-render-sync-end: label=source-excerpt-feedback/excerpt-register-category/attempt2/saved/layout milliseconds=6 forcedScreenshotRender=False
source-excerpt-proof: feedback capture /Users/unterlantas/Documents/GitHub/URMAN/docs/production/act1_takeover_evidence_2026-09-16/images-len01-12/source_excerpt_Act1Len01FamilyFlowSmokeTest_excerpt-register-category_attempt02_saved_1920x1080.png
source-excerpt-raster-typography: {"action":"excerpt-register-category","phase":"saved","size":"(1920, 1080)","textScale":1,"rasterSize":"(1920, 1080)","logicalViewport":"(0, 0), (1920, 1080)","rasterRatio":"(1, 1)","readerBounds":"(754, 237), (774, 761)","labels":[{"name":"Hint","logicalFont":16,"screenFontPixels":16,"bounds":"(754, 937), (774, 23)","logicalHeight":23,"minimumHeight":23},{"name":"Source","logicalFont":16,"screenFontPixels":16,"bounds":"(754, 975), (774, 23)","logicalHeight":23,"minimumHeight":23}],"oracle":"actual raster / logical viewport extent times GlobalWithCanvas; no runtime screen-transform API"}
state-final-render-sync-begin: label=source-excerpt-feedback/excerpt-register-category/attempt2/saved/restore tick=91804 drawn=3546 process=3546 physics=3756 windowVisible=True focus=True mode=Windowed renderLoop=True
state-final-render-sync-end: label=source-excerpt-feedback/excerpt-register-category/attempt2/saved/restore milliseconds=6 forcedScreenshotRender=False
state-final-render-sync-begin: label=source-excerpt-feedback/excerpt-register-category/attempt2/reopened/resize tick=91844 drawn=3551 process=3551 physics=3758 windowVisible=True focus=True mode=Windowed renderLoop=True
state-final-render-sync-end: label=source-excerpt-feedback/excerpt-register-category/attempt2/reopened/resize milliseconds=7 forcedScreenshotRender=False
state-final-render-sync-begin: label=source-excerpt-feedback/excerpt-register-category/attempt2/reopened/layout tick=91860 drawn=3553 process=3553 physics=3759 windowVisible=True focus=True mode=Windowed renderLoop=True
state-final-render-sync-end: label=source-excerpt-feedback/excerpt-register-category/attempt2/reopened/layout milliseconds=8 forcedScreenshotRender=False
source-excerpt-proof: feedback capture /Users/unterlantas/Documents/GitHub/URMAN/docs/production/act1_takeover_evidence_2026-09-16/images-len01-12/source_excerpt_Act1Len01FamilyFlowSmokeTest_excerpt-register-category_attempt02_reopened_1280x720.png
source-excerpt-raster-typography: {"action":"excerpt-register-category","phase":"reopened","size":"(1280, 720)","textScale":1,"rasterSize":"(1280, 720)","logicalViewport":"(0, 0), (1920, 1080)","rasterRatio":"(0.6666667, 0.6666667)","readerBounds":"(502.6667, 158), (516, 507.33337)","labels":[{"name":"Hint","logicalFont":21,"screenFontPixels":14,"bounds":"(502.6667, 593.3334), (516, 42)","logicalHeight":63,"minimumHeight":63},{"name":"Source","logicalFont":21,"screenFontPixels":14,"bounds":"(502.6667, 645.3334), (516, 20)","logicalHeight":30,"minimumHeight":30}],"oracle":"actual raster / logical viewport extent times GlobalWithCanvas; no runtime screen-transform API"}
state-final-render-sync-begin: label=source-excerpt-feedback/excerpt-register-category/attempt2/reopened/resize tick=91931 drawn=3553 process=3553 physics=3759 windowVisible=True focus=True mode=Windowed renderLoop=True
state-final-render-sync-end: label=source-excerpt-feedback/excerpt-register-category/attempt2/reopened/resize milliseconds=37 forcedScreenshotRender=False
state-final-render-sync-begin: label=source-excerpt-feedback/excerpt-register-category/attempt2/reopened/layout tick=91983 drawn=3556 process=3556 physics=3767 windowVisible=True focus=True mode=Windowed renderLoop=True
state-final-render-sync-end: label=source-excerpt-feedback/excerpt-register-category/attempt2/reopened/layout milliseconds=5 forcedScreenshotRender=False
source-excerpt-proof: feedback capture /Users/unterlantas/Documents/GitHub/URMAN/docs/production/act1_takeover_evidence_2026-09-16/images-len01-12/source_excerpt_Act1Len01FamilyFlowSmokeTest_excerpt-register-category_attempt02_reopened_1920x1080.png
source-excerpt-raster-typography: {"action":"excerpt-register-category","phase":"reopened","size":"(1920, 1080)","textScale":1,"rasterSize":"(1920, 1080)","logicalViewport":"(0, 0), (1920, 1080)","rasterRatio":"(1, 1)","readerBounds":"(754, 237), (774, 761)","labels":[{"name":"Hint","logicalFont":16,"screenFontPixels":16,"bounds":"(754, 937), (774, 23)","logicalHeight":23,"minimumHeight":23},{"name":"Source","logicalFont":16,"screenFontPixels":16,"bounds":"(754, 975), (774, 23)","logicalHeight":23,"minimumHeight":23}],"oracle":"actual raster / logical viewport extent times GlobalWithCanvas; no runtime screen-transform API"}
state-final-render-sync-begin: label=source-excerpt-feedback/excerpt-register-category/attempt2/reopened/restore tick=92187 drawn=3558 process=3558 physics=3779 windowVisible=True focus=True mode=Windowed renderLoop=True
state-final-render-sync-end: label=source-excerpt-feedback/excerpt-register-category/attempt2/reopened/restore milliseconds=7 forcedScreenshotRender=False
source-excerpt-proof: document=urman.oldpc:document/rec_marat_case_register_conflict action=excerpt-register-category; heading refused; cancel refused; actual TextEdit selection -> Record -> one source; scene preserved; one persistent confirmation and remaining fields survive reopen
SaveGameV3 written to /Users/unterlantas/Library/Application Support/Godot/app_userdata/URMAN/savegames/len01-category-excerpt-rechecked.savegame-v3.json
zone-loaded: house_old_pc@entry connected-world=109404229614
SaveGameV3 restored.
zone-loaded: village_day@from_house connected-world=109404229614
zone-loaded: fap_clinic@waiting_room connected-world=109404229614
SaveGameV3 written to /Users/unterlantas/Library/Application Support/Godot/app_userdata/URMAN/savegames/len01-matching-fields.savegame-v3.json
zone-loaded: fap_clinic@waiting_room connected-world=109404229614
SaveGameV3 restored.
SaveGameV3 written to /Users/unterlantas/Library/Application Support/Godot/app_userdata/URMAN/savegames/checkpoint.savegame-v3.json
checkpoint: auto-saved at urman.chapter1:scene/evidence-internal-register
zone-loaded: village_day@from_fap connected-world=109404229614
zone-loaded: house_old_pc@entry connected-world=109404229614
SaveGameV3 written to /Users/unterlantas/Library/Application Support/Godot/app_userdata/URMAN/savegames/checkpoint.savegame-v3.json
checkpoint: auto-saved at urman.chapter1:scene/evidence-internal-register
SaveGameV3 written to /Users/unterlantas/Library/Application Support/Godot/app_userdata/URMAN/savegames/len01-warning-contexts.savegame-v3.json
zone-loaded: house_old_pc@entry connected-world=109404229614
SaveGameV3 restored.
[669] scene.entered: urman.chapter1:interaction/internal-register-to-saved-message
SaveGameV3 written to /Users/unterlantas/Library/Application Support/Godot/app_userdata/URMAN/savegames/checkpoint.savegame-v3.json
checkpoint: auto-saved at urman.chapter1:scene/evidence-saved-message
SaveGameV3 written to /Users/unterlantas/Library/Application Support/Godot/app_userdata/URMAN/savegames/len01-message-misread.savegame-v3.json
zone-loaded: house_old_pc@entry connected-world=109404229614
SaveGameV3 restored.
zone-loaded: village_day@from_house connected-world=109404229614
SaveGameV3 written to /Users/unterlantas/Library/Application Support/Godot/app_userdata/URMAN/savegames/len01-message-question-pending.savegame-v3.json
zone-loaded: village_day@from_house connected-world=109404229614
SaveGameV3 restored.
zone-loaded: house_old_pc@entry connected-world=109404229614
source-formatting-proof: paired strong -> unchanged canonical paragraph -> real selection/save follows; literal stars and links retained
source-excerpt-selection-state: {"action":"excerpt-message-voice","phase":"wrong-before-resize","processFrame":3765,"physicsFrame":4018,"selecting":true,"editorVisible":true,"recordDisabled":false,"selected":"\u042D\u043A\u0441\u043F\u043E\u0440\u0442 \u0441\u043E\u043E\u0431\u0449\u0435\u043D\u0438\u044F","expected":"\u042D\u043A\u0441\u043F\u043E\u0440\u0442 \u0441\u043E\u043E\u0431\u0449\u0435\u043D\u0438\u044F","exact":true,"editorContainsExpected":true,"selectionFrom":[1,0],"selectionTo":[1,17],"caret":[1,17],"editorFocused":true,"focusOwner":"/root/Act1Len01FamilyFlowSmokeTest/Act1Demo/Main/JournalUi/Screen/Book/Layout/WorkArea/Reader/Body/SourceExcerptText","editorRect":"(754, 286), (774, 521)","bodyRect":"(754, 286), (774, 521)","editorScroll":0,"bodyScroll":0,"logicalViewport":"(0, 0), (1920, 1080)","windowSize":"(1280, 720)"}
state-final-render-sync-begin: label=source-excerpt-feedback/excerpt-message-voice/attempt1/wrong/resize tick=96177 drawn=3765 process=3765 physics=4018 windowVisible=True focus=True mode=Windowed renderLoop=True
state-final-render-sync-end: label=source-excerpt-feedback/excerpt-message-voice/attempt1/wrong/resize milliseconds=6 forcedScreenshotRender=False
state-final-render-sync-begin: label=source-excerpt-feedback/excerpt-message-voice/attempt1/wrong/layout tick=96190 drawn=3767 process=3767 physics=4019 windowVisible=True focus=True mode=Windowed renderLoop=True
state-final-render-sync-end: label=source-excerpt-feedback/excerpt-message-voice/attempt1/wrong/layout milliseconds=7 forcedScreenshotRender=False
source-excerpt-proof: feedback capture /Users/unterlantas/Documents/GitHub/URMAN/docs/production/act1_takeover_evidence_2026-09-16/images-len01-12/source_excerpt_Act1Len01FamilyFlowSmokeTest_excerpt-message-voice_attempt01_wrong_1280x720.png
source-excerpt-raster-typography: {"action":"excerpt-message-voice","phase":"wrong","size":"(1280, 720)","textScale":1,"rasterSize":"(1280, 720)","logicalViewport":"(0, 0), (1920, 1080)","rasterRatio":"(0.6666667, 0.6666667)","readerBounds":"(502.6667, 158), (516, 507.33337)","labels":[{"name":"Hint","logicalFont":21,"screenFontPixels":14,"bounds":"(502.6667, 499.33334), (516, 64.00003)","logicalHeight":96,"minimumHeight":96},{"name":"Feedback","logicalFont":21,"screenFontPixels":14,"bounds":"(502.6667, 596.6667), (516, 42)","logicalHeight":63,"minimumHeight":63},{"name":"Source","logicalFont":21,"screenFontPixels":14,"bounds":"(502.6667, 645.3334), (516, 20)","logicalHeight":30,"minimumHeight":30}],"oracle":"actual raster / logical viewport extent times GlobalWithCanvas; no runtime screen-transform API"}
state-final-render-sync-begin: label=source-excerpt-feedback/excerpt-message-voice/attempt1/wrong/resize tick=96263 drawn=3767 process=3767 physics=4019 windowVisible=True focus=True mode=Windowed renderLoop=True
state-final-render-sync-end: label=source-excerpt-feedback/excerpt-message-voice/attempt1/wrong/resize milliseconds=54 forcedScreenshotRender=False
state-final-render-sync-begin: label=source-excerpt-feedback/excerpt-message-voice/attempt1/wrong/layout tick=96328 drawn=3770 process=3770 physics=4028 windowVisible=True focus=True mode=Windowed renderLoop=True
state-final-render-sync-end: label=source-excerpt-feedback/excerpt-message-voice/attempt1/wrong/layout milliseconds=7 forcedScreenshotRender=False
source-excerpt-proof: feedback capture /Users/unterlantas/Documents/GitHub/URMAN/docs/production/act1_takeover_evidence_2026-09-16/images-len01-12/source_excerpt_Act1Len01FamilyFlowSmokeTest_excerpt-message-voice_attempt01_wrong_1920x1080.png
source-excerpt-raster-typography: {"action":"excerpt-message-voice","phase":"wrong","size":"(1920, 1080)","textScale":1,"rasterSize":"(1920, 1080)","logicalViewport":"(0, 0), (1920, 1080)","rasterRatio":"(1, 1)","readerBounds":"(754, 237), (774, 761)","labels":[{"name":"Hint","logicalFont":16,"screenFontPixels":16,"bounds":"(754, 791), (774, 75)","logicalHeight":75,"minimumHeight":75},{"name":"Feedback","logicalFont":16,"screenFontPixels":16,"bounds":"(754, 916), (774, 49)","logicalHeight":49,"minimumHeight":49},{"name":"Source","logicalFont":16,"screenFontPixels":16,"bounds":"(754, 975), (774, 23)","logicalHeight":23,"minimumHeight":23}],"oracle":"actual raster / logical viewport extent times GlobalWithCanvas; no runtime screen-transform API"}
state-final-render-sync-begin: label=source-excerpt-feedback/excerpt-message-voice/attempt1/wrong/restore tick=96559 drawn=3772 process=3772 physics=4041 windowVisible=True focus=True mode=Windowed renderLoop=True
state-final-render-sync-end: label=source-excerpt-feedback/excerpt-message-voice/attempt1/wrong/restore milliseconds=7 forcedScreenshotRender=False
source-excerpt-selection-state: {"action":"excerpt-message-voice","phase":"wrong-after-window-restore","processFrame":3772,"physicsFrame":4041,"selecting":true,"editorVisible":true,"recordDisabled":false,"selected":"\u042D\u043A\u0441\u043F\u043E\u0440\u0442 \u0441\u043E\u043E\u0431\u0449\u0435\u043D\u0438\u044F","expected":"\u042D\u043A\u0441\u043F\u043E\u0440\u0442 \u0441\u043E\u043E\u0431\u0449\u0435\u043D\u0438\u044F","exact":true,"editorContainsExpected":true,"selectionFrom":[1,0],"selectionTo":[1,17],"caret":[1,17],"editorFocused":true,"focusOwner":"/root/Act1Len01FamilyFlowSmokeTest/Act1Demo/Main/JournalUi/Screen/Book/Layout/WorkArea/Reader/Body/SourceExcerptText","editorRect":"(754, 286), (774, 453)","bodyRect":"(754, 286), (774, 453)","editorScroll":0,"bodyScroll":0,"logicalViewport":"(0, 0), (1920, 1080)","windowSize":"(1280, 720)"}
source-excerpt-selection-state: {"action":"excerpt-message-voice","phase":"after-back","processFrame":3772,"physicsFrame":4041,"selecting":false,"editorVisible":false,"recordDisabled":true,"selected":"","expected":"\u0421\u0435\u0433\u043E\u0434\u043D\u044F \u043E\u043F\u044F\u0442\u044C \u0441\u043B\u044B\u0448\u0430\u043B \u0438\u0437 \u0443\u0440\u043C\u0430\u043D\u0430 \u0433\u043E\u043B\u043E\u0441. \u041D\u0435 \u043A\u0430\u043A \u044D\u0445\u043E. \u041A\u0430\u043A \u0431\u0443\u0434\u0442\u043E \u0447\u0435\u043B\u043E\u0432\u0435\u043A \u0441\u0442\u043E\u0438\u0442 \u0440\u044F\u0434\u043E\u043C \u0441 \u0434\u0435\u0440\u0435\u0432\u044C\u044F\u043C\u0438 \u0438 \u0436\u0434\u0451\u0442, \u043A\u043E\u0433\u0434\u0430 \u0442\u044B \u043E\u0442\u0432\u0435\u0442\u0438\u0448\u044C.","exact":false,"editorContainsExpected":true,"selectionFrom":[1,17],"selectionTo":[1,17],"caret":[1,17],"editorFocused":false,"focusOwner":"/root/Act1Len01FamilyFlowSmokeTest/Act1Demo/Main/JournalUi/Screen/Book/Layout/WorkArea/Reader/Body","editorRect":"(754, 286), (774, 453)","bodyRect":"(754, 286), (774, 453)","editorScroll":0,"bodyScroll":0,"logicalViewport":"(0, 0), (1920, 1080)","windowSize":"(1280, 720)"}
source-excerpt-selection-state: {"action":"excerpt-message-voice","phase":"after-begin","processFrame":3772,"physicsFrame":4041,"selecting":true,"editorVisible":true,"recordDisabled":true,"selected":"","expected":"\u0421\u0435\u0433\u043E\u0434\u043D\u044F \u043E\u043F\u044F\u0442\u044C \u0441\u043B\u044B\u0448\u0430\u043B \u0438\u0437 \u0443\u0440\u043C\u0430\u043D\u0430 \u0433\u043E\u043B\u043E\u0441. \u041D\u0435 \u043A\u0430\u043A \u044D\u0445\u043E. \u041A\u0430\u043A \u0431\u0443\u0434\u0442\u043E \u0447\u0435\u043B\u043E\u0432\u0435\u043A \u0441\u0442\u043E\u0438\u0442 \u0440\u044F\u0434\u043E\u043C \u0441 \u0434\u0435\u0440\u0435\u0432\u044C\u044F\u043C\u0438 \u0438 \u0436\u0434\u0451\u0442, \u043A\u043E\u0433\u0434\u0430 \u0442\u044B \u043E\u0442\u0432\u0435\u0442\u0438\u0448\u044C.","exact":false,"editorContainsExpected":true,"selectionFrom":[0,0],"selectionTo":[0,0],"caret":[0,0],"editorFocused":true,"focusOwner":"/root/Act1Len01FamilyFlowSmokeTest/Act1Demo/Main/JournalUi/Screen/Book/Layout/WorkArea/Reader/Body/SourceExcerptText","editorRect":"(754, 286), (774, 453)","bodyRect":"(754, 286), (774, 453)","editorScroll":1.84375,"bodyScroll":0,"logicalViewport":"(0, 0), (1920, 1080)","windowSize":"(1280, 720)"}
source-excerpt-selection-state: {"action":"excerpt-message-voice","phase":"after-exact-select","processFrame":3772,"physicsFrame":4041,"selecting":true,"editorVisible":true,"recordDisabled":true,"selected":"\u0421\u0435\u0433\u043E\u0434\u043D\u044F \u043E\u043F\u044F\u0442\u044C \u0441\u043B\u044B\u0448\u0430\u043B \u0438\u0437 \u0443\u0440\u043C\u0430\u043D\u0430 \u0433\u043E\u043B\u043E\u0441. \u041D\u0435 \u043A\u0430\u043A \u044D\u0445\u043E. \u041A\u0430\u043A \u0431\u0443\u0434\u0442\u043E \u0447\u0435\u043B\u043E\u0432\u0435\u043A \u0441\u0442\u043E\u0438\u0442 \u0440\u044F\u0434\u043E\u043C \u0441 \u0434\u0435\u0440\u0435\u0432\u044C\u044F\u043C\u0438 \u0438 \u0436\u0434\u0451\u0442, \u043A\u043E\u0433\u0434\u0430 \u0442\u044B \u043E\u0442\u0432\u0435\u0442\u0438\u0448\u044C.","expected":"\u0421\u0435\u0433\u043E\u0434\u043D\u044F \u043E\u043F\u044F\u0442\u044C \u0441\u043B\u044B\u0448\u0430\u043B \u0438\u0437 \u0443\u0440\u043C\u0430\u043D\u0430 \u0433\u043E\u043B\u043E\u0441. \u041D\u0435 \u043A\u0430\u043A \u044D\u0445\u043E. \u041A\u0430\u043A \u0431\u0443\u0434\u0442\u043E \u0447\u0435\u043B\u043E\u0432\u0435\u043A \u0441\u0442\u043E\u0438\u0442 \u0440\u044F\u0434\u043E\u043C \u0441 \u0434\u0435\u0440\u0435\u0432\u044C\u044F\u043C\u0438 \u0438 \u0436\u0434\u0451\u0442, \u043A\u043E\u0433\u0434\u0430 \u0442\u044B \u043E\u0442\u0432\u0435\u0442\u0438\u0448\u044C.","exact":true,"editorContainsExpected":true,"selectionFrom":[9,0],"selectionTo":[9,118],"caret":[9,118],"editorFocused":true,"focusOwner":"/root/Act1Len01FamilyFlowSmokeTest/Act1Demo/Main/JournalUi/Screen/Book/Layout/WorkArea/Reader/Body/SourceExcerptText","editorRect":"(754, 286), (774, 453)","bodyRect":"(754, 286), (774, 453)","editorScroll":1.84375,"bodyScroll":0,"logicalViewport":"(0, 0), (1920, 1080)","windowSize":"(1280, 720)"}
source-excerpt-selection-state: {"action":"excerpt-message-voice","phase":"caret-changed-delivered","processFrame":3773,"physicsFrame":4042,"selecting":true,"editorVisible":true,"recordDisabled":false,"selected":"\u0421\u0435\u0433\u043E\u0434\u043D\u044F \u043E\u043F\u044F\u0442\u044C \u0441\u043B\u044B\u0448\u0430\u043B \u0438\u0437 \u0443\u0440\u043C\u0430\u043D\u0430 \u0433\u043E\u043B\u043E\u0441. \u041D\u0435 \u043A\u0430\u043A \u044D\u0445\u043E. \u041A\u0430\u043A \u0431\u0443\u0434\u0442\u043E \u0447\u0435\u043B\u043E\u0432\u0435\u043A \u0441\u0442\u043E\u0438\u0442 \u0440\u044F\u0434\u043E\u043C \u0441 \u0434\u0435\u0440\u0435\u0432\u044C\u044F\u043C\u0438 \u0438 \u0436\u0434\u0451\u0442, \u043A\u043E\u0433\u0434\u0430 \u0442\u044B \u043E\u0442\u0432\u0435\u0442\u0438\u0448\u044C.","expected":"\u0421\u0435\u0433\u043E\u0434\u043D\u044F \u043E\u043F\u044F\u0442\u044C \u0441\u043B\u044B\u0448\u0430\u043B \u0438\u0437 \u0443\u0440\u043C\u0430\u043D\u0430 \u0433\u043E\u043B\u043E\u0441. \u041D\u0435 \u043A\u0430\u043A \u044D\u0445\u043E. \u041A\u0430\u043A \u0431\u0443\u0434\u0442\u043E \u0447\u0435\u043B\u043E\u0432\u0435\u043A \u0441\u0442\u043E\u0438\u0442 \u0440\u044F\u0434\u043E\u043C \u0441 \u0434\u0435\u0440\u0435\u0432\u044C\u044F\u043C\u0438 \u0438 \u0436\u0434\u0451\u0442, \u043A\u043E\u0433\u0434\u0430 \u0442\u044B \u043E\u0442\u0432\u0435\u0442\u0438\u0448\u044C.","exact":true,"editorContainsExpected":true,"selectionFrom":[9,0],"selectionTo":[9,118],"caret":[9,118],"editorFocused":true,"focusOwner":"/root/Act1Len01FamilyFlowSmokeTest/Act1Demo/Main/JournalUi/Screen/Book/Layout/WorkArea/Reader/Body/SourceExcerptText","editorRect":"(754, 286), (774, 453)","bodyRect":"(754, 286), (774, 453)","editorScroll":1.84375,"bodyScroll":0,"logicalViewport":"(0, 0), (1920, 1080)","windowSize":"(1280, 720)"}
source-excerpt-selection-state: {"action":"excerpt-message-voice","phase":"after-original-one-process-frame","processFrame":3773,"physicsFrame":4042,"selecting":true,"editorVisible":true,"recordDisabled":false,"selected":"\u0421\u0435\u0433\u043E\u0434\u043D\u044F \u043E\u043F\u044F\u0442\u044C \u0441\u043B\u044B\u0448\u0430\u043B \u0438\u0437 \u0443\u0440\u043C\u0430\u043D\u0430 \u0433\u043E\u043B\u043E\u0441. \u041D\u0435 \u043A\u0430\u043A \u044D\u0445\u043E. \u041A\u0430\u043A \u0431\u0443\u0434\u0442\u043E \u0447\u0435\u043B\u043E\u0432\u0435\u043A \u0441\u0442\u043E\u0438\u0442 \u0440\u044F\u0434\u043E\u043C \u0441 \u0434\u0435\u0440\u0435\u0432\u044C\u044F\u043C\u0438 \u0438 \u0436\u0434\u0451\u0442, \u043A\u043E\u0433\u0434\u0430 \u0442\u044B \u043E\u0442\u0432\u0435\u0442\u0438\u0448\u044C.","expected":"\u0421\u0435\u0433\u043E\u0434\u043D\u044F \u043E\u043F\u044F\u0442\u044C \u0441\u043B\u044B\u0448\u0430\u043B \u0438\u0437 \u0443\u0440\u043C\u0430\u043D\u0430 \u0433\u043E\u043B\u043E\u0441. \u041D\u0435 \u043A\u0430\u043A \u044D\u0445\u043E. \u041A\u0430\u043A \u0431\u0443\u0434\u0442\u043E \u0447\u0435\u043B\u043E\u0432\u0435\u043A \u0441\u0442\u043E\u0438\u0442 \u0440\u044F\u0434\u043E\u043C \u0441 \u0434\u0435\u0440\u0435\u0432\u044C\u044F\u043C\u0438 \u0438 \u0436\u0434\u0451\u0442, \u043A\u043E\u0433\u0434\u0430 \u0442\u044B \u043E\u0442\u0432\u0435\u0442\u0438\u0448\u044C.","exact":true,"editorContainsExpected":true,"selectionFrom":[9,0],"selectionTo":[9,118],"caret":[9,118],"editorFocused":true,"focusOwner":"/root/Act1Len01FamilyFlowSmokeTest/Act1Demo/Main/JournalUi/Screen/Book/Layout/WorkArea/Reader/Body/SourceExcerptText","editorRect":"(754, 286), (774, 521)","bodyRect":"(754, 286), (774, 521)","editorScroll":0,"bodyScroll":0,"logicalViewport":"(0, 0), (1920, 1080)","windowSize":"(1280, 720)"}
source-excerpt-selection-state: {"action":"excerpt-message-voice","phase":"before-strict-record-check","processFrame":3774,"physicsFrame":4043,"selecting":true,"editorVisible":true,"recordDisabled":false,"selected":"\u0421\u0435\u0433\u043E\u0434\u043D\u044F \u043E\u043F\u044F\u0442\u044C \u0441\u043B\u044B\u0448\u0430\u043B \u0438\u0437 \u0443\u0440\u043C\u0430\u043D\u0430 \u0433\u043E\u043B\u043E\u0441. \u041D\u0435 \u043A\u0430\u043A \u044D\u0445\u043E. \u041A\u0430\u043A \u0431\u0443\u0434\u0442\u043E \u0447\u0435\u043B\u043E\u0432\u0435\u043A \u0441\u0442\u043E\u0438\u0442 \u0440\u044F\u0434\u043E\u043C \u0441 \u0434\u0435\u0440\u0435\u0432\u044C\u044F\u043C\u0438 \u0438 \u0436\u0434\u0451\u0442, \u043A\u043E\u0433\u0434\u0430 \u0442\u044B \u043E\u0442\u0432\u0435\u0442\u0438\u0448\u044C.","expected":"\u0421\u0435\u0433\u043E\u0434\u043D\u044F \u043E\u043F\u044F\u0442\u044C \u0441\u043B\u044B\u0448\u0430\u043B \u0438\u0437 \u0443\u0440\u043C\u0430\u043D\u0430 \u0433\u043E\u043B\u043E\u0441. \u041D\u0435 \u043A\u0430\u043A \u044D\u0445\u043E. \u041A\u0430\u043A \u0431\u0443\u0434\u0442\u043E \u0447\u0435\u043B\u043E\u0432\u0435\u043A \u0441\u0442\u043E\u0438\u0442 \u0440\u044F\u0434\u043E\u043C \u0441 \u0434\u0435\u0440\u0435\u0432\u044C\u044F\u043C\u0438 \u0438 \u0436\u0434\u0451\u0442, \u043A\u043E\u0433\u0434\u0430 \u0442\u044B \u043E\u0442\u0432\u0435\u0442\u0438\u0448\u044C.","exact":true,"editorContainsExpected":true,"selectionFrom":[9,0],"selectionTo":[9,118],"caret":[9,118],"editorFocused":true,"focusOwner":"/root/Act1Len01FamilyFlowSmokeTest/Act1Demo/Main/JournalUi/Screen/Book/Layout/WorkArea/Reader/Body/SourceExcerptText","editorRect":"(754, 286), (774, 521)","bodyRect":"(754, 286), (774, 521)","editorScroll":0,"bodyScroll":0,"logicalViewport":"(0, 0), (1920, 1080)","windowSize":"(1280, 720)"}
[709] journal.changed: urman.chapter1:interaction/excerpt-message-voice
[710] journal.changed: urman.chapter1:interaction/excerpt-message-voice
SaveGameV3 written to /Users/unterlantas/Library/Application Support/Godot/app_userdata/URMAN/savegames/checkpoint.savegame-v3.json
checkpoint: auto-saved at urman.chapter1:scene/evidence-saved-message
state-final-render-sync-begin: label=source-excerpt-feedback/excerpt-message-voice/attempt1/saved/resize tick=96614 drawn=3775 process=3775 physics=4044 windowVisible=True focus=True mode=Windowed renderLoop=True
state-final-render-sync-end: label=source-excerpt-feedback/excerpt-message-voice/attempt1/saved/resize milliseconds=5 forcedScreenshotRender=False
state-final-render-sync-begin: label=source-excerpt-feedback/excerpt-message-voice/attempt1/saved/layout tick=96626 drawn=3777 process=3777 physics=4045 windowVisible=True focus=True mode=Windowed renderLoop=True
state-final-render-sync-end: label=source-excerpt-feedback/excerpt-message-voice/attempt1/saved/layout milliseconds=5 forcedScreenshotRender=False
source-excerpt-proof: feedback capture /Users/unterlantas/Documents/GitHub/URMAN/docs/production/act1_takeover_evidence_2026-09-16/images-len01-12/source_excerpt_Act1Len01FamilyFlowSmokeTest_excerpt-message-voice_attempt01_saved_1280x720.png
source-excerpt-raster-typography: {"action":"excerpt-message-voice","phase":"saved","size":"(1280, 720)","textScale":1,"rasterSize":"(1280, 720)","logicalViewport":"(0, 0), (1920, 1080)","rasterRatio":"(0.6666667, 0.6666667)","readerBounds":"(502.6667, 158), (516, 507.33337)","labels":[{"name":"Hint","logicalFont":21,"screenFontPixels":14,"bounds":"(502.6667, 593.3334), (516, 42)","logicalHeight":63,"minimumHeight":63},{"name":"Source","logicalFont":21,"screenFontPixels":14,"bounds":"(502.6667, 645.3334), (516, 20)","logicalHeight":30,"minimumHeight":30}],"oracle":"actual raster / logical viewport extent times GlobalWithCanvas; no runtime screen-transform API"}
state-final-render-sync-begin: label=source-excerpt-feedback/excerpt-message-voice/attempt1/saved/resize tick=96695 drawn=3777 process=3777 physics=4045 windowVisible=True focus=True mode=Windowed renderLoop=True
state-final-render-sync-end: label=source-excerpt-feedback/excerpt-message-voice/attempt1/saved/resize milliseconds=35 forcedScreenshotRender=False
state-final-render-sync-begin: label=source-excerpt-feedback/excerpt-message-voice/attempt1/saved/layout tick=96743 drawn=3780 process=3780 physics=4052 windowVisible=True focus=True mode=Windowed renderLoop=True
state-final-render-sync-end: label=source-excerpt-feedback/excerpt-message-voice/attempt1/saved/layout milliseconds=5 forcedScreenshotRender=False
source-excerpt-proof: feedback capture /Users/unterlantas/Documents/GitHub/URMAN/docs/production/act1_takeover_evidence_2026-09-16/images-len01-12/source_excerpt_Act1Len01FamilyFlowSmokeTest_excerpt-message-voice_attempt01_saved_1920x1080.png
source-excerpt-raster-typography: {"action":"excerpt-message-voice","phase":"saved","size":"(1920, 1080)","textScale":1,"rasterSize":"(1920, 1080)","logicalViewport":"(0, 0), (1920, 1080)","rasterRatio":"(1, 1)","readerBounds":"(754, 237), (774, 761)","labels":[{"name":"Hint","logicalFont":16,"screenFontPixels":16,"bounds":"(754, 937), (774, 23)","logicalHeight":23,"minimumHeight":23},{"name":"Source","logicalFont":16,"screenFontPixels":16,"bounds":"(754, 975), (774, 23)","logicalHeight":23,"minimumHeight":23}],"oracle":"actual raster / logical viewport extent times GlobalWithCanvas; no runtime screen-transform API"}
state-final-render-sync-begin: label=source-excerpt-feedback/excerpt-message-voice/attempt1/saved/restore tick=96930 drawn=3782 process=3782 physics=4064 windowVisible=True focus=True mode=Windowed renderLoop=True
state-final-render-sync-end: label=source-excerpt-feedback/excerpt-message-voice/attempt1/saved/restore milliseconds=6 forcedScreenshotRender=False
state-final-render-sync-begin: label=source-excerpt-feedback/excerpt-message-voice/attempt1/reopened/resize tick=96977 drawn=3787 process=3787 physics=4066 windowVisible=True focus=True mode=Windowed renderLoop=True
state-final-render-sync-end: label=source-excerpt-feedback/excerpt-message-voice/attempt1/reopened/resize milliseconds=5 forcedScreenshotRender=False
state-final-render-sync-begin: label=source-excerpt-feedback/excerpt-message-voice/attempt1/reopened/layout tick=96990 drawn=3789 process=3789 physics=4067 windowVisible=True focus=True mode=Windowed renderLoop=True
state-final-render-sync-end: label=source-excerpt-feedback/excerpt-message-voice/attempt1/reopened/layout milliseconds=8 forcedScreenshotRender=False
source-excerpt-proof: feedback capture /Users/unterlantas/Documents/GitHub/URMAN/docs/production/act1_takeover_evidence_2026-09-16/images-len01-12/source_excerpt_Act1Len01FamilyFlowSmokeTest_excerpt-message-voice_attempt01_reopened_1280x720.png
source-excerpt-raster-typography: {"action":"excerpt-message-voice","phase":"reopened","size":"(1280, 720)","textScale":1,"rasterSize":"(1280, 720)","logicalViewport":"(0, 0), (1920, 1080)","rasterRatio":"(0.6666667, 0.6666667)","readerBounds":"(502.6667, 158), (516, 507.33337)","labels":[{"name":"Hint","logicalFont":21,"screenFontPixels":14,"bounds":"(502.6667, 593.3334), (516, 42)","logicalHeight":63,"minimumHeight":63},{"name":"Source","logicalFont":21,"screenFontPixels":14,"bounds":"(502.6667, 645.3334), (516, 20)","logicalHeight":30,"minimumHeight":30}],"oracle":"actual raster / logical viewport extent times GlobalWithCanvas; no runtime screen-transform API"}
state-final-render-sync-begin: label=source-excerpt-feedback/excerpt-message-voice/attempt1/reopened/resize tick=97063 drawn=3789 process=3789 physics=4067 windowVisible=True focus=True mode=Windowed renderLoop=True
state-final-render-sync-end: label=source-excerpt-feedback/excerpt-message-voice/attempt1/reopened/resize milliseconds=48 forcedScreenshotRender=False
state-final-render-sync-begin: label=source-excerpt-feedback/excerpt-message-voice/attempt1/reopened/layout tick=97122 drawn=3792 process=3792 physics=4075 windowVisible=True focus=True mode=Windowed renderLoop=True
state-final-render-sync-end: label=source-excerpt-feedback/excerpt-message-voice/attempt1/reopened/layout milliseconds=6 forcedScreenshotRender=False
source-excerpt-proof: feedback capture /Users/unterlantas/Documents/GitHub/URMAN/docs/production/act1_takeover_evidence_2026-09-16/images-len01-12/source_excerpt_Act1Len01FamilyFlowSmokeTest_excerpt-message-voice_attempt01_reopened_1920x1080.png
source-excerpt-raster-typography: {"action":"excerpt-message-voice","phase":"reopened","size":"(1920, 1080)","textScale":1,"rasterSize":"(1920, 1080)","logicalViewport":"(0, 0), (1920, 1080)","rasterRatio":"(1, 1)","readerBounds":"(754, 237), (774, 761)","labels":[{"name":"Hint","logicalFont":16,"screenFontPixels":16,"bounds":"(754, 937), (774, 23)","logicalHeight":23,"minimumHeight":23},{"name":"Source","logicalFont":16,"screenFontPixels":16,"bounds":"(754, 975), (774, 23)","logicalHeight":23,"minimumHeight":23}],"oracle":"actual raster / logical viewport extent times GlobalWithCanvas; no runtime screen-transform API"}
state-final-render-sync-begin: label=source-excerpt-feedback/excerpt-message-voice/attempt1/reopened/restore tick=97347 drawn=3794 process=3794 physics=4088 windowVisible=True focus=True mode=Windowed renderLoop=True
state-final-render-sync-end: label=source-excerpt-feedback/excerpt-message-voice/attempt1/reopened/restore milliseconds=8 forcedScreenshotRender=False
source-excerpt-proof: document=urman.oldpc:document/msg_marat_saved_last_normal action=excerpt-message-voice; heading refused; cancel refused; actual TextEdit selection -> Record -> one source; scene preserved; one persistent confirmation and remaining fields survive reopen
SaveGameV3 written to /Users/unterlantas/Library/Application Support/Godot/app_userdata/URMAN/savegames/len01-message-source-checked.savegame-v3.json
zone-loaded: house_old_pc@entry connected-world=109404229614
SaveGameV3 restored.
zone-loaded: village_day@from_house connected-world=109404229614
SaveGameV3 written to /Users/unterlantas/Library/Application Support/Godot/app_userdata/URMAN/savegames/len01-message-corrected.savegame-v3.json
zone-loaded: village_day@from_house connected-world=109404229614
SaveGameV3 restored.
zone-loaded: house_old_pc@entry connected-world=109404229614
[736] scene.entered: urman.chapter1:interaction/saved-message-to-boundary-source
SaveGameV3 written to /Users/unterlantas/Library/Application Support/Godot/app_userdata/URMAN/savegames/checkpoint.savegame-v3.json
checkpoint: auto-saved at urman.chapter1:scene/evidence-tatarwiki-boundary
SaveGameV3 written to /Users/unterlantas/Library/Application Support/Godot/app_userdata/URMAN/savegames/len01-pending-revise-echo.savegame-v3.json
zone-loaded: house_old_pc@entry connected-world=109404229614
SaveGameV3 restored.
SaveGameV3 written to /Users/unterlantas/Library/Application Support/Godot/app_userdata/URMAN/savegames/checkpoint.savegame-v3.json
checkpoint: auto-saved at urman.chapter1:scene/evidence-tatarwiki-boundary
SaveGameV3 written to /Users/unterlantas/Library/Application Support/Godot/app_userdata/URMAN/savegames/len01-revised-revise-echo.savegame-v3.json
zone-loaded: house_old_pc@entry connected-world=109404229614
SaveGameV3 restored.
SaveGameV3 written to /Users/unterlantas/Library/Application Support/Godot/app_userdata/URMAN/savegames/checkpoint.savegame-v3.json
checkpoint: auto-saved at urman.chapter1:scene/evidence-tatarwiki-boundary
SaveGameV3 written to /Users/unterlantas/Library/Application Support/Godot/app_userdata/URMAN/savegames/len01-pending-revise-creature.savegame-v3.json
zone-loaded: house_old_pc@entry connected-world=109404229614
SaveGameV3 restored.
SaveGameV3 written to /Users/unterlantas/Library/Application Support/Godot/app_userdata/URMAN/savegames/checkpoint.savegame-v3.json
checkpoint: auto-saved at urman.chapter1:scene/evidence-tatarwiki-boundary
SaveGameV3 written to /Users/unterlantas/Library/Application Support/Godot/app_userdata/URMAN/savegames/len01-revised-revise-creature.savegame-v3.json
zone-loaded: house_old_pc@entry connected-world=109404229614
SaveGameV3 restored.
SaveGameV3 written to /Users/unterlantas/Library/Application Support/Godot/app_userdata/URMAN/savegames/checkpoint.savegame-v3.json
checkpoint: auto-saved at urman.chapter1:scene/evidence-tatarwiki-boundary
[786] scene.entered: urman.chapter1:interaction/boundary-source-to-reread
SaveGameV3 written to /Users/unterlantas/Library/Application Support/Godot/app_userdata/URMAN/savegames/checkpoint.savegame-v3.json
checkpoint: auto-saved at urman.chapter1:scene/evidence-tatarwiki-reread
SaveGameV3 written to /Users/unterlantas/Library/Application Support/Godot/app_userdata/URMAN/savegames/checkpoint.savegame-v3.json
checkpoint: auto-saved at urman.chapter1:scene/evidence-tatarwiki-reread
WARNING: Interaction urman.chapter1:interaction/reread-to-edge-sketch rejected: ContentConditionRejected Content conditions rejected this action.
     at: void Urman.Godot.RuntimeBridge+<DispatchCompiledInteractionAsync>d__129.MoveNext() (res://scripts/RuntimeBridge.cs:1139)
     C# backtrace (most recent call first):
         [0] void Godot.GD.PushWarning(string) (/root/godot/modules/mono/glue/GodotSharp/GodotSharp/Core/GD.cs:396)
         [1] void Urman.Godot.RuntimeBridge+<DispatchCompiledInteractionAsync>d__129.MoveNext() (/Users/unterlantas/Documents/GitHub/URMAN/game/scripts/RuntimeBridge.cs:1139)
         [2] void System.Runtime.CompilerServices.AsyncTaskMethodBuilder`1.Start<TStateMachine>(TStateMachine&)
         [3] System.Threading.Tasks.Task`1[System.Boolean] Urman.Godot.RuntimeBridge.DispatchCompiledInteractionAsync(Urman.Godot.CompiledInteractionContent)
         [4] void Urman.Godot.RuntimeBridge+<DispatchInteractionAsync>d__91.MoveNext() (/Users/unterlantas/Documents/GitHub/URMAN/game/scripts/RuntimeBridge.cs:534)
         [5] void System.Runtime.CompilerServices.AsyncTaskMethodBuilder`1.Start<TStateMachine>(TStateMachine&)
         [6] System.Threading.Tasks.Task`1[System.Boolean] Urman.Godot.RuntimeBridge.DispatchInteractionAsync(string)
         [7] void Urman.Godot.Tests.Act1SourceReturnsProof+<CompleteAsync>d__8.MoveNext() (/Users/unterlantas/Documents/GitHub/URMAN/game/tests/Act1Len01FamilyFlowSmokeTest.cs:1713)
         [8] void System.Runtime.CompilerServices.AsyncTaskMethodBuilder`1.Start<TStateMachine>(TStateMachine&)
         [9] System.Threading.Tasks.Task`1[System.Boolean] Urman.Godot.Tests.Act1SourceReturnsProof.CompleteAsync(Godot.Node, Urman.Godot.RuntimeBridge, bool, bool, bool, System.Func`2[System.String,System.Threading.Tasks.Task`1[System.Boolean]])
         [10] void Urman.Godot.Tests.Act1Len01FamilyFlowSmokeTest+<_Ready>d__13.MoveNext() (/Users/unterlantas/Documents/GitHub/URMAN/game/tests/Act1Len01FamilyFlowSmokeTest.cs:482)
         [11] void System.Threading.ExecutionContext.RunInternal(System.Threading.ExecutionContext, System.Threading.ContextCallback, object)
         [12] void System.Threading.Tasks.AwaitTaskContinuation.RunCallback(System.Threading.ContextCallback, object, System.Threading.Tasks.Task&)
         [13] void System.Threading.Tasks.Task.RunContinuations(object)
         [14] void System.Runtime.CompilerServices.AsyncTaskMethodBuilder`1.SetExistingTaskResult(System.Threading.Tasks.Task`1[TResult], TResult)
         [15] void Urman.Godot.RuntimeBridge+<CompareJournalSourcesAsync>d__105.MoveNext() (/Users/unterlantas/Documents/GitHub/URMAN/game/scripts/RuntimeBridge.cs:700)
         [16] void System.Threading.ExecutionContext.RunInternal(System.Threading.ExecutionContext, System.Threading.ContextCallback, object)
         [17] void System.Runtime.CompilerServices.AsyncTaskMethodBuilder`1+AsyncStateMachineBox`1.MoveNext()
         [18] void System.Threading.Tasks.AwaitTaskContinuation.RunCallback(System.Threading.ContextCallback, object, System.Threading.Tasks.Task&)
         [19] void System.Threading.Tasks.Task.RunContinuations(object)
         [20] void System.Runtime.CompilerServices.AsyncTaskMethodBuilder.SetResult()
         [21] void Urman.Godot.RuntimeBridge+<SaveCheckpointAsync>d__92.MoveNext() (/Users/unterlantas/Documents/GitHub/URMAN/game/scripts/RuntimeBridge.cs:579)
         [22] void System.Threading.ExecutionContext.RunInternal(System.Threading.ExecutionContext, System.Threading.ContextCallback, object)
         [23] void System.Threading.Tasks.AwaitTaskContinuation.RunCallback(System.Threading.ContextCallback, object, System.Threading.Tasks.Task&)
         [24] void System.Threading.Tasks.Task.RunContinuations(object)
         [25] void System.Runtime.CompilerServices.AsyncTaskMethodBuilder`1.SetExistingTaskResult(System.Threading.Tasks.Task`1[TResult], TResult)
         [26] void Urman.Godot.RuntimeBridge+<SaveSlotAsync>d__67.MoveNext() (/Users/unterlantas/Documents/GitHub/URMAN/game/scripts/RuntimeBridge.cs:201)
         [27] void System.Threading.ExecutionContext.RunInternal(System.Threading.ExecutionContext, System.Threading.ContextCallback, object)
         [28] void System.Runtime.CompilerServices.AsyncTaskMethodBuilder`1+AsyncStateMachineBox`1.MoveNext()
         [29] void System.Threading.Tasks.AwaitTaskContinuation.RunCallback(System.Threading.ContextCallback, object, System.Threading.Tasks.Task&)
         [30] void System.Threading.Tasks.Task.RunContinuations(object)
         [31] void System.Runtime.CompilerServices.AsyncTaskMethodBuilder.SetResult()
         [32] void Urman.Core.Persistence.AtomicSaveGameStore+<SaveAsync>d__3.MoveNext() (/Users/unterlantas/Documents/GitHub/URMAN/src-dotnet/Urman.Core/Persistence/AtomicSaveGameStore.cs:57)
         [33] void System.Threading.ExecutionContext.RunInternal(System.Threading.ExecutionContext, System.Threading.ContextCallback, object)
         [34] void System.Threading.ThreadPool+<>c.<.cctor>b__48_0(object)
         [35] void Godot.GodotSynchronizationContext.ExecutePendingContinuations() (/root/godot/modules/mono/glue/GodotSharp/GodotSharp/Core/GodotSynchronizationContext.cs:51)
         [36] void Godot.GodotTaskScheduler.Activate() (/root/godot/modules/mono/glue/GodotSharp/GodotSharp/Core/GodotTaskScheduler.cs:76)
         [37] void Godot.Bridge.ScriptManagerBridge.FrameCallback() (/root/godot/modules/mono/glue/GodotSharp/GodotSharp/Core/Bridge/ScriptManagerBridge.cs:84)
SaveGameV3 written to /Users/unterlantas/Library/Application Support/Godot/app_userdata/URMAN/savegames/len01-mansur-note-unanswered.savegame-v3.json
zone-loaded: house_old_pc@entry connected-world=109404229614
SaveGameV3 restored.
SaveGameV3 written to /Users/unterlantas/Library/Application Support/Godot/app_userdata/URMAN/savegames/checkpoint.savegame-v3.json
checkpoint: auto-saved at urman.chapter1:scene/evidence-tatarwiki-reread
SaveGameV3 written to /Users/unterlantas/Library/Application Support/Godot/app_userdata/URMAN/savegames/len01-mosque-address-heard.savegame-v3.json
zone-loaded: house_old_pc@entry connected-world=109404229614
SaveGameV3 restored.
SaveGameV3 written to /Users/unterlantas/Library/Application Support/Godot/app_userdata/URMAN/savegames/checkpoint.savegame-v3.json
checkpoint: auto-saved at urman.chapter1:scene/evidence-tatarwiki-reread
SaveGameV3 written to /Users/unterlantas/Library/Application Support/Godot/app_userdata/URMAN/savegames/len01-mosque-extension-source-cc85178d7037475c95656c7f8f130a6e.savegame-v3.json
zone-loaded: house_old_pc@entry connected-world=109404229614
SaveGameV3 restored.
SaveGameV3 written to /Users/unterlantas/Library/Application Support/Godot/app_userdata/URMAN/savegames/checkpoint.savegame-v3.json
checkpoint: auto-saved at urman.chapter1:scene/evidence-tatarwiki-reread
SaveGameV3 written to /Users/unterlantas/Library/Application Support/Godot/app_userdata/URMAN/savegames/len01-mosque-extension-restored.savegame-v3.json
zone-loaded: house_old_pc@entry connected-world=109404229614
SaveGameV3 restored.
source-returns-proof: mosque address heard only after actual Mansur choice; repeat/load retain one record; declared prior-extension record absence requires new manual question; no map location granted
SaveGameV3 written to /Users/unterlantas/Library/Application Support/Godot/app_userdata/URMAN/savegames/checkpoint.savegame-v3.json
checkpoint: auto-saved at urman.chapter1:scene/evidence-tatarwiki-reread
SaveGameV3 written to /Users/unterlantas/Library/Application Support/Godot/app_userdata/URMAN/savegames/len01-damaged-case-unresolved.savegame-v3.json
zone-loaded: house_old_pc@entry connected-world=109404229614
SaveGameV3 restored.
SaveGameV3 written to /Users/unterlantas/Library/Application Support/Godot/app_userdata/URMAN/savegames/checkpoint.savegame-v3.json
checkpoint: auto-saved at urman.chapter1:scene/evidence-tatarwiki-reread
SaveGameV3 written to /Users/unterlantas/Library/Application Support/Godot/app_userdata/URMAN/savegames/len01-accounting-question-pending.savegame-v3.json
zone-loaded: house_old_pc@entry connected-world=109404229614
SaveGameV3 restored.
SaveGameV3 written to /Users/unterlantas/Library/Application Support/Godot/app_userdata/URMAN/savegames/checkpoint.savegame-v3.json
checkpoint: auto-saved at urman.chapter1:scene/evidence-tatarwiki-reread
SaveGameV3 written to /Users/unterlantas/Library/Application Support/Godot/app_userdata/URMAN/savegames/len01-rinat-accounting-abandoned.savegame-v3.json
zone-loaded: house_old_pc@entry connected-world=109404229614
SaveGameV3 restored.
SaveGameV3 written to /Users/unterlantas/Library/Application Support/Godot/app_userdata/URMAN/savegames/checkpoint.savegame-v3.json
checkpoint: auto-saved at urman.chapter1:scene/evidence-tatarwiki-reread
SaveGameV3 written to /Users/unterlantas/Library/Application Support/Godot/app_userdata/URMAN/savegames/len01-source-returns-completed.savegame-v3.json
zone-loaded: house_old_pc@entry connected-world=109404229614
SaveGameV3 restored.
source-returns-proof: two actual archive sources, explicit Mansur reply, bounded accounting comparison, actual Rinat question, hypothesis labels; order=note-first; no repeated pressure or early rule; traversal, interest and duration remain separate
[943] scene.entered: urman.chapter1:interaction/reread-to-edge-sketch
document-image-ui: area len01_edge_sketch_archive 1280x720 canvas=(860, 270) fit=(405, 270) logicalCanvas=(1290, 405) logicalFit=(607.5, 405) rootLogical=(1920, 1080) contentBase=(1920, 1080) contentFactor=1 rootVisible=(1920, 1080) window=(1280, 720) captured=(1280, 720) pixelSource=PNG pixelScale=(0.6666667, 0.6666667)
document-image-ui: area len01_edge_sketch_archive 1920x1080 canvas=(1290, 549) fit=(823.5, 549) logicalCanvas=(1290, 549) logicalFit=(823.5, 549) rootLogical=(1920, 1080) contentBase=(1920, 1080) contentFactor=1 rootVisible=(1920, 1080) window=(1920, 1080) captured=(1920, 1080) pixelSource=PNG pixelScale=(1, 1)
document-image-ui: PASS len01_edge_sketch_archive actual=urman.chapter1:asset/kara-urman-edge-sketch-image 720p-large/1080p fit/zoom/pan/text, no knowledge mutation
document-image-ui: area len01_edge_sketch_paper 1280x720 canvas=(869.3334, 369.33334) fit=(554, 369.33334) logicalCanvas=(1304, 554) logicalFit=(831, 554) rootLogical=(1920, 1080) contentBase=(1920, 1080) contentFactor=1 rootVisible=(1920, 1080) window=(1280, 720) captured=(1280, 720) pixelSource=PNG pixelScale=(0.6666667, 0.6666667)
document-image-ui: area len01_edge_sketch_paper 1920x1080 canvas=(788, 585) fit=(788, 525.33325) logicalCanvas=(788, 585) logicalFit=(788, 525.33325) rootLogical=(1920, 1080) contentBase=(1920, 1080) contentFactor=1 rootVisible=(1920, 1080) window=(1920, 1080) captured=(1920, 1080) pixelSource=PNG pixelScale=(1, 1)
document-image-ui: PASS len01_edge_sketch_paper actual=urman.chapter1:asset/kara-urman-edge-sketch-image 720p-large/1080p fit/zoom/pan/text, no knowledge mutation
document-image-ui: area len01_edge_sketch_journal 1280x720 canvas=(740, 290) fit=(435, 290) logicalCanvas=(1110, 435) logicalFit=(652.5, 435) rootLogical=(1920, 1080) contentBase=(1920, 1080) contentFactor=1 rootVisible=(1920, 1080) window=(1280, 720) captured=(1280, 720) pixelSource=PNG pixelScale=(0.6666667, 0.6666667)
document-image-ui: area len01_edge_sketch_journal 1920x1080 canvas=(774, 535) fit=(774, 516) logicalCanvas=(774, 535) logicalFit=(774, 516) rootLogical=(1920, 1080) contentBase=(1920, 1080) contentFactor=1 rootVisible=(1920, 1080) window=(1920, 1080) captured=(1920, 1080) pixelSource=PNG pixelScale=(1, 1)
document-image-ui: PASS len01_edge_sketch_journal actual=urman.chapter1:asset/kara-urman-edge-sketch-image 720p-large/1080p fit/zoom/pan/text, no knowledge mutation
zone-loaded: village_day@from_house connected-world=109404229614
SaveGameV3 written to /Users/unterlantas/Library/Application Support/Godot/app_userdata/URMAN/savegames/len01-unanswered-timur.savegame-v3.json
zone-loaded: village_day@from_house connected-world=109404229614
SaveGameV3 restored.
SaveGameV3 written to /Users/unterlantas/Library/Application Support/Godot/app_userdata/URMAN/savegames/len01-shurale-name-heard.savegame-v3.json
zone-loaded: village_day@from_house connected-world=109404229614
SaveGameV3 restored.
SaveGameV3 written to /Users/unterlantas/Library/Application Support/Godot/app_userdata/URMAN/savegames/len01-route-hope.savegame-v3.json
zone-loaded: village_day@from_house connected-world=109404229614
SaveGameV3 restored.
zone-loaded: house_old_pc@entry connected-world=109404229614
SaveGameV3 written to /Users/unterlantas/Library/Application Support/Godot/app_userdata/URMAN/savegames/checkpoint.savegame-v3.json
checkpoint: auto-saved at urman.chapter1:scene/evidence-edge-sketch
SaveGameV3 written to /Users/unterlantas/Library/Application Support/Godot/app_userdata/URMAN/savegames/len01-route-purpose.savegame-v3.json
zone-loaded: house_old_pc@entry connected-world=109404229614
SaveGameV3 restored.
zone-loaded: village_day@from_house connected-world=109404229614
SaveGameV3 written to /Users/unterlantas/Library/Application Support/Godot/app_userdata/URMAN/savegames/len01-route-discussed.savegame-v3.json
zone-loaded: village_day@from_house connected-world=109404229614
SaveGameV3 restored.
[1037] scene.entered: urman.chapter1:interaction/edge-sketch-to-zirat-road
SaveGameV3 written to /Users/unterlantas/Library/Application Support/Godot/app_userdata/URMAN/savegames/checkpoint.savegame-v3.json
checkpoint: auto-saved at urman.chapter1:scene/zirat-road
zone-loaded: zirat_road@village_side connected-world=109404229614
rinat-standing-probe: before feet=(0, -0.29301956, -53.5) ground=(0, -0.44761515, -82.5) collider=/root/Act1Len01FamilyFlowSmokeTest/Act1Demo/Main/ZoneHost/Act1ConnectedWorld/Act1CoreWorldGreybox/AgentBExteriorWorld/AgentB_TerrainCollision unfiltered=/root/Act1Len01FamilyFlowSmokeTest/Act1Demo/Main/ZoneHost/Act1ConnectedWorld/Act1CoreWorldGreybox/AgentBExteriorWorld/AgentB_TerrainCollision floor=True crouch=False modal=False fade=0.16538844
rinat-standing-probe: after feet=(0, -0.4474589, -82.5) ground=(0, -0.44761515, -82.5) collider=/root/Act1Len01FamilyFlowSmokeTest/Act1Demo/Main/ZoneHost/Act1ConnectedWorld/Act1CoreWorldGreybox/AgentBExteriorWorld/AgentB_TerrainCollision floor=True crouch=False modal=False velocity=(0, 0, 0) fade=0.0374168
SaveGameV3 written to /Users/unterlantas/Library/Application Support/Godot/app_userdata/URMAN/savegames/len01-rinat-roadside-pending.savegame-v3.json
zone-loaded: zirat_road@village_side connected-world=109404229614
SaveGameV3 restored.
rinat-standing-probe: before feet=(0, -0.4474589, -82.5) ground=(0, -0.44761515, -82.5) collider=/root/Act1Len01FamilyFlowSmokeTest/Act1Demo/Main/ZoneHost/Act1ConnectedWorld/Act1CoreWorldGreybox/AgentBExteriorWorld/AgentB_TerrainCollision unfiltered=/root/Act1Len01FamilyFlowSmokeTest/Act1Demo/Main/Player floor=True crouch=False modal=False fade=0.13897082
rinat-standing-probe: after feet=(0, -0.4474589, -82.5) ground=(0, -0.44761515, -82.5) collider=/root/Act1Len01FamilyFlowSmokeTest/Act1Demo/Main/ZoneHost/Act1ConnectedWorld/Act1CoreWorldGreybox/AgentBExteriorWorld/AgentB_TerrainCollision floor=True crouch=False modal=False velocity=(0, 0, 0) fade=0.0122983605
[1045] journal.changed: urman.chapter1:interaction/observe-rinat-roadside
SaveGameV3 written to /Users/unterlantas/Library/Application Support/Godot/app_userdata/URMAN/savegames/checkpoint.savegame-v3.json
checkpoint: auto-saved at urman.chapter1:scene/zirat-road
SaveGameV3 written to /Users/unterlantas/Library/Application Support/Godot/app_userdata/URMAN/savegames/len01-rinat-roadside-observed.savegame-v3.json
zone-loaded: zirat_road@village_side connected-world=109404229614
SaveGameV3 restored.
rinat-roadside-proof: real target and standing live view; look-away rejected; presence recorded once; final rule hidden; pending and observed saves restored; traversal and artistic acceptance remain separate
route-landmarks-view: feet=(2.0287335, -0.1045308, -71) eye=(2.009457, 1.5954692, -71.17896) lookAt=(1.5796309, 0.46780565, -75.34942) hit=/root/Act1Len01FamilyFlowSmokeTest/Act1Demo/Main/ZoneHost/Act1ConnectedWorld/zirat-return-road/Observation_observe-sketch-landmarks semantic=True liveView=True targetAvailable=True
state-final-render-sync-begin: label=route-landmarks/Act1Len01FamilyFlowSmokeTest tick=114422 drawn=4628 process=4628 physics=5109 windowVisible=True focus=True mode=Windowed renderLoop=True
state-final-render-sync-end: label=route-landmarks/Act1Len01FamilyFlowSmokeTest milliseconds=19 forcedScreenshotRender=False
route-landmarks-frame: /Users/unterlantas/Documents/GitHub/URMAN/docs/production/act1_takeover_evidence_2026-09-16/images-len01-12/route_landmarks_Act1Len01FamilyFlowSmokeTest_ready.png
[1053] journal.changed: urman.chapter1:interaction/observe-sketch-landmarks
SaveGameV3 written to /Users/unterlantas/Library/Application Support/Godot/app_userdata/URMAN/savegames/checkpoint.savegame-v3.json
checkpoint: auto-saved at urman.chapter1:scene/zirat-road
route-landmarks-proof: ordinary standing camera; look-away refused; ray -> actual target -> one field source
SaveGameV3 written to /Users/unterlantas/Library/Application Support/Godot/app_userdata/URMAN/savegames/len01-landmarks-before-tag.savegame-v3.json
zone-loaded: zirat_road@village_side connected-world=109404229614
SaveGameV3 restored.
[1061] journal.changed: urman.chapter1:interaction/zirat-roadside-clue
SaveGameV3 written to /Users/unterlantas/Library/Application Support/Godot/app_userdata/URMAN/savegames/checkpoint.savegame-v3.json
checkpoint: auto-saved at urman.chapter1:scene/zirat-road
SaveGameV3 written to /Users/unterlantas/Library/Application Support/Godot/app_userdata/URMAN/savegames/checkpoint.savegame-v3.json
checkpoint: auto-saved at urman.chapter1:scene/zirat-road
SaveGameV3 written to /Users/unterlantas/Library/Application Support/Godot/app_userdata/URMAN/savegames/len01-pending-revise-inside.savegame-v3.json
zone-loaded: zirat_road@village_side connected-world=109404229614
SaveGameV3 restored.
SaveGameV3 written to /Users/unterlantas/Library/Application Support/Godot/app_userdata/URMAN/savegames/checkpoint.savegame-v3.json
checkpoint: auto-saved at urman.chapter1:scene/zirat-road
SaveGameV3 written to /Users/unterlantas/Library/Application Support/Godot/app_userdata/URMAN/savegames/len01-revised-revise-inside.savegame-v3.json
zone-loaded: zirat_road@village_side connected-world=109404229614
SaveGameV3 restored.
SaveGameV3 written to /Users/unterlantas/Library/Application Support/Godot/app_userdata/URMAN/savegames/checkpoint.savegame-v3.json
checkpoint: auto-saved at urman.chapter1:scene/zirat-road
SaveGameV3 written to /Users/unterlantas/Library/Application Support/Godot/app_userdata/URMAN/savegames/len01-pending-revise-identity.savegame-v3.json
zone-loaded: zirat_road@village_side connected-world=109404229614
SaveGameV3 restored.
SaveGameV3 written to /Users/unterlantas/Library/Application Support/Godot/app_userdata/URMAN/savegames/checkpoint.savegame-v3.json
checkpoint: auto-saved at urman.chapter1:scene/zirat-road
SaveGameV3 written to /Users/unterlantas/Library/Application Support/Godot/app_userdata/URMAN/savegames/len01-revised-revise-identity.savegame-v3.json
zone-loaded: zirat_road@village_side connected-world=109404229614
SaveGameV3 restored.
SaveGameV3 written to /Users/unterlantas/Library/Application Support/Godot/app_userdata/URMAN/savegames/checkpoint.savegame-v3.json
checkpoint: auto-saved at urman.chapter1:scene/zirat-road
route-source-order-proof: field view -> save/load -> sketch revisit -> tag -> two revised hypotheses -> main-route comparison
zone-loaded: village_day@arrival connected-world=109404229614
SaveGameV3 new game session started; existing slots untouched.
WARNING: Interaction urman.chapter1:interaction/arrival-enter-house rejected: ContentConditionRejected Content conditions rejected this action.
     at: void Urman.Godot.RuntimeBridge+<DispatchCompiledInteractionAsync>d__129.MoveNext() (res://scripts/RuntimeBridge.cs:1139)
     C# backtrace (most recent call first):
         [0] void Godot.GD.PushWarning(string) (/root/godot/modules/mono/glue/GodotSharp/GodotSharp/Core/GD.cs:396)
         [1] void Urman.Godot.RuntimeBridge+<DispatchCompiledInteractionAsync>d__129.MoveNext() (/Users/unterlantas/Documents/GitHub/URMAN/game/scripts/RuntimeBridge.cs:1139)
         [2] void System.Runtime.CompilerServices.AsyncTaskMethodBuilder`1.Start<TStateMachine>(TStateMachine&)
         [3] System.Threading.Tasks.Task`1[System.Boolean] Urman.Godot.RuntimeBridge.DispatchCompiledInteractionAsync(Urman.Godot.CompiledInteractionContent)
         [4] void Urman.Godot.RuntimeBridge+<DispatchInteractionAsync>d__91.MoveNext() (/Users/unterlantas/Documents/GitHub/URMAN/game/scripts/RuntimeBridge.cs:534)
         [5] void System.Runtime.CompilerServices.AsyncTaskMethodBuilder`1.Start<TStateMachine>(TStateMachine&)
         [6] System.Threading.Tasks.Task`1[System.Boolean] Urman.Godot.RuntimeBridge.DispatchInteractionAsync(string)
         [7] void Urman.Godot.Tests.Act1ArrivalFlowProof+<CompleteAsync>d__1.MoveNext() (/Users/unterlantas/Documents/GitHub/URMAN/game/tests/Act1Len01FamilyFlowSmokeTest.cs:1509)
         [8] void System.Runtime.CompilerServices.AsyncTaskMethodBuilder.Start<TStateMachine>(TStateMachine&)
         [9] System.Threading.Tasks.Task Urman.Godot.Tests.Act1ArrivalFlowProof.CompleteAsync(Godot.Node, Urman.Godot.RuntimeBridge, string, bool)
         [10] void Urman.Godot.Tests.Act1Len01FamilyFlowSmokeTest+<VerifyAlternativeFamilyStart>d__14.MoveNext() (/Users/unterlantas/Documents/GitHub/URMAN/game/tests/Act1Len01FamilyFlowSmokeTest.cs:648)
         [11] void System.Threading.ExecutionContext.RunInternal(System.Threading.ExecutionContext, System.Threading.ContextCallback, object)
         [12] void System.Threading.Tasks.AwaitTaskContinuation.RunCallback(System.Threading.ContextCallback, object, System.Threading.Tasks.Task&)
         [13] void System.Threading.Tasks.Task.RunContinuations(object)
         [14] void System.Runtime.CompilerServices.AsyncTaskMethodBuilder.SetResult()
         [15] void Urman.Godot.Tests.Act1Len01FamilyFlowSmokeTest+<Frames>d__49.MoveNext() (/Users/unterlantas/Documents/GitHub/URMAN/game/tests/Act1Len01FamilyFlowSmokeTest.cs:1225)
         [16] void System.Threading.ExecutionContext.RunInternal(System.Threading.ExecutionContext, System.Threading.ContextCallback, object)
         [17] void System.Runtime.CompilerServices.AsyncTaskMethodBuilder`1+AsyncStateMachineBox`1.MoveNext()
         [18] void Godot.SignalAwaiter.SignalCallback(nint, Godot.NativeInterop.godot_variant**, int, Godot.NativeInterop.godot_bool*) (/root/godot/modules/mono/glue/GodotSharp/GodotSharp/Core/SignalAwaiter.cs:65)
arrival-flow: source UI, remembered phrase, distinct keep-silent, explicit house continuation
[34] scene.entered: urman.chapter1:interaction/arrival-enter-house
zone-loaded: house_old_pc@entry connected-world=109404229614
SaveGameV3 written to /Users/unterlantas/Library/Application Support/Godot/app_userdata/URMAN/savegames/len01-early-warning.savegame-v3.json
zone-loaded: house_old_pc@entry connected-world=109404229614
SaveGameV3 restored.
SaveGameV3 written to /Users/unterlantas/Library/Application Support/Godot/app_userdata/URMAN/savegames/len01-meal-deferred.savegame-v3.json
zone-loaded: house_old_pc@entry connected-world=109404229614
SaveGameV3 restored.
state-final-render-sync-begin: label=family_home_deferred_inside_silent tick=119252 drawn=4896 process=4896 physics=5397 windowVisible=True focus=True mode=Windowed renderLoop=True
state-final-render-sync-end: label=family_home_deferred_inside_silent milliseconds=8 forcedScreenshotRender=False
family-notebook-rendered-capture: /Users/unterlantas/Documents/GitHub/URMAN/docs/production/act1_takeover_evidence_2026-09-16/images-len01-12/family_home_deferred_inside_silent.png
zone-loaded: village_day@from_house connected-world=109404229614
state-final-render-sync-begin: label=family_home_deferred_outside_silent tick=119665 drawn=4908 process=4908 physics=5421 windowVisible=True focus=True mode=Windowed renderLoop=True
state-final-render-sync-end: label=family_home_deferred_outside_silent milliseconds=16 forcedScreenshotRender=False
family-notebook-rendered-capture: /Users/unterlantas/Documents/GitHub/URMAN/docs/production/act1_takeover_evidence_2026-09-16/images-len01-12/family_home_deferred_outside_silent.png
SaveGameV3 written to /Users/unterlantas/Library/Application Support/Godot/app_userdata/URMAN/savegames/len01-meal-deferred-outside.savegame-v3.json
zone-loaded: village_day@from_house connected-world=109404229614
SaveGameV3 restored.
zone-loaded: house_old_pc@entry connected-world=109404229614
SaveGameV3 written to /Users/unterlantas/Library/Application Support/Godot/app_userdata/URMAN/savegames/len01-meal-invitation-abandoned.savegame-v3.json
zone-loaded: house_old_pc@entry connected-world=109404229614
SaveGameV3 restored.
SaveGameV3 written to /Users/unterlantas/Library/Application Support/Godot/app_userdata/URMAN/savegames/len01-meal-reply-unfinished.savegame-v3.json
zone-loaded: house_old_pc@entry connected-world=109404229614
SaveGameV3 restored.
SaveGameV3 written to /Users/unterlantas/Library/Application Support/Godot/app_userdata/URMAN/savegames/len01-meal-completed.savegame-v3.json
zone-loaded: house_old_pc@entry connected-world=109404229614
SaveGameV3 restored.
state-final-render-sync-begin: label=family_home_completed_silent tick=121302 drawn=4993 process=4993 physics=5519 windowVisible=True focus=True mode=Windowed renderLoop=True
state-final-render-sync-end: label=family_home_completed_silent milliseconds=8 forcedScreenshotRender=False
family-notebook-rendered-capture: /Users/unterlantas/Documents/GitHub/URMAN/docs/production/act1_takeover_evidence_2026-09-16/images-len01-12/family_home_completed_silent.png
family-meal-proof: actual invitation, source-dependent personal reply, explicit meal acceptance; topic=silent; decline/return/load=True; no timer, movement automation or human-duration claim
act1-len01-family-flow: normal start; unanswered permission; domestic wrong source/reread/return; family and Alsu source checks; Naila field question/misreading/reread/correction; message source/overstatement/Alsu return; voice and route hypotheses corrected against original sources through journal UI; production article reread presentation; preserved-world revisits; unearned-source rejection; Timur greeting/doubt/refusal/reread/return; distinct saved investigation stages; clean new game. Technical coverage only.
WARNING: 7 RIDs of type "Texture" were leaked.
   at: finalize (servers/rendering/rendering_device.cpp:8900)
userdata guard: original files and permissions restored and verified
