Godot Engine v4.7.1.stable.mono.official.a13da4feb - https://godotengine.org
Metal 4.0 - Forward+ - Using Device #0: Apple - Apple M4 Pro (Apple9)

act1-river: ice_slabs=31 blockers=29 road_gap_samples=2 bridge=broken@(15,-85)
village-chimney: /root/Act1Len01FamilyFlowSmokeTest/Act1Demo/Main/ZoneHost/Act1ConnectedWorld/Act1CoreWorldGreybox/Act1AuthoredExteriorKitPresentation/ArrivalAuthoredParcels/ArrivalForwardWestFacade/DwellingFacade_TimberPlaster/DwellingFacade_ChimneyCap_LOD0 top=(-10.2875, 4.7722464, 2.3450005)
village-chimney: /root/Act1Len01FamilyFlowSmokeTest/Act1Demo/Main/ZoneHost/Act1ConnectedWorld/Act1CoreWorldGreybox/Act1AuthoredExteriorKitPresentation/DistantPerimeterParcels/WestArrivalNearParcel/WestArrivalNearFacade/DwellingFacade_TimberPlaster/DwellingFacade_ChimneyCap_LOD0 top=(-19.730013, 3.9641316, 15.965501)
act1-terrain-room-cut: room=/root/Act1Len01FamilyFlowSmokeTest/Act1Demo/Main/ZoneHost/Act1ConnectedWorld/babay-abi-house half=(4, 3.5) affectedTriangles=48 clippedVertices=49980 publishedVertices=49980 physicsVertices=49980 visualAndPhysics=shared-published-faces
act1-apron-room-cut: mesh=/root/Act1Len01FamilyFlowSmokeTest/Act1Demo/Main/ZoneHost/Act1ConnectedWorld/Act1CoreWorldGreybox/AgentBExteriorWorld/AgentB_TerrainRoadKit/URMAN_AgentB_TerrainRoadKit/Apron_BabaiYard affectedTriangles=11 clippedVertices=123 surfaces=1 collision=existing-terrain-owner
act1-south-fence-house-junction: wallX=-33.5880 retainedMembers=13 retiredPostsAndCaps=10 supportedWestWing=2.4920m
act1-drain-bank-conform: mesh=/root/Act1Len01FamilyFlowSmokeTest/Act1Demo/Main/ZoneHost/Act1ConnectedWorld/Act1CoreWorldGreybox/AgentBExteriorWorld/AgentB_TerrainRoadKit/URMAN_AgentB_TerrainRoadKit/BabaiYard_EastFenceSwale originalTriangles=78 affectedTriangles=35 outputTriangles=3543 groundOwner=unchanged
act1-mosque-terrain-cut: affectedTriangles=70 publishedVertices=49980 physicsVertices=49980 sameOwner=true
act1-school-bank-cut: mesh=/root/Act1Len01FamilyFlowSmokeTest/Act1Demo/Main/ZoneHost/Act1ConnectedWorld/Act1CoreWorldGreybox/AgentBExteriorWorld/AgentB_TerrainRoadKit/URMAN_AgentB_TerrainRoadKit/Ditch_FieldBank_EastZirat room=/root/Act1Len01FamilyFlowSmokeTest/Act1Demo/Main/ZoneHost/Act1ConnectedWorld/Act1CoreWorldGreybox/Act1AuthoredExteriorKitPresentation/DistantPerimeterParcels/EastReturnMidParcel/EastReturnMidFacade/PublicInterior_school/MainRoom half=(2.5154998, 2.3804996) affectedTriangles=20 clippedVertices=486 publishedVertices=486 floorY=-0.0049708784 collision=unchanged-existing-terrain-and-timber-floor
act1-council-fence-format: source=urman_village_exterior_kit_Cube_040 vertices=96 normals=96 uv=96 tangents=384 colors=0 uv2=0 lods=0 sourceFormat=536875031 publishedFormat=4119
act1-council-fence-format: source=urman_village_exterior_kit_FenceSegment_RailMiddle_Crooked_LOD0Mesh vertices=48 normals=48 uv=0 tangents=192 colors=0 uv2=0 lods=0 sourceFormat=536875015 publishedFormat=4103
act1-council-fence-format: source=urman_village_exterior_kit_Cube_039 vertices=96 normals=96 uv=96 tangents=384 colors=0 uv2=0 lods=0 sourceFormat=536875031 publishedFormat=4119
act1-council-fence-junction: fence=/root/Act1Len01FamilyFlowSmokeTest/Act1Demo/Main/ZoneHost/Act1ConnectedWorld/Act1CoreWorldGreybox/Act1AuthoredExteriorKitPresentation/DistantPerimeterParcels/EastStreetHorizonParcel/EastStreetHorizonFence wall=/root/Act1Len01FamilyFlowSmokeTest/Act1Demo/Main/ZoneHost/Act1ConnectedWorld/Act1CoreWorldGreybox/Act1AuthoredExteriorKitPresentation/DistantPerimeterParcels/EastStreetHorizonParcel/EastStreetHorizonFacade/VillageParcel_VariantA_TimberGable_Dwelling/VariantA_TimberGable_Dwelling_SeniRear_Wall_LOD0 localCutZ=-4.4 hiddenMembers=4 trimmedRails=3 retainedMembers=8 sourceAsset=unchanged
act1-roadside-grounding: independent contact meshes=34; source meshes and usable footbridge preserved
act1-kit-blockers: placements=100 shapes=1579 carved_door_slabs=101 flat_slab_skipped=2469 exact_architecture_surfaces=911 hidden_skipped=7 road_clearance_skipped=0
act1-dwelling-threshold: placements=83 worst_analytic_vs_collision_delta=0.028m worst_placement=ArrivalForwardEastShed
act1-building-supports: supported foundations=137; maximum ground drop=1.136m; level entrances preserved
act1-council-fence-contacts: retainedSourceContacts=0 hiddenMemberContacts=0 newBodyOwners=0
zone-loaded: village_day@arrival connected-world=109404229616
УРМАН Godot vertical slice ready: Painterly Low-Poly / first person
act1-smoke: background input replay; focus-loss pause isolated from this test scene
act1-window-surrounds: painted=1020
act1-legacy-sign: suppressed=1
zone-loaded: village_day@arrival connected-world=109404229616
SaveGameV3 new game session started; existing slots untouched.
arrival-intro-ui: requested=1280x720 actual=(1280, 720) textScale=1.6; source hint and panel bounds
arrival-intro-ui: requested=1920x1080 actual=(1920, 1080) textScale=1; source hint and panel bounds
act1-intro: confirmed with E
WARNING: Interaction urman.chapter1:interaction/arrival-enter-house rejected: ContentConditionRejected Content conditions rejected this action.
     at: void Urman.Godot.RuntimeBridge+<DispatchCompiledInteractionAsync>d__129.MoveNext() (res://scripts/RuntimeBridge.cs:1139)
     C# backtrace (most recent call first):
         [0] void Godot.GD.PushWarning(string) (/root/godot/modules/mono/glue/GodotSharp/GodotSharp/Core/GD.cs:396)
         [1] void Urman.Godot.RuntimeBridge+<DispatchCompiledInteractionAsync>d__129.MoveNext() (/Users/unterlantas/Documents/GitHub/URMAN/game/scripts/RuntimeBridge.cs:1139)
         [2] void System.Runtime.CompilerServices.AsyncMethodBuilderCore.Start<TStateMachine>(TStateMachine&)
         [3] void System.Runtime.CompilerServices.AsyncTaskMethodBuilder`1.Start<TStateMachine>(TStateMachine&)
         [4] System.Threading.Tasks.Task`1[System.Boolean] Urman.Godot.RuntimeBridge.DispatchCompiledInteractionAsync(Urman.Godot.CompiledInteractionContent)
         [5] void Urman.Godot.RuntimeBridge+<DispatchInteractionAsync>d__91.MoveNext() (/Users/unterlantas/Documents/GitHub/URMAN/game/scripts/RuntimeBridge.cs:534)
         [6] void System.Runtime.CompilerServices.AsyncMethodBuilderCore.Start<TStateMachine>(TStateMachine&)
         [7] void System.Runtime.CompilerServices.AsyncTaskMethodBuilder`1.Start<TStateMachine>(TStateMachine&)
         [8] System.Threading.Tasks.Task`1[System.Boolean] Urman.Godot.RuntimeBridge.DispatchInteractionAsync(string)
         [9] void Urman.Godot.Tests.Act1ArrivalFlowProof+<CompleteAsync>d__1.MoveNext() (/Users/unterlantas/Documents/GitHub/URMAN/game/tests/Act1Len01FamilyFlowSmokeTest.cs:1509)
         [10] void System.Runtime.CompilerServices.AsyncMethodBuilderCore.Start<TStateMachine>(TStateMachine&)
         [11] System.Threading.Tasks.Task Urman.Godot.Tests.Act1ArrivalFlowProof.CompleteAsync(Godot.Node, Urman.Godot.RuntimeBridge, string, bool)
         [12] void Urman.Godot.Tests.Act1Len01FamilyFlowSmokeTest+<_Ready>d__13.MoveNext() (/Users/unterlantas/Documents/GitHub/URMAN/game/tests/Act1Len01FamilyFlowSmokeTest.cs:53)
         [13] void System.Threading.ExecutionContext.RunInternal(System.Threading.ExecutionContext, System.Threading.ContextCallback, object)
         [14] void System.Runtime.CompilerServices.AsyncTaskMethodBuilder`1+AsyncStateMachineBox`1.MoveNext()
         [15] void System.Threading.Tasks.AwaitTaskContinuation.RunCallback(System.Threading.ContextCallback, object, System.Threading.Tasks.Task&)
         [16] void System.Threading.Tasks.Task.RunContinuations(object)
         [17] bool System.Threading.Tasks.Task`1.TrySetResult(TResult)
         [18] void System.Runtime.CompilerServices.AsyncTaskMethodBuilder`1.SetExistingTaskResult(System.Threading.Tasks.Task`1[TResult], TResult)
         [19] void Urman.Godot.Tests.Act1Len01FamilyFlowSmokeTest+<Frames>d__49.MoveNext() (/Users/unterlantas/Documents/GitHub/URMAN/game/tests/Act1Len01FamilyFlowSmokeTest.cs:1225)
         [20] void System.Threading.ExecutionContext.RunInternal(System.Threading.ExecutionContext, System.Threading.ContextCallback, object)
         [21] void System.Runtime.CompilerServices.AsyncTaskMethodBuilder`1+AsyncStateMachineBox`1.MoveNext()
         [22] void Godot.SignalAwaiter.SignalCallback(nint, Godot.NativeInterop.godot_variant**, int, Godot.NativeInterop.godot_bool*) (/root/godot/modules/mono/glue/GodotSharp/GodotSharp/Core/SignalAwaiter.cs:65)
SaveGameV3 written to /Users/unterlantas/Library/Application Support/Godot/app_userdata/URMAN/savegames/len01-arrival-message-only.savegame-v3.json
zone-loaded: village_day@arrival connected-world=109404229616
SaveGameV3 restored.
document-image-ui: area len01_arrival_photo_paper 1280x720 canvas=(869.3334, 369.33334) fit=(369.33334, 369.33334) logicalCanvas=(1304, 554) logicalFit=(554, 554) rootLogical=(1920, 1080) contentBase=(1920, 1080) contentFactor=1 rootVisible=(1920, 1080) window=(1280, 720) captured=(1280, 720) pixelSource=PNG pixelScale=(0.6666667, 0.6666667)
document-image-ui: area len01_arrival_photo_paper 1920x1080 canvas=(788, 585) fit=(585, 585) logicalCanvas=(788, 585) logicalFit=(585, 585) rootLogical=(1920, 1080) contentBase=(1920, 1080) contentFactor=1 rootVisible=(1920, 1080) window=(1920, 1080) captured=(1920, 1080) pixelSource=PNG pixelScale=(1, 1)
document-image-ui: PASS len01_arrival_photo_paper actual=urman.chapter1:asset/photo-marat-childhood 720p-large/1080p fit/zoom/pan/text, no knowledge mutation
document-image-ui: area len01_arrival_photo_journal 1280x720 canvas=(740, 290) fit=(290, 290) logicalCanvas=(1110, 435) logicalFit=(435, 435) rootLogical=(1920, 1080) contentBase=(1920, 1080) contentFactor=1 rootVisible=(1920, 1080) window=(1280, 720) captured=(1280, 720) pixelSource=PNG pixelScale=(0.6666667, 0.6666667)
document-image-ui: area len01_arrival_photo_journal 1920x1080 canvas=(774, 535) fit=(535, 535) logicalCanvas=(774, 535) logicalFit=(535, 535) rootLogical=(1920, 1080) contentBase=(1920, 1080) contentFactor=1 rootVisible=(1920, 1080) window=(1920, 1080) captured=(1920, 1080) pixelSource=PNG pixelScale=(1, 1)
document-image-ui: PASS len01_arrival_photo_journal actual=urman.chapter1:asset/photo-marat-childhood 720p-large/1080p fit/zoom/pan/text, no knowledge mutation
SaveGameV3 written to /Users/unterlantas/Library/Application Support/Godot/app_userdata/URMAN/savegames/len01-arrival-before-reply.savegame-v3.json
zone-loaded: village_day@arrival connected-world=109404229616
SaveGameV3 restored.
SaveGameV3 written to /Users/unterlantas/Library/Application Support/Godot/app_userdata/URMAN/savegames/len01-arrival-reply-abandoned.savegame-v3.json
zone-loaded: village_day@arrival connected-world=109404229616
SaveGameV3 restored.
SaveGameV3 written to /Users/unterlantas/Library/Application Support/Godot/app_userdata/URMAN/savegames/len01-arrival-completed.savegame-v3.json
zone-loaded: village_day@arrival connected-world=109404229616
SaveGameV3 restored.
arrival-flow: source UI, remembered phrase, distinct help-babai, explicit house continuation
SaveGameV3 written to /Users/unterlantas/Library/Application Support/Godot/app_userdata/URMAN/savegames/len01-alsu-walk-deferred.savegame-v3.json
zone-loaded: village_day@arrival connected-world=109404229616
SaveGameV3 restored.
SaveGameV3 written to /Users/unterlantas/Library/Application Support/Godot/app_userdata/URMAN/savegames/len01-alsu-midsegment.savegame-v3.json
zone-loaded: village_day@arrival connected-world=109404229616
SaveGameV3 restored.
zone-loaded: village_day@arrival connected-world=109404229616
ERROR: SaveGameV3 load failed: Alsu's saved travel is not on its actually walked segment.
   at: void Urman.Godot.RuntimeBridge+<LoadFromStoreAsync>d__81.MoveNext() (res://scripts/RuntimeBridge.cs:385)
   C# backtrace (most recent call first):
       [0] void Godot.GD.PushError(string) (/root/godot/modules/mono/glue/GodotSharp/GodotSharp/Core/GD.cs:366)
       [1] void Urman.Godot.RuntimeBridge+<LoadFromStoreAsync>d__81.MoveNext() (/Users/unterlantas/Documents/GitHub/URMAN/game/scripts/RuntimeBridge.cs:385)
       [2] void System.Threading.ExecutionContext.RunInternal(System.Threading.ExecutionContext, System.Threading.ContextCallback, object)
       [3] void System.Runtime.CompilerServices.AsyncTaskMethodBuilder`1+AsyncStateMachineBox`1.MoveNext()
       [4] void System.Threading.Tasks.AwaitTaskContinuation.RunCallback(System.Threading.ContextCallback, object, System.Threading.Tasks.Task&)
       [5] void System.Threading.Tasks.Task.RunContinuations(object)
       [6] bool System.Threading.Tasks.Task`1.TrySetResult(TResult)
       [7] void System.Runtime.CompilerServices.AsyncTaskMethodBuilder`1.SetExistingTaskResult(System.Threading.Tasks.Task`1[TResult], TResult)
       [8] void Urman.Core.Persistence.AtomicSaveGameStore+<LoadAsync>d__4.MoveNext() (/Users/unterlantas/Documents/GitHub/URMAN/src-dotnet/Urman.Core/Persistence/AtomicSaveGameStore.cs:85)
       [9] void System.Runtime.CompilerServices.AsyncTaskMethodBuilder`1+AsyncStateMachineBox`1.ExecutionContextCallback(object)
       [10] void System.Threading.ExecutionContext.RunInternal(System.Threading.ExecutionContext, System.Threading.ContextCallback, object)
       [11] void System.Runtime.CompilerServices.AsyncTaskMethodBuilder`1+AsyncStateMachineBox`1.MoveNext(System.Threading.Thread)
       [12] void Godot.GodotSynchronizationContext.ExecutePendingContinuations() (/root/godot/modules/mono/glue/GodotSharp/GodotSharp/Core/GodotSynchronizationContext.cs:51)
       [13] void Godot.GodotTaskScheduler.Activate() (/root/godot/modules/mono/glue/GodotSharp/GodotSharp/Core/GodotTaskScheduler.cs:76)
       [14] void Godot.Bridge.ScriptManagerBridge.FrameCallback() (/root/godot/modules/mono/glue/GodotSharp/GodotSharp/Core/Bridge/ScriptManagerBridge.cs:84)
zone-loaded: village_day@arrival connected-world=109404229616
SaveGameV3 rejected the loaded placement; the previous session was restored.
zone-loaded: village_day@arrival connected-world=109404229616
alsu-physical-contact: {"query":"projection","motion":"(0, 0, 0)","recoveryAsCollision":true,"actorTransform":"[X: (-0.9991051, 0, 0.04221568), Y: (0, 1, 0), Z: (-0.04221568, 0, -0.9991051), O: (0.85, -0.28935206, 2.05)]","bodyTransform":"[X: (-0.9991051, 0, 0.04221568), Y: (0, 1, 0), Z: (-0.04221568, 0, -0.9991051), O: (0.85, -0.28935206, 2.05)]","bodyPhysicsTransform":"[X: (-0.9991051, 0, 0.04221568), Y: (0, 1, 0), Z: (-0.04221568, 0, -0.9991051), O: (0.85, -0.28935206, 2.05)]","capsuleTransform":"[X: (-0.9991051, 0, 0.04221568), Y: (0, 1, 0), Z: (-0.04221568, 0, -0.9991051), O: (0.85, 0.56064796, 2.05)]","capsuleLocal":"[X: (1, 0, 0), Y: (0, 1, 0), Z: (0, 0, 1), O: (0, 0.85, 0)]","radius":0.28,"height":1.7,"contacts":[{"owner":"/root/Act1Len01FamilyFlowSmokeTest/Act1Demo/Main/Player","colliderTransform":"[X: (0.9990848, 0, -0.042675998), Y: (0, 1, 0), Z: (0.042675998, 0, 0.9990848), O: (0.796052, -0.28591955, 2.321937)]","colliderPhysicsTransform":"[X: (0.9990848, 0, -0.042675998), Y: (0, 1, 0), Z: (0.042675998, 0, 0.9990848), O: (0.796052, -0.28591955, 2.321937)]","shape":"/root/Act1Len01FamilyFlowSmokeTest/Act1Demo/Main/Player/CollisionShape3D","shapeTransform":"[X: (0.9990848, 0, -0.042675998), Y: (0, 1, 0), Z: (0.042675998, 0, 0.9990848), O: (0.796052, 0.25408047, 2.321937)]","shapeSize":null,"point":"(0.86415887, 0.44408047, 1.9786291)","normal":"(0.19459203, -5.0934855E-08, -0.98088425)"}]}
ERROR: SaveGameV3 load failed: Alsu's saved physical body intersects an obstacle or the loaded player.
   at: void Urman.Godot.RuntimeBridge+<LoadFromStoreAsync>d__81.MoveNext() (res://scripts/RuntimeBridge.cs:385)
   C# backtrace (most recent call first):
       [0] void Godot.GD.PushError(string) (/root/godot/modules/mono/glue/GodotSharp/GodotSharp/Core/GD.cs:366)
       [1] void Urman.Godot.RuntimeBridge+<LoadFromStoreAsync>d__81.MoveNext() (/Users/unterlantas/Documents/GitHub/URMAN/game/scripts/RuntimeBridge.cs:385)
       [2] void System.Threading.ExecutionContext.RunInternal(System.Threading.ExecutionContext, System.Threading.ContextCallback, object)
       [3] void System.Runtime.CompilerServices.AsyncTaskMethodBuilder`1+AsyncStateMachineBox`1.MoveNext()
       [4] void System.Threading.Tasks.AwaitTaskContinuation.RunCallback(System.Threading.ContextCallback, object, System.Threading.Tasks.Task&)
       [5] void System.Threading.Tasks.Task.RunContinuations(object)
       [6] void System.Threading.Tasks.Task.FinishSlow(bool)
       [7] bool System.Threading.Tasks.Task.TrySetException(object)
       [8] void System.Runtime.CompilerServices.AsyncTaskMethodBuilder`1.SetException(System.Exception, System.Threading.Tasks.Task`1[TResult]&)
       [9] void Urman.Godot.RuntimeBridge+<RestoreLoadedWorldAsync>d__82.MoveNext() (/Users/unterlantas/Documents/GitHub/URMAN/game/scripts/RuntimeBridge.cs:445)
       [10] void System.Threading.ExecutionContext.RunInternal(System.Threading.ExecutionContext, System.Threading.ContextCallback, object)
       [11] void System.Threading.Tasks.AwaitTaskContinuation.RunCallback(System.Threading.ContextCallback, object, System.Threading.Tasks.Task&)
       [12] void System.Threading.Tasks.Task.RunContinuations(object)
       [13] void System.Threading.Tasks.Task.FinishSlow(bool)
       [14] bool System.Threading.Tasks.Task.TrySetException(object)
       [15] void System.Runtime.CompilerServices.AsyncTaskMethodBuilder`1.SetException(System.Exception, System.Threading.Tasks.Task`1[TResult]&)
       [16] void Urman.Godot.RuntimeBridge+<ProjectPhysicalWorldAsync>d__83.MoveNext() (/Users/unterlantas/Documents/GitHub/URMAN/game/scripts/RuntimeBridge.cs:477)
       [17] void System.Threading.ExecutionContext.RunInternal(System.Threading.ExecutionContext, System.Threading.ContextCallback, object)
       [18] void System.Threading.Tasks.AwaitTaskContinuation.RunCallback(System.Threading.ContextCallback, object, System.Threading.Tasks.Task&)
       [19] void System.Threading.Tasks.Task.RunContinuations(object)
       [20] bool System.Threading.Tasks.Task`1.TrySetResult(TResult)
       [21] void System.Runtime.CompilerServices.AsyncTaskMethodBuilder`1.SetExistingTaskResult(System.Threading.Tasks.Task`1[TResult], TResult)
       [22] void Urman.Godot.VehicleFleet+<CompleteLoadedProjectionAsync>d__44.MoveNext() (/Users/unterlantas/Documents/GitHub/URMAN/game/scripts/VehicleFleet.cs:239)
       [23] void System.Threading.ExecutionContext.RunInternal(System.Threading.ExecutionContext, System.Threading.ContextCallback, object)
       [24] void System.Runtime.CompilerServices.AsyncTaskMethodBuilder`1+AsyncStateMachineBox`1.MoveNext()
       [25] void Godot.SignalAwaiter.SignalCallback(nint, Godot.NativeInterop.godot_variant**, int, Godot.NativeInterop.godot_bool*) (/root/godot/modules/mono/glue/GodotSharp/GodotSharp/Core/SignalAwaiter.cs:65)
zone-loaded: village_day@arrival connected-world=109404229616
SaveGameV3 rejected the loaded placement; the previous session was restored.
zone-loaded: house_old_pc@entry connected-world=109404229616
SaveGameV3 written to /Users/unterlantas/Library/Application Support/Godot/app_userdata/URMAN/savegames/len01-alsu-midsegment-house.savegame-v3.json
zone-loaded: house_old_pc@entry connected-world=109404229616
SaveGameV3 restored.
zone-loaded: village_day@from_house connected-world=109404229616
alsu-exterior-return: {"phase":"immediate","waitedPhysicsFrames":0,"expected":"(0.78206825, -0.29973444, 0.4422834)","poseDelta":0,"requested":false,"bodyLayer":0,"targetLayer":0,"targetAvailable":false,"eligibility":{"runtimeRequested":false,"localRequested":false,"arrived":false,"checkpoint":0,"pendingCheckpoint":0,"stepping":false,"saving":false,"committing":false,"physicalPending":true,"PhysicalPlacementFailure":null,"PhysicalAccessReady":false,"exterior":true,"presentationZone":"village_day","zone":"village_day","modal":false,"vehicle":false,"sessionMatchesLive":true,"sessionMatchesProjection":true,"physicsFrame":837,"validationAfterPhysicsFrame":839,"fleetPending":true,"actor":"(0.78206825, -0.29973444, 0.4422834)","player":"(-26.158367, 0.35846362, -1.2426405)","walkedMetres":1.6091511,"blocked":"none"}}
alsu-exterior-return: {"phase":"frame3","waitedPhysicsFrames":3,"expected":"(0.78206825, -0.29973444, 0.4422834)","poseDelta":0,"requested":false,"bodyLayer":1,"targetLayer":4,"targetAvailable":true,"eligibility":{"runtimeRequested":false,"localRequested":false,"arrived":false,"checkpoint":0,"pendingCheckpoint":0,"stepping":false,"saving":false,"committing":false,"physicalPending":false,"PhysicalPlacementFailure":null,"PhysicalAccessReady":true,"exterior":true,"presentationZone":"village_day","zone":"village_day","modal":false,"vehicle":false,"sessionMatchesLive":true,"sessionMatchesProjection":true,"physicsFrame":840,"validationAfterPhysicsFrame":839,"fleetPending":false,"actor":"(0.78206825, -0.29973444, 0.4422834)","player":"(-26.158367, 0.30990893, -1.2426405)","walkedMetres":1.6091511,"blocked":"none"}}
alsu-exterior-return: {"phase":"complete","waitedPhysicsFrames":3,"expected":"(0.78206825, -0.29973444, 0.4422834)","poseDelta":0,"requested":false,"bodyLayer":1,"targetLayer":4,"targetAvailable":true,"eligibility":{"runtimeRequested":false,"localRequested":false,"arrived":false,"checkpoint":0,"pendingCheckpoint":0,"stepping":false,"saving":false,"committing":false,"physicalPending":false,"PhysicalPlacementFailure":null,"PhysicalAccessReady":true,"exterior":true,"presentationZone":"village_day","zone":"village_day","modal":false,"vehicle":false,"sessionMatchesLive":true,"sessionMatchesProjection":true,"physicsFrame":840,"validationAfterPhysicsFrame":839,"fleetPending":false,"actor":"(0.78206825, -0.29973444, 0.4422834)","player":"(-26.158367, 0.30990893, -1.2426405)","walkedMetres":1.6091511,"blocked":"none"}}
alsu-walk-proof: actual partial walk -> declared existing house boundary -> indoor save/load -> actual exterior support/body validation; door traversal=separate-check
alsu-yard-turn: {"goal":"(-26.05, 0.34114814, 2.2)","standingClear":true,"standingPurpose":"yard-turn","bodyRadius":0.35,"support":"/root/Act1Len01FamilyFlowSmokeTest/Act1Demo/Main/ZoneHost/Act1ConnectedWorld/Act1CoreWorldGreybox/AgentBExteriorWorld/AgentB_TerrainCollision","chassisOwner":null,"chassisTransform":null,"chassisSize":null,"playerMoved":false,"revision":26}
alsu-player-walk: {"phase":"standing-yard-turn-reached","leg":6,"elapsedFrames":65,"stalledFrames":1,"start":"(-26.060732, 0.2944402, 0.05720978)","goal":"(-26.05, 0.34114814, 2.2)","feet":"(-26.051182, 0.3230576, 2.0536883)","velocity":"(0, 0, 0)","remaining":0.14631654,"onFloor":true,"crouching":false,"modal":false,"zone":"village_day","input":"(0, 0)","revisionBefore":26,"revisionNow":26,"lastStepRejection":"","stepsClimbed":0,"recentSlideContacts":[],"probeMotion":"(0.00045799004, 0, 0.05666482)","blocked":true,"sweepContacts":[{"owner":"/root/Act1Len01FamilyFlowSmokeTest/Act1Demo/Main/ZoneHost/Act1ConnectedWorld/Act1CoreWorldGreybox/AgentBExteriorWorld/AgentB_TerrainCollision","shape":"/root/Act1Len01FamilyFlowSmokeTest/Act1Demo/Main/ZoneHost/Act1ConnectedWorld/Act1CoreWorldGreybox/AgentBExteriorWorld/AgentB_TerrainCollision/AgentB_TerrainFaces","normal":"(-0.037933104, 0.99699736, -0.067507796)","point":"(-26.037796, 0.32424155, 2.091141)"}]}
alsu-niva-bypass: {"goal":"(-0.1, -0.27012336, -2.8)","standingClear":true,"standingPurpose":"niva-bypass","bodyRadius":0.35,"support":"/root/Act1Len01FamilyFlowSmokeTest/Act1Demo/Main/ZoneHost/Act1ConnectedWorld/Act1CoreWorldGreybox/AgentBExteriorWorld/AgentB_TerrainCollision","chassisOwner":"/root/Act1Len01FamilyFlowSmokeTest/Act1Demo/Main/ZoneHost/Act1ConnectedWorld/VillageVehicles/babay-niva/ChassisCollision","chassisTransform":"[X: (1, 0, 0), Y: (0, 1, 0), Z: (0, 0, 1), O: (-1.65, 0.63264996, 1.025)]","chassisSize":"(1.82, 1.72, 4.2)","playerMoved":false,"revision":26}
alsu-player-walk: {"phase":"standing-niva-bypass-reached","leg":12,"elapsedFrames":88,"stalledFrames":2,"start":"(-3.6471803, -0.25649628, -2.820535)","goal":"(-0.1, -0.27012336, -2.8)","feet":"(-0.24710128, -0.27802572, -2.8008447)","velocity":"(0, 0, 0)","remaining":0.14710371,"onFloor":true,"crouching":false,"modal":false,"zone":"village_day","input":"(0, 0)","revisionBefore":26,"revisionNow":26,"lastStepRejection":"","stepsClimbed":0,"recentSlideContacts":[],"probeMotion":"(0.056665737, 0, 0.00032539835)","blocked":false,"sweepContacts":[]}
alsu-niva-bypass: {"goal":"(-0.1, -0.29960525, 3.7)","standingClear":true,"standingPurpose":"niva-bypass","bodyRadius":0.35,"support":"/root/Act1Len01FamilyFlowSmokeTest/Act1Demo/Main/ZoneHost/Act1ConnectedWorld/Act1CoreWorldGreybox/AgentBExteriorWorld/AgentB_TerrainCollision","chassisOwner":"/root/Act1Len01FamilyFlowSmokeTest/Act1Demo/Main/ZoneHost/Act1ConnectedWorld/VillageVehicles/babay-niva/ChassisCollision","chassisTransform":"[X: (1, 0, 0), Y: (0, 1, 0), Z: (0, 0, 1), O: (-1.65, 0.63264996, 1.025)]","chassisSize":"(1.82, 1.72, 4.2)","playerMoved":false,"revision":26}
alsu-player-walk: {"phase":"standing-niva-bypass-reached","leg":13,"elapsedFrames":141,"stalledFrames":0,"start":"(-0.24710128, -0.27802572, -2.8008447)","goal":"(-0.1, -0.29960525, 3.7)","feet":"(-0.103276804, -0.30608702, 3.5508463)","velocity":"(0, 0, 0)","remaining":0.1491897,"onFloor":true,"crouching":false,"modal":false,"zone":"village_day","input":"(0, 0)","revisionBefore":26,"revisionNow":26,"lastStepRejection":"","stepsClimbed":0,"recentSlideContacts":[],"probeMotion":"(0.0012446267, 0, 0.056653)","blocked":false,"sweepContacts":[]}
SaveGameV3 written to /Users/unterlantas/Library/Application Support/Godot/app_userdata/URMAN/savegames/checkpoint.savegame-v3.json
SaveGameV3 written to /Users/unterlantas/Library/Application Support/Godot/app_userdata/URMAN/savegames/len01-alsu-walk-partial.savegame-v3.json
zone-loaded: village_day@from_house connected-world=109404229616
SaveGameV3 restored.
SaveGameV3 written to /Users/unterlantas/Library/Application Support/Godot/app_userdata/URMAN/savegames/checkpoint.savegame-v3.json
SaveGameV3 written to /Users/unterlantas/Library/Application Support/Godot/app_userdata/URMAN/savegames/checkpoint.savegame-v3.json
SaveGameV3 written to /Users/unterlantas/Library/Application Support/Godot/app_userdata/URMAN/savegames/len01-alsu-walk-arrived.savegame-v3.json
zone-loaded: village_day@from_house connected-world=109404229616
SaveGameV3 restored.
alsu-walk-proof: requested, physical input, one actor/body/ray, checkpoint=3; return=True; no account until manual question; human-duration=not-run
SaveGameV3 written to /Users/unterlantas/Library/Application Support/Godot/app_userdata/URMAN/savegames/len01-early-directions.savegame-v3.json
zone-loaded: village_day@from_house connected-world=109404229616
SaveGameV3 restored.
len01-early-address: real conversation before notice; hearsay has no unread wording; repeat and load retain one address; main comparison remains required
[198] scene.entered: urman.chapter1:interaction/arrival-enter-house
zone-loaded: house_old_pc@entry connected-world=109404229616
state-final-render-sync-begin: label=family_home_before_invitation tick=79090 drawn=2598 process=2598 physics=3026 windowVisible=True focus=True mode=Windowed renderLoop=True
state-final-render-sync-end: label=family_home_before_invitation milliseconds=12 forcedScreenshotRender=False
family-notebook-rendered-capture: /Users/unterlantas/Documents/GitHub/URMAN/docs/production/act1_takeover_evidence_2026-09-16/images-len01-13/family_home_before_invitation.png
SaveGameV3 written to /Users/unterlantas/Library/Application Support/Godot/app_userdata/URMAN/savegames/len01-unanswered-request.savegame-v3.json
zone-loaded: house_old_pc@entry connected-world=109404229616
SaveGameV3 restored.
SaveGameV3 written to /Users/unterlantas/Library/Application Support/Godot/app_userdata/URMAN/savegames/len01-meal-deferred.savegame-v3.json
zone-loaded: house_old_pc@entry connected-world=109404229616
SaveGameV3 restored.
state-final-render-sync-begin: label=family_home_deferred_inside_photo tick=79824 drawn=2647 process=2647 physics=3069 windowVisible=True focus=True mode=Windowed renderLoop=True
state-final-render-sync-end: label=family_home_deferred_inside_photo milliseconds=9 forcedScreenshotRender=False
family-notebook-rendered-capture: /Users/unterlantas/Documents/GitHub/URMAN/docs/production/act1_takeover_evidence_2026-09-16/images-len01-13/family_home_deferred_inside_photo.png
SaveGameV3 written to /Users/unterlantas/Library/Application Support/Godot/app_userdata/URMAN/savegames/len01-meal-invitation-abandoned.savegame-v3.json
zone-loaded: house_old_pc@entry connected-world=109404229616
SaveGameV3 restored.
SaveGameV3 written to /Users/unterlantas/Library/Application Support/Godot/app_userdata/URMAN/savegames/len01-meal-reply-unfinished.savegame-v3.json
zone-loaded: house_old_pc@entry connected-world=109404229616
SaveGameV3 restored.
SaveGameV3 written to /Users/unterlantas/Library/Application Support/Godot/app_userdata/URMAN/savegames/len01-meal-completed.savegame-v3.json
zone-loaded: house_old_pc@entry connected-world=109404229616
SaveGameV3 restored.
state-final-render-sync-begin: label=family_home_completed_photo tick=80891 drawn=2713 process=2713 physics=3133 windowVisible=True focus=True mode=Windowed renderLoop=True
state-final-render-sync-end: label=family_home_completed_photo milliseconds=8 forcedScreenshotRender=False
family-notebook-rendered-capture: /Users/unterlantas/Documents/GitHub/URMAN/docs/production/act1_takeover_evidence_2026-09-16/images-len01-13/family_home_completed_photo.png
family-meal-proof: actual invitation, source-dependent personal reply, explicit meal acceptance; topic=photo; decline/return/load=True; no timer, movement automation or human-duration claim
SaveGameV3 written to /Users/unterlantas/Library/Application Support/Godot/app_userdata/URMAN/savegames/len01-wrong-receipt.savegame-v3.json
zone-loaded: house_old_pc@entry connected-world=109404229616
SaveGameV3 restored.
SaveGameV3 written to /Users/unterlantas/Library/Application Support/Godot/app_userdata/URMAN/savegames/len01-checked-list.savegame-v3.json
zone-loaded: house_old_pc@entry connected-world=109404229616
SaveGameV3 restored.
SaveGameV3 written to /Users/unterlantas/Library/Application Support/Godot/app_userdata/URMAN/savegames/checkpoint.savegame-v3.json
checkpoint: auto-saved at urman.chapter1:scene/house
SaveGameV3 written to /Users/unterlantas/Library/Application Support/Godot/app_userdata/URMAN/savegames/len01-family-comparison.savegame-v3.json
zone-loaded: house_old_pc@entry connected-world=109404229616
SaveGameV3 restored.
[411] scene.entered: urman.chapter1:interaction/house-to-route
zone-loaded: village_day@from_house connected-world=109404229616
SaveGameV3 written to /Users/unterlantas/Library/Application Support/Godot/app_userdata/URMAN/savegames/len01-unverified-versions.savegame-v3.json
zone-loaded: village_day@from_house connected-world=109404229616
SaveGameV3 restored.
SaveGameV3 written to /Users/unterlantas/Library/Application Support/Godot/app_userdata/URMAN/savegames/checkpoint.savegame-v3.json
checkpoint: auto-saved at urman.chapter1:scene/crossroad_signs_inspect
[459] scene.entered: urman.chapter1:interaction/route-to-fap
zone-loaded: fap_clinic@waiting_room connected-world=109404229616
[467] journal.changed: urman.chapter1:interaction/discover-fap-interior-repaired-desk-object
SaveGameV3 written to /Users/unterlantas/Library/Application Support/Godot/app_userdata/URMAN/savegames/checkpoint.savegame-v3.json
checkpoint: auto-saved at urman.chapter1:scene/fap_waiting_room_day
SaveGameV3 written to /Users/unterlantas/Library/Application Support/Godot/app_userdata/URMAN/savegames/len01-lamp-unacknowledged.savegame-v3.json
zone-loaded: fap_clinic@waiting_room connected-world=109404229616
SaveGameV3 restored.
local-reaction-target-before: action=talk-naila zone=fap_clinic semantic=True cached=True physical=True
local-reaction-proof: lamp; real source, exact visible reply, return choice and repeat rejection; save-return=False
SaveGameV3 written to /Users/unterlantas/Library/Application Support/Godot/app_userdata/URMAN/savegames/len01-lamp-acknowledged.savegame-v3.json
zone-loaded: fap_clinic@waiting_room connected-world=109404229616
SaveGameV3 restored.
[508] scene.entered: urman.chapter1:interaction/fap-to-document-desk
[512] scene.entered: urman.chapter1:interaction/fap-document-desk-to-official-record
SaveGameV3 written to /Users/unterlantas/Library/Application Support/Godot/app_userdata/URMAN/savegames/checkpoint.savegame-v3.json
checkpoint: auto-saved at urman.chapter1:scene/evidence-official-death
[519] scene.entered: urman.chapter1:interaction/official-to-internal-register
SaveGameV3 written to /Users/unterlantas/Library/Application Support/Godot/app_userdata/URMAN/savegames/checkpoint.savegame-v3.json
checkpoint: auto-saved at urman.chapter1:scene/evidence-internal-register
zone-loaded: house_old_pc@entry connected-world=109404229616
state-final-render-sync-begin: label=source-excerpt-ui/begin/press tick=86213 drawn=3070 process=3070 physics=3452 windowVisible=True focus=True mode=Windowed renderLoop=True
state-final-render-sync-end: label=source-excerpt-ui/begin/press milliseconds=5 forcedScreenshotRender=False
state-final-render-sync-begin: label=source-excerpt-ui/begin/release tick=86218 drawn=3070 process=3070 physics=3452 windowVisible=True focus=True mode=Windowed renderLoop=True
state-final-render-sync-end: label=source-excerpt-ui/begin/release milliseconds=11 forcedScreenshotRender=False
state-final-render-sync-begin: label=source-excerpt-ui/select-character-0/press tick=86231 drawn=3071 process=3071 physics=3453 windowVisible=True focus=True mode=Windowed renderLoop=True
state-final-render-sync-end: label=source-excerpt-ui/select-character-0/press milliseconds=7 forcedScreenshotRender=False
state-final-render-sync-begin: label=source-excerpt-ui/select-character-0/release tick=86238 drawn=3072 process=3072 physics=3454 windowVisible=True focus=True mode=Windowed renderLoop=True
state-final-render-sync-end: label=source-excerpt-ui/select-character-0/release milliseconds=5 forcedScreenshotRender=False
state-final-render-sync-begin: label=source-excerpt-ui/select-character-1/press tick=86243 drawn=3073 process=3073 physics=3454 windowVisible=True focus=True mode=Windowed renderLoop=True
state-final-render-sync-end: label=source-excerpt-ui/select-character-1/press milliseconds=6 forcedScreenshotRender=False
state-final-render-sync-begin: label=source-excerpt-ui/select-character-1/release tick=86249 drawn=3074 process=3074 physics=3455 windowVisible=True focus=True mode=Windowed renderLoop=True
state-final-render-sync-end: label=source-excerpt-ui/select-character-1/release milliseconds=8 forcedScreenshotRender=False
state-final-render-sync-begin: label=source-excerpt-ui/select-character-2/press tick=86257 drawn=3075 process=3075 physics=3455 windowVisible=True focus=True mode=Windowed renderLoop=True
state-final-render-sync-end: label=source-excerpt-ui/select-character-2/press milliseconds=9 forcedScreenshotRender=False
state-final-render-sync-begin: label=source-excerpt-ui/select-character-2/release tick=86266 drawn=3076 process=3076 physics=3456 windowVisible=True focus=True mode=Windowed renderLoop=True
state-final-render-sync-end: label=source-excerpt-ui/select-character-2/release milliseconds=8 forcedScreenshotRender=False
state-final-render-sync-begin: label=source-excerpt-ui/select-character-3/press tick=86274 drawn=3077 process=3077 physics=3457 windowVisible=True focus=True mode=Windowed renderLoop=True
state-final-render-sync-end: label=source-excerpt-ui/select-character-3/press milliseconds=8 forcedScreenshotRender=False
state-final-render-sync-begin: label=source-excerpt-ui/select-character-3/release tick=86282 drawn=3078 process=3078 physics=3457 windowVisible=True focus=True mode=Windowed renderLoop=True
state-final-render-sync-end: label=source-excerpt-ui/select-character-3/release milliseconds=8 forcedScreenshotRender=False
state-final-render-sync-begin: label=source-excerpt-ui/select-character-4/press tick=86291 drawn=3079 process=3079 physics=3458 windowVisible=True focus=True mode=Windowed renderLoop=True
state-final-render-sync-end: label=source-excerpt-ui/select-character-4/press milliseconds=8 forcedScreenshotRender=False
state-final-render-sync-begin: label=source-excerpt-ui/select-character-4/release tick=86299 drawn=3080 process=3080 physics=3458 windowVisible=True focus=True mode=Windowed renderLoop=True
state-final-render-sync-end: label=source-excerpt-ui/select-character-4/release milliseconds=8 forcedScreenshotRender=False
state-final-render-sync-begin: label=source-excerpt-ui/select-character-5/press tick=86307 drawn=3081 process=3081 physics=3458 windowVisible=True focus=True mode=Windowed renderLoop=True
state-final-render-sync-end: label=source-excerpt-ui/select-character-5/press milliseconds=9 forcedScreenshotRender=False
state-final-render-sync-begin: label=source-excerpt-ui/select-character-5/release tick=86316 drawn=3082 process=3082 physics=3459 windowVisible=True focus=True mode=Windowed renderLoop=True
state-final-render-sync-end: label=source-excerpt-ui/select-character-5/release milliseconds=8 forcedScreenshotRender=False
state-final-render-sync-begin: label=source-excerpt-ui/select-character-6/press tick=86324 drawn=3083 process=3083 physics=3459 windowVisible=True focus=True mode=Windowed renderLoop=True
state-final-render-sync-end: label=source-excerpt-ui/select-character-6/press milliseconds=8 forcedScreenshotRender=False
state-final-render-sync-begin: label=source-excerpt-ui/select-character-6/release tick=86332 drawn=3084 process=3084 physics=3460 windowVisible=True focus=True mode=Windowed renderLoop=True
state-final-render-sync-end: label=source-excerpt-ui/select-character-6/release milliseconds=9 forcedScreenshotRender=False
state-final-render-sync-begin: label=source-excerpt-ui/select-character-7/press tick=86341 drawn=3085 process=3085 physics=3460 windowVisible=True focus=True mode=Windowed renderLoop=True
state-final-render-sync-end: label=source-excerpt-ui/select-character-7/press milliseconds=8 forcedScreenshotRender=False
state-final-render-sync-begin: label=source-excerpt-ui/select-character-7/release tick=86349 drawn=3086 process=3086 physics=3461 windowVisible=True focus=True mode=Windowed renderLoop=True
state-final-render-sync-end: label=source-excerpt-ui/select-character-7/release milliseconds=8 forcedScreenshotRender=False
state-final-render-sync-begin: label=source-excerpt-ui/return-to-reading/press tick=86357 drawn=3087 process=3087 physics=3461 windowVisible=True focus=True mode=Windowed renderLoop=True
state-final-render-sync-end: label=source-excerpt-ui/return-to-reading/press milliseconds=9 forcedScreenshotRender=False
state-final-render-sync-begin: label=source-excerpt-ui/return-to-reading/release tick=86366 drawn=3088 process=3088 physics=3462 windowVisible=True focus=True mode=Windowed renderLoop=True
state-final-render-sync-end: label=source-excerpt-ui/return-to-reading/release milliseconds=8 forcedScreenshotRender=False
state-final-render-sync-begin: label=source-excerpt-ui/begin-again/press tick=86374 drawn=3089 process=3089 physics=3462 windowVisible=True focus=True mode=Windowed renderLoop=True
state-final-render-sync-end: label=source-excerpt-ui/begin-again/press milliseconds=8 forcedScreenshotRender=False
state-final-render-sync-begin: label=source-excerpt-ui/begin-again/release tick=86382 drawn=3090 process=3090 physics=3463 windowVisible=True focus=True mode=Windowed renderLoop=True
state-final-render-sync-end: label=source-excerpt-ui/begin-again/release milliseconds=9 forcedScreenshotRender=False
state-final-render-sync-begin: label=source-excerpt-ui/select-character-0/press tick=86391 drawn=3091 process=3091 physics=3463 windowVisible=True focus=True mode=Windowed renderLoop=True
state-final-render-sync-end: label=source-excerpt-ui/select-character-0/press milliseconds=8 forcedScreenshotRender=False
state-final-render-sync-begin: label=source-excerpt-ui/select-character-0/release tick=86399 drawn=3092 process=3092 physics=3464 windowVisible=True focus=True mode=Windowed renderLoop=True
state-final-render-sync-end: label=source-excerpt-ui/select-character-0/release milliseconds=8 forcedScreenshotRender=False
state-final-render-sync-begin: label=source-excerpt-ui/select-character-1/press tick=86407 drawn=3093 process=3093 physics=3464 windowVisible=True focus=True mode=Windowed renderLoop=True
state-final-render-sync-end: label=source-excerpt-ui/select-character-1/press milliseconds=9 forcedScreenshotRender=False
state-final-render-sync-begin: label=source-excerpt-ui/select-character-1/release tick=86416 drawn=3094 process=3094 physics=3465 windowVisible=True focus=True mode=Windowed renderLoop=True
state-final-render-sync-end: label=source-excerpt-ui/select-character-1/release milliseconds=8 forcedScreenshotRender=False
state-final-render-sync-begin: label=source-excerpt-ui/select-character-2/press tick=86428 drawn=3095 process=3095 physics=3465 windowVisible=True focus=True mode=Windowed renderLoop=True
state-final-render-sync-end: label=source-excerpt-ui/select-character-2/press milliseconds=6 forcedScreenshotRender=False
state-final-render-sync-begin: label=source-excerpt-ui/select-character-2/release tick=86434 drawn=3096 process=3096 physics=3466 windowVisible=True focus=True mode=Windowed renderLoop=True
state-final-render-sync-end: label=source-excerpt-ui/select-character-2/release milliseconds=7 forcedScreenshotRender=False
state-final-render-sync-begin: label=source-excerpt-ui/select-character-3/press tick=86441 drawn=3097 process=3097 physics=3466 windowVisible=True focus=True mode=Windowed renderLoop=True
state-final-render-sync-end: label=source-excerpt-ui/select-character-3/press milliseconds=8 forcedScreenshotRender=False
state-final-render-sync-begin: label=source-excerpt-ui/select-character-3/release tick=86449 drawn=3098 process=3098 physics=3467 windowVisible=True focus=True mode=Windowed renderLoop=True
state-final-render-sync-end: label=source-excerpt-ui/select-character-3/release milliseconds=8 forcedScreenshotRender=False
state-final-render-sync-begin: label=source-excerpt-ui/select-character-4/press tick=86457 drawn=3099 process=3099 physics=3467 windowVisible=True focus=True mode=Windowed renderLoop=True
state-final-render-sync-end: label=source-excerpt-ui/select-character-4/press milliseconds=9 forcedScreenshotRender=False
state-final-render-sync-begin: label=source-excerpt-ui/select-character-4/release tick=86466 drawn=3100 process=3100 physics=3468 windowVisible=True focus=True mode=Windowed renderLoop=True
state-final-render-sync-end: label=source-excerpt-ui/select-character-4/release milliseconds=8 forcedScreenshotRender=False
state-final-render-sync-begin: label=source-excerpt-ui/select-character-5/press tick=86474 drawn=3101 process=3101 physics=3468 windowVisible=True focus=True mode=Windowed renderLoop=True
state-final-render-sync-end: label=source-excerpt-ui/select-character-5/press milliseconds=9 forcedScreenshotRender=False
state-final-render-sync-begin: label=source-excerpt-ui/select-character-5/release tick=86483 drawn=3102 process=3102 physics=3469 windowVisible=True focus=True mode=Windowed renderLoop=True
state-final-render-sync-end: label=source-excerpt-ui/select-character-5/release milliseconds=8 forcedScreenshotRender=False
state-final-render-sync-begin: label=source-excerpt-ui/select-character-6/press tick=86491 drawn=3103 process=3103 physics=3469 windowVisible=True focus=True mode=Windowed renderLoop=True
state-final-render-sync-end: label=source-excerpt-ui/select-character-6/press milliseconds=8 forcedScreenshotRender=False
state-final-render-sync-begin: label=source-excerpt-ui/select-character-6/release tick=86499 drawn=3104 process=3104 physics=3470 windowVisible=True focus=True mode=Windowed renderLoop=True
state-final-render-sync-end: label=source-excerpt-ui/select-character-6/release milliseconds=8 forcedScreenshotRender=False
state-final-render-sync-begin: label=source-excerpt-ui/select-character-7/press tick=86507 drawn=3105 process=3105 physics=3470 windowVisible=True focus=True mode=Windowed renderLoop=True
state-final-render-sync-end: label=source-excerpt-ui/select-character-7/press milliseconds=9 forcedScreenshotRender=False
state-final-render-sync-begin: label=source-excerpt-ui/select-character-7/release tick=86516 drawn=3106 process=3106 physics=3471 windowVisible=True focus=True mode=Windowed renderLoop=True
state-final-render-sync-end: label=source-excerpt-ui/select-character-7/release milliseconds=8 forcedScreenshotRender=False
state-final-render-sync-begin: label=source-excerpt-ui/tab-to-record/press tick=86524 drawn=3107 process=3107 physics=3471 windowVisible=True focus=True mode=Windowed renderLoop=True
state-final-render-sync-end: label=source-excerpt-ui/tab-to-record/press milliseconds=8 forcedScreenshotRender=False
state-final-render-sync-begin: label=source-excerpt-ui/tab-to-record/release tick=86532 drawn=3108 process=3108 physics=3472 windowVisible=True focus=True mode=Windowed renderLoop=True
state-final-render-sync-end: label=source-excerpt-ui/tab-to-record/release milliseconds=8 forcedScreenshotRender=False
state-final-render-sync-begin: label=source-excerpt-ui/resize-(1280, 720) tick=86542 drawn=3109 process=3109 physics=3472 windowVisible=True focus=True mode=Windowed renderLoop=True
state-final-render-sync-end: label=source-excerpt-ui/resize-(1280, 720) milliseconds=7 forcedScreenshotRender=False
state-final-render-sync-begin: label=source-excerpt-ui/layout-(1280, 720) tick=86549 drawn=3110 process=3110 physics=3473 windowVisible=True focus=True mode=Windowed renderLoop=True
state-final-render-sync-end: label=source-excerpt-ui/layout-(1280, 720) milliseconds=8 forcedScreenshotRender=False
state-final-render-sync-begin: label=source-excerpt-ui/capture-(1280, 720) tick=86558 drawn=3111 process=3111 physics=3473 windowVisible=True focus=True mode=Windowed renderLoop=True
state-final-render-sync-end: label=source-excerpt-ui/capture-(1280, 720) milliseconds=7 forcedScreenshotRender=False
source-excerpt-ui: capture /Users/unterlantas/Documents/GitHub/URMAN/docs/production/act1_takeover_evidence_2026-09-16/images-len01-13/source_excerpt_Act1Len01FamilyFlowSmokeTest_1280x720.png
source-excerpt-ui: bounds (1280, 720) actual=(1280, 720) logical=(1920, 1080) textPixels=(516, 325.33334) selectedCharacters=8 capture=PNG
state-final-render-sync-begin: label=source-excerpt-ui/resize-(1920, 1080) tick=86641 drawn=3112 process=3112 physics=3474 windowVisible=True focus=True mode=Windowed renderLoop=True
state-final-render-sync-end: label=source-excerpt-ui/resize-(1920, 1080) milliseconds=50 forcedScreenshotRender=False
state-final-render-sync-begin: label=source-excerpt-ui/layout-(1920, 1080) tick=86691 drawn=3113 process=3113 physics=3478 windowVisible=True focus=True mode=Windowed renderLoop=True
state-final-render-sync-end: label=source-excerpt-ui/layout-(1920, 1080) milliseconds=9 forcedScreenshotRender=False
state-final-render-sync-begin: label=source-excerpt-ui/capture-(1920, 1080) tick=86700 drawn=3114 process=3114 physics=3482 windowVisible=True focus=True mode=Windowed renderLoop=True
state-final-render-sync-end: label=source-excerpt-ui/capture-(1920, 1080) milliseconds=7 forcedScreenshotRender=False
source-excerpt-ui: capture /Users/unterlantas/Documents/GitHub/URMAN/docs/production/act1_takeover_evidence_2026-09-16/images-len01-13/source_excerpt_Act1Len01FamilyFlowSmokeTest_1920x1080.png
source-excerpt-ui: bounds (1920, 1080) actual=(1920, 1080) logical=(1920, 1080) textPixels=(774, 549) selectedCharacters=8 capture=PNG
state-final-render-sync-begin: label=source-excerpt-ui/restore-window tick=86830 drawn=3115 process=3115 physics=3483 windowVisible=True focus=True mode=Windowed renderLoop=True
state-final-render-sync-end: label=source-excerpt-ui/restore-window milliseconds=63 forcedScreenshotRender=False
source-excerpt-ui: PASS real Shift+arrows, Esc-to-reader, re-entry, Tab-to-button, 720/1080 bounds; no excerpt recorded
source-formatting-proof: paired strong -> unchanged canonical paragraph -> real selection/save follows; literal stars and links retained
source-excerpt-selection-state: {"action":"excerpt-notice-cause","phase":"wrong-before-resize","processFrame":3119,"physicsFrame":3496,"selecting":true,"editorVisible":true,"recordDisabled":false,"selected":"\u0421\u043F\u0440\u0430\u0432\u043A\u0430","expected":"\u0421\u043F\u0440\u0430\u0432\u043A\u0430","exact":true,"editorContainsExpected":true,"selectionFrom":[1,0],"selectionTo":[1,7],"caret":[1,7],"editorFocused":true,"focusOwner":"/root/Act1Len01FamilyFlowSmokeTest/Act1Demo/Main/JournalUi/Screen/Book/Layout/WorkArea/Reader/Body/SourceExcerptText","editorRect":"(754, 286), (774, 488)","bodyRect":"(754, 286), (774, 488)","editorScroll":0,"bodyScroll":0,"logicalViewport":"(0, 0), (1920, 1080)","windowSize":"(1280, 720)"}
state-final-render-sync-begin: label=source-excerpt-feedback/excerpt-notice-cause/attempt1/wrong/resize tick=86924 drawn=3119 process=3119 physics=3496 windowVisible=True focus=True mode=Windowed renderLoop=True
state-final-render-sync-end: label=source-excerpt-feedback/excerpt-notice-cause/attempt1/wrong/resize milliseconds=6 forcedScreenshotRender=False
state-final-render-sync-begin: label=source-excerpt-feedback/excerpt-notice-cause/attempt1/wrong/layout tick=86936 drawn=3121 process=3121 physics=3497 windowVisible=True focus=True mode=Windowed renderLoop=True
state-final-render-sync-end: label=source-excerpt-feedback/excerpt-notice-cause/attempt1/wrong/layout milliseconds=4 forcedScreenshotRender=False
source-excerpt-proof: feedback capture /Users/unterlantas/Documents/GitHub/URMAN/docs/production/act1_takeover_evidence_2026-09-16/images-len01-13/source_excerpt_Act1Len01FamilyFlowSmokeTest_excerpt-notice-cause_attempt01_wrong_1280x720.png
source-excerpt-raster-typography: {"action":"excerpt-notice-cause","phase":"wrong","size":"(1280, 720)","textScale":1,"rasterSize":"(1280, 720)","logicalViewport":"(0, 0), (1920, 1080)","rasterRatio":"(0.6666667, 0.6666667)","readerBounds":"(502.6667, 158), (516, 507.33337)","labels":[{"name":"Hint","logicalFont":21,"screenFontPixels":14,"bounds":"(502.6667, 477.33334), (516, 86.00003)","logicalHeight":129,"minimumHeight":129},{"name":"Feedback","logicalFont":21,"screenFontPixels":14,"bounds":"(502.6667, 596.6667), (516, 42)","logicalHeight":63,"minimumHeight":63},{"name":"Source","logicalFont":21,"screenFontPixels":14,"bounds":"(502.6667, 645.3334), (516, 20)","logicalHeight":30,"minimumHeight":30}],"oracle":"actual raster / logical viewport extent times GlobalWithCanvas; no runtime screen-transform API"}
state-final-render-sync-begin: label=source-excerpt-feedback/excerpt-notice-cause/attempt1/wrong/resize tick=87005 drawn=3121 process=3121 physics=3497 windowVisible=True focus=True mode=Windowed renderLoop=True
state-final-render-sync-end: label=source-excerpt-feedback/excerpt-notice-cause/attempt1/wrong/resize milliseconds=31 forcedScreenshotRender=False
state-final-render-sync-begin: label=source-excerpt-feedback/excerpt-notice-cause/attempt1/wrong/layout tick=87045 drawn=3124 process=3124 physics=3503 windowVisible=True focus=True mode=Windowed renderLoop=True
state-final-render-sync-end: label=source-excerpt-feedback/excerpt-notice-cause/attempt1/wrong/layout milliseconds=6 forcedScreenshotRender=False
source-excerpt-proof: feedback capture /Users/unterlantas/Documents/GitHub/URMAN/docs/production/act1_takeover_evidence_2026-09-16/images-len01-13/source_excerpt_Act1Len01FamilyFlowSmokeTest_excerpt-notice-cause_attempt01_wrong_1920x1080.png
source-excerpt-raster-typography: {"action":"excerpt-notice-cause","phase":"wrong","size":"(1920, 1080)","textScale":1,"rasterSize":"(1920, 1080)","logicalViewport":"(0, 0), (1920, 1080)","rasterRatio":"(1, 1)","readerBounds":"(754, 237), (774, 761)","labels":[{"name":"Hint","logicalFont":16,"screenFontPixels":16,"bounds":"(754, 791), (774, 75)","logicalHeight":75,"minimumHeight":75},{"name":"Feedback","logicalFont":16,"screenFontPixels":16,"bounds":"(754, 916), (774, 49)","logicalHeight":49,"minimumHeight":49},{"name":"Source","logicalFont":16,"screenFontPixels":16,"bounds":"(754, 975), (774, 23)","logicalHeight":23,"minimumHeight":23}],"oracle":"actual raster / logical viewport extent times GlobalWithCanvas; no runtime screen-transform API"}
state-final-render-sync-begin: label=source-excerpt-feedback/excerpt-notice-cause/attempt1/wrong/restore tick=87241 drawn=3126 process=3126 physics=3515 windowVisible=True focus=True mode=Windowed renderLoop=True
state-final-render-sync-end: label=source-excerpt-feedback/excerpt-notice-cause/attempt1/wrong/restore milliseconds=5 forcedScreenshotRender=False
source-excerpt-selection-state: {"action":"excerpt-notice-cause","phase":"wrong-after-window-restore","processFrame":3126,"physicsFrame":3515,"selecting":true,"editorVisible":true,"recordDisabled":false,"selected":"\u0421\u043F\u0440\u0430\u0432\u043A\u0430","expected":"\u0421\u043F\u0440\u0430\u0432\u043A\u0430","exact":true,"editorContainsExpected":true,"selectionFrom":[1,0],"selectionTo":[1,7],"caret":[1,7],"editorFocused":true,"focusOwner":"/root/Act1Len01FamilyFlowSmokeTest/Act1Demo/Main/JournalUi/Screen/Book/Layout/WorkArea/Reader/Body/SourceExcerptText","editorRect":"(754, 286), (774, 420)","bodyRect":"(754, 286), (774, 420)","editorScroll":0,"bodyScroll":0,"logicalViewport":"(0, 0), (1920, 1080)","windowSize":"(1280, 720)"}
source-excerpt-selection-state: {"action":"excerpt-notice-cause","phase":"after-back","processFrame":3126,"physicsFrame":3515,"selecting":false,"editorVisible":false,"recordDisabled":true,"selected":"","expected":"\u041F\u0440\u0438\u0447\u0438\u043D\u0430 \u0437\u0430\u043A\u0440\u044B\u0442\u0438\u044F \u0434\u0435\u043B\u0430: \u0432\u043D\u0435\u0437\u0430\u043F\u043D\u0430\u044F \u0441\u0435\u0440\u0434\u0435\u0447\u043D\u0430\u044F \u043D\u0435\u0434\u043E\u0441\u0442\u0430\u0442\u043E\u0447\u043D\u043E\u0441\u0442\u044C \u043D\u0430 \u0444\u043E\u043D\u0435 \u043D\u0435\u0441\u0447\u0430\u0441\u0442\u043D\u043E\u0433\u043E \u0441\u043B\u0443\u0447\u0430\u044F.","exact":false,"editorContainsExpected":true,"selectionFrom":[1,7],"selectionTo":[1,7],"caret":[1,7],"editorFocused":false,"focusOwner":"/root/Act1Len01FamilyFlowSmokeTest/Act1Demo/Main/JournalUi/Screen/Book/Layout/WorkArea/Reader/Body","editorRect":"(754, 286), (774, 420)","bodyRect":"(754, 286), (774, 420)","editorScroll":0,"bodyScroll":0,"logicalViewport":"(0, 0), (1920, 1080)","windowSize":"(1280, 720)"}
source-excerpt-selection-state: {"action":"excerpt-notice-cause","phase":"after-begin","processFrame":3126,"physicsFrame":3515,"selecting":true,"editorVisible":true,"recordDisabled":true,"selected":"","expected":"\u041F\u0440\u0438\u0447\u0438\u043D\u0430 \u0437\u0430\u043A\u0440\u044B\u0442\u0438\u044F \u0434\u0435\u043B\u0430: \u0432\u043D\u0435\u0437\u0430\u043F\u043D\u0430\u044F \u0441\u0435\u0440\u0434\u0435\u0447\u043D\u0430\u044F \u043D\u0435\u0434\u043E\u0441\u0442\u0430\u0442\u043E\u0447\u043D\u043E\u0441\u0442\u044C \u043D\u0430 \u0444\u043E\u043D\u0435 \u043D\u0435\u0441\u0447\u0430\u0441\u0442\u043D\u043E\u0433\u043E \u0441\u043B\u0443\u0447\u0430\u044F.","exact":false,"editorContainsExpected":true,"selectionFrom":[0,0],"selectionTo":[0,0],"caret":[0,0],"editorFocused":true,"focusOwner":"/root/Act1Len01FamilyFlowSmokeTest/Act1Demo/Main/JournalUi/Screen/Book/Layout/WorkArea/Reader/Body/SourceExcerptText","editorRect":"(754, 286), (774, 420)","bodyRect":"(754, 286), (774, 420)","editorScroll":3.875,"bodyScroll":0,"logicalViewport":"(0, 0), (1920, 1080)","windowSize":"(1280, 720)"}
source-excerpt-selection-state: {"action":"excerpt-notice-cause","phase":"after-exact-select","processFrame":3126,"physicsFrame":3515,"selecting":true,"editorVisible":true,"recordDisabled":true,"selected":"\u041F\u0440\u0438\u0447\u0438\u043D\u0430 \u0437\u0430\u043A\u0440\u044B\u0442\u0438\u044F \u0434\u0435\u043B\u0430: \u0432\u043D\u0435\u0437\u0430\u043F\u043D\u0430\u044F \u0441\u0435\u0440\u0434\u0435\u0447\u043D\u0430\u044F \u043D\u0435\u0434\u043E\u0441\u0442\u0430\u0442\u043E\u0447\u043D\u043E\u0441\u0442\u044C \u043D\u0430 \u0444\u043E\u043D\u0435 \u043D\u0435\u0441\u0447\u0430\u0441\u0442\u043D\u043E\u0433\u043E \u0441\u043B\u0443\u0447\u0430\u044F.","expected":"\u041F\u0440\u0438\u0447\u0438\u043D\u0430 \u0437\u0430\u043A\u0440\u044B\u0442\u0438\u044F \u0434\u0435\u043B\u0430: \u0432\u043D\u0435\u0437\u0430\u043F\u043D\u0430\u044F \u0441\u0435\u0440\u0434\u0435\u0447\u043D\u0430\u044F \u043D\u0435\u0434\u043E\u0441\u0442\u0430\u0442\u043E\u0447\u043D\u043E\u0441\u0442\u044C \u043D\u0430 \u0444\u043E\u043D\u0435 \u043D\u0435\u0441\u0447\u0430\u0441\u0442\u043D\u043E\u0433\u043E \u0441\u043B\u0443\u0447\u0430\u044F.","exact":true,"editorContainsExpected":true,"selectionFrom":[5,0],"selectionTo":[5,86],"caret":[5,86],"editorFocused":true,"focusOwner":"/root/Act1Len01FamilyFlowSmokeTest/Act1Demo/Main/JournalUi/Screen/Book/Layout/WorkArea/Reader/Body/SourceExcerptText","editorRect":"(754, 286), (774, 420)","bodyRect":"(754, 286), (774, 420)","editorScroll":3.875,"bodyScroll":0,"logicalViewport":"(0, 0), (1920, 1080)","windowSize":"(1280, 720)"}
source-excerpt-selection-state: {"action":"excerpt-notice-cause","phase":"caret-changed-delivered","processFrame":3127,"physicsFrame":3516,"selecting":true,"editorVisible":true,"recordDisabled":false,"selected":"\u041F\u0440\u0438\u0447\u0438\u043D\u0430 \u0437\u0430\u043A\u0440\u044B\u0442\u0438\u044F \u0434\u0435\u043B\u0430: \u0432\u043D\u0435\u0437\u0430\u043F\u043D\u0430\u044F \u0441\u0435\u0440\u0434\u0435\u0447\u043D\u0430\u044F \u043D\u0435\u0434\u043E\u0441\u0442\u0430\u0442\u043E\u0447\u043D\u043E\u0441\u0442\u044C \u043D\u0430 \u0444\u043E\u043D\u0435 \u043D\u0435\u0441\u0447\u0430\u0441\u0442\u043D\u043E\u0433\u043E \u0441\u043B\u0443\u0447\u0430\u044F.","expected":"\u041F\u0440\u0438\u0447\u0438\u043D\u0430 \u0437\u0430\u043A\u0440\u044B\u0442\u0438\u044F \u0434\u0435\u043B\u0430: \u0432\u043D\u0435\u0437\u0430\u043F\u043D\u0430\u044F \u0441\u0435\u0440\u0434\u0435\u0447\u043D\u0430\u044F \u043D\u0435\u0434\u043E\u0441\u0442\u0430\u0442\u043E\u0447\u043D\u043E\u0441\u0442\u044C \u043D\u0430 \u0444\u043E\u043D\u0435 \u043D\u0435\u0441\u0447\u0430\u0441\u0442\u043D\u043E\u0433\u043E \u0441\u043B\u0443\u0447\u0430\u044F.","exact":true,"editorContainsExpected":true,"selectionFrom":[5,0],"selectionTo":[5,86],"caret":[5,86],"editorFocused":true,"focusOwner":"/root/Act1Len01FamilyFlowSmokeTest/Act1Demo/Main/JournalUi/Screen/Book/Layout/WorkArea/Reader/Body/SourceExcerptText","editorRect":"(754, 286), (774, 420)","bodyRect":"(754, 286), (774, 420)","editorScroll":3.875,"bodyScroll":0,"logicalViewport":"(0, 0), (1920, 1080)","windowSize":"(1280, 720)"}
source-excerpt-selection-state: {"action":"excerpt-notice-cause","phase":"after-original-one-process-frame","processFrame":3127,"physicsFrame":3516,"selecting":true,"editorVisible":true,"recordDisabled":false,"selected":"\u041F\u0440\u0438\u0447\u0438\u043D\u0430 \u0437\u0430\u043A\u0440\u044B\u0442\u0438\u044F \u0434\u0435\u043B\u0430: \u0432\u043D\u0435\u0437\u0430\u043F\u043D\u0430\u044F \u0441\u0435\u0440\u0434\u0435\u0447\u043D\u0430\u044F \u043D\u0435\u0434\u043E\u0441\u0442\u0430\u0442\u043E\u0447\u043D\u043E\u0441\u0442\u044C \u043D\u0430 \u0444\u043E\u043D\u0435 \u043D\u0435\u0441\u0447\u0430\u0441\u0442\u043D\u043E\u0433\u043E \u0441\u043B\u0443\u0447\u0430\u044F.","expected":"\u041F\u0440\u0438\u0447\u0438\u043D\u0430 \u0437\u0430\u043A\u0440\u044B\u0442\u0438\u044F \u0434\u0435\u043B\u0430: \u0432\u043D\u0435\u0437\u0430\u043F\u043D\u0430\u044F \u0441\u0435\u0440\u0434\u0435\u0447\u043D\u0430\u044F \u043D\u0435\u0434\u043E\u0441\u0442\u0430\u0442\u043E\u0447\u043D\u043E\u0441\u0442\u044C \u043D\u0430 \u0444\u043E\u043D\u0435 \u043D\u0435\u0441\u0447\u0430\u0441\u0442\u043D\u043E\u0433\u043E \u0441\u043B\u0443\u0447\u0430\u044F.","exact":true,"editorContainsExpected":true,"selectionFrom":[5,0],"selectionTo":[5,86],"caret":[5,86],"editorFocused":true,"focusOwner":"/root/Act1Len01FamilyFlowSmokeTest/Act1Demo/Main/JournalUi/Screen/Book/Layout/WorkArea/Reader/Body/SourceExcerptText","editorRect":"(754, 286), (774, 488)","bodyRect":"(754, 286), (774, 488)","editorScroll":0,"bodyScroll":0,"logicalViewport":"(0, 0), (1920, 1080)","windowSize":"(1280, 720)"}
source-excerpt-selection-state: {"action":"excerpt-notice-cause","phase":"before-strict-record-check","processFrame":3128,"physicsFrame":3516,"selecting":true,"editorVisible":true,"recordDisabled":false,"selected":"\u041F\u0440\u0438\u0447\u0438\u043D\u0430 \u0437\u0430\u043A\u0440\u044B\u0442\u0438\u044F \u0434\u0435\u043B\u0430: \u0432\u043D\u0435\u0437\u0430\u043F\u043D\u0430\u044F \u0441\u0435\u0440\u0434\u0435\u0447\u043D\u0430\u044F \u043D\u0435\u0434\u043E\u0441\u0442\u0430\u0442\u043E\u0447\u043D\u043E\u0441\u0442\u044C \u043D\u0430 \u0444\u043E\u043D\u0435 \u043D\u0435\u0441\u0447\u0430\u0441\u0442\u043D\u043E\u0433\u043E \u0441\u043B\u0443\u0447\u0430\u044F.","expected":"\u041F\u0440\u0438\u0447\u0438\u043D\u0430 \u0437\u0430\u043A\u0440\u044B\u0442\u0438\u044F \u0434\u0435\u043B\u0430: \u0432\u043D\u0435\u0437\u0430\u043F\u043D\u0430\u044F \u0441\u0435\u0440\u0434\u0435\u0447\u043D\u0430\u044F \u043D\u0435\u0434\u043E\u0441\u0442\u0430\u0442\u043E\u0447\u043D\u043E\u0441\u0442\u044C \u043D\u0430 \u0444\u043E\u043D\u0435 \u043D\u0435\u0441\u0447\u0430\u0441\u0442\u043D\u043E\u0433\u043E \u0441\u043B\u0443\u0447\u0430\u044F.","exact":true,"editorContainsExpected":true,"selectionFrom":[5,0],"selectionTo":[5,86],"caret":[5,86],"editorFocused":true,"focusOwner":"/root/Act1Len01FamilyFlowSmokeTest/Act1Demo/Main/JournalUi/Screen/Book/Layout/WorkArea/Reader/Body/SourceExcerptText","editorRect":"(754, 286), (774, 488)","bodyRect":"(754, 286), (774, 488)","editorScroll":0,"bodyScroll":0,"logicalViewport":"(0, 0), (1920, 1080)","windowSize":"(1280, 720)"}
[536] journal.changed: urman.chapter1:interaction/excerpt-notice-cause
SaveGameV3 written to /Users/unterlantas/Library/Application Support/Godot/app_userdata/URMAN/savegames/checkpoint.savegame-v3.json
checkpoint: auto-saved at urman.chapter1:scene/evidence-internal-register
state-final-render-sync-begin: label=source-excerpt-feedback/excerpt-notice-cause/attempt1/saved/resize tick=87296 drawn=3129 process=3129 physics=3517 windowVisible=True focus=True mode=Windowed renderLoop=True
state-final-render-sync-end: label=source-excerpt-feedback/excerpt-notice-cause/attempt1/saved/resize milliseconds=5 forcedScreenshotRender=False
state-final-render-sync-begin: label=source-excerpt-feedback/excerpt-notice-cause/attempt1/saved/layout tick=87307 drawn=3131 process=3131 physics=3519 windowVisible=True focus=True mode=Windowed renderLoop=True
state-final-render-sync-end: label=source-excerpt-feedback/excerpt-notice-cause/attempt1/saved/layout milliseconds=5 forcedScreenshotRender=False
source-excerpt-proof: feedback capture /Users/unterlantas/Documents/GitHub/URMAN/docs/production/act1_takeover_evidence_2026-09-16/images-len01-13/source_excerpt_Act1Len01FamilyFlowSmokeTest_excerpt-notice-cause_attempt01_saved_1280x720.png
source-excerpt-raster-typography: {"action":"excerpt-notice-cause","phase":"saved","size":"(1280, 720)","textScale":1,"rasterSize":"(1280, 720)","logicalViewport":"(0, 0), (1920, 1080)","rasterRatio":"(0.6666667, 0.6666667)","readerBounds":"(502.6667, 158), (516, 507.33337)","labels":[{"name":"Hint","logicalFont":21,"screenFontPixels":14,"bounds":"(502.6667, 593.3334), (516, 42)","logicalHeight":63,"minimumHeight":63},{"name":"Source","logicalFont":21,"screenFontPixels":14,"bounds":"(502.6667, 645.3334), (516, 20)","logicalHeight":30,"minimumHeight":30}],"oracle":"actual raster / logical viewport extent times GlobalWithCanvas; no runtime screen-transform API"}
state-final-render-sync-begin: label=source-excerpt-feedback/excerpt-notice-cause/attempt1/saved/resize tick=87372 drawn=3131 process=3131 physics=3519 windowVisible=True focus=True mode=Windowed renderLoop=True
state-final-render-sync-end: label=source-excerpt-feedback/excerpt-notice-cause/attempt1/saved/resize milliseconds=30 forcedScreenshotRender=False
state-final-render-sync-begin: label=source-excerpt-feedback/excerpt-notice-cause/attempt1/saved/layout tick=87411 drawn=3134 process=3134 physics=3525 windowVisible=True focus=True mode=Windowed renderLoop=True
state-final-render-sync-end: label=source-excerpt-feedback/excerpt-notice-cause/attempt1/saved/layout milliseconds=6 forcedScreenshotRender=False
source-excerpt-proof: feedback capture /Users/unterlantas/Documents/GitHub/URMAN/docs/production/act1_takeover_evidence_2026-09-16/images-len01-13/source_excerpt_Act1Len01FamilyFlowSmokeTest_excerpt-notice-cause_attempt01_saved_1920x1080.png
source-excerpt-raster-typography: {"action":"excerpt-notice-cause","phase":"saved","size":"(1920, 1080)","textScale":1,"rasterSize":"(1920, 1080)","logicalViewport":"(0, 0), (1920, 1080)","rasterRatio":"(1, 1)","readerBounds":"(754, 237), (774, 761)","labels":[{"name":"Hint","logicalFont":16,"screenFontPixels":16,"bounds":"(754, 911), (774, 49)","logicalHeight":49,"minimumHeight":49},{"name":"Source","logicalFont":16,"screenFontPixels":16,"bounds":"(754, 975), (774, 23)","logicalHeight":23,"minimumHeight":23}],"oracle":"actual raster / logical viewport extent times GlobalWithCanvas; no runtime screen-transform API"}
state-final-render-sync-begin: label=source-excerpt-feedback/excerpt-notice-cause/attempt1/saved/restore tick=87593 drawn=3136 process=3136 physics=3536 windowVisible=True focus=True mode=Windowed renderLoop=True
state-final-render-sync-end: label=source-excerpt-feedback/excerpt-notice-cause/attempt1/saved/restore milliseconds=5 forcedScreenshotRender=False
state-final-render-sync-begin: label=source-excerpt-feedback/excerpt-notice-cause/attempt1/reopened/resize tick=87631 drawn=3141 process=3141 physics=3538 windowVisible=True focus=True mode=Windowed renderLoop=True
state-final-render-sync-end: label=source-excerpt-feedback/excerpt-notice-cause/attempt1/reopened/resize milliseconds=5 forcedScreenshotRender=False
state-final-render-sync-begin: label=source-excerpt-feedback/excerpt-notice-cause/attempt1/reopened/layout tick=87641 drawn=3143 process=3143 physics=3539 windowVisible=True focus=True mode=Windowed renderLoop=True
state-final-render-sync-end: label=source-excerpt-feedback/excerpt-notice-cause/attempt1/reopened/layout milliseconds=8 forcedScreenshotRender=False
source-excerpt-proof: feedback capture /Users/unterlantas/Documents/GitHub/URMAN/docs/production/act1_takeover_evidence_2026-09-16/images-len01-13/source_excerpt_Act1Len01FamilyFlowSmokeTest_excerpt-notice-cause_attempt01_reopened_1280x720.png
source-excerpt-raster-typography: {"action":"excerpt-notice-cause","phase":"reopened","size":"(1280, 720)","textScale":1,"rasterSize":"(1280, 720)","logicalViewport":"(0, 0), (1920, 1080)","rasterRatio":"(0.6666667, 0.6666667)","readerBounds":"(502.6667, 158), (516, 507.33337)","labels":[{"name":"Hint","logicalFont":21,"screenFontPixels":14,"bounds":"(502.6667, 593.3334), (516, 42)","logicalHeight":63,"minimumHeight":63},{"name":"Source","logicalFont":21,"screenFontPixels":14,"bounds":"(502.6667, 645.3334), (516, 20)","logicalHeight":30,"minimumHeight":30}],"oracle":"actual raster / logical viewport extent times GlobalWithCanvas; no runtime screen-transform API"}
state-final-render-sync-begin: label=source-excerpt-feedback/excerpt-notice-cause/attempt1/reopened/resize tick=87712 drawn=3143 process=3143 physics=3539 windowVisible=True focus=True mode=Windowed renderLoop=True
state-final-render-sync-end: label=source-excerpt-feedback/excerpt-notice-cause/attempt1/reopened/resize milliseconds=37 forcedScreenshotRender=False
state-final-render-sync-begin: label=source-excerpt-feedback/excerpt-notice-cause/attempt1/reopened/layout tick=87759 drawn=3146 process=3146 physics=3546 windowVisible=True focus=True mode=Windowed renderLoop=True
state-final-render-sync-end: label=source-excerpt-feedback/excerpt-notice-cause/attempt1/reopened/layout milliseconds=6 forcedScreenshotRender=False
source-excerpt-proof: feedback capture /Users/unterlantas/Documents/GitHub/URMAN/docs/production/act1_takeover_evidence_2026-09-16/images-len01-13/source_excerpt_Act1Len01FamilyFlowSmokeTest_excerpt-notice-cause_attempt01_reopened_1920x1080.png
source-excerpt-raster-typography: {"action":"excerpt-notice-cause","phase":"reopened","size":"(1920, 1080)","textScale":1,"rasterSize":"(1920, 1080)","logicalViewport":"(0, 0), (1920, 1080)","rasterRatio":"(1, 1)","readerBounds":"(754, 237), (774, 761)","labels":[{"name":"Hint","logicalFont":16,"screenFontPixels":16,"bounds":"(754, 911), (774, 49)","logicalHeight":49,"minimumHeight":49},{"name":"Source","logicalFont":16,"screenFontPixels":16,"bounds":"(754, 975), (774, 23)","logicalHeight":23,"minimumHeight":23}],"oracle":"actual raster / logical viewport extent times GlobalWithCanvas; no runtime screen-transform API"}
state-final-render-sync-begin: label=source-excerpt-feedback/excerpt-notice-cause/attempt1/reopened/restore tick=87941 drawn=3148 process=3148 physics=3557 windowVisible=True focus=True mode=Windowed renderLoop=True
state-final-render-sync-end: label=source-excerpt-feedback/excerpt-notice-cause/attempt1/reopened/restore milliseconds=6 forcedScreenshotRender=False
source-excerpt-proof: document=urman.oldpc:document/doc_marat_official_death_notice action=excerpt-notice-cause; heading refused; cancel refused; actual TextEdit selection -> Record -> one source; scene preserved; one persistent confirmation and remaining fields survive reopen
SaveGameV3 written to /Users/unterlantas/Library/Application Support/Godot/app_userdata/URMAN/savegames/len01-notice-excerpt-only.savegame-v3.json
zone-loaded: house_old_pc@entry connected-world=109404229616
SaveGameV3 restored.
source-formatting-proof: paired strong -> unchanged canonical paragraph -> real selection/save follows; literal stars and links retained
source-excerpt-selection-state: {"action":"excerpt-register-wording","phase":"wrong-before-resize","processFrame":3163,"physicsFrame":3571,"selecting":true,"editorVisible":true,"recordDisabled":false,"selected":"\u0420\u0435\u0435\u0441\u0442\u0440 \u0437\u0430\u043A\u0440\u044B\u0442\u044B\u0445 \u0441\u043B\u0443\u0447\u0430\u0435\u0432","expected":"\u0420\u0435\u0435\u0441\u0442\u0440 \u0437\u0430\u043A\u0440\u044B\u0442\u044B\u0445 \u0441\u043B\u0443\u0447\u0430\u0435\u0432","exact":true,"editorContainsExpected":true,"selectionFrom":[1,0],"selectionTo":[1,23],"caret":[1,23],"editorFocused":true,"focusOwner":"/root/Act1Len01FamilyFlowSmokeTest/Act1Demo/Main/JournalUi/Screen/Book/Layout/WorkArea/Reader/Body/SourceExcerptText","editorRect":"(754, 286), (774, 488)","bodyRect":"(754, 286), (774, 488)","editorScroll":0,"bodyScroll":0,"logicalViewport":"(0, 0), (1920, 1080)","windowSize":"(1280, 720)"}
state-final-render-sync-begin: label=source-excerpt-feedback/excerpt-register-wording/attempt1/wrong/resize tick=88177 drawn=3163 process=3163 physics=3571 windowVisible=True focus=True mode=Windowed renderLoop=True
state-final-render-sync-end: label=source-excerpt-feedback/excerpt-register-wording/attempt1/wrong/resize milliseconds=5 forcedScreenshotRender=False
state-final-render-sync-begin: label=source-excerpt-feedback/excerpt-register-wording/attempt1/wrong/layout tick=88191 drawn=3165 process=3165 physics=3572 windowVisible=True focus=True mode=Windowed renderLoop=True
state-final-render-sync-end: label=source-excerpt-feedback/excerpt-register-wording/attempt1/wrong/layout milliseconds=8 forcedScreenshotRender=False
source-excerpt-proof: feedback capture /Users/unterlantas/Documents/GitHub/URMAN/docs/production/act1_takeover_evidence_2026-09-16/images-len01-13/source_excerpt_Act1Len01FamilyFlowSmokeTest_excerpt-register-wording_attempt01_wrong_1280x720.png
source-excerpt-raster-typography: {"action":"excerpt-register-wording","phase":"wrong","size":"(1280, 720)","textScale":1,"rasterSize":"(1280, 720)","logicalViewport":"(0, 0), (1920, 1080)","rasterRatio":"(0.6666667, 0.6666667)","readerBounds":"(502.6667, 158), (516, 507.33337)","labels":[{"name":"Hint","logicalFont":21,"screenFontPixels":14,"bounds":"(502.6667, 477.33334), (516, 86.00003)","logicalHeight":129,"minimumHeight":129},{"name":"Feedback","logicalFont":21,"screenFontPixels":14,"bounds":"(502.6667, 596.6667), (516, 42)","logicalHeight":63,"minimumHeight":63},{"name":"Source","logicalFont":21,"screenFontPixels":14,"bounds":"(502.6667, 645.3334), (516, 20)","logicalHeight":30,"minimumHeight":30}],"oracle":"actual raster / logical viewport extent times GlobalWithCanvas; no runtime screen-transform API"}
state-final-render-sync-begin: label=source-excerpt-feedback/excerpt-register-wording/attempt1/wrong/resize tick=88255 drawn=3165 process=3165 physics=3572 windowVisible=True focus=True mode=Windowed renderLoop=True
state-final-render-sync-end: label=source-excerpt-feedback/excerpt-register-wording/attempt1/wrong/resize milliseconds=30 forcedScreenshotRender=False
state-final-render-sync-begin: label=source-excerpt-feedback/excerpt-register-wording/attempt1/wrong/layout tick=88292 drawn=3168 process=3168 physics=3578 windowVisible=True focus=True mode=Windowed renderLoop=True
state-final-render-sync-end: label=source-excerpt-feedback/excerpt-register-wording/attempt1/wrong/layout milliseconds=6 forcedScreenshotRender=False
source-excerpt-proof: feedback capture /Users/unterlantas/Documents/GitHub/URMAN/docs/production/act1_takeover_evidence_2026-09-16/images-len01-13/source_excerpt_Act1Len01FamilyFlowSmokeTest_excerpt-register-wording_attempt01_wrong_1920x1080.png
source-excerpt-raster-typography: {"action":"excerpt-register-wording","phase":"wrong","size":"(1920, 1080)","textScale":1,"rasterSize":"(1920, 1080)","logicalViewport":"(0, 0), (1920, 1080)","rasterRatio":"(1, 1)","readerBounds":"(754, 237), (774, 761)","labels":[{"name":"Hint","logicalFont":16,"screenFontPixels":16,"bounds":"(754, 791), (774, 75)","logicalHeight":75,"minimumHeight":75},{"name":"Feedback","logicalFont":16,"screenFontPixels":16,"bounds":"(754, 916), (774, 49)","logicalHeight":49,"minimumHeight":49},{"name":"Source","logicalFont":16,"screenFontPixels":16,"bounds":"(754, 975), (774, 23)","logicalHeight":23,"minimumHeight":23}],"oracle":"actual raster / logical viewport extent times GlobalWithCanvas; no runtime screen-transform API"}
state-final-render-sync-begin: label=source-excerpt-feedback/excerpt-register-wording/attempt1/wrong/restore tick=88472 drawn=3170 process=3170 physics=3589 windowVisible=True focus=True mode=Windowed renderLoop=True
state-final-render-sync-end: label=source-excerpt-feedback/excerpt-register-wording/attempt1/wrong/restore milliseconds=5 forcedScreenshotRender=False
source-excerpt-selection-state: {"action":"excerpt-register-wording","phase":"wrong-after-window-restore","processFrame":3170,"physicsFrame":3589,"selecting":true,"editorVisible":true,"recordDisabled":false,"selected":"\u0420\u0435\u0435\u0441\u0442\u0440 \u0437\u0430\u043A\u0440\u044B\u0442\u044B\u0445 \u0441\u043B\u0443\u0447\u0430\u0435\u0432","expected":"\u0420\u0435\u0435\u0441\u0442\u0440 \u0437\u0430\u043A\u0440\u044B\u0442\u044B\u0445 \u0441\u043B\u0443\u0447\u0430\u0435\u0432","exact":true,"editorContainsExpected":true,"selectionFrom":[1,0],"selectionTo":[1,23],"caret":[1,23],"editorFocused":true,"focusOwner":"/root/Act1Len01FamilyFlowSmokeTest/Act1Demo/Main/JournalUi/Screen/Book/Layout/WorkArea/Reader/Body/SourceExcerptText","editorRect":"(754, 286), (774, 420)","bodyRect":"(754, 286), (774, 420)","editorScroll":0,"bodyScroll":0,"logicalViewport":"(0, 0), (1920, 1080)","windowSize":"(1280, 720)"}
source-excerpt-selection-state: {"action":"excerpt-register-wording","phase":"after-back","processFrame":3170,"physicsFrame":3589,"selecting":false,"editorVisible":false,"recordDisabled":true,"selected":"","expected":"\u0412\u043D\u0435\u0448\u043D\u044F\u044F \u0444\u043E\u0440\u043C\u0443\u043B\u0438\u0440\u043E\u0432\u043A\u0430: \u043D\u0435\u0441\u0447\u0430\u0441\u0442\u043D\u044B\u0439 \u0441\u043B\u0443\u0447\u0430\u0439.","exact":false,"editorContainsExpected":true,"selectionFrom":[1,23],"selectionTo":[1,23],"caret":[1,23],"editorFocused":false,"focusOwner":"/root/Act1Len01FamilyFlowSmokeTest/Act1Demo/Main/JournalUi/Screen/Book/Layout/WorkArea/Reader/Body","editorRect":"(754, 286), (774, 420)","bodyRect":"(754, 286), (774, 420)","editorScroll":0,"bodyScroll":0,"logicalViewport":"(0, 0), (1920, 1080)","windowSize":"(1280, 720)"}
source-excerpt-selection-state: {"action":"excerpt-register-wording","phase":"after-begin","processFrame":3170,"physicsFrame":3589,"selecting":true,"editorVisible":true,"recordDisabled":true,"selected":"","expected":"\u0412\u043D\u0435\u0448\u043D\u044F\u044F \u0444\u043E\u0440\u043C\u0443\u043B\u0438\u0440\u043E\u0432\u043A\u0430: \u043D\u0435\u0441\u0447\u0430\u0441\u0442\u043D\u044B\u0439 \u0441\u043B\u0443\u0447\u0430\u0439.","exact":false,"editorContainsExpected":true,"selectionFrom":[0,0],"selectionTo":[0,0],"caret":[0,0],"editorFocused":true,"focusOwner":"/root/Act1Len01FamilyFlowSmokeTest/Act1Demo/Main/JournalUi/Screen/Book/Layout/WorkArea/Reader/Body/SourceExcerptText","editorRect":"(754, 286), (774, 420)","bodyRect":"(754, 286), (774, 420)","editorScroll":5.875,"bodyScroll":0,"logicalViewport":"(0, 0), (1920, 1080)","windowSize":"(1280, 720)"}
source-excerpt-selection-state: {"action":"excerpt-register-wording","phase":"after-exact-select","processFrame":3170,"physicsFrame":3589,"selecting":true,"editorVisible":true,"recordDisabled":true,"selected":"\u0412\u043D\u0435\u0448\u043D\u044F\u044F \u0444\u043E\u0440\u043C\u0443\u043B\u0438\u0440\u043E\u0432\u043A\u0430: \u043D\u0435\u0441\u0447\u0430\u0441\u0442\u043D\u044B\u0439 \u0441\u043B\u0443\u0447\u0430\u0439.","expected":"\u0412\u043D\u0435\u0448\u043D\u044F\u044F \u0444\u043E\u0440\u043C\u0443\u043B\u0438\u0440\u043E\u0432\u043A\u0430: \u043D\u0435\u0441\u0447\u0430\u0441\u0442\u043D\u044B\u0439 \u0441\u043B\u0443\u0447\u0430\u0439.","exact":true,"editorContainsExpected":true,"selectionFrom":[11,0],"selectionTo":[11,40],"caret":[11,40],"editorFocused":true,"focusOwner":"/root/Act1Len01FamilyFlowSmokeTest/Act1Demo/Main/JournalUi/Screen/Book/Layout/WorkArea/Reader/Body/SourceExcerptText","editorRect":"(754, 286), (774, 420)","bodyRect":"(754, 286), (774, 420)","editorScroll":5.875,"bodyScroll":0,"logicalViewport":"(0, 0), (1920, 1080)","windowSize":"(1280, 720)"}
source-excerpt-selection-state: {"action":"excerpt-register-wording","phase":"after-original-one-process-frame","processFrame":3171,"physicsFrame":3589,"selecting":true,"editorVisible":true,"recordDisabled":true,"selected":"\u0412\u043D\u0435\u0448\u043D\u044F\u044F \u0444\u043E\u0440\u043C\u0443\u043B\u0438\u0440\u043E\u0432\u043A\u0430: \u043D\u0435\u0441\u0447\u0430\u0441\u0442\u043D\u044B\u0439 \u0441\u043B\u0443\u0447\u0430\u0439.","expected":"\u0412\u043D\u0435\u0448\u043D\u044F\u044F \u0444\u043E\u0440\u043C\u0443\u043B\u0438\u0440\u043E\u0432\u043A\u0430: \u043D\u0435\u0441\u0447\u0430\u0441\u0442\u043D\u044B\u0439 \u0441\u043B\u0443\u0447\u0430\u0439.","exact":true,"editorContainsExpected":true,"selectionFrom":[11,0],"selectionTo":[11,40],"caret":[11,40],"editorFocused":true,"focusOwner":"/root/Act1Len01FamilyFlowSmokeTest/Act1Demo/Main/JournalUi/Screen/Book/Layout/WorkArea/Reader/Body/SourceExcerptText","editorRect":"(754, 286), (774, 420)","bodyRect":"(754, 286), (774, 420)","editorScroll":5.875,"bodyScroll":0,"logicalViewport":"(0, 0), (1920, 1080)","windowSize":"(1280, 720)"}
source-excerpt-selection-state: {"action":"excerpt-register-wording","phase":"caret-changed-delivered","processFrame":3171,"physicsFrame":3589,"selecting":true,"editorVisible":true,"recordDisabled":false,"selected":"\u0412\u043D\u0435\u0448\u043D\u044F\u044F \u0444\u043E\u0440\u043C\u0443\u043B\u0438\u0440\u043E\u0432\u043A\u0430: \u043D\u0435\u0441\u0447\u0430\u0441\u0442\u043D\u044B\u0439 \u0441\u043B\u0443\u0447\u0430\u0439.","expected":"\u0412\u043D\u0435\u0448\u043D\u044F\u044F \u0444\u043E\u0440\u043C\u0443\u043B\u0438\u0440\u043E\u0432\u043A\u0430: \u043D\u0435\u0441\u0447\u0430\u0441\u0442\u043D\u044B\u0439 \u0441\u043B\u0443\u0447\u0430\u0439.","exact":true,"editorContainsExpected":true,"selectionFrom":[11,0],"selectionTo":[11,40],"caret":[11,40],"editorFocused":true,"focusOwner":"/root/Act1Len01FamilyFlowSmokeTest/Act1Demo/Main/JournalUi/Screen/Book/Layout/WorkArea/Reader/Body/SourceExcerptText","editorRect":"(754, 286), (774, 420)","bodyRect":"(754, 286), (774, 420)","editorScroll":5.875,"bodyScroll":0,"logicalViewport":"(0, 0), (1920, 1080)","windowSize":"(1280, 720)"}
source-excerpt-selection-state: {"action":"excerpt-register-wording","phase":"before-strict-record-check","processFrame":3172,"physicsFrame":3589,"selecting":true,"editorVisible":true,"recordDisabled":false,"selected":"\u0412\u043D\u0435\u0448\u043D\u044F\u044F \u0444\u043E\u0440\u043C\u0443\u043B\u0438\u0440\u043E\u0432\u043A\u0430: \u043D\u0435\u0441\u0447\u0430\u0441\u0442\u043D\u044B\u0439 \u0441\u043B\u0443\u0447\u0430\u0439.","expected":"\u0412\u043D\u0435\u0448\u043D\u044F\u044F \u0444\u043E\u0440\u043C\u0443\u043B\u0438\u0440\u043E\u0432\u043A\u0430: \u043D\u0435\u0441\u0447\u0430\u0441\u0442\u043D\u044B\u0439 \u0441\u043B\u0443\u0447\u0430\u0439.","exact":true,"editorContainsExpected":true,"selectionFrom":[11,0],"selectionTo":[11,40],"caret":[11,40],"editorFocused":true,"focusOwner":"/root/Act1Len01FamilyFlowSmokeTest/Act1Demo/Main/JournalUi/Screen/Book/Layout/WorkArea/Reader/Body/SourceExcerptText","editorRect":"(754, 286), (774, 488)","bodyRect":"(754, 286), (774, 488)","editorScroll":0,"bodyScroll":0,"logicalViewport":"(0, 0), (1920, 1080)","windowSize":"(1280, 720)"}
[546] journal.changed: urman.chapter1:interaction/excerpt-register-wording
SaveGameV3 written to /Users/unterlantas/Library/Application Support/Godot/app_userdata/URMAN/savegames/checkpoint.savegame-v3.json
checkpoint: auto-saved at urman.chapter1:scene/evidence-internal-register
state-final-render-sync-begin: label=source-excerpt-feedback/excerpt-register-wording/attempt1/saved/resize tick=88520 drawn=3173 process=3173 physics=3590 windowVisible=True focus=True mode=Windowed renderLoop=True
state-final-render-sync-end: label=source-excerpt-feedback/excerpt-register-wording/attempt1/saved/resize milliseconds=4 forcedScreenshotRender=False
state-final-render-sync-begin: label=source-excerpt-feedback/excerpt-register-wording/attempt1/saved/layout tick=88530 drawn=3175 process=3175 physics=3591 windowVisible=True focus=True mode=Windowed renderLoop=True
state-final-render-sync-end: label=source-excerpt-feedback/excerpt-register-wording/attempt1/saved/layout milliseconds=11 forcedScreenshotRender=False
source-excerpt-proof: feedback capture /Users/unterlantas/Documents/GitHub/URMAN/docs/production/act1_takeover_evidence_2026-09-16/images-len01-13/source_excerpt_Act1Len01FamilyFlowSmokeTest_excerpt-register-wording_attempt01_saved_1280x720.png
source-excerpt-raster-typography: {"action":"excerpt-register-wording","phase":"saved","size":"(1280, 720)","textScale":1,"rasterSize":"(1280, 720)","logicalViewport":"(0, 0), (1920, 1080)","rasterRatio":"(0.6666667, 0.6666667)","readerBounds":"(502.6667, 158), (516, 507.33337)","labels":[{"name":"Hint","logicalFont":21,"screenFontPixels":14,"bounds":"(502.6667, 566.6667), (516, 42)","logicalHeight":63,"minimumHeight":63},{"name":"Source","logicalFont":21,"screenFontPixels":14,"bounds":"(502.6667, 645.3334), (516, 20)","logicalHeight":30,"minimumHeight":30}],"oracle":"actual raster / logical viewport extent times GlobalWithCanvas; no runtime screen-transform API"}
state-final-render-sync-begin: label=source-excerpt-feedback/excerpt-register-wording/attempt1/saved/resize tick=88601 drawn=3175 process=3175 physics=3591 windowVisible=True focus=True mode=Windowed renderLoop=True
state-final-render-sync-end: label=source-excerpt-feedback/excerpt-register-wording/attempt1/saved/resize milliseconds=32 forcedScreenshotRender=False
state-final-render-sync-begin: label=source-excerpt-feedback/excerpt-register-wording/attempt1/saved/layout tick=88643 drawn=3178 process=3178 physics=3599 windowVisible=True focus=True mode=Windowed renderLoop=True
state-final-render-sync-end: label=source-excerpt-feedback/excerpt-register-wording/attempt1/saved/layout milliseconds=5 forcedScreenshotRender=False
source-excerpt-proof: feedback capture /Users/unterlantas/Documents/GitHub/URMAN/docs/production/act1_takeover_evidence_2026-09-16/images-len01-13/source_excerpt_Act1Len01FamilyFlowSmokeTest_excerpt-register-wording_attempt01_saved_1920x1080.png
source-excerpt-raster-typography: {"action":"excerpt-register-wording","phase":"saved","size":"(1920, 1080)","textScale":1,"rasterSize":"(1920, 1080)","logicalViewport":"(0, 0), (1920, 1080)","rasterRatio":"(1, 1)","readerBounds":"(754, 237), (774, 761)","labels":[{"name":"Hint","logicalFont":16,"screenFontPixels":16,"bounds":"(754, 871), (774, 49)","logicalHeight":49,"minimumHeight":49},{"name":"Source","logicalFont":16,"screenFontPixels":16,"bounds":"(754, 975), (774, 23)","logicalHeight":23,"minimumHeight":23}],"oracle":"actual raster / logical viewport extent times GlobalWithCanvas; no runtime screen-transform API"}
state-final-render-sync-begin: label=source-excerpt-feedback/excerpt-register-wording/attempt1/saved/restore tick=88834 drawn=3180 process=3180 physics=3610 windowVisible=True focus=True mode=Windowed renderLoop=True
state-final-render-sync-end: label=source-excerpt-feedback/excerpt-register-wording/attempt1/saved/restore milliseconds=5 forcedScreenshotRender=False
state-final-render-sync-begin: label=source-excerpt-feedback/excerpt-register-wording/attempt1/reopened/resize tick=88876 drawn=3185 process=3185 physics=3613 windowVisible=True focus=True mode=Windowed renderLoop=True
state-final-render-sync-end: label=source-excerpt-feedback/excerpt-register-wording/attempt1/reopened/resize milliseconds=6 forcedScreenshotRender=False
state-final-render-sync-begin: label=source-excerpt-feedback/excerpt-register-wording/attempt1/reopened/layout tick=88891 drawn=3187 process=3187 physics=3614 windowVisible=True focus=True mode=Windowed renderLoop=True
state-final-render-sync-end: label=source-excerpt-feedback/excerpt-register-wording/attempt1/reopened/layout milliseconds=8 forcedScreenshotRender=False
source-excerpt-proof: feedback capture /Users/unterlantas/Documents/GitHub/URMAN/docs/production/act1_takeover_evidence_2026-09-16/images-len01-13/source_excerpt_Act1Len01FamilyFlowSmokeTest_excerpt-register-wording_attempt01_reopened_1280x720.png
source-excerpt-raster-typography: {"action":"excerpt-register-wording","phase":"reopened","size":"(1280, 720)","textScale":1,"rasterSize":"(1280, 720)","logicalViewport":"(0, 0), (1920, 1080)","rasterRatio":"(0.6666667, 0.6666667)","readerBounds":"(502.6667, 158), (516, 507.33337)","labels":[{"name":"Hint","logicalFont":21,"screenFontPixels":14,"bounds":"(502.6667, 566.6667), (516, 42)","logicalHeight":63,"minimumHeight":63},{"name":"Source","logicalFont":21,"screenFontPixels":14,"bounds":"(502.6667, 645.3334), (516, 20)","logicalHeight":30,"minimumHeight":30}],"oracle":"actual raster / logical viewport extent times GlobalWithCanvas; no runtime screen-transform API"}
state-final-render-sync-begin: label=source-excerpt-feedback/excerpt-register-wording/attempt1/reopened/resize tick=88965 drawn=3187 process=3187 physics=3614 windowVisible=True focus=True mode=Windowed renderLoop=True
state-final-render-sync-end: label=source-excerpt-feedback/excerpt-register-wording/attempt1/reopened/resize milliseconds=29 forcedScreenshotRender=False
state-final-render-sync-begin: label=source-excerpt-feedback/excerpt-register-wording/attempt1/reopened/layout tick=89002 drawn=3190 process=3190 physics=3621 windowVisible=True focus=True mode=Windowed renderLoop=True
state-final-render-sync-end: label=source-excerpt-feedback/excerpt-register-wording/attempt1/reopened/layout milliseconds=6 forcedScreenshotRender=False
source-excerpt-proof: feedback capture /Users/unterlantas/Documents/GitHub/URMAN/docs/production/act1_takeover_evidence_2026-09-16/images-len01-13/source_excerpt_Act1Len01FamilyFlowSmokeTest_excerpt-register-wording_attempt01_reopened_1920x1080.png
source-excerpt-raster-typography: {"action":"excerpt-register-wording","phase":"reopened","size":"(1920, 1080)","textScale":1,"rasterSize":"(1920, 1080)","logicalViewport":"(0, 0), (1920, 1080)","rasterRatio":"(1, 1)","readerBounds":"(754, 237), (774, 761)","labels":[{"name":"Hint","logicalFont":16,"screenFontPixels":16,"bounds":"(754, 871), (774, 49)","logicalHeight":49,"minimumHeight":49},{"name":"Source","logicalFont":16,"screenFontPixels":16,"bounds":"(754, 975), (774, 23)","logicalHeight":23,"minimumHeight":23}],"oracle":"actual raster / logical viewport extent times GlobalWithCanvas; no runtime screen-transform API"}
state-final-render-sync-begin: label=source-excerpt-feedback/excerpt-register-wording/attempt1/reopened/restore tick=89186 drawn=3192 process=3192 physics=3632 windowVisible=True focus=True mode=Windowed renderLoop=True
state-final-render-sync-end: label=source-excerpt-feedback/excerpt-register-wording/attempt1/reopened/restore milliseconds=5 forcedScreenshotRender=False
source-excerpt-proof: document=urman.oldpc:document/rec_marat_case_register_conflict action=excerpt-register-wording; heading refused; cancel refused; actual TextEdit selection -> Record -> one source; scene preserved; one persistent confirmation and remaining fields survive reopen
source-formatting-proof: paired strong -> unchanged canonical paragraph -> real selection/save follows; literal stars and links retained
source-excerpt-selection-state: {"action":"excerpt-register-category","phase":"wrong-before-resize","processFrame":3200,"physicsFrame":3635,"selecting":true,"editorVisible":true,"recordDisabled":false,"selected":"\u0420\u0435\u0435\u0441\u0442\u0440 \u0437\u0430\u043A\u0440\u044B\u0442\u044B\u0445 \u0441\u043B\u0443\u0447\u0430\u0435\u0432","expected":"\u0420\u0435\u0435\u0441\u0442\u0440 \u0437\u0430\u043A\u0440\u044B\u0442\u044B\u0445 \u0441\u043B\u0443\u0447\u0430\u0435\u0432","exact":true,"editorContainsExpected":true,"selectionFrom":[1,0],"selectionTo":[1,23],"caret":[1,23],"editorFocused":true,"focusOwner":"/root/Act1Len01FamilyFlowSmokeTest/Act1Demo/Main/JournalUi/Screen/Book/Layout/WorkArea/Reader/Body/SourceExcerptText","editorRect":"(754, 286), (774, 521)","bodyRect":"(754, 286), (774, 521)","editorScroll":0,"bodyScroll":0,"logicalViewport":"(0, 0), (1920, 1080)","windowSize":"(1280, 720)"}
state-final-render-sync-begin: label=source-excerpt-feedback/excerpt-register-category/attempt1/wrong/resize tick=89253 drawn=3200 process=3200 physics=3635 windowVisible=True focus=True mode=Windowed renderLoop=True
state-final-render-sync-end: label=source-excerpt-feedback/excerpt-register-category/attempt1/wrong/resize milliseconds=5 forcedScreenshotRender=False
state-final-render-sync-begin: label=source-excerpt-feedback/excerpt-register-category/attempt1/wrong/layout tick=89266 drawn=3202 process=3202 physics=3635 windowVisible=True focus=True mode=Windowed renderLoop=True
state-final-render-sync-end: label=source-excerpt-feedback/excerpt-register-category/attempt1/wrong/layout milliseconds=8 forcedScreenshotRender=False
source-excerpt-proof: feedback capture /Users/unterlantas/Documents/GitHub/URMAN/docs/production/act1_takeover_evidence_2026-09-16/images-len01-13/source_excerpt_Act1Len01FamilyFlowSmokeTest_excerpt-register-category_attempt01_wrong_1280x720.png
source-excerpt-raster-typography: {"action":"excerpt-register-category","phase":"wrong","size":"(1280, 720)","textScale":1,"rasterSize":"(1280, 720)","logicalViewport":"(0, 0), (1920, 1080)","rasterRatio":"(0.6666667, 0.6666667)","readerBounds":"(502.6667, 158), (516, 507.33337)","labels":[{"name":"Hint","logicalFont":21,"screenFontPixels":14,"bounds":"(502.6667, 499.33334), (516, 64.00003)","logicalHeight":96,"minimumHeight":96},{"name":"Feedback","logicalFont":21,"screenFontPixels":14,"bounds":"(502.6667, 596.6667), (516, 42)","logicalHeight":63,"minimumHeight":63},{"name":"Source","logicalFont":21,"screenFontPixels":14,"bounds":"(502.6667, 645.3334), (516, 20)","logicalHeight":30,"minimumHeight":30}],"oracle":"actual raster / logical viewport extent times GlobalWithCanvas; no runtime screen-transform API"}
state-final-render-sync-begin: label=source-excerpt-feedback/excerpt-register-category/attempt1/wrong/resize tick=89335 drawn=3202 process=3202 physics=3635 windowVisible=True focus=True mode=Windowed renderLoop=True
state-final-render-sync-end: label=source-excerpt-feedback/excerpt-register-category/attempt1/wrong/resize milliseconds=30 forcedScreenshotRender=False
state-final-render-sync-begin: label=source-excerpt-feedback/excerpt-register-category/attempt1/wrong/layout tick=89377 drawn=3205 process=3205 physics=3643 windowVisible=True focus=True mode=Windowed renderLoop=True
state-final-render-sync-end: label=source-excerpt-feedback/excerpt-register-category/attempt1/wrong/layout milliseconds=6 forcedScreenshotRender=False
source-excerpt-proof: feedback capture /Users/unterlantas/Documents/GitHub/URMAN/docs/production/act1_takeover_evidence_2026-09-16/images-len01-13/source_excerpt_Act1Len01FamilyFlowSmokeTest_excerpt-register-category_attempt01_wrong_1920x1080.png
source-excerpt-raster-typography: {"action":"excerpt-register-category","phase":"wrong","size":"(1920, 1080)","textScale":1,"rasterSize":"(1920, 1080)","logicalViewport":"(0, 0), (1920, 1080)","rasterRatio":"(1, 1)","readerBounds":"(754, 237), (774, 761)","labels":[{"name":"Hint","logicalFont":16,"screenFontPixels":16,"bounds":"(754, 791), (774, 75)","logicalHeight":75,"minimumHeight":75},{"name":"Feedback","logicalFont":16,"screenFontPixels":16,"bounds":"(754, 916), (774, 49)","logicalHeight":49,"minimumHeight":49},{"name":"Source","logicalFont":16,"screenFontPixels":16,"bounds":"(754, 975), (774, 23)","logicalHeight":23,"minimumHeight":23}],"oracle":"actual raster / logical viewport extent times GlobalWithCanvas; no runtime screen-transform API"}
state-final-render-sync-begin: label=source-excerpt-feedback/excerpt-register-category/attempt1/wrong/restore tick=89569 drawn=3207 process=3207 physics=3655 windowVisible=True focus=True mode=Windowed renderLoop=True
state-final-render-sync-end: label=source-excerpt-feedback/excerpt-register-category/attempt1/wrong/restore milliseconds=7 forcedScreenshotRender=False
source-excerpt-selection-state: {"action":"excerpt-register-category","phase":"wrong-after-window-restore","processFrame":3207,"physicsFrame":3655,"selecting":true,"editorVisible":true,"recordDisabled":false,"selected":"\u0420\u0435\u0435\u0441\u0442\u0440 \u0437\u0430\u043A\u0440\u044B\u0442\u044B\u0445 \u0441\u043B\u0443\u0447\u0430\u0435\u0432","expected":"\u0420\u0435\u0435\u0441\u0442\u0440 \u0437\u0430\u043A\u0440\u044B\u0442\u044B\u0445 \u0441\u043B\u0443\u0447\u0430\u0435\u0432","exact":true,"editorContainsExpected":true,"selectionFrom":[1,0],"selectionTo":[1,23],"caret":[1,23],"editorFocused":true,"focusOwner":"/root/Act1Len01FamilyFlowSmokeTest/Act1Demo/Main/JournalUi/Screen/Book/Layout/WorkArea/Reader/Body/SourceExcerptText","editorRect":"(754, 286), (774, 453)","bodyRect":"(754, 286), (774, 453)","editorScroll":0,"bodyScroll":0,"logicalViewport":"(0, 0), (1920, 1080)","windowSize":"(1280, 720)"}
source-excerpt-selection-state: {"action":"excerpt-register-category","phase":"after-back","processFrame":3207,"physicsFrame":3655,"selecting":false,"editorVisible":false,"recordDisabled":true,"selected":"","expected":"\u041A\u0430\u0442\u0435\u0433\u043E\u0440\u0438\u044F: \u0433\u0440\u0430\u043D\u0438\u0446\u0430 / \u043E\u0442\u0432\u0435\u0442\u0438\u043B.","exact":false,"editorContainsExpected":true,"selectionFrom":[1,23],"selectionTo":[1,23],"caret":[1,23],"editorFocused":false,"focusOwner":"/root/Act1Len01FamilyFlowSmokeTest/Act1Demo/Main/JournalUi/Screen/Book/Layout/WorkArea/Reader/Body","editorRect":"(754, 286), (774, 453)","bodyRect":"(754, 286), (774, 453)","editorScroll":0,"bodyScroll":0,"logicalViewport":"(0, 0), (1920, 1080)","windowSize":"(1280, 720)"}
source-excerpt-selection-state: {"action":"excerpt-register-category","phase":"after-begin","processFrame":3207,"physicsFrame":3655,"selecting":true,"editorVisible":true,"recordDisabled":true,"selected":"","expected":"\u041A\u0430\u0442\u0435\u0433\u043E\u0440\u0438\u044F: \u0433\u0440\u0430\u043D\u0438\u0446\u0430 / \u043E\u0442\u0432\u0435\u0442\u0438\u043B.","exact":false,"editorContainsExpected":true,"selectionFrom":[0,0],"selectionTo":[0,0],"caret":[0,0],"editorFocused":true,"focusOwner":"/root/Act1Len01FamilyFlowSmokeTest/Act1Demo/Main/JournalUi/Screen/Book/Layout/WorkArea/Reader/Body/SourceExcerptText","editorRect":"(754, 286), (774, 453)","bodyRect":"(754, 286), (774, 453)","editorScroll":4.84375,"bodyScroll":0,"logicalViewport":"(0, 0), (1920, 1080)","windowSize":"(1280, 720)"}
source-excerpt-selection-state: {"action":"excerpt-register-category","phase":"after-exact-select","processFrame":3207,"physicsFrame":3655,"selecting":true,"editorVisible":true,"recordDisabled":true,"selected":"\u041A\u0430\u0442\u0435\u0433\u043E\u0440\u0438\u044F: \u0433\u0440\u0430\u043D\u0438\u0446\u0430 / \u043E\u0442\u0432\u0435\u0442\u0438\u043B.","expected":"\u041A\u0430\u0442\u0435\u0433\u043E\u0440\u0438\u044F: \u0433\u0440\u0430\u043D\u0438\u0446\u0430 / \u043E\u0442\u0432\u0435\u0442\u0438\u043B.","exact":true,"editorContainsExpected":true,"selectionFrom":[9,0],"selectionTo":[9,29],"caret":[9,29],"editorFocused":true,"focusOwner":"/root/Act1Len01FamilyFlowSmokeTest/Act1Demo/Main/JournalUi/Screen/Book/Layout/WorkArea/Reader/Body/SourceExcerptText","editorRect":"(754, 286), (774, 453)","bodyRect":"(754, 286), (774, 453)","editorScroll":4.84375,"bodyScroll":0,"logicalViewport":"(0, 0), (1920, 1080)","windowSize":"(1280, 720)"}
source-excerpt-selection-state: {"action":"excerpt-register-category","phase":"after-original-one-process-frame","processFrame":3208,"physicsFrame":3655,"selecting":true,"editorVisible":true,"recordDisabled":true,"selected":"\u041A\u0430\u0442\u0435\u0433\u043E\u0440\u0438\u044F: \u0433\u0440\u0430\u043D\u0438\u0446\u0430 / \u043E\u0442\u0432\u0435\u0442\u0438\u043B.","expected":"\u041A\u0430\u0442\u0435\u0433\u043E\u0440\u0438\u044F: \u0433\u0440\u0430\u043D\u0438\u0446\u0430 / \u043E\u0442\u0432\u0435\u0442\u0438\u043B.","exact":true,"editorContainsExpected":true,"selectionFrom":[9,0],"selectionTo":[9,29],"caret":[9,29],"editorFocused":true,"focusOwner":"/root/Act1Len01FamilyFlowSmokeTest/Act1Demo/Main/JournalUi/Screen/Book/Layout/WorkArea/Reader/Body/SourceExcerptText","editorRect":"(754, 286), (774, 453)","bodyRect":"(754, 286), (774, 453)","editorScroll":4.84375,"bodyScroll":0,"logicalViewport":"(0, 0), (1920, 1080)","windowSize":"(1280, 720)"}
source-excerpt-selection-state: {"action":"excerpt-register-category","phase":"caret-changed-delivered","processFrame":3208,"physicsFrame":3655,"selecting":true,"editorVisible":true,"recordDisabled":false,"selected":"\u041A\u0430\u0442\u0435\u0433\u043E\u0440\u0438\u044F: \u0433\u0440\u0430\u043D\u0438\u0446\u0430 / \u043E\u0442\u0432\u0435\u0442\u0438\u043B.","expected":"\u041A\u0430\u0442\u0435\u0433\u043E\u0440\u0438\u044F: \u0433\u0440\u0430\u043D\u0438\u0446\u0430 / \u043E\u0442\u0432\u0435\u0442\u0438\u043B.","exact":true,"editorContainsExpected":true,"selectionFrom":[9,0],"selectionTo":[9,29],"caret":[9,29],"editorFocused":true,"focusOwner":"/root/Act1Len01FamilyFlowSmokeTest/Act1Demo/Main/JournalUi/Screen/Book/Layout/WorkArea/Reader/Body/SourceExcerptText","editorRect":"(754, 286), (774, 453)","bodyRect":"(754, 286), (774, 453)","editorScroll":4.84375,"bodyScroll":0,"logicalViewport":"(0, 0), (1920, 1080)","windowSize":"(1280, 720)"}
source-excerpt-selection-state: {"action":"excerpt-register-category","phase":"before-strict-record-check","processFrame":3209,"physicsFrame":3655,"selecting":true,"editorVisible":true,"recordDisabled":false,"selected":"\u041A\u0430\u0442\u0435\u0433\u043E\u0440\u0438\u044F: \u0433\u0440\u0430\u043D\u0438\u0446\u0430 / \u043E\u0442\u0432\u0435\u0442\u0438\u043B.","expected":"\u041A\u0430\u0442\u0435\u0433\u043E\u0440\u0438\u044F: \u0433\u0440\u0430\u043D\u0438\u0446\u0430 / \u043E\u0442\u0432\u0435\u0442\u0438\u043B.","exact":true,"editorContainsExpected":true,"selectionFrom":[9,0],"selectionTo":[9,29],"caret":[9,29],"editorFocused":true,"focusOwner":"/root/Act1Len01FamilyFlowSmokeTest/Act1Demo/Main/JournalUi/Screen/Book/Layout/WorkArea/Reader/Body/SourceExcerptText","editorRect":"(754, 286), (774, 521)","bodyRect":"(754, 286), (774, 521)","editorScroll":0,"bodyScroll":0,"logicalViewport":"(0, 0), (1920, 1080)","windowSize":"(1280, 720)"}
[553] journal.changed: urman.chapter1:interaction/excerpt-register-category
SaveGameV3 written to /Users/unterlantas/Library/Application Support/Godot/app_userdata/URMAN/savegames/checkpoint.savegame-v3.json
checkpoint: auto-saved at urman.chapter1:scene/evidence-internal-register
state-final-render-sync-begin: label=source-excerpt-feedback/excerpt-register-category/attempt1/saved/resize tick=89627 drawn=3210 process=3210 physics=3657 windowVisible=True focus=True mode=Windowed renderLoop=True
state-final-render-sync-end: label=source-excerpt-feedback/excerpt-register-category/attempt1/saved/resize milliseconds=5 forcedScreenshotRender=False
state-final-render-sync-begin: label=source-excerpt-feedback/excerpt-register-category/attempt1/saved/layout tick=89638 drawn=3212 process=3212 physics=3659 windowVisible=True focus=True mode=Windowed renderLoop=True
state-final-render-sync-end: label=source-excerpt-feedback/excerpt-register-category/attempt1/saved/layout milliseconds=6 forcedScreenshotRender=False
source-excerpt-proof: feedback capture /Users/unterlantas/Documents/GitHub/URMAN/docs/production/act1_takeover_evidence_2026-09-16/images-len01-13/source_excerpt_Act1Len01FamilyFlowSmokeTest_excerpt-register-category_attempt01_saved_1280x720.png
source-excerpt-raster-typography: {"action":"excerpt-register-category","phase":"saved","size":"(1280, 720)","textScale":1,"rasterSize":"(1280, 720)","logicalViewport":"(0, 0), (1920, 1080)","rasterRatio":"(0.6666667, 0.6666667)","readerBounds":"(502.6667, 158), (516, 507.33337)","labels":[{"name":"Hint","logicalFont":21,"screenFontPixels":14,"bounds":"(502.6667, 593.3334), (516, 42)","logicalHeight":63,"minimumHeight":63},{"name":"Source","logicalFont":21,"screenFontPixels":14,"bounds":"(502.6667, 645.3334), (516, 20)","logicalHeight":30,"minimumHeight":30}],"oracle":"actual raster / logical viewport extent times GlobalWithCanvas; no runtime screen-transform API"}
state-final-render-sync-begin: label=source-excerpt-feedback/excerpt-register-category/attempt1/saved/resize tick=89702 drawn=3212 process=3212 physics=3659 windowVisible=True focus=True mode=Windowed renderLoop=True
state-final-render-sync-end: label=source-excerpt-feedback/excerpt-register-category/attempt1/saved/resize milliseconds=30 forcedScreenshotRender=False
state-final-render-sync-begin: label=source-excerpt-feedback/excerpt-register-category/attempt1/saved/layout tick=89745 drawn=3215 process=3215 physics=3665 windowVisible=True focus=True mode=Windowed renderLoop=True
state-final-render-sync-end: label=source-excerpt-feedback/excerpt-register-category/attempt1/saved/layout milliseconds=4 forcedScreenshotRender=False
source-excerpt-proof: feedback capture /Users/unterlantas/Documents/GitHub/URMAN/docs/production/act1_takeover_evidence_2026-09-16/images-len01-13/source_excerpt_Act1Len01FamilyFlowSmokeTest_excerpt-register-category_attempt01_saved_1920x1080.png
source-excerpt-raster-typography: {"action":"excerpt-register-category","phase":"saved","size":"(1920, 1080)","textScale":1,"rasterSize":"(1920, 1080)","logicalViewport":"(0, 0), (1920, 1080)","rasterRatio":"(1, 1)","readerBounds":"(754, 237), (774, 761)","labels":[{"name":"Hint","logicalFont":16,"screenFontPixels":16,"bounds":"(754, 937), (774, 23)","logicalHeight":23,"minimumHeight":23},{"name":"Source","logicalFont":16,"screenFontPixels":16,"bounds":"(754, 975), (774, 23)","logicalHeight":23,"minimumHeight":23}],"oracle":"actual raster / logical viewport extent times GlobalWithCanvas; no runtime screen-transform API"}
state-final-render-sync-begin: label=source-excerpt-feedback/excerpt-register-category/attempt1/saved/restore tick=89923 drawn=3217 process=3217 physics=3676 windowVisible=True focus=True mode=Windowed renderLoop=True
state-final-render-sync-end: label=source-excerpt-feedback/excerpt-register-category/attempt1/saved/restore milliseconds=5 forcedScreenshotRender=False
state-final-render-sync-begin: label=source-excerpt-feedback/excerpt-register-category/attempt1/reopened/resize tick=89967 drawn=3222 process=3222 physics=3678 windowVisible=True focus=True mode=Windowed renderLoop=True
state-final-render-sync-end: label=source-excerpt-feedback/excerpt-register-category/attempt1/reopened/resize milliseconds=7 forcedScreenshotRender=False
state-final-render-sync-begin: label=source-excerpt-feedback/excerpt-register-category/attempt1/reopened/layout tick=89982 drawn=3224 process=3224 physics=3679 windowVisible=True focus=True mode=Windowed renderLoop=True
state-final-render-sync-end: label=source-excerpt-feedback/excerpt-register-category/attempt1/reopened/layout milliseconds=8 forcedScreenshotRender=False
source-excerpt-proof: feedback capture /Users/unterlantas/Documents/GitHub/URMAN/docs/production/act1_takeover_evidence_2026-09-16/images-len01-13/source_excerpt_Act1Len01FamilyFlowSmokeTest_excerpt-register-category_attempt01_reopened_1280x720.png
source-excerpt-raster-typography: {"action":"excerpt-register-category","phase":"reopened","size":"(1280, 720)","textScale":1,"rasterSize":"(1280, 720)","logicalViewport":"(0, 0), (1920, 1080)","rasterRatio":"(0.6666667, 0.6666667)","readerBounds":"(502.6667, 158), (516, 507.33337)","labels":[{"name":"Hint","logicalFont":21,"screenFontPixels":14,"bounds":"(502.6667, 593.3334), (516, 42)","logicalHeight":63,"minimumHeight":63},{"name":"Source","logicalFont":21,"screenFontPixels":14,"bounds":"(502.6667, 645.3334), (516, 20)","logicalHeight":30,"minimumHeight":30}],"oracle":"actual raster / logical viewport extent times GlobalWithCanvas; no runtime screen-transform API"}
state-final-render-sync-begin: label=source-excerpt-feedback/excerpt-register-category/attempt1/reopened/resize tick=90054 drawn=3224 process=3224 physics=3679 windowVisible=True focus=True mode=Windowed renderLoop=True
state-final-render-sync-end: label=source-excerpt-feedback/excerpt-register-category/attempt1/reopened/resize milliseconds=28 forcedScreenshotRender=False
state-final-render-sync-begin: label=source-excerpt-feedback/excerpt-register-category/attempt1/reopened/layout tick=90090 drawn=3227 process=3227 physics=3686 windowVisible=True focus=True mode=Windowed renderLoop=True
state-final-render-sync-end: label=source-excerpt-feedback/excerpt-register-category/attempt1/reopened/layout milliseconds=7 forcedScreenshotRender=False
source-excerpt-proof: feedback capture /Users/unterlantas/Documents/GitHub/URMAN/docs/production/act1_takeover_evidence_2026-09-16/images-len01-13/source_excerpt_Act1Len01FamilyFlowSmokeTest_excerpt-register-category_attempt01_reopened_1920x1080.png
source-excerpt-raster-typography: {"action":"excerpt-register-category","phase":"reopened","size":"(1920, 1080)","textScale":1,"rasterSize":"(1920, 1080)","logicalViewport":"(0, 0), (1920, 1080)","rasterRatio":"(1, 1)","readerBounds":"(754, 237), (774, 761)","labels":[{"name":"Hint","logicalFont":16,"screenFontPixels":16,"bounds":"(754, 937), (774, 23)","logicalHeight":23,"minimumHeight":23},{"name":"Source","logicalFont":16,"screenFontPixels":16,"bounds":"(754, 975), (774, 23)","logicalHeight":23,"minimumHeight":23}],"oracle":"actual raster / logical viewport extent times GlobalWithCanvas; no runtime screen-transform API"}
state-final-render-sync-begin: label=source-excerpt-feedback/excerpt-register-category/attempt1/reopened/restore tick=90278 drawn=3229 process=3229 physics=3697 windowVisible=True focus=True mode=Windowed renderLoop=True
state-final-render-sync-end: label=source-excerpt-feedback/excerpt-register-category/attempt1/reopened/restore milliseconds=6 forcedScreenshotRender=False
source-excerpt-proof: document=urman.oldpc:document/rec_marat_case_register_conflict action=excerpt-register-category; heading refused; cancel refused; actual TextEdit selection -> Record -> one source; scene preserved; one persistent confirmation and remaining fields survive reopen
SaveGameV3 written to /Users/unterlantas/Library/Application Support/Godot/app_userdata/URMAN/savegames/checkpoint.savegame-v3.json
checkpoint: auto-saved at urman.chapter1:scene/evidence-internal-register
zone-loaded: village_day@from_house connected-world=109404229616
zone-loaded: fap_clinic@waiting_room connected-world=109404229616
SaveGameV3 written to /Users/unterlantas/Library/Application Support/Godot/app_userdata/URMAN/savegames/len01-category-misread.savegame-v3.json
zone-loaded: fap_clinic@waiting_room connected-world=109404229616
SaveGameV3 restored.
zone-loaded: village_day@from_fap connected-world=109404229616
zone-loaded: house_old_pc@entry connected-world=109404229616
source-excerpt-category-retry: {"phase":"before-wrong-selection","reviewRequested":true,"known":true,"Available":true,"Recorded":true,"hint":"\u0412\u044B\u043F\u0438\u0441\u043A\u0438 \u0441\u043E\u0445\u0440\u0430\u043D\u0435\u043D\u044B. \u041D\u0430\u0438\u043B\u044F \u043F\u0440\u043E\u0441\u0438\u043B\u0430 \u0441\u0432\u0435\u0440\u0438\u0442\u044C \u043F\u043E\u043B\u0435 \u00AB\u041A\u0430\u0442\u0435\u0433\u043E\u0440\u0438\u044F\u00BB. \u0412\u044B\u0434\u0435\u043B\u0438\u0442\u0435 \u0435\u0433\u043E \u0437\u0430\u043D\u043E\u0432\u043E \u0446\u0435\u043B\u0438\u043A\u043E\u043C, \u0432\u043C\u0435\u0441\u0442\u0435 \u0441 \u0437\u0430\u0433\u043E\u043B\u043E\u0432\u043A\u043E\u043C.","selecting":false}
source-formatting-proof: paired strong -> unchanged canonical paragraph -> real selection/save follows; literal stars and links retained
source-excerpt-selection-state: {"action":"excerpt-register-category","phase":"wrong-before-resize","processFrame":3311,"physicsFrame":3779,"selecting":true,"editorVisible":true,"recordDisabled":false,"selected":"\u0420\u0435\u0435\u0441\u0442\u0440 \u0437\u0430\u043A\u0440\u044B\u0442\u044B\u0445 \u0441\u043B\u0443\u0447\u0430\u0435\u0432","expected":"\u0420\u0435\u0435\u0441\u0442\u0440 \u0437\u0430\u043A\u0440\u044B\u0442\u044B\u0445 \u0441\u043B\u0443\u0447\u0430\u0435\u0432","exact":true,"editorContainsExpected":true,"selectionFrom":[1,0],"selectionTo":[1,23],"caret":[1,23],"editorFocused":true,"focusOwner":"/root/Act1Len01FamilyFlowSmokeTest/Act1Demo/Main/JournalUi/Screen/Book/Layout/WorkArea/Reader/Body/SourceExcerptText","editorRect":"(754, 286), (774, 521)","bodyRect":"(754, 286), (774, 521)","editorScroll":0,"bodyScroll":0,"logicalViewport":"(0, 0), (1920, 1080)","windowSize":"(1280, 720)"}
state-final-render-sync-begin: label=source-excerpt-feedback/excerpt-register-category/attempt2/wrong/resize tick=91656 drawn=3311 process=3311 physics=3779 windowVisible=True focus=True mode=Windowed renderLoop=True
state-final-render-sync-end: label=source-excerpt-feedback/excerpt-register-category/attempt2/wrong/resize milliseconds=5 forcedScreenshotRender=False
state-final-render-sync-begin: label=source-excerpt-feedback/excerpt-register-category/attempt2/wrong/layout tick=91667 drawn=3313 process=3313 physics=3780 windowVisible=True focus=True mode=Windowed renderLoop=True
state-final-render-sync-end: label=source-excerpt-feedback/excerpt-register-category/attempt2/wrong/layout milliseconds=7 forcedScreenshotRender=False
source-excerpt-proof: feedback capture /Users/unterlantas/Documents/GitHub/URMAN/docs/production/act1_takeover_evidence_2026-09-16/images-len01-13/source_excerpt_Act1Len01FamilyFlowSmokeTest_excerpt-register-category_attempt02_wrong_1280x720.png
source-excerpt-raster-typography: {"action":"excerpt-register-category","phase":"wrong","size":"(1280, 720)","textScale":1,"rasterSize":"(1280, 720)","logicalViewport":"(0, 0), (1920, 1080)","rasterRatio":"(0.6666667, 0.6666667)","readerBounds":"(502.6667, 158), (516, 507.33337)","labels":[{"name":"Hint","logicalFont":21,"screenFontPixels":14,"bounds":"(502.6667, 499.33334), (516, 64.00003)","logicalHeight":96,"minimumHeight":96},{"name":"Feedback","logicalFont":21,"screenFontPixels":14,"bounds":"(502.6667, 596.6667), (516, 42)","logicalHeight":63,"minimumHeight":63},{"name":"Source","logicalFont":21,"screenFontPixels":14,"bounds":"(502.6667, 645.3334), (516, 20)","logicalHeight":30,"minimumHeight":30}],"oracle":"actual raster / logical viewport extent times GlobalWithCanvas; no runtime screen-transform API"}
state-final-render-sync-begin: label=source-excerpt-feedback/excerpt-register-category/attempt2/wrong/resize tick=91738 drawn=3313 process=3313 physics=3780 windowVisible=True focus=True mode=Windowed renderLoop=True
state-final-render-sync-end: label=source-excerpt-feedback/excerpt-register-category/attempt2/wrong/resize milliseconds=37 forcedScreenshotRender=False
state-final-render-sync-begin: label=source-excerpt-feedback/excerpt-register-category/attempt2/wrong/layout tick=91785 drawn=3316 process=3316 physics=3788 windowVisible=True focus=True mode=Windowed renderLoop=True
state-final-render-sync-end: label=source-excerpt-feedback/excerpt-register-category/attempt2/wrong/layout milliseconds=5 forcedScreenshotRender=False
source-excerpt-proof: feedback capture /Users/unterlantas/Documents/GitHub/URMAN/docs/production/act1_takeover_evidence_2026-09-16/images-len01-13/source_excerpt_Act1Len01FamilyFlowSmokeTest_excerpt-register-category_attempt02_wrong_1920x1080.png
source-excerpt-raster-typography: {"action":"excerpt-register-category","phase":"wrong","size":"(1920, 1080)","textScale":1,"rasterSize":"(1920, 1080)","logicalViewport":"(0, 0), (1920, 1080)","rasterRatio":"(1, 1)","readerBounds":"(754, 237), (774, 761)","labels":[{"name":"Hint","logicalFont":16,"screenFontPixels":16,"bounds":"(754, 791), (774, 75)","logicalHeight":75,"minimumHeight":75},{"name":"Feedback","logicalFont":16,"screenFontPixels":16,"bounds":"(754, 916), (774, 49)","logicalHeight":49,"minimumHeight":49},{"name":"Source","logicalFont":16,"screenFontPixels":16,"bounds":"(754, 975), (774, 23)","logicalHeight":23,"minimumHeight":23}],"oracle":"actual raster / logical viewport extent times GlobalWithCanvas; no runtime screen-transform API"}
state-final-render-sync-begin: label=source-excerpt-feedback/excerpt-register-category/attempt2/wrong/restore tick=91983 drawn=3318 process=3318 physics=3799 windowVisible=True focus=True mode=Windowed renderLoop=True
state-final-render-sync-end: label=source-excerpt-feedback/excerpt-register-category/attempt2/wrong/restore milliseconds=6 forcedScreenshotRender=False
source-excerpt-selection-state: {"action":"excerpt-register-category","phase":"wrong-after-window-restore","processFrame":3318,"physicsFrame":3799,"selecting":true,"editorVisible":true,"recordDisabled":false,"selected":"\u0420\u0435\u0435\u0441\u0442\u0440 \u0437\u0430\u043A\u0440\u044B\u0442\u044B\u0445 \u0441\u043B\u0443\u0447\u0430\u0435\u0432","expected":"\u0420\u0435\u0435\u0441\u0442\u0440 \u0437\u0430\u043A\u0440\u044B\u0442\u044B\u0445 \u0441\u043B\u0443\u0447\u0430\u0435\u0432","exact":true,"editorContainsExpected":true,"selectionFrom":[1,0],"selectionTo":[1,23],"caret":[1,23],"editorFocused":true,"focusOwner":"/root/Act1Len01FamilyFlowSmokeTest/Act1Demo/Main/JournalUi/Screen/Book/Layout/WorkArea/Reader/Body/SourceExcerptText","editorRect":"(754, 286), (774, 453)","bodyRect":"(754, 286), (774, 453)","editorScroll":0,"bodyScroll":0,"logicalViewport":"(0, 0), (1920, 1080)","windowSize":"(1280, 720)"}
source-excerpt-category-retry: {"phase":"after-wrong-and-resize","reviewRequested":true,"known":true,"Available":true,"Recorded":true,"hint":"\u0412\u044B\u043F\u0438\u0441\u043A\u0438 \u0441\u043E\u0445\u0440\u0430\u043D\u0435\u043D\u044B. \u041D\u0430\u0438\u043B\u044F \u043F\u0440\u043E\u0441\u0438\u043B\u0430 \u0441\u0432\u0435\u0440\u0438\u0442\u044C \u043F\u043E\u043B\u0435 \u00AB\u041A\u0430\u0442\u0435\u0433\u043E\u0440\u0438\u044F\u00BB. \u0412\u044B\u0434\u0435\u043B\u0438\u0442\u0435 \u0435\u0433\u043E \u0437\u0430\u043D\u043E\u0432\u043E \u0446\u0435\u043B\u0438\u043A\u043E\u043C, \u0432\u043C\u0435\u0441\u0442\u0435 \u0441 \u0437\u0430\u0433\u043E\u043B\u043E\u0432\u043A\u043E\u043C.\n\u0412\u044B\u0434\u0435\u043B\u0438\u0442\u0435 \u0442\u0435\u043A\u0441\u0442 \u043C\u044B\u0448\u044C\u044E \u0438\u043B\u0438 Shift \u002B \u0441\u0442\u0440\u0435\u043B\u043A\u0430\u043C\u0438. Tab \u2014 \u043A \u043A\u043D\u043E\u043F\u043A\u0435.","selecting":true}
source-excerpt-selection-state: {"action":"excerpt-register-category","phase":"after-back","processFrame":3318,"physicsFrame":3799,"selecting":false,"editorVisible":false,"recordDisabled":true,"selected":"","expected":"\u041A\u0430\u0442\u0435\u0433\u043E\u0440\u0438\u044F: \u0433\u0440\u0430\u043D\u0438\u0446\u0430 / \u043E\u0442\u0432\u0435\u0442\u0438\u043B.","exact":false,"editorContainsExpected":true,"selectionFrom":[1,23],"selectionTo":[1,23],"caret":[1,23],"editorFocused":false,"focusOwner":"/root/Act1Len01FamilyFlowSmokeTest/Act1Demo/Main/JournalUi/Screen/Book/Layout/WorkArea/Reader/Body","editorRect":"(754, 286), (774, 453)","bodyRect":"(754, 286), (774, 453)","editorScroll":0,"bodyScroll":0,"logicalViewport":"(0, 0), (1920, 1080)","windowSize":"(1280, 720)"}
source-excerpt-category-retry: {"phase":"reopened-before-correct-selection","reviewRequested":true,"known":true,"Available":true,"Recorded":true,"hint":"\u0412\u044B\u043F\u0438\u0441\u043A\u0438 \u0441\u043E\u0445\u0440\u0430\u043D\u0435\u043D\u044B. \u041D\u0430\u0438\u043B\u044F \u043F\u0440\u043E\u0441\u0438\u043B\u0430 \u0441\u0432\u0435\u0440\u0438\u0442\u044C \u043F\u043E\u043B\u0435 \u00AB\u041A\u0430\u0442\u0435\u0433\u043E\u0440\u0438\u044F\u00BB. \u0412\u044B\u0434\u0435\u043B\u0438\u0442\u0435 \u0435\u0433\u043E \u0437\u0430\u043D\u043E\u0432\u043E \u0446\u0435\u043B\u0438\u043A\u043E\u043C, \u0432\u043C\u0435\u0441\u0442\u0435 \u0441 \u0437\u0430\u0433\u043E\u043B\u043E\u0432\u043A\u043E\u043C.","selecting":false}
state-final-render-sync-begin: label=source-excerpt-feedback/excerpt-register-category/attempt2/retry-reopened/resize tick=92030 drawn=3323 process=3323 physics=3802 windowVisible=True focus=True mode=Windowed renderLoop=True
state-final-render-sync-end: label=source-excerpt-feedback/excerpt-register-category/attempt2/retry-reopened/resize milliseconds=5 forcedScreenshotRender=False
state-final-render-sync-begin: label=source-excerpt-feedback/excerpt-register-category/attempt2/retry-reopened/layout tick=92041 drawn=3325 process=3325 physics=3803 windowVisible=True focus=True mode=Windowed renderLoop=True
state-final-render-sync-end: label=source-excerpt-feedback/excerpt-register-category/attempt2/retry-reopened/layout milliseconds=8 forcedScreenshotRender=False
source-excerpt-proof: feedback capture /Users/unterlantas/Documents/GitHub/URMAN/docs/production/act1_takeover_evidence_2026-09-16/images-len01-13/source_excerpt_Act1Len01FamilyFlowSmokeTest_excerpt-register-category_attempt02_retry-reopened_1280x720.png
source-excerpt-raster-typography: {"action":"excerpt-register-category","phase":"retry-reopened","size":"(1280, 720)","textScale":1,"rasterSize":"(1280, 720)","logicalViewport":"(0, 0), (1920, 1080)","rasterRatio":"(0.6666667, 0.6666667)","readerBounds":"(502.6667, 158), (516, 507.33337)","labels":[{"name":"Hint","logicalFont":21,"screenFontPixels":14,"bounds":"(502.6667, 566.6667), (516, 42)","logicalHeight":63,"minimumHeight":63},{"name":"Source","logicalFont":21,"screenFontPixels":14,"bounds":"(502.6667, 645.3334), (516, 20)","logicalHeight":30,"minimumHeight":30}],"oracle":"actual raster / logical viewport extent times GlobalWithCanvas; no runtime screen-transform API"}
state-final-render-sync-begin: label=source-excerpt-feedback/excerpt-register-category/attempt2/retry-reopened/resize tick=92113 drawn=3325 process=3325 physics=3803 windowVisible=True focus=True mode=Windowed renderLoop=True
state-final-render-sync-end: label=source-excerpt-feedback/excerpt-register-category/attempt2/retry-reopened/resize milliseconds=30 forcedScreenshotRender=False
state-final-render-sync-begin: label=source-excerpt-feedback/excerpt-register-category/attempt2/retry-reopened/layout tick=92152 drawn=3328 process=3328 physics=3810 windowVisible=True focus=True mode=Windowed renderLoop=True
state-final-render-sync-end: label=source-excerpt-feedback/excerpt-register-category/attempt2/retry-reopened/layout milliseconds=6 forcedScreenshotRender=False
source-excerpt-proof: feedback capture /Users/unterlantas/Documents/GitHub/URMAN/docs/production/act1_takeover_evidence_2026-09-16/images-len01-13/source_excerpt_Act1Len01FamilyFlowSmokeTest_excerpt-register-category_attempt02_retry-reopened_1920x1080.png
source-excerpt-raster-typography: {"action":"excerpt-register-category","phase":"retry-reopened","size":"(1920, 1080)","textScale":1,"rasterSize":"(1920, 1080)","logicalViewport":"(0, 0), (1920, 1080)","rasterRatio":"(1, 1)","readerBounds":"(754, 237), (774, 761)","labels":[{"name":"Hint","logicalFont":16,"screenFontPixels":16,"bounds":"(754, 871), (774, 49)","logicalHeight":49,"minimumHeight":49},{"name":"Source","logicalFont":16,"screenFontPixels":16,"bounds":"(754, 975), (774, 23)","logicalHeight":23,"minimumHeight":23}],"oracle":"actual raster / logical viewport extent times GlobalWithCanvas; no runtime screen-transform API"}
state-final-render-sync-begin: label=source-excerpt-feedback/excerpt-register-category/attempt2/retry-reopened/restore tick=92348 drawn=3330 process=3330 physics=3821 windowVisible=True focus=True mode=Windowed renderLoop=True
state-final-render-sync-end: label=source-excerpt-feedback/excerpt-register-category/attempt2/retry-reopened/restore milliseconds=7 forcedScreenshotRender=False
source-excerpt-category-retry: {"phase":"reopened-after-resize","reviewRequested":true,"known":true,"Available":true,"Recorded":true,"hint":"\u0412\u044B\u043F\u0438\u0441\u043A\u0438 \u0441\u043E\u0445\u0440\u0430\u043D\u0435\u043D\u044B. \u041D\u0430\u0438\u043B\u044F \u043F\u0440\u043E\u0441\u0438\u043B\u0430 \u0441\u0432\u0435\u0440\u0438\u0442\u044C \u043F\u043E\u043B\u0435 \u00AB\u041A\u0430\u0442\u0435\u0433\u043E\u0440\u0438\u044F\u00BB. \u0412\u044B\u0434\u0435\u043B\u0438\u0442\u0435 \u0435\u0433\u043E \u0437\u0430\u043D\u043E\u0432\u043E \u0446\u0435\u043B\u0438\u043A\u043E\u043C, \u0432\u043C\u0435\u0441\u0442\u0435 \u0441 \u0437\u0430\u0433\u043E\u043B\u043E\u0432\u043A\u043E\u043C.","selecting":false}
source-excerpt-selection-state: {"action":"excerpt-register-category","phase":"after-begin","processFrame":3330,"physicsFrame":3821,"selecting":true,"editorVisible":true,"recordDisabled":true,"selected":"","expected":"\u041A\u0430\u0442\u0435\u0433\u043E\u0440\u0438\u044F: \u0433\u0440\u0430\u043D\u0438\u0446\u0430 / \u043E\u0442\u0432\u0435\u0442\u0438\u043B.","exact":false,"editorContainsExpected":true,"selectionFrom":[0,0],"selectionTo":[0,0],"caret":[0,0],"editorFocused":true,"focusOwner":"/root/Act1Len01FamilyFlowSmokeTest/Act1Demo/Main/JournalUi/Screen/Book/Layout/WorkArea/Reader/Body/SourceExcerptText","editorRect":"(754, 286), (774, 554)","bodyRect":"(754, 286), (774, 554)","editorScroll":1.6875,"bodyScroll":0,"logicalViewport":"(0, 0), (1920, 1080)","windowSize":"(1280, 720)"}
source-excerpt-selection-state: {"action":"excerpt-register-category","phase":"after-exact-select","processFrame":3330,"physicsFrame":3821,"selecting":true,"editorVisible":true,"recordDisabled":true,"selected":"\u041A\u0430\u0442\u0435\u0433\u043E\u0440\u0438\u044F: \u0433\u0440\u0430\u043D\u0438\u0446\u0430 / \u043E\u0442\u0432\u0435\u0442\u0438\u043B.","expected":"\u041A\u0430\u0442\u0435\u0433\u043E\u0440\u0438\u044F: \u0433\u0440\u0430\u043D\u0438\u0446\u0430 / \u043E\u0442\u0432\u0435\u0442\u0438\u043B.","exact":true,"editorContainsExpected":true,"selectionFrom":[9,0],"selectionTo":[9,29],"caret":[9,29],"editorFocused":true,"focusOwner":"/root/Act1Len01FamilyFlowSmokeTest/Act1Demo/Main/JournalUi/Screen/Book/Layout/WorkArea/Reader/Body/SourceExcerptText","editorRect":"(754, 286), (774, 554)","bodyRect":"(754, 286), (774, 554)","editorScroll":1.6875,"bodyScroll":0,"logicalViewport":"(0, 0), (1920, 1080)","windowSize":"(1280, 720)"}
source-excerpt-selection-state: {"action":"excerpt-register-category","phase":"caret-changed-delivered","processFrame":3331,"physicsFrame":3822,"selecting":true,"editorVisible":true,"recordDisabled":false,"selected":"\u041A\u0430\u0442\u0435\u0433\u043E\u0440\u0438\u044F: \u0433\u0440\u0430\u043D\u0438\u0446\u0430 / \u043E\u0442\u0432\u0435\u0442\u0438\u043B.","expected":"\u041A\u0430\u0442\u0435\u0433\u043E\u0440\u0438\u044F: \u0433\u0440\u0430\u043D\u0438\u0446\u0430 / \u043E\u0442\u0432\u0435\u0442\u0438\u043B.","exact":true,"editorContainsExpected":true,"selectionFrom":[9,0],"selectionTo":[9,29],"caret":[9,29],"editorFocused":true,"focusOwner":"/root/Act1Len01FamilyFlowSmokeTest/Act1Demo/Main/JournalUi/Screen/Book/Layout/WorkArea/Reader/Body/SourceExcerptText","editorRect":"(754, 286), (774, 554)","bodyRect":"(754, 286), (774, 554)","editorScroll":1.6875,"bodyScroll":0,"logicalViewport":"(0, 0), (1920, 1080)","windowSize":"(1280, 720)"}
source-excerpt-selection-state: {"action":"excerpt-register-category","phase":"after-original-one-process-frame","processFrame":3331,"physicsFrame":3822,"selecting":true,"editorVisible":true,"recordDisabled":false,"selected":"\u041A\u0430\u0442\u0435\u0433\u043E\u0440\u0438\u044F: \u0433\u0440\u0430\u043D\u0438\u0446\u0430 / \u043E\u0442\u0432\u0435\u0442\u0438\u043B.","expected":"\u041A\u0430\u0442\u0435\u0433\u043E\u0440\u0438\u044F: \u0433\u0440\u0430\u043D\u0438\u0446\u0430 / \u043E\u0442\u0432\u0435\u0442\u0438\u043B.","exact":true,"editorContainsExpected":true,"selectionFrom":[9,0],"selectionTo":[9,29],"caret":[9,29],"editorFocused":true,"focusOwner":"/root/Act1Len01FamilyFlowSmokeTest/Act1Demo/Main/JournalUi/Screen/Book/Layout/WorkArea/Reader/Body/SourceExcerptText","editorRect":"(754, 286), (774, 521)","bodyRect":"(754, 286), (774, 521)","editorScroll":0,"bodyScroll":0,"logicalViewport":"(0, 0), (1920, 1080)","windowSize":"(1280, 720)"}
source-excerpt-selection-state: {"action":"excerpt-register-category","phase":"before-strict-record-check","processFrame":3332,"physicsFrame":3823,"selecting":true,"editorVisible":true,"recordDisabled":false,"selected":"\u041A\u0430\u0442\u0435\u0433\u043E\u0440\u0438\u044F: \u0433\u0440\u0430\u043D\u0438\u0446\u0430 / \u043E\u0442\u0432\u0435\u0442\u0438\u043B.","expected":"\u041A\u0430\u0442\u0435\u0433\u043E\u0440\u0438\u044F: \u0433\u0440\u0430\u043D\u0438\u0446\u0430 / \u043E\u0442\u0432\u0435\u0442\u0438\u043B.","exact":true,"editorContainsExpected":true,"selectionFrom":[9,0],"selectionTo":[9,29],"caret":[9,29],"editorFocused":true,"focusOwner":"/root/Act1Len01FamilyFlowSmokeTest/Act1Demo/Main/JournalUi/Screen/Book/Layout/WorkArea/Reader/Body/SourceExcerptText","editorRect":"(754, 286), (774, 521)","bodyRect":"(754, 286), (774, 521)","editorScroll":0,"bodyScroll":0,"logicalViewport":"(0, 0), (1920, 1080)","windowSize":"(1280, 720)"}
[598] journal.changed: urman.chapter1:interaction/excerpt-register-category
SaveGameV3 written to /Users/unterlantas/Library/Application Support/Godot/app_userdata/URMAN/savegames/checkpoint.savegame-v3.json
checkpoint: auto-saved at urman.chapter1:scene/evidence-internal-register
state-final-render-sync-begin: label=source-excerpt-feedback/excerpt-register-category/attempt2/saved/resize tick=92408 drawn=3333 process=3333 physics=3824 windowVisible=True focus=True mode=Windowed renderLoop=True
state-final-render-sync-end: label=source-excerpt-feedback/excerpt-register-category/attempt2/saved/resize milliseconds=5 forcedScreenshotRender=False
state-final-render-sync-begin: label=source-excerpt-feedback/excerpt-register-category/attempt2/saved/layout tick=92420 drawn=3335 process=3335 physics=3826 windowVisible=True focus=True mode=Windowed renderLoop=True
state-final-render-sync-end: label=source-excerpt-feedback/excerpt-register-category/attempt2/saved/layout milliseconds=6 forcedScreenshotRender=False
source-excerpt-proof: feedback capture /Users/unterlantas/Documents/GitHub/URMAN/docs/production/act1_takeover_evidence_2026-09-16/images-len01-13/source_excerpt_Act1Len01FamilyFlowSmokeTest_excerpt-register-category_attempt02_saved_1280x720.png
source-excerpt-raster-typography: {"action":"excerpt-register-category","phase":"saved","size":"(1280, 720)","textScale":1,"rasterSize":"(1280, 720)","logicalViewport":"(0, 0), (1920, 1080)","rasterRatio":"(0.6666667, 0.6666667)","readerBounds":"(502.6667, 158), (516, 507.33337)","labels":[{"name":"Hint","logicalFont":21,"screenFontPixels":14,"bounds":"(502.6667, 593.3334), (516, 42)","logicalHeight":63,"minimumHeight":63},{"name":"Source","logicalFont":21,"screenFontPixels":14,"bounds":"(502.6667, 645.3334), (516, 20)","logicalHeight":30,"minimumHeight":30}],"oracle":"actual raster / logical viewport extent times GlobalWithCanvas; no runtime screen-transform API"}
state-final-render-sync-begin: label=source-excerpt-feedback/excerpt-register-category/attempt2/saved/resize tick=92485 drawn=3335 process=3335 physics=3826 windowVisible=True focus=True mode=Windowed renderLoop=True
state-final-render-sync-end: label=source-excerpt-feedback/excerpt-register-category/attempt2/saved/resize milliseconds=30 forcedScreenshotRender=False
state-final-render-sync-begin: label=source-excerpt-feedback/excerpt-register-category/attempt2/saved/layout tick=92527 drawn=3338 process=3338 physics=3832 windowVisible=True focus=True mode=Windowed renderLoop=True
state-final-render-sync-end: label=source-excerpt-feedback/excerpt-register-category/attempt2/saved/layout milliseconds=6 forcedScreenshotRender=False
source-excerpt-proof: feedback capture /Users/unterlantas/Documents/GitHub/URMAN/docs/production/act1_takeover_evidence_2026-09-16/images-len01-13/source_excerpt_Act1Len01FamilyFlowSmokeTest_excerpt-register-category_attempt02_saved_1920x1080.png
source-excerpt-raster-typography: {"action":"excerpt-register-category","phase":"saved","size":"(1920, 1080)","textScale":1,"rasterSize":"(1920, 1080)","logicalViewport":"(0, 0), (1920, 1080)","rasterRatio":"(1, 1)","readerBounds":"(754, 237), (774, 761)","labels":[{"name":"Hint","logicalFont":16,"screenFontPixels":16,"bounds":"(754, 937), (774, 23)","logicalHeight":23,"minimumHeight":23},{"name":"Source","logicalFont":16,"screenFontPixels":16,"bounds":"(754, 975), (774, 23)","logicalHeight":23,"minimumHeight":23}],"oracle":"actual raster / logical viewport extent times GlobalWithCanvas; no runtime screen-transform API"}
state-final-render-sync-begin: label=source-excerpt-feedback/excerpt-register-category/attempt2/saved/restore tick=92710 drawn=3340 process=3340 physics=3843 windowVisible=True focus=True mode=Windowed renderLoop=True
state-final-render-sync-end: label=source-excerpt-feedback/excerpt-register-category/attempt2/saved/restore milliseconds=5 forcedScreenshotRender=False
state-final-render-sync-begin: label=source-excerpt-feedback/excerpt-register-category/attempt2/reopened/resize tick=92752 drawn=3345 process=3345 physics=3846 windowVisible=True focus=True mode=Windowed renderLoop=True
state-final-render-sync-end: label=source-excerpt-feedback/excerpt-register-category/attempt2/reopened/resize milliseconds=5 forcedScreenshotRender=False
state-final-render-sync-begin: label=source-excerpt-feedback/excerpt-register-category/attempt2/reopened/layout tick=92765 drawn=3347 process=3347 physics=3846 windowVisible=True focus=True mode=Windowed renderLoop=True
state-final-render-sync-end: label=source-excerpt-feedback/excerpt-register-category/attempt2/reopened/layout milliseconds=9 forcedScreenshotRender=False
source-excerpt-proof: feedback capture /Users/unterlantas/Documents/GitHub/URMAN/docs/production/act1_takeover_evidence_2026-09-16/images-len01-13/source_excerpt_Act1Len01FamilyFlowSmokeTest_excerpt-register-category_attempt02_reopened_1280x720.png
source-excerpt-raster-typography: {"action":"excerpt-register-category","phase":"reopened","size":"(1280, 720)","textScale":1,"rasterSize":"(1280, 720)","logicalViewport":"(0, 0), (1920, 1080)","rasterRatio":"(0.6666667, 0.6666667)","readerBounds":"(502.6667, 158), (516, 507.33337)","labels":[{"name":"Hint","logicalFont":21,"screenFontPixels":14,"bounds":"(502.6667, 593.3334), (516, 42)","logicalHeight":63,"minimumHeight":63},{"name":"Source","logicalFont":21,"screenFontPixels":14,"bounds":"(502.6667, 645.3334), (516, 20)","logicalHeight":30,"minimumHeight":30}],"oracle":"actual raster / logical viewport extent times GlobalWithCanvas; no runtime screen-transform API"}
state-final-render-sync-begin: label=source-excerpt-feedback/excerpt-register-category/attempt2/reopened/resize tick=92835 drawn=3347 process=3347 physics=3846 windowVisible=True focus=True mode=Windowed renderLoop=True
state-final-render-sync-end: label=source-excerpt-feedback/excerpt-register-category/attempt2/reopened/resize milliseconds=30 forcedScreenshotRender=False
state-final-render-sync-begin: label=source-excerpt-feedback/excerpt-register-category/attempt2/reopened/layout tick=92877 drawn=3350 process=3350 physics=3853 windowVisible=True focus=True mode=Windowed renderLoop=True
state-final-render-sync-end: label=source-excerpt-feedback/excerpt-register-category/attempt2/reopened/layout milliseconds=4 forcedScreenshotRender=False
source-excerpt-proof: feedback capture /Users/unterlantas/Documents/GitHub/URMAN/docs/production/act1_takeover_evidence_2026-09-16/images-len01-13/source_excerpt_Act1Len01FamilyFlowSmokeTest_excerpt-register-category_attempt02_reopened_1920x1080.png
source-excerpt-raster-typography: {"action":"excerpt-register-category","phase":"reopened","size":"(1920, 1080)","textScale":1,"rasterSize":"(1920, 1080)","logicalViewport":"(0, 0), (1920, 1080)","rasterRatio":"(1, 1)","readerBounds":"(754, 237), (774, 761)","labels":[{"name":"Hint","logicalFont":16,"screenFontPixels":16,"bounds":"(754, 937), (774, 23)","logicalHeight":23,"minimumHeight":23},{"name":"Source","logicalFont":16,"screenFontPixels":16,"bounds":"(754, 975), (774, 23)","logicalHeight":23,"minimumHeight":23}],"oracle":"actual raster / logical viewport extent times GlobalWithCanvas; no runtime screen-transform API"}
state-final-render-sync-begin: label=source-excerpt-feedback/excerpt-register-category/attempt2/reopened/restore tick=93059 drawn=3352 process=3352 physics=3864 windowVisible=True focus=True mode=Windowed renderLoop=True
state-final-render-sync-end: label=source-excerpt-feedback/excerpt-register-category/attempt2/reopened/restore milliseconds=5 forcedScreenshotRender=False
source-excerpt-proof: document=urman.oldpc:document/rec_marat_case_register_conflict action=excerpt-register-category; heading refused; cancel refused; actual TextEdit selection -> Record -> one source; scene preserved; one persistent confirmation and remaining fields survive reopen
SaveGameV3 written to /Users/unterlantas/Library/Application Support/Godot/app_userdata/URMAN/savegames/len01-category-excerpt-rechecked.savegame-v3.json
zone-loaded: house_old_pc@entry connected-world=109404229616
SaveGameV3 restored.
zone-loaded: village_day@from_house connected-world=109404229616
zone-loaded: fap_clinic@waiting_room connected-world=109404229616
SaveGameV3 written to /Users/unterlantas/Library/Application Support/Godot/app_userdata/URMAN/savegames/len01-matching-fields.savegame-v3.json
zone-loaded: fap_clinic@waiting_room connected-world=109404229616
SaveGameV3 restored.
SaveGameV3 written to /Users/unterlantas/Library/Application Support/Godot/app_userdata/URMAN/savegames/checkpoint.savegame-v3.json
checkpoint: auto-saved at urman.chapter1:scene/evidence-internal-register
zone-loaded: village_day@from_fap connected-world=109404229616
zone-loaded: house_old_pc@entry connected-world=109404229616
SaveGameV3 written to /Users/unterlantas/Library/Application Support/Godot/app_userdata/URMAN/savegames/checkpoint.savegame-v3.json
checkpoint: auto-saved at urman.chapter1:scene/evidence-internal-register
SaveGameV3 written to /Users/unterlantas/Library/Application Support/Godot/app_userdata/URMAN/savegames/len01-warning-contexts.savegame-v3.json
zone-loaded: house_old_pc@entry connected-world=109404229616
SaveGameV3 restored.
[669] scene.entered: urman.chapter1:interaction/internal-register-to-saved-message
SaveGameV3 written to /Users/unterlantas/Library/Application Support/Godot/app_userdata/URMAN/savegames/checkpoint.savegame-v3.json
checkpoint: auto-saved at urman.chapter1:scene/evidence-saved-message
SaveGameV3 written to /Users/unterlantas/Library/Application Support/Godot/app_userdata/URMAN/savegames/len01-message-misread.savegame-v3.json
zone-loaded: house_old_pc@entry connected-world=109404229616
SaveGameV3 restored.
zone-loaded: village_day@from_house connected-world=109404229616
SaveGameV3 written to /Users/unterlantas/Library/Application Support/Godot/app_userdata/URMAN/savegames/len01-message-question-pending.savegame-v3.json
zone-loaded: village_day@from_house connected-world=109404229616
SaveGameV3 restored.
zone-loaded: house_old_pc@entry connected-world=109404229616
source-formatting-proof: paired strong -> unchanged canonical paragraph -> real selection/save follows; literal stars and links retained
source-excerpt-selection-state: {"action":"excerpt-message-voice","phase":"wrong-before-resize","processFrame":3558,"physicsFrame":4069,"selecting":true,"editorVisible":true,"recordDisabled":false,"selected":"\u042D\u043A\u0441\u043F\u043E\u0440\u0442 \u0441\u043E\u043E\u0431\u0449\u0435\u043D\u0438\u044F","expected":"\u042D\u043A\u0441\u043F\u043E\u0440\u0442 \u0441\u043E\u043E\u0431\u0449\u0435\u043D\u0438\u044F","exact":true,"editorContainsExpected":true,"selectionFrom":[1,0],"selectionTo":[1,17],"caret":[1,17],"editorFocused":true,"focusOwner":"/root/Act1Len01FamilyFlowSmokeTest/Act1Demo/Main/JournalUi/Screen/Book/Layout/WorkArea/Reader/Body/SourceExcerptText","editorRect":"(754, 286), (774, 521)","bodyRect":"(754, 286), (774, 521)","editorScroll":0,"bodyScroll":0,"logicalViewport":"(0, 0), (1920, 1080)","windowSize":"(1280, 720)"}
state-final-render-sync-begin: label=source-excerpt-feedback/excerpt-message-voice/attempt1/wrong/resize tick=96485 drawn=3558 process=3558 physics=4069 windowVisible=True focus=True mode=Windowed renderLoop=True
state-final-render-sync-end: label=source-excerpt-feedback/excerpt-message-voice/attempt1/wrong/resize milliseconds=6 forcedScreenshotRender=False
state-final-render-sync-begin: label=source-excerpt-feedback/excerpt-message-voice/attempt1/wrong/layout tick=96499 drawn=3560 process=3560 physics=4070 windowVisible=True focus=True mode=Windowed renderLoop=True
state-final-render-sync-end: label=source-excerpt-feedback/excerpt-message-voice/attempt1/wrong/layout milliseconds=8 forcedScreenshotRender=False
source-excerpt-proof: feedback capture /Users/unterlantas/Documents/GitHub/URMAN/docs/production/act1_takeover_evidence_2026-09-16/images-len01-13/source_excerpt_Act1Len01FamilyFlowSmokeTest_excerpt-message-voice_attempt01_wrong_1280x720.png
source-excerpt-raster-typography: {"action":"excerpt-message-voice","phase":"wrong","size":"(1280, 720)","textScale":1,"rasterSize":"(1280, 720)","logicalViewport":"(0, 0), (1920, 1080)","rasterRatio":"(0.6666667, 0.6666667)","readerBounds":"(502.6667, 158), (516, 507.33337)","labels":[{"name":"Hint","logicalFont":21,"screenFontPixels":14,"bounds":"(502.6667, 499.33334), (516, 64.00003)","logicalHeight":96,"minimumHeight":96},{"name":"Feedback","logicalFont":21,"screenFontPixels":14,"bounds":"(502.6667, 596.6667), (516, 42)","logicalHeight":63,"minimumHeight":63},{"name":"Source","logicalFont":21,"screenFontPixels":14,"bounds":"(502.6667, 645.3334), (516, 20)","logicalHeight":30,"minimumHeight":30}],"oracle":"actual raster / logical viewport extent times GlobalWithCanvas; no runtime screen-transform API"}
state-final-render-sync-begin: label=source-excerpt-feedback/excerpt-message-voice/attempt1/wrong/resize tick=96566 drawn=3560 process=3560 physics=4070 windowVisible=True focus=True mode=Windowed renderLoop=True
state-final-render-sync-end: label=source-excerpt-feedback/excerpt-message-voice/attempt1/wrong/resize milliseconds=34 forcedScreenshotRender=False
state-final-render-sync-begin: label=source-excerpt-feedback/excerpt-message-voice/attempt1/wrong/layout tick=96607 drawn=3563 process=3563 physics=4077 windowVisible=True focus=True mode=Windowed renderLoop=True
state-final-render-sync-end: label=source-excerpt-feedback/excerpt-message-voice/attempt1/wrong/layout milliseconds=6 forcedScreenshotRender=False
source-excerpt-proof: feedback capture /Users/unterlantas/Documents/GitHub/URMAN/docs/production/act1_takeover_evidence_2026-09-16/images-len01-13/source_excerpt_Act1Len01FamilyFlowSmokeTest_excerpt-message-voice_attempt01_wrong_1920x1080.png
source-excerpt-raster-typography: {"action":"excerpt-message-voice","phase":"wrong","size":"(1920, 1080)","textScale":1,"rasterSize":"(1920, 1080)","logicalViewport":"(0, 0), (1920, 1080)","rasterRatio":"(1, 1)","readerBounds":"(754, 237), (774, 761)","labels":[{"name":"Hint","logicalFont":16,"screenFontPixels":16,"bounds":"(754, 791), (774, 75)","logicalHeight":75,"minimumHeight":75},{"name":"Feedback","logicalFont":16,"screenFontPixels":16,"bounds":"(754, 916), (774, 49)","logicalHeight":49,"minimumHeight":49},{"name":"Source","logicalFont":16,"screenFontPixels":16,"bounds":"(754, 975), (774, 23)","logicalHeight":23,"minimumHeight":23}],"oracle":"actual raster / logical viewport extent times GlobalWithCanvas; no runtime screen-transform API"}
state-final-render-sync-begin: label=source-excerpt-feedback/excerpt-message-voice/attempt1/wrong/restore tick=96809 drawn=3565 process=3565 physics=4089 windowVisible=True focus=True mode=Windowed renderLoop=True
state-final-render-sync-end: label=source-excerpt-feedback/excerpt-message-voice/attempt1/wrong/restore milliseconds=5 forcedScreenshotRender=False
source-excerpt-selection-state: {"action":"excerpt-message-voice","phase":"wrong-after-window-restore","processFrame":3565,"physicsFrame":4089,"selecting":true,"editorVisible":true,"recordDisabled":false,"selected":"\u042D\u043A\u0441\u043F\u043E\u0440\u0442 \u0441\u043E\u043E\u0431\u0449\u0435\u043D\u0438\u044F","expected":"\u042D\u043A\u0441\u043F\u043E\u0440\u0442 \u0441\u043E\u043E\u0431\u0449\u0435\u043D\u0438\u044F","exact":true,"editorContainsExpected":true,"selectionFrom":[1,0],"selectionTo":[1,17],"caret":[1,17],"editorFocused":true,"focusOwner":"/root/Act1Len01FamilyFlowSmokeTest/Act1Demo/Main/JournalUi/Screen/Book/Layout/WorkArea/Reader/Body/SourceExcerptText","editorRect":"(754, 286), (774, 453)","bodyRect":"(754, 286), (774, 453)","editorScroll":0,"bodyScroll":0,"logicalViewport":"(0, 0), (1920, 1080)","windowSize":"(1280, 720)"}
source-excerpt-selection-state: {"action":"excerpt-message-voice","phase":"after-back","processFrame":3565,"physicsFrame":4089,"selecting":false,"editorVisible":false,"recordDisabled":true,"selected":"","expected":"\u0421\u0435\u0433\u043E\u0434\u043D\u044F \u043E\u043F\u044F\u0442\u044C \u0441\u043B\u044B\u0448\u0430\u043B \u0438\u0437 \u0443\u0440\u043C\u0430\u043D\u0430 \u0433\u043E\u043B\u043E\u0441. \u041D\u0435 \u043A\u0430\u043A \u044D\u0445\u043E. \u041A\u0430\u043A \u0431\u0443\u0434\u0442\u043E \u0447\u0435\u043B\u043E\u0432\u0435\u043A \u0441\u0442\u043E\u0438\u0442 \u0440\u044F\u0434\u043E\u043C \u0441 \u0434\u0435\u0440\u0435\u0432\u044C\u044F\u043C\u0438 \u0438 \u0436\u0434\u0451\u0442, \u043A\u043E\u0433\u0434\u0430 \u0442\u044B \u043E\u0442\u0432\u0435\u0442\u0438\u0448\u044C.","exact":false,"editorContainsExpected":true,"selectionFrom":[1,17],"selectionTo":[1,17],"caret":[1,17],"editorFocused":false,"focusOwner":"/root/Act1Len01FamilyFlowSmokeTest/Act1Demo/Main/JournalUi/Screen/Book/Layout/WorkArea/Reader/Body","editorRect":"(754, 286), (774, 453)","bodyRect":"(754, 286), (774, 453)","editorScroll":0,"bodyScroll":0,"logicalViewport":"(0, 0), (1920, 1080)","windowSize":"(1280, 720)"}
source-excerpt-selection-state: {"action":"excerpt-message-voice","phase":"after-begin","processFrame":3565,"physicsFrame":4089,"selecting":true,"editorVisible":true,"recordDisabled":true,"selected":"","expected":"\u0421\u0435\u0433\u043E\u0434\u043D\u044F \u043E\u043F\u044F\u0442\u044C \u0441\u043B\u044B\u0448\u0430\u043B \u0438\u0437 \u0443\u0440\u043C\u0430\u043D\u0430 \u0433\u043E\u043B\u043E\u0441. \u041D\u0435 \u043A\u0430\u043A \u044D\u0445\u043E. \u041A\u0430\u043A \u0431\u0443\u0434\u0442\u043E \u0447\u0435\u043B\u043E\u0432\u0435\u043A \u0441\u0442\u043E\u0438\u0442 \u0440\u044F\u0434\u043E\u043C \u0441 \u0434\u0435\u0440\u0435\u0432\u044C\u044F\u043C\u0438 \u0438 \u0436\u0434\u0451\u0442, \u043A\u043E\u0433\u0434\u0430 \u0442\u044B \u043E\u0442\u0432\u0435\u0442\u0438\u0448\u044C.","exact":false,"editorContainsExpected":true,"selectionFrom":[0,0],"selectionTo":[0,0],"caret":[0,0],"editorFocused":true,"focusOwner":"/root/Act1Len01FamilyFlowSmokeTest/Act1Demo/Main/JournalUi/Screen/Book/Layout/WorkArea/Reader/Body/SourceExcerptText","editorRect":"(754, 286), (774, 453)","bodyRect":"(754, 286), (774, 453)","editorScroll":1.84375,"bodyScroll":0,"logicalViewport":"(0, 0), (1920, 1080)","windowSize":"(1280, 720)"}
source-excerpt-selection-state: {"action":"excerpt-message-voice","phase":"after-exact-select","processFrame":3565,"physicsFrame":4089,"selecting":true,"editorVisible":true,"recordDisabled":true,"selected":"\u0421\u0435\u0433\u043E\u0434\u043D\u044F \u043E\u043F\u044F\u0442\u044C \u0441\u043B\u044B\u0448\u0430\u043B \u0438\u0437 \u0443\u0440\u043C\u0430\u043D\u0430 \u0433\u043E\u043B\u043E\u0441. \u041D\u0435 \u043A\u0430\u043A \u044D\u0445\u043E. \u041A\u0430\u043A \u0431\u0443\u0434\u0442\u043E \u0447\u0435\u043B\u043E\u0432\u0435\u043A \u0441\u0442\u043E\u0438\u0442 \u0440\u044F\u0434\u043E\u043C \u0441 \u0434\u0435\u0440\u0435\u0432\u044C\u044F\u043C\u0438 \u0438 \u0436\u0434\u0451\u0442, \u043A\u043E\u0433\u0434\u0430 \u0442\u044B \u043E\u0442\u0432\u0435\u0442\u0438\u0448\u044C.","expected":"\u0421\u0435\u0433\u043E\u0434\u043D\u044F \u043E\u043F\u044F\u0442\u044C \u0441\u043B\u044B\u0448\u0430\u043B \u0438\u0437 \u0443\u0440\u043C\u0430\u043D\u0430 \u0433\u043E\u043B\u043E\u0441. \u041D\u0435 \u043A\u0430\u043A \u044D\u0445\u043E. \u041A\u0430\u043A \u0431\u0443\u0434\u0442\u043E \u0447\u0435\u043B\u043E\u0432\u0435\u043A \u0441\u0442\u043E\u0438\u0442 \u0440\u044F\u0434\u043E\u043C \u0441 \u0434\u0435\u0440\u0435\u0432\u044C\u044F\u043C\u0438 \u0438 \u0436\u0434\u0451\u0442, \u043A\u043E\u0433\u0434\u0430 \u0442\u044B \u043E\u0442\u0432\u0435\u0442\u0438\u0448\u044C.","exact":true,"editorContainsExpected":true,"selectionFrom":[9,0],"selectionTo":[9,118],"caret":[9,118],"editorFocused":true,"focusOwner":"/root/Act1Len01FamilyFlowSmokeTest/Act1Demo/Main/JournalUi/Screen/Book/Layout/WorkArea/Reader/Body/SourceExcerptText","editorRect":"(754, 286), (774, 453)","bodyRect":"(754, 286), (774, 453)","editorScroll":1.84375,"bodyScroll":0,"logicalViewport":"(0, 0), (1920, 1080)","windowSize":"(1280, 720)"}
source-excerpt-selection-state: {"action":"excerpt-message-voice","phase":"caret-changed-delivered","processFrame":3566,"physicsFrame":4090,"selecting":true,"editorVisible":true,"recordDisabled":false,"selected":"\u0421\u0435\u0433\u043E\u0434\u043D\u044F \u043E\u043F\u044F\u0442\u044C \u0441\u043B\u044B\u0448\u0430\u043B \u0438\u0437 \u0443\u0440\u043C\u0430\u043D\u0430 \u0433\u043E\u043B\u043E\u0441. \u041D\u0435 \u043A\u0430\u043A \u044D\u0445\u043E. \u041A\u0430\u043A \u0431\u0443\u0434\u0442\u043E \u0447\u0435\u043B\u043E\u0432\u0435\u043A \u0441\u0442\u043E\u0438\u0442 \u0440\u044F\u0434\u043E\u043C \u0441 \u0434\u0435\u0440\u0435\u0432\u044C\u044F\u043C\u0438 \u0438 \u0436\u0434\u0451\u0442, \u043A\u043E\u0433\u0434\u0430 \u0442\u044B \u043E\u0442\u0432\u0435\u0442\u0438\u0448\u044C.","expected":"\u0421\u0435\u0433\u043E\u0434\u043D\u044F \u043E\u043F\u044F\u0442\u044C \u0441\u043B\u044B\u0448\u0430\u043B \u0438\u0437 \u0443\u0440\u043C\u0430\u043D\u0430 \u0433\u043E\u043B\u043E\u0441. \u041D\u0435 \u043A\u0430\u043A \u044D\u0445\u043E. \u041A\u0430\u043A \u0431\u0443\u0434\u0442\u043E \u0447\u0435\u043B\u043E\u0432\u0435\u043A \u0441\u0442\u043E\u0438\u0442 \u0440\u044F\u0434\u043E\u043C \u0441 \u0434\u0435\u0440\u0435\u0432\u044C\u044F\u043C\u0438 \u0438 \u0436\u0434\u0451\u0442, \u043A\u043E\u0433\u0434\u0430 \u0442\u044B \u043E\u0442\u0432\u0435\u0442\u0438\u0448\u044C.","exact":true,"editorContainsExpected":true,"selectionFrom":[9,0],"selectionTo":[9,118],"caret":[9,118],"editorFocused":true,"focusOwner":"/root/Act1Len01FamilyFlowSmokeTest/Act1Demo/Main/JournalUi/Screen/Book/Layout/WorkArea/Reader/Body/SourceExcerptText","editorRect":"(754, 286), (774, 453)","bodyRect":"(754, 286), (774, 453)","editorScroll":1.84375,"bodyScroll":0,"logicalViewport":"(0, 0), (1920, 1080)","windowSize":"(1280, 720)"}
source-excerpt-selection-state: {"action":"excerpt-message-voice","phase":"after-original-one-process-frame","processFrame":3566,"physicsFrame":4090,"selecting":true,"editorVisible":true,"recordDisabled":false,"selected":"\u0421\u0435\u0433\u043E\u0434\u043D\u044F \u043E\u043F\u044F\u0442\u044C \u0441\u043B\u044B\u0448\u0430\u043B \u0438\u0437 \u0443\u0440\u043C\u0430\u043D\u0430 \u0433\u043E\u043B\u043E\u0441. \u041D\u0435 \u043A\u0430\u043A \u044D\u0445\u043E. \u041A\u0430\u043A \u0431\u0443\u0434\u0442\u043E \u0447\u0435\u043B\u043E\u0432\u0435\u043A \u0441\u0442\u043E\u0438\u0442 \u0440\u044F\u0434\u043E\u043C \u0441 \u0434\u0435\u0440\u0435\u0432\u044C\u044F\u043C\u0438 \u0438 \u0436\u0434\u0451\u0442, \u043A\u043E\u0433\u0434\u0430 \u0442\u044B \u043E\u0442\u0432\u0435\u0442\u0438\u0448\u044C.","expected":"\u0421\u0435\u0433\u043E\u0434\u043D\u044F \u043E\u043F\u044F\u0442\u044C \u0441\u043B\u044B\u0448\u0430\u043B \u0438\u0437 \u0443\u0440\u043C\u0430\u043D\u0430 \u0433\u043E\u043B\u043E\u0441. \u041D\u0435 \u043A\u0430\u043A \u044D\u0445\u043E. \u041A\u0430\u043A \u0431\u0443\u0434\u0442\u043E \u0447\u0435\u043B\u043E\u0432\u0435\u043A \u0441\u0442\u043E\u0438\u0442 \u0440\u044F\u0434\u043E\u043C \u0441 \u0434\u0435\u0440\u0435\u0432\u044C\u044F\u043C\u0438 \u0438 \u0436\u0434\u0451\u0442, \u043A\u043E\u0433\u0434\u0430 \u0442\u044B \u043E\u0442\u0432\u0435\u0442\u0438\u0448\u044C.","exact":true,"editorContainsExpected":true,"selectionFrom":[9,0],"selectionTo":[9,118],"caret":[9,118],"editorFocused":true,"focusOwner":"/root/Act1Len01FamilyFlowSmokeTest/Act1Demo/Main/JournalUi/Screen/Book/Layout/WorkArea/Reader/Body/SourceExcerptText","editorRect":"(754, 286), (774, 521)","bodyRect":"(754, 286), (774, 521)","editorScroll":0,"bodyScroll":0,"logicalViewport":"(0, 0), (1920, 1080)","windowSize":"(1280, 720)"}
source-excerpt-selection-state: {"action":"excerpt-message-voice","phase":"before-strict-record-check","processFrame":3567,"physicsFrame":4090,"selecting":true,"editorVisible":true,"recordDisabled":false,"selected":"\u0421\u0435\u0433\u043E\u0434\u043D\u044F \u043E\u043F\u044F\u0442\u044C \u0441\u043B\u044B\u0448\u0430\u043B \u0438\u0437 \u0443\u0440\u043C\u0430\u043D\u0430 \u0433\u043E\u043B\u043E\u0441. \u041D\u0435 \u043A\u0430\u043A \u044D\u0445\u043E. \u041A\u0430\u043A \u0431\u0443\u0434\u0442\u043E \u0447\u0435\u043B\u043E\u0432\u0435\u043A \u0441\u0442\u043E\u0438\u0442 \u0440\u044F\u0434\u043E\u043C \u0441 \u0434\u0435\u0440\u0435\u0432\u044C\u044F\u043C\u0438 \u0438 \u0436\u0434\u0451\u0442, \u043A\u043E\u0433\u0434\u0430 \u0442\u044B \u043E\u0442\u0432\u0435\u0442\u0438\u0448\u044C.","expected":"\u0421\u0435\u0433\u043E\u0434\u043D\u044F \u043E\u043F\u044F\u0442\u044C \u0441\u043B\u044B\u0448\u0430\u043B \u0438\u0437 \u0443\u0440\u043C\u0430\u043D\u0430 \u0433\u043E\u043B\u043E\u0441. \u041D\u0435 \u043A\u0430\u043A \u044D\u0445\u043E. \u041A\u0430\u043A \u0431\u0443\u0434\u0442\u043E \u0447\u0435\u043B\u043E\u0432\u0435\u043A \u0441\u0442\u043E\u0438\u0442 \u0440\u044F\u0434\u043E\u043C \u0441 \u0434\u0435\u0440\u0435\u0432\u044C\u044F\u043C\u0438 \u0438 \u0436\u0434\u0451\u0442, \u043A\u043E\u0433\u0434\u0430 \u0442\u044B \u043E\u0442\u0432\u0435\u0442\u0438\u0448\u044C.","exact":true,"editorContainsExpected":true,"selectionFrom":[9,0],"selectionTo":[9,118],"caret":[9,118],"editorFocused":true,"focusOwner":"/root/Act1Len01FamilyFlowSmokeTest/Act1Demo/Main/JournalUi/Screen/Book/Layout/WorkArea/Reader/Body/SourceExcerptText","editorRect":"(754, 286), (774, 521)","bodyRect":"(754, 286), (774, 521)","editorScroll":0,"bodyScroll":0,"logicalViewport":"(0, 0), (1920, 1080)","windowSize":"(1280, 720)"}
[709] journal.changed: urman.chapter1:interaction/excerpt-message-voice
[710] journal.changed: urman.chapter1:interaction/excerpt-message-voice
SaveGameV3 written to /Users/unterlantas/Library/Application Support/Godot/app_userdata/URMAN/savegames/checkpoint.savegame-v3.json
checkpoint: auto-saved at urman.chapter1:scene/evidence-saved-message
state-final-render-sync-begin: label=source-excerpt-feedback/excerpt-message-voice/attempt1/saved/resize tick=96861 drawn=3568 process=3568 physics=4091 windowVisible=True focus=True mode=Windowed renderLoop=True
state-final-render-sync-end: label=source-excerpt-feedback/excerpt-message-voice/attempt1/saved/resize milliseconds=5 forcedScreenshotRender=False
state-final-render-sync-begin: label=source-excerpt-feedback/excerpt-message-voice/attempt1/saved/layout tick=96872 drawn=3570 process=3570 physics=4093 windowVisible=True focus=True mode=Windowed renderLoop=True
state-final-render-sync-end: label=source-excerpt-feedback/excerpt-message-voice/attempt1/saved/layout milliseconds=5 forcedScreenshotRender=False
source-excerpt-proof: feedback capture /Users/unterlantas/Documents/GitHub/URMAN/docs/production/act1_takeover_evidence_2026-09-16/images-len01-13/source_excerpt_Act1Len01FamilyFlowSmokeTest_excerpt-message-voice_attempt01_saved_1280x720.png
source-excerpt-raster-typography: {"action":"excerpt-message-voice","phase":"saved","size":"(1280, 720)","textScale":1,"rasterSize":"(1280, 720)","logicalViewport":"(0, 0), (1920, 1080)","rasterRatio":"(0.6666667, 0.6666667)","readerBounds":"(502.6667, 158), (516, 507.33337)","labels":[{"name":"Hint","logicalFont":21,"screenFontPixels":14,"bounds":"(502.6667, 593.3334), (516, 42)","logicalHeight":63,"minimumHeight":63},{"name":"Source","logicalFont":21,"screenFontPixels":14,"bounds":"(502.6667, 645.3334), (516, 20)","logicalHeight":30,"minimumHeight":30}],"oracle":"actual raster / logical viewport extent times GlobalWithCanvas; no runtime screen-transform API"}
state-final-render-sync-begin: label=source-excerpt-feedback/excerpt-message-voice/attempt1/saved/resize tick=96937 drawn=3570 process=3570 physics=4093 windowVisible=True focus=True mode=Windowed renderLoop=True
state-final-render-sync-end: label=source-excerpt-feedback/excerpt-message-voice/attempt1/saved/resize milliseconds=29 forcedScreenshotRender=False
state-final-render-sync-begin: label=source-excerpt-feedback/excerpt-message-voice/attempt1/saved/layout tick=96975 drawn=3573 process=3573 physics=4099 windowVisible=True focus=True mode=Windowed renderLoop=True
state-final-render-sync-end: label=source-excerpt-feedback/excerpt-message-voice/attempt1/saved/layout milliseconds=6 forcedScreenshotRender=False
source-excerpt-proof: feedback capture /Users/unterlantas/Documents/GitHub/URMAN/docs/production/act1_takeover_evidence_2026-09-16/images-len01-13/source_excerpt_Act1Len01FamilyFlowSmokeTest_excerpt-message-voice_attempt01_saved_1920x1080.png
source-excerpt-raster-typography: {"action":"excerpt-message-voice","phase":"saved","size":"(1920, 1080)","textScale":1,"rasterSize":"(1920, 1080)","logicalViewport":"(0, 0), (1920, 1080)","rasterRatio":"(1, 1)","readerBounds":"(754, 237), (774, 761)","labels":[{"name":"Hint","logicalFont":16,"screenFontPixels":16,"bounds":"(754, 937), (774, 23)","logicalHeight":23,"minimumHeight":23},{"name":"Source","logicalFont":16,"screenFontPixels":16,"bounds":"(754, 975), (774, 23)","logicalHeight":23,"minimumHeight":23}],"oracle":"actual raster / logical viewport extent times GlobalWithCanvas; no runtime screen-transform API"}
state-final-render-sync-begin: label=source-excerpt-feedback/excerpt-message-voice/attempt1/saved/restore tick=97158 drawn=3575 process=3575 physics=4110 windowVisible=True focus=True mode=Windowed renderLoop=True
state-final-render-sync-end: label=source-excerpt-feedback/excerpt-message-voice/attempt1/saved/restore milliseconds=5 forcedScreenshotRender=False
state-final-render-sync-begin: label=source-excerpt-feedback/excerpt-message-voice/attempt1/reopened/resize tick=97196 drawn=3580 process=3580 physics=4112 windowVisible=True focus=True mode=Windowed renderLoop=True
state-final-render-sync-end: label=source-excerpt-feedback/excerpt-message-voice/attempt1/reopened/resize milliseconds=4 forcedScreenshotRender=False
state-final-render-sync-begin: label=source-excerpt-feedback/excerpt-message-voice/attempt1/reopened/layout tick=97207 drawn=3582 process=3582 physics=4113 windowVisible=True focus=True mode=Windowed renderLoop=True
state-final-render-sync-end: label=source-excerpt-feedback/excerpt-message-voice/attempt1/reopened/layout milliseconds=9 forcedScreenshotRender=False
source-excerpt-proof: feedback capture /Users/unterlantas/Documents/GitHub/URMAN/docs/production/act1_takeover_evidence_2026-09-16/images-len01-13/source_excerpt_Act1Len01FamilyFlowSmokeTest_excerpt-message-voice_attempt01_reopened_1280x720.png
source-excerpt-raster-typography: {"action":"excerpt-message-voice","phase":"reopened","size":"(1280, 720)","textScale":1,"rasterSize":"(1280, 720)","logicalViewport":"(0, 0), (1920, 1080)","rasterRatio":"(0.6666667, 0.6666667)","readerBounds":"(502.6667, 158), (516, 507.33337)","labels":[{"name":"Hint","logicalFont":21,"screenFontPixels":14,"bounds":"(502.6667, 593.3334), (516, 42)","logicalHeight":63,"minimumHeight":63},{"name":"Source","logicalFont":21,"screenFontPixels":14,"bounds":"(502.6667, 645.3334), (516, 20)","logicalHeight":30,"minimumHeight":30}],"oracle":"actual raster / logical viewport extent times GlobalWithCanvas; no runtime screen-transform API"}
state-final-render-sync-begin: label=source-excerpt-feedback/excerpt-message-voice/attempt1/reopened/resize tick=97278 drawn=3582 process=3582 physics=4113 windowVisible=True focus=True mode=Windowed renderLoop=True
state-final-render-sync-end: label=source-excerpt-feedback/excerpt-message-voice/attempt1/reopened/resize milliseconds=36 forcedScreenshotRender=False
state-final-render-sync-begin: label=source-excerpt-feedback/excerpt-message-voice/attempt1/reopened/layout tick=97329 drawn=3585 process=3585 physics=4120 windowVisible=True focus=True mode=Windowed renderLoop=True
state-final-render-sync-end: label=source-excerpt-feedback/excerpt-message-voice/attempt1/reopened/layout milliseconds=5 forcedScreenshotRender=False
source-excerpt-proof: feedback capture /Users/unterlantas/Documents/GitHub/URMAN/docs/production/act1_takeover_evidence_2026-09-16/images-len01-13/source_excerpt_Act1Len01FamilyFlowSmokeTest_excerpt-message-voice_attempt01_reopened_1920x1080.png
source-excerpt-raster-typography: {"action":"excerpt-message-voice","phase":"reopened","size":"(1920, 1080)","textScale":1,"rasterSize":"(1920, 1080)","logicalViewport":"(0, 0), (1920, 1080)","rasterRatio":"(1, 1)","readerBounds":"(754, 237), (774, 761)","labels":[{"name":"Hint","logicalFont":16,"screenFontPixels":16,"bounds":"(754, 937), (774, 23)","logicalHeight":23,"minimumHeight":23},{"name":"Source","logicalFont":16,"screenFontPixels":16,"bounds":"(754, 975), (774, 23)","logicalHeight":23,"minimumHeight":23}],"oracle":"actual raster / logical viewport extent times GlobalWithCanvas; no runtime screen-transform API"}
state-final-render-sync-begin: label=source-excerpt-feedback/excerpt-message-voice/attempt1/reopened/restore tick=97512 drawn=3587 process=3587 physics=4131 windowVisible=True focus=True mode=Windowed renderLoop=True
state-final-render-sync-end: label=source-excerpt-feedback/excerpt-message-voice/attempt1/reopened/restore milliseconds=6 forcedScreenshotRender=False
source-excerpt-proof: document=urman.oldpc:document/msg_marat_saved_last_normal action=excerpt-message-voice; heading refused; cancel refused; actual TextEdit selection -> Record -> one source; scene preserved; one persistent confirmation and remaining fields survive reopen
SaveGameV3 written to /Users/unterlantas/Library/Application Support/Godot/app_userdata/URMAN/savegames/len01-message-source-checked.savegame-v3.json
zone-loaded: house_old_pc@entry connected-world=109404229616
SaveGameV3 restored.
zone-loaded: village_day@from_house connected-world=109404229616
SaveGameV3 written to /Users/unterlantas/Library/Application Support/Godot/app_userdata/URMAN/savegames/len01-message-corrected.savegame-v3.json
zone-loaded: village_day@from_house connected-world=109404229616
SaveGameV3 restored.
zone-loaded: house_old_pc@entry connected-world=109404229616
[736] scene.entered: urman.chapter1:interaction/saved-message-to-boundary-source
SaveGameV3 written to /Users/unterlantas/Library/Application Support/Godot/app_userdata/URMAN/savegames/checkpoint.savegame-v3.json
checkpoint: auto-saved at urman.chapter1:scene/evidence-tatarwiki-boundary
SaveGameV3 written to /Users/unterlantas/Library/Application Support/Godot/app_userdata/URMAN/savegames/len01-pending-revise-echo.savegame-v3.json
zone-loaded: house_old_pc@entry connected-world=109404229616
SaveGameV3 restored.
SaveGameV3 written to /Users/unterlantas/Library/Application Support/Godot/app_userdata/URMAN/savegames/checkpoint.savegame-v3.json
checkpoint: auto-saved at urman.chapter1:scene/evidence-tatarwiki-boundary
SaveGameV3 written to /Users/unterlantas/Library/Application Support/Godot/app_userdata/URMAN/savegames/len01-revised-revise-echo.savegame-v3.json
zone-loaded: house_old_pc@entry connected-world=109404229616
SaveGameV3 restored.
SaveGameV3 written to /Users/unterlantas/Library/Application Support/Godot/app_userdata/URMAN/savegames/checkpoint.savegame-v3.json
checkpoint: auto-saved at urman.chapter1:scene/evidence-tatarwiki-boundary
SaveGameV3 written to /Users/unterlantas/Library/Application Support/Godot/app_userdata/URMAN/savegames/len01-pending-revise-creature.savegame-v3.json
zone-loaded: house_old_pc@entry connected-world=109404229616
SaveGameV3 restored.
SaveGameV3 written to /Users/unterlantas/Library/Application Support/Godot/app_userdata/URMAN/savegames/checkpoint.savegame-v3.json
checkpoint: auto-saved at urman.chapter1:scene/evidence-tatarwiki-boundary
SaveGameV3 written to /Users/unterlantas/Library/Application Support/Godot/app_userdata/URMAN/savegames/len01-revised-revise-creature.savegame-v3.json
zone-loaded: house_old_pc@entry connected-world=109404229616
SaveGameV3 restored.
SaveGameV3 written to /Users/unterlantas/Library/Application Support/Godot/app_userdata/URMAN/savegames/checkpoint.savegame-v3.json
checkpoint: auto-saved at urman.chapter1:scene/evidence-tatarwiki-boundary
[786] scene.entered: urman.chapter1:interaction/boundary-source-to-reread
SaveGameV3 written to /Users/unterlantas/Library/Application Support/Godot/app_userdata/URMAN/savegames/checkpoint.savegame-v3.json
checkpoint: auto-saved at urman.chapter1:scene/evidence-tatarwiki-reread
SaveGameV3 written to /Users/unterlantas/Library/Application Support/Godot/app_userdata/URMAN/savegames/checkpoint.savegame-v3.json
checkpoint: auto-saved at urman.chapter1:scene/evidence-tatarwiki-reread
WARNING: Interaction urman.chapter1:interaction/reread-to-edge-sketch rejected: ContentConditionRejected Content conditions rejected this action.
     at: void Urman.Godot.RuntimeBridge+<DispatchCompiledInteractionAsync>d__129.MoveNext() (res://scripts/RuntimeBridge.cs:1139)
     C# backtrace (most recent call first):
         [0] void Godot.GD.PushWarning(string) (/root/godot/modules/mono/glue/GodotSharp/GodotSharp/Core/GD.cs:396)
         [1] void Urman.Godot.RuntimeBridge+<DispatchCompiledInteractionAsync>d__129.MoveNext() (/Users/unterlantas/Documents/GitHub/URMAN/game/scripts/RuntimeBridge.cs:1139)
         [2] void System.Runtime.CompilerServices.AsyncTaskMethodBuilder`1.Start<TStateMachine>(TStateMachine&)
         [3] System.Threading.Tasks.Task`1[System.Boolean] Urman.Godot.RuntimeBridge.DispatchCompiledInteractionAsync(Urman.Godot.CompiledInteractionContent)
         [4] void Urman.Godot.RuntimeBridge+<DispatchInteractionAsync>d__91.MoveNext() (/Users/unterlantas/Documents/GitHub/URMAN/game/scripts/RuntimeBridge.cs:534)
         [5] void System.Runtime.CompilerServices.AsyncTaskMethodBuilder`1.Start<TStateMachine>(TStateMachine&)
         [6] System.Threading.Tasks.Task`1[System.Boolean] Urman.Godot.RuntimeBridge.DispatchInteractionAsync(string)
         [7] void Urman.Godot.Tests.Act1SourceReturnsProof+<CompleteAsync>d__8.MoveNext() (/Users/unterlantas/Documents/GitHub/URMAN/game/tests/Act1Len01FamilyFlowSmokeTest.cs:1713)
         [8] void System.Runtime.CompilerServices.AsyncTaskMethodBuilder`1.Start<TStateMachine>(TStateMachine&)
         [9] System.Threading.Tasks.Task`1[System.Boolean] Urman.Godot.Tests.Act1SourceReturnsProof.CompleteAsync(Godot.Node, Urman.Godot.RuntimeBridge, bool, bool, bool, System.Func`2[System.String,System.Threading.Tasks.Task`1[System.Boolean]])
         [10] void Urman.Godot.Tests.Act1Len01FamilyFlowSmokeTest+<_Ready>d__13.MoveNext() (/Users/unterlantas/Documents/GitHub/URMAN/game/tests/Act1Len01FamilyFlowSmokeTest.cs:482)
         [11] void System.Threading.ExecutionContext.RunInternal(System.Threading.ExecutionContext, System.Threading.ContextCallback, object)
         [12] void System.Threading.Tasks.AwaitTaskContinuation.RunCallback(System.Threading.ContextCallback, object, System.Threading.Tasks.Task&)
         [13] void System.Threading.Tasks.Task.RunContinuations(object)
         [14] void System.Runtime.CompilerServices.AsyncTaskMethodBuilder`1.SetExistingTaskResult(System.Threading.Tasks.Task`1[TResult], TResult)
         [15] void Urman.Godot.RuntimeBridge+<CompareJournalSourcesAsync>d__105.MoveNext() (/Users/unterlantas/Documents/GitHub/URMAN/game/scripts/RuntimeBridge.cs:700)
         [16] void System.Threading.ExecutionContext.RunInternal(System.Threading.ExecutionContext, System.Threading.ContextCallback, object)
         [17] void System.Runtime.CompilerServices.AsyncTaskMethodBuilder`1+AsyncStateMachineBox`1.MoveNext()
         [18] void System.Threading.Tasks.AwaitTaskContinuation.RunCallback(System.Threading.ContextCallback, object, System.Threading.Tasks.Task&)
         [19] void System.Threading.Tasks.Task.RunContinuations(object)
         [20] void System.Runtime.CompilerServices.AsyncTaskMethodBuilder.SetResult()
         [21] void Urman.Godot.RuntimeBridge+<SaveCheckpointAsync>d__92.MoveNext() (/Users/unterlantas/Documents/GitHub/URMAN/game/scripts/RuntimeBridge.cs:579)
         [22] void System.Threading.ExecutionContext.RunInternal(System.Threading.ExecutionContext, System.Threading.ContextCallback, object)
         [23] void System.Threading.Tasks.AwaitTaskContinuation.RunCallback(System.Threading.ContextCallback, object, System.Threading.Tasks.Task&)
         [24] void System.Threading.Tasks.Task.RunContinuations(object)
         [25] void System.Runtime.CompilerServices.AsyncTaskMethodBuilder`1.SetExistingTaskResult(System.Threading.Tasks.Task`1[TResult], TResult)
         [26] void Urman.Godot.RuntimeBridge+<SaveSlotAsync>d__67.MoveNext() (/Users/unterlantas/Documents/GitHub/URMAN/game/scripts/RuntimeBridge.cs:201)
         [27] void System.Threading.ExecutionContext.RunInternal(System.Threading.ExecutionContext, System.Threading.ContextCallback, object)
         [28] void System.Runtime.CompilerServices.AsyncTaskMethodBuilder`1+AsyncStateMachineBox`1.MoveNext()
         [29] void System.Threading.Tasks.AwaitTaskContinuation.RunCallback(System.Threading.ContextCallback, object, System.Threading.Tasks.Task&)
         [30] void System.Threading.Tasks.Task.RunContinuations(object)
         [31] void System.Runtime.CompilerServices.AsyncTaskMethodBuilder.SetResult()
         [32] void Urman.Core.Persistence.AtomicSaveGameStore+<SaveAsync>d__3.MoveNext() (/Users/unterlantas/Documents/GitHub/URMAN/src-dotnet/Urman.Core/Persistence/AtomicSaveGameStore.cs:57)
         [33] void System.Threading.ExecutionContext.RunInternal(System.Threading.ExecutionContext, System.Threading.ContextCallback, object)
         [34] void System.Threading.ThreadPool+<>c.<.cctor>b__48_0(object)
         [35] void Godot.GodotSynchronizationContext.ExecutePendingContinuations() (/root/godot/modules/mono/glue/GodotSharp/GodotSharp/Core/GodotSynchronizationContext.cs:51)
         [36] void Godot.GodotTaskScheduler.Activate() (/root/godot/modules/mono/glue/GodotSharp/GodotSharp/Core/GodotTaskScheduler.cs:76)
         [37] void Godot.Bridge.ScriptManagerBridge.FrameCallback() (/root/godot/modules/mono/glue/GodotSharp/GodotSharp/Core/Bridge/ScriptManagerBridge.cs:84)
SaveGameV3 written to /Users/unterlantas/Library/Application Support/Godot/app_userdata/URMAN/savegames/len01-mansur-note-unanswered.savegame-v3.json
zone-loaded: house_old_pc@entry connected-world=109404229616
SaveGameV3 restored.
SaveGameV3 written to /Users/unterlantas/Library/Application Support/Godot/app_userdata/URMAN/savegames/checkpoint.savegame-v3.json
checkpoint: auto-saved at urman.chapter1:scene/evidence-tatarwiki-reread
SaveGameV3 written to /Users/unterlantas/Library/Application Support/Godot/app_userdata/URMAN/savegames/len01-mosque-address-heard.savegame-v3.json
zone-loaded: house_old_pc@entry connected-world=109404229616
SaveGameV3 restored.
SaveGameV3 written to /Users/unterlantas/Library/Application Support/Godot/app_userdata/URMAN/savegames/checkpoint.savegame-v3.json
checkpoint: auto-saved at urman.chapter1:scene/evidence-tatarwiki-reread
SaveGameV3 written to /Users/unterlantas/Library/Application Support/Godot/app_userdata/URMAN/savegames/len01-mosque-extension-source-5f6e12a9e3ab440ca10509bc5d1ce8f9.savegame-v3.json
zone-loaded: house_old_pc@entry connected-world=109404229616
SaveGameV3 restored.
SaveGameV3 written to /Users/unterlantas/Library/Application Support/Godot/app_userdata/URMAN/savegames/checkpoint.savegame-v3.json
checkpoint: auto-saved at urman.chapter1:scene/evidence-tatarwiki-reread
SaveGameV3 written to /Users/unterlantas/Library/Application Support/Godot/app_userdata/URMAN/savegames/len01-mosque-extension-restored.savegame-v3.json
zone-loaded: house_old_pc@entry connected-world=109404229616
SaveGameV3 restored.
source-returns-proof: mosque address heard only after actual Mansur choice; repeat/load retain one record; declared prior-extension record absence requires new manual question; no map location granted
SaveGameV3 written to /Users/unterlantas/Library/Application Support/Godot/app_userdata/URMAN/savegames/checkpoint.savegame-v3.json
checkpoint: auto-saved at urman.chapter1:scene/evidence-tatarwiki-reread
SaveGameV3 written to /Users/unterlantas/Library/Application Support/Godot/app_userdata/URMAN/savegames/len01-damaged-case-unresolved.savegame-v3.json
zone-loaded: house_old_pc@entry connected-world=109404229616
SaveGameV3 restored.
SaveGameV3 written to /Users/unterlantas/Library/Application Support/Godot/app_userdata/URMAN/savegames/checkpoint.savegame-v3.json
checkpoint: auto-saved at urman.chapter1:scene/evidence-tatarwiki-reread
SaveGameV3 written to /Users/unterlantas/Library/Application Support/Godot/app_userdata/URMAN/savegames/len01-accounting-question-pending.savegame-v3.json
zone-loaded: house_old_pc@entry connected-world=109404229616
SaveGameV3 restored.
SaveGameV3 written to /Users/unterlantas/Library/Application Support/Godot/app_userdata/URMAN/savegames/checkpoint.savegame-v3.json
checkpoint: auto-saved at urman.chapter1:scene/evidence-tatarwiki-reread
SaveGameV3 written to /Users/unterlantas/Library/Application Support/Godot/app_userdata/URMAN/savegames/len01-rinat-accounting-abandoned.savegame-v3.json
zone-loaded: house_old_pc@entry connected-world=109404229616
SaveGameV3 restored.
SaveGameV3 written to /Users/unterlantas/Library/Application Support/Godot/app_userdata/URMAN/savegames/checkpoint.savegame-v3.json
checkpoint: auto-saved at urman.chapter1:scene/evidence-tatarwiki-reread
SaveGameV3 written to /Users/unterlantas/Library/Application Support/Godot/app_userdata/URMAN/savegames/len01-source-returns-completed.savegame-v3.json
zone-loaded: house_old_pc@entry connected-world=109404229616
SaveGameV3 restored.
source-returns-proof: two actual archive sources, explicit Mansur reply, bounded accounting comparison, actual Rinat question, hypothesis labels; order=note-first; no repeated pressure or early rule; traversal, interest and duration remain separate
[943] scene.entered: urman.chapter1:interaction/reread-to-edge-sketch
document-image-ui: area len01_edge_sketch_archive 1280x720 canvas=(860, 270) fit=(405, 270) logicalCanvas=(1290, 405) logicalFit=(607.5, 405) rootLogical=(1920, 1080) contentBase=(1920, 1080) contentFactor=1 rootVisible=(1920, 1080) window=(1280, 720) captured=(1280, 720) pixelSource=PNG pixelScale=(0.6666667, 0.6666667)
document-image-ui: area len01_edge_sketch_archive 1920x1080 canvas=(1290, 549) fit=(823.5, 549) logicalCanvas=(1290, 549) logicalFit=(823.5, 549) rootLogical=(1920, 1080) contentBase=(1920, 1080) contentFactor=1 rootVisible=(1920, 1080) window=(1920, 1080) captured=(1920, 1080) pixelSource=PNG pixelScale=(1, 1)
document-image-ui: PASS len01_edge_sketch_archive actual=urman.chapter1:asset/kara-urman-edge-sketch-image 720p-large/1080p fit/zoom/pan/text, no knowledge mutation
document-image-ui: area len01_edge_sketch_paper 1280x720 canvas=(869.3334, 369.33334) fit=(554, 369.33334) logicalCanvas=(1304, 554) logicalFit=(831, 554) rootLogical=(1920, 1080) contentBase=(1920, 1080) contentFactor=1 rootVisible=(1920, 1080) window=(1280, 720) captured=(1280, 720) pixelSource=PNG pixelScale=(0.6666667, 0.6666667)
document-image-ui: area len01_edge_sketch_paper 1920x1080 canvas=(788, 585) fit=(788, 525.33325) logicalCanvas=(788, 585) logicalFit=(788, 525.33325) rootLogical=(1920, 1080) contentBase=(1920, 1080) contentFactor=1 rootVisible=(1920, 1080) window=(1920, 1080) captured=(1920, 1080) pixelSource=PNG pixelScale=(1, 1)
document-image-ui: PASS len01_edge_sketch_paper actual=urman.chapter1:asset/kara-urman-edge-sketch-image 720p-large/1080p fit/zoom/pan/text, no knowledge mutation
document-image-ui: area len01_edge_sketch_journal 1280x720 canvas=(740, 290) fit=(435, 290) logicalCanvas=(1110, 435) logicalFit=(652.5, 435) rootLogical=(1920, 1080) contentBase=(1920, 1080) contentFactor=1 rootVisible=(1920, 1080) window=(1280, 720) captured=(1280, 720) pixelSource=PNG pixelScale=(0.6666667, 0.6666667)
document-image-ui: area len01_edge_sketch_journal 1920x1080 canvas=(774, 535) fit=(774, 516) logicalCanvas=(774, 535) logicalFit=(774, 516) rootLogical=(1920, 1080) contentBase=(1920, 1080) contentFactor=1 rootVisible=(1920, 1080) window=(1920, 1080) captured=(1920, 1080) pixelSource=PNG pixelScale=(1, 1)
document-image-ui: PASS len01_edge_sketch_journal actual=urman.chapter1:asset/kara-urman-edge-sketch-image 720p-large/1080p fit/zoom/pan/text, no knowledge mutation
zone-loaded: village_day@from_house connected-world=109404229616
SaveGameV3 written to /Users/unterlantas/Library/Application Support/Godot/app_userdata/URMAN/savegames/len01-unanswered-timur.savegame-v3.json
zone-loaded: village_day@from_house connected-world=109404229616
SaveGameV3 restored.
SaveGameV3 written to /Users/unterlantas/Library/Application Support/Godot/app_userdata/URMAN/savegames/len01-shurale-name-heard.savegame-v3.json
zone-loaded: village_day@from_house connected-world=109404229616
SaveGameV3 restored.
SaveGameV3 written to /Users/unterlantas/Library/Application Support/Godot/app_userdata/URMAN/savegames/len01-route-hope.savegame-v3.json
zone-loaded: village_day@from_house connected-world=109404229616
SaveGameV3 restored.
zone-loaded: house_old_pc@entry connected-world=109404229616
SaveGameV3 written to /Users/unterlantas/Library/Application Support/Godot/app_userdata/URMAN/savegames/checkpoint.savegame-v3.json
checkpoint: auto-saved at urman.chapter1:scene/evidence-edge-sketch
SaveGameV3 written to /Users/unterlantas/Library/Application Support/Godot/app_userdata/URMAN/savegames/len01-route-purpose.savegame-v3.json
zone-loaded: house_old_pc@entry connected-world=109404229616
SaveGameV3 restored.
zone-loaded: village_day@from_house connected-world=109404229616
SaveGameV3 written to /Users/unterlantas/Library/Application Support/Godot/app_userdata/URMAN/savegames/len01-route-discussed.savegame-v3.json
zone-loaded: village_day@from_house connected-world=109404229616
SaveGameV3 restored.
[1037] scene.entered: urman.chapter1:interaction/edge-sketch-to-zirat-road
SaveGameV3 written to /Users/unterlantas/Library/Application Support/Godot/app_userdata/URMAN/savegames/checkpoint.savegame-v3.json
checkpoint: auto-saved at urman.chapter1:scene/zirat-road
zone-loaded: zirat_road@village_side connected-world=109404229616
rinat-standing-probe: before feet=(0, -0.29301956, -53.5) ground=(0, -0.44761515, -82.5) collider=/root/Act1Len01FamilyFlowSmokeTest/Act1Demo/Main/ZoneHost/Act1ConnectedWorld/Act1CoreWorldGreybox/AgentBExteriorWorld/AgentB_TerrainCollision unfiltered=/root/Act1Len01FamilyFlowSmokeTest/Act1Demo/Main/ZoneHost/Act1ConnectedWorld/Act1CoreWorldGreybox/AgentBExteriorWorld/AgentB_TerrainCollision floor=True crouch=False modal=False fade=0.16560964
rinat-standing-probe: after feet=(0, -0.4474589, -82.5) ground=(0, -0.44761515, -82.5) collider=/root/Act1Len01FamilyFlowSmokeTest/Act1Demo/Main/ZoneHost/Act1ConnectedWorld/Act1CoreWorldGreybox/AgentBExteriorWorld/AgentB_TerrainCollision floor=True crouch=False modal=False velocity=(0, 0, 0) fade=0.041760653
SaveGameV3 written to /Users/unterlantas/Library/Application Support/Godot/app_userdata/URMAN/savegames/len01-rinat-roadside-pending.savegame-v3.json
zone-loaded: zirat_road@village_side connected-world=109404229616
SaveGameV3 restored.
rinat-standing-probe: before feet=(0, -0.4474589, -82.5) ground=(0, -0.44761515, -82.5) collider=/root/Act1Len01FamilyFlowSmokeTest/Act1Demo/Main/ZoneHost/Act1ConnectedWorld/Act1CoreWorldGreybox/AgentBExteriorWorld/AgentB_TerrainCollision unfiltered=/root/Act1Len01FamilyFlowSmokeTest/Act1Demo/Main/Player floor=True crouch=False modal=False fade=0.12078181
rinat-standing-probe: after feet=(0, -0.4474589, -82.5) ground=(0, -0.44761515, -82.5) collider=/root/Act1Len01FamilyFlowSmokeTest/Act1Demo/Main/ZoneHost/Act1ConnectedWorld/Act1CoreWorldGreybox/AgentBExteriorWorld/AgentB_TerrainCollision floor=True crouch=False modal=False velocity=(0, 0, 0) fade=0.005659491
[1045] journal.changed: urman.chapter1:interaction/observe-rinat-roadside
SaveGameV3 written to /Users/unterlantas/Library/Application Support/Godot/app_userdata/URMAN/savegames/checkpoint.savegame-v3.json
checkpoint: auto-saved at urman.chapter1:scene/zirat-road
SaveGameV3 written to /Users/unterlantas/Library/Application Support/Godot/app_userdata/URMAN/savegames/len01-rinat-roadside-observed.savegame-v3.json
zone-loaded: zirat_road@village_side connected-world=109404229616
SaveGameV3 restored.
rinat-roadside-proof: real target and standing live view; look-away rejected; presence recorded once; final rule hidden; pending and observed saves restored; traversal and artistic acceptance remain separate
route-landmarks-view: feet=(2.0287335, -0.1045308, -71) eye=(2.009457, 1.5954692, -71.17896) lookAt=(1.5796309, 0.46780565, -75.34942) hit=/root/Act1Len01FamilyFlowSmokeTest/Act1Demo/Main/ZoneHost/Act1ConnectedWorld/zirat-return-road/Observation_observe-sketch-landmarks semantic=True liveView=True targetAvailable=True
state-final-render-sync-begin: label=route-landmarks/Act1Len01FamilyFlowSmokeTest tick=113594 drawn=4424 process=4424 physics=5096 windowVisible=True focus=True mode=Windowed renderLoop=True
state-final-render-sync-end: label=route-landmarks/Act1Len01FamilyFlowSmokeTest milliseconds=17 forcedScreenshotRender=False
route-landmarks-frame: /Users/unterlantas/Documents/GitHub/URMAN/docs/production/act1_takeover_evidence_2026-09-16/images-len01-13/route_landmarks_Act1Len01FamilyFlowSmokeTest_ready.png
[1053] journal.changed: urman.chapter1:interaction/observe-sketch-landmarks
SaveGameV3 written to /Users/unterlantas/Library/Application Support/Godot/app_userdata/URMAN/savegames/checkpoint.savegame-v3.json
checkpoint: auto-saved at urman.chapter1:scene/zirat-road
route-landmarks-proof: ordinary standing camera; look-away refused; ray -> actual target -> one field source
SaveGameV3 written to /Users/unterlantas/Library/Application Support/Godot/app_userdata/URMAN/savegames/len01-landmarks-before-tag.savegame-v3.json
zone-loaded: zirat_road@village_side connected-world=109404229616
SaveGameV3 restored.
[1061] journal.changed: urman.chapter1:interaction/zirat-roadside-clue
SaveGameV3 written to /Users/unterlantas/Library/Application Support/Godot/app_userdata/URMAN/savegames/checkpoint.savegame-v3.json
checkpoint: auto-saved at urman.chapter1:scene/zirat-road
SaveGameV3 written to /Users/unterlantas/Library/Application Support/Godot/app_userdata/URMAN/savegames/checkpoint.savegame-v3.json
checkpoint: auto-saved at urman.chapter1:scene/zirat-road
SaveGameV3 written to /Users/unterlantas/Library/Application Support/Godot/app_userdata/URMAN/savegames/len01-pending-revise-inside.savegame-v3.json
zone-loaded: zirat_road@village_side connected-world=109404229616
SaveGameV3 restored.
SaveGameV3 written to /Users/unterlantas/Library/Application Support/Godot/app_userdata/URMAN/savegames/checkpoint.savegame-v3.json
checkpoint: auto-saved at urman.chapter1:scene/zirat-road
SaveGameV3 written to /Users/unterlantas/Library/Application Support/Godot/app_userdata/URMAN/savegames/len01-revised-revise-inside.savegame-v3.json
zone-loaded: zirat_road@village_side connected-world=109404229616
SaveGameV3 restored.
SaveGameV3 written to /Users/unterlantas/Library/Application Support/Godot/app_userdata/URMAN/savegames/checkpoint.savegame-v3.json
checkpoint: auto-saved at urman.chapter1:scene/zirat-road
SaveGameV3 written to /Users/unterlantas/Library/Application Support/Godot/app_userdata/URMAN/savegames/len01-pending-revise-identity.savegame-v3.json
zone-loaded: zirat_road@village_side connected-world=109404229616
SaveGameV3 restored.
SaveGameV3 written to /Users/unterlantas/Library/Application Support/Godot/app_userdata/URMAN/savegames/checkpoint.savegame-v3.json
checkpoint: auto-saved at urman.chapter1:scene/zirat-road
SaveGameV3 written to /Users/unterlantas/Library/Application Support/Godot/app_userdata/URMAN/savegames/len01-revised-revise-identity.savegame-v3.json
zone-loaded: zirat_road@village_side connected-world=109404229616
SaveGameV3 restored.
SaveGameV3 written to /Users/unterlantas/Library/Application Support/Godot/app_userdata/URMAN/savegames/checkpoint.savegame-v3.json
checkpoint: auto-saved at urman.chapter1:scene/zirat-road
route-source-order-proof: field view -> save/load -> sketch revisit -> tag -> two revised hypotheses -> main-route comparison
zone-loaded: village_day@arrival connected-world=109404229616
SaveGameV3 new game session started; existing slots untouched.
WARNING: Interaction urman.chapter1:interaction/arrival-enter-house rejected: ContentConditionRejected Content conditions rejected this action.
     at: void Urman.Godot.RuntimeBridge+<DispatchCompiledInteractionAsync>d__129.MoveNext() (res://scripts/RuntimeBridge.cs:1139)
     C# backtrace (most recent call first):
         [0] void Godot.GD.PushWarning(string) (/root/godot/modules/mono/glue/GodotSharp/GodotSharp/Core/GD.cs:396)
         [1] void Urman.Godot.RuntimeBridge+<DispatchCompiledInteractionAsync>d__129.MoveNext() (/Users/unterlantas/Documents/GitHub/URMAN/game/scripts/RuntimeBridge.cs:1139)
         [2] void System.Runtime.CompilerServices.AsyncTaskMethodBuilder`1.Start<TStateMachine>(TStateMachine&)
         [3] System.Threading.Tasks.Task`1[System.Boolean] Urman.Godot.RuntimeBridge.DispatchCompiledInteractionAsync(Urman.Godot.CompiledInteractionContent)
         [4] void Urman.Godot.RuntimeBridge+<DispatchInteractionAsync>d__91.MoveNext() (/Users/unterlantas/Documents/GitHub/URMAN/game/scripts/RuntimeBridge.cs:534)
         [5] void System.Runtime.CompilerServices.AsyncTaskMethodBuilder`1.Start<TStateMachine>(TStateMachine&)
         [6] System.Threading.Tasks.Task`1[System.Boolean] Urman.Godot.RuntimeBridge.DispatchInteractionAsync(string)
         [7] void Urman.Godot.Tests.Act1ArrivalFlowProof+<CompleteAsync>d__1.MoveNext() (/Users/unterlantas/Documents/GitHub/URMAN/game/tests/Act1Len01FamilyFlowSmokeTest.cs:1509)
         [8] void System.Runtime.CompilerServices.AsyncTaskMethodBuilder.Start<TStateMachine>(TStateMachine&)
         [9] System.Threading.Tasks.Task Urman.Godot.Tests.Act1ArrivalFlowProof.CompleteAsync(Godot.Node, Urman.Godot.RuntimeBridge, string, bool)
         [10] void Urman.Godot.Tests.Act1Len01FamilyFlowSmokeTest+<VerifyAlternativeFamilyStart>d__14.MoveNext() (/Users/unterlantas/Documents/GitHub/URMAN/game/tests/Act1Len01FamilyFlowSmokeTest.cs:648)
         [11] void System.Threading.ExecutionContext.RunInternal(System.Threading.ExecutionContext, System.Threading.ContextCallback, object)
         [12] void System.Threading.Tasks.AwaitTaskContinuation.RunCallback(System.Threading.ContextCallback, object, System.Threading.Tasks.Task&)
         [13] void System.Threading.Tasks.Task.RunContinuations(object)
         [14] void System.Runtime.CompilerServices.AsyncTaskMethodBuilder.SetResult()
         [15] void Urman.Godot.Tests.Act1Len01FamilyFlowSmokeTest+<Frames>d__49.MoveNext() (/Users/unterlantas/Documents/GitHub/URMAN/game/tests/Act1Len01FamilyFlowSmokeTest.cs:1225)
         [16] void System.Threading.ExecutionContext.RunInternal(System.Threading.ExecutionContext, System.Threading.ContextCallback, object)
         [17] void System.Runtime.CompilerServices.AsyncTaskMethodBuilder`1+AsyncStateMachineBox`1.MoveNext()
         [18] void Godot.SignalAwaiter.SignalCallback(nint, Godot.NativeInterop.godot_variant**, int, Godot.NativeInterop.godot_bool*) (/root/godot/modules/mono/glue/GodotSharp/GodotSharp/Core/SignalAwaiter.cs:65)
arrival-flow: source UI, remembered phrase, distinct keep-silent, explicit house continuation
[34] scene.entered: urman.chapter1:interaction/arrival-enter-house
zone-loaded: house_old_pc@entry connected-world=109404229616
SaveGameV3 written to /Users/unterlantas/Library/Application Support/Godot/app_userdata/URMAN/savegames/len01-early-warning.savegame-v3.json
zone-loaded: house_old_pc@entry connected-world=109404229616
SaveGameV3 restored.
SaveGameV3 written to /Users/unterlantas/Library/Application Support/Godot/app_userdata/URMAN/savegames/len01-meal-deferred.savegame-v3.json
zone-loaded: house_old_pc@entry connected-world=109404229616
SaveGameV3 restored.
state-final-render-sync-begin: label=family_home_deferred_inside_silent tick=118437 drawn=4694 process=4694 physics=5385 windowVisible=True focus=True mode=Windowed renderLoop=True
state-final-render-sync-end: label=family_home_deferred_inside_silent milliseconds=8 forcedScreenshotRender=False
family-notebook-rendered-capture: /Users/unterlantas/Documents/GitHub/URMAN/docs/production/act1_takeover_evidence_2026-09-16/images-len01-13/family_home_deferred_inside_silent.png
zone-loaded: village_day@from_house connected-world=109404229616
state-final-render-sync-begin: label=family_home_deferred_outside_silent tick=118827 drawn=4706 process=4706 physics=5409 windowVisible=True focus=True mode=Windowed renderLoop=True
state-final-render-sync-end: label=family_home_deferred_outside_silent milliseconds=14 forcedScreenshotRender=False
family-notebook-rendered-capture: /Users/unterlantas/Documents/GitHub/URMAN/docs/production/act1_takeover_evidence_2026-09-16/images-len01-13/family_home_deferred_outside_silent.png
SaveGameV3 written to /Users/unterlantas/Library/Application Support/Godot/app_userdata/URMAN/savegames/len01-meal-deferred-outside.savegame-v3.json
zone-loaded: village_day@from_house connected-world=109404229616
SaveGameV3 restored.
zone-loaded: house_old_pc@entry connected-world=109404229616
SaveGameV3 written to /Users/unterlantas/Library/Application Support/Godot/app_userdata/URMAN/savegames/len01-meal-invitation-abandoned.savegame-v3.json
zone-loaded: house_old_pc@entry connected-world=109404229616
SaveGameV3 restored.
SaveGameV3 written to /Users/unterlantas/Library/Application Support/Godot/app_userdata/URMAN/savegames/len01-meal-reply-unfinished.savegame-v3.json
zone-loaded: house_old_pc@entry connected-world=109404229616
SaveGameV3 restored.
SaveGameV3 written to /Users/unterlantas/Library/Application Support/Godot/app_userdata/URMAN/savegames/len01-meal-completed.savegame-v3.json
zone-loaded: house_old_pc@entry connected-world=109404229616
SaveGameV3 restored.
state-final-render-sync-begin: label=family_home_completed_silent tick=120404 drawn=4791 process=4791 physics=5504 windowVisible=True focus=True mode=Windowed renderLoop=True
state-final-render-sync-end: label=family_home_completed_silent milliseconds=7 forcedScreenshotRender=False
family-notebook-rendered-capture: /Users/unterlantas/Documents/GitHub/URMAN/docs/production/act1_takeover_evidence_2026-09-16/images-len01-13/family_home_completed_silent.png
family-meal-proof: actual invitation, source-dependent personal reply, explicit meal acceptance; topic=silent; decline/return/load=True; no timer, movement automation or human-duration claim
act1-len01-family-flow: normal start; unanswered permission; domestic wrong source/reread/return; family and Alsu source checks; Naila field question/misreading/reread/correction; message source/overstatement/Alsu return; voice and route hypotheses corrected against original sources through journal UI; production article reread presentation; preserved-world revisits; unearned-source rejection; Timur greeting/doubt/refusal/reread/return; distinct saved investigation stages; clean new game. Technical coverage only.
WARNING: 7 RIDs of type "Texture" were leaked.
   at: finalize (servers/rendering/rendering_device.cpp:8900)
userdata guard: original files and permissions restored and verified
