Godot Engine v4.7.1.stable.mono.official.a13da4feb - https://godotengine.org
Metal 4.0 - Forward+ - Using Device #0: Apple - Apple M4 Pro (Apple9)

act1-river: ice_slabs=31 blockers=29 road_gap_samples=2 bridge=broken@(15,-85)
village-chimney: /root/Act1NotebookShopSmokeTest/Act1Demo/Main/ZoneHost/Act1ConnectedWorld/Act1CoreWorldGreybox/Act1AuthoredExteriorKitPresentation/ArrivalAuthoredParcels/ArrivalForwardWestFacade/DwellingFacade_TimberPlaster/DwellingFacade_ChimneyCap_LOD0 top=(-10.2875, 4.7722464, 2.3450005)
village-chimney: /root/Act1NotebookShopSmokeTest/Act1Demo/Main/ZoneHost/Act1ConnectedWorld/Act1CoreWorldGreybox/Act1AuthoredExteriorKitPresentation/DistantPerimeterParcels/WestArrivalNearParcel/WestArrivalNearFacade/DwellingFacade_TimberPlaster/DwellingFacade_ChimneyCap_LOD0 top=(-19.730013, 3.9641316, 15.965501)
act1-terrain-room-cut: room=/root/Act1NotebookShopSmokeTest/Act1Demo/Main/ZoneHost/Act1ConnectedWorld/babay-abi-house half=(4, 3.5) affectedTriangles=48 clippedVertices=49980 publishedVertices=49980 physicsVertices=49980 visualAndPhysics=shared-published-faces
act1-apron-room-cut: mesh=/root/Act1NotebookShopSmokeTest/Act1Demo/Main/ZoneHost/Act1ConnectedWorld/Act1CoreWorldGreybox/AgentBExteriorWorld/AgentB_TerrainRoadKit/URMAN_AgentB_TerrainRoadKit/Apron_BabaiYard affectedTriangles=11 clippedVertices=123 surfaces=1 collision=existing-terrain-owner
act1-south-fence-house-junction: wallX=-33.5880 retainedMembers=13 retiredPostsAndCaps=10 supportedWestWing=2.4920m
act1-drain-bank-conform: mesh=/root/Act1NotebookShopSmokeTest/Act1Demo/Main/ZoneHost/Act1ConnectedWorld/Act1CoreWorldGreybox/AgentBExteriorWorld/AgentB_TerrainRoadKit/URMAN_AgentB_TerrainRoadKit/BabaiYard_EastFenceSwale originalTriangles=78 affectedTriangles=35 outputTriangles=3543 groundOwner=unchanged
act1-mosque-terrain-cut: affectedTriangles=70 publishedVertices=49980 physicsVertices=49980 sameOwner=true
act1-school-bank-cut: mesh=/root/Act1NotebookShopSmokeTest/Act1Demo/Main/ZoneHost/Act1ConnectedWorld/Act1CoreWorldGreybox/AgentBExteriorWorld/AgentB_TerrainRoadKit/URMAN_AgentB_TerrainRoadKit/Ditch_FieldBank_EastZirat room=/root/Act1NotebookShopSmokeTest/Act1Demo/Main/ZoneHost/Act1ConnectedWorld/Act1CoreWorldGreybox/Act1AuthoredExteriorKitPresentation/DistantPerimeterParcels/EastReturnMidParcel/EastReturnMidFacade/PublicInterior_school/MainRoom half=(2.5154998, 2.3804996) affectedTriangles=20 clippedVertices=486 publishedVertices=486 floorY=-0.0049708784 collision=unchanged-existing-terrain-and-timber-floor
act1-council-fence-format: source=urman_village_exterior_kit_Cube_040 vertices=96 normals=96 uv=96 tangents=384 colors=0 uv2=0 lods=0 sourceFormat=536875031 publishedFormat=4119
act1-council-fence-format: source=urman_village_exterior_kit_FenceSegment_RailMiddle_Crooked_LOD0Mesh vertices=48 normals=48 uv=0 tangents=192 colors=0 uv2=0 lods=0 sourceFormat=536875015 publishedFormat=4103
act1-council-fence-format: source=urman_village_exterior_kit_Cube_039 vertices=96 normals=96 uv=96 tangents=384 colors=0 uv2=0 lods=0 sourceFormat=536875031 publishedFormat=4119
act1-council-fence-junction: fence=/root/Act1NotebookShopSmokeTest/Act1Demo/Main/ZoneHost/Act1ConnectedWorld/Act1CoreWorldGreybox/Act1AuthoredExteriorKitPresentation/DistantPerimeterParcels/EastStreetHorizonParcel/EastStreetHorizonFence wall=/root/Act1NotebookShopSmokeTest/Act1Demo/Main/ZoneHost/Act1ConnectedWorld/Act1CoreWorldGreybox/Act1AuthoredExteriorKitPresentation/DistantPerimeterParcels/EastStreetHorizonParcel/EastStreetHorizonFacade/VillageParcel_VariantA_TimberGable_Dwelling/VariantA_TimberGable_Dwelling_SeniRear_Wall_LOD0 localCutZ=-4.4 hiddenMembers=4 trimmedRails=3 retainedMembers=8 sourceAsset=unchanged
act1-roadside-grounding: independent contact meshes=34; source meshes and usable footbridge preserved
act1-kit-blockers: placements=100 shapes=1579 carved_door_slabs=101 flat_slab_skipped=2469 exact_architecture_surfaces=911 hidden_skipped=7 road_clearance_skipped=0
act1-dwelling-threshold: placements=83 worst_analytic_vs_collision_delta=0.028m worst_placement=ArrivalForwardEastShed
act1-building-supports: supported foundations=137; maximum ground drop=1.136m; level entrances preserved
act1-council-fence-contacts: retainedSourceContacts=0 hiddenMemberContacts=0 newBodyOwners=0
zone-loaded: village_day@arrival connected-world=109404229615
УРМАН Godot vertical slice ready: Painterly Low-Poly / first person
act1-smoke: background input replay; focus-loss pause isolated from this test scene
act1-window-surrounds: painted=1020
act1-legacy-sign: suppressed=1
zone-loaded: village_day@arrival connected-world=109404229615
SaveGameV3 new game session started; existing slots untouched.
act1-intro: confirmed with E
{"kind":"notebook-write-state","phase":"before-immediate-save","editorLength":50,"runtimeLength":0,"dirty":false,"saving":false,"saveDisabled":false,"visible":true,"status":"","sameSession":true}
ERROR: SaveGameV3 write failed: The file '/Users/unterlantas/Library/Application Support/Godot/app_userdata/URMAN/notebook-shop-fault-36fd9dc4bb7e429d97f5a1b725ab5b0b/not-a-directory' already exists.
   at: void Urman.Godot.RuntimeBridge+<SaveSlotAsync>d__67.MoveNext() (res://scripts/RuntimeBridge.cs:192)
   C# backtrace (most recent call first):
       [0] void Godot.GD.PushError(string) (/root/godot/modules/mono/glue/GodotSharp/GodotSharp/Core/GD.cs:366)
       [1] void Urman.Godot.RuntimeBridge+<SaveSlotAsync>d__67.MoveNext() (/Users/unterlantas/Documents/GitHub/URMAN/game/scripts/RuntimeBridge.cs:192)
       [2] void System.Runtime.CompilerServices.AsyncMethodBuilderCore.Start<TStateMachine>(TStateMachine&)
       [3] void System.Runtime.CompilerServices.AsyncTaskMethodBuilder`1.Start<TStateMachine>(TStateMachine&)
       [4] System.Threading.Tasks.Task`1[System.Boolean] Urman.Godot.RuntimeBridge.SaveSlotAsync(string)
       [5] void Urman.Godot.RuntimeBridge+<SavePersonalNotebookAsync>d__180.MoveNext() (/Users/unterlantas/Documents/GitHub/URMAN/game/scripts/RuntimeBridge.Notebook.cs:147)
       [6] void System.Runtime.CompilerServices.AsyncMethodBuilderCore.Start<TStateMachine>(TStateMachine&)
       [7] void System.Runtime.CompilerServices.AsyncTaskMethodBuilder`1.Start<TStateMachine>(TStateMachine&)
       [8] System.Threading.Tasks.Task`1[System.Boolean] Urman.Godot.RuntimeBridge.SavePersonalNotebookAsync(string)
       [9] void Urman.Godot.JournalUi+<SaveNotebookDraftAsync>d__76.MoveNext() (/Users/unterlantas/Documents/GitHub/URMAN/game/scripts/JournalUi.Notebook.cs:152)
       [10] void System.Runtime.CompilerServices.AsyncMethodBuilderCore.Start<TStateMachine>(TStateMachine&)
       [11] void System.Runtime.CompilerServices.AsyncTaskMethodBuilder`1.Start<TStateMachine>(TStateMachine&)
       [12] System.Threading.Tasks.Task`1[System.Boolean] Urman.Godot.JournalUi.SaveNotebookDraftAsync()
       [13] void Urman.Godot.JournalUi+<<BuildNotebookUi>b__73_2>d.MoveNext() (/Users/unterlantas/Documents/GitHub/URMAN/game/scripts/JournalUi.Notebook.cs:80)
       [14] void System.Runtime.CompilerServices.AsyncMethodBuilderCore.Start<TStateMachine>(TStateMachine&)
       [15] void Urman.Godot.JournalUi.<BuildNotebookUi>b__73_2()
       [16] void Godot.Callable.<From>g__Trampoline|1_0(object, Godot.NativeInterop.NativeVariantPtrArgs, Godot.NativeInterop.godot_variant&) (/root/godot/modules/mono/glue/GodotSharp/GodotSharp/Core/Callable.generics.cs:39)
       [17] void Godot.DelegateUtils.InvokeWithVariantArgs(nint, System.Void*, Godot.NativeInterop.godot_variant**, int, Godot.NativeInterop.godot_variant*) (/root/godot/modules/mono/glue/GodotSharp/GodotSharp/Core/DelegateUtils.cs:86)
       [18] Godot.NativeInterop.godot_variant Godot.NativeInterop.NativeFuncs.godotsharp_method_bind_call(nint, nint, Godot.NativeInterop.godot_variant**, int, Godot.NativeInterop.godot_variant_call_error&) (/root/godot/modules/mono/glue/GodotSharp/GodotSharp/Godot.SourceGenerators.Internal/Godot.SourceGenerators.Internal.UnmanagedCallbacksGenerator/Godot.NativeInterop.NativeFuncs.generated.cs:388)
       [19] int Godot.NativeCalls.godot_icall_2_921(nint, nint, Godot.NativeInterop.godot_string_name, System.ReadOnlySpan`1[Godot.Variant], Godot.NativeInterop.godot_string_name) (/root/godot/modules/mono/glue/GodotSharp/GodotSharp/Generated/NativeCalls.cs:8163)
       [20] Godot.Error Godot.GodotObject.EmitSignal(Godot.StringName, Godot.Variant[]) (/root/godot/modules/mono/glue/GodotSharp/GodotSharp/Generated/GodotObjects/GodotObject.cs:719)
       [21] void Urman.Godot.Tests.Act1NotebookShopSmokeTest+<CheckNotebookAsync>d__10.MoveNext() (/Users/unterlantas/Documents/GitHub/URMAN/game/tests/Act1NotebookShopSmokeTest.cs:116)
       [22] void System.Runtime.CompilerServices.AsyncTaskMethodBuilder`1+AsyncStateMachineBox`1.ExecutionContextCallback(object)
       [23] void System.Threading.ExecutionContext.RunInternal(System.Threading.ExecutionContext, System.Threading.ContextCallback, object)
       [24] void System.Runtime.CompilerServices.AsyncTaskMethodBuilder`1+AsyncStateMachineBox`1.MoveNext(System.Threading.Thread)
       [25] void System.Threading.Tasks.AwaitTaskContinuation.RunCallback(System.Threading.ContextCallback, object, System.Threading.Tasks.Task&)
       [26] void System.Threading.Tasks.Task.RunContinuations(object)
       [27] bool System.Threading.Tasks.Task`1.TrySetResult(TResult)
       [28] void System.Runtime.CompilerServices.AsyncTaskMethodBuilder`1.SetExistingTaskResult(System.Threading.Tasks.Task`1[TResult], TResult)
       [29] void Urman.Godot.Tests.Act1NotebookShopSmokeTest+<Frames>d__33.MoveNext() (/Users/unterlantas/Documents/GitHub/URMAN/game/tests/Act1NotebookShopSmokeTest.cs:1114)
       [30] void System.Threading.ExecutionContext.RunInternal(System.Threading.ExecutionContext, System.Threading.ContextCallback, object)
       [31] void System.Runtime.CompilerServices.AsyncTaskMethodBuilder`1+AsyncStateMachineBox`1.MoveNext(System.Threading.Thread)
       [32] void Godot.SignalAwaiter.SignalCallback(nint, Godot.NativeInterop.godot_variant**, int, Godot.NativeInterop.godot_bool*) (/root/godot/modules/mono/glue/GodotSharp/GodotSharp/Core/SignalAwaiter.cs:65)
{"kind":"notebook-write-state","phase":"after-disk-failure","editorLength":50,"runtimeLength":50,"dirty":true,"saving":false,"saveDisabled":false,"visible":true,"status":"\u041D\u0435 \u0443\u0434\u0430\u043B\u043E\u0441\u044C \u0437\u0430\u043F\u0438\u0441\u0430\u0442\u044C \u2014 \u0442\u0435\u043A\u0441\u0442 \u043E\u0441\u0442\u0430\u043B\u0441\u044F \u043D\u0430 \u0441\u0442\u0440\u0430\u043D\u0438\u0446\u0435","sameSession":true}
ERROR: SaveGameV3 load failed: Neither the primary nor backup SaveGameV3 slot is readable.
   at: void Urman.Godot.RuntimeBridge+<LoadFromStoreAsync>d__81.MoveNext() (res://scripts/RuntimeBridge.cs:385)
   C# backtrace (most recent call first):
       [0] void Godot.GD.PushError(string) (/root/godot/modules/mono/glue/GodotSharp/GodotSharp/Core/GD.cs:366)
       [1] void Urman.Godot.RuntimeBridge+<LoadFromStoreAsync>d__81.MoveNext() (/Users/unterlantas/Documents/GitHub/URMAN/game/scripts/RuntimeBridge.cs:385)
       [2] void System.Runtime.CompilerServices.AsyncMethodBuilderCore.Start<TStateMachine>(TStateMachine&)
       [3] void System.Runtime.CompilerServices.AsyncTaskMethodBuilder`1.Start<TStateMachine>(TStateMachine&)
       [4] System.Threading.Tasks.Task`1[System.Boolean] Urman.Godot.RuntimeBridge.LoadFromStoreAsync(string, Urman.Core.Persistence.AtomicSaveGameStore, bool)
       [5] System.Threading.Tasks.Task`1[System.Boolean] Urman.Godot.RuntimeBridge.LoadSlotAsync(string) (/Users/unterlantas/Documents/GitHub/URMAN/game/scripts/RuntimeBridge.cs:319)
       [6] void Urman.Godot.Tests.Act1NotebookShopSmokeTest+<CheckNotebookAsync>d__10.MoveNext() (/Users/unterlantas/Documents/GitHub/URMAN/game/tests/Act1NotebookShopSmokeTest.cs:126)
       [7] void System.Runtime.CompilerServices.AsyncTaskMethodBuilder`1+AsyncStateMachineBox`1.ExecutionContextCallback(object)
       [8] void System.Threading.ExecutionContext.RunInternal(System.Threading.ExecutionContext, System.Threading.ContextCallback, object)
       [9] void System.Runtime.CompilerServices.AsyncTaskMethodBuilder`1+AsyncStateMachineBox`1.MoveNext(System.Threading.Thread)
       [10] void System.Threading.Tasks.AwaitTaskContinuation.RunCallback(System.Threading.ContextCallback, object, System.Threading.Tasks.Task&)
       [11] void System.Threading.Tasks.Task.RunContinuations(object)
       [12] bool System.Threading.Tasks.Task`1.TrySetResult(TResult)
       [13] void System.Runtime.CompilerServices.AsyncTaskMethodBuilder`1.SetExistingTaskResult(System.Threading.Tasks.Task`1[TResult], TResult)
       [14] void Urman.Godot.Tests.Act1NotebookShopSmokeTest+<EditNotebookTextAsync>d__28.MoveNext() (/Users/unterlantas/Documents/GitHub/URMAN/game/tests/Act1NotebookShopSmokeTest.cs:1087)
       [15] void System.Threading.ExecutionContext.RunInternal(System.Threading.ExecutionContext, System.Threading.ContextCallback, object)
       [16] void System.Runtime.CompilerServices.AsyncTaskMethodBuilder`1+AsyncStateMachineBox`1.MoveNext(System.Threading.Thread)
       [17] void System.Threading.Tasks.AwaitTaskContinuation.RunCallback(System.Threading.ContextCallback, object, System.Threading.Tasks.Task&)
       [18] void System.Threading.Tasks.Task.RunContinuations(object)
       [19] bool System.Threading.Tasks.Task`1.TrySetResult(TResult)
       [20] void System.Runtime.CompilerServices.AsyncTaskMethodBuilder`1.SetExistingTaskResult(System.Threading.Tasks.Task`1[TResult], TResult)
       [21] void Urman.Godot.Tests.Act1NotebookShopSmokeTest+<WaitFor>d__32.MoveNext() (/Users/unterlantas/Documents/GitHub/URMAN/game/tests/Act1NotebookShopSmokeTest.cs:1109)
       [22] void System.Threading.ExecutionContext.RunInternal(System.Threading.ExecutionContext, System.Threading.ContextCallback, object)
       [23] void System.Runtime.CompilerServices.AsyncTaskMethodBuilder`1+AsyncStateMachineBox`1.MoveNext(System.Threading.Thread)
       [24] void System.Threading.Tasks.AwaitTaskContinuation.RunCallback(System.Threading.ContextCallback, object, System.Threading.Tasks.Task&)
       [25] void System.Threading.Tasks.Task.RunContinuations(object)
       [26] bool System.Threading.Tasks.Task`1.TrySetResult(TResult)
       [27] void System.Runtime.CompilerServices.AsyncTaskMethodBuilder`1.SetExistingTaskResult(System.Threading.Tasks.Task`1[TResult], TResult)
       [28] void Urman.Godot.Tests.Act1NotebookShopSmokeTest+<Frames>d__33.MoveNext() (/Users/unterlantas/Documents/GitHub/URMAN/game/tests/Act1NotebookShopSmokeTest.cs:1114)
       [29] void System.Threading.ExecutionContext.RunInternal(System.Threading.ExecutionContext, System.Threading.ContextCallback, object)
       [30] void System.Runtime.CompilerServices.AsyncTaskMethodBuilder`1+AsyncStateMachineBox`1.MoveNext(System.Threading.Thread)
       [31] void Godot.SignalAwaiter.SignalCallback(nint, Godot.NativeInterop.godot_variant**, int, Godot.NativeInterop.godot_bool*) (/root/godot/modules/mono/glue/GodotSharp/GodotSharp/Core/SignalAwaiter.cs:65)
ERROR: SaveGameV3 write failed: The file '/Users/unterlantas/Library/Application Support/Godot/app_userdata/URMAN/notebook-shop-fault-36fd9dc4bb7e429d97f5a1b725ab5b0b/not-a-directory' already exists.
   at: void Urman.Godot.RuntimeBridge+<SaveSlotAsync>d__67.MoveNext() (res://scripts/RuntimeBridge.cs:192)
   C# backtrace (most recent call first):
       [0] void Godot.GD.PushError(string) (/root/godot/modules/mono/glue/GodotSharp/GodotSharp/Core/GD.cs:366)
       [1] void Urman.Godot.RuntimeBridge+<SaveSlotAsync>d__67.MoveNext() (/Users/unterlantas/Documents/GitHub/URMAN/game/scripts/RuntimeBridge.cs:192)
       [2] void System.Runtime.CompilerServices.AsyncMethodBuilderCore.Start<TStateMachine>(TStateMachine&)
       [3] void System.Runtime.CompilerServices.AsyncTaskMethodBuilder`1.Start<TStateMachine>(TStateMachine&)
       [4] System.Threading.Tasks.Task`1[System.Boolean] Urman.Godot.RuntimeBridge.SaveSlotAsync(string)
       [5] void Urman.Godot.RuntimeBridge+<SavePersonalNotebookAsync>d__180.MoveNext() (/Users/unterlantas/Documents/GitHub/URMAN/game/scripts/RuntimeBridge.Notebook.cs:147)
       [6] void System.Runtime.CompilerServices.AsyncMethodBuilderCore.Start<TStateMachine>(TStateMachine&)
       [7] void System.Runtime.CompilerServices.AsyncTaskMethodBuilder`1.Start<TStateMachine>(TStateMachine&)
       [8] System.Threading.Tasks.Task`1[System.Boolean] Urman.Godot.RuntimeBridge.SavePersonalNotebookAsync(string)
       [9] void Urman.Godot.JournalUi+<SaveNotebookDraftAsync>d__76.MoveNext() (/Users/unterlantas/Documents/GitHub/URMAN/game/scripts/JournalUi.Notebook.cs:152)
       [10] void System.Runtime.CompilerServices.AsyncMethodBuilderCore.Start<TStateMachine>(TStateMachine&)
       [11] void System.Runtime.CompilerServices.AsyncTaskMethodBuilder`1.Start<TStateMachine>(TStateMachine&)
       [12] System.Threading.Tasks.Task`1[System.Boolean] Urman.Godot.JournalUi.SaveNotebookDraftAsync()
       [13] void Urman.Godot.JournalUi+<<BuildNotebookUi>b__73_2>d.MoveNext() (/Users/unterlantas/Documents/GitHub/URMAN/game/scripts/JournalUi.Notebook.cs:80)
       [14] void System.Runtime.CompilerServices.AsyncMethodBuilderCore.Start<TStateMachine>(TStateMachine&)
       [15] void Urman.Godot.JournalUi.<BuildNotebookUi>b__73_2()
       [16] void Godot.Callable.<From>g__Trampoline|1_0(object, Godot.NativeInterop.NativeVariantPtrArgs, Godot.NativeInterop.godot_variant&) (/root/godot/modules/mono/glue/GodotSharp/GodotSharp/Core/Callable.generics.cs:39)
       [17] void Godot.DelegateUtils.InvokeWithVariantArgs(nint, System.Void*, Godot.NativeInterop.godot_variant**, int, Godot.NativeInterop.godot_variant*) (/root/godot/modules/mono/glue/GodotSharp/GodotSharp/Core/DelegateUtils.cs:86)
       [18] Godot.NativeInterop.godot_variant Godot.NativeInterop.NativeFuncs.godotsharp_method_bind_call(nint, nint, Godot.NativeInterop.godot_variant**, int, Godot.NativeInterop.godot_variant_call_error&) (/root/godot/modules/mono/glue/GodotSharp/GodotSharp/Godot.SourceGenerators.Internal/Godot.SourceGenerators.Internal.UnmanagedCallbacksGenerator/Godot.NativeInterop.NativeFuncs.generated.cs:388)
       [19] int Godot.NativeCalls.godot_icall_2_921(nint, nint, Godot.NativeInterop.godot_string_name, System.ReadOnlySpan`1[Godot.Variant], Godot.NativeInterop.godot_string_name) (/root/godot/modules/mono/glue/GodotSharp/GodotSharp/Generated/NativeCalls.cs:8163)
       [20] Godot.Error Godot.GodotObject.EmitSignal(Godot.StringName, Godot.Variant[]) (/root/godot/modules/mono/glue/GodotSharp/GodotSharp/Generated/GodotObjects/GodotObject.cs:719)
       [21] void Urman.Godot.Tests.Act1NotebookShopSmokeTest+<CheckNotebookAsync>d__10.MoveNext() (/Users/unterlantas/Documents/GitHub/URMAN/game/tests/Act1NotebookShopSmokeTest.cs:133)
       [22] void System.Runtime.CompilerServices.AsyncTaskMethodBuilder`1+AsyncStateMachineBox`1.ExecutionContextCallback(object)
       [23] void System.Threading.ExecutionContext.RunInternal(System.Threading.ExecutionContext, System.Threading.ContextCallback, object)
       [24] void System.Runtime.CompilerServices.AsyncTaskMethodBuilder`1+AsyncStateMachineBox`1.MoveNext(System.Threading.Thread)
       [25] void System.Threading.Tasks.AwaitTaskContinuation.RunCallback(System.Threading.ContextCallback, object, System.Threading.Tasks.Task&)
       [26] void System.Threading.Tasks.Task.RunContinuations(object)
       [27] bool System.Threading.Tasks.Task`1.TrySetResult(TResult)
       [28] void System.Runtime.CompilerServices.AsyncTaskMethodBuilder`1.SetExistingTaskResult(System.Threading.Tasks.Task`1[TResult], TResult)
       [29] void Urman.Godot.Tests.Act1NotebookShopSmokeTest+<EditNotebookTextAsync>d__28.MoveNext() (/Users/unterlantas/Documents/GitHub/URMAN/game/tests/Act1NotebookShopSmokeTest.cs:1087)
       [30] void System.Threading.ExecutionContext.RunInternal(System.Threading.ExecutionContext, System.Threading.ContextCallback, object)
       [31] void System.Runtime.CompilerServices.AsyncTaskMethodBuilder`1+AsyncStateMachineBox`1.MoveNext(System.Threading.Thread)
       [32] void System.Threading.Tasks.AwaitTaskContinuation.RunCallback(System.Threading.ContextCallback, object, System.Threading.Tasks.Task&)
       [33] void System.Threading.Tasks.Task.RunContinuations(object)
       [34] bool System.Threading.Tasks.Task`1.TrySetResult(TResult)
       [35] void System.Runtime.CompilerServices.AsyncTaskMethodBuilder`1.SetExistingTaskResult(System.Threading.Tasks.Task`1[TResult], TResult)
       [36] void Urman.Godot.Tests.Act1NotebookShopSmokeTest+<WaitFor>d__32.MoveNext() (/Users/unterlantas/Documents/GitHub/URMAN/game/tests/Act1NotebookShopSmokeTest.cs:1109)
       [37] void System.Threading.ExecutionContext.RunInternal(System.Threading.ExecutionContext, System.Threading.ContextCallback, object)
       [38] void System.Runtime.CompilerServices.AsyncTaskMethodBuilder`1+AsyncStateMachineBox`1.MoveNext(System.Threading.Thread)
       [39] void System.Threading.Tasks.AwaitTaskContinuation.RunCallback(System.Threading.ContextCallback, object, System.Threading.Tasks.Task&)
       [40] void System.Threading.Tasks.Task.RunContinuations(object)
       [41] bool System.Threading.Tasks.Task`1.TrySetResult(TResult)
       [42] void System.Runtime.CompilerServices.AsyncTaskMethodBuilder`1.SetExistingTaskResult(System.Threading.Tasks.Task`1[TResult], TResult)
       [43] void Urman.Godot.Tests.Act1NotebookShopSmokeTest+<Frames>d__33.MoveNext() (/Users/unterlantas/Documents/GitHub/URMAN/game/tests/Act1NotebookShopSmokeTest.cs:1114)
       [44] void System.Threading.ExecutionContext.RunInternal(System.Threading.ExecutionContext, System.Threading.ContextCallback, object)
       [45] void System.Runtime.CompilerServices.AsyncTaskMethodBuilder`1+AsyncStateMachineBox`1.MoveNext(System.Threading.Thread)
       [46] void Godot.SignalAwaiter.SignalCallback(nint, Godot.NativeInterop.godot_variant**, int, Godot.NativeInterop.godot_bool*) (/root/godot/modules/mono/glue/GodotSharp/GodotSharp/Core/SignalAwaiter.cs:65)
{"kind":"notebook-write-state","phase":"failed-write-then-revert-original-text","editorLength":0,"runtimeLength":0,"dirty":true,"saving":false,"saveDisabled":false,"visible":true,"status":"\u041D\u0435 \u0443\u0434\u0430\u043B\u043E\u0441\u044C \u0437\u0430\u043F\u0438\u0441\u0430\u0442\u044C \u2014 \u0442\u0435\u043A\u0441\u0442 \u043E\u0441\u0442\u0430\u043B\u0441\u044F \u043D\u0430 \u0441\u0442\u0440\u0430\u043D\u0438\u0446\u0435","sameSession":true}
SaveGameV3 written to /Users/unterlantas/Library/Application Support/Godot/app_userdata/URMAN/savegames/checkpoint.savegame-v3.json
{"kind":"notebook-write-state","phase":"after-same-text-retry","editorLength":50,"runtimeLength":50,"dirty":false,"saving":false,"saveDisabled":false,"visible":true,"status":"\u0417\u0430\u043F\u0438\u0441\u0430\u043D\u043E","sameSession":true}
zone-loaded: village_day@arrival connected-world=109404229615
SaveGameV3 restored.
SaveGameV3 written to /Users/unterlantas/Library/Application Support/Godot/app_userdata/URMAN/savegames/checkpoint.savegame-v3.json
state-final-render-sync-begin: label=notebook-shop/01_notebook_newer_draft tick=29831 drawn=8 process=8 physics=52 windowVisible=True focus=False mode=Windowed renderLoop=True
state-final-render-sync-forced: label=notebook-shop/01_notebook_newer_draft forced screenshot render after native focus loss; one focus request + ForceDraw(false); no foreground or performance claim
state-final-render-sync-forced-readback: label=notebook-shop/01_notebook_newer_draft framePostDraw=True pixels=1280x720 drawnDelta=0; screenshot evidence only
state-final-render-sync-end: label=notebook-shop/01_notebook_newer_draft milliseconds=34 forcedScreenshotRender=True
notebook-shop-capture: /Users/unterlantas/Documents/GitHub/URMAN/docs/production/act1_takeover_evidence_2026-09-16/images-notebook-shop-11/01_notebook_newer_draft.png
SaveGameV3 written to /Users/unterlantas/Library/Application Support/Godot/app_userdata/URMAN/savegames/checkpoint.savegame-v3.json
zone-loaded: village_day@arrival connected-world=109404229615
SaveGameV3 restored.
{"kind":"notebook-physical-feet","phase":"loaded-with-book-open","physicsFrame":66,"feet":"(0, -0.11800001, 9)","velocity":"(0, 0, 0)","onFloor":false,"canStand":true,"canCrouch":true,"crouched":true,"modal":true,"sessionTransition":false,"modalOwner":true,"stancePending":true,"vehicle":false,"recovery":false,"treePaused":false,"supportOwner":"/root/Act1NotebookShopSmokeTest/Act1Demo/Main/ZoneHost/Act1ConnectedWorld/Act1CoreWorldGreybox/AgentBExteriorWorld/AgentB_TerrainCollision","supportPoint":"(0, -0.539636, 9)","supportNormal":"(-0.013267062, 0.9997987, 0.015052593)","supportGap":0.42163602}
{"kind":"notebook-physical-feet","phase":"book-just-closed-after-load","physicsFrame":69,"feet":"(0, -0.11800001, 9)","velocity":"(0, 0, 0)","onFloor":false,"canStand":true,"canCrouch":true,"crouched":false,"modal":false,"sessionTransition":false,"modalOwner":false,"stancePending":false,"vehicle":false,"recovery":false,"treePaused":false,"supportOwner":"/root/Act1NotebookShopSmokeTest/Act1Demo/Main/ZoneHost/Act1ConnectedWorld/Act1CoreWorldGreybox/AgentBExteriorWorld/AgentB_TerrainCollision","supportPoint":"(0, -0.539636, 9)","supportNormal":"(-0.013267062, 0.9997987, 0.015052593)","supportGap":0.42163602}
{"kind":"notebook-physical-feet","phase":"before-natural-floor-settle","physicsFrame":69,"feet":"(0, -0.11800001, 9)","velocity":"(0, 0, 0)","onFloor":false,"canStand":true,"canCrouch":true,"crouched":false,"modal":false,"sessionTransition":false,"modalOwner":false,"stancePending":false,"vehicle":false,"recovery":false,"treePaused":false,"supportOwner":"/root/Act1NotebookShopSmokeTest/Act1Demo/Main/ZoneHost/Act1ConnectedWorld/Act1CoreWorldGreybox/AgentBExteriorWorld/AgentB_TerrainCollision","supportPoint":"(0, -0.539636, 9)","supportNormal":"(-0.013267062, 0.9997987, 0.015052593)","supportGap":0.42163602}
{"kind":"notebook-physical-feet","phase":"natural-floor-settle-1","physicsFrame":70,"feet":"(0, -0.124000005, 9)","velocity":"(0, -0.36, 0)","onFloor":false,"canStand":true,"canCrouch":true,"crouched":false,"modal":false,"sessionTransition":false,"modalOwner":false,"stancePending":false,"vehicle":false,"recovery":false,"treePaused":false,"supportOwner":"/root/Act1NotebookShopSmokeTest/Act1Demo/Main/ZoneHost/Act1ConnectedWorld/Act1CoreWorldGreybox/AgentBExteriorWorld/AgentB_TerrainCollision","supportPoint":"(0, -0.53963614, 9)","supportNormal":"(-0.013267062, 0.9997987, 0.015052593)","supportGap":0.41563612}
{"kind":"notebook-physical-feet","phase":"natural-floor-settle-2","physicsFrame":71,"feet":"(0, -0.136, 9)","velocity":"(0, -0.72, 0)","onFloor":false,"canStand":true,"canCrouch":true,"crouched":false,"modal":false,"sessionTransition":false,"modalOwner":false,"stancePending":false,"vehicle":false,"recovery":false,"treePaused":false,"supportOwner":"/root/Act1NotebookShopSmokeTest/Act1Demo/Main/ZoneHost/Act1ConnectedWorld/Act1CoreWorldGreybox/AgentBExteriorWorld/AgentB_TerrainCollision","supportPoint":"(0, -0.53963614, 9)","supportNormal":"(-0.013267062, 0.9997987, 0.015052593)","supportGap":0.40363613}
{"kind":"notebook-physical-feet","phase":"natural-floor-settle-3","physicsFrame":72,"feet":"(0, -0.15400001, 9)","velocity":"(0, -1.08, 0)","onFloor":false,"canStand":true,"canCrouch":true,"crouched":false,"modal":false,"sessionTransition":false,"modalOwner":false,"stancePending":false,"vehicle":false,"recovery":false,"treePaused":false,"supportOwner":"/root/Act1NotebookShopSmokeTest/Act1Demo/Main/ZoneHost/Act1ConnectedWorld/Act1CoreWorldGreybox/AgentBExteriorWorld/AgentB_TerrainCollision","supportPoint":"(0, -0.53963614, 9)","supportNormal":"(-0.013267062, 0.9997987, 0.015052593)","supportGap":0.38563612}
{"kind":"notebook-physical-feet","phase":"natural-floor-settle-4","physicsFrame":73,"feet":"(0, -0.17800002, 9)","velocity":"(0, -1.44, 0)","onFloor":false,"canStand":true,"canCrouch":true,"crouched":false,"modal":false,"sessionTransition":false,"modalOwner":false,"stancePending":false,"vehicle":false,"recovery":false,"treePaused":false,"supportOwner":"/root/Act1NotebookShopSmokeTest/Act1Demo/Main/ZoneHost/Act1ConnectedWorld/Act1CoreWorldGreybox/AgentBExteriorWorld/AgentB_TerrainCollision","supportPoint":"(0, -0.5396361, 9)","supportNormal":"(-0.013267062, 0.9997987, 0.015052593)","supportGap":0.36163604}
{"kind":"notebook-physical-feet","phase":"natural-floor-settle-5","physicsFrame":74,"feet":"(0, -0.20800002, 9)","velocity":"(0, -1.8000001, 0)","onFloor":false,"canStand":true,"canCrouch":true,"crouched":false,"modal":false,"sessionTransition":false,"modalOwner":false,"stancePending":false,"vehicle":false,"recovery":false,"treePaused":false,"supportOwner":"/root/Act1NotebookShopSmokeTest/Act1Demo/Main/ZoneHost/Act1ConnectedWorld/Act1CoreWorldGreybox/AgentBExteriorWorld/AgentB_TerrainCollision","supportPoint":"(0, -0.53963614, 9)","supportNormal":"(-0.013267062, 0.9997987, 0.015052593)","supportGap":0.33163613}
{"kind":"notebook-physical-feet","phase":"natural-floor-settle-12","physicsFrame":81,"feet":"(0, -0.53931254, 9)","velocity":"(0, 0, 0)","onFloor":true,"canStand":true,"canCrouch":true,"crouched":false,"modal":false,"sessionTransition":false,"modalOwner":false,"stancePending":false,"vehicle":false,"recovery":false,"treePaused":false,"supportOwner":"/root/Act1NotebookShopSmokeTest/Act1Demo/Main/ZoneHost/Act1ConnectedWorld/Act1CoreWorldGreybox/AgentBExteriorWorld/AgentB_TerrainCollision","supportPoint":"(0, -0.5396361, 9)","supportNormal":"(-0.013267062, 0.9997987, 0.015052593)","supportGap":0.000323534}
{"kind":"notebook-physical-feet","phase":"after-natural-floor-settle","physicsFrame":82,"feet":"(0, -0.53931254, 9)","velocity":"(0, 0, 0)","onFloor":true,"canStand":true,"canCrouch":true,"crouched":false,"modal":false,"sessionTransition":false,"modalOwner":false,"stancePending":false,"vehicle":false,"recovery":false,"treePaused":false,"supportOwner":"/root/Act1NotebookShopSmokeTest/Act1Demo/Main/ZoneHost/Act1ConnectedWorld/Act1CoreWorldGreybox/AgentBExteriorWorld/AgentB_TerrainCollision","supportPoint":"(0, -0.5396361, 9)","supportNormal":"(-0.013267062, 0.9997987, 0.015052593)","supportGap":0.000323534}
SaveGameV3 written to /Users/unterlantas/Library/Application Support/Godot/app_userdata/URMAN/savegames/notebook-shop-d848f32e166442d4b706b47d7192243b-draft.savegame-v3.json
{"kind":"notebook-shop-walk","label":"walk-away-from-notebook-saved-feet-without-placement-fixture","from":"(0, -0.53931254, 9)","goal":"(0, -0.5383104, 10.8)","feet":"(5.946773E-06, -0.53976506, 10.699865)","reached":true,"onFloor":true,"canStand":true,"contacts":[{"owner":"/root/Act1NotebookShopSmokeTest/Act1Demo/Main/ZoneHost/Act1ConnectedWorld/Act1CoreWorldGreybox/AgentBExteriorWorld/AgentB_TerrainCollision","point":"(-0.0004750029, -0.54017967, 10.706903)","normal":"(0.0013722379, 0.9997974, -0.020082783)"}]}
zone-loaded: village_day@arrival connected-world=109404229615
ERROR: SaveGameV3 load failed: The loaded player's physical position is blocked.
   at: void Urman.Godot.RuntimeBridge+<LoadFromStoreAsync>d__81.MoveNext() (res://scripts/RuntimeBridge.cs:385)
   C# backtrace (most recent call first):
       [0] void Godot.GD.PushError(string) (/root/godot/modules/mono/glue/GodotSharp/GodotSharp/Core/GD.cs:366)
       [1] void Urman.Godot.RuntimeBridge+<LoadFromStoreAsync>d__81.MoveNext() (/Users/unterlantas/Documents/GitHub/URMAN/game/scripts/RuntimeBridge.cs:385)
       [2] void System.Threading.ExecutionContext.RunInternal(System.Threading.ExecutionContext, System.Threading.ContextCallback, object)
       [3] void System.Runtime.CompilerServices.AsyncTaskMethodBuilder`1+AsyncStateMachineBox`1.MoveNext(System.Threading.Thread)
       [4] void System.Threading.Tasks.AwaitTaskContinuation.RunCallback(System.Threading.ContextCallback, object, System.Threading.Tasks.Task&)
       [5] void System.Threading.Tasks.Task.RunContinuations(object)
       [6] void System.Threading.Tasks.Task.FinishSlow(bool)
       [7] bool System.Threading.Tasks.Task.TrySetException(object)
       [8] void System.Runtime.CompilerServices.AsyncTaskMethodBuilder`1.SetException(System.Exception, System.Threading.Tasks.Task`1[TResult]&)
       [9] void Urman.Godot.RuntimeBridge+<RestoreLoadedWorldAsync>d__82.MoveNext() (/Users/unterlantas/Documents/GitHub/URMAN/game/scripts/RuntimeBridge.cs:462)
       [10] void System.Threading.ExecutionContext.RunInternal(System.Threading.ExecutionContext, System.Threading.ContextCallback, object)
       [11] void System.Runtime.CompilerServices.AsyncTaskMethodBuilder`1+AsyncStateMachineBox`1.MoveNext(System.Threading.Thread)
       [12] void System.Threading.Tasks.AwaitTaskContinuation.RunCallback(System.Threading.ContextCallback, object, System.Threading.Tasks.Task&)
       [13] void System.Threading.Tasks.Task.RunContinuations(object)
       [14] bool System.Threading.Tasks.Task`1.TrySetResult(TResult)
       [15] void System.Runtime.CompilerServices.AsyncTaskMethodBuilder`1.SetExistingTaskResult(System.Threading.Tasks.Task`1[TResult], TResult)
       [16] void Urman.Godot.RuntimeBridge+<ProjectPhysicalWorldAsync>d__83.MoveNext() (/Users/unterlantas/Documents/GitHub/URMAN/game/scripts/RuntimeBridge.cs:478)
       [17] void System.Threading.ExecutionContext.RunInternal(System.Threading.ExecutionContext, System.Threading.ContextCallback, object)
       [18] void System.Runtime.CompilerServices.AsyncTaskMethodBuilder`1+AsyncStateMachineBox`1.MoveNext(System.Threading.Thread)
       [19] void System.Threading.Tasks.AwaitTaskContinuation.RunCallback(System.Threading.ContextCallback, object, System.Threading.Tasks.Task&)
       [20] void System.Threading.Tasks.Task.RunContinuations(object)
       [21] bool System.Threading.Tasks.Task`1.TrySetResult(TResult)
       [22] void System.Runtime.CompilerServices.AsyncTaskMethodBuilder`1.SetExistingTaskResult(System.Threading.Tasks.Task`1[TResult], TResult)
       [23] void Urman.Godot.VehicleFleet+<CompleteLoadedProjectionAsync>d__44.MoveNext() (/Users/unterlantas/Documents/GitHub/URMAN/game/scripts/VehicleFleet.cs:239)
       [24] void System.Threading.ExecutionContext.RunInternal(System.Threading.ExecutionContext, System.Threading.ContextCallback, object)
       [25] void System.Runtime.CompilerServices.AsyncTaskMethodBuilder`1+AsyncStateMachineBox`1.MoveNext(System.Threading.Thread)
       [26] void Godot.SignalAwaiter.SignalCallback(nint, Godot.NativeInterop.godot_variant**, int, Godot.NativeInterop.godot_bool*) (/root/godot/modules/mono/glue/GodotSharp/GodotSharp/Core/SignalAwaiter.cs:65)
zone-loaded: village_day@arrival connected-world=109404229615
SaveGameV3 rejected the loaded placement; the previous session was restored.
{"kind":"notebook-write-state","phase":"after-physical-load-rollback","editorLength":120,"runtimeLength":56,"dirty":true,"saving":false,"saveDisabled":false,"visible":true,"status":"\u0415\u0441\u0442\u044C \u043D\u0435\u0437\u0430\u043F\u0438\u0441\u0430\u043D\u043D\u044B\u0435 \u0438\u0437\u043C\u0435\u043D\u0435\u043D\u0438\u044F","sameSession":true}
state-final-render-sync-begin: label=notebook-shop/01b_notebook_physical_rollback tick=31079 drawn=88 process=88 physics=128 windowVisible=True focus=True mode=Windowed renderLoop=True
state-final-render-sync-end: label=notebook-shop/01b_notebook_physical_rollback milliseconds=14 forcedScreenshotRender=False
notebook-shop-capture: /Users/unterlantas/Documents/GitHub/URMAN/docs/production/act1_takeover_evidence_2026-09-16/images-notebook-shop-11/01b_notebook_physical_rollback.png
zone-loaded: village_day@arrival connected-world=109404229615
SaveGameV3 restored.
{"kind":"notebook-shop-door","phase":"before-input","key":"shop/entrance","feet":"(-30.699574, 0.375309, -39.67635)","target":"(-32.091225, 1.6070688, -39.72495)","hinge":"/root/Act1NotebookShopSmokeTest/Act1Demo/Main/ZoneHost/Act1ConnectedWorld/Act1CoreWorldGreybox/Act1AuthoredExteriorKitPresentation/DistantPerimeterParcels/WestReturnMidParcel/WestReturnMidFacade/PublicInterior_shop/shopEntranceHinge","angleDegrees":90,"open":false,"expectedAngleDegrees":-5,"modal":false,"focus":true,"actionNumber":0,"result":"not-called","sweep":"not-called"}
SaveGameV3 written to /Users/unterlantas/Library/Application Support/Godot/app_userdata/URMAN/savegames/checkpoint.savegame-v3.json
{"kind":"notebook-shop-door","phase":"after-input","key":"shop/entrance","feet":"(-30.699574, 0.375309, -39.67635)","target":"(-32.02542, 1.6070688, -39.718018)","hinge":"/root/Act1NotebookShopSmokeTest/Act1Demo/Main/ZoneHost/Act1ConnectedWorld/Act1CoreWorldGreybox/Act1AuthoredExteriorKitPresentation/DistantPerimeterParcels/WestReturnMidParcel/WestReturnMidFacade/PublicInterior_shop/shopEntranceHinge","angleDegrees":81.9786,"open":true,"expectedAngleDegrees":-5,"modal":false,"focus":true,"actionNumber":1,"result":"committed","sweep":"{\u0022clear\u0022:true,\u0022samples\u0022:88,\u0022from\u0022:1.5707964,\u0022to\u0022:-0.08726646}"}
{"kind":"notebook-shop-door","phase":"finished","key":"shop/entrance","feet":"(-30.699574, 0.375309, -39.67635)","target":"(-31.638256, 1.6070688, -39.19459)","hinge":"/root/Act1NotebookShopSmokeTest/Act1Demo/Main/ZoneHost/Act1ConnectedWorld/Act1CoreWorldGreybox/Act1AuthoredExteriorKitPresentation/DistantPerimeterParcels/WestReturnMidParcel/WestReturnMidFacade/PublicInterior_shop/shopEntranceHinge","angleDegrees":-4.9999995,"open":true,"expectedAngleDegrees":-5,"modal":false,"focus":true,"actionNumber":1,"result":"committed","sweep":"{\u0022clear\u0022:true,\u0022samples\u0022:88,\u0022from\u0022:1.5707964,\u0022to\u0022:-0.08726646}"}
{"kind":"notebook-shop-walk","label":"walk-through-outer-shop-door","from":"(-30.699574, 0.375309, -39.67635)","goal":"(-32.795296, 0.64856875, -39.749535)","feet":"(-32.688515, 0.6487016, -39.74581)","reached":true,"onFloor":true,"canStand":true,"contacts":[{"owner":"/root/Act1NotebookShopSmokeTest/Act1Demo/Main/ZoneHost/Act1ConnectedWorld/Act1CoreWorldGreybox/Act1AuthoredExteriorKitPresentation/DistantPerimeterParcels/WestReturnMidParcel/WestReturnMidFacade/PublicInterior_shop/SeniFloorBody","point":"(-32.688515, 0.6485687, -39.74581)","normal":"(0, 1, 0)"}]}
{"kind":"notebook-shop-door","phase":"before-input","key":"shop/inner-door","feet":"(-32.688515, 0.6487016, -39.74581)","target":"(-33.367527, 1.6498187, -38.835945)","hinge":"/root/Act1NotebookShopSmokeTest/Act1Demo/Main/ZoneHost/Act1ConnectedWorld/Act1CoreWorldGreybox/Act1AuthoredExteriorKitPresentation/DistantPerimeterParcels/WestReturnMidParcel/WestReturnMidFacade/PublicInterior_shop/shopInnerDoorHinge","angleDegrees":0,"open":false,"expectedAngleDegrees":-95,"modal":false,"focus":true,"actionNumber":0,"result":"not-called","sweep":"not-called"}
SaveGameV3 written to /Users/unterlantas/Library/Application Support/Godot/app_userdata/URMAN/savegames/checkpoint.savegame-v3.json
{"kind":"notebook-shop-door","phase":"after-input","key":"shop/inner-door","feet":"(-32.688515, 0.6487016, -39.74581)","target":"(-33.37497, 1.6498187, -38.765274)","hinge":"/root/Act1NotebookShopSmokeTest/Act1Demo/Main/ZoneHost/Act1ConnectedWorld/Act1CoreWorldGreybox/Act1AuthoredExteriorKitPresentation/DistantPerimeterParcels/WestReturnMidParcel/WestReturnMidFacade/PublicInterior_shop/shopInnerDoorHinge","angleDegrees":-8.021409,"open":true,"expectedAngleDegrees":-95,"modal":false,"focus":true,"actionNumber":1,"result":"committed","sweep":"{\u0022clear\u0022:true,\u0022samples\u0022:94,\u0022from\u0022:0,\u0022to\u0022:-1.6580628}"}
{"kind":"notebook-shop-door","phase":"finished","key":"shop/inner-door","feet":"(-32.688515, 0.6487016, -39.74581)","target":"(-33.937126, 1.6498187, -38.34946)","hinge":"/root/Act1NotebookShopSmokeTest/Act1Demo/Main/ZoneHost/Act1ConnectedWorld/Act1CoreWorldGreybox/Act1AuthoredExteriorKitPresentation/DistantPerimeterParcels/WestReturnMidParcel/WestReturnMidFacade/PublicInterior_shop/shopInnerDoorHinge","angleDegrees":-95,"open":true,"expectedAngleDegrees":-95,"modal":false,"focus":true,"actionNumber":1,"result":"committed","sweep":"{\u0022clear\u0022:true,\u0022samples\u0022:94,\u0022from\u0022:0,\u0022to\u0022:-1.6580628}"}
{"kind":"notebook-shop-walk","label":"align-with-fixed-inner-shop-aperture","from":"(-32.688515, 0.6487016, -39.74581)","goal":"(-33.33496, 0.64856875, -39.76838)","feet":"(-33.254845, 0.6487016, -39.76558)","reached":true,"onFloor":true,"canStand":true,"contacts":[{"owner":"/root/Act1NotebookShopSmokeTest/Act1Demo/Main/ZoneHost/Act1ConnectedWorld/Act1CoreWorldGreybox/Act1AuthoredExteriorKitPresentation/DistantPerimeterParcels/WestReturnMidParcel/WestReturnMidFacade/PublicInterior_shop/SeniFloorBody","point":"(-33.254845, 0.6485687, -39.76558)","normal":"(0, 1, 0)"}]}
{"kind":"notebook-shop-walk","label":"walk-through-inner-shop-door","from":"(-33.254845, 0.6487016, -39.76558)","goal":"(-33.381363, 0.69806874, -38.43969)","feet":"(-33.37117, 0.6983058, -38.546703)","reached":true,"onFloor":true,"canStand":true,"contacts":[{"owner":"/root/Act1NotebookShopSmokeTest/Act1Demo/Main/ZoneHost/Act1ConnectedWorld/Act1CoreWorldGreybox/Act1AuthoredExteriorKitPresentation/DistantPerimeterParcels/WestReturnMidParcel/WestReturnMidFacade/PublicInterior_shop/MainRoom/TimberFloorBody","point":"(-33.37117, 0.69806874, -38.546703)","normal":"(0, 1, 0)"}]}
{"kind":"notebook-shop-walk","label":"walk-to-real-counter","from":"(-33.37117, 0.6983058, -38.546703)","goal":"(-32.26592, 0.69806874, -37.229523)","feet":"(-32.31489, 0.6983058, -37.287884)","reached":true,"onFloor":true,"canStand":true,"contacts":[{"owner":"/root/Act1NotebookShopSmokeTest/Act1Demo/Main/ZoneHost/Act1ConnectedWorld/Act1CoreWorldGreybox/Act1AuthoredExteriorKitPresentation/DistantPerimeterParcels/WestReturnMidParcel/WestReturnMidFacade/PublicInterior_shop/MainRoom/TimberFloorBody","point":"(-32.31489, 0.69806874, -37.287884)","normal":"(0, 1, 0)"}]}
SaveGameV3 written to /Users/unterlantas/Library/Application Support/Godot/app_userdata/URMAN/savegames/checkpoint.savegame-v3.json
checkpoint: auto-saved at urman.chapter1:scene/arrival_vehicle_dusk
SaveGameV3 written to /Users/unterlantas/Library/Application Support/Godot/app_userdata/URMAN/savegames/checkpoint.savegame-v3.json
checkpoint: auto-saved at urman.chapter1:scene/arrival_vehicle_dusk
state-final-render-sync-begin: label=notebook-shop/02_shop_purchases tick=34723 drawn=357 process=357 physics=348 windowVisible=True focus=True mode=Windowed renderLoop=True
state-final-render-sync-end: label=notebook-shop/02_shop_purchases milliseconds=17 forcedScreenshotRender=False
notebook-shop-capture: /Users/unterlantas/Documents/GitHub/URMAN/docs/production/act1_takeover_evidence_2026-09-16/images-notebook-shop-11/02_shop_purchases.png
state-final-render-sync-begin: label=notebook-shop/04_heard-school_map tick=35042 drawn=362 process=362 physics=369 windowVisible=True focus=True mode=Windowed renderLoop=True
state-final-render-sync-end: label=notebook-shop/04_heard-school_map milliseconds=19 forcedScreenshotRender=False
notebook-shop-capture: /Users/unterlantas/Documents/GitHub/URMAN/docs/production/act1_takeover_evidence_2026-09-16/images-notebook-shop-11/04_heard-school_map.png
SaveGameV3 written to /Users/unterlantas/Library/Application Support/Godot/app_userdata/URMAN/savegames/notebook-heard-ed109d1fc9a941049e046c8776835fdb.savegame-v3.json
zone-loaded: village_day@arrival connected-world=109404229615
SaveGameV3 restored.
state-final-render-sync-begin: label=notebook-shop/04_loaded-heard-school_map tick=35297 drawn=366 process=366 physics=384 windowVisible=True focus=True mode=Windowed renderLoop=True
state-final-render-sync-end: label=notebook-shop/04_loaded-heard-school_map milliseconds=22 forcedScreenshotRender=False
notebook-shop-capture: /Users/unterlantas/Documents/GitHub/URMAN/docs/production/act1_takeover_evidence_2026-09-16/images-notebook-shop-11/04_loaded-heard-school_map.png
SaveGameV3 written to /Users/unterlantas/Library/Application Support/Godot/app_userdata/URMAN/savegames/checkpoint.savegame-v3.json
checkpoint: auto-saved at urman.chapter1:scene/arrival_vehicle_dusk
state-final-render-sync-begin: label=notebook-shop/04_read-school_map tick=35627 drawn=390 process=390 physics=404 windowVisible=True focus=True mode=Windowed renderLoop=True
state-final-render-sync-end: label=notebook-shop/04_read-school_map milliseconds=8 forcedScreenshotRender=False
notebook-shop-capture: /Users/unterlantas/Documents/GitHub/URMAN/docs/production/act1_takeover_evidence_2026-09-16/images-notebook-shop-11/04_read-school_map.png
state-final-render-sync-begin: label=notebook-shop/04b_school_map_large_text tick=35684 drawn=393 process=393 physics=408 windowVisible=True focus=True mode=Windowed renderLoop=True
state-final-render-sync-end: label=notebook-shop/04b_school_map_large_text milliseconds=6 forcedScreenshotRender=False
notebook-shop-capture: /Users/unterlantas/Documents/GitHub/URMAN/docs/production/act1_takeover_evidence_2026-09-16/images-notebook-shop-11/04b_school_map_large_text.png
state-final-render-sync-begin: label=notebook-shop/04c_school_map_zoom_and_pan tick=35751 drawn=399 process=399 physics=412 windowVisible=True focus=True mode=Windowed renderLoop=True
state-final-render-sync-end: label=notebook-shop/04c_school_map_zoom_and_pan milliseconds=9 forcedScreenshotRender=False
notebook-shop-capture: /Users/unterlantas/Documents/GitHub/URMAN/docs/production/act1_takeover_evidence_2026-09-16/images-notebook-shop-11/04c_school_map_zoom_and_pan.png
state-final-render-sync-begin: label=notebook-shop/04e_school_map_actual_wheel_and_drag tick=35876 drawn=411 process=411 physics=419 windowVisible=True focus=True mode=Windowed renderLoop=True
state-final-render-sync-end: label=notebook-shop/04e_school_map_actual_wheel_and_drag milliseconds=2 forcedScreenshotRender=False
notebook-shop-capture: /Users/unterlantas/Documents/GitHub/URMAN/docs/production/act1_takeover_evidence_2026-09-16/images-notebook-shop-11/04e_school_map_actual_wheel_and_drag.png
state-final-render-sync-begin: label=notebook-shop/04d_school_map_standard_text tick=36001 drawn=425 process=425 physics=427 windowVisible=True focus=True mode=Windowed renderLoop=True
state-final-render-sync-end: label=notebook-shop/04d_school_map_standard_text milliseconds=9 forcedScreenshotRender=False
notebook-shop-capture: /Users/unterlantas/Documents/GitHub/URMAN/docs/production/act1_takeover_evidence_2026-09-16/images-notebook-shop-11/04d_school_map_standard_text.png
state-final-render-sync-begin: label=notebook-shop/04f_school_map_1280x720_text_standard tick=36063 drawn=429 process=429 physics=430 windowVisible=True focus=True mode=Windowed renderLoop=True
state-final-render-sync-end: label=notebook-shop/04f_school_map_1280x720_text_standard milliseconds=5 forcedScreenshotRender=False
notebook-shop-capture: /Users/unterlantas/Documents/GitHub/URMAN/docs/production/act1_takeover_evidence_2026-09-16/images-notebook-shop-11/04f_school_map_1280x720_text_standard.png
state-final-render-sync-begin: label=notebook-shop/04f_school_map_1280x720_text_large_hc tick=36124 drawn=433 process=433 physics=434 windowVisible=True focus=True mode=Windowed renderLoop=True
state-final-render-sync-end: label=notebook-shop/04f_school_map_1280x720_text_large_hc milliseconds=3 forcedScreenshotRender=False
notebook-shop-capture: /Users/unterlantas/Documents/GitHub/URMAN/docs/production/act1_takeover_evidence_2026-09-16/images-notebook-shop-11/04f_school_map_1280x720_text_large_hc.png
state-final-render-sync-begin: label=notebook-shop/04f_school_map_1920x1080_text_standard tick=36240 drawn=437 process=437 physics=441 windowVisible=True focus=True mode=Windowed renderLoop=True
state-final-render-sync-end: label=notebook-shop/04f_school_map_1920x1080_text_standard milliseconds=4 forcedScreenshotRender=False
notebook-shop-capture: /Users/unterlantas/Documents/GitHub/URMAN/docs/production/act1_takeover_evidence_2026-09-16/images-notebook-shop-11/04f_school_map_1920x1080_text_standard.png
state-final-render-sync-begin: label=notebook-shop/04f_school_map_1920x1080_text_large_hc tick=36327 drawn=441 process=441 physics=446 windowVisible=True focus=True mode=Windowed renderLoop=True
state-final-render-sync-end: label=notebook-shop/04f_school_map_1920x1080_text_large_hc milliseconds=8 forcedScreenshotRender=False
notebook-shop-capture: /Users/unterlantas/Documents/GitHub/URMAN/docs/production/act1_takeover_evidence_2026-09-16/images-notebook-shop-11/04f_school_map_1920x1080_text_large_hc.png
state-final-render-sync-begin: label=notebook-map/restore-window tick=36470 drawn=445 process=445 physics=455 windowVisible=True focus=True mode=Windowed renderLoop=True
state-final-render-sync-end: label=notebook-map/restore-window milliseconds=3 forcedScreenshotRender=False
WARNING: Interaction urman.chapter1:interaction/arrival-enter-house rejected: ContentConditionRejected Content conditions rejected this action.
     at: void Urman.Godot.RuntimeBridge+<DispatchCompiledInteractionAsync>d__129.MoveNext() (res://scripts/RuntimeBridge.cs:1139)
     C# backtrace (most recent call first):
         [0] void Godot.GD.PushWarning(string) (/root/godot/modules/mono/glue/GodotSharp/GodotSharp/Core/GD.cs:396)
         [1] void Urman.Godot.RuntimeBridge+<DispatchCompiledInteractionAsync>d__129.MoveNext() (/Users/unterlantas/Documents/GitHub/URMAN/game/scripts/RuntimeBridge.cs:1139)
         [2] void System.Runtime.CompilerServices.AsyncTaskMethodBuilder`1.Start<TStateMachine>(TStateMachine&)
         [3] System.Threading.Tasks.Task`1[System.Boolean] Urman.Godot.RuntimeBridge.DispatchCompiledInteractionAsync(Urman.Godot.CompiledInteractionContent)
         [4] void Urman.Godot.RuntimeBridge+<DispatchInteractionAsync>d__91.MoveNext() (/Users/unterlantas/Documents/GitHub/URMAN/game/scripts/RuntimeBridge.cs:534)
         [5] void System.Runtime.CompilerServices.AsyncTaskMethodBuilder`1.Start<TStateMachine>(TStateMachine&)
         [6] System.Threading.Tasks.Task`1[System.Boolean] Urman.Godot.RuntimeBridge.DispatchInteractionAsync(string)
         [7] void Urman.Godot.Tests.Act1ArrivalFlowProof+<CompleteAsync>d__1.MoveNext() (/Users/unterlantas/Documents/GitHub/URMAN/game/tests/Act1Len01FamilyFlowSmokeTest.cs:1509)
         [8] void System.Runtime.CompilerServices.AsyncTaskMethodBuilder.Start<TStateMachine>(TStateMachine&)
         [9] System.Threading.Tasks.Task Urman.Godot.Tests.Act1ArrivalFlowProof.CompleteAsync(Godot.Node, Urman.Godot.RuntimeBridge, string, bool)
         [10] void Urman.Godot.Tests.Act1NotebookShopSmokeTest+<CheckShopAsync>d__16.MoveNext() (/Users/unterlantas/Documents/GitHub/URMAN/game/tests/Act1NotebookShopSmokeTest.cs:439)
         [11] void System.Threading.ExecutionContext.RunInternal(System.Threading.ExecutionContext, System.Threading.ContextCallback, object)
         [12] void System.Threading.Tasks.AwaitTaskContinuation.RunCallback(System.Threading.ContextCallback, object, System.Threading.Tasks.Task&)
         [13] void System.Threading.Tasks.Task.RunContinuations(object)
         [14] bool System.Threading.Tasks.Task`1.TrySetResult(TResult)
         [15] void System.Runtime.CompilerServices.AsyncTaskMethodBuilder`1.SetExistingTaskResult(System.Threading.Tasks.Task`1[TResult], TResult)
         [16] void Urman.Godot.Tests.Act1NotebookShopSmokeTest+<CheckHeardAndLocatedAddressAsync>d__18.MoveNext() (/Users/unterlantas/Documents/GitHub/URMAN/game/tests/Act1NotebookShopSmokeTest.cs:646)
         [17] void System.Runtime.CompilerServices.AsyncTaskMethodBuilder`1+AsyncStateMachineBox`1.ExecutionContextCallback(object)
         [18] void System.Threading.ExecutionContext.RunInternal(System.Threading.ExecutionContext, System.Threading.ContextCallback, object)
         [19] void System.Runtime.CompilerServices.AsyncTaskMethodBuilder`1+AsyncStateMachineBox`1.MoveNext(System.Threading.Thread)
         [20] void System.Threading.Tasks.AwaitTaskContinuation.RunCallback(System.Threading.ContextCallback, object, System.Threading.Tasks.Task&)
         [21] void System.Threading.Tasks.Task.RunContinuations(object)
         [22] void System.Runtime.CompilerServices.AsyncTaskMethodBuilder.SetResult()
         [23] void Urman.Godot.Tests.Act1NotebookShopSmokeTest+<CheckAddressPages>d__19.MoveNext() (/Users/unterlantas/Documents/GitHub/URMAN/game/tests/Act1NotebookShopSmokeTest.cs:714)
         [24] void System.Threading.ExecutionContext.RunInternal(System.Threading.ExecutionContext, System.Threading.ContextCallback, object)
         [25] void System.Threading.Tasks.AwaitTaskContinuation.RunCallback(System.Threading.ContextCallback, object, System.Threading.Tasks.Task&)
         [26] void System.Threading.Tasks.Task.RunContinuations(object)
         [27] void System.Runtime.CompilerServices.AsyncTaskMethodBuilder.SetResult()
         [28] void Urman.Godot.Tests.Act1NotebookShopSmokeTest+<CheckMapControlsAsync>d__20.MoveNext() (/Users/unterlantas/Documents/GitHub/URMAN/game/tests/Act1NotebookShopSmokeTest.cs:773)
         [29] void System.Threading.ExecutionContext.RunInternal(System.Threading.ExecutionContext, System.Threading.ContextCallback, object)
         [30] void System.Threading.Tasks.AwaitTaskContinuation.RunCallback(System.Threading.ContextCallback, object, System.Threading.Tasks.Task&)
         [31] void System.Threading.Tasks.Task.RunContinuations(object)
         [32] void System.Runtime.CompilerServices.AsyncTaskMethodBuilder.SetResult()
         [33] void Urman.Godot.Tests.Act1NotebookShopSmokeTest+<Frames>d__33.MoveNext() (/Users/unterlantas/Documents/GitHub/URMAN/game/tests/Act1NotebookShopSmokeTest.cs:1114)
         [34] void System.Threading.ExecutionContext.RunInternal(System.Threading.ExecutionContext, System.Threading.ContextCallback, object)
         [35] void System.Runtime.CompilerServices.AsyncTaskMethodBuilder`1+AsyncStateMachineBox`1.MoveNext()
         [36] void Godot.SignalAwaiter.SignalCallback(nint, Godot.NativeInterop.godot_variant**, int, Godot.NativeInterop.godot_bool*) (/root/godot/modules/mono/glue/GodotSharp/GodotSharp/Core/SignalAwaiter.cs:65)
arrival-flow: source UI, remembered phrase, distinct help-babai, explicit house continuation
[94] scene.entered: urman.chapter1:interaction/arrival-enter-house
zone-loaded: house_old_pc@entry connected-world=109404229615
{"kind":"notebook-shop-walk","label":"walk-to-home-table-approach","from":"(-28.799225, 0.5943085, -2.4897127)","goal":"(-30.057367, 0.5941522, -6.968165)","feet":"(-30.025314, 0.5943085, -6.8540726)","reached":true,"onFloor":true,"canStand":true,"contacts":[{"owner":"/root/Act1NotebookShopSmokeTest/Act1Demo/Main/ZoneHost/Act1ConnectedWorld/babay-abi-house/Floor","point":"(-30.025314, 0.5941522, -6.8540726)","normal":"(0, 1, 0)"}]}
{"kind":"notebook-shop-walk","label":"walk-to-home-tea-tray","from":"(-30.025314, 0.5943085, -6.8540726)","goal":"(-30.717468, 0.5941522, -7.2798796)","feet":"(-30.65276, 0.5943085, -7.2400713)","reached":true,"onFloor":true,"canStand":true,"contacts":[{"owner":"/root/Act1NotebookShopSmokeTest/Act1Demo/Main/ZoneHost/Act1ConnectedWorld/babay-abi-house/Floor","point":"(-30.65276, 0.5941522, -7.2400713)","normal":"(0, 1, 0)"}]}
SaveGameV3 written to /Users/unterlantas/Library/Application Support/Godot/app_userdata/URMAN/savegames/checkpoint.savegame-v3.json
checkpoint: auto-saved at urman.chapter1:scene/house
state-final-render-sync-begin: label=notebook-shop/03_tea_on_home_tray tick=38785 drawn=685 process=685 physics=594 windowVisible=True focus=True mode=Windowed renderLoop=True
state-final-render-sync-end: label=notebook-shop/03_tea_on_home_tray milliseconds=8 forcedScreenshotRender=False
notebook-shop-capture: /Users/unterlantas/Documents/GitHub/URMAN/docs/production/act1_takeover_evidence_2026-09-16/images-notebook-shop-11/03_tea_on_home_tray.png
{"kind":"household-art-camera","frame":"household_kettle","forcedLod1":false,"fixture":"close-up camera-only inspection; ordinary visibility ranges","camera":"[X: (-0.52972883, -2.9802326E-08, -0.8481671), Y: (-0.32882795, 0.9217889, 0.20537178), Z: (0.78183097, 0.3876924, -0.4882981), O: (-31.018126, 1.9841511, -8.472454)]","cameraRoomPosition":"(1.6400018, 1.3899989, -2.2611046)","originalStandingEyeHeight":1.7000002,"playerFeet":"(-30.65276, 0.5943085, -7.2400713)","meshes":[{"owner":"/root/Act1NotebookShopSmokeTest/Act1Demo/Main/ZoneHost/Act1ConnectedWorld/babay-abi-house/GeneratedHouseInteriorAct1/HouseInterior_TableKettle_LOD0","name":"HouseInterior_TableKettle_LOD0","mesh":"res://assets/generated/urman_modular_kit.glb::ArrayMesh_gn8io","roomPosition":"(1.0800004, 1.11, -2.619999)","localBounds":"(-0.116, -0.15, -0.16999272), (0.232, 0.3, 0.33777452)","roomBounds":"(0.9640004, 0.96000004, -2.7899916), (0.23199993, 0.29999995, 0.33777452)","worldTransform":"[X: (0.42700619, 0, -0.9042487), Y: (0, 1, 0), Z: (0.9042487, 0, 0.42700619), O: (-31.58178, 1.7041522, -8.119324)]","visible":true,"visibleInTree":true,"distance":0.7222193,"visibilityBegin":0,"visibilityEnd":24,"beginMargin":0,"endMargin":3,"fadeMode":"Self","triangles":812,"metadata":{"generatedKitVisible":"true","generatedKitCollision":"false","visibilityRange":"0-24m","presentationOwnership":"presentation-only","collisionPolicy":"no physics body; visual mesh only","painterlyMaterial":"enamel","heroRoomRigidPlacement":"true","heroRoomSourceTransform":"[X: (1.0, 0.0, 0.0), Y: (0.0, 1.0, 0.0), Z: (0.0, 0.0, 1.0), O: (1.08, 1.11, -3.62)]"},"visibilityLimit":"tree visibility and configured distance; actual image remains the visual evidence"},{"owner":"/root/Act1NotebookShopSmokeTest/Act1Demo/Main/ZoneHost/Act1ConnectedWorld/babay-abi-house/GeneratedHouseInteriorAct1/HouseInterior_TableKettle_LOD1","name":"HouseInterior_TableKettle_LOD1","mesh":"res://assets/generated/urman_modular_kit.glb::ArrayMesh_ksusm","roomPosition":"(1.0800004, 1.11, -2.619999)","localBounds":"(-0.11402074, -0.15, -0.17070858), (0.22804148, 0.3, 0.33650315)","roomBounds":"(0.96597964, 0.96000004, -2.7907076), (0.22804147, 0.29999995, 0.33650327)","worldTransform":"[X: (0.42700619, 0, -0.9042487), Y: (0, 1, 0), Z: (0.9042487, 0, 0.42700619), O: (-31.58178, 1.7041522, -8.119324)]","visible":true,"visibleInTree":true,"distance":0.7228944,"visibilityBegin":18,"visibilityEnd":72,"beginMargin":3,"endMargin":6,"fadeMode":"Self","triangles":406,"metadata":{"generatedKitVisible":"true","generatedKitCollision":"false","visibilityRange":"18-72m","presentationOwnership":"presentation-only","collisionPolicy":"no physics body; visual mesh only","painterlyMaterial":"enamel","heroRoomRigidPlacement":"true","heroRoomSourceTransform":"[X: (1.0, 0.0, 0.0), Y: (0.0, 1.0, 0.0), Z: (0.0, 0.0, 1.0), O: (1.08, 1.11, -3.62)]"},"visibilityLimit":"tree visibility and configured distance; actual image remains the visual evidence"},{"owner":"/root/Act1NotebookShopSmokeTest/Act1Demo/Main/ZoneHost/Act1ConnectedWorld/babay-abi-house/GeneratedHouseInteriorAct1/HouseInterior_TableKettleLid_LOD0","name":"HouseInterior_TableKettleLid_LOD0","mesh":"res://assets/generated/urman_modular_kit.glb::ArrayMesh_y1v3u","roomPosition":"(1.0800004, 1.29, -2.619999)","localBounds":"(-0.067, -0.034, -0.067), (0.134, 0.054, 0.134)","roomBounds":"(1.0130004, 1.2559999, -2.6869988), (0.13400006, 0.05400002, 0.13399982)","worldTransform":"[X: (0.42700619, 0, -0.9042487), Y: (0, 1, 0), Z: (0.9042487, 0, 0.42700619), O: (-31.58178, 1.8841522, -8.119324)]","visible":true,"visibleInTree":true,"distance":0.67368805,"visibilityBegin":0,"visibilityEnd":24,"beginMargin":0,"endMargin":3,"fadeMode":"Self","triangles":384,"metadata":{"generatedKitVisible":"true","generatedKitCollision":"false","visibilityRange":"0-24m","presentationOwnership":"presentation-only","collisionPolicy":"no physics body; visual mesh only","painterlyMaterial":"enamel","heroRoomRigidPlacement":"true","heroRoomSourceTransform":"[X: (1.0, 0.0, 0.0), Y: (0.0, 1.0, 0.0), Z: (0.0, 0.0, 1.0), O: (1.08, 1.29, -3.62)]"},"visibilityLimit":"tree visibility and configured distance; actual image remains the visual evidence"},{"owner":"/root/Act1NotebookShopSmokeTest/Act1Demo/Main/ZoneHost/Act1ConnectedWorld/babay-abi-house/GeneratedHouseInteriorAct1/HouseInterior_TableKettleLid_LOD1","name":"HouseInterior_TableKettleLid_LOD1","mesh":"res://assets/generated/urman_modular_kit.glb::ArrayMesh_8ujwe","roomPosition":"(1.0800004, 1.29, -2.619999)","localBounds":"(-0.067, -0.034, -0.067), (0.134, 0.054, 0.134)","roomBounds":"(1.0130004, 1.2559999, -2.6869988), (0.13400006, 0.05400002, 0.13399982)","worldTransform":"[X: (0.42700619, 0, -0.9042487), Y: (0, 1, 0), Z: (0.9042487, 0, 0.42700619), O: (-31.58178, 1.8841522, -8.119324)]","visible":true,"visibleInTree":true,"distance":0.67368805,"visibilityBegin":18,"visibilityEnd":72,"beginMargin":3,"endMargin":6,"fadeMode":"Self","triangles":192,"metadata":{"generatedKitVisible":"true","generatedKitCollision":"false","visibilityRange":"18-72m","presentationOwnership":"presentation-only","collisionPolicy":"no physics body; visual mesh only","painterlyMaterial":"enamel","heroRoomRigidPlacement":"true","heroRoomSourceTransform":"[X: (1.0, 0.0, 0.0), Y: (0.0, 1.0, 0.0), Z: (0.0, 0.0, 1.0), O: (1.08, 1.29, -3.62)]"},"visibilityLimit":"tree visibility and configured distance; actual image remains the visual evidence"},{"owner":"/root/Act1NotebookShopSmokeTest/Act1Demo/Main/ZoneHost/Act1ConnectedWorld/babay-abi-house/GeneratedOldPcAct1/OldPc_Keyboard_LOD0","name":"OldPc_Keyboard_LOD0","mesh":"res://assets/generated/urman_modular_kit.glb::ArrayMesh_506l0","roomPosition":"(-9.536743E-07, 0.92499995, -2.3649998)","localBounds":"(-0.575, -0.05, -0.24), (1.15, 0.09587802, 0.48)","roomBounds":"(-0.25875095, 0.9025, -2.4729998), (0.5175, 0.04314506, 0.21600008)","worldTransform":"[X: (0.19215278, 0, -0.4069119), Y: (0, 0.45, 0), Z: (0.4069119, 0, 0.19215278), O: (-31.812363, 1.5191522, -7.033848)]","visible":true,"visibleInTree":true,"distance":1.7080656,"visibilityBegin":0,"visibilityEnd":24,"beginMargin":0,"endMargin":3,"fadeMode":"Self","triangles":2108,"metadata":{"generatedKitVisible":"true","generatedKitCollision":"false","visibilityRange":"0-24m","presentationOwnership":"presentation-only","collisionPolicy":"no physics body; visual mesh only","painterlyMaterial":"plaster"},"visibilityLimit":"tree visibility and configured distance; actual image remains the visual evidence"},{"owner":"/root/Act1NotebookShopSmokeTest/Act1Demo/Main/ZoneHost/Act1ConnectedWorld/babay-abi-house/GeneratedOldPcAct1/OldPc_Keyboard_LOD1","name":"OldPc_Keyboard_LOD1","mesh":"res://assets/generated/urman_modular_kit.glb::ArrayMesh_srht8","roomPosition":"(-9.536743E-07, 0.92499995, -2.3649998)","localBounds":"(-0.575, -0.05, -0.24), (1.15, 0.09587802, 0.48)","roomBounds":"(-0.25875095, 0.9025, -2.4729998), (0.5175, 0.04314506, 0.21600008)","worldTransform":"[X: (0.19215278, 0, -0.4069119), Y: (0, 0.45, 0), Z: (0.4069119, 0, 0.19215278), O: (-31.812363, 1.5191522, -7.033848)]","visible":true,"visibleInTree":true,"distance":1.7080656,"visibilityBegin":18,"visibilityEnd":72,"beginMargin":3,"endMargin":6,"fadeMode":"Self","triangles":1370,"metadata":{"generatedKitVisible":"true","generatedKitCollision":"false","visibilityRange":"18-72m","presentationOwnership":"presentation-only","collisionPolicy":"no physics body; visual mesh only","painterlyMaterial":"plaster"},"visibilityLimit":"tree visibility and configured distance; actual image remains the visual evidence"}],"noInteraction":true,"performanceSample":false}
act1-visible-surface: household_kettle pixel=(0.5, 0.5) distance=0.606 point=(-31.491714, 1.7493091, -8.176671) mesh=/root/Act1NotebookShopSmokeTest/Act1Demo/Main/ZoneHost/Act1ConnectedWorld/babay-abi-house/GeneratedHouseInteriorAct1/HouseInterior_TableKettle_LOD0 triangle=172 vertices=[(-31.475412, 1.7191522, -8.157455);(-31.504755, 1.7841523, -8.189227);(-31.498137, 1.7191522, -8.195281)] shader= snow=0.0
act1-visible-surface: household_kettle pixel=(0.5, 0.5) distance=1.109 point=(-31.885273, 1.5541523, -7.930871) mesh=/root/Act1NotebookShopSmokeTest/Act1Demo/Main/ZoneHost/Act1ConnectedWorld/babay-abi-house/GeneratedHouseInteriorAct1/HouseInterior_TableTray_LOD0 triangle=38 vertices=[(-31.62443, 1.5541523, -8.7830925);(-31.522047, 1.5541523, -7.4917254);(-32.104385, 1.5541523, -7.7667174)] shader= snow=0.0
act1-visible-surface: household_kettle pixel=(0.5, 0.5) distance=1.290 point=(-32.026436, 1.4841521, -7.8427057) mesh=/root/Act1NotebookShopSmokeTest/Act1Demo/Main/ZoneHost/Act1ConnectedWorld/babay-abi-house/GeneratedHouseInteriorAct1/HouseInterior_TableTop_LOD0 triangle=38 vertices=[(-31.930542, 1.4841522, -8.809316);(-32.11918, 1.4841522, -5.459074);(-33.258533, 1.4841522, -5.997102)] shader= snow=0.0
act1-visible-surface: household_kettle pixel=(0.5, 0.5) distance=2.481 point=(-32.95817, 1.022125, -7.260783) mesh=/root/Act1NotebookShopSmokeTest/Act1Demo/Main/ZoneHost/Act1ConnectedWorld/babay-abi-house/BackWallPier1/Visible triangle=1 vertices=[(-31.973473, 3.1961522, -9.346037);(-31.973473, 0.59215224, -9.346037);(-33.700283, 0.59215224, -5.6892557)] shader= snow=0.0
act1-visible-surface: household_kettle pixel=(0.43, 0.5) distance=0.632 point=(-31.44099, 1.7432961, -8.068465) mesh=/root/Act1NotebookShopSmokeTest/Act1Demo/Main/ZoneHost/Act1ConnectedWorld/babay-abi-house/GeneratedHouseInteriorAct1/HouseInterior_TableKettle_LOD0 triangle=572 vertices=[(-31.45184, 1.7109523, -8.057963);(-31.433214, 1.7673522, -8.067194);(-31.449894, 1.7148522, -8.078941)] shader= snow=0.0
act1-visible-surface: household_kettle pixel=(0.43, 0.5) distance=1.129 point=(-31.773066, 1.5541523, -7.7512126) mesh=/root/Act1NotebookShopSmokeTest/Act1Demo/Main/ZoneHost/Act1ConnectedWorld/babay-abi-house/GeneratedHouseInteriorAct1/HouseInterior_TableTray_LOD0 triangle=38 vertices=[(-31.62443, 1.5541523, -8.7830925);(-31.522047, 1.5541523, -7.4917254);(-32.104385, 1.5541523, -7.7667174)] shader= snow=0.0
act1-visible-surface: household_kettle pixel=(0.43, 0.5) distance=1.217 point=(-31.831907, 1.520638, -7.6949987) mesh=/root/Act1NotebookShopSmokeTest/Act1Demo/Main/ZoneHost/Act1ConnectedWorld/babay-abi-house/GeneratedOldPcAct1/OldPc_Tower_LOD0 triangle=107 vertices=[(-31.96145, 1.5124023, -7.756173);(-31.729511, 1.5124023, -7.646646);(-31.729511, 1.9219022, -7.646646)] shader= snow=0.0
act1-visible-surface: household_kettle pixel=(0.43, 0.5) distance=1.313 point=(-31.895964, 1.4841522, -7.633801) mesh=/root/Act1NotebookShopSmokeTest/Act1Demo/Main/ZoneHost/Act1ConnectedWorld/babay-abi-house/GeneratedHouseInteriorAct1/HouseInterior_TableTop_LOD0 triangle=39 vertices=[(-31.930542, 1.4841522, -8.809316);(-30.79119, 1.4841522, -8.271288);(-32.11918, 1.4841522, -5.459074)] shader= snow=0.0
act1-visible-surface: household_kettle pixel=(0.43, 0.5) distance=3.650 point=(-33.45852, 0.5941521, -6.1409945) mesh=/root/Act1NotebookShopSmokeTest/Act1Demo/Main/ZoneHost/Act1ConnectedWorld/babay-abi-house/Floor/Visible triangle=9 vertices=[(-28.121521, 0.59415215, -0.6462116);(-34.81296, 0.59415215, -3.806057);(-31.226109, 0.59415215, -11.401746)] shader= snow=0.0
act1-visible-surface: household_kettle pixel=(0.57, 0.5) distance=1.313 point=(-32.15691, 1.4841521, -8.051611) mesh=/root/Act1NotebookShopSmokeTest/Act1Demo/Main/ZoneHost/Act1ConnectedWorld/babay-abi-house/GeneratedHouseInteriorAct1/HouseInterior_TableTop_LOD0 triangle=38 vertices=[(-31.930542, 1.4841522, -8.809316);(-32.11918, 1.4841522, -5.459074);(-33.258533, 1.4841522, -5.997102)] shader= snow=0.0
act1-visible-surface: household_kettle pixel=(0.57, 0.5) distance=1.653 point=(-32.45187, 1.3546469, -7.9426084) mesh=/root/Act1NotebookShopSmokeTest/Act1Demo/Main/ZoneHost/Act1ConnectedWorld/babay-abi-house/GeneratedHouseInteriorAct1/HouseInterior_OldPcBackboard_LOD0 triangle=32 vertices=[(-33.364986, 1.1691523, -6.0065637);(-32.054123, 2.8791523, -8.804525);(-32.00548, 1.1691523, -8.88551)] shader= snow=0.0
act1-visible-surface: household_kettle pixel=(0.57, 0.5) distance=1.911 point=(-32.67517, 1.2566035, -7.8600864) mesh=/root/Act1NotebookShopSmokeTest/Act1Demo/Main/ZoneHost/Act1ConnectedWorld/babay-abi-house/BackWallPier1/Visible triangle=1 vertices=[(-31.973473, 3.1961522, -9.346037);(-31.973473, 0.59215224, -9.346037);(-33.700283, 0.59215224, -5.6892557)] shader= snow=0.0
state-final-render-sync-begin: label=notebook-shop/03a_household_kettle tick=38980 drawn=686 process=686 physics=596 windowVisible=True focus=True mode=Windowed renderLoop=True
state-final-render-sync-end: label=notebook-shop/03a_household_kettle milliseconds=6 forcedScreenshotRender=False
notebook-shop-capture: /Users/unterlantas/Documents/GitHub/URMAN/docs/production/act1_takeover_evidence_2026-09-16/images-notebook-shop-11/03a_household_kettle.png
{"kind":"household-art-camera","frame":"household_kettle_forced_lod1","forcedLod1":true,"fixture":"close-up diagnostic with only paired LOD1 forced; not ordinary 18m presentation","camera":"[X: (-0.52972883, -2.9802326E-08, -0.8481671), Y: (-0.32882795, 0.9217889, 0.20537178), Z: (0.78183097, 0.3876924, -0.4882981), O: (-31.018126, 1.9841511, -8.472454)]","cameraRoomPosition":"(1.6400018, 1.3899989, -2.2611046)","originalStandingEyeHeight":1.7000002,"playerFeet":"(-30.65276, 0.5943085, -7.2400713)","meshes":[{"owner":"/root/Act1NotebookShopSmokeTest/Act1Demo/Main/ZoneHost/Act1ConnectedWorld/babay-abi-house/GeneratedHouseInteriorAct1/HouseInterior_TableKettle_LOD0","name":"HouseInterior_TableKettle_LOD0","mesh":"res://assets/generated/urman_modular_kit.glb::ArrayMesh_gn8io","roomPosition":"(1.0800004, 1.11, -2.619999)","localBounds":"(-0.116, -0.15, -0.16999272), (0.232, 0.3, 0.33777452)","roomBounds":"(0.9640004, 0.96000004, -2.7899916), (0.23199993, 0.29999995, 0.33777452)","worldTransform":"[X: (0.42700619, 0, -0.9042487), Y: (0, 1, 0), Z: (0.9042487, 0, 0.42700619), O: (-31.58178, 1.7041522, -8.119324)]","visible":false,"visibleInTree":false,"distance":0.7222193,"visibilityBegin":0,"visibilityEnd":24,"beginMargin":0,"endMargin":3,"fadeMode":"Self","triangles":812,"metadata":{"generatedKitVisible":"true","generatedKitCollision":"false","visibilityRange":"0-24m","presentationOwnership":"presentation-only","collisionPolicy":"no physics body; visual mesh only","painterlyMaterial":"enamel","heroRoomRigidPlacement":"true","heroRoomSourceTransform":"[X: (1.0, 0.0, 0.0), Y: (0.0, 1.0, 0.0), Z: (0.0, 0.0, 1.0), O: (1.08, 1.11, -3.62)]"},"visibilityLimit":"tree visibility and configured distance; actual image remains the visual evidence"},{"owner":"/root/Act1NotebookShopSmokeTest/Act1Demo/Main/ZoneHost/Act1ConnectedWorld/babay-abi-house/GeneratedHouseInteriorAct1/HouseInterior_TableKettle_LOD1","name":"HouseInterior_TableKettle_LOD1","mesh":"res://assets/generated/urman_modular_kit.glb::ArrayMesh_ksusm","roomPosition":"(1.0800004, 1.11, -2.619999)","localBounds":"(-0.11402074, -0.15, -0.17070858), (0.22804148, 0.3, 0.33650315)","roomBounds":"(0.96597964, 0.96000004, -2.7907076), (0.22804147, 0.29999995, 0.33650327)","worldTransform":"[X: (0.42700619, 0, -0.9042487), Y: (0, 1, 0), Z: (0.9042487, 0, 0.42700619), O: (-31.58178, 1.7041522, -8.119324)]","visible":true,"visibleInTree":true,"distance":0.7228944,"visibilityBegin":0,"visibilityEnd":0,"beginMargin":0,"endMargin":0,"fadeMode":"Self","triangles":406,"metadata":{"generatedKitVisible":"true","generatedKitCollision":"false","visibilityRange":"18-72m","presentationOwnership":"presentation-only","collisionPolicy":"no physics body; visual mesh only","painterlyMaterial":"enamel","heroRoomRigidPlacement":"true","heroRoomSourceTransform":"[X: (1.0, 0.0, 0.0), Y: (0.0, 1.0, 0.0), Z: (0.0, 0.0, 1.0), O: (1.08, 1.11, -3.62)]"},"visibilityLimit":"tree visibility and configured distance; actual image remains the visual evidence"},{"owner":"/root/Act1NotebookShopSmokeTest/Act1Demo/Main/ZoneHost/Act1ConnectedWorld/babay-abi-house/GeneratedHouseInteriorAct1/HouseInterior_TableKettleLid_LOD0","name":"HouseInterior_TableKettleLid_LOD0","mesh":"res://assets/generated/urman_modular_kit.glb::ArrayMesh_y1v3u","roomPosition":"(1.0800004, 1.29, -2.619999)","localBounds":"(-0.067, -0.034, -0.067), (0.134, 0.054, 0.134)","roomBounds":"(1.0130004, 1.2559999, -2.6869988), (0.13400006, 0.05400002, 0.13399982)","worldTransform":"[X: (0.42700619, 0, -0.9042487), Y: (0, 1, 0), Z: (0.9042487, 0, 0.42700619), O: (-31.58178, 1.8841522, -8.119324)]","visible":false,"visibleInTree":false,"distance":0.67368805,"visibilityBegin":0,"visibilityEnd":24,"beginMargin":0,"endMargin":3,"fadeMode":"Self","triangles":384,"metadata":{"generatedKitVisible":"true","generatedKitCollision":"false","visibilityRange":"0-24m","presentationOwnership":"presentation-only","collisionPolicy":"no physics body; visual mesh only","painterlyMaterial":"enamel","heroRoomRigidPlacement":"true","heroRoomSourceTransform":"[X: (1.0, 0.0, 0.0), Y: (0.0, 1.0, 0.0), Z: (0.0, 0.0, 1.0), O: (1.08, 1.29, -3.62)]"},"visibilityLimit":"tree visibility and configured distance; actual image remains the visual evidence"},{"owner":"/root/Act1NotebookShopSmokeTest/Act1Demo/Main/ZoneHost/Act1ConnectedWorld/babay-abi-house/GeneratedHouseInteriorAct1/HouseInterior_TableKettleLid_LOD1","name":"HouseInterior_TableKettleLid_LOD1","mesh":"res://assets/generated/urman_modular_kit.glb::ArrayMesh_8ujwe","roomPosition":"(1.0800004, 1.29, -2.619999)","localBounds":"(-0.067, -0.034, -0.067), (0.134, 0.054, 0.134)","roomBounds":"(1.0130004, 1.2559999, -2.6869988), (0.13400006, 0.05400002, 0.13399982)","worldTransform":"[X: (0.42700619, 0, -0.9042487), Y: (0, 1, 0), Z: (0.9042487, 0, 0.42700619), O: (-31.58178, 1.8841522, -8.119324)]","visible":true,"visibleInTree":true,"distance":0.67368805,"visibilityBegin":0,"visibilityEnd":0,"beginMargin":0,"endMargin":0,"fadeMode":"Self","triangles":192,"metadata":{"generatedKitVisible":"true","generatedKitCollision":"false","visibilityRange":"18-72m","presentationOwnership":"presentation-only","collisionPolicy":"no physics body; visual mesh only","painterlyMaterial":"enamel","heroRoomRigidPlacement":"true","heroRoomSourceTransform":"[X: (1.0, 0.0, 0.0), Y: (0.0, 1.0, 0.0), Z: (0.0, 0.0, 1.0), O: (1.08, 1.29, -3.62)]"},"visibilityLimit":"tree visibility and configured distance; actual image remains the visual evidence"},{"owner":"/root/Act1NotebookShopSmokeTest/Act1Demo/Main/ZoneHost/Act1ConnectedWorld/babay-abi-house/GeneratedOldPcAct1/OldPc_Keyboard_LOD0","name":"OldPc_Keyboard_LOD0","mesh":"res://assets/generated/urman_modular_kit.glb::ArrayMesh_506l0","roomPosition":"(-9.536743E-07, 0.92499995, -2.3649998)","localBounds":"(-0.575, -0.05, -0.24), (1.15, 0.09587802, 0.48)","roomBounds":"(-0.25875095, 0.9025, -2.4729998), (0.5175, 0.04314506, 0.21600008)","worldTransform":"[X: (0.19215278, 0, -0.4069119), Y: (0, 0.45, 0), Z: (0.4069119, 0, 0.19215278), O: (-31.812363, 1.5191522, -7.033848)]","visible":true,"visibleInTree":true,"distance":1.7080656,"visibilityBegin":0,"visibilityEnd":24,"beginMargin":0,"endMargin":3,"fadeMode":"Self","triangles":2108,"metadata":{"generatedKitVisible":"true","generatedKitCollision":"false","visibilityRange":"0-24m","presentationOwnership":"presentation-only","collisionPolicy":"no physics body; visual mesh only","painterlyMaterial":"plaster"},"visibilityLimit":"tree visibility and configured distance; actual image remains the visual evidence"},{"owner":"/root/Act1NotebookShopSmokeTest/Act1Demo/Main/ZoneHost/Act1ConnectedWorld/babay-abi-house/GeneratedOldPcAct1/OldPc_Keyboard_LOD1","name":"OldPc_Keyboard_LOD1","mesh":"res://assets/generated/urman_modular_kit.glb::ArrayMesh_srht8","roomPosition":"(-9.536743E-07, 0.92499995, -2.3649998)","localBounds":"(-0.575, -0.05, -0.24), (1.15, 0.09587802, 0.48)","roomBounds":"(-0.25875095, 0.9025, -2.4729998), (0.5175, 0.04314506, 0.21600008)","worldTransform":"[X: (0.19215278, 0, -0.4069119), Y: (0, 0.45, 0), Z: (0.4069119, 0, 0.19215278), O: (-31.812363, 1.5191522, -7.033848)]","visible":true,"visibleInTree":true,"distance":1.7080656,"visibilityBegin":18,"visibilityEnd":72,"beginMargin":3,"endMargin":6,"fadeMode":"Self","triangles":1370,"metadata":{"generatedKitVisible":"true","generatedKitCollision":"false","visibilityRange":"18-72m","presentationOwnership":"presentation-only","collisionPolicy":"no physics body; visual mesh only","painterlyMaterial":"plaster"},"visibilityLimit":"tree visibility and configured distance; actual image remains the visual evidence"}],"noInteraction":true,"performanceSample":false}
act1-visible-surface: household_kettle/forced-lod1 pixel=(0.5, 0.5) distance=0.606 point=(-31.491968, 1.7491829, -8.176512) mesh=/root/Act1NotebookShopSmokeTest/Act1Demo/Main/ZoneHost/Act1ConnectedWorld/babay-abi-house/GeneratedHouseInteriorAct1/HouseInterior_TableKettle_LOD1 triangle=149 vertices=[(-31.480953, 1.7727523, -8.157197);(-31.50265, 1.7767522, -8.191109);(-31.496964, 1.5974523, -8.196828)] shader= snow=0.0
act1-visible-surface: household_kettle/forced-lod1 pixel=(0.5, 0.5) distance=1.109 point=(-31.885273, 1.5541523, -7.930871) mesh=/root/Act1NotebookShopSmokeTest/Act1Demo/Main/ZoneHost/Act1ConnectedWorld/babay-abi-house/GeneratedHouseInteriorAct1/HouseInterior_TableTray_LOD0 triangle=38 vertices=[(-31.62443, 1.5541523, -8.7830925);(-31.522047, 1.5541523, -7.4917254);(-32.104385, 1.5541523, -7.7667174)] shader= snow=0.0
act1-visible-surface: household_kettle/forced-lod1 pixel=(0.5, 0.5) distance=1.290 point=(-32.026436, 1.4841521, -7.8427057) mesh=/root/Act1NotebookShopSmokeTest/Act1Demo/Main/ZoneHost/Act1ConnectedWorld/babay-abi-house/GeneratedHouseInteriorAct1/HouseInterior_TableTop_LOD0 triangle=38 vertices=[(-31.930542, 1.4841522, -8.809316);(-32.11918, 1.4841522, -5.459074);(-33.258533, 1.4841522, -5.997102)] shader= snow=0.0
act1-visible-surface: household_kettle/forced-lod1 pixel=(0.5, 0.5) distance=2.481 point=(-32.95817, 1.022125, -7.260783) mesh=/root/Act1NotebookShopSmokeTest/Act1Demo/Main/ZoneHost/Act1ConnectedWorld/babay-abi-house/BackWallPier1/Visible triangle=1 vertices=[(-31.973473, 3.1961522, -9.346037);(-31.973473, 0.59215224, -9.346037);(-33.700283, 0.59215224, -5.6892557)] shader= snow=0.0
act1-visible-surface: household_kettle/forced-lod1 pixel=(0.43, 0.5) distance=0.629 point=(-31.43843, 1.7447534, -8.0709095) mesh=/root/Act1NotebookShopSmokeTest/Act1Demo/Main/ZoneHost/Act1ConnectedWorld/babay-abi-house/GeneratedHouseInteriorAct1/HouseInterior_TableKettle_LOD1 triangle=63 vertices=[(-31.472292, 1.6732522, -8.090292);(-31.43667, 1.7477522, -8.069711);(-31.483004, 1.6833522, -8.105082)] shader= snow=0.0
act1-visible-surface: household_kettle/forced-lod1 pixel=(0.43, 0.5) distance=1.129 point=(-31.773066, 1.5541523, -7.7512126) mesh=/root/Act1NotebookShopSmokeTest/Act1Demo/Main/ZoneHost/Act1ConnectedWorld/babay-abi-house/GeneratedHouseInteriorAct1/HouseInterior_TableTray_LOD0 triangle=38 vertices=[(-31.62443, 1.5541523, -8.7830925);(-31.522047, 1.5541523, -7.4917254);(-32.104385, 1.5541523, -7.7667174)] shader= snow=0.0
act1-visible-surface: household_kettle/forced-lod1 pixel=(0.43, 0.5) distance=1.217 point=(-31.831907, 1.520638, -7.6949987) mesh=/root/Act1NotebookShopSmokeTest/Act1Demo/Main/ZoneHost/Act1ConnectedWorld/babay-abi-house/GeneratedOldPcAct1/OldPc_Tower_LOD0 triangle=107 vertices=[(-31.96145, 1.5124023, -7.756173);(-31.729511, 1.5124023, -7.646646);(-31.729511, 1.9219022, -7.646646)] shader= snow=0.0
act1-visible-surface: household_kettle/forced-lod1 pixel=(0.43, 0.5) distance=1.313 point=(-31.895964, 1.4841522, -7.633801) mesh=/root/Act1NotebookShopSmokeTest/Act1Demo/Main/ZoneHost/Act1ConnectedWorld/babay-abi-house/GeneratedHouseInteriorAct1/HouseInterior_TableTop_LOD0 triangle=39 vertices=[(-31.930542, 1.4841522, -8.809316);(-30.79119, 1.4841522, -8.271288);(-32.11918, 1.4841522, -5.459074)] shader= snow=0.0
act1-visible-surface: household_kettle/forced-lod1 pixel=(0.43, 0.5) distance=3.650 point=(-33.45852, 0.5941521, -6.1409945) mesh=/root/Act1NotebookShopSmokeTest/Act1Demo/Main/ZoneHost/Act1ConnectedWorld/babay-abi-house/Floor/Visible triangle=9 vertices=[(-28.121521, 0.59415215, -0.6462116);(-34.81296, 0.59415215, -3.806057);(-31.226109, 0.59415215, -11.401746)] shader= snow=0.0
act1-visible-surface: household_kettle/forced-lod1 pixel=(0.57, 0.5) distance=1.313 point=(-32.15691, 1.4841521, -8.051611) mesh=/root/Act1NotebookShopSmokeTest/Act1Demo/Main/ZoneHost/Act1ConnectedWorld/babay-abi-house/GeneratedHouseInteriorAct1/HouseInterior_TableTop_LOD0 triangle=38 vertices=[(-31.930542, 1.4841522, -8.809316);(-32.11918, 1.4841522, -5.459074);(-33.258533, 1.4841522, -5.997102)] shader= snow=0.0
act1-visible-surface: household_kettle/forced-lod1 pixel=(0.57, 0.5) distance=1.653 point=(-32.45187, 1.3546469, -7.9426084) mesh=/root/Act1NotebookShopSmokeTest/Act1Demo/Main/ZoneHost/Act1ConnectedWorld/babay-abi-house/GeneratedHouseInteriorAct1/HouseInterior_OldPcBackboard_LOD0 triangle=32 vertices=[(-33.364986, 1.1691523, -6.0065637);(-32.054123, 2.8791523, -8.804525);(-32.00548, 1.1691523, -8.88551)] shader= snow=0.0
act1-visible-surface: household_kettle/forced-lod1 pixel=(0.57, 0.5) distance=1.911 point=(-32.67517, 1.2566035, -7.8600864) mesh=/root/Act1NotebookShopSmokeTest/Act1Demo/Main/ZoneHost/Act1ConnectedWorld/babay-abi-house/BackWallPier1/Visible triangle=1 vertices=[(-31.973473, 3.1961522, -9.346037);(-31.973473, 0.59215224, -9.346037);(-33.700283, 0.59215224, -5.6892557)] shader= snow=0.0
state-final-render-sync-begin: label=notebook-shop/03b_household_kettle_forced_lod1 tick=39142 drawn=687 process=687 physics=604 windowVisible=True focus=True mode=Windowed renderLoop=True
state-final-render-sync-end: label=notebook-shop/03b_household_kettle_forced_lod1 milliseconds=6 forcedScreenshotRender=False
notebook-shop-capture: /Users/unterlantas/Documents/GitHub/URMAN/docs/production/act1_takeover_evidence_2026-09-16/images-notebook-shop-11/03b_household_kettle_forced_lod1.png
{"kind":"household-art-camera","frame":"household_keyboard","forcedLod1":false,"fixture":"close-up camera-only inspection; ordinary visibility ranges","camera":"[X: (-0.117150865, 0, -0.9931141), Y: (-0.6855158, 0.72355294, 0.08086561), Z: (0.71857065, 0.690269, -0.08476485), O: (-31.437601, 1.8782258, -7.0780563)]","cameraRoomPosition":"(0.20000029, 1.2840736, -2.0449982)","originalStandingEyeHeight":1.7000002,"playerFeet":"(-30.65276, 0.5943085, -7.2400713)","meshes":[{"owner":"/root/Act1NotebookShopSmokeTest/Act1Demo/Main/ZoneHost/Act1ConnectedWorld/babay-abi-house/GeneratedHouseInteriorAct1/HouseInterior_TableKettle_LOD0","name":"HouseInterior_TableKettle_LOD0","mesh":"res://assets/generated/urman_modular_kit.glb::ArrayMesh_gn8io","roomPosition":"(1.0800004, 1.11, -2.619999)","localBounds":"(-0.116, -0.15, -0.16999272), (0.232, 0.3, 0.33777452)","roomBounds":"(0.9640004, 0.96000004, -2.7899916), (0.23199993, 0.29999995, 0.33777452)","worldTransform":"[X: (0.42700619, 0, -0.9042487), Y: (0, 1, 0), Z: (0.9042487, 0, 0.42700619), O: (-31.58178, 1.7041522, -8.119324)]","visible":true,"visibleInTree":true,"distance":1.0661141,"visibilityBegin":0,"visibilityEnd":24,"beginMargin":0,"endMargin":3,"fadeMode":"Self","triangles":812,"metadata":{"generatedKitVisible":"true","generatedKitCollision":"false","visibilityRange":"0-24m","presentationOwnership":"presentation-only","collisionPolicy":"no physics body; visual mesh only","painterlyMaterial":"enamel","heroRoomRigidPlacement":"true","heroRoomSourceTransform":"[X: (1.0, 0.0, 0.0), Y: (0.0, 1.0, 0.0), Z: (0.0, 0.0, 1.0), O: (1.08, 1.11, -3.62)]"},"visibilityLimit":"tree visibility and configured distance; actual image remains the visual evidence"},{"owner":"/root/Act1NotebookShopSmokeTest/Act1Demo/Main/ZoneHost/Act1ConnectedWorld/babay-abi-house/GeneratedHouseInteriorAct1/HouseInterior_TableKettle_LOD1","name":"HouseInterior_TableKettle_LOD1","mesh":"res://assets/generated/urman_modular_kit.glb::ArrayMesh_ksusm","roomPosition":"(1.0800004, 1.11, -2.619999)","localBounds":"(-0.11402074, -0.15, -0.17070858), (0.22804148, 0.3, 0.33650315)","roomBounds":"(0.96597964, 0.96000004, -2.7907076), (0.22804147, 0.29999995, 0.33650327)","worldTransform":"[X: (0.42700619, 0, -0.9042487), Y: (0, 1, 0), Z: (0.9042487, 0, 0.42700619), O: (-31.58178, 1.7041522, -8.119324)]","visible":true,"visibleInTree":true,"distance":1.0668449,"visibilityBegin":18,"visibilityEnd":72,"beginMargin":3,"endMargin":6,"fadeMode":"Self","triangles":406,"metadata":{"generatedKitVisible":"true","generatedKitCollision":"false","visibilityRange":"18-72m","presentationOwnership":"presentation-only","collisionPolicy":"no physics body; visual mesh only","painterlyMaterial":"enamel","heroRoomRigidPlacement":"true","heroRoomSourceTransform":"[X: (1.0, 0.0, 0.0), Y: (0.0, 1.0, 0.0), Z: (0.0, 0.0, 1.0), O: (1.08, 1.11, -3.62)]"},"visibilityLimit":"tree visibility and configured distance; actual image remains the visual evidence"},{"owner":"/root/Act1NotebookShopSmokeTest/Act1Demo/Main/ZoneHost/Act1ConnectedWorld/babay-abi-house/GeneratedHouseInteriorAct1/HouseInterior_TableKettleLid_LOD0","name":"HouseInterior_TableKettleLid_LOD0","mesh":"res://assets/generated/urman_modular_kit.glb::ArrayMesh_y1v3u","roomPosition":"(1.0800004, 1.29, -2.619999)","localBounds":"(-0.067, -0.034, -0.067), (0.134, 0.054, 0.134)","roomBounds":"(1.0130004, 1.2559999, -2.6869988), (0.13400006, 0.05400002, 0.13399982)","worldTransform":"[X: (0.42700619, 0, -0.9042487), Y: (0, 1, 0), Z: (0.9042487, 0, 0.42700619), O: (-31.58178, 1.8841522, -8.119324)]","visible":true,"visibleInTree":true,"distance":1.0512023,"visibilityBegin":0,"visibilityEnd":24,"beginMargin":0,"endMargin":3,"fadeMode":"Self","triangles":384,"metadata":{"generatedKitVisible":"true","generatedKitCollision":"false","visibilityRange":"0-24m","presentationOwnership":"presentation-only","collisionPolicy":"no physics body; visual mesh only","painterlyMaterial":"enamel","heroRoomRigidPlacement":"true","heroRoomSourceTransform":"[X: (1.0, 0.0, 0.0), Y: (0.0, 1.0, 0.0), Z: (0.0, 0.0, 1.0), O: (1.08, 1.29, -3.62)]"},"visibilityLimit":"tree visibility and configured distance; actual image remains the visual evidence"},{"owner":"/root/Act1NotebookShopSmokeTest/Act1Demo/Main/ZoneHost/Act1ConnectedWorld/babay-abi-house/GeneratedHouseInteriorAct1/HouseInterior_TableKettleLid_LOD1","name":"HouseInterior_TableKettleLid_LOD1","mesh":"res://assets/generated/urman_modular_kit.glb::ArrayMesh_8ujwe","roomPosition":"(1.0800004, 1.29, -2.619999)","localBounds":"(-0.067, -0.034, -0.067), (0.134, 0.054, 0.134)","roomBounds":"(1.0130004, 1.2559999, -2.6869988), (0.13400006, 0.05400002, 0.13399982)","worldTransform":"[X: (0.42700619, 0, -0.9042487), Y: (0, 1, 0), Z: (0.9042487, 0, 0.42700619), O: (-31.58178, 1.8841522, -8.119324)]","visible":true,"visibleInTree":true,"distance":1.0512023,"visibilityBegin":18,"visibilityEnd":72,"beginMargin":3,"endMargin":6,"fadeMode":"Self","triangles":192,"metadata":{"generatedKitVisible":"true","generatedKitCollision":"false","visibilityRange":"18-72m","presentationOwnership":"presentation-only","collisionPolicy":"no physics body; visual mesh only","painterlyMaterial":"enamel","heroRoomRigidPlacement":"true","heroRoomSourceTransform":"[X: (1.0, 0.0, 0.0), Y: (0.0, 1.0, 0.0), Z: (0.0, 0.0, 1.0), O: (1.08, 1.29, -3.62)]"},"visibilityLimit":"tree visibility and configured distance; actual image remains the visual evidence"},{"owner":"/root/Act1NotebookShopSmokeTest/Act1Demo/Main/ZoneHost/Act1ConnectedWorld/babay-abi-house/GeneratedOldPcAct1/OldPc_Keyboard_LOD0","name":"OldPc_Keyboard_LOD0","mesh":"res://assets/generated/urman_modular_kit.glb::ArrayMesh_506l0","roomPosition":"(-9.536743E-07, 0.92499995, -2.3649998)","localBounds":"(-0.575, -0.05, -0.24), (1.15, 0.09587802, 0.48)","roomBounds":"(-0.25875095, 0.9025, -2.4729998), (0.5175, 0.04314506, 0.21600008)","worldTransform":"[X: (0.19215278, 0, -0.4069119), Y: (0, 0.45, 0), Z: (0.4069119, 0, 0.19215278), O: (-31.812363, 1.5191522, -7.033848)]","visible":true,"visibleInTree":true,"distance":0.52153754,"visibilityBegin":0,"visibilityEnd":24,"beginMargin":0,"endMargin":3,"fadeMode":"Self","triangles":2108,"metadata":{"generatedKitVisible":"true","generatedKitCollision":"false","visibilityRange":"0-24m","presentationOwnership":"presentation-only","collisionPolicy":"no physics body; visual mesh only","painterlyMaterial":"plaster"},"visibilityLimit":"tree visibility and configured distance; actual image remains the visual evidence"},{"owner":"/root/Act1NotebookShopSmokeTest/Act1Demo/Main/ZoneHost/Act1ConnectedWorld/babay-abi-house/GeneratedOldPcAct1/OldPc_Keyboard_LOD1","name":"OldPc_Keyboard_LOD1","mesh":"res://assets/generated/urman_modular_kit.glb::ArrayMesh_srht8","roomPosition":"(-9.536743E-07, 0.92499995, -2.3649998)","localBounds":"(-0.575, -0.05, -0.24), (1.15, 0.09587802, 0.48)","roomBounds":"(-0.25875095, 0.9025, -2.4729998), (0.5175, 0.04314506, 0.21600008)","worldTransform":"[X: (0.19215278, 0, -0.4069119), Y: (0, 0.45, 0), Z: (0.4069119, 0, 0.19215278), O: (-31.812363, 1.5191522, -7.033848)]","visible":true,"visibleInTree":true,"distance":0.52153754,"visibilityBegin":18,"visibilityEnd":72,"beginMargin":3,"endMargin":6,"fadeMode":"Self","triangles":1370,"metadata":{"generatedKitVisible":"true","generatedKitCollision":"false","visibilityRange":"18-72m","presentationOwnership":"presentation-only","collisionPolicy":"no physics body; visual mesh only","painterlyMaterial":"plaster"},"visibilityLimit":"tree visibility and configured distance; actual image remains the visual evidence"}],"noInteraction":true,"performanceSample":false}
act1-visible-surface: household_keyboard pixel=(0.5, 0.5) distance=0.500 point=(-31.796688, 1.5332822, -7.0356975) mesh=/root/Act1NotebookShopSmokeTest/Act1Demo/Main/ZoneHost/Act1ConnectedWorld/babay-abi-house/GeneratedOldPcAct1/OldPc_Keyboard_LOD0 triangle=667 vertices=[(-31.783281, 1.5332822, -7.0269327);(-31.799557, 1.5332822, -7.034619);(-31.79264, 1.5332822, -7.0492673)] shader= snow=0.0
act1-visible-surface: household_keyboard pixel=(0.5, 0.5) distance=0.571 point=(-31.847832, 1.4841521, -7.029664) mesh=/root/Act1NotebookShopSmokeTest/Act1Demo/Main/ZoneHost/Act1ConnectedWorld/babay-abi-house/GeneratedHouseInteriorAct1/HouseInterior_TableTop_LOD0 triangle=39 vertices=[(-31.930542, 1.4841522, -8.809316);(-30.79119, 1.4841522, -8.271288);(-32.11918, 1.4841522, -5.459074)] shader= snow=0.0
act1-visible-surface: household_keyboard pixel=(0.5, 0.5) distance=0.823 point=(-32.029022, 1.3100996, -7.008291) mesh=/root/Act1NotebookShopSmokeTest/Act1Demo/Main/ZoneHost/Act1ConnectedWorld/babay-abi-house/GeneratedHouseInteriorAct1/HouseInterior_TableApron_LOD0 triangle=36 vertices=[(-31.4002, 1.2421522, -8.3399105);(-32.559093, 1.3261523, -5.8857794);(-31.4002, 1.3261523, -8.3399105)] shader= snow=0.0
act1-visible-surface: household_keyboard pixel=(0.5, 0.5) distance=1.860 point=(-32.774323, 0.5941522, -6.9203725) mesh=/root/Act1NotebookShopSmokeTest/Act1Demo/Main/ZoneHost/Act1ConnectedWorld/babay-abi-house/Floor/Visible triangle=9 vertices=[(-28.121521, 0.59415215, -0.6462116);(-34.81296, 0.59415215, -3.806057);(-31.226109, 0.59415215, -11.401746)] shader= snow=0.0
act1-visible-surface: household_keyboard pixel=(0.43, 0.5) distance=0.514 point=(-31.788774, 1.5300422, -6.9396296) mesh=/root/Act1NotebookShopSmokeTest/Act1Demo/Main/ZoneHost/Act1ConnectedWorld/babay-abi-house/GeneratedOldPcAct1/OldPc_Keyboard_LOD0 triangle=107 vertices=[(-31.812397, 1.5300422, -6.8535657);(-31.828674, 1.5300422, -6.861252);(-31.774334, 1.5300422, -6.9763265)] shader= snow=0.0
act1-visible-surface: household_keyboard pixel=(0.43, 0.5) distance=0.581 point=(-31.83506, 1.4841522, -6.9213853) mesh=/root/Act1NotebookShopSmokeTest/Act1Demo/Main/ZoneHost/Act1ConnectedWorld/babay-abi-house/GeneratedHouseInteriorAct1/HouseInterior_TableTop_LOD0 triangle=39 vertices=[(-31.930542, 1.4841522, -8.809316);(-30.79119, 1.4841522, -8.271288);(-32.11918, 1.4841522, -5.459074)] shader= snow=0.0
act1-visible-surface: household_keyboard pixel=(0.43, 0.5) distance=1.894 point=(-32.732704, 0.5941522, -6.5675497) mesh=/root/Act1NotebookShopSmokeTest/Act1Demo/Main/ZoneHost/Act1ConnectedWorld/babay-abi-house/Floor/Visible triangle=9 vertices=[(-28.121521, 0.59415215, -0.6462116);(-34.81296, 0.59415215, -3.806057);(-31.226109, 0.59415215, -11.401746)] shader= snow=0.0
act1-visible-surface: household_keyboard pixel=(0.57, 0.5) distance=0.504 point=(-31.804342, 1.5365672, -7.1299777) mesh=/root/Act1NotebookShopSmokeTest/Act1Demo/Main/ZoneHost/Act1ConnectedWorld/babay-abi-house/GeneratedOldPcAct1/OldPc_Keyboard_LOD0 triangle=1547 vertices=[(-31.792538, 1.5365672, -7.1190395);(-31.808813, 1.5365672, -7.1267257);(-31.801895, 1.5365672, -7.141374)] shader= snow=0.0
act1-visible-surface: household_keyboard pixel=(0.57, 0.5) distance=0.581 point=(-31.860605, 1.4841522, -7.1379433) mesh=/root/Act1NotebookShopSmokeTest/Act1Demo/Main/ZoneHost/Act1ConnectedWorld/babay-abi-house/GeneratedHouseInteriorAct1/HouseInterior_TableTop_LOD0 triangle=39 vertices=[(-31.930542, 1.4841522, -8.809316);(-30.79119, 1.4841522, -8.271288);(-32.11918, 1.4841522, -5.459074)] shader= snow=0.0
act1-visible-surface: household_keyboard pixel=(0.57, 0.5) distance=0.788 point=(-32.010883, 1.3441522, -7.159219) mesh=/root/Act1NotebookShopSmokeTest/Act1Demo/Main/ZoneHost/Act1ConnectedWorld/babay-abi-house/GeneratedHouseInteriorAct1/HouseInterior_TableApron_LOD0 triangle=39 vertices=[(-31.474348, 1.3441522, -8.374925);(-31.416477, 1.3441522, -8.347596);(-32.57537, 1.3441522, -5.893465)] shader= snow=0.0
act1-visible-surface: household_keyboard pixel=(0.57, 0.5) distance=1.894 point=(-32.815945, 0.5941522, -7.2731957) mesh=/root/Act1NotebookShopSmokeTest/Act1Demo/Main/ZoneHost/Act1ConnectedWorld/babay-abi-house/Floor/Visible triangle=9 vertices=[(-28.121521, 0.59415215, -0.6462116);(-34.81296, 0.59415215, -3.806057);(-31.226109, 0.59415215, -11.401746)] shader= snow=0.0
state-final-render-sync-begin: label=notebook-shop/03a_household_keyboard tick=39302 drawn=688 process=688 physics=612 windowVisible=True focus=True mode=Windowed renderLoop=True
state-final-render-sync-end: label=notebook-shop/03a_household_keyboard milliseconds=5 forcedScreenshotRender=False
notebook-shop-capture: /Users/unterlantas/Documents/GitHub/URMAN/docs/production/act1_takeover_evidence_2026-09-16/images-notebook-shop-11/03a_household_keyboard.png
{"kind":"household-art-camera","frame":"household_keyboard_forced_lod1","forcedLod1":true,"fixture":"close-up diagnostic with only paired LOD1 forced; not ordinary 18m presentation","camera":"[X: (-0.117150865, 0, -0.9931141), Y: (-0.6855158, 0.72355294, 0.08086561), Z: (0.71857065, 0.690269, -0.08476485), O: (-31.437601, 1.8782258, -7.0780563)]","cameraRoomPosition":"(0.20000029, 1.2840736, -2.0449982)","originalStandingEyeHeight":1.7000002,"playerFeet":"(-30.65276, 0.5943085, -7.2400713)","meshes":[{"owner":"/root/Act1NotebookShopSmokeTest/Act1Demo/Main/ZoneHost/Act1ConnectedWorld/babay-abi-house/GeneratedHouseInteriorAct1/HouseInterior_TableKettle_LOD0","name":"HouseInterior_TableKettle_LOD0","mesh":"res://assets/generated/urman_modular_kit.glb::ArrayMesh_gn8io","roomPosition":"(1.0800004, 1.11, -2.619999)","localBounds":"(-0.116, -0.15, -0.16999272), (0.232, 0.3, 0.33777452)","roomBounds":"(0.9640004, 0.96000004, -2.7899916), (0.23199993, 0.29999995, 0.33777452)","worldTransform":"[X: (0.42700619, 0, -0.9042487), Y: (0, 1, 0), Z: (0.9042487, 0, 0.42700619), O: (-31.58178, 1.7041522, -8.119324)]","visible":true,"visibleInTree":true,"distance":1.0661141,"visibilityBegin":0,"visibilityEnd":24,"beginMargin":0,"endMargin":3,"fadeMode":"Self","triangles":812,"metadata":{"generatedKitVisible":"true","generatedKitCollision":"false","visibilityRange":"0-24m","presentationOwnership":"presentation-only","collisionPolicy":"no physics body; visual mesh only","painterlyMaterial":"enamel","heroRoomRigidPlacement":"true","heroRoomSourceTransform":"[X: (1.0, 0.0, 0.0), Y: (0.0, 1.0, 0.0), Z: (0.0, 0.0, 1.0), O: (1.08, 1.11, -3.62)]"},"visibilityLimit":"tree visibility and configured distance; actual image remains the visual evidence"},{"owner":"/root/Act1NotebookShopSmokeTest/Act1Demo/Main/ZoneHost/Act1ConnectedWorld/babay-abi-house/GeneratedHouseInteriorAct1/HouseInterior_TableKettle_LOD1","name":"HouseInterior_TableKettle_LOD1","mesh":"res://assets/generated/urman_modular_kit.glb::ArrayMesh_ksusm","roomPosition":"(1.0800004, 1.11, -2.619999)","localBounds":"(-0.11402074, -0.15, -0.17070858), (0.22804148, 0.3, 0.33650315)","roomBounds":"(0.96597964, 0.96000004, -2.7907076), (0.22804147, 0.29999995, 0.33650327)","worldTransform":"[X: (0.42700619, 0, -0.9042487), Y: (0, 1, 0), Z: (0.9042487, 0, 0.42700619), O: (-31.58178, 1.7041522, -8.119324)]","visible":true,"visibleInTree":true,"distance":1.0668449,"visibilityBegin":18,"visibilityEnd":72,"beginMargin":3,"endMargin":6,"fadeMode":"Self","triangles":406,"metadata":{"generatedKitVisible":"true","generatedKitCollision":"false","visibilityRange":"18-72m","presentationOwnership":"presentation-only","collisionPolicy":"no physics body; visual mesh only","painterlyMaterial":"enamel","heroRoomRigidPlacement":"true","heroRoomSourceTransform":"[X: (1.0, 0.0, 0.0), Y: (0.0, 1.0, 0.0), Z: (0.0, 0.0, 1.0), O: (1.08, 1.11, -3.62)]"},"visibilityLimit":"tree visibility and configured distance; actual image remains the visual evidence"},{"owner":"/root/Act1NotebookShopSmokeTest/Act1Demo/Main/ZoneHost/Act1ConnectedWorld/babay-abi-house/GeneratedHouseInteriorAct1/HouseInterior_TableKettleLid_LOD0","name":"HouseInterior_TableKettleLid_LOD0","mesh":"res://assets/generated/urman_modular_kit.glb::ArrayMesh_y1v3u","roomPosition":"(1.0800004, 1.29, -2.619999)","localBounds":"(-0.067, -0.034, -0.067), (0.134, 0.054, 0.134)","roomBounds":"(1.0130004, 1.2559999, -2.6869988), (0.13400006, 0.05400002, 0.13399982)","worldTransform":"[X: (0.42700619, 0, -0.9042487), Y: (0, 1, 0), Z: (0.9042487, 0, 0.42700619), O: (-31.58178, 1.8841522, -8.119324)]","visible":true,"visibleInTree":true,"distance":1.0512023,"visibilityBegin":0,"visibilityEnd":24,"beginMargin":0,"endMargin":3,"fadeMode":"Self","triangles":384,"metadata":{"generatedKitVisible":"true","generatedKitCollision":"false","visibilityRange":"0-24m","presentationOwnership":"presentation-only","collisionPolicy":"no physics body; visual mesh only","painterlyMaterial":"enamel","heroRoomRigidPlacement":"true","heroRoomSourceTransform":"[X: (1.0, 0.0, 0.0), Y: (0.0, 1.0, 0.0), Z: (0.0, 0.0, 1.0), O: (1.08, 1.29, -3.62)]"},"visibilityLimit":"tree visibility and configured distance; actual image remains the visual evidence"},{"owner":"/root/Act1NotebookShopSmokeTest/Act1Demo/Main/ZoneHost/Act1ConnectedWorld/babay-abi-house/GeneratedHouseInteriorAct1/HouseInterior_TableKettleLid_LOD1","name":"HouseInterior_TableKettleLid_LOD1","mesh":"res://assets/generated/urman_modular_kit.glb::ArrayMesh_8ujwe","roomPosition":"(1.0800004, 1.29, -2.619999)","localBounds":"(-0.067, -0.034, -0.067), (0.134, 0.054, 0.134)","roomBounds":"(1.0130004, 1.2559999, -2.6869988), (0.13400006, 0.05400002, 0.13399982)","worldTransform":"[X: (0.42700619, 0, -0.9042487), Y: (0, 1, 0), Z: (0.9042487, 0, 0.42700619), O: (-31.58178, 1.8841522, -8.119324)]","visible":true,"visibleInTree":true,"distance":1.0512023,"visibilityBegin":18,"visibilityEnd":72,"beginMargin":3,"endMargin":6,"fadeMode":"Self","triangles":192,"metadata":{"generatedKitVisible":"true","generatedKitCollision":"false","visibilityRange":"18-72m","presentationOwnership":"presentation-only","collisionPolicy":"no physics body; visual mesh only","painterlyMaterial":"enamel","heroRoomRigidPlacement":"true","heroRoomSourceTransform":"[X: (1.0, 0.0, 0.0), Y: (0.0, 1.0, 0.0), Z: (0.0, 0.0, 1.0), O: (1.08, 1.29, -3.62)]"},"visibilityLimit":"tree visibility and configured distance; actual image remains the visual evidence"},{"owner":"/root/Act1NotebookShopSmokeTest/Act1Demo/Main/ZoneHost/Act1ConnectedWorld/babay-abi-house/GeneratedOldPcAct1/OldPc_Keyboard_LOD0","name":"OldPc_Keyboard_LOD0","mesh":"res://assets/generated/urman_modular_kit.glb::ArrayMesh_506l0","roomPosition":"(-9.536743E-07, 0.92499995, -2.3649998)","localBounds":"(-0.575, -0.05, -0.24), (1.15, 0.09587802, 0.48)","roomBounds":"(-0.25875095, 0.9025, -2.4729998), (0.5175, 0.04314506, 0.21600008)","worldTransform":"[X: (0.19215278, 0, -0.4069119), Y: (0, 0.45, 0), Z: (0.4069119, 0, 0.19215278), O: (-31.812363, 1.5191522, -7.033848)]","visible":false,"visibleInTree":false,"distance":0.52153754,"visibilityBegin":0,"visibilityEnd":24,"beginMargin":0,"endMargin":3,"fadeMode":"Self","triangles":2108,"metadata":{"generatedKitVisible":"true","generatedKitCollision":"false","visibilityRange":"0-24m","presentationOwnership":"presentation-only","collisionPolicy":"no physics body; visual mesh only","painterlyMaterial":"plaster"},"visibilityLimit":"tree visibility and configured distance; actual image remains the visual evidence"},{"owner":"/root/Act1NotebookShopSmokeTest/Act1Demo/Main/ZoneHost/Act1ConnectedWorld/babay-abi-house/GeneratedOldPcAct1/OldPc_Keyboard_LOD1","name":"OldPc_Keyboard_LOD1","mesh":"res://assets/generated/urman_modular_kit.glb::ArrayMesh_srht8","roomPosition":"(-9.536743E-07, 0.92499995, -2.3649998)","localBounds":"(-0.575, -0.05, -0.24), (1.15, 0.09587802, 0.48)","roomBounds":"(-0.25875095, 0.9025, -2.4729998), (0.5175, 0.04314506, 0.21600008)","worldTransform":"[X: (0.19215278, 0, -0.4069119), Y: (0, 0.45, 0), Z: (0.4069119, 0, 0.19215278), O: (-31.812363, 1.5191522, -7.033848)]","visible":true,"visibleInTree":true,"distance":0.52153754,"visibilityBegin":0,"visibilityEnd":0,"beginMargin":0,"endMargin":0,"fadeMode":"Self","triangles":1370,"metadata":{"generatedKitVisible":"true","generatedKitCollision":"false","visibilityRange":"18-72m","presentationOwnership":"presentation-only","collisionPolicy":"no physics body; visual mesh only","painterlyMaterial":"plaster"},"visibilityLimit":"tree visibility and configured distance; actual image remains the visual evidence"}],"noInteraction":true,"performanceSample":false}
act1-visible-surface: household_keyboard/forced-lod1 pixel=(0.5, 0.5) distance=0.500 point=(-31.796799, 1.5331764, -7.0356846) mesh=/root/Act1NotebookShopSmokeTest/Act1Demo/Main/ZoneHost/Act1ConnectedWorld/babay-abi-house/GeneratedOldPcAct1/OldPc_Keyboard_LOD1 triangle=472 vertices=[(-31.799557, 1.5332822, -7.034619);(-31.793005, 1.5322021, -7.050286);(-31.77537, 1.5324721, -7.042107)] shader= snow=0.0
act1-visible-surface: household_keyboard/forced-lod1 pixel=(0.5, 0.5) distance=0.571 point=(-31.847832, 1.4841521, -7.029664) mesh=/root/Act1NotebookShopSmokeTest/Act1Demo/Main/ZoneHost/Act1ConnectedWorld/babay-abi-house/GeneratedHouseInteriorAct1/HouseInterior_TableTop_LOD0 triangle=39 vertices=[(-31.930542, 1.4841522, -8.809316);(-30.79119, 1.4841522, -8.271288);(-32.11918, 1.4841522, -5.459074)] shader= snow=0.0
act1-visible-surface: household_keyboard/forced-lod1 pixel=(0.5, 0.5) distance=0.823 point=(-32.029022, 1.3100996, -7.008291) mesh=/root/Act1NotebookShopSmokeTest/Act1Demo/Main/ZoneHost/Act1ConnectedWorld/babay-abi-house/GeneratedHouseInteriorAct1/HouseInterior_TableApron_LOD0 triangle=36 vertices=[(-31.4002, 1.2421522, -8.3399105);(-32.559093, 1.3261523, -5.8857794);(-31.4002, 1.3261523, -8.3399105)] shader= snow=0.0
act1-visible-surface: household_keyboard/forced-lod1 pixel=(0.5, 0.5) distance=1.860 point=(-32.774323, 0.5941522, -6.9203725) mesh=/root/Act1NotebookShopSmokeTest/Act1Demo/Main/ZoneHost/Act1ConnectedWorld/babay-abi-house/Floor/Visible triangle=9 vertices=[(-28.121521, 0.59415215, -0.6462116);(-34.81296, 0.59415215, -3.806057);(-31.226109, 0.59415215, -11.401746)] shader= snow=0.0
act1-visible-surface: household_keyboard/forced-lod1 pixel=(0.43, 0.5) distance=0.515 point=(-31.789896, 1.5289307, -6.9391875) mesh=/root/Act1NotebookShopSmokeTest/Act1Demo/Main/ZoneHost/Act1ConnectedWorld/babay-abi-house/GeneratedOldPcAct1/OldPc_Keyboard_LOD1 triangle=121 vertices=[(-31.829668, 1.5292321, -6.860726);(-31.774784, 1.5286472, -6.9775844);(-31.757158, 1.5293672, -6.968962)] shader= snow=0.0
act1-visible-surface: household_keyboard/forced-lod1 pixel=(0.43, 0.5) distance=0.581 point=(-31.83506, 1.4841522, -6.9213853) mesh=/root/Act1NotebookShopSmokeTest/Act1Demo/Main/ZoneHost/Act1ConnectedWorld/babay-abi-house/GeneratedHouseInteriorAct1/HouseInterior_TableTop_LOD0 triangle=39 vertices=[(-31.930542, 1.4841522, -8.809316);(-30.79119, 1.4841522, -8.271288);(-32.11918, 1.4841522, -5.459074)] shader= snow=0.0
act1-visible-surface: household_keyboard/forced-lod1 pixel=(0.43, 0.5) distance=1.894 point=(-32.732704, 0.5941522, -6.5675497) mesh=/root/Act1NotebookShopSmokeTest/Act1Demo/Main/ZoneHost/Act1ConnectedWorld/babay-abi-house/Floor/Visible triangle=9 vertices=[(-28.121521, 0.59415215, -0.6462116);(-34.81296, 0.59415215, -3.806057);(-31.226109, 0.59415215, -11.401746)] shader= snow=0.0
act1-visible-surface: household_keyboard/forced-lod1 pixel=(0.57, 0.5) distance=0.505 point=(-31.805338, 1.5356395, -7.130119) mesh=/root/Act1NotebookShopSmokeTest/Act1Demo/Main/ZoneHost/Act1ConnectedWorld/babay-abi-house/GeneratedOldPcAct1/OldPc_Keyboard_LOD1 triangle=1020 vertices=[(-31.809809, 1.5357121, -7.1261997);(-31.802423, 1.5353072, -7.1424694);(-31.784624, 1.5357121, -7.134214)] shader= snow=0.0
act1-visible-surface: household_keyboard/forced-lod1 pixel=(0.57, 0.5) distance=0.581 point=(-31.860605, 1.4841522, -7.1379433) mesh=/root/Act1NotebookShopSmokeTest/Act1Demo/Main/ZoneHost/Act1ConnectedWorld/babay-abi-house/GeneratedHouseInteriorAct1/HouseInterior_TableTop_LOD0 triangle=39 vertices=[(-31.930542, 1.4841522, -8.809316);(-30.79119, 1.4841522, -8.271288);(-32.11918, 1.4841522, -5.459074)] shader= snow=0.0
act1-visible-surface: household_keyboard/forced-lod1 pixel=(0.57, 0.5) distance=0.788 point=(-32.010883, 1.3441522, -7.159219) mesh=/root/Act1NotebookShopSmokeTest/Act1Demo/Main/ZoneHost/Act1ConnectedWorld/babay-abi-house/GeneratedHouseInteriorAct1/HouseInterior_TableApron_LOD0 triangle=39 vertices=[(-31.474348, 1.3441522, -8.374925);(-31.416477, 1.3441522, -8.347596);(-32.57537, 1.3441522, -5.893465)] shader= snow=0.0
act1-visible-surface: household_keyboard/forced-lod1 pixel=(0.57, 0.5) distance=1.894 point=(-32.815945, 0.5941522, -7.2731957) mesh=/root/Act1NotebookShopSmokeTest/Act1Demo/Main/ZoneHost/Act1ConnectedWorld/babay-abi-house/Floor/Visible triangle=9 vertices=[(-28.121521, 0.59415215, -0.6462116);(-34.81296, 0.59415215, -3.806057);(-31.226109, 0.59415215, -11.401746)] shader= snow=0.0
state-final-render-sync-begin: label=notebook-shop/03b_household_keyboard_forced_lod1 tick=39447 drawn=689 process=689 physics=620 windowVisible=True focus=True mode=Windowed renderLoop=True
state-final-render-sync-end: label=notebook-shop/03b_household_keyboard_forced_lod1 milliseconds=5 forcedScreenshotRender=False
notebook-shop-capture: /Users/unterlantas/Documents/GitHub/URMAN/docs/production/act1_takeover_evidence_2026-09-16/images-notebook-shop-11/03b_household_keyboard_forced_lod1.png
SaveGameV3 written to /Users/unterlantas/Library/Application Support/Godot/app_userdata/URMAN/savegames/notebook-shop-d848f32e166442d4b706b47d7192243b.savegame-v3.json
zone-loaded: village_day@arrival connected-world=109404229615
SaveGameV3 new game session started; existing slots untouched.
zone-loaded: house_old_pc@entry connected-world=109404229615
SaveGameV3 restored.
state-final-render-sync-begin: label=notebook-shop/04_loaded-read-school_map tick=39969 drawn=705 process=705 physics=656 windowVisible=True focus=True mode=Windowed renderLoop=True
state-final-render-sync-end: label=notebook-shop/04_loaded-read-school_map milliseconds=8 forcedScreenshotRender=False
notebook-shop-capture: /Users/unterlantas/Documents/GitHub/URMAN/docs/production/act1_takeover_evidence_2026-09-16/images-notebook-shop-11/04_loaded-read-school_map.png
{"test":"act1-notebook-shop","status":"pass","checks":[{"check":"ordinary-new-game","status":"pass"},{"check":"ordinary-session-controls","status":"pass"},{"check":"purchase-from-arrival-refused-without-state-change","status":"pass"},{"check":"notebook-editor-focus-and-enlarged-font","status":"pass"},{"check":"notebook-section-popup-matches-text-scale","status":"pass"},{"kind":"notebook-write-state","phase":"before-immediate-save","editorLength":50,"runtimeLength":0,"dirty":false,"saving":false,"saveDisabled":false,"visible":true,"status":"","sameSession":true},{"kind":"notebook-write-state","phase":"after-disk-failure","editorLength":50,"runtimeLength":50,"dirty":true,"saving":false,"saveDisabled":false,"visible":true,"status":"\u041D\u0435 \u0443\u0434\u0430\u043B\u043E\u0441\u044C \u0437\u0430\u043F\u0438\u0441\u0430\u0442\u044C \u2014 \u0442\u0435\u043A\u0441\u0442 \u043E\u0441\u0442\u0430\u043B\u0441\u044F \u043D\u0430 \u0441\u0442\u0440\u0430\u043D\u0438\u0446\u0435","sameSession":true},{"check":"disk-failure-keeps-visible-draft-and-reports-refusal","status":"pass"},{"check":"failed-disk-write-preserves-committed-runtime-text","status":"pass"},{"check":"actual-editor-change-reaches-dirty-draft","status":"pass"},{"check":"expected-load-failure","status":"pass"},{"check":"failed-load-keeps-open-book-dirty-draft-and-modal-owner","status":"pass"},{"check":"actual-editor-change-reaches-dirty-draft","status":"pass"},{"kind":"notebook-write-state","phase":"failed-write-then-revert-original-text","editorLength":0,"runtimeLength":0,"dirty":true,"saving":false,"saveDisabled":false,"visible":true,"status":"\u041D\u0435 \u0443\u0434\u0430\u043B\u043E\u0441\u044C \u0437\u0430\u043F\u0438\u0441\u0430\u0442\u044C \u2014 \u0442\u0435\u043A\u0441\u0442 \u043E\u0441\u0442\u0430\u043B\u0441\u044F \u043D\u0430 \u0441\u0442\u0440\u0430\u043D\u0438\u0446\u0435","sameSession":true},{"check":"reverting-to-original-text-undoes-failed-write-runtime-value-and-keeps-disk-retry","status":"pass"},{"check":"actual-editor-change-reaches-dirty-draft","status":"pass"},{"kind":"expected-fault","scope":"test-owned save directory is a regular file","modifiedUserFiles":false,"modifiedPermissions":false},{"kind":"notebook-write-state","phase":"after-same-text-retry","editorLength":50,"runtimeLength":50,"dirty":false,"saving":false,"saveDisabled":false,"visible":true,"status":"\u0417\u0430\u043F\u0438\u0441\u0430\u043D\u043E","sameSession":true},{"check":"same-text-retry-reaches-real-save-store","status":"pass"},{"check":"load-notebook-retry-checkpoint","status":"pass"},{"check":"disk-retry-survives-load-and-notes-reopen-focus","status":"pass"},{"check":"map-reopen-keeps-keyboard-focus-on-visible-tabs","status":"pass"},{"check":"actual-editor-change-reaches-dirty-draft","status":"pass"},{"check":"real-async-save-yields-for-concurrent-edit-probe","status":"pass"},{"check":"actual-editor-change-reaches-dirty-draft","status":"pass"},{"check":"newer-draft-keeps-book-open-after-older-save-completes","status":"pass"},{"check":"close-commits-current-draft","status":"pass"},{"check":"actual-editor-change-reaches-dirty-draft","status":"pass"},{"check":"load-while-notebook-is-open","status":"pass"},{"kind":"notebook-physical-feet","phase":"loaded-with-book-open","physicsFrame":66,"feet":"(0, -0.11800001, 9)","velocity":"(0, 0, 0)","onFloor":false,"canStand":true,"canCrouch":true,"crouched":true,"modal":true,"sessionTransition":false,"modalOwner":true,"stancePending":true,"vehicle":false,"recovery":false,"treePaused":false,"supportOwner":"/root/Act1NotebookShopSmokeTest/Act1Demo/Main/ZoneHost/Act1ConnectedWorld/Act1CoreWorldGreybox/AgentBExteriorWorld/AgentB_TerrainCollision","supportPoint":"(0, -0.539636, 9)","supportNormal":"(-0.013267062, 0.9997987, 0.015052593)","supportGap":0.42163602},{"check":"successful-load-restores-saved-draft-and-retains-visible-book-modal","status":"pass"},{"kind":"notebook-physical-feet","phase":"book-just-closed-after-load","physicsFrame":69,"feet":"(0, -0.11800001, 9)","velocity":"(0, 0, 0)","onFloor":false,"canStand":true,"canCrouch":true,"crouched":false,"modal":false,"sessionTransition":false,"modalOwner":false,"stancePending":false,"vehicle":false,"recovery":false,"treePaused":false,"supportOwner":"/root/Act1NotebookShopSmokeTest/Act1Demo/Main/ZoneHost/Act1ConnectedWorld/Act1CoreWorldGreybox/AgentBExteriorWorld/AgentB_TerrainCollision","supportPoint":"(0, -0.539636, 9)","supportNormal":"(-0.013267062, 0.9997987, 0.015052593)","supportGap":0.42163602},{"check":"loaded-notebook-close-releases-modal-owner","status":"pass"},{"kind":"notebook-physical-feet","phase":"before-natural-floor-settle","physicsFrame":69,"feet":"(0, -0.11800001, 9)","velocity":"(0, 0, 0)","onFloor":false,"canStand":true,"canCrouch":true,"crouched":false,"modal":false,"sessionTransition":false,"modalOwner":false,"stancePending":false,"vehicle":false,"recovery":false,"treePaused":false,"supportOwner":"/root/Act1NotebookShopSmokeTest/Act1Demo/Main/ZoneHost/Act1ConnectedWorld/Act1CoreWorldGreybox/AgentBExteriorWorld/AgentB_TerrainCollision","supportPoint":"(0, -0.539636, 9)","supportNormal":"(-0.013267062, 0.9997987, 0.015052593)","supportGap":0.42163602},{"check":"notebook-floor-settle-has-ordinary-pedestrian-control","status":"pass"},{"check":"notebook-floor-settle-has-measured-nearby-walkable-support","status":"pass"},{"kind":"notebook-physical-feet","phase":"natural-floor-settle-1","physicsFrame":70,"feet":"(0, -0.124000005, 9)","velocity":"(0, -0.36, 0)","onFloor":false,"canStand":true,"canCrouch":true,"crouched":false,"modal":false,"sessionTransition":false,"modalOwner":false,"stancePending":false,"vehicle":false,"recovery":false,"treePaused":false,"supportOwner":"/root/Act1NotebookShopSmokeTest/Act1Demo/Main/ZoneHost/Act1ConnectedWorld/Act1CoreWorldGreybox/AgentBExteriorWorld/AgentB_TerrainCollision","supportPoint":"(0, -0.53963614, 9)","supportNormal":"(-0.013267062, 0.9997987, 0.015052593)","supportGap":0.41563612},{"kind":"notebook-physical-feet","phase":"natural-floor-settle-2","physicsFrame":71,"feet":"(0, -0.136, 9)","velocity":"(0, -0.72, 0)","onFloor":false,"canStand":true,"canCrouch":true,"crouched":false,"modal":false,"sessionTransition":false,"modalOwner":false,"stancePending":false,"vehicle":false,"recovery":false,"treePaused":false,"supportOwner":"/root/Act1NotebookShopSmokeTest/Act1Demo/Main/ZoneHost/Act1ConnectedWorld/Act1CoreWorldGreybox/AgentBExteriorWorld/AgentB_TerrainCollision","supportPoint":"(0, -0.53963614, 9)","supportNormal":"(-0.013267062, 0.9997987, 0.015052593)","supportGap":0.40363613},{"kind":"notebook-physical-feet","phase":"natural-floor-settle-3","physicsFrame":72,"feet":"(0, -0.15400001, 9)","velocity":"(0, -1.08, 0)","onFloor":false,"canStand":true,"canCrouch":true,"crouched":false,"modal":false,"sessionTransition":false,"modalOwner":false,"stancePending":false,"vehicle":false,"recovery":false,"treePaused":false,"supportOwner":"/root/Act1NotebookShopSmokeTest/Act1Demo/Main/ZoneHost/Act1ConnectedWorld/Act1CoreWorldGreybox/AgentBExteriorWorld/AgentB_TerrainCollision","supportPoint":"(0, -0.53963614, 9)","supportNormal":"(-0.013267062, 0.9997987, 0.015052593)","supportGap":0.38563612},{"kind":"notebook-physical-feet","phase":"natural-floor-settle-4","physicsFrame":73,"feet":"(0, -0.17800002, 9)","velocity":"(0, -1.44, 0)","onFloor":false,"canStand":true,"canCrouch":true,"crouched":false,"modal":false,"sessionTransition":false,"modalOwner":false,"stancePending":false,"vehicle":false,"recovery":false,"treePaused":false,"supportOwner":"/root/Act1NotebookShopSmokeTest/Act1Demo/Main/ZoneHost/Act1ConnectedWorld/Act1CoreWorldGreybox/AgentBExteriorWorld/AgentB_TerrainCollision","supportPoint":"(0, -0.5396361, 9)","supportNormal":"(-0.013267062, 0.9997987, 0.015052593)","supportGap":0.36163604},{"kind":"notebook-physical-feet","phase":"natural-floor-settle-5","physicsFrame":74,"feet":"(0, -0.20800002, 9)","velocity":"(0, -1.8000001, 0)","onFloor":false,"canStand":true,"canCrouch":true,"crouched":false,"modal":false,"sessionTransition":false,"modalOwner":false,"stancePending":false,"vehicle":false,"recovery":false,"treePaused":false,"supportOwner":"/root/Act1NotebookShopSmokeTest/Act1Demo/Main/ZoneHost/Act1ConnectedWorld/Act1CoreWorldGreybox/AgentBExteriorWorld/AgentB_TerrainCollision","supportPoint":"(0, -0.53963614, 9)","supportNormal":"(-0.013267062, 0.9997987, 0.015052593)","supportGap":0.33163613},{"kind":"notebook-physical-feet","phase":"natural-floor-settle-12","physicsFrame":81,"feet":"(0, -0.53931254, 9)","velocity":"(0, 0, 0)","onFloor":true,"canStand":true,"canCrouch":true,"crouched":false,"modal":false,"sessionTransition":false,"modalOwner":false,"stancePending":false,"vehicle":false,"recovery":false,"treePaused":false,"supportOwner":"/root/Act1NotebookShopSmokeTest/Act1Demo/Main/ZoneHost/Act1ConnectedWorld/Act1CoreWorldGreybox/AgentBExteriorWorld/AgentB_TerrainCollision","supportPoint":"(0, -0.5396361, 9)","supportNormal":"(-0.013267062, 0.9997987, 0.015052593)","supportGap":0.000323534},{"kind":"notebook-physical-feet","phase":"after-natural-floor-settle","physicsFrame":82,"feet":"(0, -0.53931254, 9)","velocity":"(0, 0, 0)","onFloor":true,"canStand":true,"canCrouch":true,"crouched":false,"modal":false,"sessionTransition":false,"modalOwner":false,"stancePending":false,"vehicle":false,"recovery":false,"treePaused":false,"supportOwner":"/root/Act1NotebookShopSmokeTest/Act1Demo/Main/ZoneHost/Act1ConnectedWorld/Act1CoreWorldGreybox/AgentBExteriorWorld/AgentB_TerrainCollision","supportPoint":"(0, -0.5396361, 9)","supportNormal":"(-0.013267062, 0.9997987, 0.015052593)","supportGap":0.000323534},{"check":"notebook-physical-load-starts-at-supported-ordinary-feet-without-relocation","status":"pass"},{"check":"notebook-physical-load-saves-attained-state","status":"pass"},{"kind":"notebook-shop-walk","label":"walk-away-from-notebook-saved-feet-without-placement-fixture","from":"(0, -0.53931254, 9)","goal":"(0, -0.5383104, 10.8)","feet":"(5.946773E-06, -0.53976506, 10.699865)","reached":true,"onFloor":true,"canStand":true,"contacts":[{"owner":"/root/Act1NotebookShopSmokeTest/Act1Demo/Main/ZoneHost/Act1ConnectedWorld/Act1CoreWorldGreybox/AgentBExteriorWorld/AgentB_TerrainCollision","point":"(-0.0004750029, -0.54017967, 10.706903)","normal":"(0.0013722379, 0.9997974, -0.020082783)"}]},{"check":"walk-away-from-notebook-saved-feet-without-placement-fixture","status":"pass"},{"check":"notebook-rollback-has-a-distinct-walked-to-free-position","status":"pass"},{"check":"actual-editor-change-reaches-dirty-draft","status":"pass"},{"check":"owned-obstacle-blocks-saved-capsule-and-leaves-rollback-feet-free","status":"pass"},{"check":"notebook-load-rejects-real-blocked-saved-position","status":"pass"},{"kind":"notebook-write-state","phase":"after-physical-load-rollback","editorLength":120,"runtimeLength":56,"dirty":true,"saving":false,"saveDisabled":false,"visible":true,"status":"\u0415\u0441\u0442\u044C \u043D\u0435\u0437\u0430\u043F\u0438\u0441\u0430\u043D\u043D\u044B\u0435 \u0438\u0437\u043C\u0435\u043D\u0435\u043D\u0438\u044F","sameSession":true},{"check":"physical-load-really-recreates-previous-session-at-free-feet","status":"pass"},{"check":"physical-rollback-preserves-visible-draft-baseline-feedback-and-rebinds-session","status":"pass"},{"check":"physical-rollback-writes-neither-draft-progress-slot-backup-nor-profile","status":"pass"},{"check":"notebook-same-slot-loads-after-owned-obstacle-removal","status":"pass"},{"check":"successful-physical-retry-accepts-saved-text-and-discards-transient-draft-without-slot-rewrite","status":"pass"},{"check":"notebook-physical-retry-releases-modal-on-close","status":"pass"},{"kind":"notebook-physical-rollback","slot":"notebook-shop-d848f32e166442d4b706b47d7192243b-draft","savedFeet":"(0, -0.53931254, 9)","rollbackFeet":"(5.946773E-06, -0.53976506, 10.699865)","movement":"ordinary walked path","actualObstacle":true,"negativeLoad":false,"positiveLoad":true,"unsavedDraftRetainedOnlyForFailure":true},{"check":"shop-outside-fixture-fits-real-capsule","status":"pass"},{"check":"shop-outside-fixture-has-real-support","status":"pass"},{"kind":"local-fixture","at":"(-30.699574, 0.375309, -39.67635)","purpose":"start outside existing shop entrance","traversalMeasurement":false},{"check":"shop/entrance-starts-closed-before-deliberate-input","status":"pass"},{"kind":"notebook-shop-door","phase":"before-input","key":"shop/entrance","feet":"(-30.699574, 0.375309, -39.67635)","target":"(-32.091225, 1.6070688, -39.72495)","hinge":"/root/Act1NotebookShopSmokeTest/Act1Demo/Main/ZoneHost/Act1ConnectedWorld/Act1CoreWorldGreybox/Act1AuthoredExteriorKitPresentation/DistantPerimeterParcels/WestReturnMidParcel/WestReturnMidFacade/PublicInterior_shop/shopEntranceHinge","angleDegrees":90,"open":false,"expectedAngleDegrees":-5,"modal":false,"focus":true,"actionNumber":0,"result":"not-called","sweep":"not-called"},{"check":"actual-ray-and-availability-shopEntranceUse","status":"pass"},{"kind":"notebook-shop-door","phase":"after-input","key":"shop/entrance","feet":"(-30.699574, 0.375309, -39.67635)","target":"(-32.02542, 1.6070688, -39.718018)","hinge":"/root/Act1NotebookShopSmokeTest/Act1Demo/Main/ZoneHost/Act1ConnectedWorld/Act1CoreWorldGreybox/Act1AuthoredExteriorKitPresentation/DistantPerimeterParcels/WestReturnMidParcel/WestReturnMidFacade/PublicInterior_shop/shopEntranceHinge","angleDegrees":81.9786,"open":true,"expectedAngleDegrees":-5,"modal":false,"focus":true,"actionNumber":1,"result":"committed","sweep":"{\u0022clear\u0022:true,\u0022samples\u0022:88,\u0022from\u0022:1.5707964,\u0022to\u0022:-0.08726646}"},{"check":"shop/entrance-one-input-reaches-exactly-one-door-action","status":"pass"},{"check":"shop/entrance-ordinary-door-action-commits-open-state","status":"pass"},{"kind":"notebook-shop-door","phase":"finished","key":"shop/entrance","feet":"(-30.699574, 0.375309, -39.67635)","target":"(-31.638256, 1.6070688, -39.19459)","hinge":"/root/Act1NotebookShopSmokeTest/Act1Demo/Main/ZoneHost/Act1ConnectedWorld/Act1CoreWorldGreybox/Act1AuthoredExteriorKitPresentation/DistantPerimeterParcels/WestReturnMidParcel/WestReturnMidFacade/PublicInterior_shop/shopEntranceHinge","angleDegrees":-4.9999995,"open":true,"expectedAngleDegrees":-5,"modal":false,"focus":true,"actionNumber":1,"result":"committed","sweep":"{\u0022clear\u0022:true,\u0022samples\u0022:88,\u0022from\u0022:1.5707964,\u0022to\u0022:-0.08726646}"},{"kind":"notebook-shop-walk","label":"walk-through-outer-shop-door","from":"(-30.699574, 0.375309, -39.67635)","goal":"(-32.795296, 0.64856875, -39.749535)","feet":"(-32.688515, 0.6487016, -39.74581)","reached":true,"onFloor":true,"canStand":true,"contacts":[{"owner":"/root/Act1NotebookShopSmokeTest/Act1Demo/Main/ZoneHost/Act1ConnectedWorld/Act1CoreWorldGreybox/Act1AuthoredExteriorKitPresentation/DistantPerimeterParcels/WestReturnMidParcel/WestReturnMidFacade/PublicInterior_shop/SeniFloorBody","point":"(-32.688515, 0.6485687, -39.74581)","normal":"(0, 1, 0)"}]},{"check":"walk-through-outer-shop-door","status":"pass"},{"check":"shop/inner-door-starts-closed-before-deliberate-input","status":"pass"},{"kind":"notebook-shop-door","phase":"before-input","key":"shop/inner-door","feet":"(-32.688515, 0.6487016, -39.74581)","target":"(-33.367527, 1.6498187, -38.835945)","hinge":"/root/Act1NotebookShopSmokeTest/Act1Demo/Main/ZoneHost/Act1ConnectedWorld/Act1CoreWorldGreybox/Act1AuthoredExteriorKitPresentation/DistantPerimeterParcels/WestReturnMidParcel/WestReturnMidFacade/PublicInterior_shop/shopInnerDoorHinge","angleDegrees":0,"open":false,"expectedAngleDegrees":-95,"modal":false,"focus":true,"actionNumber":0,"result":"not-called","sweep":"not-called"},{"check":"actual-ray-and-availability-shopInnerDoorUse","status":"pass"},{"kind":"notebook-shop-door","phase":"after-input","key":"shop/inner-door","feet":"(-32.688515, 0.6487016, -39.74581)","target":"(-33.37497, 1.6498187, -38.765274)","hinge":"/root/Act1NotebookShopSmokeTest/Act1Demo/Main/ZoneHost/Act1ConnectedWorld/Act1CoreWorldGreybox/Act1AuthoredExteriorKitPresentation/DistantPerimeterParcels/WestReturnMidParcel/WestReturnMidFacade/PublicInterior_shop/shopInnerDoorHinge","angleDegrees":-8.021409,"open":true,"expectedAngleDegrees":-95,"modal":false,"focus":true,"actionNumber":1,"result":"committed","sweep":"{\u0022clear\u0022:true,\u0022samples\u0022:94,\u0022from\u0022:0,\u0022to\u0022:-1.6580628}"},{"check":"shop/inner-door-one-input-reaches-exactly-one-door-action","status":"pass"},{"check":"shop/inner-door-ordinary-door-action-commits-open-state","status":"pass"},{"kind":"notebook-shop-door","phase":"finished","key":"shop/inner-door","feet":"(-32.688515, 0.6487016, -39.74581)","target":"(-33.937126, 1.6498187, -38.34946)","hinge":"/root/Act1NotebookShopSmokeTest/Act1Demo/Main/ZoneHost/Act1ConnectedWorld/Act1CoreWorldGreybox/Act1AuthoredExteriorKitPresentation/DistantPerimeterParcels/WestReturnMidParcel/WestReturnMidFacade/PublicInterior_shop/shopInnerDoorHinge","angleDegrees":-95,"open":true,"expectedAngleDegrees":-95,"modal":false,"focus":true,"actionNumber":1,"result":"committed","sweep":"{\u0022clear\u0022:true,\u0022samples\u0022:94,\u0022from\u0022:0,\u0022to\u0022:-1.6580628}"},{"kind":"notebook-shop-walk","label":"align-with-fixed-inner-shop-aperture","from":"(-32.688515, 0.6487016, -39.74581)","goal":"(-33.33496, 0.64856875, -39.76838)","feet":"(-33.254845, 0.6487016, -39.76558)","reached":true,"onFloor":true,"canStand":true,"contacts":[{"owner":"/root/Act1NotebookShopSmokeTest/Act1Demo/Main/ZoneHost/Act1ConnectedWorld/Act1CoreWorldGreybox/Act1AuthoredExteriorKitPresentation/DistantPerimeterParcels/WestReturnMidParcel/WestReturnMidFacade/PublicInterior_shop/SeniFloorBody","point":"(-33.254845, 0.6485687, -39.76558)","normal":"(0, 1, 0)"}]},{"check":"align-with-fixed-inner-shop-aperture","status":"pass"},{"kind":"notebook-shop-walk","label":"walk-through-inner-shop-door","from":"(-33.254845, 0.6487016, -39.76558)","goal":"(-33.381363, 0.69806874, -38.43969)","feet":"(-33.37117, 0.6983058, -38.546703)","reached":true,"onFloor":true,"canStand":true,"contacts":[{"owner":"/root/Act1NotebookShopSmokeTest/Act1Demo/Main/ZoneHost/Act1ConnectedWorld/Act1CoreWorldGreybox/Act1AuthoredExteriorKitPresentation/DistantPerimeterParcels/WestReturnMidParcel/WestReturnMidFacade/PublicInterior_shop/MainRoom/TimberFloorBody","point":"(-33.37117, 0.69806874, -38.546703)","normal":"(0, 1, 0)"}]},{"check":"walk-through-inner-shop-door","status":"pass"},{"kind":"notebook-shop-walk","label":"walk-to-real-counter","from":"(-33.37117, 0.6983058, -38.546703)","goal":"(-32.26592, 0.69806874, -37.229523)","feet":"(-32.31489, 0.6983058, -37.287884)","reached":true,"onFloor":true,"canStand":true,"contacts":[{"owner":"/root/Act1NotebookShopSmokeTest/Act1Demo/Main/ZoneHost/Act1ConnectedWorld/Act1CoreWorldGreybox/Act1AuthoredExteriorKitPresentation/DistantPerimeterParcels/WestReturnMidParcel/WestReturnMidFacade/PublicInterior_shop/MainRoom/TimberFloorBody","point":"(-32.31489, 0.69806874, -37.287884)","normal":"(0, 1, 0)"}]},{"check":"walk-to-real-counter","status":"pass"},{"check":"shared-real-shop-counter","status":"pass"},{"check":"actual-ray-and-availability-VillageShopCounter","status":"pass"},{"check":"physical-counter-opens-modal-shop","status":"pass"},{"check":"new-shop-buttons-use-current-scale-and-contrast","status":"pass"},{"check":"purchase-atomically-receives-and-records-tea","status":"pass"},{"check":"received-product-disabled-tea","status":"pass"},{"check":"rebuilt-shop-buttons-retain-scale-tea","status":"pass"},{"check":"purchase-atomically-receives-and-records-matches","status":"pass"},{"check":"received-product-disabled-matches","status":"pass"},{"check":"rebuilt-shop-buttons-retain-scale-matches","status":"pass"},{"check":"duplicate-purchase-refused-with-one-ledger-row","status":"pass"},{"check":"shop-closes-and-releases-controls","status":"pass"},{"check":"school-address-unknown-before-the-conversation","status":"pass"},{"check":"actual-ray-and-availability-VillageShopGreeting","status":"pass"},{"check":"spoken-address-does-not-locate-the-house","status":"pass"},{"check":"cannot-record-school-plate-from-the-shop","status":"pass"},{"check":"heard-school-written-address-can-be-reread","status":"pass"},{"check":"heard-school-map-draw-input-matches-actual-located-addresses","status":"pass"},{"check":"heard-school-map-house-and-access-require-manual-plate","status":"pass"},{"kind":"notebook-address-map","phase":"heard-school","requestedAddress":"ADR-H031","located":false,"boundLocatedAddresses":[],"displayedAddressCount":0,"displayedBuildings":[],"displayedAccessPoints":[]},{"check":"heard-school-paper-map-text-has-no-inherited-offset-shadow-or-dark-outline","status":"pass"},{"check":"save-load-heard-address-only","status":"pass"},{"check":"heard-address-load-does-not-invent-a-location","status":"pass"},{"check":"loaded-heard-school-written-address-can-be-reread","status":"pass"},{"check":"loaded-heard-school-map-draw-input-matches-actual-located-addresses","status":"pass"},{"check":"loaded-heard-school-map-house-and-access-require-manual-plate","status":"pass"},{"kind":"notebook-address-map","phase":"loaded-heard-school","requestedAddress":"ADR-H031","located":false,"boundLocatedAddresses":[],"displayedAddressCount":0,"displayedBuildings":[],"displayedAccessPoints":[]},{"check":"loaded-heard-school-paper-map-text-has-no-inherited-offset-shadow-or-dark-outline","status":"pass"},{"check":"school-plate-fixture-clears-real-capsule","status":"pass"},{"check":"school-plate-fixture-has-real-support","status":"pass"},{"kind":"local-fixture","purpose":"physical school plate after hearing the address","position":"(33.546497, -0.39265108, -53.91432)","traversalMeasurement":false},{"check":"approaching-school-sign-does-not-record-it","status":"pass"},{"check":"actual-ray-and-availability-Read_ADR-H031","status":"pass"},{"check":"spoken-semantic-alias-and-physical-plate-share-stable-identity","status":"pass"},{"check":"read-school-written-address-can-be-reread","status":"pass"},{"check":"read-school-map-draw-input-matches-actual-located-addresses","status":"pass"},{"check":"read-school-map-house-and-access-require-manual-plate","status":"pass"},{"kind":"notebook-address-map","phase":"read-school","requestedAddress":"ADR-H031","located":true,"boundLocatedAddresses":["ADR-H031"],"displayedAddressCount":1,"displayedBuildings":["BLD-097503F9AC127C65","BLD-H031"],"displayedAccessPoints":["BLD-H031"]},{"check":"read-school-paper-map-text-has-no-inherited-offset-shadow-or-dark-outline","status":"pass"},{"check":"read-school-actual-drawing-shows-located-house-and-context-without-computed-route-or-unearned-name","status":"pass"},{"check":"large-text-paper-map-text-has-no-inherited-offset-shadow-or-dark-outline","status":"pass"},{"check":"map-large-text-keeps-actual-house-label-and-controls-inside-page","status":"pass"},{"check":"map-visible-zoom-button-changes-scale","status":"pass"},{"check":"focused-map-receives-real-arrow-key-pan","status":"pass"},{"check":"map-fit-button-restores-known-area-without-player-tracking","status":"pass"},{"check":"map-pointer-input-uses-the-ordinary-visible-modal-cursor","status":"pass"},{"kind":"notebook-map-pointer-delivery","name":"map-wheel-up","count":1,"deliveredFrame":402,"process":403,"frames":3,"milliseconds":12,"expectedLocal":"(752.95996, 262.9)","receivedLocal":"(752.9599, 262.89996)","toInput":"[X: (0.6666667, 0), Y: (0, 0.6666667), O: (157.33334, 306)]","center":"(36.348587, -42.358463)","zoom":1.2,"ready":true},{"check":"map-wheel-up-reaches-real-canvas-and-applies-before-the-next-input","status":"pass"},{"kind":"notebook-map-pointer-delivery","name":"map-wheel-release","count":1,"deliveredFrame":404,"process":405,"frames":2,"milliseconds":8,"expectedLocal":"(752.95996, 262.9)","receivedLocal":"(752.9599, 262.89996)","toInput":"[X: (0.6666667, 0), Y: (0, 0.6666667), O: (157.33334, 306)]","center":"(36.348587, -42.358463)","zoom":1.2,"ready":true},{"check":"map-wheel-release-reaches-real-canvas-and-applies-before-the-next-input","status":"pass"},{"kind":"notebook-map-pointer-delivery","name":"map-drag-press","count":1,"deliveredFrame":406,"process":407,"frames":2,"milliseconds":19,"expectedLocal":"(752.95996, 262.9)","receivedLocal":"(752.9599, 262.89996)","toInput":"[X: (0.6666667, 0), Y: (0, 0.6666667), O: (157.33334, 306)]","center":"(36.348587, -42.358463)","zoom":1.2,"ready":true},{"check":"map-drag-press-reaches-real-canvas-and-applies-before-the-next-input","status":"pass"},{"kind":"notebook-map-pointer-delivery","name":"map-drag-motion","count":1,"deliveredFrame":408,"process":409,"frames":2,"milliseconds":17,"expectedLocal":"(800.95996, 232.9)","receivedLocal":"(800.95984, 232.89996)","toInput":"[X: (0.6666667, 0), Y: (0, 0.6666667), O: (157.33334, 306)]","center":"(31.930439, -39.597122)","zoom":1.2,"ready":true},{"check":"map-drag-motion-reaches-real-canvas-and-applies-before-the-next-input","status":"pass"},{"kind":"notebook-map-pointer-delivery","name":"map-drag-release","count":1,"deliveredFrame":410,"process":411,"frames":2,"milliseconds":21,"expectedLocal":"(800.95996, 232.9)","receivedLocal":"(800.95984, 232.89996)","toInput":"[X: (0.6666667, 0), Y: (0, 0.6666667), O: (157.33334, 306)]","center":"(31.930439, -39.597122)","zoom":1.2,"ready":true},{"check":"map-drag-release-reaches-real-canvas-and-applies-before-the-next-input","status":"pass"},{"check":"standard-text-paper-map-text-has-no-inherited-offset-shadow-or-dark-outline","status":"pass"},{"check":"map-standard-text-keeps-known-house-caption","status":"pass"},{"check":"04f_school_map_1280x720_text_standard-uses-the-actual-requested-raster","status":"pass"},{"kind":"notebook-map-screen-readability","size":"(1280, 720)","textScale":1,"rasterSize":"(1280, 720)","logicalViewport":"(0, 0), (1920, 1080)","rasterToLogicalRatio":"(0.6666667, 0.6666667)","measuredRasterTransform":"[X: (0.6666667, 0), Y: (0, 0.6666667), O: (157.33334, 272)]","runtimeCompositeTransform":"[X: (0.6666667, 0), Y: (0, 0.6666667), O: (157.33334, 272)]","canvasItemPopupTransform":"[X: (1, 0), Y: (0, 1), O: (236, 408)]","actualScale":0.6666667,"drawingFontLogical":21,"drawingFontScreenPixels":14,"labelScreenFonts":[{"Text":"\u041A\u0430\u0440\u0430-\u0423\u0440\u043C\u0430\u043D \u2014 \u0441\u0445\u0435\u043C\u0430 \u0443\u043B\u0438\u0446","logical":27,"pixels":18,"visible":true,"boundsInRaster":"(157.33334, 212), (965.3334, 24.666672)"},{"Text":"\u041F\u043E\u043A\u0430 \u043D\u0438 \u043E\u0434\u0438\u043D \u0434\u043E\u043C \u043D\u0435 \u043E\u0442\u043C\u0435\u0447\u0435\u043D.\n\n\u041F\u0440\u043E\u0447\u0438\u0442\u0430\u0439 \u0430\u0434\u0440\u0435\u0441\u043D\u0443\u044E \u0442\u0430\u0431\u043B\u0438\u0447\u043A\u0443 \u0443 \u043D\u0430\u0439\u0434\u0435\u043D\u043D\u043E\u0433\u043E \u0434\u043E\u043C\u0430 \u2014 \u0435\u0433\u043E \u043D\u043E\u043C\u0435\u0440 \u043F\u043E\u044F\u0432\u0438\u0442\u0441\u044F \u043D\u0430 \u044D\u0442\u043E\u0439 \u0441\u0442\u0440\u0430\u043D\u0438\u0446\u0435.","logical":21,"pixels":14,"visible":false,"boundsInRaster":"(157.33334, 255.33334), (965.3334, 403.33334)"},{"Text":"\u041A\u043E\u043B\u0435\u0441\u043E \u2014 \u043C\u0430\u0441\u0448\u0442\u0430\u0431 \u00B7 \u043F\u0435\u0440\u0435\u0442\u0430\u0449\u0438\u0442\u044C \u2014 \u0441\u0434\u0432\u0438\u0433","logical":21,"pixels":14,"visible":true,"boundsInRaster":"(368.6667, 244), (754.00006, 20)"},{"Text":"\u041A\u043E\u043D\u0442\u0443\u0440\u044B \u2014 \u043D\u0430\u0439\u0434\u0435\u043D\u043D\u044B\u0435 \u0434\u043E\u043C\u0430 \u00B7 \u043A\u0440\u0443\u0436\u043E\u043A \u2014 \u0432\u0445\u043E\u0434 \u0438\u043B\u0438 \u0432\u043E\u0440\u043E\u0442\u0430","logical":21,"pixels":14,"visible":true,"boundsInRaster":"(157.33334, 638.6667), (965.3334, 20)"}],"mapBoundsInRaster":"(149.33334, 205.33334), (981.3334, 460.00003)","canvasBoundsInRaster":"(157.33334, 272), (965.3334, 364)","runtimeCanvasBounds":"(157.33334, 272), (965.3334, 364)","captionBoundsInRaster":"(650.6056, 302.10583), (82, 69.33334)","houseCaption":"(739.9083, 45.158768), (123, 104)","center":"(35.815468, -42.798435)","zoom":1,"oracle":"actual rendered image dimensions divided by logical viewport extent; no screen-transform API in font measurement"},{"check":"04f_school_map_1280x720_text_standard-independent-raster-bounds-match-runtime-and-keep-caption-and-toolbar-on-page","status":"pass"},{"check":"04f_school_map_1280x720_text_standard-keeps-readable-final-screen-fonts-caption-and-view","status":"pass"},{"check":"04f_school_map_1280x720_text_standard-paper-map-text-has-no-inherited-offset-shadow-or-dark-outline","status":"pass"},{"check":"04f_school_map_1280x720_text_large_hc-uses-the-actual-requested-raster","status":"pass"},{"kind":"notebook-map-screen-readability","size":"(1280, 720)","textScale":1.6,"rasterSize":"(1280, 720)","logicalViewport":"(0, 0), (1920, 1080)","rasterToLogicalRatio":"(0.6666667, 0.6666667)","measuredRasterTransform":"[X: (0.6666667, 0), Y: (0, 0.6666667), O: (157.33334, 306)]","runtimeCompositeTransform":"[X: (0.6666667, 0), Y: (0, 0.6666667), O: (157.33334, 306)]","canvasItemPopupTransform":"[X: (1, 0), Y: (0, 1), O: (236, 459)]","actualScale":0.6666667,"drawingFontLogical":34,"drawingFontScreenPixels":22.666668,"labelScreenFonts":[{"Text":"\u041A\u0430\u0440\u0430-\u0423\u0440\u043C\u0430\u043D \u2014 \u0441\u0445\u0435\u043C\u0430 \u0443\u043B\u0438\u0446","logical":44,"pixels":29.333334,"visible":true,"boundsInRaster":"(157.33334, 212), (965.3334, 40.66667)"},{"Text":"\u041F\u043E\u043A\u0430 \u043D\u0438 \u043E\u0434\u0438\u043D \u0434\u043E\u043C \u043D\u0435 \u043E\u0442\u043C\u0435\u0447\u0435\u043D.\n\n\u041F\u0440\u043E\u0447\u0438\u0442\u0430\u0439 \u0430\u0434\u0440\u0435\u0441\u043D\u0443\u044E \u0442\u0430\u0431\u043B\u0438\u0447\u043A\u0443 \u0443 \u043D\u0430\u0439\u0434\u0435\u043D\u043D\u043E\u0433\u043E \u0434\u043E\u043C\u0430 \u2014 \u0435\u0433\u043E \u043D\u043E\u043C\u0435\u0440 \u043F\u043E\u044F\u0432\u0438\u0442\u0441\u044F \u043D\u0430 \u044D\u0442\u043E\u0439 \u0441\u0442\u0440\u0430\u043D\u0438\u0446\u0435.","logical":34,"pixels":22.666668,"visible":false,"boundsInRaster":"(157.33334, 255.33334), (965.3334, 403.33334)"},{"Text":"\u041A\u043E\u043B\u0435\u0441\u043E \u2014 \u043C\u0430\u0441\u0448\u0442\u0430\u0431 \u00B7 \u043F\u0435\u0440\u0435\u0442\u0430\u0449\u0438\u0442\u044C \u2014 \u0441\u0434\u0432\u0438\u0433","logical":34,"pixels":22.666668,"visible":true,"boundsInRaster":"(480, 263.33334), (642.66675, 31.333344)"},{"Text":"\u041A\u043E\u043D\u0442\u0443\u0440\u044B \u2014 \u043D\u0430\u0439\u0434\u0435\u043D\u043D\u044B\u0435 \u0434\u043E\u043C\u0430 \u00B7 \u043A\u0440\u0443\u0436\u043E\u043A \u2014 \u0432\u0445\u043E\u0434 \u0438\u043B\u0438 \u0432\u043E\u0440\u043E\u0442\u0430","logical":34,"pixels":22.666668,"visible":true,"boundsInRaster":"(157.33334, 627.3334), (965.3334, 31.333313)"}],"mapBoundsInRaster":"(149.33334, 205.33334), (981.3334, 460.00003)","canvasBoundsInRaster":"(157.33334, 306), (965.3334, 318.6667)","runtimeCanvasBounds":"(157.33334, 306), (965.3334, 318.6667)","captionBoundsInRaster":"(650.44714, 308.66666), (127.333374, 103.33334)","houseCaption":"(739.67065, 4), (191, 155)","center":"(35.815468, -42.798435)","zoom":1,"oracle":"actual rendered image dimensions divided by logical viewport extent; no screen-transform API in font measurement"},{"check":"04f_school_map_1280x720_text_large_hc-independent-raster-bounds-match-runtime-and-keep-caption-and-toolbar-on-page","status":"pass"},{"check":"04f_school_map_1280x720_text_large_hc-keeps-readable-final-screen-fonts-caption-and-view","status":"pass"},{"check":"04f_school_map_1280x720_text_large_hc-paper-map-text-has-no-inherited-offset-shadow-or-dark-outline","status":"pass"},{"check":"04f_school_map_1920x1080_text_standard-uses-the-actual-requested-raster","status":"pass"},{"kind":"notebook-map-screen-readability","size":"(1920, 1080)","textScale":1,"rasterSize":"(1920, 1080)","logicalViewport":"(0, 0), (1920, 1080)","rasterToLogicalRatio":"(1, 1)","measuredRasterTransform":"[X: (1, 0), Y: (0, 1), O: (236, 382)]","runtimeCompositeTransform":"[X: (1, 0), Y: (0, 1), O: (236, 382)]","canvasItemPopupTransform":"[X: (1, 0), Y: (0, 1), O: (236, 382)]","actualScale":1,"drawingFontLogical":14,"drawingFontScreenPixels":14,"labelScreenFonts":[{"Text":"\u041A\u0430\u0440\u0430-\u0423\u0440\u043C\u0430\u043D \u2014 \u0441\u0445\u0435\u043C\u0430 \u0443\u043B\u0438\u0446","logical":18,"pixels":18,"visible":true,"boundsInRaster":"(236, 318), (1448, 26)"},{"Text":"\u041F\u043E\u043A\u0430 \u043D\u0438 \u043E\u0434\u0438\u043D \u0434\u043E\u043C \u043D\u0435 \u043E\u0442\u043C\u0435\u0447\u0435\u043D.\n\n\u041F\u0440\u043E\u0447\u0438\u0442\u0430\u0439 \u0430\u0434\u0440\u0435\u0441\u043D\u0443\u044E \u0442\u0430\u0431\u043B\u0438\u0447\u043A\u0443 \u0443 \u043D\u0430\u0439\u0434\u0435\u043D\u043D\u043E\u0433\u043E \u0434\u043E\u043C\u0430 \u2014 \u0435\u0433\u043E \u043D\u043E\u043C\u0435\u0440 \u043F\u043E\u044F\u0432\u0438\u0442\u0441\u044F \u043D\u0430 \u044D\u0442\u043E\u0439 \u0441\u0442\u0440\u0430\u043D\u0438\u0446\u0435.","logical":14,"pixels":14,"visible":false,"boundsInRaster":"(236, 383), (1448, 605)"},{"Text":"\u041A\u043E\u043B\u0435\u0441\u043E \u2014 \u043C\u0430\u0441\u0448\u0442\u0430\u0431 \u00B7 \u043F\u0435\u0440\u0435\u0442\u0430\u0449\u0438\u0442\u044C \u2014 \u0441\u0434\u0432\u0438\u0433","logical":14,"pixels":14,"visible":true,"boundsInRaster":"(455, 353), (1229, 20)"},{"Text":"\u041A\u043E\u043D\u0442\u0443\u0440\u044B \u2014 \u043D\u0430\u0439\u0434\u0435\u043D\u043D\u044B\u0435 \u0434\u043E\u043C\u0430 \u00B7 \u043A\u0440\u0443\u0436\u043E\u043A \u2014 \u0432\u0445\u043E\u0434 \u0438\u043B\u0438 \u0432\u043E\u0440\u043E\u0442\u0430","logical":14,"pixels":14,"visible":true,"boundsInRaster":"(236, 968), (1448, 20)"}],"mapBoundsInRaster":"(224, 308), (1472, 690)","canvasBoundsInRaster":"(236, 382), (1448, 582)","runtimeCanvasBounds":"(236, 382), (1448, 582)","captionBoundsInRaster":"(976.0342, 467.52087), (86, 74)","houseCaption":"(740.0342, 85.520874), (86, 74)","center":"(35.815468, -42.798435)","zoom":1,"oracle":"actual rendered image dimensions divided by logical viewport extent; no screen-transform API in font measurement"},{"check":"04f_school_map_1920x1080_text_standard-independent-raster-bounds-match-runtime-and-keep-caption-and-toolbar-on-page","status":"pass"},{"check":"04f_school_map_1920x1080_text_standard-keeps-readable-final-screen-fonts-caption-and-view","status":"pass"},{"check":"04f_school_map_1920x1080_text_standard-paper-map-text-has-no-inherited-offset-shadow-or-dark-outline","status":"pass"},{"check":"04f_school_map_1920x1080_text_large_hc-uses-the-actual-requested-raster","status":"pass"},{"kind":"notebook-map-screen-readability","size":"(1920, 1080)","textScale":1.6,"rasterSize":"(1920, 1080)","logicalViewport":"(0, 0), (1920, 1080)","rasterToLogicalRatio":"(1, 1)","measuredRasterTransform":"[X: (1, 0), Y: (0, 1), O: (236, 414)]","runtimeCompositeTransform":"[X: (1, 0), Y: (0, 1), O: (236, 414)]","canvasItemPopupTransform":"[X: (1, 0), Y: (0, 1), O: (236, 414)]","actualScale":1,"drawingFontLogical":23,"drawingFontScreenPixels":23,"labelScreenFonts":[{"Text":"\u041A\u0430\u0440\u0430-\u0423\u0440\u043C\u0430\u043D \u2014 \u0441\u0445\u0435\u043C\u0430 \u0443\u043B\u0438\u0446","logical":29,"pixels":29,"visible":true,"boundsInRaster":"(236, 318), (1448, 40)"},{"Text":"\u041F\u043E\u043A\u0430 \u043D\u0438 \u043E\u0434\u0438\u043D \u0434\u043E\u043C \u043D\u0435 \u043E\u0442\u043C\u0435\u0447\u0435\u043D.\n\n\u041F\u0440\u043E\u0447\u0438\u0442\u0430\u0439 \u0430\u0434\u0440\u0435\u0441\u043D\u0443\u044E \u0442\u0430\u0431\u043B\u0438\u0447\u043A\u0443 \u0443 \u043D\u0430\u0439\u0434\u0435\u043D\u043D\u043E\u0433\u043E \u0434\u043E\u043C\u0430 \u2014 \u0435\u0433\u043E \u043D\u043E\u043C\u0435\u0440 \u043F\u043E\u044F\u0432\u0438\u0442\u0441\u044F \u043D\u0430 \u044D\u0442\u043E\u0439 \u0441\u0442\u0440\u0430\u043D\u0438\u0446\u0435.","logical":23,"pixels":23,"visible":false,"boundsInRaster":"(236, 383), (1448, 605)"},{"Text":"\u041A\u043E\u043B\u0435\u0441\u043E \u2014 \u043C\u0430\u0441\u0448\u0442\u0430\u0431 \u00B7 \u043F\u0435\u0440\u0435\u0442\u0430\u0449\u0438\u0442\u044C \u2014 \u0441\u0434\u0432\u0438\u0433","logical":23,"pixels":23,"visible":true,"boundsInRaster":"(569, 370), (1115, 32)"},{"Text":"\u041A\u043E\u043D\u0442\u0443\u0440\u044B \u2014 \u043D\u0430\u0439\u0434\u0435\u043D\u043D\u044B\u0435 \u0434\u043E\u043C\u0430 \u00B7 \u043A\u0440\u0443\u0436\u043E\u043A \u2014 \u0432\u0445\u043E\u0434 \u0438\u043B\u0438 \u0432\u043E\u0440\u043E\u0442\u0430","logical":23,"pixels":23,"visible":true,"boundsInRaster":"(236, 956), (1448, 32)"}],"mapBoundsInRaster":"(224, 308), (1472, 690)","canvasBoundsInRaster":"(236, 414), (1448, 538)","runtimeCanvasBounds":"(236, 414), (1448, 538)","captionBoundsInRaster":"(975.8804, 450.85608), (134, 110)","houseCaption":"(739.8804, 36.85608), (134, 110)","center":"(35.815468, -42.798435)","zoom":1,"oracle":"actual rendered image dimensions divided by logical viewport extent; no screen-transform API in font measurement"},{"check":"04f_school_map_1920x1080_text_large_hc-independent-raster-bounds-match-runtime-and-keep-caption-and-toolbar-on-page","status":"pass"},{"check":"04f_school_map_1920x1080_text_large_hc-keeps-readable-final-screen-fonts-caption-and-view","status":"pass"},{"check":"04f_school_map_1920x1080_text_large_hc-paper-map-text-has-no-inherited-offset-shadow-or-dark-outline","status":"pass"},{"check":"map-window-fixtures-restore-resolution-and-existing-view","status":"pass"},{"check":"map-controls-change-neither-knowledge-located-houses-nor-player-position","status":"pass"},{"kind":"notebook-map-ui","addressId":"ADR-H031","input":"visible buttons, actual focused key, delivered wheel and drag","contextRoads":["surface/ZiratWestHoldingAccess","authored/zirat-axis","connector/residential-road-extension","surface-link/ZiratWestHoldingAccess","connector/village-to-fap-branch","authored/main-axis","authored/fap-axis","surface/EastStreetPlotAccessPath","connector/house-to-zirat-return","surface-link/EastStreetPlotAccessPath","connector/fap-yard-loop"],"streetLabels":["urman"],"visibleHouseLabels":[{"AddressId":"ADR-H031","bounds":"(739.67065, 4), (191, 155)"}],"computedQuestRoute":false,"humanOrientationPlaytest":"not-run"},{"check":"wrong-use-refuses-without-consuming-item","status":"pass"},{"check":"remote-house-use-from-shop-refuses-without-consuming","status":"pass"},{"check":"ordinary-earned-house-entry","status":"pass"},{"kind":"local-fixture","purpose":"ordinary attained house entry after arrival sources","traversalMeasurement":false},{"check":"shared-physical-tea-consumer","status":"pass"},{"kind":"notebook-shop-walk","label":"walk-to-home-table-approach","from":"(-28.799225, 0.5943085, -2.4897127)","goal":"(-30.057367, 0.5941522, -6.968165)","feet":"(-30.025314, 0.5943085, -6.8540726)","reached":true,"onFloor":true,"canStand":true,"contacts":[{"owner":"/root/Act1NotebookShopSmokeTest/Act1Demo/Main/ZoneHost/Act1ConnectedWorld/babay-abi-house/Floor","point":"(-30.025314, 0.5941522, -6.8540726)","normal":"(0, 1, 0)"}]},{"check":"walk-to-home-table-approach","status":"pass"},{"check":"tea-stand-clears-the-existing-table","status":"pass"},{"kind":"notebook-shop-walk","label":"walk-to-home-tea-tray","from":"(-30.025314, 0.5943085, -6.8540726)","goal":"(-30.717468, 0.5941522, -7.2798796)","feet":"(-30.65276, 0.5943085, -7.2400713)","reached":true,"onFloor":true,"canStand":true,"contacts":[{"owner":"/root/Act1NotebookShopSmokeTest/Act1Demo/Main/ZoneHost/Act1ConnectedWorld/babay-abi-house/Floor","point":"(-30.65276, 0.5941522, -7.2400713)","normal":"(0, 1, 0)"}]},{"check":"walk-to-home-tea-tray","status":"pass"},{"check":"tea-package-absent-before-manual-use","status":"pass"},{"check":"actual-ray-and-availability-PutTeaOnHomeTray","status":"pass"},{"check":"physical-tea-use-consumes-item-and-keeps-debt-row","status":"pass"},{"check":"household-art-starts-after-real-standing-table-approach-without-ui","status":"pass"},{"check":"household_kettle-close-view-uses-existing-lod0-range","status":"pass"},{"kind":"household-art-camera","frame":"household_kettle","forcedLod1":false,"fixture":"close-up camera-only inspection; ordinary visibility ranges","camera":"[X: (-0.52972883, -2.9802326E-08, -0.8481671), Y: (-0.32882795, 0.9217889, 0.20537178), Z: (0.78183097, 0.3876924, -0.4882981), O: (-31.018126, 1.9841511, -8.472454)]","cameraRoomPosition":"(1.6400018, 1.3899989, -2.2611046)","originalStandingEyeHeight":1.7000002,"playerFeet":"(-30.65276, 0.5943085, -7.2400713)","meshes":[{"owner":"/root/Act1NotebookShopSmokeTest/Act1Demo/Main/ZoneHost/Act1ConnectedWorld/babay-abi-house/GeneratedHouseInteriorAct1/HouseInterior_TableKettle_LOD0","name":"HouseInterior_TableKettle_LOD0","mesh":"res://assets/generated/urman_modular_kit.glb::ArrayMesh_gn8io","roomPosition":"(1.0800004, 1.11, -2.619999)","localBounds":"(-0.116, -0.15, -0.16999272), (0.232, 0.3, 0.33777452)","roomBounds":"(0.9640004, 0.96000004, -2.7899916), (0.23199993, 0.29999995, 0.33777452)","worldTransform":"[X: (0.42700619, 0, -0.9042487), Y: (0, 1, 0), Z: (0.9042487, 0, 0.42700619), O: (-31.58178, 1.7041522, -8.119324)]","visible":true,"visibleInTree":true,"distance":0.7222193,"visibilityBegin":0,"visibilityEnd":24,"beginMargin":0,"endMargin":3,"fadeMode":"Self","triangles":812,"metadata":{"generatedKitVisible":"true","generatedKitCollision":"false","visibilityRange":"0-24m","presentationOwnership":"presentation-only","collisionPolicy":"no physics body; visual mesh only","painterlyMaterial":"enamel","heroRoomRigidPlacement":"true","heroRoomSourceTransform":"[X: (1.0, 0.0, 0.0), Y: (0.0, 1.0, 0.0), Z: (0.0, 0.0, 1.0), O: (1.08, 1.11, -3.62)]"},"visibilityLimit":"tree visibility and configured distance; actual image remains the visual evidence"},{"owner":"/root/Act1NotebookShopSmokeTest/Act1Demo/Main/ZoneHost/Act1ConnectedWorld/babay-abi-house/GeneratedHouseInteriorAct1/HouseInterior_TableKettle_LOD1","name":"HouseInterior_TableKettle_LOD1","mesh":"res://assets/generated/urman_modular_kit.glb::ArrayMesh_ksusm","roomPosition":"(1.0800004, 1.11, -2.619999)","localBounds":"(-0.11402074, -0.15, -0.17070858), (0.22804148, 0.3, 0.33650315)","roomBounds":"(0.96597964, 0.96000004, -2.7907076), (0.22804147, 0.29999995, 0.33650327)","worldTransform":"[X: (0.42700619, 0, -0.9042487), Y: (0, 1, 0), Z: (0.9042487, 0, 0.42700619), O: (-31.58178, 1.7041522, -8.119324)]","visible":true,"visibleInTree":true,"distance":0.7228944,"visibilityBegin":18,"visibilityEnd":72,"beginMargin":3,"endMargin":6,"fadeMode":"Self","triangles":406,"metadata":{"generatedKitVisible":"true","generatedKitCollision":"false","visibilityRange":"18-72m","presentationOwnership":"presentation-only","collisionPolicy":"no physics body; visual mesh only","painterlyMaterial":"enamel","heroRoomRigidPlacement":"true","heroRoomSourceTransform":"[X: (1.0, 0.0, 0.0), Y: (0.0, 1.0, 0.0), Z: (0.0, 0.0, 1.0), O: (1.08, 1.11, -3.62)]"},"visibilityLimit":"tree visibility and configured distance; actual image remains the visual evidence"},{"owner":"/root/Act1NotebookShopSmokeTest/Act1Demo/Main/ZoneHost/Act1ConnectedWorld/babay-abi-house/GeneratedHouseInteriorAct1/HouseInterior_TableKettleLid_LOD0","name":"HouseInterior_TableKettleLid_LOD0","mesh":"res://assets/generated/urman_modular_kit.glb::ArrayMesh_y1v3u","roomPosition":"(1.0800004, 1.29, -2.619999)","localBounds":"(-0.067, -0.034, -0.067), (0.134, 0.054, 0.134)","roomBounds":"(1.0130004, 1.2559999, -2.6869988), (0.13400006, 0.05400002, 0.13399982)","worldTransform":"[X: (0.42700619, 0, -0.9042487), Y: (0, 1, 0), Z: (0.9042487, 0, 0.42700619), O: (-31.58178, 1.8841522, -8.119324)]","visible":true,"visibleInTree":true,"distance":0.67368805,"visibilityBegin":0,"visibilityEnd":24,"beginMargin":0,"endMargin":3,"fadeMode":"Self","triangles":384,"metadata":{"generatedKitVisible":"true","generatedKitCollision":"false","visibilityRange":"0-24m","presentationOwnership":"presentation-only","collisionPolicy":"no physics body; visual mesh only","painterlyMaterial":"enamel","heroRoomRigidPlacement":"true","heroRoomSourceTransform":"[X: (1.0, 0.0, 0.0), Y: (0.0, 1.0, 0.0), Z: (0.0, 0.0, 1.0), O: (1.08, 1.29, -3.62)]"},"visibilityLimit":"tree visibility and configured distance; actual image remains the visual evidence"},{"owner":"/root/Act1NotebookShopSmokeTest/Act1Demo/Main/ZoneHost/Act1ConnectedWorld/babay-abi-house/GeneratedHouseInteriorAct1/HouseInterior_TableKettleLid_LOD1","name":"HouseInterior_TableKettleLid_LOD1","mesh":"res://assets/generated/urman_modular_kit.glb::ArrayMesh_8ujwe","roomPosition":"(1.0800004, 1.29, -2.619999)","localBounds":"(-0.067, -0.034, -0.067), (0.134, 0.054, 0.134)","roomBounds":"(1.0130004, 1.2559999, -2.6869988), (0.13400006, 0.05400002, 0.13399982)","worldTransform":"[X: (0.42700619, 0, -0.9042487), Y: (0, 1, 0), Z: (0.9042487, 0, 0.42700619), O: (-31.58178, 1.8841522, -8.119324)]","visible":true,"visibleInTree":true,"distance":0.67368805,"visibilityBegin":18,"visibilityEnd":72,"beginMargin":3,"endMargin":6,"fadeMode":"Self","triangles":192,"metadata":{"generatedKitVisible":"true","generatedKitCollision":"false","visibilityRange":"18-72m","presentationOwnership":"presentation-only","collisionPolicy":"no physics body; visual mesh only","painterlyMaterial":"enamel","heroRoomRigidPlacement":"true","heroRoomSourceTransform":"[X: (1.0, 0.0, 0.0), Y: (0.0, 1.0, 0.0), Z: (0.0, 0.0, 1.0), O: (1.08, 1.29, -3.62)]"},"visibilityLimit":"tree visibility and configured distance; actual image remains the visual evidence"},{"owner":"/root/Act1NotebookShopSmokeTest/Act1Demo/Main/ZoneHost/Act1ConnectedWorld/babay-abi-house/GeneratedOldPcAct1/OldPc_Keyboard_LOD0","name":"OldPc_Keyboard_LOD0","mesh":"res://assets/generated/urman_modular_kit.glb::ArrayMesh_506l0","roomPosition":"(-9.536743E-07, 0.92499995, -2.3649998)","localBounds":"(-0.575, -0.05, -0.24), (1.15, 0.09587802, 0.48)","roomBounds":"(-0.25875095, 0.9025, -2.4729998), (0.5175, 0.04314506, 0.21600008)","worldTransform":"[X: (0.19215278, 0, -0.4069119), Y: (0, 0.45, 0), Z: (0.4069119, 0, 0.19215278), O: (-31.812363, 1.5191522, -7.033848)]","visible":true,"visibleInTree":true,"distance":1.7080656,"visibilityBegin":0,"visibilityEnd":24,"beginMargin":0,"endMargin":3,"fadeMode":"Self","triangles":2108,"metadata":{"generatedKitVisible":"true","generatedKitCollision":"false","visibilityRange":"0-24m","presentationOwnership":"presentation-only","collisionPolicy":"no physics body; visual mesh only","painterlyMaterial":"plaster"},"visibilityLimit":"tree visibility and configured distance; actual image remains the visual evidence"},{"owner":"/root/Act1NotebookShopSmokeTest/Act1Demo/Main/ZoneHost/Act1ConnectedWorld/babay-abi-house/GeneratedOldPcAct1/OldPc_Keyboard_LOD1","name":"OldPc_Keyboard_LOD1","mesh":"res://assets/generated/urman_modular_kit.glb::ArrayMesh_srht8","roomPosition":"(-9.536743E-07, 0.92499995, -2.3649998)","localBounds":"(-0.575, -0.05, -0.24), (1.15, 0.09587802, 0.48)","roomBounds":"(-0.25875095, 0.9025, -2.4729998), (0.5175, 0.04314506, 0.21600008)","worldTransform":"[X: (0.19215278, 0, -0.4069119), Y: (0, 0.45, 0), Z: (0.4069119, 0, 0.19215278), O: (-31.812363, 1.5191522, -7.033848)]","visible":true,"visibleInTree":true,"distance":1.7080656,"visibilityBegin":18,"visibilityEnd":72,"beginMargin":3,"endMargin":6,"fadeMode":"Self","triangles":1370,"metadata":{"generatedKitVisible":"true","generatedKitCollision":"false","visibilityRange":"18-72m","presentationOwnership":"presentation-only","collisionPolicy":"no physics body; visual mesh only","painterlyMaterial":"plaster"},"visibilityLimit":"tree visibility and configured distance; actual image remains the visual evidence"}],"noInteraction":true,"performanceSample":false},{"kind":"household-art-camera","frame":"household_kettle_forced_lod1","forcedLod1":true,"fixture":"close-up diagnostic with only paired LOD1 forced; not ordinary 18m presentation","camera":"[X: (-0.52972883, -2.9802326E-08, -0.8481671), Y: (-0.32882795, 0.9217889, 0.20537178), Z: (0.78183097, 0.3876924, -0.4882981), O: (-31.018126, 1.9841511, -8.472454)]","cameraRoomPosition":"(1.6400018, 1.3899989, -2.2611046)","originalStandingEyeHeight":1.7000002,"playerFeet":"(-30.65276, 0.5943085, -7.2400713)","meshes":[{"owner":"/root/Act1NotebookShopSmokeTest/Act1Demo/Main/ZoneHost/Act1ConnectedWorld/babay-abi-house/GeneratedHouseInteriorAct1/HouseInterior_TableKettle_LOD0","name":"HouseInterior_TableKettle_LOD0","mesh":"res://assets/generated/urman_modular_kit.glb::ArrayMesh_gn8io","roomPosition":"(1.0800004, 1.11, -2.619999)","localBounds":"(-0.116, -0.15, -0.16999272), (0.232, 0.3, 0.33777452)","roomBounds":"(0.9640004, 0.96000004, -2.7899916), (0.23199993, 0.29999995, 0.33777452)","worldTransform":"[X: (0.42700619, 0, -0.9042487), Y: (0, 1, 0), Z: (0.9042487, 0, 0.42700619), O: (-31.58178, 1.7041522, -8.119324)]","visible":false,"visibleInTree":false,"distance":0.7222193,"visibilityBegin":0,"visibilityEnd":24,"beginMargin":0,"endMargin":3,"fadeMode":"Self","triangles":812,"metadata":{"generatedKitVisible":"true","generatedKitCollision":"false","visibilityRange":"0-24m","presentationOwnership":"presentation-only","collisionPolicy":"no physics body; visual mesh only","painterlyMaterial":"enamel","heroRoomRigidPlacement":"true","heroRoomSourceTransform":"[X: (1.0, 0.0, 0.0), Y: (0.0, 1.0, 0.0), Z: (0.0, 0.0, 1.0), O: (1.08, 1.11, -3.62)]"},"visibilityLimit":"tree visibility and configured distance; actual image remains the visual evidence"},{"owner":"/root/Act1NotebookShopSmokeTest/Act1Demo/Main/ZoneHost/Act1ConnectedWorld/babay-abi-house/GeneratedHouseInteriorAct1/HouseInterior_TableKettle_LOD1","name":"HouseInterior_TableKettle_LOD1","mesh":"res://assets/generated/urman_modular_kit.glb::ArrayMesh_ksusm","roomPosition":"(1.0800004, 1.11, -2.619999)","localBounds":"(-0.11402074, -0.15, -0.17070858), (0.22804148, 0.3, 0.33650315)","roomBounds":"(0.96597964, 0.96000004, -2.7907076), (0.22804147, 0.29999995, 0.33650327)","worldTransform":"[X: (0.42700619, 0, -0.9042487), Y: (0, 1, 0), Z: (0.9042487, 0, 0.42700619), O: (-31.58178, 1.7041522, -8.119324)]","visible":true,"visibleInTree":true,"distance":0.7228944,"visibilityBegin":0,"visibilityEnd":0,"beginMargin":0,"endMargin":0,"fadeMode":"Self","triangles":406,"metadata":{"generatedKitVisible":"true","generatedKitCollision":"false","visibilityRange":"18-72m","presentationOwnership":"presentation-only","collisionPolicy":"no physics body; visual mesh only","painterlyMaterial":"enamel","heroRoomRigidPlacement":"true","heroRoomSourceTransform":"[X: (1.0, 0.0, 0.0), Y: (0.0, 1.0, 0.0), Z: (0.0, 0.0, 1.0), O: (1.08, 1.11, -3.62)]"},"visibilityLimit":"tree visibility and configured distance; actual image remains the visual evidence"},{"owner":"/root/Act1NotebookShopSmokeTest/Act1Demo/Main/ZoneHost/Act1ConnectedWorld/babay-abi-house/GeneratedHouseInteriorAct1/HouseInterior_TableKettleLid_LOD0","name":"HouseInterior_TableKettleLid_LOD0","mesh":"res://assets/generated/urman_modular_kit.glb::ArrayMesh_y1v3u","roomPosition":"(1.0800004, 1.29, -2.619999)","localBounds":"(-0.067, -0.034, -0.067), (0.134, 0.054, 0.134)","roomBounds":"(1.0130004, 1.2559999, -2.6869988), (0.13400006, 0.05400002, 0.13399982)","worldTransform":"[X: (0.42700619, 0, -0.9042487), Y: (0, 1, 0), Z: (0.9042487, 0, 0.42700619), O: (-31.58178, 1.8841522, -8.119324)]","visible":false,"visibleInTree":false,"distance":0.67368805,"visibilityBegin":0,"visibilityEnd":24,"beginMargin":0,"endMargin":3,"fadeMode":"Self","triangles":384,"metadata":{"generatedKitVisible":"true","generatedKitCollision":"false","visibilityRange":"0-24m","presentationOwnership":"presentation-only","collisionPolicy":"no physics body; visual mesh only","painterlyMaterial":"enamel","heroRoomRigidPlacement":"true","heroRoomSourceTransform":"[X: (1.0, 0.0, 0.0), Y: (0.0, 1.0, 0.0), Z: (0.0, 0.0, 1.0), O: (1.08, 1.29, -3.62)]"},"visibilityLimit":"tree visibility and configured distance; actual image remains the visual evidence"},{"owner":"/root/Act1NotebookShopSmokeTest/Act1Demo/Main/ZoneHost/Act1ConnectedWorld/babay-abi-house/GeneratedHouseInteriorAct1/HouseInterior_TableKettleLid_LOD1","name":"HouseInterior_TableKettleLid_LOD1","mesh":"res://assets/generated/urman_modular_kit.glb::ArrayMesh_8ujwe","roomPosition":"(1.0800004, 1.29, -2.619999)","localBounds":"(-0.067, -0.034, -0.067), (0.134, 0.054, 0.134)","roomBounds":"(1.0130004, 1.2559999, -2.6869988), (0.13400006, 0.05400002, 0.13399982)","worldTransform":"[X: (0.42700619, 0, -0.9042487), Y: (0, 1, 0), Z: (0.9042487, 0, 0.42700619), O: (-31.58178, 1.8841522, -8.119324)]","visible":true,"visibleInTree":true,"distance":0.67368805,"visibilityBegin":0,"visibilityEnd":0,"beginMargin":0,"endMargin":0,"fadeMode":"Self","triangles":192,"metadata":{"generatedKitVisible":"true","generatedKitCollision":"false","visibilityRange":"18-72m","presentationOwnership":"presentation-only","collisionPolicy":"no physics body; visual mesh only","painterlyMaterial":"enamel","heroRoomRigidPlacement":"true","heroRoomSourceTransform":"[X: (1.0, 0.0, 0.0), Y: (0.0, 1.0, 0.0), Z: (0.0, 0.0, 1.0), O: (1.08, 1.29, -3.62)]"},"visibilityLimit":"tree visibility and configured distance; actual image remains the visual evidence"},{"owner":"/root/Act1NotebookShopSmokeTest/Act1Demo/Main/ZoneHost/Act1ConnectedWorld/babay-abi-house/GeneratedOldPcAct1/OldPc_Keyboard_LOD0","name":"OldPc_Keyboard_LOD0","mesh":"res://assets/generated/urman_modular_kit.glb::ArrayMesh_506l0","roomPosition":"(-9.536743E-07, 0.92499995, -2.3649998)","localBounds":"(-0.575, -0.05, -0.24), (1.15, 0.09587802, 0.48)","roomBounds":"(-0.25875095, 0.9025, -2.4729998), (0.5175, 0.04314506, 0.21600008)","worldTransform":"[X: (0.19215278, 0, -0.4069119), Y: (0, 0.45, 0), Z: (0.4069119, 0, 0.19215278), O: (-31.812363, 1.5191522, -7.033848)]","visible":true,"visibleInTree":true,"distance":1.7080656,"visibilityBegin":0,"visibilityEnd":24,"beginMargin":0,"endMargin":3,"fadeMode":"Self","triangles":2108,"metadata":{"generatedKitVisible":"true","generatedKitCollision":"false","visibilityRange":"0-24m","presentationOwnership":"presentation-only","collisionPolicy":"no physics body; visual mesh only","painterlyMaterial":"plaster"},"visibilityLimit":"tree visibility and configured distance; actual image remains the visual evidence"},{"owner":"/root/Act1NotebookShopSmokeTest/Act1Demo/Main/ZoneHost/Act1ConnectedWorld/babay-abi-house/GeneratedOldPcAct1/OldPc_Keyboard_LOD1","name":"OldPc_Keyboard_LOD1","mesh":"res://assets/generated/urman_modular_kit.glb::ArrayMesh_srht8","roomPosition":"(-9.536743E-07, 0.92499995, -2.3649998)","localBounds":"(-0.575, -0.05, -0.24), (1.15, 0.09587802, 0.48)","roomBounds":"(-0.25875095, 0.9025, -2.4729998), (0.5175, 0.04314506, 0.21600008)","worldTransform":"[X: (0.19215278, 0, -0.4069119), Y: (0, 0.45, 0), Z: (0.4069119, 0, 0.19215278), O: (-31.812363, 1.5191522, -7.033848)]","visible":true,"visibleInTree":true,"distance":1.7080656,"visibilityBegin":18,"visibilityEnd":72,"beginMargin":3,"endMargin":6,"fadeMode":"Self","triangles":1370,"metadata":{"generatedKitVisible":"true","generatedKitCollision":"false","visibilityRange":"18-72m","presentationOwnership":"presentation-only","collisionPolicy":"no physics body; visual mesh only","painterlyMaterial":"plaster"},"visibilityLimit":"tree visibility and configured distance; actual image remains the visual evidence"}],"noInteraction":true,"performanceSample":false},{"check":"household_keyboard-close-view-uses-existing-lod0-range","status":"pass"},{"kind":"household-art-camera","frame":"household_keyboard","forcedLod1":false,"fixture":"close-up camera-only inspection; ordinary visibility ranges","camera":"[X: (-0.117150865, 0, -0.9931141), Y: (-0.6855158, 0.72355294, 0.08086561), Z: (0.71857065, 0.690269, -0.08476485), O: (-31.437601, 1.8782258, -7.0780563)]","cameraRoomPosition":"(0.20000029, 1.2840736, -2.0449982)","originalStandingEyeHeight":1.7000002,"playerFeet":"(-30.65276, 0.5943085, -7.2400713)","meshes":[{"owner":"/root/Act1NotebookShopSmokeTest/Act1Demo/Main/ZoneHost/Act1ConnectedWorld/babay-abi-house/GeneratedHouseInteriorAct1/HouseInterior_TableKettle_LOD0","name":"HouseInterior_TableKettle_LOD0","mesh":"res://assets/generated/urman_modular_kit.glb::ArrayMesh_gn8io","roomPosition":"(1.0800004, 1.11, -2.619999)","localBounds":"(-0.116, -0.15, -0.16999272), (0.232, 0.3, 0.33777452)","roomBounds":"(0.9640004, 0.96000004, -2.7899916), (0.23199993, 0.29999995, 0.33777452)","worldTransform":"[X: (0.42700619, 0, -0.9042487), Y: (0, 1, 0), Z: (0.9042487, 0, 0.42700619), O: (-31.58178, 1.7041522, -8.119324)]","visible":true,"visibleInTree":true,"distance":1.0661141,"visibilityBegin":0,"visibilityEnd":24,"beginMargin":0,"endMargin":3,"fadeMode":"Self","triangles":812,"metadata":{"generatedKitVisible":"true","generatedKitCollision":"false","visibilityRange":"0-24m","presentationOwnership":"presentation-only","collisionPolicy":"no physics body; visual mesh only","painterlyMaterial":"enamel","heroRoomRigidPlacement":"true","heroRoomSourceTransform":"[X: (1.0, 0.0, 0.0), Y: (0.0, 1.0, 0.0), Z: (0.0, 0.0, 1.0), O: (1.08, 1.11, -3.62)]"},"visibilityLimit":"tree visibility and configured distance; actual image remains the visual evidence"},{"owner":"/root/Act1NotebookShopSmokeTest/Act1Demo/Main/ZoneHost/Act1ConnectedWorld/babay-abi-house/GeneratedHouseInteriorAct1/HouseInterior_TableKettle_LOD1","name":"HouseInterior_TableKettle_LOD1","mesh":"res://assets/generated/urman_modular_kit.glb::ArrayMesh_ksusm","roomPosition":"(1.0800004, 1.11, -2.619999)","localBounds":"(-0.11402074, -0.15, -0.17070858), (0.22804148, 0.3, 0.33650315)","roomBounds":"(0.96597964, 0.96000004, -2.7907076), (0.22804147, 0.29999995, 0.33650327)","worldTransform":"[X: (0.42700619, 0, -0.9042487), Y: (0, 1, 0), Z: (0.9042487, 0, 0.42700619), O: (-31.58178, 1.7041522, -8.119324)]","visible":true,"visibleInTree":true,"distance":1.0668449,"visibilityBegin":18,"visibilityEnd":72,"beginMargin":3,"endMargin":6,"fadeMode":"Self","triangles":406,"metadata":{"generatedKitVisible":"true","generatedKitCollision":"false","visibilityRange":"18-72m","presentationOwnership":"presentation-only","collisionPolicy":"no physics body; visual mesh only","painterlyMaterial":"enamel","heroRoomRigidPlacement":"true","heroRoomSourceTransform":"[X: (1.0, 0.0, 0.0), Y: (0.0, 1.0, 0.0), Z: (0.0, 0.0, 1.0), O: (1.08, 1.11, -3.62)]"},"visibilityLimit":"tree visibility and configured distance; actual image remains the visual evidence"},{"owner":"/root/Act1NotebookShopSmokeTest/Act1Demo/Main/ZoneHost/Act1ConnectedWorld/babay-abi-house/GeneratedHouseInteriorAct1/HouseInterior_TableKettleLid_LOD0","name":"HouseInterior_TableKettleLid_LOD0","mesh":"res://assets/generated/urman_modular_kit.glb::ArrayMesh_y1v3u","roomPosition":"(1.0800004, 1.29, -2.619999)","localBounds":"(-0.067, -0.034, -0.067), (0.134, 0.054, 0.134)","roomBounds":"(1.0130004, 1.2559999, -2.6869988), (0.13400006, 0.05400002, 0.13399982)","worldTransform":"[X: (0.42700619, 0, -0.9042487), Y: (0, 1, 0), Z: (0.9042487, 0, 0.42700619), O: (-31.58178, 1.8841522, -8.119324)]","visible":true,"visibleInTree":true,"distance":1.0512023,"visibilityBegin":0,"visibilityEnd":24,"beginMargin":0,"endMargin":3,"fadeMode":"Self","triangles":384,"metadata":{"generatedKitVisible":"true","generatedKitCollision":"false","visibilityRange":"0-24m","presentationOwnership":"presentation-only","collisionPolicy":"no physics body; visual mesh only","painterlyMaterial":"enamel","heroRoomRigidPlacement":"true","heroRoomSourceTransform":"[X: (1.0, 0.0, 0.0), Y: (0.0, 1.0, 0.0), Z: (0.0, 0.0, 1.0), O: (1.08, 1.29, -3.62)]"},"visibilityLimit":"tree visibility and configured distance; actual image remains the visual evidence"},{"owner":"/root/Act1NotebookShopSmokeTest/Act1Demo/Main/ZoneHost/Act1ConnectedWorld/babay-abi-house/GeneratedHouseInteriorAct1/HouseInterior_TableKettleLid_LOD1","name":"HouseInterior_TableKettleLid_LOD1","mesh":"res://assets/generated/urman_modular_kit.glb::ArrayMesh_8ujwe","roomPosition":"(1.0800004, 1.29, -2.619999)","localBounds":"(-0.067, -0.034, -0.067), (0.134, 0.054, 0.134)","roomBounds":"(1.0130004, 1.2559999, -2.6869988), (0.13400006, 0.05400002, 0.13399982)","worldTransform":"[X: (0.42700619, 0, -0.9042487), Y: (0, 1, 0), Z: (0.9042487, 0, 0.42700619), O: (-31.58178, 1.8841522, -8.119324)]","visible":true,"visibleInTree":true,"distance":1.0512023,"visibilityBegin":18,"visibilityEnd":72,"beginMargin":3,"endMargin":6,"fadeMode":"Self","triangles":192,"metadata":{"generatedKitVisible":"true","generatedKitCollision":"false","visibilityRange":"18-72m","presentationOwnership":"presentation-only","collisionPolicy":"no physics body; visual mesh only","painterlyMaterial":"enamel","heroRoomRigidPlacement":"true","heroRoomSourceTransform":"[X: (1.0, 0.0, 0.0), Y: (0.0, 1.0, 0.0), Z: (0.0, 0.0, 1.0), O: (1.08, 1.29, -3.62)]"},"visibilityLimit":"tree visibility and configured distance; actual image remains the visual evidence"},{"owner":"/root/Act1NotebookShopSmokeTest/Act1Demo/Main/ZoneHost/Act1ConnectedWorld/babay-abi-house/GeneratedOldPcAct1/OldPc_Keyboard_LOD0","name":"OldPc_Keyboard_LOD0","mesh":"res://assets/generated/urman_modular_kit.glb::ArrayMesh_506l0","roomPosition":"(-9.536743E-07, 0.92499995, -2.3649998)","localBounds":"(-0.575, -0.05, -0.24), (1.15, 0.09587802, 0.48)","roomBounds":"(-0.25875095, 0.9025, -2.4729998), (0.5175, 0.04314506, 0.21600008)","worldTransform":"[X: (0.19215278, 0, -0.4069119), Y: (0, 0.45, 0), Z: (0.4069119, 0, 0.19215278), O: (-31.812363, 1.5191522, -7.033848)]","visible":true,"visibleInTree":true,"distance":0.52153754,"visibilityBegin":0,"visibilityEnd":24,"beginMargin":0,"endMargin":3,"fadeMode":"Self","triangles":2108,"metadata":{"generatedKitVisible":"true","generatedKitCollision":"false","visibilityRange":"0-24m","presentationOwnership":"presentation-only","collisionPolicy":"no physics body; visual mesh only","painterlyMaterial":"plaster"},"visibilityLimit":"tree visibility and configured distance; actual image remains the visual evidence"},{"owner":"/root/Act1NotebookShopSmokeTest/Act1Demo/Main/ZoneHost/Act1ConnectedWorld/babay-abi-house/GeneratedOldPcAct1/OldPc_Keyboard_LOD1","name":"OldPc_Keyboard_LOD1","mesh":"res://assets/generated/urman_modular_kit.glb::ArrayMesh_srht8","roomPosition":"(-9.536743E-07, 0.92499995, -2.3649998)","localBounds":"(-0.575, -0.05, -0.24), (1.15, 0.09587802, 0.48)","roomBounds":"(-0.25875095, 0.9025, -2.4729998), (0.5175, 0.04314506, 0.21600008)","worldTransform":"[X: (0.19215278, 0, -0.4069119), Y: (0, 0.45, 0), Z: (0.4069119, 0, 0.19215278), O: (-31.812363, 1.5191522, -7.033848)]","visible":true,"visibleInTree":true,"distance":0.52153754,"visibilityBegin":18,"visibilityEnd":72,"beginMargin":3,"endMargin":6,"fadeMode":"Self","triangles":1370,"metadata":{"generatedKitVisible":"true","generatedKitCollision":"false","visibilityRange":"18-72m","presentationOwnership":"presentation-only","collisionPolicy":"no physics body; visual mesh only","painterlyMaterial":"plaster"},"visibilityLimit":"tree visibility and configured distance; actual image remains the visual evidence"}],"noInteraction":true,"performanceSample":false},{"kind":"household-art-camera","frame":"household_keyboard_forced_lod1","forcedLod1":true,"fixture":"close-up diagnostic with only paired LOD1 forced; not ordinary 18m presentation","camera":"[X: (-0.117150865, 0, -0.9931141), Y: (-0.6855158, 0.72355294, 0.08086561), Z: (0.71857065, 0.690269, -0.08476485), O: (-31.437601, 1.8782258, -7.0780563)]","cameraRoomPosition":"(0.20000029, 1.2840736, -2.0449982)","originalStandingEyeHeight":1.7000002,"playerFeet":"(-30.65276, 0.5943085, -7.2400713)","meshes":[{"owner":"/root/Act1NotebookShopSmokeTest/Act1Demo/Main/ZoneHost/Act1ConnectedWorld/babay-abi-house/GeneratedHouseInteriorAct1/HouseInterior_TableKettle_LOD0","name":"HouseInterior_TableKettle_LOD0","mesh":"res://assets/generated/urman_modular_kit.glb::ArrayMesh_gn8io","roomPosition":"(1.0800004, 1.11, -2.619999)","localBounds":"(-0.116, -0.15, -0.16999272), (0.232, 0.3, 0.33777452)","roomBounds":"(0.9640004, 0.96000004, -2.7899916), (0.23199993, 0.29999995, 0.33777452)","worldTransform":"[X: (0.42700619, 0, -0.9042487), Y: (0, 1, 0), Z: (0.9042487, 0, 0.42700619), O: (-31.58178, 1.7041522, -8.119324)]","visible":true,"visibleInTree":true,"distance":1.0661141,"visibilityBegin":0,"visibilityEnd":24,"beginMargin":0,"endMargin":3,"fadeMode":"Self","triangles":812,"metadata":{"generatedKitVisible":"true","generatedKitCollision":"false","visibilityRange":"0-24m","presentationOwnership":"presentation-only","collisionPolicy":"no physics body; visual mesh only","painterlyMaterial":"enamel","heroRoomRigidPlacement":"true","heroRoomSourceTransform":"[X: (1.0, 0.0, 0.0), Y: (0.0, 1.0, 0.0), Z: (0.0, 0.0, 1.0), O: (1.08, 1.11, -3.62)]"},"visibilityLimit":"tree visibility and configured distance; actual image remains the visual evidence"},{"owner":"/root/Act1NotebookShopSmokeTest/Act1Demo/Main/ZoneHost/Act1ConnectedWorld/babay-abi-house/GeneratedHouseInteriorAct1/HouseInterior_TableKettle_LOD1","name":"HouseInterior_TableKettle_LOD1","mesh":"res://assets/generated/urman_modular_kit.glb::ArrayMesh_ksusm","roomPosition":"(1.0800004, 1.11, -2.619999)","localBounds":"(-0.11402074, -0.15, -0.17070858), (0.22804148, 0.3, 0.33650315)","roomBounds":"(0.96597964, 0.96000004, -2.7907076), (0.22804147, 0.29999995, 0.33650327)","worldTransform":"[X: (0.42700619, 0, -0.9042487), Y: (0, 1, 0), Z: (0.9042487, 0, 0.42700619), O: (-31.58178, 1.7041522, -8.119324)]","visible":true,"visibleInTree":true,"distance":1.0668449,"visibilityBegin":18,"visibilityEnd":72,"beginMargin":3,"endMargin":6,"fadeMode":"Self","triangles":406,"metadata":{"generatedKitVisible":"true","generatedKitCollision":"false","visibilityRange":"18-72m","presentationOwnership":"presentation-only","collisionPolicy":"no physics body; visual mesh only","painterlyMaterial":"enamel","heroRoomRigidPlacement":"true","heroRoomSourceTransform":"[X: (1.0, 0.0, 0.0), Y: (0.0, 1.0, 0.0), Z: (0.0, 0.0, 1.0), O: (1.08, 1.11, -3.62)]"},"visibilityLimit":"tree visibility and configured distance; actual image remains the visual evidence"},{"owner":"/root/Act1NotebookShopSmokeTest/Act1Demo/Main/ZoneHost/Act1ConnectedWorld/babay-abi-house/GeneratedHouseInteriorAct1/HouseInterior_TableKettleLid_LOD0","name":"HouseInterior_TableKettleLid_LOD0","mesh":"res://assets/generated/urman_modular_kit.glb::ArrayMesh_y1v3u","roomPosition":"(1.0800004, 1.29, -2.619999)","localBounds":"(-0.067, -0.034, -0.067), (0.134, 0.054, 0.134)","roomBounds":"(1.0130004, 1.2559999, -2.6869988), (0.13400006, 0.05400002, 0.13399982)","worldTransform":"[X: (0.42700619, 0, -0.9042487), Y: (0, 1, 0), Z: (0.9042487, 0, 0.42700619), O: (-31.58178, 1.8841522, -8.119324)]","visible":true,"visibleInTree":true,"distance":1.0512023,"visibilityBegin":0,"visibilityEnd":24,"beginMargin":0,"endMargin":3,"fadeMode":"Self","triangles":384,"metadata":{"generatedKitVisible":"true","generatedKitCollision":"false","visibilityRange":"0-24m","presentationOwnership":"presentation-only","collisionPolicy":"no physics body; visual mesh only","painterlyMaterial":"enamel","heroRoomRigidPlacement":"true","heroRoomSourceTransform":"[X: (1.0, 0.0, 0.0), Y: (0.0, 1.0, 0.0), Z: (0.0, 0.0, 1.0), O: (1.08, 1.29, -3.62)]"},"visibilityLimit":"tree visibility and configured distance; actual image remains the visual evidence"},{"owner":"/root/Act1NotebookShopSmokeTest/Act1Demo/Main/ZoneHost/Act1ConnectedWorld/babay-abi-house/GeneratedHouseInteriorAct1/HouseInterior_TableKettleLid_LOD1","name":"HouseInterior_TableKettleLid_LOD1","mesh":"res://assets/generated/urman_modular_kit.glb::ArrayMesh_8ujwe","roomPosition":"(1.0800004, 1.29, -2.619999)","localBounds":"(-0.067, -0.034, -0.067), (0.134, 0.054, 0.134)","roomBounds":"(1.0130004, 1.2559999, -2.6869988), (0.13400006, 0.05400002, 0.13399982)","worldTransform":"[X: (0.42700619, 0, -0.9042487), Y: (0, 1, 0), Z: (0.9042487, 0, 0.42700619), O: (-31.58178, 1.8841522, -8.119324)]","visible":true,"visibleInTree":true,"distance":1.0512023,"visibilityBegin":18,"visibilityEnd":72,"beginMargin":3,"endMargin":6,"fadeMode":"Self","triangles":192,"metadata":{"generatedKitVisible":"true","generatedKitCollision":"false","visibilityRange":"18-72m","presentationOwnership":"presentation-only","collisionPolicy":"no physics body; visual mesh only","painterlyMaterial":"enamel","heroRoomRigidPlacement":"true","heroRoomSourceTransform":"[X: (1.0, 0.0, 0.0), Y: (0.0, 1.0, 0.0), Z: (0.0, 0.0, 1.0), O: (1.08, 1.29, -3.62)]"},"visibilityLimit":"tree visibility and configured distance; actual image remains the visual evidence"},{"owner":"/root/Act1NotebookShopSmokeTest/Act1Demo/Main/ZoneHost/Act1ConnectedWorld/babay-abi-house/GeneratedOldPcAct1/OldPc_Keyboard_LOD0","name":"OldPc_Keyboard_LOD0","mesh":"res://assets/generated/urman_modular_kit.glb::ArrayMesh_506l0","roomPosition":"(-9.536743E-07, 0.92499995, -2.3649998)","localBounds":"(-0.575, -0.05, -0.24), (1.15, 0.09587802, 0.48)","roomBounds":"(-0.25875095, 0.9025, -2.4729998), (0.5175, 0.04314506, 0.21600008)","worldTransform":"[X: (0.19215278, 0, -0.4069119), Y: (0, 0.45, 0), Z: (0.4069119, 0, 0.19215278), O: (-31.812363, 1.5191522, -7.033848)]","visible":false,"visibleInTree":false,"distance":0.52153754,"visibilityBegin":0,"visibilityEnd":24,"beginMargin":0,"endMargin":3,"fadeMode":"Self","triangles":2108,"metadata":{"generatedKitVisible":"true","generatedKitCollision":"false","visibilityRange":"0-24m","presentationOwnership":"presentation-only","collisionPolicy":"no physics body; visual mesh only","painterlyMaterial":"plaster"},"visibilityLimit":"tree visibility and configured distance; actual image remains the visual evidence"},{"owner":"/root/Act1NotebookShopSmokeTest/Act1Demo/Main/ZoneHost/Act1ConnectedWorld/babay-abi-house/GeneratedOldPcAct1/OldPc_Keyboard_LOD1","name":"OldPc_Keyboard_LOD1","mesh":"res://assets/generated/urman_modular_kit.glb::ArrayMesh_srht8","roomPosition":"(-9.536743E-07, 0.92499995, -2.3649998)","localBounds":"(-0.575, -0.05, -0.24), (1.15, 0.09587802, 0.48)","roomBounds":"(-0.25875095, 0.9025, -2.4729998), (0.5175, 0.04314506, 0.21600008)","worldTransform":"[X: (0.19215278, 0, -0.4069119), Y: (0, 0.45, 0), Z: (0.4069119, 0, 0.19215278), O: (-31.812363, 1.5191522, -7.033848)]","visible":true,"visibleInTree":true,"distance":0.52153754,"visibilityBegin":0,"visibilityEnd":0,"beginMargin":0,"endMargin":0,"fadeMode":"Self","triangles":1370,"metadata":{"generatedKitVisible":"true","generatedKitCollision":"false","visibilityRange":"18-72m","presentationOwnership":"presentation-only","collisionPolicy":"no physics body; visual mesh only","painterlyMaterial":"plaster"},"visibilityLimit":"tree visibility and configured distance; actual image remains the visual evidence"}],"noInteraction":true,"performanceSample":false},{"check":"household-art-restores-camera-and-all-lod-ranges-without-moving-player-or-changing-progress","status":"pass"},{"check":"repeated-use-refused","status":"pass"},{"check":"save-attained-notebook-and-shop-state","status":"pass"},{"check":"new-session-for-isolation-check","status":"pass"},{"check":"new-session-does-not-inherit-notes-debt-or-placed-tea","status":"pass"},{"check":"new-session-does-not-inherit-heard-or-located-school","status":"pass"},{"check":"load-attained-notebook-and-shop-state","status":"pass"},{"check":"load-preserves-note-debt-and-consumed-versus-held-items","status":"pass"},{"check":"load-preserves-heard-and-actually-read-address","status":"pass"},{"check":"loaded-read-school-written-address-can-be-reread","status":"pass"},{"check":"loaded-read-school-map-draw-input-matches-actual-located-addresses","status":"pass"},{"check":"loaded-read-school-map-house-and-access-require-manual-plate","status":"pass"},{"kind":"notebook-address-map","phase":"loaded-read-school","requestedAddress":"ADR-H031","located":true,"boundLocatedAddresses":["ADR-H031"],"displayedAddressCount":1,"displayedBuildings":["BLD-097503F9AC127C65","BLD-H031"],"displayedAccessPoints":["BLD-H031"]},{"check":"loaded-read-school-paper-map-text-has-no-inherited-offset-shadow-or-dark-outline","status":"pass"},{"check":"loaded-read-school-actual-drawing-shows-located-house-and-context-without-computed-route-or-unearned-name","status":"pass"},{"check":"loaded-map-street-labels-retain-the-same-canonical-road-anchors-after-access-edge-splitting","status":"pass"},{"kind":"notebook-map-stable-street-anchors","phase":"loaded-read-school","before":{"urman":"(33, -28.4)"},"after":{"urman":"(33, -28.4)"}},{"check":"load-does-not-regrant-purchased-or-consumed-item","status":"pass"}],"physicalShopUse":"tea on the existing home tray; batteries and stove are separate checks","humanPlaytime":"not-run","visual":"captured-if-requested"}
userdata guard: original files and permissions restored and verified
