Godot Engine v4.7.1.stable.mono.official.a13da4feb - https://godotengine.org
Metal 4.0 - Forward+ - Using Device #0: Apple - Apple M4 Pro (Apple9)

vehicle-smoke: radio boundary carries fractional offset into the next segment
vehicle-smoke: whole-loop advance still reports a playback boundary
vehicle-smoke: saved radio segment survives input reordering
vehicle-smoke: non-finite playback offsets are rejected
vehicle-smoke: a retired unavailable segment starts the remaining programme at zero instead of copying an unrelated offset
act1-river: ice_slabs=31 blockers=29 road_gap_samples=2 bridge=broken@(15,-85)
village-chimney: /root/VehicleSmokeTest/Act1Demo/Main/ZoneHost/Act1ConnectedWorld/Act1CoreWorldGreybox/Act1AuthoredExteriorKitPresentation/ArrivalAuthoredParcels/ArrivalForwardWestFacade/DwellingFacade_TimberPlaster/DwellingFacade_ChimneyCap_LOD0 top=(-10.2875, 4.7722464, 2.3450005)
village-chimney: /root/VehicleSmokeTest/Act1Demo/Main/ZoneHost/Act1ConnectedWorld/Act1CoreWorldGreybox/Act1AuthoredExteriorKitPresentation/DistantPerimeterParcels/WestArrivalNearParcel/WestArrivalNearFacade/DwellingFacade_TimberPlaster/DwellingFacade_ChimneyCap_LOD0 top=(-19.730013, 3.9641316, 15.965501)
act1-terrain-room-cut: room=/root/VehicleSmokeTest/Act1Demo/Main/ZoneHost/Act1ConnectedWorld/babay-abi-house half=(4, 3.5) affectedTriangles=48 clippedVertices=49980 publishedVertices=49980 physicsVertices=49980 visualAndPhysics=shared-published-faces
act1-apron-room-cut: mesh=/root/VehicleSmokeTest/Act1Demo/Main/ZoneHost/Act1ConnectedWorld/Act1CoreWorldGreybox/AgentBExteriorWorld/AgentB_TerrainRoadKit/URMAN_AgentB_TerrainRoadKit/Apron_BabaiYard affectedTriangles=11 clippedVertices=123 surfaces=1 collision=existing-terrain-owner
act1-south-fence-house-junction: wallX=-33.5880 retainedMembers=13 retiredPostsAndCaps=10 supportedWestWing=2.4920m
act1-drain-bank-conform: mesh=/root/VehicleSmokeTest/Act1Demo/Main/ZoneHost/Act1ConnectedWorld/Act1CoreWorldGreybox/AgentBExteriorWorld/AgentB_TerrainRoadKit/URMAN_AgentB_TerrainRoadKit/BabaiYard_EastFenceSwale originalTriangles=78 affectedTriangles=35 outputTriangles=3543 groundOwner=unchanged
act1-mosque-terrain-cut: affectedTriangles=70 publishedVertices=49980 physicsVertices=49980 sameOwner=true
act1-school-bank-cut: mesh=/root/VehicleSmokeTest/Act1Demo/Main/ZoneHost/Act1ConnectedWorld/Act1CoreWorldGreybox/AgentBExteriorWorld/AgentB_TerrainRoadKit/URMAN_AgentB_TerrainRoadKit/Ditch_FieldBank_EastZirat room=/root/VehicleSmokeTest/Act1Demo/Main/ZoneHost/Act1ConnectedWorld/Act1CoreWorldGreybox/Act1AuthoredExteriorKitPresentation/DistantPerimeterParcels/EastReturnMidParcel/EastReturnMidFacade/PublicInterior_school/MainRoom half=(2.5154998, 2.3804996) affectedTriangles=20 clippedVertices=486 publishedVertices=486 floorY=-0.0049708784 collision=unchanged-existing-terrain-and-timber-floor
act1-council-fence-format: source=urman_village_exterior_kit_Cube_040 vertices=96 normals=96 uv=96 tangents=384 colors=0 uv2=0 lods=0 sourceFormat=536875031 publishedFormat=4119
act1-council-fence-format: source=urman_village_exterior_kit_FenceSegment_RailMiddle_Crooked_LOD0Mesh vertices=48 normals=48 uv=0 tangents=192 colors=0 uv2=0 lods=0 sourceFormat=536875015 publishedFormat=4103
act1-council-fence-format: source=urman_village_exterior_kit_Cube_039 vertices=96 normals=96 uv=96 tangents=384 colors=0 uv2=0 lods=0 sourceFormat=536875031 publishedFormat=4119
act1-council-fence-junction: fence=/root/VehicleSmokeTest/Act1Demo/Main/ZoneHost/Act1ConnectedWorld/Act1CoreWorldGreybox/Act1AuthoredExteriorKitPresentation/DistantPerimeterParcels/EastStreetHorizonParcel/EastStreetHorizonFence wall=/root/VehicleSmokeTest/Act1Demo/Main/ZoneHost/Act1ConnectedWorld/Act1CoreWorldGreybox/Act1AuthoredExteriorKitPresentation/DistantPerimeterParcels/EastStreetHorizonParcel/EastStreetHorizonFacade/VillageParcel_VariantA_TimberGable_Dwelling/VariantA_TimberGable_Dwelling_SeniRear_Wall_LOD0 localCutZ=-4.4 hiddenMembers=4 trimmedRails=3 retainedMembers=8 sourceAsset=unchanged
act1-zirat-fence-source: owner=/root/VehicleSmokeTest/Act1Demo/Main/ZoneHost/Act1ConnectedWorld/Act1CoreWorldGreybox/ConnectiveStreetReturn/ReturnEastParcelFenceRail surfaces=1
act1-zirat-fence-source: owner=/root/VehicleSmokeTest/Act1Demo/Main/ZoneHost/Act1ConnectedWorld/Act1CoreWorldGreybox/ConnectiveStreetReturn/ReturnEastParcelFenceRail rawVertices=144 normals=144 tangents=576 indices=0 expandedVertices=144 format=7 indexed=False primitive=Triangles lods=0 shadow=False failedTerms=
act1-zirat-fence-source: owner=/root/VehicleSmokeTest/Act1Demo/Main/ZoneHost/Act1ConnectedWorld/Act1CoreWorldGreybox/ConnectiveStreetReturn/ReturnEastParcelFenceRail/ReturnEastParcelFenceLowerRail surfaces=1
act1-zirat-fence-source: owner=/root/VehicleSmokeTest/Act1Demo/Main/ZoneHost/Act1ConnectedWorld/Act1CoreWorldGreybox/ConnectiveStreetReturn/ReturnEastParcelFenceRail/ReturnEastParcelFenceLowerRail rawVertices=144 normals=144 tangents=576 indices=0 expandedVertices=144 format=7 indexed=False primitive=Triangles lods=0 shadow=False failedTerms=
act1-zirat-fence-post-source: owner=/root/VehicleSmokeTest/Act1Demo/Main/ZoneHost/Act1ConnectedWorld/Act1CoreWorldGreybox/ConnectiveStreetReturn/ReturnEastParcelFencePost0 meshType=BoxMesh surfaces=1
act1-zirat-fence-post-source: owner=/root/VehicleSmokeTest/Act1Demo/Main/ZoneHost/Act1ConnectedWorld/Act1CoreWorldGreybox/ConnectiveStreetReturn/ReturnEastParcelFencePost1 meshType=BoxMesh surfaces=1
act1-zirat-fence-post-source: owner=/root/VehicleSmokeTest/Act1Demo/Main/ZoneHost/Act1ConnectedWorld/Act1CoreWorldGreybox/ConnectiveStreetReturn/ReturnEastParcelFencePost2 meshType=BoxMesh surfaces=1
act1-zirat-fence-post-source: owner=/root/VehicleSmokeTest/Act1Demo/Main/ZoneHost/Act1ConnectedWorld/Act1CoreWorldGreybox/ConnectiveStreetReturn/ReturnEastParcelFencePost3 meshType=BoxMesh surfaces=1
act1-zirat-fence-post-source: owner=/root/VehicleSmokeTest/Act1Demo/Main/ZoneHost/Act1ConnectedWorld/Act1CoreWorldGreybox/ConnectiveStreetReturn/ReturnEastParcelFencePost4 meshType=BoxMesh surfaces=1
act1-zirat-shed-fence-junction: wall=/root/VehicleSmokeTest/Act1Demo/Main/ZoneHost/Act1ConnectedWorld/Act1CoreWorldGreybox/Act1AuthoredExteriorKitPresentation/ZiratVillageEdgeAuthoredParcels/ZiratVillageEdgeEastShed/OutbuildingShed_Low/OutbuildingShed_Wall_LOD0 attachmentZ=-46.915245 retainedFirstSpans=2 hiddenPost=3 retainedFarPost=4 frontCut=(-0.99987423, 0.015860919, -2.3291499E-07), -14.446598 rearCut=(0.99986124, 0.016654668, 0), 17.218063
act1-roadside-grounding: independent contact meshes=34; source meshes and usable footbridge preserved
act1-kit-blockers: placements=100 shapes=1594 carved_door_slabs=103 flat_slab_skipped=2460 exact_architecture_surfaces=911 hidden_skipped=7 road_clearance_skipped=0
act1-dwelling-threshold: placements=83 worst_analytic_vs_collision_delta=0.028m worst_placement=ArrivalForwardEastShed
act1-building-supports: supported foundations=137; maximum ground drop=1.136m; level entrances preserved
act1-zirat-foundation-contact: owner=/root/VehicleSmokeTest/Act1Demo/Main/ZoneHost/Act1ConnectedWorld/Act1CoreWorldGreybox/Act1AuthoredExteriorKitPresentation/ZiratVillageEdgeAuthoredParcels/ZiratVillageEdgeEastShed/AuthoredKitCollisionProxy/OutbuildingShed_Foundation_LOD0_SurfaceContact source=/root/VehicleSmokeTest/Act1Demo/Main/ZoneHost/Act1ConnectedWorld/Act1CoreWorldGreybox/Act1AuthoredExteriorKitPresentation/ZiratVillageEdgeAuthoredParcels/ZiratVillageEdgeEastShed/OutbuildingShed_Low/OutbuildingShed_Foundation_LOD0 policy=exact-existing-mesh-triangles
act1-council-fence-contacts: retainedSourceContacts=0 hiddenMemberContacts=0 newBodyOwners=0
zone-loaded: village_day@arrival connected-world=109404229616
УРМАН Godot vertical slice ready: Painterly Low-Poly / first person
act1-smoke: background input replay; focus-loss pause isolated from this test scene
act1-window-surrounds: painted=1020
act1-legacy-sign: suppressed=1
zone-loaded: village_day@arrival connected-world=109404229616
SaveGameV3 new game session started; existing slots untouched.
vehicle-smoke: ordinary New Game
act1-intro: confirmed with E
vehicle-smoke: three vehicle instances in the actual connected world
vehicle-smoke: stable unique fleet IDs
vehicle-smoke: ordinary free control after arrival card
vehicle-smoke: babay-niva ordinary authored start needs no parking recovery
vehicle-smoke: babay-niva starts at its authored grounded position
vehicle-smoke: babay-niva initial chassis and actual support are valid
vehicle-smoke: village-motorcycle ordinary authored start needs no parking recovery
vehicle-smoke: village-motorcycle starts at its authored grounded position
vehicle-smoke: village-motorcycle initial chassis and actual support are valid
vehicle-smoke: forest-horse-cart ordinary authored start needs no parking recovery
vehicle-smoke: forest-horse-cart starts at its authored grounded position
vehicle-smoke: forest-horse-cart initial chassis and actual support are valid
vehicle-smoke: vehicle mesh indices refer to actual vertices
vehicle-smoke: vehicle mesh indices refer to actual vertices
vehicle-smoke: vehicle mesh indices refer to actual vertices
vehicle-smoke: vehicle mesh indices refer to actual vertices
vehicle-smoke: vehicle mesh indices refer to actual vertices
vehicle-smoke: vehicle mesh indices refer to actual vertices
vehicle-smoke: vehicle mesh indices refer to actual vertices
vehicle-smoke: vehicle mesh indices refer to actual vertices
vehicle-smoke: vehicle mesh indices refer to actual vertices
vehicle-smoke: vehicle mesh indices refer to actual vertices
vehicle-smoke: vehicle mesh indices refer to actual vertices
vehicle-smoke: vehicle mesh indices refer to actual vertices
vehicle-smoke: vehicle mesh indices refer to actual vertices
vehicle-smoke: vehicle mesh indices refer to actual vertices
vehicle-smoke: vehicle mesh indices refer to actual vertices
vehicle-smoke: vehicle mesh indices refer to actual vertices
vehicle-smoke: vehicle mesh indices refer to actual vertices
vehicle-smoke: vehicle mesh indices refer to actual vertices
vehicle-smoke: vehicle mesh indices refer to actual vertices
vehicle-smoke: vehicle mesh indices refer to actual vertices
vehicle-smoke: vehicle mesh indices refer to actual vertices
vehicle-smoke: vehicle mesh indices refer to actual vertices
vehicle-smoke: vehicle mesh indices refer to actual vertices
vehicle-smoke: vehicle mesh indices refer to actual vertices
vehicle-smoke: vehicle mesh indices refer to actual vertices
vehicle-smoke: vehicle mesh indices refer to actual vertices
vehicle-smoke: vehicle mesh indices refer to actual vertices
vehicle-smoke: vehicle mesh indices refer to actual vertices
vehicle-smoke: vehicle mesh indices refer to actual vertices
vehicle-smoke: vehicle mesh indices refer to actual vertices
vehicle-smoke: vehicle mesh indices refer to actual vertices
vehicle-smoke: vehicle mesh indices refer to actual vertices
vehicle-smoke: vehicle mesh indices refer to actual vertices
vehicle-smoke: vehicle mesh indices refer to actual vertices
vehicle-smoke: vehicle mesh indices refer to actual vertices
vehicle-smoke: vehicle mesh indices refer to actual vertices
vehicle-smoke: vehicle mesh indices refer to actual vertices
vehicle-smoke: vehicle mesh indices refer to actual vertices
vehicle-smoke: vehicle mesh indices refer to actual vertices
vehicle-smoke: vehicle mesh indices refer to actual vertices
vehicle-smoke: vehicle mesh indices refer to actual vertices
vehicle-smoke: vehicle mesh indices refer to actual vertices
vehicle-smoke: vehicle mesh indices refer to actual vertices
vehicle-smoke: vehicle mesh indices refer to actual vertices
vehicle-smoke: vehicle mesh indices refer to actual vertices
vehicle-smoke: vehicle mesh indices refer to actual vertices
vehicle-smoke: vehicle mesh indices refer to actual vertices
vehicle-smoke: vehicle mesh indices refer to actual vertices
vehicle-smoke: vehicle mesh indices refer to actual vertices
vehicle-smoke: vehicle mesh indices refer to actual vertices
vehicle-smoke: all primitive and authored triangles survive batching in Chassis
vehicle-smoke: vehicle mesh indices refer to actual vertices
vehicle-smoke: vehicle mesh indices refer to actual vertices
vehicle-smoke: vehicle mesh indices refer to actual vertices
vehicle-smoke: all primitive and authored triangles survive batching in GaugeFace
vehicle-smoke: vehicle mesh indices refer to actual vertices
vehicle-smoke: vehicle mesh indices refer to actual vertices
vehicle-smoke: all primitive and authored triangles survive batching in NeedleMesh
vehicle-smoke: vehicle mesh indices refer to actual vertices
vehicle-smoke: vehicle mesh indices refer to actual vertices
vehicle-smoke: vehicle mesh indices refer to actual vertices
vehicle-smoke: all primitive and authored triangles survive batching in GaugeFace
vehicle-smoke: vehicle mesh indices refer to actual vertices
vehicle-smoke: vehicle mesh indices refer to actual vertices
vehicle-smoke: all primitive and authored triangles survive batching in NeedleMesh
vehicle-smoke: vehicle mesh indices refer to actual vertices
vehicle-smoke: vehicle mesh indices refer to actual vertices
vehicle-smoke: all primitive and authored triangles survive batching in SteeringRim
vehicle-smoke: vehicle mesh indices refer to actual vertices
vehicle-smoke: vehicle mesh indices refer to actual vertices
vehicle-smoke: vehicle mesh indices refer to actual vertices
vehicle-smoke: vehicle mesh indices refer to actual vertices
vehicle-smoke: vehicle mesh indices refer to actual vertices
vehicle-smoke: vehicle mesh indices refer to actual vertices
vehicle-smoke: all primitive and authored triangles survive batching in RoadWheelMesh
vehicle-smoke: vehicle mesh indices refer to actual vertices
vehicle-smoke: vehicle mesh indices refer to actual vertices
vehicle-smoke: vehicle mesh indices refer to actual vertices
vehicle-smoke: vehicle mesh indices refer to actual vertices
vehicle-smoke: vehicle mesh indices refer to actual vertices
vehicle-smoke: vehicle mesh indices refer to actual vertices
vehicle-smoke: all primitive and authored triangles survive batching in RoadWheelMesh
vehicle-smoke: vehicle mesh indices refer to actual vertices
vehicle-smoke: vehicle mesh indices refer to actual vertices
vehicle-smoke: vehicle mesh indices refer to actual vertices
vehicle-smoke: vehicle mesh indices refer to actual vertices
vehicle-smoke: vehicle mesh indices refer to actual vertices
vehicle-smoke: vehicle mesh indices refer to actual vertices
vehicle-smoke: all primitive and authored triangles survive batching in RoadWheelMesh
vehicle-smoke: vehicle mesh indices refer to actual vertices
vehicle-smoke: vehicle mesh indices refer to actual vertices
vehicle-smoke: vehicle mesh indices refer to actual vertices
vehicle-smoke: vehicle mesh indices refer to actual vertices
vehicle-smoke: vehicle mesh indices refer to actual vertices
vehicle-smoke: vehicle mesh indices refer to actual vertices
vehicle-smoke: all primitive and authored triangles survive batching in RoadWheelMesh
vehicle-smoke: complete body, wheels and authored surfaces for babay-niva
vehicle-smoke: generated vehicle body fits its retained outer envelope with separately proven ground-conforming hooves for babay-niva; visual (-0.895, -0.003000021, -2.029)..(0.895, 1.694, 1.9909999), hull (-0.92200005, -0.012, -2.087)..(0.92200005, 1.732, 2.137)
vehicle-smoke: Niva parking is checked against Rinat's actual ordinary village stage
vehicle-smoke: Rinat parking has finite posed vertices for CouncilWitness_Body_LOD0
vehicle-smoke: Rinat parking has finite posed vertices for CouncilWitness_Body_LOD1
vehicle-smoke: Rinat parking has finite posed vertices for CouncilWitness_BootLeft_LOD0
vehicle-smoke: Rinat parking has finite posed vertices for CouncilWitness_BootLeft_LOD1
vehicle-smoke: Rinat parking has finite posed vertices for CouncilWitness_BootRight_LOD0
vehicle-smoke: Rinat parking has finite posed vertices for CouncilWitness_BootRight_LOD1
vehicle-smoke: Rinat parking has finite posed vertices for CouncilWitness_CoatFrontPlacket_LOD0
vehicle-smoke: Rinat parking has finite posed vertices for CouncilWitness_CoatFrontPlacket_LOD1
vehicle-smoke: Rinat parking has finite posed vertices for CouncilWitness_CoatHem_LOD0
vehicle-smoke: Rinat parking has finite posed vertices for CouncilWitness_CoatHem_LOD1
vehicle-smoke: Rinat parking has finite posed vertices for CouncilWitness_EarL_LOD0
vehicle-smoke: Rinat parking has finite posed vertices for CouncilWitness_EarL_LOD1
vehicle-smoke: Rinat parking has finite posed vertices for CouncilWitness_EarR_LOD0
vehicle-smoke: Rinat parking has finite posed vertices for CouncilWitness_EarR_LOD1
vehicle-smoke: Rinat parking has finite posed vertices for CouncilWitness_FaceBrows_LOD0
vehicle-smoke: Rinat parking has finite posed vertices for CouncilWitness_FaceBrows_LOD1
vehicle-smoke: Rinat parking has finite posed vertices for CouncilWitness_FaceEyeIrisL_LOD0
vehicle-smoke: Rinat parking has finite posed vertices for CouncilWitness_FaceEyeIrisL_LOD1
vehicle-smoke: Rinat parking has finite posed vertices for CouncilWitness_FaceEyeIrisR_LOD0
vehicle-smoke: Rinat parking has finite posed vertices for CouncilWitness_FaceEyeIrisR_LOD1
vehicle-smoke: Rinat parking has finite posed vertices for CouncilWitness_FaceEyes_LOD0
vehicle-smoke: Rinat parking has finite posed vertices for CouncilWitness_FaceEyes_LOD1
vehicle-smoke: Rinat parking has finite posed vertices for CouncilWitness_FaceEyeWhiteL_LOD0
vehicle-smoke: Rinat parking has finite posed vertices for CouncilWitness_FaceEyeWhiteL_LOD1
vehicle-smoke: Rinat parking has finite posed vertices for CouncilWitness_FaceEyeWhiteR_LOD0
vehicle-smoke: Rinat parking has finite posed vertices for CouncilWitness_FaceEyeWhiteR_LOD1
vehicle-smoke: Rinat parking has finite posed vertices for CouncilWitness_FaceMouthLine_LOD0
vehicle-smoke: Rinat parking has finite posed vertices for CouncilWitness_FaceMouthLine_LOD1
vehicle-smoke: Rinat parking has finite posed vertices for CouncilWitness_FaceNoseBridge_LOD0
vehicle-smoke: Rinat parking has finite posed vertices for CouncilWitness_FaceNoseBridge_LOD1
vehicle-smoke: Rinat parking has finite posed vertices for CouncilWitness_FaceNoseTip_LOD0
vehicle-smoke: Rinat parking has finite posed vertices for CouncilWitness_FaceNoseTip_LOD1
vehicle-smoke: Rinat parking has finite posed vertices for CouncilWitness_Hair_LOD0
vehicle-smoke: Rinat parking has finite posed vertices for CouncilWitness_Hair_LOD1
vehicle-smoke: Rinat parking has finite posed vertices for CouncilWitness_Head_LOD0
vehicle-smoke: Rinat parking has finite posed vertices for CouncilWitness_Head_LOD1
vehicle-smoke: Rinat parking has finite posed vertices for CouncilWitness_HeadHandLeft_LOD0
vehicle-smoke: Rinat parking has finite posed vertices for CouncilWitness_HeadHandLeft_LOD1
vehicle-smoke: Rinat parking has finite posed vertices for CouncilWitness_HeadHandRight_LOD0
vehicle-smoke: Rinat parking has finite posed vertices for CouncilWitness_HeadHandRight_LOD1
vehicle-smoke: Rinat parking has finite posed vertices for CouncilWitness_HeadHandThumbLeft_LOD0
vehicle-smoke: Rinat parking has finite posed vertices for CouncilWitness_HeadHandThumbLeft_LOD1
vehicle-smoke: Rinat parking has finite posed vertices for CouncilWitness_HeadHandThumbRight_LOD0
vehicle-smoke: Rinat parking has finite posed vertices for CouncilWitness_HeadHandThumbRight_LOD1
vehicle-smoke: Rinat parking has finite posed vertices for CouncilWitness_ScarfBand_LOD0
vehicle-smoke: Rinat parking has finite posed vertices for CouncilWitness_ScarfBand_LOD1
vehicle-smoke: Rinat parking has finite posed vertices for CouncilWitness_ShoulderCuffLeft_LOD0
vehicle-smoke: Rinat parking has finite posed vertices for CouncilWitness_ShoulderCuffLeft_LOD1
vehicle-smoke: Rinat parking has finite posed vertices for CouncilWitness_ShoulderCuffRight_LOD0
vehicle-smoke: Rinat parking has finite posed vertices for CouncilWitness_ShoulderCuffRight_LOD1
vehicle-smoke: Rinat parking has finite posed vertices for CouncilWitness_SleeveLeft_LOD0
vehicle-smoke: Rinat parking has finite posed vertices for CouncilWitness_SleeveLeft_LOD1
vehicle-smoke: Rinat parking has finite posed vertices for CouncilWitness_SleeveRight_LOD0
vehicle-smoke: Rinat parking has finite posed vertices for CouncilWitness_SleeveRight_LOD1
vehicle-smoke: Rinat parking has finite posed vertices for CouncilWitness_TrouserLeft_LOD0
vehicle-smoke: Rinat parking has finite posed vertices for CouncilWitness_TrouserLeft_LOD1
vehicle-smoke: Rinat parking has finite posed vertices for CouncilWitness_TrouserRight_LOD0
vehicle-smoke: Rinat parking has finite posed vertices for CouncilWitness_TrouserRight_LOD1
vehicle-smoke: Rinat clearance uses actual visible actor meshes
vehicle-smoke: Rinat posed bounds surround his actual actor anchor, not the imported character bank
vehicle-smoke: authored Niva parking clears the existing Rinat posed presentation bounds
vehicle-smoke: babay-niva enters through the actual ray and mapped action
vehicle-smoke: vehicle camera owns the view
vehicle-smoke: parked start keeps ignition off
vehicle-smoke: vehicle mouse proof uses a native window
vehicle-smoke: vehicle mouse proof uses the actual requested window size (1280, 720)
vehicle-smoke: vehicle mouse proof owns active captured input outside modal UI
vehicle-smoke: one injected physical motion reaches the actual vehicle input pipeline without another motion cancelling it
vehicle-smoke: vehicle camera publishes the accepted mouse angle after event delivery
vehicle-smoke: captured vehicle camera keeps physical mouse sensitivity at (1280, 720)
vehicle-smoke: vehicle mouse proof uses the actual requested window size (1920, 1080)
vehicle-smoke: vehicle mouse proof owns active captured input outside modal UI
vehicle-smoke: one injected physical motion reaches the actual vehicle input pipeline without another motion cancelling it
vehicle-smoke: vehicle camera publishes the accepted mouse angle after event delivery
vehicle-smoke: captured vehicle camera keeps physical mouse sensitivity at (1920, 1080)
vehicle-smoke: actual viewport transforms Relative differently while preserving physical screen motion
vehicle-smoke: vehicle physical mouse turn agrees at both actual window sizes
vehicle-smoke: vehicle mouse proof restores the driver's accepted view through ordinary input
vehicle-smoke: wheel proof starts in the ordinarily entered parked Niva
vehicle-smoke: wheel repair retains the authored Niva chassis dimensions
vehicle-smoke: two front tyre shapes share the existing chassis body
vehicle-smoke: actual front-wheel model bindings are available to the union audit
vehicle-smoke: real tyre, rim and tread vertices fit the chassis-plus-wheel volume at the checked angles and phases
vehicle-smoke: actual turned geometry retains its authored track and protrusion beyond the old hull
vehicle-smoke: straight wheels and chassis clear the actual 40mm post
vehicle-smoke: full lock would hit the post with the tyre while the unchanged chassis is clear
vehicle-smoke: ordinary steering stops before the real post at rest
vehicle-smoke: blocked steering does not displace the parked vehicle sideways
vehicle-smoke: accepted wheel pose has no full-shape overlap with the post
vehicle-smoke: steering refusal names the actual post owner
vehicle-smoke: actual front-wheel model bindings are available to the union audit
vehicle-smoke: real tyre, rim and tread vertices fit the chassis-plus-wheel volume at the checked angles and phases
vehicle-smoke: ordinary opposite steering leaves the obstruction without ignoring it
vehicle-smoke: move_left reaches full lock after the post is removed
vehicle-smoke: physical wheel rolling direction agrees with the ordinary steering action
vehicle-smoke: actual front-wheel model bindings are available to the union audit
vehicle-smoke: real tyre, rim and tread vertices fit the chassis-plus-wheel volume at the checked angles and phases
vehicle-smoke: move_right reaches full lock after the post is removed
vehicle-smoke: physical wheel rolling direction agrees with the ordinary steering action
vehicle-smoke: actual front-wheel model bindings are available to the union audit
vehicle-smoke: real tyre, rim and tread vertices fit the chassis-plus-wheel volume at the checked angles and phases
SaveGameV3 written to /Users/unterlantas/Library/Application Support/Godot/app_userdata/URMAN/savegames/vehicle-smoke-niva-wheel-steering.savegame-v3.json
vehicle-smoke: existing snapshot saves the physical steering angle
zone-loaded: village_day@arrival connected-world=109404229616
SaveGameV3 restored.
vehicle-smoke: ordinary occupied load restores the steering snapshot
vehicle-smoke: held input cannot alter the restored steering angle before neutral release
vehicle-smoke: saved steering restores both tyre colliders and visible wheels together
vehicle-smoke: changed saved obstacle occupies only the turned tyre region
zone-loaded: village_day@arrival connected-world=109404229616
SaveGameV3 restored.
vehicle-smoke: existing parking recovery handles a saved tyre obstruction
vehicle-smoke: saved-placement rejection includes the actual tyre shape
vehicle-smoke: parking recovery checks and commits straight wheels at a physically clear candidate
zone-loaded: village_day@arrival connected-world=109404229616
SaveGameV3 restored.
vehicle-smoke: the same unmodified snapshot loads after removal of the tyre obstacle
vehicle-smoke: removing the obstacle restores the original saved angle and possession
vehicle-smoke: steering migration fixture starts from an ordinary safe exit
vehicle-smoke: legacy version1 vehicle record without steering remains readable
vehicle-smoke: legacy steering defaults to zero in the physical forms
vehicle-smoke: out-of-range steering rejects the record before mutation
vehicle-smoke: rejected steering leaves the complete vehicle record unchanged
zone-loaded: village_day@arrival connected-world=109404229616
SaveGameV3 restored.
vehicle-smoke: ordinary snapshot restores possession after the explicit migration fixture
vehicle-smoke: wheel fixture returns to the original parked controls without a second state owner
vehicle-smoke: context engine/horse action starts and releases parking
vehicle-smoke: vehicle has a marked physical speedometer with its actual needle
vehicle-smoke: mapped headlights work
vehicle-smoke: radio programme has an advancing saved playhead
vehicle-smoke: licensed speech preview has an explicit playback contract distinct from recorded approval
vehicle-smoke: preview playback rejects wrong origin, acceptance, licence, absent provenance and synthetic music
vehicle-smoke: recorded segments, declared repeats, synthetic previews and missing station audio remain separately accounted
vehicle-smoke: declared archive repeat uses the same approved recording bytes and provenance
vehicle-smoke: recording repeats reject byte substitution and cyclic source IDs
vehicle-smoke: delivered station bytes match their provenance digest: avyl-ident
vehicle-smoke: delivered station recording decodes with its actual timeline length
vehicle-smoke: delivered station bytes match their provenance digest: winter-weather
vehicle-smoke: delivered station recording decodes with its actual timeline length
vehicle-smoke: delivered station bytes match their provenance digest: school-bus
vehicle-smoke: delivered station recording decodes with its actual timeline length
vehicle-smoke: delivered station bytes match their provenance digest: music-one
vehicle-smoke: delivered station recording decodes with its actual timeline length
vehicle-smoke: delivered station bytes match their provenance digest: family-salam
vehicle-smoke: delivered station recording decodes with its actual timeline length
vehicle-smoke: delivered station bytes match their provenance digest: village-photos
vehicle-smoke: delivered station recording decodes with its actual timeline length
vehicle-smoke: delivered station bytes match their provenance digest: nearby-villages
vehicle-smoke: delivered station recording decodes with its actual timeline length
vehicle-smoke: delivered station bytes match their provenance digest: local-workshop
vehicle-smoke: delivered station recording decodes with its actual timeline length
vehicle-smoke: delivered station bytes match their provenance digest: winter-congratulations
vehicle-smoke: delivered station recording decodes with its actual timeline length
vehicle-smoke: delivered station bytes match their provenance digest: music-two
vehicle-smoke: delivered station recording decodes with its actual timeline length
vehicle-smoke: delivered station bytes match their provenance digest: lost-glove
vehicle-smoke: delivered station recording decodes with its actual timeline length
vehicle-smoke: delivered station bytes match their provenance digest: night-repeat
vehicle-smoke: delivered station recording decodes with its actual timeline length
vehicle-smoke: turning on the radio selects an actual recording without waiting through pending scripts
vehicle-smoke: the actual delivered programme starts native audio immediately
vehicle-smoke: actual delivered audio seeks and follows its saved segment position
vehicle-smoke: the delivered recording crosses its real end into the available programme
vehicle-smoke: CC0 radio fixture matches its recorded provenance hash: res://assets/audio/village_arrival.wav
vehicle-smoke: CC0 radio fixture matches its recorded provenance hash: res://assets/audio/village_yard.wav
vehicle-smoke: CC0 playback fixtures contain real decoded samples
vehicle-smoke: radio fixture starts outside an authored voice cue
vehicle-smoke: radio speakers use the existing ambience bus
vehicle-smoke: native radio starts at the restored sample position
vehicle-smoke: saved programme offset and real native stream cursor agree after seek
vehicle-smoke: radio pause freezes both the mixer cursor and saved timeline
vehicle-smoke: radio resumes the paused native stream
vehicle-smoke: radio volume changes the local source gain
vehicle-smoke: radio off stops both real sources
vehicle-smoke: radio off preserves its saved position
vehicle-smoke: saved radio power and position restart real playback
vehicle-smoke: radio restore retains both native seek and volume
vehicle-smoke: one ambience owner supplies the voice duck effect
vehicle-smoke: the actual cue applies one minus-six-decibel ambience bus effect
vehicle-smoke: voice duck preserves radio local gain and the user's bus volume
vehicle-smoke: ending the cue releases the actual bus effect
vehicle-smoke: EOF transition starts from the first real recording
vehicle-smoke: the native file boundary selects the next recording and preserves fractional time
vehicle-smoke: recording transition has no sustained loss of both native players
vehicle-smoke: radio fixtures preserve the ambience owner's shared resource loop settings
vehicle-smoke: moving-wheel proof uses ordinary running controls
vehicle-smoke: moving-wheel proof starts with real full steering lock
vehicle-smoke: moving-wheel fixture begins with a clear full vehicle volume
vehicle-smoke: the predicted short path isolates tyre contact from chassis contact
vehicle-smoke: ordinary throttle produces an actual MoveAndSlide tyre-versus-post contact
vehicle-smoke: contact follows real vehicle movement rather than an overlapped fixture start
vehicle-smoke: right-steering wheel contact follows an actual right turn of the chassis
vehicle-smoke: the chassis is still clear at the actual tyre contact
vehicle-smoke: actual front-wheel model bindings are available to the union audit
vehicle-smoke: real tyre, rim and tread vertices fit the chassis-plus-wheel volume at the checked angles and phases
vehicle-smoke: ordinary reverse safely leaves the tyre contact with the post still present
vehicle-smoke: reversing leaves the complete physical volume clear of the post
vehicle-smoke: movement proof ends with actual terrain support and clear shapes
vehicle-smoke: ordinary throttle moves babay-niva
vehicle-smoke: physical speedometer needle follows real vehicle speed
vehicle-smoke: the actual full chassis can steer on the village road
vehicle-smoke: moving exit is refused without changing possession
vehicle-smoke: parking brake stops babay-niva
vehicle-smoke: reverse starts from rest through the ordinary controls
vehicle-smoke: ignition/horse command stops the power state
vehicle-smoke: ignition check releases the parking brake
vehicle-smoke: throttle does not move a stopped engine or halted horse
vehicle-smoke: parking and ignition remain separate after restart
vehicle-smoke: pause resume does not leak held activation or throttle into babay-niva
SaveGameV3 written to /Users/unterlantas/Library/Application Support/Godot/app_userdata/URMAN/savegames/vehicle-smoke-babay-niva.savegame-v3.json
vehicle-smoke: one existing SaveGameV3 saves babay-niva
vehicle-smoke: fleet is in the existing world.props state
vehicle-smoke: two actual blocked door exits preserve driver state
vehicle-smoke: thin fences overlapping sweep origins reject exit even with clear endpoints
vehicle-smoke: unblocked stationary exit succeeds
vehicle-smoke: standing body and first-person camera return
vehicle-smoke: exit restores a physically clear standing capsule
zone-loaded: village_day@arrival connected-world=109404229616
SaveGameV3 restored.
vehicle-smoke: occupied save reloads through RuntimeBridge
vehicle-smoke: saved possession restores without a duplicate actor
vehicle-smoke: parked transform survives save and load
vehicle-smoke: ignition and parking state survive load
vehicle-smoke: radio resumes at the saved segment position
vehicle-smoke: loaded vehicle can be exited
zone-loaded: village_day@arrival connected-world=109404229616
SaveGameV3 restored.
vehicle-smoke: existing snapshot loads with a changed parking obstacle
vehicle-smoke: a saved chassis inside a new obstacle recovers to checked parking
vehicle-smoke: recovered parked vehicle retains one driver after load
vehicle-smoke: parking repair preserves saved ignition, lights and radio power
vehicle-smoke: recovered parking has a safe physical exit
zone-loaded: village_day@arrival connected-world=109404229616
SaveGameV3 restored.
vehicle-smoke: blocked vehicle save restores the person to checked standing ground
vehicle-smoke: all five blocked authored parking candidates leave a persistent placement gate
vehicle-smoke: rejected occupied parking releases possession exactly once
vehicle-smoke: rejected occupied parking places the real full player capsule clear of obstacles
vehicle-smoke: both restored and ordinary entry reject an unavailable chassis
vehicle-smoke: parking rejection preserves ignition, lights, radio and accumulated travel
vehicle-smoke: removing the actual obstruction restores ordinary entry without recreating the vehicle
vehicle-smoke: revalidated vehicle has a safe ordinary exit
vehicle-smoke: vehicle mesh indices refer to actual vertices
vehicle-smoke: vehicle mesh indices refer to actual vertices
vehicle-smoke: vehicle mesh indices refer to actual vertices
vehicle-smoke: vehicle mesh indices refer to actual vertices
vehicle-smoke: vehicle mesh indices refer to actual vertices
vehicle-smoke: vehicle mesh indices refer to actual vertices
vehicle-smoke: vehicle mesh indices refer to actual vertices
vehicle-smoke: vehicle mesh indices refer to actual vertices
vehicle-smoke: vehicle mesh indices refer to actual vertices
vehicle-smoke: vehicle mesh indices refer to actual vertices
vehicle-smoke: vehicle mesh indices refer to actual vertices
vehicle-smoke: vehicle mesh indices refer to actual vertices
vehicle-smoke: vehicle mesh indices refer to actual vertices
vehicle-smoke: vehicle mesh indices refer to actual vertices
vehicle-smoke: vehicle mesh indices refer to actual vertices
vehicle-smoke: vehicle mesh indices refer to actual vertices
vehicle-smoke: vehicle mesh indices refer to actual vertices
vehicle-smoke: vehicle mesh indices refer to actual vertices
vehicle-smoke: vehicle mesh indices refer to actual vertices
vehicle-smoke: vehicle mesh indices refer to actual vertices
vehicle-smoke: vehicle mesh indices refer to actual vertices
vehicle-smoke: vehicle mesh indices refer to actual vertices
vehicle-smoke: vehicle mesh indices refer to actual vertices
vehicle-smoke: vehicle mesh indices refer to actual vertices
vehicle-smoke: vehicle mesh indices refer to actual vertices
vehicle-smoke: vehicle mesh indices refer to actual vertices
vehicle-smoke: vehicle mesh indices refer to actual vertices
vehicle-smoke: vehicle mesh indices refer to actual vertices
vehicle-smoke: vehicle mesh indices refer to actual vertices
vehicle-smoke: vehicle mesh indices refer to actual vertices
vehicle-smoke: vehicle mesh indices refer to actual vertices
vehicle-smoke: vehicle mesh indices refer to actual vertices
vehicle-smoke: vehicle mesh indices refer to actual vertices
vehicle-smoke: all primitive and authored triangles survive batching in MotorcycleFrame
vehicle-smoke: vehicle mesh indices refer to actual vertices
vehicle-smoke: vehicle mesh indices refer to actual vertices
vehicle-smoke: vehicle mesh indices refer to actual vertices
vehicle-smoke: all primitive and authored triangles survive batching in GaugeFace
vehicle-smoke: vehicle mesh indices refer to actual vertices
vehicle-smoke: vehicle mesh indices refer to actual vertices
vehicle-smoke: all primitive and authored triangles survive batching in NeedleMesh
vehicle-smoke: vehicle mesh indices refer to actual vertices
vehicle-smoke: vehicle mesh indices refer to actual vertices
vehicle-smoke: vehicle mesh indices refer to actual vertices
vehicle-smoke: vehicle mesh indices refer to actual vertices
vehicle-smoke: vehicle mesh indices refer to actual vertices
vehicle-smoke: all primitive and authored triangles survive batching in RoadWheelMesh
vehicle-smoke: vehicle mesh indices refer to actual vertices
vehicle-smoke: vehicle mesh indices refer to actual vertices
vehicle-smoke: vehicle mesh indices refer to actual vertices
vehicle-smoke: vehicle mesh indices refer to actual vertices
vehicle-smoke: vehicle mesh indices refer to actual vertices
vehicle-smoke: all primitive and authored triangles survive batching in RoadWheelMesh
vehicle-smoke: complete body, wheels and authored surfaces for village-motorcycle
vehicle-smoke: generated vehicle body fits its retained outer envelope with separately proven ground-conforming hooves for village-motorcycle; visual (-0.4482723, -0.003000021, -1.1281773)..(0.4482723, 1.4749999, 1.0669711), hull (-0.512, -0.012, -1.142)..(0.512, 1.5519999, 1.122)
vehicle-smoke: village-motorcycle actual non-hoof mesh lies in the physical union at full-fleet-parking
vehicle-smoke: only four articulated hoof meshes are checked by their existing support proof
vehicle-smoke: all actual current hoof vertices lie in their articulated query volumes
vehicle-smoke: every native shape and each declared articulated hoof query participates in the query union
vehicle-smoke: every real motorcycle wheel or cart-wheel/hoof support group is required
vehicle-smoke: support point follows the actual applied convex bottom: RearWheelCollision
vehicle-smoke: support point follows the actual applied convex bottom: FrontWheelCollision
vehicle-smoke: village-motorcycle enters through the actual ray and mapped action
vehicle-smoke: vehicle camera owns the view
vehicle-smoke: parked start keeps ignition off
vehicle-smoke: context engine/horse action starts and releases parking
vehicle-smoke: vehicle has a marked physical speedometer with its actual needle
vehicle-smoke: mapped headlights work
vehicle-smoke: ordinary throttle moves village-motorcycle
vehicle-smoke: physical speedometer needle follows real vehicle speed
vehicle-smoke: the actual full chassis can steer on the village road
vehicle-smoke: moving exit is refused without changing possession
vehicle-smoke: parking brake stops village-motorcycle
vehicle-smoke: reverse starts from rest through the ordinary controls
vehicle-smoke: ignition/horse command stops the power state
vehicle-smoke: ignition check releases the parking brake
vehicle-smoke: throttle does not move a stopped engine or halted horse
vehicle-smoke: parking and ignition remain separate after restart
vehicle-smoke: pause resume does not leak held activation or throttle into village-motorcycle
SaveGameV3 written to /Users/unterlantas/Library/Application Support/Godot/app_userdata/URMAN/savegames/vehicle-smoke-village-motorcycle.savegame-v3.json
vehicle-smoke: one existing SaveGameV3 saves village-motorcycle
vehicle-smoke: fleet is in the existing world.props state
vehicle-smoke: two actual blocked door exits preserve driver state
vehicle-smoke: thin fences overlapping sweep origins reject exit even with clear endpoints
vehicle-smoke: unblocked stationary exit succeeds
vehicle-smoke: standing body and first-person camera return
vehicle-smoke: exit restores a physically clear standing capsule
zone-loaded: village_day@arrival connected-world=109404229616
SaveGameV3 restored.
vehicle-smoke: occupied save reloads through RuntimeBridge
vehicle-smoke: saved possession restores without a duplicate actor
vehicle-smoke: parked transform survives save and load
vehicle-smoke: ignition and parking state survive load
vehicle-smoke: loaded vehicle can be exited
zone-loaded: village_day@arrival connected-world=109404229616
SaveGameV3 restored.
vehicle-smoke: existing snapshot loads with a changed parking obstacle
vehicle-smoke: a saved chassis inside a new obstacle recovers to checked parking
vehicle-smoke: recovered parked vehicle retains one driver after load
vehicle-smoke: parking repair preserves saved ignition, lights and radio power
vehicle-smoke: recovered parking has a safe physical exit
zone-loaded: village_day@arrival connected-world=109404229616
SaveGameV3 restored.
vehicle-smoke: blocked vehicle save restores the person to checked standing ground
vehicle-smoke: all five blocked authored parking candidates leave a persistent placement gate
vehicle-smoke: rejected occupied parking releases possession exactly once
vehicle-smoke: rejected occupied parking places the real full player capsule clear of obstacles
vehicle-smoke: both restored and ordinary entry reject an unavailable chassis
vehicle-smoke: parking rejection preserves ignition, lights, radio and accumulated travel
vehicle-smoke: removing the actual obstruction restores ordinary entry without recreating the vehicle
vehicle-smoke: revalidated vehicle has a safe ordinary exit
vehicle-smoke: vehicle mesh indices refer to actual vertices
vehicle-smoke: vehicle mesh indices refer to actual vertices
vehicle-smoke: vehicle mesh indices refer to actual vertices
vehicle-smoke: vehicle mesh indices refer to actual vertices
vehicle-smoke: vehicle mesh indices refer to actual vertices
vehicle-smoke: vehicle mesh indices refer to actual vertices
vehicle-smoke: vehicle mesh indices refer to actual vertices
vehicle-smoke: vehicle mesh indices refer to actual vertices
vehicle-smoke: vehicle mesh indices refer to actual vertices
vehicle-smoke: all primitive and authored triangles survive batching in CartAndHarness
vehicle-smoke: vehicle mesh indices refer to actual vertices
vehicle-smoke: vehicle mesh indices refer to actual vertices
vehicle-smoke: vehicle mesh indices refer to actual vertices
vehicle-smoke: vehicle mesh indices refer to actual vertices
vehicle-smoke: vehicle mesh indices refer to actual vertices
vehicle-smoke: vehicle mesh indices refer to actual vertices
vehicle-smoke: all primitive and authored triangles survive batching in CartDriverBody
vehicle-smoke: vehicle mesh indices refer to actual vertices
vehicle-smoke: vehicle mesh indices refer to actual vertices
vehicle-smoke: vehicle mesh indices refer to actual vertices
vehicle-smoke: vehicle mesh indices refer to actual vertices
vehicle-smoke: vehicle mesh indices refer to actual vertices
vehicle-smoke: vehicle mesh indices refer to actual vertices
vehicle-smoke: all primitive and authored triangles survive batching in HorseBody
vehicle-smoke: vehicle mesh indices refer to actual vertices
vehicle-smoke: vehicle mesh indices refer to actual vertices
vehicle-smoke: vehicle mesh indices refer to actual vertices
vehicle-smoke: vehicle mesh indices refer to actual vertices
vehicle-smoke: vehicle mesh indices refer to actual vertices
vehicle-smoke: vehicle mesh indices refer to actual vertices
vehicle-smoke: vehicle mesh indices refer to actual vertices
vehicle-smoke: all primitive and authored triangles survive batching in HeadMesh
vehicle-smoke: vehicle mesh indices refer to actual vertices
vehicle-smoke: all primitive and authored triangles survive batching in ForearmAndKnee
vehicle-smoke: vehicle mesh indices refer to actual vertices
vehicle-smoke: all primitive and authored triangles survive batching in CannonAndFetlock
vehicle-smoke: vehicle mesh indices refer to actual vertices
vehicle-smoke: all primitive and authored triangles survive batching in HoofWallAndSole
vehicle-smoke: vehicle mesh indices refer to actual vertices
vehicle-smoke: all primitive and authored triangles survive batching in ThighAndHock
vehicle-smoke: vehicle mesh indices refer to actual vertices
vehicle-smoke: all primitive and authored triangles survive batching in CannonAndFetlock
vehicle-smoke: vehicle mesh indices refer to actual vertices
vehicle-smoke: all primitive and authored triangles survive batching in HoofWallAndSole
vehicle-smoke: vehicle mesh indices refer to actual vertices
vehicle-smoke: all primitive and authored triangles survive batching in ForearmAndKnee
vehicle-smoke: vehicle mesh indices refer to actual vertices
vehicle-smoke: all primitive and authored triangles survive batching in CannonAndFetlock
vehicle-smoke: vehicle mesh indices refer to actual vertices
vehicle-smoke: all primitive and authored triangles survive batching in HoofWallAndSole
vehicle-smoke: vehicle mesh indices refer to actual vertices
vehicle-smoke: all primitive and authored triangles survive batching in ThighAndHock
vehicle-smoke: vehicle mesh indices refer to actual vertices
vehicle-smoke: all primitive and authored triangles survive batching in CannonAndFetlock
vehicle-smoke: vehicle mesh indices refer to actual vertices
vehicle-smoke: all primitive and authored triangles survive batching in HoofWallAndSole
vehicle-smoke: vehicle mesh indices refer to actual vertices
vehicle-smoke: all primitive and authored triangles survive batching in ReinLeather
vehicle-smoke: vehicle mesh indices refer to actual vertices
vehicle-smoke: all primitive and authored triangles survive batching in ReinLeather
vehicle-smoke: vehicle mesh indices refer to actual vertices
vehicle-smoke: vehicle mesh indices refer to actual vertices
vehicle-smoke: vehicle mesh indices refer to actual vertices
vehicle-smoke: vehicle mesh indices refer to actual vertices
vehicle-smoke: all primitive and authored triangles survive batching in WheelMesh
vehicle-smoke: vehicle mesh indices refer to actual vertices
vehicle-smoke: vehicle mesh indices refer to actual vertices
vehicle-smoke: vehicle mesh indices refer to actual vertices
vehicle-smoke: vehicle mesh indices refer to actual vertices
vehicle-smoke: all primitive and authored triangles survive batching in WheelMesh
vehicle-smoke: vehicle mesh indices refer to actual vertices
vehicle-smoke: vehicle mesh indices refer to actual vertices
vehicle-smoke: vehicle mesh indices refer to actual vertices
vehicle-smoke: vehicle mesh indices refer to actual vertices
vehicle-smoke: all primitive and authored triangles survive batching in WheelMesh
vehicle-smoke: vehicle mesh indices refer to actual vertices
vehicle-smoke: vehicle mesh indices refer to actual vertices
vehicle-smoke: vehicle mesh indices refer to actual vertices
vehicle-smoke: vehicle mesh indices refer to actual vertices
vehicle-smoke: all primitive and authored triangles survive batching in WheelMesh
vehicle-smoke: complete body, wheels and authored surfaces for forest-horse-cart
vehicle-smoke: occupied-cart driver figure exists as presentation-only geometry for forest-horse-cart
vehicle-smoke: occupied-cart driver figure keeps its authored triangles for forest-horse-cart
vehicle-smoke: occupied-cart driver figure owns no physics or save state for forest-horse-cart
vehicle-smoke: all four ground-conforming hoof meshes have actual full-footprint support
vehicle-smoke: generated vehicle body fits its retained outer envelope with separately proven ground-conforming hooves for forest-horse-cart; visual (-0.82, -0.064913616, -2.9511867)..(0.82, 2.357196, 2.3199995), hull (-0.912, -0.012, -3.4020002)..(0.912, 2.4620001, 2.4020002)
vehicle-smoke: forest-horse-cart actual non-hoof mesh lies in the physical union at full-fleet-parking
vehicle-smoke: only four articulated hoof meshes are checked by their existing support proof
vehicle-smoke: all actual current hoof vertices lie in their articulated query volumes
vehicle-smoke: every native shape and each declared articulated hoof query participates in the query union
vehicle-smoke: every real motorcycle wheel or cart-wheel/hoof support group is required
vehicle-smoke: current articulated query covers every actual supported sole vertex: fore-hoof-0/0
vehicle-smoke: current articulated query covers every actual supported sole vertex: fore-hoof-0/1
vehicle-smoke: current articulated query covers every actual supported sole vertex: fore-hoof-0/2
vehicle-smoke: current articulated query covers every actual supported sole vertex: fore-hoof-0/3
vehicle-smoke: current articulated query covers every actual supported sole vertex: fore-hoof-0/4
vehicle-smoke: current articulated query covers every actual supported sole vertex: fore-hoof-0/5
vehicle-smoke: current articulated query covers every actual supported sole vertex: fore-hoof-0/6
vehicle-smoke: current articulated query covers every actual supported sole vertex: fore-hoof-0/7
vehicle-smoke: current articulated query covers every actual supported sole vertex: fore-hoof-0/8
vehicle-smoke: current articulated query covers every actual supported sole vertex: fore-hoof-0/9
vehicle-smoke: current articulated query covers every actual supported sole vertex: fore-hoof-0/10
vehicle-smoke: current articulated query covers every actual supported sole vertex: fore-hoof-0/11
vehicle-smoke: current articulated query covers every actual supported sole vertex: fore-hoof-0/12
vehicle-smoke: current articulated query covers every actual supported sole vertex: fore-hoof-0/13
vehicle-smoke: current articulated query covers every actual supported sole vertex: fore-hoof-0/14
vehicle-smoke: current articulated query covers every actual supported sole vertex: fore-hoof-0/15
vehicle-smoke: current articulated query covers every actual supported sole vertex: hind-hoof-1/0
vehicle-smoke: current articulated query covers every actual supported sole vertex: hind-hoof-1/1
vehicle-smoke: current articulated query covers every actual supported sole vertex: hind-hoof-1/2
vehicle-smoke: current articulated query covers every actual supported sole vertex: hind-hoof-1/3
vehicle-smoke: current articulated query covers every actual supported sole vertex: hind-hoof-1/4
vehicle-smoke: current articulated query covers every actual supported sole vertex: hind-hoof-1/5
vehicle-smoke: current articulated query covers every actual supported sole vertex: hind-hoof-1/6
vehicle-smoke: current articulated query covers every actual supported sole vertex: hind-hoof-1/7
vehicle-smoke: current articulated query covers every actual supported sole vertex: hind-hoof-1/8
vehicle-smoke: current articulated query covers every actual supported sole vertex: hind-hoof-1/9
vehicle-smoke: current articulated query covers every actual supported sole vertex: hind-hoof-1/10
vehicle-smoke: current articulated query covers every actual supported sole vertex: hind-hoof-1/11
vehicle-smoke: current articulated query covers every actual supported sole vertex: hind-hoof-1/12
vehicle-smoke: current articulated query covers every actual supported sole vertex: hind-hoof-1/13
vehicle-smoke: current articulated query covers every actual supported sole vertex: hind-hoof-1/14
vehicle-smoke: current articulated query covers every actual supported sole vertex: hind-hoof-1/15
vehicle-smoke: current articulated query covers every actual supported sole vertex: fore-hoof-2/0
vehicle-smoke: current articulated query covers every actual supported sole vertex: fore-hoof-2/1
vehicle-smoke: current articulated query covers every actual supported sole vertex: fore-hoof-2/2
vehicle-smoke: current articulated query covers every actual supported sole vertex: fore-hoof-2/3
vehicle-smoke: current articulated query covers every actual supported sole vertex: fore-hoof-2/4
vehicle-smoke: current articulated query covers every actual supported sole vertex: fore-hoof-2/5
vehicle-smoke: current articulated query covers every actual supported sole vertex: fore-hoof-2/6
vehicle-smoke: current articulated query covers every actual supported sole vertex: fore-hoof-2/7
vehicle-smoke: current articulated query covers every actual supported sole vertex: fore-hoof-2/8
vehicle-smoke: current articulated query covers every actual supported sole vertex: fore-hoof-2/9
vehicle-smoke: current articulated query covers every actual supported sole vertex: fore-hoof-2/10
vehicle-smoke: current articulated query covers every actual supported sole vertex: fore-hoof-2/11
vehicle-smoke: current articulated query covers every actual supported sole vertex: fore-hoof-2/12
vehicle-smoke: current articulated query covers every actual supported sole vertex: fore-hoof-2/13
vehicle-smoke: current articulated query covers every actual supported sole vertex: fore-hoof-2/14
vehicle-smoke: current articulated query covers every actual supported sole vertex: fore-hoof-2/15
vehicle-smoke: current articulated query covers every actual supported sole vertex: hind-hoof-3/0
vehicle-smoke: current articulated query covers every actual supported sole vertex: hind-hoof-3/1
vehicle-smoke: current articulated query covers every actual supported sole vertex: hind-hoof-3/2
vehicle-smoke: current articulated query covers every actual supported sole vertex: hind-hoof-3/3
vehicle-smoke: current articulated query covers every actual supported sole vertex: hind-hoof-3/4
vehicle-smoke: current articulated query covers every actual supported sole vertex: hind-hoof-3/5
vehicle-smoke: current articulated query covers every actual supported sole vertex: hind-hoof-3/6
vehicle-smoke: current articulated query covers every actual supported sole vertex: hind-hoof-3/7
vehicle-smoke: current articulated query covers every actual supported sole vertex: hind-hoof-3/8
vehicle-smoke: current articulated query covers every actual supported sole vertex: hind-hoof-3/9
vehicle-smoke: current articulated query covers every actual supported sole vertex: hind-hoof-3/10
vehicle-smoke: current articulated query covers every actual supported sole vertex: hind-hoof-3/11
vehicle-smoke: current articulated query covers every actual supported sole vertex: hind-hoof-3/12
vehicle-smoke: current articulated query covers every actual supported sole vertex: hind-hoof-3/13
vehicle-smoke: current articulated query covers every actual supported sole vertex: hind-hoof-3/14
vehicle-smoke: current articulated query covers every actual supported sole vertex: hind-hoof-3/15
vehicle-smoke: support point follows the actual applied convex bottom: CartWheelCollision5
vehicle-smoke: support point follows the actual applied convex bottom: CartWheelCollision6
vehicle-smoke: support point follows the actual applied convex bottom: CartWheelCollision7
vehicle-smoke: support point follows the actual applied convex bottom: CartWheelCollision8
vehicle-smoke: forest-horse-cart enters through the actual ray and mapped action
vehicle-smoke: vehicle camera owns the view
vehicle-smoke: parked start keeps ignition off
vehicle-smoke: context engine/horse action starts and releases parking
vehicle-smoke: horse walk has a clear complete side camera 0
vehicle-smoke: horse pose contains four actual articulated feet
vehicle-smoke: moving horse joint chain reaches its actual sole: HorseLeg0
vehicle-smoke: planted moving hoof has real full-footprint support: HorseLeg0
vehicle-smoke: moving horse joint chain reaches its actual sole: HorseLeg1
vehicle-smoke: planted moving hoof has real full-footprint support: HorseLeg1
vehicle-smoke: moving horse joint chain reaches its actual sole: HorseLeg2
vehicle-smoke: planted moving hoof has real full-footprint support: HorseLeg2
vehicle-smoke: moving horse joint chain reaches its actual sole: HorseLeg3
vehicle-smoke: horse walk has a clear complete side camera 1
vehicle-smoke: horse pose contains four actual articulated feet
vehicle-smoke: moving horse joint chain reaches its actual sole: HorseLeg0
vehicle-smoke: planted moving hoof has real full-footprint support: HorseLeg0
vehicle-smoke: moving horse joint chain reaches its actual sole: HorseLeg1
vehicle-smoke: planted moving hoof has real full-footprint support: HorseLeg1
vehicle-smoke: moving horse joint chain reaches its actual sole: HorseLeg2
vehicle-smoke: moving horse joint chain reaches its actual sole: HorseLeg3
vehicle-smoke: planted moving hoof has real full-footprint support: HorseLeg3
vehicle-smoke: horse walk has a clear complete side camera 2
vehicle-smoke: horse pose contains four actual articulated feet
vehicle-smoke: moving horse joint chain reaches its actual sole: HorseLeg0
vehicle-smoke: moving horse joint chain reaches its actual sole: HorseLeg1
vehicle-smoke: planted moving hoof has real full-footprint support: HorseLeg1
vehicle-smoke: moving horse joint chain reaches its actual sole: HorseLeg2
vehicle-smoke: planted moving hoof has real full-footprint support: HorseLeg2
vehicle-smoke: moving horse joint chain reaches its actual sole: HorseLeg3
vehicle-smoke: horse walk includes real travel, lifted foot and planted foot
vehicle-smoke: ordinary throttle moves forest-horse-cart
vehicle-smoke: the actual full chassis can steer on the village road
vehicle-smoke: moving exit is refused without changing possession
vehicle-smoke: parking brake stops forest-horse-cart
vehicle-smoke: hoof settlement starts after actual braking has stopped the vehicle
vehicle-smoke: stopped horse settles all four actual hooves onto coherent ground
vehicle-smoke: parked horse starts no new step from floor settling or unchanged heading
vehicle-smoke: parked hoof retains its supported world contact without sliding: HorseLeg0
vehicle-smoke: parked hoof retains its supported world contact without sliding: HorseLeg1
vehicle-smoke: parked hoof retains its supported world contact without sliding: HorseLeg2
vehicle-smoke: parked hoof retains its supported world contact without sliding: HorseLeg3
vehicle-smoke: stopped horse has a clear complete side camera
vehicle-smoke: reverse starts from rest through the ordinary controls
vehicle-smoke: ignition/horse command stops the power state
vehicle-smoke: ignition check releases the parking brake
vehicle-smoke: throttle does not move a stopped engine or halted horse
vehicle-smoke: parking and ignition remain separate after restart
vehicle-smoke: pause resume does not leak held activation or throttle into forest-horse-cart
vehicle-smoke: occupied cart shows its seated driver figure for forest-horse-cart
SaveGameV3 written to /Users/unterlantas/Library/Application Support/Godot/app_userdata/URMAN/savegames/vehicle-smoke-forest-horse-cart.savegame-v3.json
vehicle-smoke: one existing SaveGameV3 saves forest-horse-cart
vehicle-smoke: fleet is in the existing world.props state
vehicle-smoke: two actual blocked door exits preserve driver state
vehicle-smoke: thin fences overlapping sweep origins reject exit even with clear endpoints
vehicle-smoke: unblocked stationary exit succeeds
vehicle-smoke: standing body and first-person camera return
vehicle-smoke: exited cart hides its driver figure and shows the empty bench for forest-horse-cart
vehicle-smoke: exit restores a physically clear standing capsule
zone-loaded: village_day@arrival connected-world=109404229616
SaveGameV3 restored.
vehicle-smoke: occupied save reloads through RuntimeBridge
vehicle-smoke: saved possession restores without a duplicate actor
vehicle-smoke: parked transform survives save and load
vehicle-smoke: ignition and parking state survive load
vehicle-smoke: loaded vehicle can be exited
zone-loaded: village_day@arrival connected-world=109404229616
SaveGameV3 restored.
vehicle-smoke: existing snapshot loads with a changed parking obstacle
vehicle-smoke: a saved chassis inside a new obstacle recovers to checked parking
vehicle-smoke: recovered parked vehicle retains one driver after load
vehicle-smoke: parking repair preserves saved ignition, lights and radio power
vehicle-smoke: recovered parking has a safe physical exit
zone-loaded: village_day@arrival connected-world=109404229616
SaveGameV3 restored.
vehicle-smoke: blocked vehicle save restores the person to checked standing ground
vehicle-smoke: all five blocked authored parking candidates leave a persistent placement gate
vehicle-smoke: rejected occupied parking releases possession exactly once
vehicle-smoke: rejected occupied parking places the real full player capsule clear of obstacles
vehicle-smoke: both restored and ordinary entry reject an unavailable chassis
vehicle-smoke: parking rejection preserves ignition, lights, radio and accumulated travel
vehicle-smoke: removing the actual obstruction restores ordinary entry without recreating the vehicle
vehicle-smoke: revalidated vehicle has a safe ordinary exit
vehicle-smoke: vehicles cannot silently enter the gated forest
vehicle-smoke: actual standing recovery stays before the unopened forest approach
vehicle-smoke: driving rejects unsupported cross-country paths
vehicle-smoke: interior parking proof begins with an ordinary unoccupied exterior fleet
arrival-flow: source UI, remembered phrase, distinct help-babai, explicit house continuation
[61] scene.entered: urman.chapter1:interaction/arrival-enter-house
vehicle-smoke: interior parking proof earns house entry from the actual arrival sources
zone-loaded: house_old_pc@entry connected-world=109404229616
vehicle-smoke: indoor presentation defers exterior placement checks for all three vehicles
vehicle-smoke: house entry preserves parked position for babay-niva
vehicle-smoke: house entry preserves parked yawDegrees for babay-niva
vehicle-smoke: house entry preserves parked engineRunning for babay-niva
vehicle-smoke: house entry preserves parked parkingBrake for babay-niva
vehicle-smoke: house entry preserves parked headlights for babay-niva
vehicle-smoke: house entry preserves parked travelMetres for babay-niva
vehicle-smoke: house entry preserves parked position for village-motorcycle
vehicle-smoke: house entry preserves parked yawDegrees for village-motorcycle
vehicle-smoke: house entry preserves parked engineRunning for village-motorcycle
vehicle-smoke: house entry preserves parked parkingBrake for village-motorcycle
vehicle-smoke: house entry preserves parked headlights for village-motorcycle
vehicle-smoke: house entry preserves parked travelMetres for village-motorcycle
vehicle-smoke: house entry preserves parked position for forest-horse-cart
vehicle-smoke: house entry preserves parked yawDegrees for forest-horse-cart
vehicle-smoke: house entry preserves parked engineRunning for forest-horse-cart
vehicle-smoke: house entry preserves parked parkingBrake for forest-horse-cart
vehicle-smoke: house entry preserves parked headlights for forest-horse-cart
vehicle-smoke: house entry preserves parked travelMetres for forest-horse-cart
vehicle-smoke: the house visit retains Mansur's ordinary computer request
family-meal-proof: actual invitation, source-dependent personal reply, explicit meal acceptance; topic=photo; decline/return/load=False; no timer, movement automation or human-duration claim
vehicle-smoke: the computer source and family conversation earn the real house exit
SaveGameV3 written to /Users/unterlantas/Library/Application Support/Godot/app_userdata/URMAN/savegames/vehicle-interior-parking.savegame-v3.json
vehicle-smoke: the sole save owner saves the attained indoor visit
zone-loaded: house_old_pc@entry connected-world=109404229616
SaveGameV3 restored.
vehicle-smoke: an indoor snapshot loads without querying disabled exterior terrain
vehicle-smoke: indoor load releases the ordinary player and leaves only vehicle placement deferred
vehicle-smoke: indoor save-load preserves parked orientation within float serialization precision and every other state field exactly for babay-niva
vehicle-smoke: disabled terrain produces no new rejection probe for babay-niva
vehicle-smoke: indoor save-load preserves parked orientation within float serialization precision and every other state field exactly for village-motorcycle
vehicle-smoke: disabled terrain produces no new rejection probe for village-motorcycle
vehicle-smoke: indoor save-load preserves parked orientation within float serialization precision and every other state field exactly for forest-horse-cart
vehicle-smoke: disabled terrain produces no new rejection probe for forest-horse-cart
vehicle-smoke: repeated angle serialization starts in the attained, unoccupied indoor visit
vehicle-smoke: saved pose record exists: vehicle/babay-niva
vehicle-smoke: saved pose record exists: vehicle/village-motorcycle
vehicle-smoke: saved pose record exists: vehicle/forest-horse-cart
vehicle-smoke: saved pose record exists: npc/alsu-street-walk
SaveGameV3 written to /Users/unterlantas/Library/Application Support/Godot/app_userdata/URMAN/savegames/vehicle-angular-roundtrip-1.savegame-v3.json
vehicle-smoke: ordinary indoor save for angle roundtrip 1
vehicle-smoke: saved pose record exists: vehicle/babay-niva
vehicle-smoke: saved pose record exists: vehicle/village-motorcycle
vehicle-smoke: saved pose record exists: vehicle/forest-horse-cart
vehicle-smoke: saved pose record exists: npc/alsu-street-walk
zone-loaded: house_old_pc@entry connected-world=109404229616
SaveGameV3 restored.
vehicle-smoke: ordinary indoor load for angle roundtrip 1
vehicle-smoke: saved pose record exists: vehicle/babay-niva
vehicle-smoke: saved pose record exists: vehicle/village-motorcycle
vehicle-smoke: saved pose record exists: vehicle/forest-horse-cart
vehicle-smoke: saved pose record exists: npc/alsu-street-walk
vehicle-smoke: repeated indoor load preserves all vehicle and Alsu pose records and actual transforms exactly: 1
vehicle-smoke: angle roundtrip writes only its own debug slot and preserves original source/profile: 1
vehicle-smoke: angle roundtrip releases ordinary indoor control at actual clear feet: 1
SaveGameV3 written to /Users/unterlantas/Library/Application Support/Godot/app_userdata/URMAN/savegames/vehicle-angular-roundtrip-2.savegame-v3.json
vehicle-smoke: ordinary indoor save for angle roundtrip 2
vehicle-smoke: saved pose record exists: vehicle/babay-niva
vehicle-smoke: saved pose record exists: vehicle/village-motorcycle
vehicle-smoke: saved pose record exists: vehicle/forest-horse-cart
vehicle-smoke: saved pose record exists: npc/alsu-street-walk
zone-loaded: house_old_pc@entry connected-world=109404229616
SaveGameV3 restored.
vehicle-smoke: ordinary indoor load for angle roundtrip 2
vehicle-smoke: saved pose record exists: vehicle/babay-niva
vehicle-smoke: saved pose record exists: vehicle/village-motorcycle
vehicle-smoke: saved pose record exists: vehicle/forest-horse-cart
vehicle-smoke: saved pose record exists: npc/alsu-street-walk
vehicle-smoke: repeated indoor load preserves all vehicle and Alsu pose records and actual transforms exactly: 2
vehicle-smoke: angle roundtrip writes only its own debug slot and preserves original source/profile: 2
vehicle-smoke: angle roundtrip releases ordinary indoor control at actual clear feet: 2
SaveGameV3 written to /Users/unterlantas/Library/Application Support/Godot/app_userdata/URMAN/savegames/vehicle-angular-roundtrip-3.savegame-v3.json
vehicle-smoke: ordinary indoor save for angle roundtrip 3
vehicle-smoke: saved pose record exists: vehicle/babay-niva
vehicle-smoke: saved pose record exists: vehicle/village-motorcycle
vehicle-smoke: saved pose record exists: vehicle/forest-horse-cart
vehicle-smoke: saved pose record exists: npc/alsu-street-walk
zone-loaded: house_old_pc@entry connected-world=109404229616
SaveGameV3 restored.
vehicle-smoke: ordinary indoor load for angle roundtrip 3
vehicle-smoke: saved pose record exists: vehicle/babay-niva
vehicle-smoke: saved pose record exists: vehicle/village-motorcycle
vehicle-smoke: saved pose record exists: vehicle/forest-horse-cart
vehicle-smoke: saved pose record exists: npc/alsu-street-walk
vehicle-smoke: repeated indoor load preserves all vehicle and Alsu pose records and actual transforms exactly: 3
vehicle-smoke: angle roundtrip writes only its own debug slot and preserves original source/profile: 3
vehicle-smoke: angle roundtrip releases ordinary indoor control at actual clear feet: 3
vehicle-smoke: blocked indoor load has a separate actually supported standing position
vehicle-smoke: the previous indoor position is clear before placing the obstacle
vehicle-smoke: the real obstacle blocks even a crouched saved capsule while the previous pose remains clear
zone-loaded: house_old_pc@entry connected-world=109404229616
zone-loaded: house_old_pc@entry connected-world=109404229616
SaveGameV3 rejected the loaded placement; the previous session was restored.
vehicle-smoke: a real indoor save refuses a newly obstructed player position
vehicle-smoke: blocked indoor load rolls back to the previous free feet with ordinary control
vehicle-smoke: blocked indoor load changes neither attained progress, source slot, backup nor settings profile
zone-loaded: house_old_pc@entry connected-world=109404229616
SaveGameV3 restored.
vehicle-smoke: the same unchanged indoor save loads once the real obstacle is removed
vehicle-smoke: positive indoor pair restores the original usable feet without rewriting its slot
[114] scene.entered: urman.chapter1:interaction/house-to-route
vehicle-smoke: return uses the earned house exit interaction
zone-loaded: village_day@from_house connected-world=109404229616
vehicle-smoke: exterior return retains the same session and blocks entry until collision propagation
vehicle-smoke: a nearby vehicle cannot be entered on the collision-switch frame
vehicle-smoke: exterior physics completes the deferred placement validation
vehicle-smoke: actual exterior support and hull are valid again for babay-niva
vehicle-smoke: exterior revalidation preserves live position for babay-niva
vehicle-smoke: exterior revalidation preserves live yawDegrees for babay-niva
vehicle-smoke: exterior revalidation preserves live engineRunning for babay-niva
vehicle-smoke: exterior revalidation preserves live parkingBrake for babay-niva
vehicle-smoke: exterior revalidation preserves live headlights for babay-niva
vehicle-smoke: exterior revalidation preserves live travelMetres for babay-niva
vehicle-smoke: the restored parked babay-niva admits the actual mapped interaction
vehicle-smoke: the restored parked babay-niva still has a safe exit
vehicle-smoke: actual exterior support and hull are valid again for village-motorcycle
vehicle-smoke: exterior revalidation preserves live position for village-motorcycle
vehicle-smoke: exterior revalidation preserves live yawDegrees for village-motorcycle
vehicle-smoke: exterior revalidation preserves live engineRunning for village-motorcycle
vehicle-smoke: exterior revalidation preserves live parkingBrake for village-motorcycle
vehicle-smoke: exterior revalidation preserves live headlights for village-motorcycle
vehicle-smoke: exterior revalidation preserves live travelMetres for village-motorcycle
vehicle-smoke: the restored parked village-motorcycle admits the actual mapped interaction
vehicle-smoke: the restored parked village-motorcycle still has a safe exit
vehicle-smoke: actual exterior support and hull are valid again for forest-horse-cart
vehicle-smoke: exterior revalidation preserves live position for forest-horse-cart
vehicle-smoke: exterior revalidation preserves live yawDegrees for forest-horse-cart
vehicle-smoke: exterior revalidation preserves live engineRunning for forest-horse-cart
vehicle-smoke: exterior revalidation preserves live parkingBrake for forest-horse-cart
vehicle-smoke: exterior revalidation preserves live headlights for forest-horse-cart
vehicle-smoke: exterior revalidation preserves live travelMetres for forest-horse-cart
vehicle-smoke: the restored parked forest-horse-cart admits the actual mapped interaction
vehicle-smoke: the restored parked forest-horse-cart still has a safe exit
vehicle-smoke: rollback target uses an ordinary occupied vehicle
SaveGameV3 written to /Users/unterlantas/Library/Application Support/Godot/app_userdata/URMAN/savegames/vehicle-recovery-player-target.savegame-v3.json
vehicle-smoke: occupied rollback target is saved by the existing owner
vehicle-smoke: rollback setup exits its stationary vehicle
zone-loaded: village_day@arrival connected-world=109404229616
SaveGameV3 debug session started; saves use debug-savegames.
vehicle-smoke: rollback previous state starts through the existing isolated session API
arrival-flow: source UI, remembered phrase, distinct help-babai, explicit house continuation
[34] scene.entered: urman.chapter1:interaction/arrival-enter-house
vehicle-smoke: rollback previous state earns house access from the actual arrival sources
zone-loaded: house_old_pc@entry connected-world=109404229616
vehicle-smoke: previous debug home state has a clear standing capsule
SaveGameV3 written to /Users/unterlantas/Library/Application Support/Godot/app_userdata/URMAN/debug-savegames/vehicle-recovery-debug-before.savegame-v3.json
vehicle-smoke: previous attained debug state is captured through the sole save owner
vehicle-smoke: diagnostic enumeration includes all rings and the existing entry anchor
vehicle-smoke: recovery candidates have deterministic identity and order
vehicle-smoke: both source slots exist at paths provided by AtomicSaveGameStore
vehicle-smoke: all exterior recovery fixtures leave the previous home capsule clear
vehicle-smoke: real obstacles reject every enumerated standing candidate before the load
zone-loaded: village_day@from_house connected-world=109404229616
zone-loaded: house_old_pc@entry connected-world=109404229616
SaveGameV3 rejected the loaded placement; the previous session was restored.
vehicle-smoke: a real occupied save with no physical recovery returns false
vehicle-smoke: failed player-slot projection restores the previous debug home identity
vehicle-smoke: rollback preserves the entire attained runtime including knowledge, journal, inventory and vehicle records
vehicle-smoke: rollback preserves the existing computer capability
vehicle-smoke: rejected projection changes neither source slots nor the authoritative settings profile
vehicle-smoke: rollback restores actual clear home feet, orientation and ordinary capsule without a transition hold
vehicle-smoke: rollback preserves actual parked vehicle power, pose and radio: babay-niva
vehicle-smoke: rollback preserves actual parked vehicle power, pose and radio: village-motorcycle
vehicle-smoke: rollback preserves actual parked vehicle power, pose and radio: forest-horse-cart
vehicle-smoke: rollback clears only the rejected projection failure
vehicle-smoke: no load, suspension or capsule hold leaks into subsequent frames
SaveGameV3 written to /Users/unterlantas/Library/Application Support/Godot/app_userdata/URMAN/debug-savegames/vehicle-recovery-debug-after.savegame-v3.json
vehicle-smoke: the next ordinary save remains in the restored debug store
zone-loaded: village_day@from_house connected-world=109404229616
SaveGameV3 restored.
vehicle-smoke: the same unchanged save loads after removal of real obstructions
vehicle-smoke: positive pair restores exactly one saved driver and the player store
vehicle-smoke: the recovered positive pair has an ordinary safe exit
zone-loaded: village_day@arrival connected-world=109404229616
SaveGameV3 new game session started; existing slots untouched.
vehicle-smoke: ordinary new session after vehicle saves
vehicle-smoke: new session releases possession
vehicle-smoke: new session restores authored parking states
vehicle-smoke: double-failure target starts with an ordinary driver
SaveGameV3 written to /Users/unterlantas/Library/Application Support/Godot/app_userdata/URMAN/savegames/vehicle-double-recovery-target.savegame-v3.json
vehicle-smoke: double-failure target uses a real occupied save
vehicle-smoke: previous occupied state is a different position reached through throttle and parking brake
SaveGameV3 written to /Users/unterlantas/Library/Application Support/Godot/app_userdata/URMAN/savegames/vehicle-double-recovery-previous.savegame-v3.json
vehicle-smoke: previous occupied state is captured by the same save owner
vehicle-smoke: both occupied snapshots have actual source files
vehicle-smoke: ordinary pause holds the current driver while the external geometry fixture changes
vehicle-smoke: the actual pause settings button opens the overlapping settings shell
vehicle-smoke: actual obstacles reject every standing candidate of target and previous occupied poses
zone-loaded: village_day@arrival connected-world=109404229616
zone-loaded: village_day@arrival connected-world=109404229616
vehicle-smoke: target and occupied rollback both fail on real blocked geometry
vehicle-smoke: double failure closes pause/settings, keeps world input/audio paused and opens one existing main menu
vehicle-smoke: the physical recovery explanation remains after asynchronous Continue availability refresh
vehicle-smoke: the sole retained SaveGameV3 describes the previous attained occupied state and actual seated feet
vehicle-smoke: double failure retains the previous attained runtime and computer state in memory
vehicle-smoke: recovery mode rejects a save before writing any unusable placement
vehicle-smoke: recovery mode rejects an otherwise valid world-state write
vehicle-smoke: held gameplay input cannot move, start or enter the rejected world behind the menu
vehicle-smoke: double failure preserves both source snapshots and the authoritative profile
zone-loaded: village_day@arrival connected-world=109404229616
zone-loaded: village_day@arrival connected-world=109404229616
vehicle-smoke: a retry while both real placements remain blocked also returns false
vehicle-smoke: repeated rejection preserves the exact previous snapshot reference and bytes without flushing the unusable world
vehicle-smoke: repeated rejection preserves source files and profile
zone-loaded: village_day@arrival connected-world=109404229616
SaveGameV3 restored.
vehicle-smoke: the same target loads after actual recovery obstructions are removed
vehicle-smoke: successful retry clears the recovery gate only after restoring a physically valid occupied pose
vehicle-smoke: successful retry releases the transient retained snapshot
vehicle-smoke: successful direct load keeps the main menu until an explicit player choice
vehicle-smoke: successful retry also preserves both source snapshots
zone-loaded: village_day@arrival connected-world=109404229616
SaveGameV3 new game session started; existing slots untouched.
vehicle-smoke: an explicit ordinary New Game button exits the recovery menu into the arrival card
act1-intro: confirmed with E
vehicle-smoke: explicit new game and arrival dismissal release menu/settings/pause ownership and resume the real audio cue owner
vehicle-smoke: the new ordinary session ends recovery with a clear standing player capsule
vehicle-smoke: double-failure target starts with an ordinary driver
SaveGameV3 written to /Users/unterlantas/Library/Application Support/Godot/app_userdata/URMAN/savegames/vehicle-double-recovery-target.savegame-v3.json
vehicle-smoke: double-failure target uses a real occupied save
vehicle-smoke: previous occupied state is a different position reached through throttle and parking brake
SaveGameV3 written to /Users/unterlantas/Library/Application Support/Godot/app_userdata/URMAN/savegames/vehicle-double-recovery-previous.savegame-v3.json
vehicle-smoke: previous occupied state is captured by the same save owner
vehicle-smoke: both occupied snapshots have actual source files
vehicle-smoke: ordinary pause holds the current driver while the external geometry fixture changes
vehicle-smoke: the actual pause settings button opens the overlapping settings shell
vehicle-smoke: actual obstacles reject every standing candidate of target and previous occupied poses
zone-loaded: village_day@arrival connected-world=109404229616
zone-loaded: village_day@arrival connected-world=109404229616
vehicle-smoke: target and occupied rollback both fail on real blocked geometry
vehicle-smoke: double failure closes pause/settings, keeps world input/audio paused and opens one existing main menu
vehicle-smoke: recovery New Game begins before any successful retry, with the actual retained snapshot
vehicle-smoke: removing physical obstacles alone cannot dismiss recovery or replace its snapshot
vehicle-smoke: the ordinary New Game button is available while physical recovery is still required
zone-loaded: village_day@arrival connected-world=109404229616
SaveGameV3 new game session started; existing slots untouched.
vehicle-smoke: actual New Game invokes the recovery-session branch and reaches the ordinary arrival card
vehicle-smoke: recovery New Game clears its retained snapshot only after a physically valid exterior projection
vehicle-smoke: recovery New Game creates ordinary arrival and fresh parked vehicle state
act1-intro: confirmed with E
vehicle-smoke: recovery New Game and arrival dismissal release all input and audio holds
vehicle-smoke: recovery New Game preserves both occupied source slots and the authoritative settings profile
userdata guard: original files and permissions restored and verified
WARNING: Vehicle babay-niva placement rejected: the actual FrontRightWheelCollision intersects /root/VehicleSmokeTest/ChangedSavedTyrePost; shape=/root/VehicleSmokeTest/ChangedSavedTyrePost/@CollisionShape3D@1646 index=0; chassisOrigin=(-1.65, -0.24535005, 1); recovered to physically checked parking.
     at: void Urman.Godot.VehicleFleet.FinishSessionProjection() (res://scripts/VehicleFleet.cs:183)
     C# backtrace (most recent call first):
         [0] void Godot.GD.PushWarning(string) (/root/godot/modules/mono/glue/GodotSharp/GodotSharp/Core/GD.cs:396)
         [1] void Urman.Godot.VehicleFleet.FinishSessionProjection() (/Users/unterlantas/Documents/GitHub/URMAN/game/scripts/VehicleFleet.cs:183)
         [2] void Urman.Godot.VehicleFleet._PhysicsProcess(double) (/Users/unterlantas/Documents/GitHub/URMAN/game/scripts/VehicleFleet.cs:104)
         [3] bool Godot.Node.InvokeGodotClassMethod(Godot.NativeInterop.godot_string_name&, Godot.NativeInterop.NativeVariantPtrArgs, Godot.NativeInterop.godot_variant&) (/root/godot/modules/mono/glue/GodotSharp/GodotSharp/Generated/GodotObjects/Node.cs:2648)
         [4] bool Godot.Node3D.InvokeGodotClassMethod(Godot.NativeInterop.godot_string_name&, Godot.NativeInterop.NativeVariantPtrArgs, Godot.NativeInterop.godot_variant&) (/root/godot/modules/mono/glue/GodotSharp/GodotSharp/Generated/GodotObjects/Node3D.cs:1127)
         [5] bool Urman.Godot.VehicleFleet.InvokeGodotClassMethod(Godot.NativeInterop.godot_string_name&, Godot.NativeInterop.NativeVariantPtrArgs, Godot.NativeInterop.godot_variant&) (/Users/unterlantas/Documents/GitHub/URMAN/game/.godot/mono/temp/obj/Debug/Godot.SourceGenerators/Godot.SourceGenerators.ScriptMethodsGenerator/Urman.Godot.VehicleFleet_ScriptMethods.generated.cs:150)
         [6] Godot.NativeInterop.godot_bool Godot.Bridge.CSharpInstanceBridge.Call(nint, Godot.NativeInterop.godot_string_name*, Godot.NativeInterop.godot_variant**, int, Godot.NativeInterop.godot_variant_call_error*, Godot.NativeInterop.godot_variant*) (/root/godot/modules/mono/glue/GodotSharp/GodotSharp/Core/Bridge/CSharpInstanceBridge.cs:24)
WARNING: Vehicle babay-niva placement rejected: the actual ChassisCollision intersects /root/VehicleSmokeTest/ChangedVehicleParkingProof; shape=/root/VehicleSmokeTest/ChangedVehicleParkingProof/@CollisionShape3D@1653 index=0; chassisOrigin=(-1.9234593, -0.22483526, -0.8587197); recovered to physically checked parking.
     at: void Urman.Godot.VehicleFleet.FinishSessionProjection() (res://scripts/VehicleFleet.cs:183)
     C# backtrace (most recent call first):
         [0] void Godot.GD.PushWarning(string) (/root/godot/modules/mono/glue/GodotSharp/GodotSharp/Core/GD.cs:396)
         [1] void Urman.Godot.VehicleFleet.FinishSessionProjection() (/Users/unterlantas/Documents/GitHub/URMAN/game/scripts/VehicleFleet.cs:183)
         [2] void Urman.Godot.VehicleFleet._PhysicsProcess(double) (/Users/unterlantas/Documents/GitHub/URMAN/game/scripts/VehicleFleet.cs:104)
         [3] bool Godot.Node.InvokeGodotClassMethod(Godot.NativeInterop.godot_string_name&, Godot.NativeInterop.NativeVariantPtrArgs, Godot.NativeInterop.godot_variant&) (/root/godot/modules/mono/glue/GodotSharp/GodotSharp/Generated/GodotObjects/Node.cs:2648)
         [4] bool Godot.Node3D.InvokeGodotClassMethod(Godot.NativeInterop.godot_string_name&, Godot.NativeInterop.NativeVariantPtrArgs, Godot.NativeInterop.godot_variant&) (/root/godot/modules/mono/glue/GodotSharp/GodotSharp/Generated/GodotObjects/Node3D.cs:1127)
         [5] bool Urman.Godot.VehicleFleet.InvokeGodotClassMethod(Godot.NativeInterop.godot_string_name&, Godot.NativeInterop.NativeVariantPtrArgs, Godot.NativeInterop.godot_variant&) (/Users/unterlantas/Documents/GitHub/URMAN/game/.godot/mono/temp/obj/Debug/Godot.SourceGenerators/Godot.SourceGenerators.ScriptMethodsGenerator/Urman.Godot.VehicleFleet_ScriptMethods.generated.cs:150)
         [6] Godot.NativeInterop.godot_bool Godot.Bridge.CSharpInstanceBridge.Call(nint, Godot.NativeInterop.godot_string_name*, Godot.NativeInterop.godot_variant**, int, Godot.NativeInterop.godot_variant_call_error*, Godot.NativeInterop.godot_variant*) (/root/godot/modules/mono/glue/GodotSharp/GodotSharp/Core/Bridge/CSharpInstanceBridge.cs:24)
WARNING: Vehicle babay-niva placement rejected: the actual ChassisCollision intersects /root/VehicleSmokeTest/AllParkingBlocked0; shape=/root/VehicleSmokeTest/AllParkingBlocked0/@CollisionShape3D@1654 index=0; chassisOrigin=(-1.9234593, -0.22483526, -0.8587197); no clear authored parking was found.
     at: void Urman.Godot.VehicleFleet.FinishSessionProjection() (res://scripts/VehicleFleet.cs:183)
     C# backtrace (most recent call first):
         [0] void Godot.GD.PushWarning(string) (/root/godot/modules/mono/glue/GodotSharp/GodotSharp/Core/GD.cs:396)
         [1] void Urman.Godot.VehicleFleet.FinishSessionProjection() (/Users/unterlantas/Documents/GitHub/URMAN/game/scripts/VehicleFleet.cs:183)
         [2] void Urman.Godot.VehicleFleet._PhysicsProcess(double) (/Users/unterlantas/Documents/GitHub/URMAN/game/scripts/VehicleFleet.cs:104)
         [3] bool Godot.Node.InvokeGodotClassMethod(Godot.NativeInterop.godot_string_name&, Godot.NativeInterop.NativeVariantPtrArgs, Godot.NativeInterop.godot_variant&) (/root/godot/modules/mono/glue/GodotSharp/GodotSharp/Generated/GodotObjects/Node.cs:2648)
         [4] bool Godot.Node3D.InvokeGodotClassMethod(Godot.NativeInterop.godot_string_name&, Godot.NativeInterop.NativeVariantPtrArgs, Godot.NativeInterop.godot_variant&) (/root/godot/modules/mono/glue/GodotSharp/GodotSharp/Generated/GodotObjects/Node3D.cs:1127)
         [5] bool Urman.Godot.VehicleFleet.InvokeGodotClassMethod(Godot.NativeInterop.godot_string_name&, Godot.NativeInterop.NativeVariantPtrArgs, Godot.NativeInterop.godot_variant&) (/Users/unterlantas/Documents/GitHub/URMAN/game/.godot/mono/temp/obj/Debug/Godot.SourceGenerators/Godot.SourceGenerators.ScriptMethodsGenerator/Urman.Godot.VehicleFleet_ScriptMethods.generated.cs:150)
         [6] Godot.NativeInterop.godot_bool Godot.Bridge.CSharpInstanceBridge.Call(nint, Godot.NativeInterop.godot_string_name*, Godot.NativeInterop.godot_variant**, int, Godot.NativeInterop.godot_variant_call_error*, Godot.NativeInterop.godot_variant*) (/root/godot/modules/mono/glue/GodotSharp/GodotSharp/Core/Bridge/CSharpInstanceBridge.cs:24)
WARNING: Vehicle village-motorcycle placement rejected: the actual ChassisCollision intersects /root/VehicleSmokeTest/ChangedVehicleParkingProof; shape=/root/VehicleSmokeTest/ChangedVehicleParkingProof/@CollisionShape3D@1665 index=0; chassisOrigin=(1.3285267, -0.37622273, -26.64119); recovered to physically checked parking.
     at: void Urman.Godot.VehicleFleet.FinishSessionProjection() (res://scripts/VehicleFleet.cs:183)
     C# backtrace (most recent call first):
         [0] void Godot.GD.PushWarning(string) (/root/godot/modules/mono/glue/GodotSharp/GodotSharp/Core/GD.cs:396)
         [1] void Urman.Godot.VehicleFleet.FinishSessionProjection() (/Users/unterlantas/Documents/GitHub/URMAN/game/scripts/VehicleFleet.cs:183)
         [2] void Urman.Godot.VehicleFleet._PhysicsProcess(double) (/Users/unterlantas/Documents/GitHub/URMAN/game/scripts/VehicleFleet.cs:104)
         [3] bool Godot.Node.InvokeGodotClassMethod(Godot.NativeInterop.godot_string_name&, Godot.NativeInterop.NativeVariantPtrArgs, Godot.NativeInterop.godot_variant&) (/root/godot/modules/mono/glue/GodotSharp/GodotSharp/Generated/GodotObjects/Node.cs:2648)
         [4] bool Godot.Node3D.InvokeGodotClassMethod(Godot.NativeInterop.godot_string_name&, Godot.NativeInterop.NativeVariantPtrArgs, Godot.NativeInterop.godot_variant&) (/root/godot/modules/mono/glue/GodotSharp/GodotSharp/Generated/GodotObjects/Node3D.cs:1127)
         [5] bool Urman.Godot.VehicleFleet.InvokeGodotClassMethod(Godot.NativeInterop.godot_string_name&, Godot.NativeInterop.NativeVariantPtrArgs, Godot.NativeInterop.godot_variant&) (/Users/unterlantas/Documents/GitHub/URMAN/game/.godot/mono/temp/obj/Debug/Godot.SourceGenerators/Godot.SourceGenerators.ScriptMethodsGenerator/Urman.Godot.VehicleFleet_ScriptMethods.generated.cs:150)
         [6] Godot.NativeInterop.godot_bool Godot.Bridge.CSharpInstanceBridge.Call(nint, Godot.NativeInterop.godot_string_name*, Godot.NativeInterop.godot_variant**, int, Godot.NativeInterop.godot_variant_call_error*, Godot.NativeInterop.godot_variant*) (/root/godot/modules/mono/glue/GodotSharp/GodotSharp/Core/Bridge/CSharpInstanceBridge.cs:24)
WARNING: Vehicle village-motorcycle placement rejected: the actual ChassisCollision intersects /root/VehicleSmokeTest/AllParkingBlocked0; shape=/root/VehicleSmokeTest/AllParkingBlocked0/@CollisionShape3D@1666 index=0; chassisOrigin=(1.3285267, -0.37622273, -26.64119); no clear authored parking was found.
     at: void Urman.Godot.VehicleFleet.FinishSessionProjection() (res://scripts/VehicleFleet.cs:183)
     C# backtrace (most recent call first):
         [0] void Godot.GD.PushWarning(string) (/root/godot/modules/mono/glue/GodotSharp/GodotSharp/Core/GD.cs:396)
         [1] void Urman.Godot.VehicleFleet.FinishSessionProjection() (/Users/unterlantas/Documents/GitHub/URMAN/game/scripts/VehicleFleet.cs:183)
         [2] void Urman.Godot.VehicleFleet._PhysicsProcess(double) (/Users/unterlantas/Documents/GitHub/URMAN/game/scripts/VehicleFleet.cs:104)
         [3] bool Godot.Node.InvokeGodotClassMethod(Godot.NativeInterop.godot_string_name&, Godot.NativeInterop.NativeVariantPtrArgs, Godot.NativeInterop.godot_variant&) (/root/godot/modules/mono/glue/GodotSharp/GodotSharp/Generated/GodotObjects/Node.cs:2648)
         [4] bool Godot.Node3D.InvokeGodotClassMethod(Godot.NativeInterop.godot_string_name&, Godot.NativeInterop.NativeVariantPtrArgs, Godot.NativeInterop.godot_variant&) (/root/godot/modules/mono/glue/GodotSharp/GodotSharp/Generated/GodotObjects/Node3D.cs:1127)
         [5] bool Urman.Godot.VehicleFleet.InvokeGodotClassMethod(Godot.NativeInterop.godot_string_name&, Godot.NativeInterop.NativeVariantPtrArgs, Godot.NativeInterop.godot_variant&) (/Users/unterlantas/Documents/GitHub/URMAN/game/.godot/mono/temp/obj/Debug/Godot.SourceGenerators/Godot.SourceGenerators.ScriptMethodsGenerator/Urman.Godot.VehicleFleet_ScriptMethods.generated.cs:150)
         [6] Godot.NativeInterop.godot_bool Godot.Bridge.CSharpInstanceBridge.Call(nint, Godot.NativeInterop.godot_string_name*, Godot.NativeInterop.godot_variant**, int, Godot.NativeInterop.godot_variant_call_error*, Godot.NativeInterop.godot_variant*) (/root/godot/modules/mono/glue/GodotSharp/GodotSharp/Core/Bridge/CSharpInstanceBridge.cs:24)
WARNING: Vehicle forest-horse-cart placement rejected: the actual articulated hoof pose is blocked or unsupported: {"vehicleShape":"HoofContactQuery3","colliderPath":"/root/VehicleSmokeTest/AllParkingBlocked5","shapeIndex":0,"shapePath":"/root/VehicleSmokeTest/AllParkingBlocked5/@CollisionShape3D@1671","shapeType":"BoxShape3D","collisionOwner":null,"authoredSourceMesh":null,"foot":3,"kind":"hoof-endpoint"}; recovered to physically checked parking.
     at: void Urman.Godot.VehicleFleet.FinishSessionProjection() (res://scripts/VehicleFleet.cs:183)
     C# backtrace (most recent call first):
         [0] void Godot.GD.PushWarning(string) (/root/godot/modules/mono/glue/GodotSharp/GodotSharp/Core/GD.cs:396)
         [1] void Urman.Godot.VehicleFleet.FinishSessionProjection() (/Users/unterlantas/Documents/GitHub/URMAN/game/scripts/VehicleFleet.cs:183)
         [2] void Urman.Godot.VehicleFleet._PhysicsProcess(double) (/Users/unterlantas/Documents/GitHub/URMAN/game/scripts/VehicleFleet.cs:104)
         [3] bool Godot.Node.InvokeGodotClassMethod(Godot.NativeInterop.godot_string_name&, Godot.NativeInterop.NativeVariantPtrArgs, Godot.NativeInterop.godot_variant&) (/root/godot/modules/mono/glue/GodotSharp/GodotSharp/Generated/GodotObjects/Node.cs:2648)
         [4] bool Godot.Node3D.InvokeGodotClassMethod(Godot.NativeInterop.godot_string_name&, Godot.NativeInterop.NativeVariantPtrArgs, Godot.NativeInterop.godot_variant&) (/root/godot/modules/mono/glue/GodotSharp/GodotSharp/Generated/GodotObjects/Node3D.cs:1127)
         [5] bool Urman.Godot.VehicleFleet.InvokeGodotClassMethod(Godot.NativeInterop.godot_string_name&, Godot.NativeInterop.NativeVariantPtrArgs, Godot.NativeInterop.godot_variant&) (/Users/unterlantas/Documents/GitHub/URMAN/game/.godot/mono/temp/obj/Debug/Godot.SourceGenerators/Godot.SourceGenerators.ScriptMethodsGenerator/Urman.Godot.VehicleFleet_ScriptMethods.generated.cs:150)
         [6] Godot.NativeInterop.godot_bool Godot.Bridge.CSharpInstanceBridge.Call(nint, Godot.NativeInterop.godot_string_name*, Godot.NativeInterop.godot_variant**, int, Godot.NativeInterop.godot_variant_call_error*, Godot.NativeInterop.godot_variant*) (/root/godot/modules/mono/glue/GodotSharp/GodotSharp/Core/Bridge/CSharpInstanceBridge.cs:24)
WARNING: Vehicle forest-horse-cart placement rejected: the actual ChassisCollision intersects /root/VehicleSmokeTest/ChangedVehicleParkingProof; shape=/root/VehicleSmokeTest/ChangedVehicleParkingProof/@CollisionShape3D@1677 index=0; chassisOrigin=(0.89150685, -0.32524332, -42.163815); recovered to physically checked parking.
     at: void Urman.Godot.VehicleFleet.FinishSessionProjection() (res://scripts/VehicleFleet.cs:183)
     C# backtrace (most recent call first):
         [0] void Godot.GD.PushWarning(string) (/root/godot/modules/mono/glue/GodotSharp/GodotSharp/Core/GD.cs:396)
         [1] void Urman.Godot.VehicleFleet.FinishSessionProjection() (/Users/unterlantas/Documents/GitHub/URMAN/game/scripts/VehicleFleet.cs:183)
         [2] void Urman.Godot.VehicleFleet._PhysicsProcess(double) (/Users/unterlantas/Documents/GitHub/URMAN/game/scripts/VehicleFleet.cs:104)
         [3] bool Godot.Node.InvokeGodotClassMethod(Godot.NativeInterop.godot_string_name&, Godot.NativeInterop.NativeVariantPtrArgs, Godot.NativeInterop.godot_variant&) (/root/godot/modules/mono/glue/GodotSharp/GodotSharp/Generated/GodotObjects/Node.cs:2648)
         [4] bool Godot.Node3D.InvokeGodotClassMethod(Godot.NativeInterop.godot_string_name&, Godot.NativeInterop.NativeVariantPtrArgs, Godot.NativeInterop.godot_variant&) (/root/godot/modules/mono/glue/GodotSharp/GodotSharp/Generated/GodotObjects/Node3D.cs:1127)
         [5] bool Urman.Godot.VehicleFleet.InvokeGodotClassMethod(Godot.NativeInterop.godot_string_name&, Godot.NativeInterop.NativeVariantPtrArgs, Godot.NativeInterop.godot_variant&) (/Users/unterlantas/Documents/GitHub/URMAN/game/.godot/mono/temp/obj/Debug/Godot.SourceGenerators/Godot.SourceGenerators.ScriptMethodsGenerator/Urman.Godot.VehicleFleet_ScriptMethods.generated.cs:150)
         [6] Godot.NativeInterop.godot_bool Godot.Bridge.CSharpInstanceBridge.Call(nint, Godot.NativeInterop.godot_string_name*, Godot.NativeInterop.godot_variant**, int, Godot.NativeInterop.godot_variant_call_error*, Godot.NativeInterop.godot_variant*) (/root/godot/modules/mono/glue/GodotSharp/GodotSharp/Core/Bridge/CSharpInstanceBridge.cs:24)
WARNING: Vehicle village-motorcycle placement rejected: the actual ChassisCollision intersects /root/VehicleSmokeTest/AllParkingBlocked2; shape=/root/VehicleSmokeTest/AllParkingBlocked2/@CollisionShape3D@1680 index=0; chassisOrigin=(1.3285267, -0.37622273, -26.64119); recovered to physically checked parking.
     at: void Urman.Godot.VehicleFleet.FinishSessionProjection() (res://scripts/VehicleFleet.cs:183)
     C# backtrace (most recent call first):
         [0] void Godot.GD.PushWarning(string) (/root/godot/modules/mono/glue/GodotSharp/GodotSharp/Core/GD.cs:396)
         [1] void Urman.Godot.VehicleFleet.FinishSessionProjection() (/Users/unterlantas/Documents/GitHub/URMAN/game/scripts/VehicleFleet.cs:183)
         [2] void Urman.Godot.VehicleFleet._PhysicsProcess(double) (/Users/unterlantas/Documents/GitHub/URMAN/game/scripts/VehicleFleet.cs:104)
         [3] bool Godot.Node.InvokeGodotClassMethod(Godot.NativeInterop.godot_string_name&, Godot.NativeInterop.NativeVariantPtrArgs, Godot.NativeInterop.godot_variant&) (/root/godot/modules/mono/glue/GodotSharp/GodotSharp/Generated/GodotObjects/Node.cs:2648)
         [4] bool Godot.Node3D.InvokeGodotClassMethod(Godot.NativeInterop.godot_string_name&, Godot.NativeInterop.NativeVariantPtrArgs, Godot.NativeInterop.godot_variant&) (/root/godot/modules/mono/glue/GodotSharp/GodotSharp/Generated/GodotObjects/Node3D.cs:1127)
         [5] bool Urman.Godot.VehicleFleet.InvokeGodotClassMethod(Godot.NativeInterop.godot_string_name&, Godot.NativeInterop.NativeVariantPtrArgs, Godot.NativeInterop.godot_variant&) (/Users/unterlantas/Documents/GitHub/URMAN/game/.godot/mono/temp/obj/Debug/Godot.SourceGenerators/Godot.SourceGenerators.ScriptMethodsGenerator/Urman.Godot.VehicleFleet_ScriptMethods.generated.cs:150)
         [6] Godot.NativeInterop.godot_bool Godot.Bridge.CSharpInstanceBridge.Call(nint, Godot.NativeInterop.godot_string_name*, Godot.NativeInterop.godot_variant**, int, Godot.NativeInterop.godot_variant_call_error*, Godot.NativeInterop.godot_variant*) (/root/godot/modules/mono/glue/GodotSharp/GodotSharp/Core/Bridge/CSharpInstanceBridge.cs:24)
WARNING: Vehicle forest-horse-cart placement rejected: the actual ChassisCollision intersects /root/VehicleSmokeTest/AllParkingBlocked3; shape=/root/VehicleSmokeTest/AllParkingBlocked3/@CollisionShape3D@1681 index=0; chassisOrigin=(0.89150685, -0.32524332, -42.163815); no clear authored parking was found.
     at: void Urman.Godot.VehicleFleet.FinishSessionProjection() (res://scripts/VehicleFleet.cs:183)
     C# backtrace (most recent call first):
         [0] void Godot.GD.PushWarning(string) (/root/godot/modules/mono/glue/GodotSharp/GodotSharp/Core/GD.cs:396)
         [1] void Urman.Godot.VehicleFleet.FinishSessionProjection() (/Users/unterlantas/Documents/GitHub/URMAN/game/scripts/VehicleFleet.cs:183)
         [2] void Urman.Godot.VehicleFleet._PhysicsProcess(double) (/Users/unterlantas/Documents/GitHub/URMAN/game/scripts/VehicleFleet.cs:104)
         [3] bool Godot.Node.InvokeGodotClassMethod(Godot.NativeInterop.godot_string_name&, Godot.NativeInterop.NativeVariantPtrArgs, Godot.NativeInterop.godot_variant&) (/root/godot/modules/mono/glue/GodotSharp/GodotSharp/Generated/GodotObjects/Node.cs:2648)
         [4] bool Godot.Node3D.InvokeGodotClassMethod(Godot.NativeInterop.godot_string_name&, Godot.NativeInterop.NativeVariantPtrArgs, Godot.NativeInterop.godot_variant&) (/root/godot/modules/mono/glue/GodotSharp/GodotSharp/Generated/GodotObjects/Node3D.cs:1127)
         [5] bool Urman.Godot.VehicleFleet.InvokeGodotClassMethod(Godot.NativeInterop.godot_string_name&, Godot.NativeInterop.NativeVariantPtrArgs, Godot.NativeInterop.godot_variant&) (/Users/unterlantas/Documents/GitHub/URMAN/game/.godot/mono/temp/obj/Debug/Godot.SourceGenerators/Godot.SourceGenerators.ScriptMethodsGenerator/Urman.Godot.VehicleFleet_ScriptMethods.generated.cs:150)
         [6] Godot.NativeInterop.godot_bool Godot.Bridge.CSharpInstanceBridge.Call(nint, Godot.NativeInterop.godot_string_name*, Godot.NativeInterop.godot_variant**, int, Godot.NativeInterop.godot_variant_call_error*, Godot.NativeInterop.godot_variant*) (/root/godot/modules/mono/glue/GodotSharp/GodotSharp/Core/Bridge/CSharpInstanceBridge.cs:24)
WARNING: Interaction urman.chapter1:interaction/arrival-enter-house rejected: ContentConditionRejected Content conditions rejected this action.
     at: void Urman.Godot.RuntimeBridge+<DispatchCompiledInteractionAsync>d__129.MoveNext() (res://scripts/RuntimeBridge.cs:1139)
     C# backtrace (most recent call first):
         [0] void Godot.GD.PushWarning(string) (/root/godot/modules/mono/glue/GodotSharp/GodotSharp/Core/GD.cs:396)
         [1] void Urman.Godot.RuntimeBridge+<DispatchCompiledInteractionAsync>d__129.MoveNext() (/Users/unterlantas/Documents/GitHub/URMAN/game/scripts/RuntimeBridge.cs:1139)
         [2] void System.Runtime.CompilerServices.AsyncTaskMethodBuilder`1.Start<TStateMachine>(TStateMachine&)
         [3] System.Threading.Tasks.Task`1[System.Boolean] Urman.Godot.RuntimeBridge.DispatchCompiledInteractionAsync(Urman.Godot.CompiledInteractionContent)
         [4] void Urman.Godot.RuntimeBridge+<DispatchInteractionAsync>d__91.MoveNext() (/Users/unterlantas/Documents/GitHub/URMAN/game/scripts/RuntimeBridge.cs:534)
         [5] void System.Runtime.CompilerServices.AsyncTaskMethodBuilder`1.Start<TStateMachine>(TStateMachine&)
         [6] System.Threading.Tasks.Task`1[System.Boolean] Urman.Godot.RuntimeBridge.DispatchInteractionAsync(string)
         [7] void Urman.Godot.Tests.Act1ArrivalFlowProof+<CompleteAsync>d__1.MoveNext() (/Users/unterlantas/Documents/GitHub/URMAN/game/tests/Act1Len01FamilyFlowSmokeTest.cs:1509)
         [8] void System.Runtime.CompilerServices.AsyncTaskMethodBuilder.Start<TStateMachine>(TStateMachine&)
         [9] System.Threading.Tasks.Task Urman.Godot.Tests.Act1ArrivalFlowProof.CompleteAsync(Godot.Node, Urman.Godot.RuntimeBridge, string, bool)
         [10] void Urman.Godot.Tests.VehicleSmokeTest+<InteriorParkingSurvivesSaveLoad>d__60.MoveNext() (/Users/unterlantas/Documents/GitHub/URMAN/game/tests/VehicleSmokeTest.Interior.cs:25)
         [11] void System.Threading.ExecutionContext.RunInternal(System.Threading.ExecutionContext, System.Threading.ContextCallback, object)
         [12] void System.Threading.Tasks.AwaitTaskContinuation.RunCallback(System.Threading.ContextCallback, object, System.Threading.Tasks.Task&)
         [13] void System.Threading.Tasks.Task.RunContinuations(object)
         [14] void System.Runtime.CompilerServices.AsyncTaskMethodBuilder.SetResult()
         [15] void Urman.Godot.Tests.VehicleSmokeTest+<Approach>d__34.MoveNext() (/Users/unterlantas/Documents/GitHub/URMAN/game/tests/VehicleSmokeTest.cs:273)
         [16] void System.Threading.ExecutionContext.RunInternal(System.Threading.ExecutionContext, System.Threading.ContextCallback, object)
         [17] void System.Threading.Tasks.AwaitTaskContinuation.RunCallback(System.Threading.ContextCallback, object, System.Threading.Tasks.Task&)
         [18] void System.Threading.Tasks.Task.RunContinuations(object)
         [19] void System.Runtime.CompilerServices.AsyncTaskMethodBuilder.SetResult()
         [20] void Urman.Godot.Tests.VehicleSmokeTest+<Frames>d__41.MoveNext() (/Users/unterlantas/Documents/GitHub/URMAN/game/tests/VehicleSmokeTest.cs:442)
         [21] void System.Threading.ExecutionContext.RunInternal(System.Threading.ExecutionContext, System.Threading.ContextCallback, object)
         [22] void System.Runtime.CompilerServices.AsyncTaskMethodBuilder`1+AsyncStateMachineBox`1.MoveNext()
         [23] void Godot.SignalAwaiter.SignalCallback(nint, Godot.NativeInterop.godot_variant**, int, Godot.NativeInterop.godot_bool*) (/root/godot/modules/mono/glue/GodotSharp/GodotSharp/Core/SignalAwaiter.cs:65)
ERROR: SaveGameV3 load failed: The loaded player's physical position is blocked.
   at: void Urman.Godot.RuntimeBridge+<LoadFromStoreAsync>d__81.MoveNext() (res://scripts/RuntimeBridge.cs:385)
   C# backtrace (most recent call first):
       [0] void Godot.GD.PushError(string) (/root/godot/modules/mono/glue/GodotSharp/GodotSharp/Core/GD.cs:366)
       [1] void Urman.Godot.RuntimeBridge+<LoadFromStoreAsync>d__81.MoveNext() (/Users/unterlantas/Documents/GitHub/URMAN/game/scripts/RuntimeBridge.cs:385)
       [2] void System.Threading.ExecutionContext.RunInternal(System.Threading.ExecutionContext, System.Threading.ContextCallback, object)
       [3] void System.Runtime.CompilerServices.AsyncTaskMethodBuilder`1+AsyncStateMachineBox`1.MoveNext()
       [4] void System.Threading.Tasks.AwaitTaskContinuation.RunCallback(System.Threading.ContextCallback, object, System.Threading.Tasks.Task&)
       [5] void System.Threading.Tasks.Task.RunContinuations(object)
       [6] void System.Threading.Tasks.Task.FinishSlow(bool)
       [7] bool System.Threading.Tasks.Task.TrySetException(object)
       [8] void System.Runtime.CompilerServices.AsyncTaskMethodBuilder`1.SetException(System.Exception, System.Threading.Tasks.Task`1[TResult]&)
       [9] void Urman.Godot.RuntimeBridge+<RestoreLoadedWorldAsync>d__82.MoveNext() (/Users/unterlantas/Documents/GitHub/URMAN/game/scripts/RuntimeBridge.cs:462)
       [10] void System.Threading.ExecutionContext.RunInternal(System.Threading.ExecutionContext, System.Threading.ContextCallback, object)
       [11] void System.Threading.Tasks.AwaitTaskContinuation.RunCallback(System.Threading.ContextCallback, object, System.Threading.Tasks.Task&)
       [12] void System.Threading.Tasks.Task.RunContinuations(object)
       [13] void System.Runtime.CompilerServices.AsyncTaskMethodBuilder.SetResult()
       [14] void Urman.Godot.RuntimeBridge+<ProjectPhysicalWorldAsync>d__83.MoveNext() (/Users/unterlantas/Documents/GitHub/URMAN/game/scripts/RuntimeBridge.cs:478)
       [15] void System.Threading.ExecutionContext.RunInternal(System.Threading.ExecutionContext, System.Threading.ContextCallback, object)
       [16] void System.Threading.Tasks.AwaitTaskContinuation.RunCallback(System.Threading.ContextCallback, object, System.Threading.Tasks.Task&)
       [17] void System.Threading.Tasks.Task.RunContinuations(object)
       [18] bool System.Threading.Tasks.Task`1.TrySetResult(TResult)
       [19] void System.Runtime.CompilerServices.AsyncTaskMethodBuilder`1.SetExistingTaskResult(System.Threading.Tasks.Task`1[TResult], TResult)
       [20] void Urman.Godot.VehicleFleet+<CompleteLoadedProjectionAsync>d__44.MoveNext() (/Users/unterlantas/Documents/GitHub/URMAN/game/scripts/VehicleFleet.cs:234)
       [21] void System.Threading.ExecutionContext.RunInternal(System.Threading.ExecutionContext, System.Threading.ContextCallback, object)
       [22] void System.Runtime.CompilerServices.AsyncTaskMethodBuilder`1+AsyncStateMachineBox`1.MoveNext()
       [23] void Godot.SignalAwaiter.SignalCallback(nint, Godot.NativeInterop.godot_variant**, int, Godot.NativeInterop.godot_bool*) (/root/godot/modules/mono/glue/GodotSharp/GodotSharp/Core/SignalAwaiter.cs:65)
WARNING: Interaction urman.chapter1:interaction/arrival-enter-house rejected: ContentConditionRejected Content conditions rejected this action.
     at: void Urman.Godot.RuntimeBridge+<DispatchCompiledInteractionAsync>d__129.MoveNext() (res://scripts/RuntimeBridge.cs:1139)
     C# backtrace (most recent call first):
         [0] void Godot.GD.PushWarning(string) (/root/godot/modules/mono/glue/GodotSharp/GodotSharp/Core/GD.cs:396)
         [1] void Urman.Godot.RuntimeBridge+<DispatchCompiledInteractionAsync>d__129.MoveNext() (/Users/unterlantas/Documents/GitHub/URMAN/game/scripts/RuntimeBridge.cs:1139)
         [2] void System.Runtime.CompilerServices.AsyncTaskMethodBuilder`1.Start<TStateMachine>(TStateMachine&)
         [3] System.Threading.Tasks.Task`1[System.Boolean] Urman.Godot.RuntimeBridge.DispatchCompiledInteractionAsync(Urman.Godot.CompiledInteractionContent)
         [4] void Urman.Godot.RuntimeBridge+<DispatchInteractionAsync>d__91.MoveNext() (/Users/unterlantas/Documents/GitHub/URMAN/game/scripts/RuntimeBridge.cs:534)
         [5] void System.Runtime.CompilerServices.AsyncTaskMethodBuilder`1.Start<TStateMachine>(TStateMachine&)
         [6] System.Threading.Tasks.Task`1[System.Boolean] Urman.Godot.RuntimeBridge.DispatchInteractionAsync(string)
         [7] void Urman.Godot.Tests.Act1ArrivalFlowProof+<CompleteAsync>d__1.MoveNext() (/Users/unterlantas/Documents/GitHub/URMAN/game/tests/Act1Len01FamilyFlowSmokeTest.cs:1509)
         [8] void System.Runtime.CompilerServices.AsyncTaskMethodBuilder.Start<TStateMachine>(TStateMachine&)
         [9] System.Threading.Tasks.Task Urman.Godot.Tests.Act1ArrivalFlowProof.CompleteAsync(Godot.Node, Urman.Godot.RuntimeBridge, string, bool)
         [10] void Urman.Godot.Tests.VehicleSmokeTest+<EntireRecoveryBlockedRollsBack>d__72.MoveNext() (/Users/unterlantas/Documents/GitHub/URMAN/game/tests/VehicleSmokeTest.Rollback.cs:28)
         [11] void System.Threading.ExecutionContext.RunInternal(System.Threading.ExecutionContext, System.Threading.ContextCallback, object)
         [12] void System.Threading.Tasks.AwaitTaskContinuation.RunCallback(System.Threading.ContextCallback, object, System.Threading.Tasks.Task&)
         [13] void System.Threading.Tasks.Task.RunContinuations(object)
         [14] void System.Runtime.CompilerServices.AsyncTaskMethodBuilder.SetResult()
         [15] void Urman.Godot.Tests.VehicleSmokeTest+<Frames>d__41.MoveNext() (/Users/unterlantas/Documents/GitHub/URMAN/game/tests/VehicleSmokeTest.cs:442)
         [16] void System.Threading.ExecutionContext.RunInternal(System.Threading.ExecutionContext, System.Threading.ContextCallback, object)
         [17] void System.Runtime.CompilerServices.AsyncTaskMethodBuilder`1+AsyncStateMachineBox`1.MoveNext()
         [18] void Godot.SignalAwaiter.SignalCallback(nint, Godot.NativeInterop.godot_variant**, int, Godot.NativeInterop.godot_bool*) (/root/godot/modules/mono/glue/GodotSharp/GodotSharp/Core/SignalAwaiter.cs:65)
WARNING: Vehicle babay-niva placement rejected: the actual ChassisCollision intersects /root/VehicleSmokeTest/NoRecoveryGround1; shape=/root/VehicleSmokeTest/NoRecoveryGround1/@CollisionShape3D@1698 index=0; chassisOrigin=(-1.9234593, -0.22483526, -0.8587197); no clear authored parking was found.
     at: void Urman.Godot.VehicleFleet.FinishSessionProjection() (res://scripts/VehicleFleet.cs:183)
     C# backtrace (most recent call first):
         [0] void Godot.GD.PushWarning(string) (/root/godot/modules/mono/glue/GodotSharp/GodotSharp/Core/GD.cs:396)
         [1] void Urman.Godot.VehicleFleet.FinishSessionProjection() (/Users/unterlantas/Documents/GitHub/URMAN/game/scripts/VehicleFleet.cs:183)
         [2] void Urman.Godot.VehicleFleet._PhysicsProcess(double) (/Users/unterlantas/Documents/GitHub/URMAN/game/scripts/VehicleFleet.cs:104)
         [3] bool Godot.Node.InvokeGodotClassMethod(Godot.NativeInterop.godot_string_name&, Godot.NativeInterop.NativeVariantPtrArgs, Godot.NativeInterop.godot_variant&) (/root/godot/modules/mono/glue/GodotSharp/GodotSharp/Generated/GodotObjects/Node.cs:2648)
         [4] bool Godot.Node3D.InvokeGodotClassMethod(Godot.NativeInterop.godot_string_name&, Godot.NativeInterop.NativeVariantPtrArgs, Godot.NativeInterop.godot_variant&) (/root/godot/modules/mono/glue/GodotSharp/GodotSharp/Generated/GodotObjects/Node3D.cs:1127)
         [5] bool Urman.Godot.VehicleFleet.InvokeGodotClassMethod(Godot.NativeInterop.godot_string_name&, Godot.NativeInterop.NativeVariantPtrArgs, Godot.NativeInterop.godot_variant&) (/Users/unterlantas/Documents/GitHub/URMAN/game/.godot/mono/temp/obj/Debug/Godot.SourceGenerators/Godot.SourceGenerators.ScriptMethodsGenerator/Urman.Godot.VehicleFleet_ScriptMethods.generated.cs:150)
         [6] Godot.NativeInterop.godot_bool Godot.Bridge.CSharpInstanceBridge.Call(nint, Godot.NativeInterop.godot_string_name*, Godot.NativeInterop.godot_variant**, int, Godot.NativeInterop.godot_variant_call_error*, Godot.NativeInterop.godot_variant*) (/root/godot/modules/mono/glue/GodotSharp/GodotSharp/Core/Bridge/CSharpInstanceBridge.cs:24)
WARNING: Vehicle village-motorcycle placement rejected: the actual ChassisCollision intersects /root/VehicleSmokeTest/NoRecoveryGround441; shape=/root/VehicleSmokeTest/NoRecoveryGround441/@CollisionShape3D@2138 index=0; chassisOrigin=(1.4, -0.20532994, -17); no clear authored parking was found.
     at: void Urman.Godot.VehicleFleet.FinishSessionProjection() (res://scripts/VehicleFleet.cs:183)
     C# backtrace (most recent call first):
         [0] void Godot.GD.PushWarning(string) (/root/godot/modules/mono/glue/GodotSharp/GodotSharp/Core/GD.cs:396)
         [1] void Urman.Godot.VehicleFleet.FinishSessionProjection() (/Users/unterlantas/Documents/GitHub/URMAN/game/scripts/VehicleFleet.cs:183)
         [2] void Urman.Godot.VehicleFleet._PhysicsProcess(double) (/Users/unterlantas/Documents/GitHub/URMAN/game/scripts/VehicleFleet.cs:104)
         [3] bool Godot.Node.InvokeGodotClassMethod(Godot.NativeInterop.godot_string_name&, Godot.NativeInterop.NativeVariantPtrArgs, Godot.NativeInterop.godot_variant&) (/root/godot/modules/mono/glue/GodotSharp/GodotSharp/Generated/GodotObjects/Node.cs:2648)
         [4] bool Godot.Node3D.InvokeGodotClassMethod(Godot.NativeInterop.godot_string_name&, Godot.NativeInterop.NativeVariantPtrArgs, Godot.NativeInterop.godot_variant&) (/root/godot/modules/mono/glue/GodotSharp/GodotSharp/Generated/GodotObjects/Node3D.cs:1127)
         [5] bool Urman.Godot.VehicleFleet.InvokeGodotClassMethod(Godot.NativeInterop.godot_string_name&, Godot.NativeInterop.NativeVariantPtrArgs, Godot.NativeInterop.godot_variant&) (/Users/unterlantas/Documents/GitHub/URMAN/game/.godot/mono/temp/obj/Debug/Godot.SourceGenerators/Godot.SourceGenerators.ScriptMethodsGenerator/Urman.Godot.VehicleFleet_ScriptMethods.generated.cs:150)
         [6] Godot.NativeInterop.godot_bool Godot.Bridge.CSharpInstanceBridge.Call(nint, Godot.NativeInterop.godot_string_name*, Godot.NativeInterop.godot_variant**, int, Godot.NativeInterop.godot_variant_call_error*, Godot.NativeInterop.godot_variant*) (/root/godot/modules/mono/glue/GodotSharp/GodotSharp/Core/Bridge/CSharpInstanceBridge.cs:24)
WARNING: Vehicle forest-horse-cart placement rejected: the actual ChassisCollision intersects /root/VehicleSmokeTest/NoRecoveryGround448; shape=/root/VehicleSmokeTest/NoRecoveryGround448/@CollisionShape3D@2145 index=0; chassisOrigin=(0.89150685, -0.32524332, -42.163815); no clear authored parking was found.
     at: void Urman.Godot.VehicleFleet.FinishSessionProjection() (res://scripts/VehicleFleet.cs:183)
     C# backtrace (most recent call first):
         [0] void Godot.GD.PushWarning(string) (/root/godot/modules/mono/glue/GodotSharp/GodotSharp/Core/GD.cs:396)
         [1] void Urman.Godot.VehicleFleet.FinishSessionProjection() (/Users/unterlantas/Documents/GitHub/URMAN/game/scripts/VehicleFleet.cs:183)
         [2] void Urman.Godot.VehicleFleet._PhysicsProcess(double) (/Users/unterlantas/Documents/GitHub/URMAN/game/scripts/VehicleFleet.cs:104)
         [3] bool Godot.Node.InvokeGodotClassMethod(Godot.NativeInterop.godot_string_name&, Godot.NativeInterop.NativeVariantPtrArgs, Godot.NativeInterop.godot_variant&) (/root/godot/modules/mono/glue/GodotSharp/GodotSharp/Generated/GodotObjects/Node.cs:2648)
         [4] bool Godot.Node3D.InvokeGodotClassMethod(Godot.NativeInterop.godot_string_name&, Godot.NativeInterop.NativeVariantPtrArgs, Godot.NativeInterop.godot_variant&) (/root/godot/modules/mono/glue/GodotSharp/GodotSharp/Generated/GodotObjects/Node3D.cs:1127)
         [5] bool Urman.Godot.VehicleFleet.InvokeGodotClassMethod(Godot.NativeInterop.godot_string_name&, Godot.NativeInterop.NativeVariantPtrArgs, Godot.NativeInterop.godot_variant&) (/Users/unterlantas/Documents/GitHub/URMAN/game/.godot/mono/temp/obj/Debug/Godot.SourceGenerators/Godot.SourceGenerators.ScriptMethodsGenerator/Urman.Godot.VehicleFleet_ScriptMethods.generated.cs:150)
         [6] Godot.NativeInterop.godot_bool Godot.Bridge.CSharpInstanceBridge.Call(nint, Godot.NativeInterop.godot_string_name*, Godot.NativeInterop.godot_variant**, int, Godot.NativeInterop.godot_variant_call_error*, Godot.NativeInterop.godot_variant*) (/root/godot/modules/mono/glue/GodotSharp/GodotSharp/Core/Bridge/CSharpInstanceBridge.cs:24)
ERROR: The saved vehicle and all checked standing recovery positions are blocked.
   at: void Urman.Godot.VehicleFleet.FinishSessionProjection() (res://scripts/VehicleFleet.cs:204)
   C# backtrace (most recent call first):
       [0] void Godot.GD.PushError(string) (/root/godot/modules/mono/glue/GodotSharp/GodotSharp/Core/GD.cs:366)
       [1] void Urman.Godot.VehicleFleet.FinishSessionProjection() (/Users/unterlantas/Documents/GitHub/URMAN/game/scripts/VehicleFleet.cs:204)
       [2] void Urman.Godot.VehicleFleet._PhysicsProcess(double) (/Users/unterlantas/Documents/GitHub/URMAN/game/scripts/VehicleFleet.cs:104)
       [3] bool Godot.Node.InvokeGodotClassMethod(Godot.NativeInterop.godot_string_name&, Godot.NativeInterop.NativeVariantPtrArgs, Godot.NativeInterop.godot_variant&) (/root/godot/modules/mono/glue/GodotSharp/GodotSharp/Generated/GodotObjects/Node.cs:2648)
       [4] bool Godot.Node3D.InvokeGodotClassMethod(Godot.NativeInterop.godot_string_name&, Godot.NativeInterop.NativeVariantPtrArgs, Godot.NativeInterop.godot_variant&) (/root/godot/modules/mono/glue/GodotSharp/GodotSharp/Generated/GodotObjects/Node3D.cs:1127)
       [5] bool Urman.Godot.VehicleFleet.InvokeGodotClassMethod(Godot.NativeInterop.godot_string_name&, Godot.NativeInterop.NativeVariantPtrArgs, Godot.NativeInterop.godot_variant&) (/Users/unterlantas/Documents/GitHub/URMAN/game/.godot/mono/temp/obj/Debug/Godot.SourceGenerators/Godot.SourceGenerators.ScriptMethodsGenerator/Urman.Godot.VehicleFleet_ScriptMethods.generated.cs:150)
       [6] Godot.NativeInterop.godot_bool Godot.Bridge.CSharpInstanceBridge.Call(nint, Godot.NativeInterop.godot_string_name*, Godot.NativeInterop.godot_variant**, int, Godot.NativeInterop.godot_variant_call_error*, Godot.NativeInterop.godot_variant*) (/root/godot/modules/mono/glue/GodotSharp/GodotSharp/Core/Bridge/CSharpInstanceBridge.cs:24)
ERROR: SaveGameV3 load failed: The saved vehicle and all checked standing recovery positions are blocked.
   at: void Urman.Godot.RuntimeBridge+<LoadFromStoreAsync>d__81.MoveNext() (res://scripts/RuntimeBridge.cs:385)
   C# backtrace (most recent call first):
       [0] void Godot.GD.PushError(string) (/root/godot/modules/mono/glue/GodotSharp/GodotSharp/Core/GD.cs:366)
       [1] void Urman.Godot.RuntimeBridge+<LoadFromStoreAsync>d__81.MoveNext() (/Users/unterlantas/Documents/GitHub/URMAN/game/scripts/RuntimeBridge.cs:385)
       [2] void System.Threading.ExecutionContext.RunInternal(System.Threading.ExecutionContext, System.Threading.ContextCallback, object)
       [3] void System.Runtime.CompilerServices.AsyncTaskMethodBuilder`1+AsyncStateMachineBox`1.MoveNext()
       [4] void System.Threading.Tasks.AwaitTaskContinuation.RunCallback(System.Threading.ContextCallback, object, System.Threading.Tasks.Task&)
       [5] void System.Threading.Tasks.Task.RunContinuations(object)
       [6] void System.Threading.Tasks.Task.FinishSlow(bool)
       [7] bool System.Threading.Tasks.Task.TrySetException(object)
       [8] void System.Runtime.CompilerServices.AsyncTaskMethodBuilder`1.SetException(System.Exception, System.Threading.Tasks.Task`1[TResult]&)
       [9] void Urman.Godot.RuntimeBridge+<RestoreLoadedWorldAsync>d__82.MoveNext() (/Users/unterlantas/Documents/GitHub/URMAN/game/scripts/RuntimeBridge.cs:445)
       [10] void System.Threading.ExecutionContext.RunInternal(System.Threading.ExecutionContext, System.Threading.ContextCallback, object)
       [11] void System.Threading.Tasks.AwaitTaskContinuation.RunCallback(System.Threading.ContextCallback, object, System.Threading.Tasks.Task&)
       [12] void System.Threading.Tasks.Task.RunContinuations(object)
       [13] void System.Threading.Tasks.Task.FinishSlow(bool)
       [14] bool System.Threading.Tasks.Task.TrySetException(object)
       [15] void System.Runtime.CompilerServices.AsyncTaskMethodBuilder`1.SetException(System.Exception, System.Threading.Tasks.Task`1[TResult]&)
       [16] void Urman.Godot.RuntimeBridge+<ProjectPhysicalWorldAsync>d__83.MoveNext() (/Users/unterlantas/Documents/GitHub/URMAN/game/scripts/RuntimeBridge.cs:476)
       [17] void System.Threading.ExecutionContext.RunInternal(System.Threading.ExecutionContext, System.Threading.ContextCallback, object)
       [18] void System.Threading.Tasks.AwaitTaskContinuation.RunCallback(System.Threading.ContextCallback, object, System.Threading.Tasks.Task&)
       [19] void System.Threading.Tasks.Task.RunContinuations(object)
       [20] bool System.Threading.Tasks.Task`1.TrySetResult(TResult)
       [21] void System.Runtime.CompilerServices.AsyncTaskMethodBuilder`1.SetExistingTaskResult(System.Threading.Tasks.Task`1[TResult], TResult)
       [22] void Urman.Godot.VehicleFleet+<CompleteLoadedProjectionAsync>d__44.MoveNext() (/Users/unterlantas/Documents/GitHub/URMAN/game/scripts/VehicleFleet.cs:234)
       [23] void System.Threading.ExecutionContext.RunInternal(System.Threading.ExecutionContext, System.Threading.ContextCallback, object)
       [24] void System.Runtime.CompilerServices.AsyncTaskMethodBuilder`1+AsyncStateMachineBox`1.MoveNext()
       [25] void Godot.SignalAwaiter.SignalCallback(nint, Godot.NativeInterop.godot_variant**, int, Godot.NativeInterop.godot_bool*) (/root/godot/modules/mono/glue/GodotSharp/GodotSharp/Core/SignalAwaiter.cs:65)
WARNING: Vehicle babay-niva placement rejected: the actual ChassisCollision intersects /root/VehicleSmokeTest/DoubleRecoveryBlocked469; shape=/root/VehicleSmokeTest/DoubleRecoveryBlocked469/@CollisionShape3D@2617 index=0; chassisOrigin=(-1.65, -0.24498677, 1); no clear authored parking was found.
     at: void Urman.Godot.VehicleFleet.FinishSessionProjection() (res://scripts/VehicleFleet.cs:183)
     C# backtrace (most recent call first):
         [0] void Godot.GD.PushWarning(string) (/root/godot/modules/mono/glue/GodotSharp/GodotSharp/Core/GD.cs:396)
         [1] void Urman.Godot.VehicleFleet.FinishSessionProjection() (/Users/unterlantas/Documents/GitHub/URMAN/game/scripts/VehicleFleet.cs:183)
         [2] void Urman.Godot.VehicleFleet._PhysicsProcess(double) (/Users/unterlantas/Documents/GitHub/URMAN/game/scripts/VehicleFleet.cs:104)
         [3] bool Godot.Node.InvokeGodotClassMethod(Godot.NativeInterop.godot_string_name&, Godot.NativeInterop.NativeVariantPtrArgs, Godot.NativeInterop.godot_variant&) (/root/godot/modules/mono/glue/GodotSharp/GodotSharp/Generated/GodotObjects/Node.cs:2648)
         [4] bool Godot.Node3D.InvokeGodotClassMethod(Godot.NativeInterop.godot_string_name&, Godot.NativeInterop.NativeVariantPtrArgs, Godot.NativeInterop.godot_variant&) (/root/godot/modules/mono/glue/GodotSharp/GodotSharp/Generated/GodotObjects/Node3D.cs:1127)
         [5] bool Urman.Godot.VehicleFleet.InvokeGodotClassMethod(Godot.NativeInterop.godot_string_name&, Godot.NativeInterop.NativeVariantPtrArgs, Godot.NativeInterop.godot_variant&) (/Users/unterlantas/Documents/GitHub/URMAN/game/.godot/mono/temp/obj/Debug/Godot.SourceGenerators/Godot.SourceGenerators.ScriptMethodsGenerator/Urman.Godot.VehicleFleet_ScriptMethods.generated.cs:150)
         [6] Godot.NativeInterop.godot_bool Godot.Bridge.CSharpInstanceBridge.Call(nint, Godot.NativeInterop.godot_string_name*, Godot.NativeInterop.godot_variant**, int, Godot.NativeInterop.godot_variant_call_error*, Godot.NativeInterop.godot_variant*) (/root/godot/modules/mono/glue/GodotSharp/GodotSharp/Core/Bridge/CSharpInstanceBridge.cs:24)
WARNING: Vehicle village-motorcycle placement rejected: the actual ChassisCollision intersects /root/VehicleSmokeTest/DoubleRecoveryBlocked598; shape=/root/VehicleSmokeTest/DoubleRecoveryBlocked598/@CollisionShape3D@2746 index=0; chassisOrigin=(1.4, -0.3142522, -23); no clear authored parking was found.
     at: void Urman.Godot.VehicleFleet.FinishSessionProjection() (res://scripts/VehicleFleet.cs:183)
     C# backtrace (most recent call first):
         [0] void Godot.GD.PushWarning(string) (/root/godot/modules/mono/glue/GodotSharp/GodotSharp/Core/GD.cs:396)
         [1] void Urman.Godot.VehicleFleet.FinishSessionProjection() (/Users/unterlantas/Documents/GitHub/URMAN/game/scripts/VehicleFleet.cs:183)
         [2] void Urman.Godot.VehicleFleet._PhysicsProcess(double) (/Users/unterlantas/Documents/GitHub/URMAN/game/scripts/VehicleFleet.cs:104)
         [3] bool Godot.Node.InvokeGodotClassMethod(Godot.NativeInterop.godot_string_name&, Godot.NativeInterop.NativeVariantPtrArgs, Godot.NativeInterop.godot_variant&) (/root/godot/modules/mono/glue/GodotSharp/GodotSharp/Generated/GodotObjects/Node.cs:2648)
         [4] bool Godot.Node3D.InvokeGodotClassMethod(Godot.NativeInterop.godot_string_name&, Godot.NativeInterop.NativeVariantPtrArgs, Godot.NativeInterop.godot_variant&) (/root/godot/modules/mono/glue/GodotSharp/GodotSharp/Generated/GodotObjects/Node3D.cs:1127)
         [5] bool Urman.Godot.VehicleFleet.InvokeGodotClassMethod(Godot.NativeInterop.godot_string_name&, Godot.NativeInterop.NativeVariantPtrArgs, Godot.NativeInterop.godot_variant&) (/Users/unterlantas/Documents/GitHub/URMAN/game/.godot/mono/temp/obj/Debug/Godot.SourceGenerators/Godot.SourceGenerators.ScriptMethodsGenerator/Urman.Godot.VehicleFleet_ScriptMethods.generated.cs:150)
         [6] Godot.NativeInterop.godot_bool Godot.Bridge.CSharpInstanceBridge.Call(nint, Godot.NativeInterop.godot_string_name*, Godot.NativeInterop.godot_variant**, int, Godot.NativeInterop.godot_variant_call_error*, Godot.NativeInterop.godot_variant*) (/root/godot/modules/mono/glue/GodotSharp/GodotSharp/Core/Bridge/CSharpInstanceBridge.cs:24)
WARNING: Vehicle forest-horse-cart placement rejected: the actual articulated hoof pose is blocked or unsupported: {"vehicleShape":"HoofContactQuery3","colliderPath":"/root/VehicleSmokeTest/DoubleRecoveryBlocked593","shapeIndex":0,"shapePath":"/root/VehicleSmokeTest/DoubleRecoveryBlocked593/@CollisionShape3D@2741","shapeType":"BoxShape3D","collisionOwner":null,"authoredSourceMesh":null,"foot":3,"kind":"hoof-endpoint"}; no clear authored parking was found.
     at: void Urman.Godot.VehicleFleet.FinishSessionProjection() (res://scripts/VehicleFleet.cs:183)
     C# backtrace (most recent call first):
         [0] void Godot.GD.PushWarning(string) (/root/godot/modules/mono/glue/GodotSharp/GodotSharp/Core/GD.cs:396)
         [1] void Urman.Godot.VehicleFleet.FinishSessionProjection() (/Users/unterlantas/Documents/GitHub/URMAN/game/scripts/VehicleFleet.cs:183)
         [2] void Urman.Godot.VehicleFleet._PhysicsProcess(double) (/Users/unterlantas/Documents/GitHub/URMAN/game/scripts/VehicleFleet.cs:104)
         [3] bool Godot.Node.InvokeGodotClassMethod(Godot.NativeInterop.godot_string_name&, Godot.NativeInterop.NativeVariantPtrArgs, Godot.NativeInterop.godot_variant&) (/root/godot/modules/mono/glue/GodotSharp/GodotSharp/Generated/GodotObjects/Node.cs:2648)
         [4] bool Godot.Node3D.InvokeGodotClassMethod(Godot.NativeInterop.godot_string_name&, Godot.NativeInterop.NativeVariantPtrArgs, Godot.NativeInterop.godot_variant&) (/root/godot/modules/mono/glue/GodotSharp/GodotSharp/Generated/GodotObjects/Node3D.cs:1127)
         [5] bool Urman.Godot.VehicleFleet.InvokeGodotClassMethod(Godot.NativeInterop.godot_string_name&, Godot.NativeInterop.NativeVariantPtrArgs, Godot.NativeInterop.godot_variant&) (/Users/unterlantas/Documents/GitHub/URMAN/game/.godot/mono/temp/obj/Debug/Godot.SourceGenerators/Godot.SourceGenerators.ScriptMethodsGenerator/Urman.Godot.VehicleFleet_ScriptMethods.generated.cs:150)
         [6] Godot.NativeInterop.godot_bool Godot.Bridge.CSharpInstanceBridge.Call(nint, Godot.NativeInterop.godot_string_name*, Godot.NativeInterop.godot_variant**, int, Godot.NativeInterop.godot_variant_call_error*, Godot.NativeInterop.godot_variant*) (/root/godot/modules/mono/glue/GodotSharp/GodotSharp/Core/Bridge/CSharpInstanceBridge.cs:24)
ERROR: The saved vehicle and all checked standing recovery positions are blocked.
   at: void Urman.Godot.VehicleFleet.FinishSessionProjection() (res://scripts/VehicleFleet.cs:204)
   C# backtrace (most recent call first):
       [0] void Godot.GD.PushError(string) (/root/godot/modules/mono/glue/GodotSharp/GodotSharp/Core/GD.cs:366)
       [1] void Urman.Godot.VehicleFleet.FinishSessionProjection() (/Users/unterlantas/Documents/GitHub/URMAN/game/scripts/VehicleFleet.cs:204)
       [2] void Urman.Godot.VehicleFleet._PhysicsProcess(double) (/Users/unterlantas/Documents/GitHub/URMAN/game/scripts/VehicleFleet.cs:104)
       [3] bool Godot.Node.InvokeGodotClassMethod(Godot.NativeInterop.godot_string_name&, Godot.NativeInterop.NativeVariantPtrArgs, Godot.NativeInterop.godot_variant&) (/root/godot/modules/mono/glue/GodotSharp/GodotSharp/Generated/GodotObjects/Node.cs:2648)
       [4] bool Godot.Node3D.InvokeGodotClassMethod(Godot.NativeInterop.godot_string_name&, Godot.NativeInterop.NativeVariantPtrArgs, Godot.NativeInterop.godot_variant&) (/root/godot/modules/mono/glue/GodotSharp/GodotSharp/Generated/GodotObjects/Node3D.cs:1127)
       [5] bool Urman.Godot.VehicleFleet.InvokeGodotClassMethod(Godot.NativeInterop.godot_string_name&, Godot.NativeInterop.NativeVariantPtrArgs, Godot.NativeInterop.godot_variant&) (/Users/unterlantas/Documents/GitHub/URMAN/game/.godot/mono/temp/obj/Debug/Godot.SourceGenerators/Godot.SourceGenerators.ScriptMethodsGenerator/Urman.Godot.VehicleFleet_ScriptMethods.generated.cs:150)
       [6] Godot.NativeInterop.godot_bool Godot.Bridge.CSharpInstanceBridge.Call(nint, Godot.NativeInterop.godot_string_name*, Godot.NativeInterop.godot_variant**, int, Godot.NativeInterop.godot_variant_call_error*, Godot.NativeInterop.godot_variant*) (/root/godot/modules/mono/glue/GodotSharp/GodotSharp/Core/Bridge/CSharpInstanceBridge.cs:24)
ERROR: SaveGameV3 load failed: The saved vehicle and all checked standing recovery positions are blocked.
   at: void Urman.Godot.RuntimeBridge+<LoadFromStoreAsync>d__81.MoveNext() (res://scripts/RuntimeBridge.cs:385)
   C# backtrace (most recent call first):
       [0] void Godot.GD.PushError(string) (/root/godot/modules/mono/glue/GodotSharp/GodotSharp/Core/GD.cs:366)
       [1] void Urman.Godot.RuntimeBridge+<LoadFromStoreAsync>d__81.MoveNext() (/Users/unterlantas/Documents/GitHub/URMAN/game/scripts/RuntimeBridge.cs:385)
       [2] void System.Threading.ExecutionContext.RunInternal(System.Threading.ExecutionContext, System.Threading.ContextCallback, object)
       [3] void System.Runtime.CompilerServices.AsyncTaskMethodBuilder`1+AsyncStateMachineBox`1.MoveNext()
       [4] void System.Threading.Tasks.AwaitTaskContinuation.RunCallback(System.Threading.ContextCallback, object, System.Threading.Tasks.Task&)
       [5] void System.Threading.Tasks.Task.RunContinuations(object)
       [6] void System.Threading.Tasks.Task.FinishSlow(bool)
       [7] bool System.Threading.Tasks.Task.TrySetException(object)
       [8] void System.Runtime.CompilerServices.AsyncTaskMethodBuilder`1.SetException(System.Exception, System.Threading.Tasks.Task`1[TResult]&)
       [9] void Urman.Godot.RuntimeBridge+<RestoreLoadedWorldAsync>d__82.MoveNext() (/Users/unterlantas/Documents/GitHub/URMAN/game/scripts/RuntimeBridge.cs:445)
       [10] void System.Threading.ExecutionContext.RunInternal(System.Threading.ExecutionContext, System.Threading.ContextCallback, object)
       [11] void System.Threading.Tasks.AwaitTaskContinuation.RunCallback(System.Threading.ContextCallback, object, System.Threading.Tasks.Task&)
       [12] void System.Threading.Tasks.Task.RunContinuations(object)
       [13] void System.Threading.Tasks.Task.FinishSlow(bool)
       [14] bool System.Threading.Tasks.Task.TrySetException(object)
       [15] void System.Runtime.CompilerServices.AsyncTaskMethodBuilder`1.SetException(System.Exception, System.Threading.Tasks.Task`1[TResult]&)
       [16] void Urman.Godot.RuntimeBridge+<ProjectPhysicalWorldAsync>d__83.MoveNext() (/Users/unterlantas/Documents/GitHub/URMAN/game/scripts/RuntimeBridge.cs:476)
       [17] void System.Threading.ExecutionContext.RunInternal(System.Threading.ExecutionContext, System.Threading.ContextCallback, object)
       [18] void System.Threading.Tasks.AwaitTaskContinuation.RunCallback(System.Threading.ContextCallback, object, System.Threading.Tasks.Task&)
       [19] void System.Threading.Tasks.Task.RunContinuations(object)
       [20] void System.Runtime.CompilerServices.AsyncTaskMethodBuilder`1.SetExistingTaskResult(System.Threading.Tasks.Task`1[TResult], TResult)
       [21] void Urman.Godot.VehicleFleet+<CompleteLoadedProjectionAsync>d__44.MoveNext() (/Users/unterlantas/Documents/GitHub/URMAN/game/scripts/VehicleFleet.cs:234)
       [22] void System.Threading.ExecutionContext.RunInternal(System.Threading.ExecutionContext, System.Threading.ContextCallback, object)
       [23] void System.Runtime.CompilerServices.AsyncTaskMethodBuilder`1+AsyncStateMachineBox`1.MoveNext()
       [24] void Godot.SignalAwaiter.SignalCallback(nint, Godot.NativeInterop.godot_variant**, int, Godot.NativeInterop.godot_bool*) (/root/godot/modules/mono/glue/GodotSharp/GodotSharp/Core/SignalAwaiter.cs:65)
WARNING: Vehicle babay-niva placement rejected: the actual ChassisCollision intersects /root/VehicleSmokeTest/DoubleRecoveryBlocked469; shape=/root/VehicleSmokeTest/DoubleRecoveryBlocked469/@CollisionShape3D@2617 index=0; chassisOrigin=(-1.6508192, -0.22786745, 0.24529782); no clear authored parking was found.
     at: void Urman.Godot.VehicleFleet.FinishSessionProjection() (res://scripts/VehicleFleet.cs:183)
     C# backtrace (most recent call first):
         [0] void Godot.GD.PushWarning(string) (/root/godot/modules/mono/glue/GodotSharp/GodotSharp/Core/GD.cs:396)
         [1] void Urman.Godot.VehicleFleet.FinishSessionProjection() (/Users/unterlantas/Documents/GitHub/URMAN/game/scripts/VehicleFleet.cs:183)
         [2] void Urman.Godot.VehicleFleet._PhysicsProcess(double) (/Users/unterlantas/Documents/GitHub/URMAN/game/scripts/VehicleFleet.cs:104)
         [3] bool Godot.Node.InvokeGodotClassMethod(Godot.NativeInterop.godot_string_name&, Godot.NativeInterop.NativeVariantPtrArgs, Godot.NativeInterop.godot_variant&) (/root/godot/modules/mono/glue/GodotSharp/GodotSharp/Generated/GodotObjects/Node.cs:2648)
         [4] bool Godot.Node3D.InvokeGodotClassMethod(Godot.NativeInterop.godot_string_name&, Godot.NativeInterop.NativeVariantPtrArgs, Godot.NativeInterop.godot_variant&) (/root/godot/modules/mono/glue/GodotSharp/GodotSharp/Generated/GodotObjects/Node3D.cs:1127)
         [5] bool Urman.Godot.VehicleFleet.InvokeGodotClassMethod(Godot.NativeInterop.godot_string_name&, Godot.NativeInterop.NativeVariantPtrArgs, Godot.NativeInterop.godot_variant&) (/Users/unterlantas/Documents/GitHub/URMAN/game/.godot/mono/temp/obj/Debug/Godot.SourceGenerators/Godot.SourceGenerators.ScriptMethodsGenerator/Urman.Godot.VehicleFleet_ScriptMethods.generated.cs:150)
         [6] Godot.NativeInterop.godot_bool Godot.Bridge.CSharpInstanceBridge.Call(nint, Godot.NativeInterop.godot_string_name*, Godot.NativeInterop.godot_variant**, int, Godot.NativeInterop.godot_variant_call_error*, Godot.NativeInterop.godot_variant*) (/root/godot/modules/mono/glue/GodotSharp/GodotSharp/Core/Bridge/CSharpInstanceBridge.cs:24)
WARNING: Vehicle village-motorcycle placement rejected: the actual ChassisCollision intersects /root/VehicleSmokeTest/DoubleRecoveryBlocked598; shape=/root/VehicleSmokeTest/DoubleRecoveryBlocked598/@CollisionShape3D@2746 index=0; chassisOrigin=(1.4, -0.3142522, -23); no clear authored parking was found.
     at: void Urman.Godot.VehicleFleet.FinishSessionProjection() (res://scripts/VehicleFleet.cs:183)
     C# backtrace (most recent call first):
         [0] void Godot.GD.PushWarning(string) (/root/godot/modules/mono/glue/GodotSharp/GodotSharp/Core/GD.cs:396)
         [1] void Urman.Godot.VehicleFleet.FinishSessionProjection() (/Users/unterlantas/Documents/GitHub/URMAN/game/scripts/VehicleFleet.cs:183)
         [2] void Urman.Godot.VehicleFleet._PhysicsProcess(double) (/Users/unterlantas/Documents/GitHub/URMAN/game/scripts/VehicleFleet.cs:104)
         [3] bool Godot.Node.InvokeGodotClassMethod(Godot.NativeInterop.godot_string_name&, Godot.NativeInterop.NativeVariantPtrArgs, Godot.NativeInterop.godot_variant&) (/root/godot/modules/mono/glue/GodotSharp/GodotSharp/Generated/GodotObjects/Node.cs:2648)
         [4] bool Godot.Node3D.InvokeGodotClassMethod(Godot.NativeInterop.godot_string_name&, Godot.NativeInterop.NativeVariantPtrArgs, Godot.NativeInterop.godot_variant&) (/root/godot/modules/mono/glue/GodotSharp/GodotSharp/Generated/GodotObjects/Node3D.cs:1127)
         [5] bool Urman.Godot.VehicleFleet.InvokeGodotClassMethod(Godot.NativeInterop.godot_string_name&, Godot.NativeInterop.NativeVariantPtrArgs, Godot.NativeInterop.godot_variant&) (/Users/unterlantas/Documents/GitHub/URMAN/game/.godot/mono/temp/obj/Debug/Godot.SourceGenerators/Godot.SourceGenerators.ScriptMethodsGenerator/Urman.Godot.VehicleFleet_ScriptMethods.generated.cs:150)
         [6] Godot.NativeInterop.godot_bool Godot.Bridge.CSharpInstanceBridge.Call(nint, Godot.NativeInterop.godot_string_name*, Godot.NativeInterop.godot_variant**, int, Godot.NativeInterop.godot_variant_call_error*, Godot.NativeInterop.godot_variant*) (/root/godot/modules/mono/glue/GodotSharp/GodotSharp/Core/Bridge/CSharpInstanceBridge.cs:24)
WARNING: Vehicle forest-horse-cart placement rejected: the actual articulated hoof pose is blocked or unsupported: {"vehicleShape":"HoofContactQuery3","colliderPath":"/root/VehicleSmokeTest/DoubleRecoveryBlocked593","shapeIndex":0,"shapePath":"/root/VehicleSmokeTest/DoubleRecoveryBlocked593/@CollisionShape3D@2741","shapeType":"BoxShape3D","collisionOwner":null,"authoredSourceMesh":null,"foot":3,"kind":"hoof-endpoint"}; no clear authored parking was found.
     at: void Urman.Godot.VehicleFleet.FinishSessionProjection() (res://scripts/VehicleFleet.cs:183)
     C# backtrace (most recent call first):
         [0] void Godot.GD.PushWarning(string) (/root/godot/modules/mono/glue/GodotSharp/GodotSharp/Core/GD.cs:396)
         [1] void Urman.Godot.VehicleFleet.FinishSessionProjection() (/Users/unterlantas/Documents/GitHub/URMAN/game/scripts/VehicleFleet.cs:183)
         [2] void Urman.Godot.VehicleFleet._PhysicsProcess(double) (/Users/unterlantas/Documents/GitHub/URMAN/game/scripts/VehicleFleet.cs:104)
         [3] bool Godot.Node.InvokeGodotClassMethod(Godot.NativeInterop.godot_string_name&, Godot.NativeInterop.NativeVariantPtrArgs, Godot.NativeInterop.godot_variant&) (/root/godot/modules/mono/glue/GodotSharp/GodotSharp/Generated/GodotObjects/Node.cs:2648)
         [4] bool Godot.Node3D.InvokeGodotClassMethod(Godot.NativeInterop.godot_string_name&, Godot.NativeInterop.NativeVariantPtrArgs, Godot.NativeInterop.godot_variant&) (/root/godot/modules/mono/glue/GodotSharp/GodotSharp/Generated/GodotObjects/Node3D.cs:1127)
         [5] bool Urman.Godot.VehicleFleet.InvokeGodotClassMethod(Godot.NativeInterop.godot_string_name&, Godot.NativeInterop.NativeVariantPtrArgs, Godot.NativeInterop.godot_variant&) (/Users/unterlantas/Documents/GitHub/URMAN/game/.godot/mono/temp/obj/Debug/Godot.SourceGenerators/Godot.SourceGenerators.ScriptMethodsGenerator/Urman.Godot.VehicleFleet_ScriptMethods.generated.cs:150)
         [6] Godot.NativeInterop.godot_bool Godot.Bridge.CSharpInstanceBridge.Call(nint, Godot.NativeInterop.godot_string_name*, Godot.NativeInterop.godot_variant**, int, Godot.NativeInterop.godot_variant_call_error*, Godot.NativeInterop.godot_variant*) (/root/godot/modules/mono/glue/GodotSharp/GodotSharp/Core/Bridge/CSharpInstanceBridge.cs:24)
ERROR: The saved vehicle and all checked standing recovery positions are blocked.
   at: void Urman.Godot.VehicleFleet.FinishSessionProjection() (res://scripts/VehicleFleet.cs:204)
   C# backtrace (most recent call first):
       [0] void Godot.GD.PushError(string) (/root/godot/modules/mono/glue/GodotSharp/GodotSharp/Core/GD.cs:366)
       [1] void Urman.Godot.VehicleFleet.FinishSessionProjection() (/Users/unterlantas/Documents/GitHub/URMAN/game/scripts/VehicleFleet.cs:204)
       [2] void Urman.Godot.VehicleFleet._PhysicsProcess(double) (/Users/unterlantas/Documents/GitHub/URMAN/game/scripts/VehicleFleet.cs:104)
       [3] bool Godot.Node.InvokeGodotClassMethod(Godot.NativeInterop.godot_string_name&, Godot.NativeInterop.NativeVariantPtrArgs, Godot.NativeInterop.godot_variant&) (/root/godot/modules/mono/glue/GodotSharp/GodotSharp/Generated/GodotObjects/Node.cs:2648)
       [4] bool Godot.Node3D.InvokeGodotClassMethod(Godot.NativeInterop.godot_string_name&, Godot.NativeInterop.NativeVariantPtrArgs, Godot.NativeInterop.godot_variant&) (/root/godot/modules/mono/glue/GodotSharp/GodotSharp/Generated/GodotObjects/Node3D.cs:1127)
       [5] bool Urman.Godot.VehicleFleet.InvokeGodotClassMethod(Godot.NativeInterop.godot_string_name&, Godot.NativeInterop.NativeVariantPtrArgs, Godot.NativeInterop.godot_variant&) (/Users/unterlantas/Documents/GitHub/URMAN/game/.godot/mono/temp/obj/Debug/Godot.SourceGenerators/Godot.SourceGenerators.ScriptMethodsGenerator/Urman.Godot.VehicleFleet_ScriptMethods.generated.cs:150)
       [6] Godot.NativeInterop.godot_bool Godot.Bridge.CSharpInstanceBridge.Call(nint, Godot.NativeInterop.godot_string_name*, Godot.NativeInterop.godot_variant**, int, Godot.NativeInterop.godot_variant_call_error*, Godot.NativeInterop.godot_variant*) (/root/godot/modules/mono/glue/GodotSharp/GodotSharp/Core/Bridge/CSharpInstanceBridge.cs:24)
ERROR: SaveGameV3 could not restore the previous physical placement: The saved vehicle and all checked standing recovery positions are blocked.
   at: void Urman.Godot.RuntimeBridge+<LoadFromStoreAsync>d__81.MoveNext() (res://scripts/RuntimeBridge.cs:392)
   C# backtrace (most recent call first):
       [0] void Godot.GD.PushError(string) (/root/godot/modules/mono/glue/GodotSharp/GodotSharp/Core/GD.cs:366)
       [1] void Urman.Godot.RuntimeBridge+<LoadFromStoreAsync>d__81.MoveNext() (/Users/unterlantas/Documents/GitHub/URMAN/game/scripts/RuntimeBridge.cs:392)
       [2] void System.Threading.ExecutionContext.RunInternal(System.Threading.ExecutionContext, System.Threading.ContextCallback, object)
       [3] void System.Runtime.CompilerServices.AsyncTaskMethodBuilder`1+AsyncStateMachineBox`1.MoveNext()
       [4] void System.Threading.Tasks.AwaitTaskContinuation.RunCallback(System.Threading.ContextCallback, object, System.Threading.Tasks.Task&)
       [5] void System.Threading.Tasks.Task.RunContinuations(object)
       [6] void System.Threading.Tasks.Task.FinishSlow(bool)
       [7] bool System.Threading.Tasks.Task.TrySetException(object)
       [8] void System.Runtime.CompilerServices.AsyncTaskMethodBuilder`1.SetException(System.Exception, System.Threading.Tasks.Task`1[TResult]&)
       [9] void Urman.Godot.RuntimeBridge+<RestoreLoadedWorldAsync>d__82.MoveNext() (/Users/unterlantas/Documents/GitHub/URMAN/game/scripts/RuntimeBridge.cs:445)
       [10] void System.Threading.ExecutionContext.RunInternal(System.Threading.ExecutionContext, System.Threading.ContextCallback, object)
       [11] void System.Threading.Tasks.AwaitTaskContinuation.RunCallback(System.Threading.ContextCallback, object, System.Threading.Tasks.Task&)
       [12] void System.Threading.Tasks.Task.RunContinuations(object)
       [13] void System.Threading.Tasks.Task.FinishSlow(bool)
       [14] bool System.Threading.Tasks.Task.TrySetException(object)
       [15] void System.Runtime.CompilerServices.AsyncTaskMethodBuilder`1.SetException(System.Exception, System.Threading.Tasks.Task`1[TResult]&)
       [16] void Urman.Godot.RuntimeBridge+<ProjectPhysicalWorldAsync>d__83.MoveNext() (/Users/unterlantas/Documents/GitHub/URMAN/game/scripts/RuntimeBridge.cs:476)
       [17] void System.Threading.ExecutionContext.RunInternal(System.Threading.ExecutionContext, System.Threading.ContextCallback, object)
       [18] void System.Threading.Tasks.AwaitTaskContinuation.RunCallback(System.Threading.ContextCallback, object, System.Threading.Tasks.Task&)
       [19] void System.Threading.Tasks.Task.RunContinuations(object)
       [20] void System.Runtime.CompilerServices.AsyncTaskMethodBuilder`1.SetExistingTaskResult(System.Threading.Tasks.Task`1[TResult], TResult)
       [21] void Urman.Godot.VehicleFleet+<CompleteLoadedProjectionAsync>d__44.MoveNext() (/Users/unterlantas/Documents/GitHub/URMAN/game/scripts/VehicleFleet.cs:234)
       [22] void System.Threading.ExecutionContext.RunInternal(System.Threading.ExecutionContext, System.Threading.ContextCallback, object)
       [23] void System.Runtime.CompilerServices.AsyncTaskMethodBuilder`1+AsyncStateMachineBox`1.MoveNext()
       [24] void Godot.SignalAwaiter.SignalCallback(nint, Godot.NativeInterop.godot_variant**, int, Godot.NativeInterop.godot_bool*) (/root/godot/modules/mono/glue/GodotSharp/GodotSharp/Core/SignalAwaiter.cs:65)
WARNING: Quick save is unavailable before the runtime and player are ready.
     at: void Urman.Godot.RuntimeBridge+<SaveSlotAsync>d__67.MoveNext() (res://scripts/RuntimeBridge.cs:169)
     C# backtrace (most recent call first):
         [0] void Godot.GD.PushWarning(string) (/root/godot/modules/mono/glue/GodotSharp/GodotSharp/Core/GD.cs:396)
         [1] void Urman.Godot.RuntimeBridge+<SaveSlotAsync>d__67.MoveNext() (/Users/unterlantas/Documents/GitHub/URMAN/game/scripts/RuntimeBridge.cs:169)
         [2] void System.Runtime.CompilerServices.AsyncTaskMethodBuilder`1.Start<TStateMachine>(TStateMachine&)
         [3] System.Threading.Tasks.Task`1[System.Boolean] Urman.Godot.RuntimeBridge.SaveSlotAsync(string)
         [4] void Urman.Godot.Tests.VehicleSmokeTest+<DoubleOccupiedRecoveryFailureStaysClosed>d__74.MoveNext() (/Users/unterlantas/Documents/GitHub/URMAN/game/tests/VehicleSmokeTest.Rollback.cs:221)
         [5] void System.Threading.ExecutionContext.RunInternal(System.Threading.ExecutionContext, System.Threading.ContextCallback, object)
         [6] void System.Threading.Tasks.AwaitTaskContinuation.RunCallback(System.Threading.ContextCallback, object, System.Threading.Tasks.Task&)
         [7] void System.Threading.Tasks.Task.RunContinuations(object)
         [8] void System.Runtime.CompilerServices.AsyncTaskMethodBuilder.SetResult()
         [9] void Urman.Godot.Tests.VehicleSmokeTest+<Frames>d__41.MoveNext() (/Users/unterlantas/Documents/GitHub/URMAN/game/tests/VehicleSmokeTest.cs:442)
         [10] void System.Threading.ExecutionContext.RunInternal(System.Threading.ExecutionContext, System.Threading.ContextCallback, object)
         [11] void System.Runtime.CompilerServices.AsyncTaskMethodBuilder`1+AsyncStateMachineBox`1.MoveNext()
         [12] void Godot.SignalAwaiter.SignalCallback(nint, Godot.NativeInterop.godot_variant**, int, Godot.NativeInterop.godot_bool*) (/root/godot/modules/mono/glue/GodotSharp/GodotSharp/Core/SignalAwaiter.cs:65)
WARNING: Vehicle babay-niva placement rejected: the actual ChassisCollision intersects /root/VehicleSmokeTest/DoubleRecoveryBlocked469; shape=/root/VehicleSmokeTest/DoubleRecoveryBlocked469/@CollisionShape3D@2617 index=0; chassisOrigin=(-1.65, -0.24498677, 1); no clear authored parking was found.
     at: void Urman.Godot.VehicleFleet.FinishSessionProjection() (res://scripts/VehicleFleet.cs:183)
     C# backtrace (most recent call first):
         [0] void Godot.GD.PushWarning(string) (/root/godot/modules/mono/glue/GodotSharp/GodotSharp/Core/GD.cs:396)
         [1] void Urman.Godot.VehicleFleet.FinishSessionProjection() (/Users/unterlantas/Documents/GitHub/URMAN/game/scripts/VehicleFleet.cs:183)
         [2] void Urman.Godot.VehicleFleet._PhysicsProcess(double) (/Users/unterlantas/Documents/GitHub/URMAN/game/scripts/VehicleFleet.cs:104)
         [3] bool Godot.Node.InvokeGodotClassMethod(Godot.NativeInterop.godot_string_name&, Godot.NativeInterop.NativeVariantPtrArgs, Godot.NativeInterop.godot_variant&) (/root/godot/modules/mono/glue/GodotSharp/GodotSharp/Generated/GodotObjects/Node.cs:2648)
         [4] bool Godot.Node3D.InvokeGodotClassMethod(Godot.NativeInterop.godot_string_name&, Godot.NativeInterop.NativeVariantPtrArgs, Godot.NativeInterop.godot_variant&) (/root/godot/modules/mono/glue/GodotSharp/GodotSharp/Generated/GodotObjects/Node3D.cs:1127)
         [5] bool Urman.Godot.VehicleFleet.InvokeGodotClassMethod(Godot.NativeInterop.godot_string_name&, Godot.NativeInterop.NativeVariantPtrArgs, Godot.NativeInterop.godot_variant&) (/Users/unterlantas/Documents/GitHub/URMAN/game/.godot/mono/temp/obj/Debug/Godot.SourceGenerators/Godot.SourceGenerators.ScriptMethodsGenerator/Urman.Godot.VehicleFleet_ScriptMethods.generated.cs:150)
         [6] Godot.NativeInterop.godot_bool Godot.Bridge.CSharpInstanceBridge.Call(nint, Godot.NativeInterop.godot_string_name*, Godot.NativeInterop.godot_variant**, int, Godot.NativeInterop.godot_variant_call_error*, Godot.NativeInterop.godot_variant*) (/root/godot/modules/mono/glue/GodotSharp/GodotSharp/Core/Bridge/CSharpInstanceBridge.cs:24)
WARNING: Vehicle village-motorcycle placement rejected: the actual ChassisCollision intersects /root/VehicleSmokeTest/DoubleRecoveryBlocked598; shape=/root/VehicleSmokeTest/DoubleRecoveryBlocked598/@CollisionShape3D@2746 index=0; chassisOrigin=(1.4, -0.3142522, -23); no clear authored parking was found.
     at: void Urman.Godot.VehicleFleet.FinishSessionProjection() (res://scripts/VehicleFleet.cs:183)
     C# backtrace (most recent call first):
         [0] void Godot.GD.PushWarning(string) (/root/godot/modules/mono/glue/GodotSharp/GodotSharp/Core/GD.cs:396)
         [1] void Urman.Godot.VehicleFleet.FinishSessionProjection() (/Users/unterlantas/Documents/GitHub/URMAN/game/scripts/VehicleFleet.cs:183)
         [2] void Urman.Godot.VehicleFleet._PhysicsProcess(double) (/Users/unterlantas/Documents/GitHub/URMAN/game/scripts/VehicleFleet.cs:104)
         [3] bool Godot.Node.InvokeGodotClassMethod(Godot.NativeInterop.godot_string_name&, Godot.NativeInterop.NativeVariantPtrArgs, Godot.NativeInterop.godot_variant&) (/root/godot/modules/mono/glue/GodotSharp/GodotSharp/Generated/GodotObjects/Node.cs:2648)
         [4] bool Godot.Node3D.InvokeGodotClassMethod(Godot.NativeInterop.godot_string_name&, Godot.NativeInterop.NativeVariantPtrArgs, Godot.NativeInterop.godot_variant&) (/root/godot/modules/mono/glue/GodotSharp/GodotSharp/Generated/GodotObjects/Node3D.cs:1127)
         [5] bool Urman.Godot.VehicleFleet.InvokeGodotClassMethod(Godot.NativeInterop.godot_string_name&, Godot.NativeInterop.NativeVariantPtrArgs, Godot.NativeInterop.godot_variant&) (/Users/unterlantas/Documents/GitHub/URMAN/game/.godot/mono/temp/obj/Debug/Godot.SourceGenerators/Godot.SourceGenerators.ScriptMethodsGenerator/Urman.Godot.VehicleFleet_ScriptMethods.generated.cs:150)
         [6] Godot.NativeInterop.godot_bool Godot.Bridge.CSharpInstanceBridge.Call(nint, Godot.NativeInterop.godot_string_name*, Godot.NativeInterop.godot_variant**, int, Godot.NativeInterop.godot_variant_call_error*, Godot.NativeInterop.godot_variant*) (/root/godot/modules/mono/glue/GodotSharp/GodotSharp/Core/Bridge/CSharpInstanceBridge.cs:24)
WARNING: Vehicle forest-horse-cart placement rejected: the actual articulated hoof pose is blocked or unsupported: {"vehicleShape":"HoofContactQuery3","colliderPath":"/root/VehicleSmokeTest/DoubleRecoveryBlocked593","shapeIndex":0,"shapePath":"/root/VehicleSmokeTest/DoubleRecoveryBlocked593/@CollisionShape3D@2741","shapeType":"BoxShape3D","collisionOwner":null,"authoredSourceMesh":null,"foot":3,"kind":"hoof-endpoint"}; no clear authored parking was found.
     at: void Urman.Godot.VehicleFleet.FinishSessionProjection() (res://scripts/VehicleFleet.cs:183)
     C# backtrace (most recent call first):
         [0] void Godot.GD.PushWarning(string) (/root/godot/modules/mono/glue/GodotSharp/GodotSharp/Core/GD.cs:396)
         [1] void Urman.Godot.VehicleFleet.FinishSessionProjection() (/Users/unterlantas/Documents/GitHub/URMAN/game/scripts/VehicleFleet.cs:183)
         [2] void Urman.Godot.VehicleFleet._PhysicsProcess(double) (/Users/unterlantas/Documents/GitHub/URMAN/game/scripts/VehicleFleet.cs:104)
         [3] bool Godot.Node.InvokeGodotClassMethod(Godot.NativeInterop.godot_string_name&, Godot.NativeInterop.NativeVariantPtrArgs, Godot.NativeInterop.godot_variant&) (/root/godot/modules/mono/glue/GodotSharp/GodotSharp/Generated/GodotObjects/Node.cs:2648)
         [4] bool Godot.Node3D.InvokeGodotClassMethod(Godot.NativeInterop.godot_string_name&, Godot.NativeInterop.NativeVariantPtrArgs, Godot.NativeInterop.godot_variant&) (/root/godot/modules/mono/glue/GodotSharp/GodotSharp/Generated/GodotObjects/Node3D.cs:1127)
         [5] bool Urman.Godot.VehicleFleet.InvokeGodotClassMethod(Godot.NativeInterop.godot_string_name&, Godot.NativeInterop.NativeVariantPtrArgs, Godot.NativeInterop.godot_variant&) (/Users/unterlantas/Documents/GitHub/URMAN/game/.godot/mono/temp/obj/Debug/Godot.SourceGenerators/Godot.SourceGenerators.ScriptMethodsGenerator/Urman.Godot.VehicleFleet_ScriptMethods.generated.cs:150)
         [6] Godot.NativeInterop.godot_bool Godot.Bridge.CSharpInstanceBridge.Call(nint, Godot.NativeInterop.godot_string_name*, Godot.NativeInterop.godot_variant**, int, Godot.NativeInterop.godot_variant_call_error*, Godot.NativeInterop.godot_variant*) (/root/godot/modules/mono/glue/GodotSharp/GodotSharp/Core/Bridge/CSharpInstanceBridge.cs:24)
ERROR: The saved vehicle and all checked standing recovery positions are blocked.
   at: void Urman.Godot.VehicleFleet.FinishSessionProjection() (res://scripts/VehicleFleet.cs:204)
   C# backtrace (most recent call first):
       [0] void Godot.GD.PushError(string) (/root/godot/modules/mono/glue/GodotSharp/GodotSharp/Core/GD.cs:366)
       [1] void Urman.Godot.VehicleFleet.FinishSessionProjection() (/Users/unterlantas/Documents/GitHub/URMAN/game/scripts/VehicleFleet.cs:204)
       [2] void Urman.Godot.VehicleFleet._PhysicsProcess(double) (/Users/unterlantas/Documents/GitHub/URMAN/game/scripts/VehicleFleet.cs:104)
       [3] bool Godot.Node.InvokeGodotClassMethod(Godot.NativeInterop.godot_string_name&, Godot.NativeInterop.NativeVariantPtrArgs, Godot.NativeInterop.godot_variant&) (/root/godot/modules/mono/glue/GodotSharp/GodotSharp/Generated/GodotObjects/Node.cs:2648)
       [4] bool Godot.Node3D.InvokeGodotClassMethod(Godot.NativeInterop.godot_string_name&, Godot.NativeInterop.NativeVariantPtrArgs, Godot.NativeInterop.godot_variant&) (/root/godot/modules/mono/glue/GodotSharp/GodotSharp/Generated/GodotObjects/Node3D.cs:1127)
       [5] bool Urman.Godot.VehicleFleet.InvokeGodotClassMethod(Godot.NativeInterop.godot_string_name&, Godot.NativeInterop.NativeVariantPtrArgs, Godot.NativeInterop.godot_variant&) (/Users/unterlantas/Documents/GitHub/URMAN/game/.godot/mono/temp/obj/Debug/Godot.SourceGenerators/Godot.SourceGenerators.ScriptMethodsGenerator/Urman.Godot.VehicleFleet_ScriptMethods.generated.cs:150)
       [6] Godot.NativeInterop.godot_bool Godot.Bridge.CSharpInstanceBridge.Call(nint, Godot.NativeInterop.godot_string_name*, Godot.NativeInterop.godot_variant**, int, Godot.NativeInterop.godot_variant_call_error*, Godot.NativeInterop.godot_variant*) (/root/godot/modules/mono/glue/GodotSharp/GodotSharp/Core/Bridge/CSharpInstanceBridge.cs:24)
ERROR: SaveGameV3 load failed: The saved vehicle and all checked standing recovery positions are blocked.
   at: void Urman.Godot.RuntimeBridge+<LoadFromStoreAsync>d__81.MoveNext() (res://scripts/RuntimeBridge.cs:385)
   C# backtrace (most recent call first):
       [0] void Godot.GD.PushError(string) (/root/godot/modules/mono/glue/GodotSharp/GodotSharp/Core/GD.cs:366)
       [1] void Urman.Godot.RuntimeBridge+<LoadFromStoreAsync>d__81.MoveNext() (/Users/unterlantas/Documents/GitHub/URMAN/game/scripts/RuntimeBridge.cs:385)
       [2] void System.Threading.ExecutionContext.RunInternal(System.Threading.ExecutionContext, System.Threading.ContextCallback, object)
       [3] void System.Runtime.CompilerServices.AsyncTaskMethodBuilder`1+AsyncStateMachineBox`1.MoveNext()
       [4] void System.Threading.Tasks.AwaitTaskContinuation.RunCallback(System.Threading.ContextCallback, object, System.Threading.Tasks.Task&)
       [5] void System.Threading.Tasks.Task.RunContinuations(object)
       [6] void System.Threading.Tasks.Task.FinishSlow(bool)
       [7] bool System.Threading.Tasks.Task.TrySetException(object)
       [8] void System.Runtime.CompilerServices.AsyncTaskMethodBuilder`1.SetException(System.Exception, System.Threading.Tasks.Task`1[TResult]&)
       [9] void Urman.Godot.RuntimeBridge+<RestoreLoadedWorldAsync>d__82.MoveNext() (/Users/unterlantas/Documents/GitHub/URMAN/game/scripts/RuntimeBridge.cs:445)
       [10] void System.Threading.ExecutionContext.RunInternal(System.Threading.ExecutionContext, System.Threading.ContextCallback, object)
       [11] void System.Threading.Tasks.AwaitTaskContinuation.RunCallback(System.Threading.ContextCallback, object, System.Threading.Tasks.Task&)
       [12] void System.Threading.Tasks.Task.RunContinuations(object)
       [13] void System.Threading.Tasks.Task.FinishSlow(bool)
       [14] bool System.Threading.Tasks.Task.TrySetException(object)
       [15] void System.Runtime.CompilerServices.AsyncTaskMethodBuilder`1.SetException(System.Exception, System.Threading.Tasks.Task`1[TResult]&)
       [16] void Urman.Godot.RuntimeBridge+<ProjectPhysicalWorldAsync>d__83.MoveNext() (/Users/unterlantas/Documents/GitHub/URMAN/game/scripts/RuntimeBridge.cs:476)
       [17] void System.Threading.ExecutionContext.RunInternal(System.Threading.ExecutionContext, System.Threading.ContextCallback, object)
       [18] void System.Threading.Tasks.AwaitTaskContinuation.RunCallback(System.Threading.ContextCallback, object, System.Threading.Tasks.Task&)
       [19] void System.Threading.Tasks.Task.RunContinuations(object)
       [20] void System.Runtime.CompilerServices.AsyncTaskMethodBuilder`1.SetExistingTaskResult(System.Threading.Tasks.Task`1[TResult], TResult)
       [21] void Urman.Godot.VehicleFleet+<CompleteLoadedProjectionAsync>d__44.MoveNext() (/Users/unterlantas/Documents/GitHub/URMAN/game/scripts/VehicleFleet.cs:234)
       [22] void System.Threading.ExecutionContext.RunInternal(System.Threading.ExecutionContext, System.Threading.ContextCallback, object)
       [23] void System.Runtime.CompilerServices.AsyncTaskMethodBuilder`1+AsyncStateMachineBox`1.MoveNext()
       [24] void Godot.SignalAwaiter.SignalCallback(nint, Godot.NativeInterop.godot_variant**, int, Godot.NativeInterop.godot_bool*) (/root/godot/modules/mono/glue/GodotSharp/GodotSharp/Core/SignalAwaiter.cs:65)
WARNING: Vehicle babay-niva placement rejected: the actual ChassisCollision intersects /root/VehicleSmokeTest/DoubleRecoveryBlocked469; shape=/root/VehicleSmokeTest/DoubleRecoveryBlocked469/@CollisionShape3D@2617 index=0; chassisOrigin=(-1.6508192, -0.22786745, 0.24529782); no clear authored parking was found.
     at: void Urman.Godot.VehicleFleet.FinishSessionProjection() (res://scripts/VehicleFleet.cs:183)
     C# backtrace (most recent call first):
         [0] void Godot.GD.PushWarning(string) (/root/godot/modules/mono/glue/GodotSharp/GodotSharp/Core/GD.cs:396)
         [1] void Urman.Godot.VehicleFleet.FinishSessionProjection() (/Users/unterlantas/Documents/GitHub/URMAN/game/scripts/VehicleFleet.cs:183)
         [2] void Urman.Godot.VehicleFleet._PhysicsProcess(double) (/Users/unterlantas/Documents/GitHub/URMAN/game/scripts/VehicleFleet.cs:104)
         [3] bool Godot.Node.InvokeGodotClassMethod(Godot.NativeInterop.godot_string_name&, Godot.NativeInterop.NativeVariantPtrArgs, Godot.NativeInterop.godot_variant&) (/root/godot/modules/mono/glue/GodotSharp/GodotSharp/Generated/GodotObjects/Node.cs:2648)
         [4] bool Godot.Node3D.InvokeGodotClassMethod(Godot.NativeInterop.godot_string_name&, Godot.NativeInterop.NativeVariantPtrArgs, Godot.NativeInterop.godot_variant&) (/root/godot/modules/mono/glue/GodotSharp/GodotSharp/Generated/GodotObjects/Node3D.cs:1127)
         [5] bool Urman.Godot.VehicleFleet.InvokeGodotClassMethod(Godot.NativeInterop.godot_string_name&, Godot.NativeInterop.NativeVariantPtrArgs, Godot.NativeInterop.godot_variant&) (/Users/unterlantas/Documents/GitHub/URMAN/game/.godot/mono/temp/obj/Debug/Godot.SourceGenerators/Godot.SourceGenerators.ScriptMethodsGenerator/Urman.Godot.VehicleFleet_ScriptMethods.generated.cs:150)
         [6] Godot.NativeInterop.godot_bool Godot.Bridge.CSharpInstanceBridge.Call(nint, Godot.NativeInterop.godot_string_name*, Godot.NativeInterop.godot_variant**, int, Godot.NativeInterop.godot_variant_call_error*, Godot.NativeInterop.godot_variant*) (/root/godot/modules/mono/glue/GodotSharp/GodotSharp/Core/Bridge/CSharpInstanceBridge.cs:24)
WARNING: Vehicle village-motorcycle placement rejected: the actual ChassisCollision intersects /root/VehicleSmokeTest/DoubleRecoveryBlocked598; shape=/root/VehicleSmokeTest/DoubleRecoveryBlocked598/@CollisionShape3D@2746 index=0; chassisOrigin=(1.4, -0.3142522, -23); no clear authored parking was found.
     at: void Urman.Godot.VehicleFleet.FinishSessionProjection() (res://scripts/VehicleFleet.cs:183)
     C# backtrace (most recent call first):
         [0] void Godot.GD.PushWarning(string) (/root/godot/modules/mono/glue/GodotSharp/GodotSharp/Core/GD.cs:396)
         [1] void Urman.Godot.VehicleFleet.FinishSessionProjection() (/Users/unterlantas/Documents/GitHub/URMAN/game/scripts/VehicleFleet.cs:183)
         [2] void Urman.Godot.VehicleFleet._PhysicsProcess(double) (/Users/unterlantas/Documents/GitHub/URMAN/game/scripts/VehicleFleet.cs:104)
         [3] bool Godot.Node.InvokeGodotClassMethod(Godot.NativeInterop.godot_string_name&, Godot.NativeInterop.NativeVariantPtrArgs, Godot.NativeInterop.godot_variant&) (/root/godot/modules/mono/glue/GodotSharp/GodotSharp/Generated/GodotObjects/Node.cs:2648)
         [4] bool Godot.Node3D.InvokeGodotClassMethod(Godot.NativeInterop.godot_string_name&, Godot.NativeInterop.NativeVariantPtrArgs, Godot.NativeInterop.godot_variant&) (/root/godot/modules/mono/glue/GodotSharp/GodotSharp/Generated/GodotObjects/Node3D.cs:1127)
         [5] bool Urman.Godot.VehicleFleet.InvokeGodotClassMethod(Godot.NativeInterop.godot_string_name&, Godot.NativeInterop.NativeVariantPtrArgs, Godot.NativeInterop.godot_variant&) (/Users/unterlantas/Documents/GitHub/URMAN/game/.godot/mono/temp/obj/Debug/Godot.SourceGenerators/Godot.SourceGenerators.ScriptMethodsGenerator/Urman.Godot.VehicleFleet_ScriptMethods.generated.cs:150)
         [6] Godot.NativeInterop.godot_bool Godot.Bridge.CSharpInstanceBridge.Call(nint, Godot.NativeInterop.godot_string_name*, Godot.NativeInterop.godot_variant**, int, Godot.NativeInterop.godot_variant_call_error*, Godot.NativeInterop.godot_variant*) (/root/godot/modules/mono/glue/GodotSharp/GodotSharp/Core/Bridge/CSharpInstanceBridge.cs:24)
WARNING: Vehicle forest-horse-cart placement rejected: the actual articulated hoof pose is blocked or unsupported: {"vehicleShape":"HoofContactQuery3","colliderPath":"/root/VehicleSmokeTest/DoubleRecoveryBlocked593","shapeIndex":0,"shapePath":"/root/VehicleSmokeTest/DoubleRecoveryBlocked593/@CollisionShape3D@2741","shapeType":"BoxShape3D","collisionOwner":null,"authoredSourceMesh":null,"foot":3,"kind":"hoof-endpoint"}; no clear authored parking was found.
     at: void Urman.Godot.VehicleFleet.FinishSessionProjection() (res://scripts/VehicleFleet.cs:183)
     C# backtrace (most recent call first):
         [0] void Godot.GD.PushWarning(string) (/root/godot/modules/mono/glue/GodotSharp/GodotSharp/Core/GD.cs:396)
         [1] void Urman.Godot.VehicleFleet.FinishSessionProjection() (/Users/unterlantas/Documents/GitHub/URMAN/game/scripts/VehicleFleet.cs:183)
         [2] void Urman.Godot.VehicleFleet._PhysicsProcess(double) (/Users/unterlantas/Documents/GitHub/URMAN/game/scripts/VehicleFleet.cs:104)
         [3] bool Godot.Node.InvokeGodotClassMethod(Godot.NativeInterop.godot_string_name&, Godot.NativeInterop.NativeVariantPtrArgs, Godot.NativeInterop.godot_variant&) (/root/godot/modules/mono/glue/GodotSharp/GodotSharp/Generated/GodotObjects/Node.cs:2648)
         [4] bool Godot.Node3D.InvokeGodotClassMethod(Godot.NativeInterop.godot_string_name&, Godot.NativeInterop.NativeVariantPtrArgs, Godot.NativeInterop.godot_variant&) (/root/godot/modules/mono/glue/GodotSharp/GodotSharp/Generated/GodotObjects/Node3D.cs:1127)
         [5] bool Urman.Godot.VehicleFleet.InvokeGodotClassMethod(Godot.NativeInterop.godot_string_name&, Godot.NativeInterop.NativeVariantPtrArgs, Godot.NativeInterop.godot_variant&) (/Users/unterlantas/Documents/GitHub/URMAN/game/.godot/mono/temp/obj/Debug/Godot.SourceGenerators/Godot.SourceGenerators.ScriptMethodsGenerator/Urman.Godot.VehicleFleet_ScriptMethods.generated.cs:150)
         [6] Godot.NativeInterop.godot_bool Godot.Bridge.CSharpInstanceBridge.Call(nint, Godot.NativeInterop.godot_string_name*, Godot.NativeInterop.godot_variant**, int, Godot.NativeInterop.godot_variant_call_error*, Godot.NativeInterop.godot_variant*) (/root/godot/modules/mono/glue/GodotSharp/GodotSharp/Core/Bridge/CSharpInstanceBridge.cs:24)
ERROR: The saved vehicle and all checked standing recovery positions are blocked.
   at: void Urman.Godot.VehicleFleet.FinishSessionProjection() (res://scripts/VehicleFleet.cs:204)
   C# backtrace (most recent call first):
       [0] void Godot.GD.PushError(string) (/root/godot/modules/mono/glue/GodotSharp/GodotSharp/Core/GD.cs:366)
       [1] void Urman.Godot.VehicleFleet.FinishSessionProjection() (/Users/unterlantas/Documents/GitHub/URMAN/game/scripts/VehicleFleet.cs:204)
       [2] void Urman.Godot.VehicleFleet._PhysicsProcess(double) (/Users/unterlantas/Documents/GitHub/URMAN/game/scripts/VehicleFleet.cs:104)
       [3] bool Godot.Node.InvokeGodotClassMethod(Godot.NativeInterop.godot_string_name&, Godot.NativeInterop.NativeVariantPtrArgs, Godot.NativeInterop.godot_variant&) (/root/godot/modules/mono/glue/GodotSharp/GodotSharp/Generated/GodotObjects/Node.cs:2648)
       [4] bool Godot.Node3D.InvokeGodotClassMethod(Godot.NativeInterop.godot_string_name&, Godot.NativeInterop.NativeVariantPtrArgs, Godot.NativeInterop.godot_variant&) (/root/godot/modules/mono/glue/GodotSharp/GodotSharp/Generated/GodotObjects/Node3D.cs:1127)
       [5] bool Urman.Godot.VehicleFleet.InvokeGodotClassMethod(Godot.NativeInterop.godot_string_name&, Godot.NativeInterop.NativeVariantPtrArgs, Godot.NativeInterop.godot_variant&) (/Users/unterlantas/Documents/GitHub/URMAN/game/.godot/mono/temp/obj/Debug/Godot.SourceGenerators/Godot.SourceGenerators.ScriptMethodsGenerator/Urman.Godot.VehicleFleet_ScriptMethods.generated.cs:150)
       [6] Godot.NativeInterop.godot_bool Godot.Bridge.CSharpInstanceBridge.Call(nint, Godot.NativeInterop.godot_string_name*, Godot.NativeInterop.godot_variant**, int, Godot.NativeInterop.godot_variant_call_error*, Godot.NativeInterop.godot_variant*) (/root/godot/modules/mono/glue/GodotSharp/GodotSharp/Core/Bridge/CSharpInstanceBridge.cs:24)
ERROR: SaveGameV3 could not restore the previous physical placement: The saved vehicle and all checked standing recovery positions are blocked.
   at: void Urman.Godot.RuntimeBridge+<LoadFromStoreAsync>d__81.MoveNext() (res://scripts/RuntimeBridge.cs:392)
   C# backtrace (most recent call first):
       [0] void Godot.GD.PushError(string) (/root/godot/modules/mono/glue/GodotSharp/GodotSharp/Core/GD.cs:366)
       [1] void Urman.Godot.RuntimeBridge+<LoadFromStoreAsync>d__81.MoveNext() (/Users/unterlantas/Documents/GitHub/URMAN/game/scripts/RuntimeBridge.cs:392)
       [2] void System.Threading.ExecutionContext.RunInternal(System.Threading.ExecutionContext, System.Threading.ContextCallback, object)
       [3] void System.Runtime.CompilerServices.AsyncTaskMethodBuilder`1+AsyncStateMachineBox`1.MoveNext()
       [4] void System.Threading.Tasks.AwaitTaskContinuation.RunCallback(System.Threading.ContextCallback, object, System.Threading.Tasks.Task&)
       [5] void System.Threading.Tasks.Task.RunContinuations(object)
       [6] void System.Threading.Tasks.Task.FinishSlow(bool)
       [7] bool System.Threading.Tasks.Task.TrySetException(object)
       [8] void System.Runtime.CompilerServices.AsyncTaskMethodBuilder`1.SetException(System.Exception, System.Threading.Tasks.Task`1[TResult]&)
       [9] void Urman.Godot.RuntimeBridge+<RestoreLoadedWorldAsync>d__82.MoveNext() (/Users/unterlantas/Documents/GitHub/URMAN/game/scripts/RuntimeBridge.cs:445)
       [10] void System.Threading.ExecutionContext.RunInternal(System.Threading.ExecutionContext, System.Threading.ContextCallback, object)
       [11] void System.Threading.Tasks.AwaitTaskContinuation.RunCallback(System.Threading.ContextCallback, object, System.Threading.Tasks.Task&)
       [12] void System.Threading.Tasks.Task.RunContinuations(object)
       [13] void System.Threading.Tasks.Task.FinishSlow(bool)
       [14] bool System.Threading.Tasks.Task.TrySetException(object)
       [15] void System.Runtime.CompilerServices.AsyncTaskMethodBuilder`1.SetException(System.Exception, System.Threading.Tasks.Task`1[TResult]&)
       [16] void Urman.Godot.RuntimeBridge+<ProjectPhysicalWorldAsync>d__83.MoveNext() (/Users/unterlantas/Documents/GitHub/URMAN/game/scripts/RuntimeBridge.cs:476)
       [17] void System.Threading.ExecutionContext.RunInternal(System.Threading.ExecutionContext, System.Threading.ContextCallback, object)
       [18] void System.Threading.Tasks.AwaitTaskContinuation.RunCallback(System.Threading.ContextCallback, object, System.Threading.Tasks.Task&)
       [19] void System.Threading.Tasks.Task.RunContinuations(object)
       [20] void System.Runtime.CompilerServices.AsyncTaskMethodBuilder`1.SetExistingTaskResult(System.Threading.Tasks.Task`1[TResult], TResult)
       [21] void Urman.Godot.VehicleFleet+<CompleteLoadedProjectionAsync>d__44.MoveNext() (/Users/unterlantas/Documents/GitHub/URMAN/game/scripts/VehicleFleet.cs:234)
       [22] void System.Threading.ExecutionContext.RunInternal(System.Threading.ExecutionContext, System.Threading.ContextCallback, object)
       [23] void System.Runtime.CompilerServices.AsyncTaskMethodBuilder`1+AsyncStateMachineBox`1.MoveNext()
       [24] void Godot.SignalAwaiter.SignalCallback(nint, Godot.NativeInterop.godot_variant**, int, Godot.NativeInterop.godot_bool*) (/root/godot/modules/mono/glue/GodotSharp/GodotSharp/Core/SignalAwaiter.cs:65)
WARNING: Vehicle babay-niva placement rejected: the actual ChassisCollision intersects /root/VehicleSmokeTest/DoubleRecoveryBlocked437; shape=/root/VehicleSmokeTest/DoubleRecoveryBlocked437/@CollisionShape3D@3199 index=0; chassisOrigin=(-1.65, -0.24498677, 1); no clear authored parking was found.
     at: void Urman.Godot.VehicleFleet.FinishSessionProjection() (res://scripts/VehicleFleet.cs:183)
     C# backtrace (most recent call first):
         [0] void Godot.GD.PushWarning(string) (/root/godot/modules/mono/glue/GodotSharp/GodotSharp/Core/GD.cs:396)
         [1] void Urman.Godot.VehicleFleet.FinishSessionProjection() (/Users/unterlantas/Documents/GitHub/URMAN/game/scripts/VehicleFleet.cs:183)
         [2] void Urman.Godot.VehicleFleet._PhysicsProcess(double) (/Users/unterlantas/Documents/GitHub/URMAN/game/scripts/VehicleFleet.cs:104)
         [3] bool Godot.Node.InvokeGodotClassMethod(Godot.NativeInterop.godot_string_name&, Godot.NativeInterop.NativeVariantPtrArgs, Godot.NativeInterop.godot_variant&) (/root/godot/modules/mono/glue/GodotSharp/GodotSharp/Generated/GodotObjects/Node.cs:2648)
         [4] bool Godot.Node3D.InvokeGodotClassMethod(Godot.NativeInterop.godot_string_name&, Godot.NativeInterop.NativeVariantPtrArgs, Godot.NativeInterop.godot_variant&) (/root/godot/modules/mono/glue/GodotSharp/GodotSharp/Generated/GodotObjects/Node3D.cs:1127)
         [5] bool Urman.Godot.VehicleFleet.InvokeGodotClassMethod(Godot.NativeInterop.godot_string_name&, Godot.NativeInterop.NativeVariantPtrArgs, Godot.NativeInterop.godot_variant&) (/Users/unterlantas/Documents/GitHub/URMAN/game/.godot/mono/temp/obj/Debug/Godot.SourceGenerators/Godot.SourceGenerators.ScriptMethodsGenerator/Urman.Godot.VehicleFleet_ScriptMethods.generated.cs:150)
         [6] Godot.NativeInterop.godot_bool Godot.Bridge.CSharpInstanceBridge.Call(nint, Godot.NativeInterop.godot_string_name*, Godot.NativeInterop.godot_variant**, int, Godot.NativeInterop.godot_variant_call_error*, Godot.NativeInterop.godot_variant*) (/root/godot/modules/mono/glue/GodotSharp/GodotSharp/Core/Bridge/CSharpInstanceBridge.cs:24)
WARNING: Vehicle village-motorcycle placement rejected: the actual ChassisCollision intersects /root/VehicleSmokeTest/DoubleRecoveryBlocked598; shape=/root/VehicleSmokeTest/DoubleRecoveryBlocked598/@CollisionShape3D@3360 index=0; chassisOrigin=(1.4, -0.3142522, -23); no clear authored parking was found.
     at: void Urman.Godot.VehicleFleet.FinishSessionProjection() (res://scripts/VehicleFleet.cs:183)
     C# backtrace (most recent call first):
         [0] void Godot.GD.PushWarning(string) (/root/godot/modules/mono/glue/GodotSharp/GodotSharp/Core/GD.cs:396)
         [1] void Urman.Godot.VehicleFleet.FinishSessionProjection() (/Users/unterlantas/Documents/GitHub/URMAN/game/scripts/VehicleFleet.cs:183)
         [2] void Urman.Godot.VehicleFleet._PhysicsProcess(double) (/Users/unterlantas/Documents/GitHub/URMAN/game/scripts/VehicleFleet.cs:104)
         [3] bool Godot.Node.InvokeGodotClassMethod(Godot.NativeInterop.godot_string_name&, Godot.NativeInterop.NativeVariantPtrArgs, Godot.NativeInterop.godot_variant&) (/root/godot/modules/mono/glue/GodotSharp/GodotSharp/Generated/GodotObjects/Node.cs:2648)
         [4] bool Godot.Node3D.InvokeGodotClassMethod(Godot.NativeInterop.godot_string_name&, Godot.NativeInterop.NativeVariantPtrArgs, Godot.NativeInterop.godot_variant&) (/root/godot/modules/mono/glue/GodotSharp/GodotSharp/Generated/GodotObjects/Node3D.cs:1127)
         [5] bool Urman.Godot.VehicleFleet.InvokeGodotClassMethod(Godot.NativeInterop.godot_string_name&, Godot.NativeInterop.NativeVariantPtrArgs, Godot.NativeInterop.godot_variant&) (/Users/unterlantas/Documents/GitHub/URMAN/game/.godot/mono/temp/obj/Debug/Godot.SourceGenerators/Godot.SourceGenerators.ScriptMethodsGenerator/Urman.Godot.VehicleFleet_ScriptMethods.generated.cs:150)
         [6] Godot.NativeInterop.godot_bool Godot.Bridge.CSharpInstanceBridge.Call(nint, Godot.NativeInterop.godot_string_name*, Godot.NativeInterop.godot_variant**, int, Godot.NativeInterop.godot_variant_call_error*, Godot.NativeInterop.godot_variant*) (/root/godot/modules/mono/glue/GodotSharp/GodotSharp/Core/Bridge/CSharpInstanceBridge.cs:24)
WARNING: Vehicle forest-horse-cart placement rejected: the actual articulated hoof pose is blocked or unsupported: {"vehicleShape":"HoofContactQuery3","colliderPath":"/root/VehicleSmokeTest/DoubleRecoveryBlocked593","shapeIndex":0,"shapePath":"/root/VehicleSmokeTest/DoubleRecoveryBlocked593/@CollisionShape3D@3355","shapeType":"BoxShape3D","collisionOwner":null,"authoredSourceMesh":null,"foot":3,"kind":"hoof-endpoint"}; no clear authored parking was found.
     at: void Urman.Godot.VehicleFleet.FinishSessionProjection() (res://scripts/VehicleFleet.cs:183)
     C# backtrace (most recent call first):
         [0] void Godot.GD.PushWarning(string) (/root/godot/modules/mono/glue/GodotSharp/GodotSharp/Core/GD.cs:396)
         [1] void Urman.Godot.VehicleFleet.FinishSessionProjection() (/Users/unterlantas/Documents/GitHub/URMAN/game/scripts/VehicleFleet.cs:183)
         [2] void Urman.Godot.VehicleFleet._PhysicsProcess(double) (/Users/unterlantas/Documents/GitHub/URMAN/game/scripts/VehicleFleet.cs:104)
         [3] bool Godot.Node.InvokeGodotClassMethod(Godot.NativeInterop.godot_string_name&, Godot.NativeInterop.NativeVariantPtrArgs, Godot.NativeInterop.godot_variant&) (/root/godot/modules/mono/glue/GodotSharp/GodotSharp/Generated/GodotObjects/Node.cs:2648)
         [4] bool Godot.Node3D.InvokeGodotClassMethod(Godot.NativeInterop.godot_string_name&, Godot.NativeInterop.NativeVariantPtrArgs, Godot.NativeInterop.godot_variant&) (/root/godot/modules/mono/glue/GodotSharp/GodotSharp/Generated/GodotObjects/Node3D.cs:1127)
         [5] bool Urman.Godot.VehicleFleet.InvokeGodotClassMethod(Godot.NativeInterop.godot_string_name&, Godot.NativeInterop.NativeVariantPtrArgs, Godot.NativeInterop.godot_variant&) (/Users/unterlantas/Documents/GitHub/URMAN/game/.godot/mono/temp/obj/Debug/Godot.SourceGenerators/Godot.SourceGenerators.ScriptMethodsGenerator/Urman.Godot.VehicleFleet_ScriptMethods.generated.cs:150)
         [6] Godot.NativeInterop.godot_bool Godot.Bridge.CSharpInstanceBridge.Call(nint, Godot.NativeInterop.godot_string_name*, Godot.NativeInterop.godot_variant**, int, Godot.NativeInterop.godot_variant_call_error*, Godot.NativeInterop.godot_variant*) (/root/godot/modules/mono/glue/GodotSharp/GodotSharp/Core/Bridge/CSharpInstanceBridge.cs:24)
ERROR: The saved vehicle and all checked standing recovery positions are blocked.
   at: void Urman.Godot.VehicleFleet.FinishSessionProjection() (res://scripts/VehicleFleet.cs:204)
   C# backtrace (most recent call first):
       [0] void Godot.GD.PushError(string) (/root/godot/modules/mono/glue/GodotSharp/GodotSharp/Core/GD.cs:366)
       [1] void Urman.Godot.VehicleFleet.FinishSessionProjection() (/Users/unterlantas/Documents/GitHub/URMAN/game/scripts/VehicleFleet.cs:204)
       [2] void Urman.Godot.VehicleFleet._PhysicsProcess(double) (/Users/unterlantas/Documents/GitHub/URMAN/game/scripts/VehicleFleet.cs:104)
       [3] bool Godot.Node.InvokeGodotClassMethod(Godot.NativeInterop.godot_string_name&, Godot.NativeInterop.NativeVariantPtrArgs, Godot.NativeInterop.godot_variant&) (/root/godot/modules/mono/glue/GodotSharp/GodotSharp/Generated/GodotObjects/Node.cs:2648)
       [4] bool Godot.Node3D.InvokeGodotClassMethod(Godot.NativeInterop.godot_string_name&, Godot.NativeInterop.NativeVariantPtrArgs, Godot.NativeInterop.godot_variant&) (/root/godot/modules/mono/glue/GodotSharp/GodotSharp/Generated/GodotObjects/Node3D.cs:1127)
       [5] bool Urman.Godot.VehicleFleet.InvokeGodotClassMethod(Godot.NativeInterop.godot_string_name&, Godot.NativeInterop.NativeVariantPtrArgs, Godot.NativeInterop.godot_variant&) (/Users/unterlantas/Documents/GitHub/URMAN/game/.godot/mono/temp/obj/Debug/Godot.SourceGenerators/Godot.SourceGenerators.ScriptMethodsGenerator/Urman.Godot.VehicleFleet_ScriptMethods.generated.cs:150)
       [6] Godot.NativeInterop.godot_bool Godot.Bridge.CSharpInstanceBridge.Call(nint, Godot.NativeInterop.godot_string_name*, Godot.NativeInterop.godot_variant**, int, Godot.NativeInterop.godot_variant_call_error*, Godot.NativeInterop.godot_variant*) (/root/godot/modules/mono/glue/GodotSharp/GodotSharp/Core/Bridge/CSharpInstanceBridge.cs:24)
ERROR: SaveGameV3 load failed: The saved vehicle and all checked standing recovery positions are blocked.
   at: void Urman.Godot.RuntimeBridge+<LoadFromStoreAsync>d__81.MoveNext() (res://scripts/RuntimeBridge.cs:385)
   C# backtrace (most recent call first):
       [0] void Godot.GD.PushError(string) (/root/godot/modules/mono/glue/GodotSharp/GodotSharp/Core/GD.cs:366)
       [1] void Urman.Godot.RuntimeBridge+<LoadFromStoreAsync>d__81.MoveNext() (/Users/unterlantas/Documents/GitHub/URMAN/game/scripts/RuntimeBridge.cs:385)
       [2] void System.Threading.ExecutionContext.RunInternal(System.Threading.ExecutionContext, System.Threading.ContextCallback, object)
       [3] void System.Runtime.CompilerServices.AsyncTaskMethodBuilder`1+AsyncStateMachineBox`1.MoveNext()
       [4] void System.Threading.Tasks.AwaitTaskContinuation.RunCallback(System.Threading.ContextCallback, object, System.Threading.Tasks.Task&)
       [5] void System.Threading.Tasks.Task.RunContinuations(object)
       [6] void System.Threading.Tasks.Task.FinishSlow(bool)
       [7] bool System.Threading.Tasks.Task.TrySetException(object)
       [8] void System.Runtime.CompilerServices.AsyncTaskMethodBuilder`1.SetException(System.Exception, System.Threading.Tasks.Task`1[TResult]&)
       [9] void Urman.Godot.RuntimeBridge+<RestoreLoadedWorldAsync>d__82.MoveNext() (/Users/unterlantas/Documents/GitHub/URMAN/game/scripts/RuntimeBridge.cs:445)
       [10] void System.Threading.ExecutionContext.RunInternal(System.Threading.ExecutionContext, System.Threading.ContextCallback, object)
       [11] void System.Threading.Tasks.AwaitTaskContinuation.RunCallback(System.Threading.ContextCallback, object, System.Threading.Tasks.Task&)
       [12] void System.Threading.Tasks.Task.RunContinuations(object)
       [13] void System.Threading.Tasks.Task.FinishSlow(bool)
       [14] bool System.Threading.Tasks.Task.TrySetException(object)
       [15] void System.Runtime.CompilerServices.AsyncTaskMethodBuilder`1.SetException(System.Exception, System.Threading.Tasks.Task`1[TResult]&)
       [16] void Urman.Godot.RuntimeBridge+<ProjectPhysicalWorldAsync>d__83.MoveNext() (/Users/unterlantas/Documents/GitHub/URMAN/game/scripts/RuntimeBridge.cs:476)
       [17] void System.Threading.ExecutionContext.RunInternal(System.Threading.ExecutionContext, System.Threading.ContextCallback, object)
       [18] void System.Threading.Tasks.AwaitTaskContinuation.RunCallback(System.Threading.ContextCallback, object, System.Threading.Tasks.Task&)
       [19] void System.Threading.Tasks.Task.RunContinuations(object)
       [20] void System.Runtime.CompilerServices.AsyncTaskMethodBuilder`1.SetExistingTaskResult(System.Threading.Tasks.Task`1[TResult], TResult)
       [21] void Urman.Godot.VehicleFleet+<CompleteLoadedProjectionAsync>d__44.MoveNext() (/Users/unterlantas/Documents/GitHub/URMAN/game/scripts/VehicleFleet.cs:234)
       [22] void System.Threading.ExecutionContext.RunInternal(System.Threading.ExecutionContext, System.Threading.ContextCallback, object)
       [23] void System.Runtime.CompilerServices.AsyncTaskMethodBuilder`1+AsyncStateMachineBox`1.MoveNext()
       [24] void Godot.SignalAwaiter.SignalCallback(nint, Godot.NativeInterop.godot_variant**, int, Godot.NativeInterop.godot_bool*) (/root/godot/modules/mono/glue/GodotSharp/GodotSharp/Core/SignalAwaiter.cs:65)
WARNING: Vehicle babay-niva placement rejected: the actual ChassisCollision intersects /root/VehicleSmokeTest/DoubleRecoveryBlocked437; shape=/root/VehicleSmokeTest/DoubleRecoveryBlocked437/@CollisionShape3D@3199 index=0; chassisOrigin=(-1.6508192, -0.22786745, 0.24529782); no clear authored parking was found.
     at: void Urman.Godot.VehicleFleet.FinishSessionProjection() (res://scripts/VehicleFleet.cs:183)
     C# backtrace (most recent call first):
         [0] void Godot.GD.PushWarning(string) (/root/godot/modules/mono/glue/GodotSharp/GodotSharp/Core/GD.cs:396)
         [1] void Urman.Godot.VehicleFleet.FinishSessionProjection() (/Users/unterlantas/Documents/GitHub/URMAN/game/scripts/VehicleFleet.cs:183)
         [2] void Urman.Godot.VehicleFleet._PhysicsProcess(double) (/Users/unterlantas/Documents/GitHub/URMAN/game/scripts/VehicleFleet.cs:104)
         [3] bool Godot.Node.InvokeGodotClassMethod(Godot.NativeInterop.godot_string_name&, Godot.NativeInterop.NativeVariantPtrArgs, Godot.NativeInterop.godot_variant&) (/root/godot/modules/mono/glue/GodotSharp/GodotSharp/Generated/GodotObjects/Node.cs:2648)
         [4] bool Godot.Node3D.InvokeGodotClassMethod(Godot.NativeInterop.godot_string_name&, Godot.NativeInterop.NativeVariantPtrArgs, Godot.NativeInterop.godot_variant&) (/root/godot/modules/mono/glue/GodotSharp/GodotSharp/Generated/GodotObjects/Node3D.cs:1127)
         [5] bool Urman.Godot.VehicleFleet.InvokeGodotClassMethod(Godot.NativeInterop.godot_string_name&, Godot.NativeInterop.NativeVariantPtrArgs, Godot.NativeInterop.godot_variant&) (/Users/unterlantas/Documents/GitHub/URMAN/game/.godot/mono/temp/obj/Debug/Godot.SourceGenerators/Godot.SourceGenerators.ScriptMethodsGenerator/Urman.Godot.VehicleFleet_ScriptMethods.generated.cs:150)
         [6] Godot.NativeInterop.godot_bool Godot.Bridge.CSharpInstanceBridge.Call(nint, Godot.NativeInterop.godot_string_name*, Godot.NativeInterop.godot_variant**, int, Godot.NativeInterop.godot_variant_call_error*, Godot.NativeInterop.godot_variant*) (/root/godot/modules/mono/glue/GodotSharp/GodotSharp/Core/Bridge/CSharpInstanceBridge.cs:24)
WARNING: Vehicle village-motorcycle placement rejected: the actual ChassisCollision intersects /root/VehicleSmokeTest/DoubleRecoveryBlocked598; shape=/root/VehicleSmokeTest/DoubleRecoveryBlocked598/@CollisionShape3D@3360 index=0; chassisOrigin=(1.4, -0.3142522, -23); no clear authored parking was found.
     at: void Urman.Godot.VehicleFleet.FinishSessionProjection() (res://scripts/VehicleFleet.cs:183)
     C# backtrace (most recent call first):
         [0] void Godot.GD.PushWarning(string) (/root/godot/modules/mono/glue/GodotSharp/GodotSharp/Core/GD.cs:396)
         [1] void Urman.Godot.VehicleFleet.FinishSessionProjection() (/Users/unterlantas/Documents/GitHub/URMAN/game/scripts/VehicleFleet.cs:183)
         [2] void Urman.Godot.VehicleFleet._PhysicsProcess(double) (/Users/unterlantas/Documents/GitHub/URMAN/game/scripts/VehicleFleet.cs:104)
         [3] bool Godot.Node.InvokeGodotClassMethod(Godot.NativeInterop.godot_string_name&, Godot.NativeInterop.NativeVariantPtrArgs, Godot.NativeInterop.godot_variant&) (/root/godot/modules/mono/glue/GodotSharp/GodotSharp/Generated/GodotObjects/Node.cs:2648)
         [4] bool Godot.Node3D.InvokeGodotClassMethod(Godot.NativeInterop.godot_string_name&, Godot.NativeInterop.NativeVariantPtrArgs, Godot.NativeInterop.godot_variant&) (/root/godot/modules/mono/glue/GodotSharp/GodotSharp/Generated/GodotObjects/Node3D.cs:1127)
         [5] bool Urman.Godot.VehicleFleet.InvokeGodotClassMethod(Godot.NativeInterop.godot_string_name&, Godot.NativeInterop.NativeVariantPtrArgs, Godot.NativeInterop.godot_variant&) (/Users/unterlantas/Documents/GitHub/URMAN/game/.godot/mono/temp/obj/Debug/Godot.SourceGenerators/Godot.SourceGenerators.ScriptMethodsGenerator/Urman.Godot.VehicleFleet_ScriptMethods.generated.cs:150)
         [6] Godot.NativeInterop.godot_bool Godot.Bridge.CSharpInstanceBridge.Call(nint, Godot.NativeInterop.godot_string_name*, Godot.NativeInterop.godot_variant**, int, Godot.NativeInterop.godot_variant_call_error*, Godot.NativeInterop.godot_variant*) (/root/godot/modules/mono/glue/GodotSharp/GodotSharp/Core/Bridge/CSharpInstanceBridge.cs:24)
WARNING: Vehicle forest-horse-cart placement rejected: the actual articulated hoof pose is blocked or unsupported: {"vehicleShape":"HoofContactQuery3","colliderPath":"/root/VehicleSmokeTest/DoubleRecoveryBlocked593","shapeIndex":0,"shapePath":"/root/VehicleSmokeTest/DoubleRecoveryBlocked593/@CollisionShape3D@3355","shapeType":"BoxShape3D","collisionOwner":null,"authoredSourceMesh":null,"foot":3,"kind":"hoof-endpoint"}; no clear authored parking was found.
     at: void Urman.Godot.VehicleFleet.FinishSessionProjection() (res://scripts/VehicleFleet.cs:183)
     C# backtrace (most recent call first):
         [0] void Godot.GD.PushWarning(string) (/root/godot/modules/mono/glue/GodotSharp/GodotSharp/Core/GD.cs:396)
         [1] void Urman.Godot.VehicleFleet.FinishSessionProjection() (/Users/unterlantas/Documents/GitHub/URMAN/game/scripts/VehicleFleet.cs:183)
         [2] void Urman.Godot.VehicleFleet._PhysicsProcess(double) (/Users/unterlantas/Documents/GitHub/URMAN/game/scripts/VehicleFleet.cs:104)
         [3] bool Godot.Node.InvokeGodotClassMethod(Godot.NativeInterop.godot_string_name&, Godot.NativeInterop.NativeVariantPtrArgs, Godot.NativeInterop.godot_variant&) (/root/godot/modules/mono/glue/GodotSharp/GodotSharp/Generated/GodotObjects/Node.cs:2648)
         [4] bool Godot.Node3D.InvokeGodotClassMethod(Godot.NativeInterop.godot_string_name&, Godot.NativeInterop.NativeVariantPtrArgs, Godot.NativeInterop.godot_variant&) (/root/godot/modules/mono/glue/GodotSharp/GodotSharp/Generated/GodotObjects/Node3D.cs:1127)
         [5] bool Urman.Godot.VehicleFleet.InvokeGodotClassMethod(Godot.NativeInterop.godot_string_name&, Godot.NativeInterop.NativeVariantPtrArgs, Godot.NativeInterop.godot_variant&) (/Users/unterlantas/Documents/GitHub/URMAN/game/.godot/mono/temp/obj/Debug/Godot.SourceGenerators/Godot.SourceGenerators.ScriptMethodsGenerator/Urman.Godot.VehicleFleet_ScriptMethods.generated.cs:150)
         [6] Godot.NativeInterop.godot_bool Godot.Bridge.CSharpInstanceBridge.Call(nint, Godot.NativeInterop.godot_string_name*, Godot.NativeInterop.godot_variant**, int, Godot.NativeInterop.godot_variant_call_error*, Godot.NativeInterop.godot_variant*) (/root/godot/modules/mono/glue/GodotSharp/GodotSharp/Core/Bridge/CSharpInstanceBridge.cs:24)
ERROR: The saved vehicle and all checked standing recovery positions are blocked.
   at: void Urman.Godot.VehicleFleet.FinishSessionProjection() (res://scripts/VehicleFleet.cs:204)
   C# backtrace (most recent call first):
       [0] void Godot.GD.PushError(string) (/root/godot/modules/mono/glue/GodotSharp/GodotSharp/Core/GD.cs:366)
       [1] void Urman.Godot.VehicleFleet.FinishSessionProjection() (/Users/unterlantas/Documents/GitHub/URMAN/game/scripts/VehicleFleet.cs:204)
       [2] void Urman.Godot.VehicleFleet._PhysicsProcess(double) (/Users/unterlantas/Documents/GitHub/URMAN/game/scripts/VehicleFleet.cs:104)
       [3] bool Godot.Node.InvokeGodotClassMethod(Godot.NativeInterop.godot_string_name&, Godot.NativeInterop.NativeVariantPtrArgs, Godot.NativeInterop.godot_variant&) (/root/godot/modules/mono/glue/GodotSharp/GodotSharp/Generated/GodotObjects/Node.cs:2648)
       [4] bool Godot.Node3D.InvokeGodotClassMethod(Godot.NativeInterop.godot_string_name&, Godot.NativeInterop.NativeVariantPtrArgs, Godot.NativeInterop.godot_variant&) (/root/godot/modules/mono/glue/GodotSharp/GodotSharp/Generated/GodotObjects/Node3D.cs:1127)
       [5] bool Urman.Godot.VehicleFleet.InvokeGodotClassMethod(Godot.NativeInterop.godot_string_name&, Godot.NativeInterop.NativeVariantPtrArgs, Godot.NativeInterop.godot_variant&) (/Users/unterlantas/Documents/GitHub/URMAN/game/.godot/mono/temp/obj/Debug/Godot.SourceGenerators/Godot.SourceGenerators.ScriptMethodsGenerator/Urman.Godot.VehicleFleet_ScriptMethods.generated.cs:150)
       [6] Godot.NativeInterop.godot_bool Godot.Bridge.CSharpInstanceBridge.Call(nint, Godot.NativeInterop.godot_string_name*, Godot.NativeInterop.godot_variant**, int, Godot.NativeInterop.godot_variant_call_error*, Godot.NativeInterop.godot_variant*) (/root/godot/modules/mono/glue/GodotSharp/GodotSharp/Core/Bridge/CSharpInstanceBridge.cs:24)
ERROR: SaveGameV3 could not restore the previous physical placement: The saved vehicle and all checked standing recovery positions are blocked.
   at: void Urman.Godot.RuntimeBridge+<LoadFromStoreAsync>d__81.MoveNext() (res://scripts/RuntimeBridge.cs:392)
   C# backtrace (most recent call first):
       [0] void Godot.GD.PushError(string) (/root/godot/modules/mono/glue/GodotSharp/GodotSharp/Core/GD.cs:366)
       [1] void Urman.Godot.RuntimeBridge+<LoadFromStoreAsync>d__81.MoveNext() (/Users/unterlantas/Documents/GitHub/URMAN/game/scripts/RuntimeBridge.cs:392)
       [2] void System.Threading.ExecutionContext.RunInternal(System.Threading.ExecutionContext, System.Threading.ContextCallback, object)
       [3] void System.Runtime.CompilerServices.AsyncTaskMethodBuilder`1+AsyncStateMachineBox`1.MoveNext()
       [4] void System.Threading.Tasks.AwaitTaskContinuation.RunCallback(System.Threading.ContextCallback, object, System.Threading.Tasks.Task&)
       [5] void System.Threading.Tasks.Task.RunContinuations(object)
       [6] void System.Threading.Tasks.Task.FinishSlow(bool)
       [7] bool System.Threading.Tasks.Task.TrySetException(object)
       [8] void System.Runtime.CompilerServices.AsyncTaskMethodBuilder`1.SetException(System.Exception, System.Threading.Tasks.Task`1[TResult]&)
       [9] void Urman.Godot.RuntimeBridge+<RestoreLoadedWorldAsync>d__82.MoveNext() (/Users/unterlantas/Documents/GitHub/URMAN/game/scripts/RuntimeBridge.cs:445)
       [10] void System.Threading.ExecutionContext.RunInternal(System.Threading.ExecutionContext, System.Threading.ContextCallback, object)
       [11] void System.Threading.Tasks.AwaitTaskContinuation.RunCallback(System.Threading.ContextCallback, object, System.Threading.Tasks.Task&)
       [12] void System.Threading.Tasks.Task.RunContinuations(object)
       [13] void System.Threading.Tasks.Task.FinishSlow(bool)
       [14] bool System.Threading.Tasks.Task.TrySetException(object)
       [15] void System.Runtime.CompilerServices.AsyncTaskMethodBuilder`1.SetException(System.Exception, System.Threading.Tasks.Task`1[TResult]&)
       [16] void Urman.Godot.RuntimeBridge+<ProjectPhysicalWorldAsync>d__83.MoveNext() (/Users/unterlantas/Documents/GitHub/URMAN/game/scripts/RuntimeBridge.cs:476)
       [17] void System.Threading.ExecutionContext.RunInternal(System.Threading.ExecutionContext, System.Threading.ContextCallback, object)
       [18] void System.Threading.Tasks.AwaitTaskContinuation.RunCallback(System.Threading.ContextCallback, object, System.Threading.Tasks.Task&)
       [19] void System.Threading.Tasks.Task.RunContinuations(object)
       [20] void System.Runtime.CompilerServices.AsyncTaskMethodBuilder`1.SetExistingTaskResult(System.Threading.Tasks.Task`1[TResult], TResult)
       [21] void Urman.Godot.VehicleFleet+<CompleteLoadedProjectionAsync>d__44.MoveNext() (/Users/unterlantas/Documents/GitHub/URMAN/game/scripts/VehicleFleet.cs:234)
       [22] void System.Threading.ExecutionContext.RunInternal(System.Threading.ExecutionContext, System.Threading.ContextCallback, object)
       [23] void System.Runtime.CompilerServices.AsyncTaskMethodBuilder`1+AsyncStateMachineBox`1.MoveNext()
       [24] void Godot.SignalAwaiter.SignalCallback(nint, Godot.NativeInterop.godot_variant**, int, Godot.NativeInterop.godot_bool*) (/root/godot/modules/mono/glue/GodotSharp/GodotSharp/Core/SignalAwaiter.cs:65)
