hero-house-pass: component=HeroHouse_TimberPlaster meshes=144 shell=8.4x7.4 clear=8x7 ceiling=2.6 threshold=.246 door=1.3x2.25 fingerprint=3c1001455ce9fd09aab001f4c39a9b05aeae231a810d5dfe10a4a5b276b6d9db
hero-yard-shed-pass: meshes=58 metric=4.4x4.4 floor=.04 loft=1.46 underdeck_clearance=1.22 fixed_ladder=7_rungs legacy_components_untouched
woodpile-pass: meshes=8 triangles=224 rows=3/2/1 z=0.000..0.987 support_z=0.000..0.160 contact_projection=0.000000,0.000000,0.012130,0.012130,0.012130,0.012130,0.012130,0.012130 root=Woodpile_StackedLogs local_pivot=ground anchor at local X=0, Y=0, Z=0
parcel-separation-pass: VillageParcel_VariantA_TimberGable {'VillageParcel_VariantA_TimberGable_Dwelling': ([-3.4950006008148193, -1.709999918937683, 0.0], [5.069998741149902, 4.909999847412109, 5.230000019073486]), 'VillageParcel_VariantA_TimberGable_Outbuilding': ([-8.069999694824219, 0.8549999594688416, 0.019999995827674866], [-3.930000066757202, 3.730748176574707, 3.119999885559082]), 'VillageParcel_VariantA_TimberGable_Yard': ([-4.6612653732299805, -8.420000076293945, 0.0], [4.69148588180542, -2.312999963760376, 2.319999933242798])}
parcel-separation-pass: VillageParcel_VariantB_PlasterAnnex {'VillageParcel_VariantB_PlasterAnnex_Dwelling': ([-3.2449986934661865, -1.709999918937683, 0.0], [4.819998741149902, 5.510000228881836, 4.930000305175781]), 'VillageParcel_VariantB_PlasterAnnex_Outbuilding': ([-7.849999904632568, -0.18000005185604095, 0.019999995827674866], [-4.150000095367432, 3.940000057220459, 3.945000171661377]), 'VillageParcel_VariantB_PlasterAnnex_Yard': ([-4.701271057128906, -8.350000381469727, -0.004834238439798355], [4.6309099197387695, -1.9276000261306763, 2.169999837875366])}
parcel-separation-pass: VillageParcel_VariantC_BanyaYard {'VillageParcel_VariantC_BanyaYard_Dwelling': ([-3.3950002193450928, -1.709999918937683, 0.0], [4.970000267028809, 4.610000133514404, 5.330000400543213]), 'VillageParcel_VariantC_BanyaYard_Outbuilding': ([-8.34000015258789, 0.7699999213218689, 0.015000000596046448], [-3.640000104904175, 3.5799999237060547, 2.4800000190734863]), 'VillageParcel_VariantC_BanyaYard_Yard': ([-4.73405122756958, -7.980000019073486, 0.0], [4.026096820831299, -2.1730000972747803, 2.219924211502075])}
animal-pass: cat_meshes=7 cat_triangles=1016 cat_bounds=[-0.11599999666213989, -0.30000001192092896, 0.0]..[0.11599999666213989, 0.5274720191955566, 0.3880000114440918] crow_meshes=3 crow_triangles=167 crow_bounds=[-0.3250000476837158, -0.23499999940395355, -0.07500000298023224]..[0.3250000476837158, 0.2750000059604645, 0.14499995112419128] axes=Blender:-Y/Godot:+Z materials=cat<=3/crow<=3
kit-pass: direct_roots=13 meshes=1052 triangles=31281 materials=16 degenerate_polygons=0 cameras=0 lights=0
dwelling-pass: components=6 meshes=1052 dwelling_meshes=138 wall_z=0.300..2.900 cameras=0 lights=0
well-pass: well_meshes=16 well_tris=714 well_z=0.060..2.690 materials=11 cameras=0 lights=0 images=0
variant-pass: VillageParcel_VariantA_TimberGable:meshes=204:composition=23:bounds=19.93,-8.42,0.00,33.07,4.91,5.23 | VillageParcel_VariantB_PlasterAnnex:meshes=222:composition=23:bounds=33.15,-8.35,-0.00,45.82,5.51,4.93 | VillageParcel_VariantC_BanyaYard:meshes=196:composition=23:bounds=45.66,-7.98,0.00,58.97,4.61,5.33
Info: Saved as "urman_village_exterior_kit.blend"
INFO Draco mesh compression is available, use library at /Users/unterlantas/Documents/GitHub/URMAN/.tools/blender/Blender.app/Contents/Resources/4.5/scripts/addons_core/io_scene_gltf2/libextern_draco.dylib
13:56:37 | INFO: Starting glTF 2.0 export
13:56:37 | INFO: Extracting primitive: CatBodyMesh
13:56:37 | INFO: Primitives created: 2
13:56:37 | INFO: Extracting primitive: CatHeadMesh
13:56:37 | INFO: Primitives created: 3
13:56:37 | INFO: Extracting primitive: CatLegBackLMesh
13:56:37 | INFO: Primitives created: 2
13:56:37 | INFO: Extracting primitive: CatLegBackRMesh
13:56:37 | INFO: Primitives created: 2
13:56:37 | INFO: Extracting primitive: CatLegFrontLMesh
13:56:37 | INFO: Primitives created: 2
13:56:37 | INFO: Extracting primitive: CatLegFrontRMesh
13:56:37 | INFO: Primitives created: 2
13:56:37 | INFO: Extracting primitive: CatTailMesh
13:56:37 | INFO: Primitives created: 2
13:56:37 | INFO: Extracting primitive: BirdBodyMesh
13:56:37 | INFO: Primitives created: 2
13:56:37 | INFO: Extracting primitive: BirdWingLMesh
13:56:37 | INFO: Primitives created: 2
13:56:37 | INFO: Extracting primitive: BirdWingRMesh
13:56:37 | INFO: Primitives created: 2
13:56:37 | INFO: Extracting primitive: DwellingFacade_Back_BoardedGable_LOD0Mesh
13:56:37 | INFO: Primitives created: 1
13:56:37 | INFO: Extracting primitive: DwellingFacade_Back_VergeLeft_LOD0Mesh
13:56:37 | INFO: Primitives created: 1
13:56:37 | INFO: Extracting primitive: DwellingFacade_Back_VergeRight_LOD0Mesh
13:56:37 | INFO: Primitives created: 1
13:56:37 | INFO: Extracting primitive: DwellingFacade_ChimneyCap_LOD0Mesh
13:56:37 | INFO: Primitives created: 1
13:56:37 | INFO: Extracting primitive: DwellingFacade_ChimneyStack_LOD0Mesh
13:56:37 | INFO: Primitives created: 1
13:56:37 | INFO: Extracting primitive: DwellingFacade_Corner_-3.1_-1.3_LOD0Mesh
13:56:37 | INFO: Primitives created: 1
13:56:37 | INFO: Extracting primitive: DwellingFacade_Corner_-3.1_4.7_LOD0Mesh
13:56:37 | INFO: Primitives created: 1
13:56:37 | INFO: Extracting primitive: DwellingFacade_Corner_3.1_-1.3_LOD0Mesh
13:56:37 | INFO: Primitives created: 1
13:56:37 | INFO: Extracting primitive: DwellingFacade_Corner_3.1_4.7_LOD0Mesh
13:56:37 | INFO: Primitives created: 1
13:56:37 | INFO: Extracting primitive: DwellingFacade_Downpipe_LOD0Mesh
13:56:37 | INFO: Primitives created: 1
13:56:37 | INFO: Extracting primitive: DwellingFacade_DownpipeSplash_LOD0Mesh
13:56:37 | INFO: Primitives created: 1
13:56:37 | INFO: Extracting primitive: DwellingFacade_Eave_-3.45_LOD0Mesh
13:56:37 | INFO: Primitives created: 1
13:56:37 | INFO: Extracting primitive: DwellingFacade_Eave_3.45_LOD0Mesh
13:56:37 | INFO: Primitives created: 1
13:56:37 | INFO: Extracting primitive: DwellingFacade_FootingCap_LOD0Mesh
13:56:37 | INFO: Primitives created: 1
13:56:37 | INFO: Extracting primitive: DwellingFacade_Foundation_LOD0Mesh
13:56:37 | INFO: Primitives created: 1
13:56:37 | INFO: Extracting primitive: DwellingFacade_Front_BoardedGable_LOD0Mesh
13:56:37 | INFO: Primitives created: 1
13:56:37 | INFO: Extracting primitive: DwellingFacade_Front_VergeLeft_LOD0Mesh
13:56:37 | INFO: Primitives created: 1
13:56:37 | INFO: Extracting primitive: DwellingFacade_Front_VergeRight_LOD0Mesh
13:56:37 | INFO: Primitives created: 1
13:56:37 | INFO: Extracting primitive: DwellingFacade_Gutter_+1_LOD0Mesh
13:56:37 | INFO: Primitives created: 2
13:56:37 | INFO: Extracting primitive: DwellingFacade_Gutter_-1_LOD0Mesh
13:56:37 | INFO: Primitives created: 2
13:56:37 | INFO: Extracting primitive: DwellingFacade_Left_Wall_LOD0Mesh
13:56:37 | INFO: Primitives created: 1
13:56:37 | INFO: Extracting primitive: DwellingFacade_Left_Window0_Glass_LOD0Mesh
13:56:37 | INFO: Primitives created: 1
13:56:37 | INFO: Extracting primitive: DwellingFacade_Left_Window0_Jamb-1_LOD0Mesh
13:56:37 | INFO: Primitives created: 1
13:56:37 | INFO: Extracting primitive: DwellingFacade_Left_Window0_Jamb1_LOD0Mesh
13:56:37 | INFO: Primitives created: 1
13:56:37 | INFO: Extracting primitive: DwellingFacade_Left_Window0_Mullion_LOD0Mesh
13:56:37 | INFO: Primitives created: 1
13:56:37 | INFO: Extracting primitive: DwellingFacade_Left_Window0_Rail-1_LOD0Mesh
13:56:37 | INFO: Primitives created: 1
13:56:37 | INFO: Extracting primitive: DwellingFacade_Left_Window0_Rail1_LOD0Mesh
13:56:37 | INFO: Primitives created: 1
13:56:37 | INFO: Extracting primitive: DwellingFacade_Left_Window0_Recess_LOD0Mesh
13:56:37 | INFO: Primitives created: 1
13:56:37 | INFO: Extracting primitive: DwellingFacade_Left_Window0_Sill_LOD0Mesh
13:56:37 | INFO: Primitives created: 1
13:56:37 | INFO: Extracting primitive: DwellingFacade_Left_Window1_Glass_LOD0Mesh
13:56:37 | INFO: Primitives created: 1
13:56:37 | INFO: Extracting primitive: DwellingFacade_Left_Window1_Jamb-1_LOD0Mesh
13:56:37 | INFO: Primitives created: 1
13:56:37 | INFO: Extracting primitive: DwellingFacade_Left_Window1_Jamb1_LOD0Mesh
13:56:37 | INFO: Primitives created: 1
13:56:37 | INFO: Extracting primitive: DwellingFacade_Left_Window1_Mullion_LOD0Mesh
13:56:37 | INFO: Primitives created: 1
13:56:37 | INFO: Extracting primitive: DwellingFacade_Left_Window1_Rail-1_LOD0Mesh
13:56:37 | INFO: Primitives created: 1
13:56:37 | INFO: Extracting primitive: DwellingFacade_Left_Window1_Rail1_LOD0Mesh
13:56:37 | INFO: Primitives created: 1
13:56:37 | INFO: Extracting primitive: DwellingFacade_Left_Window1_Recess_LOD0Mesh
13:56:37 | INFO: Primitives created: 1
13:56:37 | INFO: Extracting primitive: DwellingFacade_Left_Window1_Sill_LOD0Mesh
13:56:37 | INFO: Primitives created: 1
13:56:37 | INFO: Extracting primitive: DwellingFacade_RafterTail_+1_00_LOD0Mesh
13:56:37 | INFO: Primitives created: 1
13:56:37 | INFO: Extracting primitive: DwellingFacade_RafterTail_+1_01_LOD0Mesh
13:56:37 | INFO: Primitives created: 1
13:56:37 | INFO: Extracting primitive: DwellingFacade_RafterTail_+1_02_LOD0Mesh
13:56:37 | INFO: Primitives created: 1
13:56:37 | INFO: Extracting primitive: DwellingFacade_RafterTail_+1_03_LOD0Mesh
13:56:37 | INFO: Primitives created: 1
13:56:37 | INFO: Extracting primitive: DwellingFacade_RafterTail_+1_04_LOD0Mesh
13:56:37 | INFO: Primitives created: 1
13:56:37 | INFO: Extracting primitive: DwellingFacade_RafterTail_+1_05_LOD0Mesh
13:56:37 | INFO: Primitives created: 1
13:56:37 | INFO: Extracting primitive: DwellingFacade_RafterTail_+1_06_LOD0Mesh
13:56:37 | INFO: Primitives created: 1
13:56:37 | INFO: Extracting primitive: DwellingFacade_RafterTail_+1_07_LOD0Mesh
13:56:37 | INFO: Primitives created: 1
13:56:37 | INFO: Extracting primitive: DwellingFacade_RafterTail_+1_08_LOD0Mesh
13:56:37 | INFO: Primitives created: 1
13:56:37 | INFO: Extracting primitive: DwellingFacade_RafterTail_+1_09_LOD0Mesh
13:56:37 | INFO: Primitives created: 1
13:56:37 | INFO: Extracting primitive: DwellingFacade_RafterTail_+1_10_LOD0Mesh
13:56:37 | INFO: Primitives created: 1
13:56:37 | INFO: Extracting primitive: DwellingFacade_RafterTail_+1_11_LOD0Mesh
13:56:37 | INFO: Primitives created: 1
13:56:37 | INFO: Extracting primitive: DwellingFacade_RafterTail_-1_00_LOD0Mesh
13:56:37 | INFO: Primitives created: 1
13:56:37 | INFO: Extracting primitive: DwellingFacade_RafterTail_-1_01_LOD0Mesh
13:56:37 | INFO: Primitives created: 1
13:56:37 | INFO: Extracting primitive: DwellingFacade_RafterTail_-1_02_LOD0Mesh
13:56:37 | INFO: Primitives created: 1
13:56:37 | INFO: Extracting primitive: DwellingFacade_RafterTail_-1_03_LOD0Mesh
13:56:37 | INFO: Primitives created: 1
13:56:37 | INFO: Extracting primitive: DwellingFacade_RafterTail_-1_04_LOD0Mesh
13:56:37 | INFO: Primitives created: 1
13:56:37 | INFO: Extracting primitive: DwellingFacade_RafterTail_-1_05_LOD0Mesh
13:56:37 | INFO: Primitives created: 1
13:56:37 | INFO: Extracting primitive: DwellingFacade_RafterTail_-1_06_LOD0Mesh
13:56:37 | INFO: Primitives created: 1
13:56:37 | INFO: Extracting primitive: DwellingFacade_RafterTail_-1_07_LOD0Mesh
13:56:37 | INFO: Primitives created: 1
13:56:37 | INFO: Extracting primitive: DwellingFacade_RafterTail_-1_08_LOD0Mesh
13:56:37 | INFO: Primitives created: 1
13:56:37 | INFO: Extracting primitive: DwellingFacade_RafterTail_-1_09_LOD0Mesh
13:56:37 | INFO: Primitives created: 1
13:56:37 | INFO: Extracting primitive: DwellingFacade_RafterTail_-1_10_LOD0Mesh
13:56:37 | INFO: Primitives created: 1
13:56:37 | INFO: Extracting primitive: DwellingFacade_RafterTail_-1_11_LOD0Mesh
13:56:37 | INFO: Primitives created: 1
13:56:37 | INFO: Extracting primitive: DwellingFacade_Rear_Wall_LOD0Mesh
13:56:37 | INFO: Primitives created: 1
13:56:37 | INFO: Extracting primitive: DwellingFacade_Rear_Window0_Glass_LOD0Mesh
13:56:37 | INFO: Primitives created: 1
13:56:37 | INFO: Extracting primitive: DwellingFacade_Rear_Window0_Jamb-1_LOD0Mesh
13:56:37 | INFO: Primitives created: 1
13:56:37 | INFO: Extracting primitive: DwellingFacade_Rear_Window0_Jamb1_LOD0Mesh
13:56:37 | INFO: Primitives created: 1
13:56:37 | INFO: Extracting primitive: DwellingFacade_Rear_Window0_Mullion_LOD0Mesh
13:56:37 | INFO: Primitives created: 1
13:56:37 | INFO: Extracting primitive: DwellingFacade_Rear_Window0_Rail-1_LOD0Mesh
13:56:37 | INFO: Primitives created: 1
13:56:37 | INFO: Extracting primitive: DwellingFacade_Rear_Window0_Rail1_LOD0Mesh
13:56:37 | INFO: Primitives created: 1
13:56:37 | INFO: Extracting primitive: DwellingFacade_Rear_Window0_Recess_LOD0Mesh
13:56:37 | INFO: Primitives created: 1
13:56:37 | INFO: Extracting primitive: DwellingFacade_Rear_Window0_Sill_LOD0Mesh
13:56:37 | INFO: Primitives created: 1
13:56:37 | INFO: Extracting primitive: DwellingFacade_Rear_Window1_Glass_LOD0Mesh
13:56:37 | INFO: Primitives created: 1
13:56:37 | INFO: Extracting primitive: DwellingFacade_Rear_Window1_Jamb-1_LOD0Mesh
13:56:37 | INFO: Primitives created: 1
13:56:37 | INFO: Extracting primitive: DwellingFacade_Rear_Window1_Jamb1_LOD0Mesh
13:56:37 | INFO: Primitives created: 1
13:56:37 | INFO: Extracting primitive: DwellingFacade_Rear_Window1_Mullion_LOD0Mesh
13:56:37 | INFO: Primitives created: 1
13:56:37 | INFO: Extracting primitive: DwellingFacade_Rear_Window1_Rail-1_LOD0Mesh
13:56:37 | INFO: Primitives created: 1
13:56:37 | INFO: Extracting primitive: DwellingFacade_Rear_Window1_Rail1_LOD0Mesh
13:56:37 | INFO: Primitives created: 1
13:56:37 | INFO: Extracting primitive: DwellingFacade_Rear_Window1_Recess_LOD0Mesh
13:56:37 | INFO: Primitives created: 1
13:56:37 | INFO: Extracting primitive: DwellingFacade_Rear_Window1_Sill_LOD0Mesh
13:56:37 | INFO: Primitives created: 1
13:56:37 | INFO: Extracting primitive: DwellingFacade_RidgeBeam_LOD0Mesh
13:56:37 | INFO: Primitives created: 1
13:56:37 | INFO: Extracting primitive: DwellingFacade_Right_Wall_LOD0Mesh
13:56:37 | INFO: Primitives created: 1
13:56:37 | INFO: Extracting primitive: DwellingFacade_Right_Window0_Glass_LOD0Mesh
13:56:37 | INFO: Primitives created: 1
13:56:37 | INFO: Extracting primitive: DwellingFacade_Right_Window0_Jamb-1_LOD0Mesh
13:56:37 | INFO: Primitives created: 1
13:56:37 | INFO: Extracting primitive: DwellingFacade_Right_Window0_Jamb1_LOD0Mesh
13:56:37 | INFO: Primitives created: 1
13:56:37 | INFO: Extracting primitive: DwellingFacade_Right_Window0_Mullion_LOD0Mesh
13:56:37 | INFO: Primitives created: 1
13:56:37 | INFO: Extracting primitive: DwellingFacade_Right_Window0_Rail-1_LOD0Mesh
13:56:37 | INFO: Primitives created: 1
13:56:37 | INFO: Extracting primitive: DwellingFacade_Right_Window0_Rail1_LOD0Mesh
13:56:37 | INFO: Primitives created: 1
13:56:37 | INFO: Extracting primitive: DwellingFacade_Right_Window0_Recess_LOD0Mesh
13:56:37 | INFO: Primitives created: 1
13:56:37 | INFO: Extracting primitive: DwellingFacade_Right_Window0_Sill_LOD0Mesh
13:56:37 | INFO: Primitives created: 1
13:56:37 | INFO: Extracting primitive: DwellingFacade_Roof_LOD0Mesh
13:56:37 | INFO: Primitives created: 2
13:56:37 | INFO: Extracting primitive: DwellingFacade_SeniEntry_Door0_Handle_LOD0Mesh
13:56:37 | INFO: Primitives created: 1
13:56:37 | INFO: Extracting primitive: DwellingFacade_SeniEntry_Door0_Jamb-1_LOD0Mesh
13:56:37 | INFO: Primitives created: 1
13:56:37 | INFO: Extracting primitive: DwellingFacade_SeniEntry_Door0_Jamb1_LOD0Mesh
13:56:37 | INFO: Primitives created: 1
13:56:37 | INFO: Extracting primitive: DwellingFacade_SeniEntry_Door0_Leaf_LOD0Mesh
13:56:37 | INFO: Primitives created: 1
13:56:37 | INFO: Extracting primitive: DwellingFacade_SeniEntry_Door0_Rail-1_LOD0Mesh
13:56:37 | INFO: Primitives created: 1
13:56:37 | INFO: Extracting primitive: DwellingFacade_SeniEntry_Door0_Rail1_LOD0Mesh
13:56:37 | INFO: Primitives created: 1
13:56:37 | INFO: Extracting primitive: DwellingFacade_SeniEntry_Door0_Recess_LOD0Mesh
13:56:37 | INFO: Primitives created: 1
13:56:37 | INFO: Extracting primitive: DwellingFacade_SeniEntry_Wall_LOD0Mesh
13:56:37 | INFO: Primitives created: 1
13:56:37 | INFO: Extracting primitive: DwellingFacade_SeniFooting_LOD0Mesh
13:56:37 | INFO: Primitives created: 1
13:56:37 | INFO: Extracting primitive: DwellingFacade_SeniFrontRoofInfill_LOD0Mesh
13:56:37 | INFO: Primitives created: 1
13:56:37 | INFO: Extracting primitive: DwellingFacade_SeniOuter_Wall_LOD0Mesh
13:56:37 | INFO: Primitives created: 1
13:56:37 | INFO: Extracting primitive: DwellingFacade_SeniOuter_Window0_Glass_LOD0Mesh
13:56:37 | INFO: Primitives created: 1
13:56:37 | INFO: Extracting primitive: DwellingFacade_SeniOuter_Window0_Jamb-1_LOD0Mesh
13:56:37 | INFO: Primitives created: 1
13:56:37 | INFO: Extracting primitive: DwellingFacade_SeniOuter_Window0_Jamb1_LOD0Mesh
13:56:37 | INFO: Primitives created: 1
13:56:37 | INFO: Extracting primitive: DwellingFacade_SeniOuter_Window0_Mullion_LOD0Mesh
13:56:37 | INFO: Primitives created: 1
13:56:37 | INFO: Extracting primitive: DwellingFacade_SeniOuter_Window0_Rail-1_LOD0Mesh
13:56:37 | INFO: Primitives created: 1
13:56:37 | INFO: Extracting primitive: DwellingFacade_SeniOuter_Window0_Rail1_LOD0Mesh
13:56:37 | INFO: Primitives created: 1
13:56:37 | INFO: Extracting primitive: DwellingFacade_SeniOuter_Window0_Recess_LOD0Mesh
13:56:37 | INFO: Primitives created: 1
13:56:37 | INFO: Extracting primitive: DwellingFacade_SeniOuter_Window0_Sill_LOD0Mesh
13:56:37 | INFO: Primitives created: 1
13:56:37 | INFO: Extracting primitive: DwellingFacade_SeniRear_Wall_LOD0Mesh
13:56:37 | INFO: Primitives created: 1
13:56:37 | INFO: Extracting primitive: DwellingFacade_SeniRearRoofInfill_LOD0Mesh
13:56:37 | INFO: Primitives created: 1
13:56:37 | INFO: Extracting primitive: DwellingFacade_SeniRoof_LOD0Mesh
13:56:37 | INFO: Primitives created: 1
13:56:37 | INFO: Extracting primitive: DwellingFacade_SeniSplashStone_LOD0Mesh
13:56:37 | INFO: Primitives created: 1
13:56:37 | INFO: Extracting primitive: DwellingFacade_SeniSpout_LOD0Mesh
13:56:37 | INFO: Primitives created: 1
13:56:37 | INFO: Extracting primitive: DwellingFacade_SeniStep_LOD0Mesh
13:56:37 | INFO: Primitives created: 1
13:56:37 | INFO: Extracting primitive: DwellingFacade_SeniTrough_LOD0Mesh
13:56:37 | INFO: Primitives created: 2
13:56:37 | INFO: Extracting primitive: DwellingFacade_Street_Portal0_Jamb-1_LOD0Mesh
13:56:37 | INFO: Primitives created: 1
13:56:37 | INFO: Extracting primitive: DwellingFacade_Street_Portal0_Jamb1_LOD0Mesh
13:56:37 | INFO: Primitives created: 1
13:56:37 | INFO: Extracting primitive: DwellingFacade_Street_Portal0_Rail-1_LOD0Mesh
13:56:37 | INFO: Primitives created: 1
13:56:37 | INFO: Extracting primitive: DwellingFacade_Street_Portal0_Rail1_LOD0Mesh
13:56:37 | INFO: Primitives created: 1
13:56:37 | INFO: Extracting primitive: DwellingFacade_Street_Wall_LOD0Mesh
13:56:37 | INFO: Primitives created: 1
13:56:37 | INFO: Extracting primitive: DwellingFacade_Street_Window1_Glass_LOD0Mesh
13:56:37 | INFO: Primitives created: 1
13:56:37 | INFO: Extracting primitive: DwellingFacade_Street_Window1_Jamb-1_LOD0Mesh
13:56:37 | INFO: Primitives created: 1
13:56:37 | INFO: Extracting primitive: DwellingFacade_Street_Window1_Jamb1_LOD0Mesh
13:56:37 | INFO: Primitives created: 1
13:56:37 | INFO: Extracting primitive: DwellingFacade_Street_Window1_Mullion_LOD0Mesh
13:56:37 | INFO: Primitives created: 1
13:56:37 | INFO: Extracting primitive: DwellingFacade_Street_Window1_Rail-1_LOD0Mesh
13:56:37 | INFO: Primitives created: 1
13:56:37 | INFO: Extracting primitive: DwellingFacade_Street_Window1_Rail1_LOD0Mesh
13:56:37 | INFO: Primitives created: 1
13:56:37 | INFO: Extracting primitive: DwellingFacade_Street_Window1_Recess_LOD0Mesh
13:56:37 | INFO: Primitives created: 1
13:56:37 | INFO: Extracting primitive: DwellingFacade_Street_Window1_Sill_LOD0Mesh
13:56:37 | INFO: Primitives created: 1
13:56:37 | INFO: Extracting primitive: DwellingFacade_Street_Window2_Glass_LOD0Mesh
13:56:37 | INFO: Primitives created: 1
13:56:37 | INFO: Extracting primitive: DwellingFacade_Street_Window2_Jamb-1_LOD0Mesh
13:56:37 | INFO: Primitives created: 1
13:56:37 | INFO: Extracting primitive: DwellingFacade_Street_Window2_Jamb1_LOD0Mesh
13:56:37 | INFO: Primitives created: 1
13:56:37 | INFO: Extracting primitive: DwellingFacade_Street_Window2_Mullion_LOD0Mesh
13:56:37 | INFO: Primitives created: 1
13:56:37 | INFO: Extracting primitive: DwellingFacade_Street_Window2_Rail-1_LOD0Mesh
13:56:37 | INFO: Primitives created: 1
13:56:37 | INFO: Extracting primitive: DwellingFacade_Street_Window2_Rail1_LOD0Mesh
13:56:37 | INFO: Primitives created: 1
13:56:37 | INFO: Extracting primitive: DwellingFacade_Street_Window2_Recess_LOD0Mesh
13:56:37 | INFO: Primitives created: 1
13:56:37 | INFO: Extracting primitive: DwellingFacade_Street_Window2_Sill_LOD0Mesh
13:56:37 | INFO: Primitives created: 1
13:56:37 | INFO: Extracting primitive: DwellingFacade_StreetDoorClosed_LOD0Mesh
13:56:37 | INFO: Primitives created: 3
13:56:37 | INFO: Extracting primitive: DwellingFacade_StreetStep_LOD0Mesh
13:56:37 | INFO: Primitives created: 1
13:56:37 | INFO: Extracting primitive: Cube.041
13:56:37 | INFO: Primitives created: 1
13:56:37 | INFO: Extracting primitive: Cube.042
13:56:37 | INFO: Primitives created: 1
13:56:37 | INFO: Extracting primitive: Cube.043
13:56:37 | INFO: Primitives created: 1
13:56:37 | INFO: Extracting primitive: FenceSegment_FoundationStoneLeft_LOD0Mesh
13:56:37 | INFO: Primitives created: 2
13:56:37 | INFO: Extracting primitive: FenceSegment_FoundationStoneRight_LOD0Mesh
13:56:37 | INFO: Primitives created: 2
13:56:37 | INFO: Extracting primitive: FenceSegment_Picket_00_LOD0Mesh
13:56:37 | INFO: Primitives created: 2
13:56:37 | INFO: Extracting primitive: FenceSegment_Picket_01_LOD0Mesh
13:56:37 | INFO: Primitives created: 2
13:56:37 | INFO: Extracting primitive: FenceSegment_Picket_02_LOD0Mesh
13:56:37 | INFO: Primitives created: 2
13:56:37 | INFO: Extracting primitive: FenceSegment_Picket_03_LOD0Mesh
13:56:37 | INFO: Primitives created: 2
13:56:37 | INFO: Extracting primitive: FenceSegment_Picket_04_LOD0Mesh
13:56:37 | INFO: Primitives created: 2
13:56:37 | INFO: Extracting primitive: FenceSegment_Picket_05_LOD0Mesh
13:56:37 | INFO: Primitives created: 2
13:56:37 | INFO: Extracting primitive: FenceSegment_Picket_06_LOD0Mesh
13:56:37 | INFO: Primitives created: 2
13:56:37 | INFO: Extracting primitive: Cube.040
13:56:37 | INFO: Primitives created: 1
13:56:37 | INFO: Extracting primitive: FenceSegment_RailMiddle_Crooked_LOD0Mesh
13:56:37 | INFO: Primitives created: 1
13:56:37 | INFO: Extracting primitive: Cube.039
13:56:37 | INFO: Primitives created: 1
13:56:37 | INFO: Extracting primitive: Gate_BackBrace_LOD0Mesh
13:56:37 | INFO: Primitives created: 1
13:56:37 | INFO: Extracting primitive: Cube.053
13:56:37 | INFO: Primitives created: 1
13:56:37 | INFO: Extracting primitive: Cylinder.003
13:56:37 | INFO: Primitives created: 1
13:56:37 | INFO: Extracting primitive: Cube.046
13:56:37 | INFO: Primitives created: 1
13:56:37 | INFO: Extracting primitive: Cylinder.002
13:56:37 | INFO: Primitives created: 1
13:56:37 | INFO: Extracting primitive: Gate_HingeRight_LOD0Mesh
13:56:37 | INFO: Primitives created: 1
13:56:37 | INFO: Extracting primitive: Gate_LatchPlate_LOD0Mesh
13:56:37 | INFO: Primitives created: 1
13:56:37 | INFO: Extracting primitive: Cube.047
13:56:37 | INFO: Primitives created: 1
13:56:37 | INFO: Extracting primitive: Cube.048
13:56:37 | INFO: Primitives created: 1
13:56:37 | INFO: Extracting primitive: Cube.049
13:56:37 | INFO: Primitives created: 1
13:56:37 | INFO: Extracting primitive: Cube.050
13:56:37 | INFO: Primitives created: 1
13:56:37 | INFO: Extracting primitive: Cube.051
13:56:37 | INFO: Primitives created: 1
13:56:37 | INFO: Extracting primitive: Cube.052
13:56:37 | INFO: Primitives created: 1
13:56:37 | INFO: Extracting primitive: Gate_PostCapLeft_LOD0Mesh
13:56:37 | INFO: Primitives created: 1
13:56:37 | INFO: Extracting primitive: Gate_PostCapRight_LOD0Mesh
13:56:37 | INFO: Primitives created: 1
13:56:37 | INFO: Extracting primitive: Gate_PostFootRight_LOD0Mesh
13:56:37 | INFO: Primitives created: 2
13:56:37 | INFO: Extracting primitive: Cube.044
13:56:37 | INFO: Primitives created: 1
13:56:37 | INFO: Extracting primitive: Cube.045
13:56:37 | INFO: Primitives created: 1
13:56:37 | INFO: Extracting primitive: Gate_ThresholdStone_LOD0Mesh
13:56:37 | INFO: Primitives created: 1
13:56:37 | INFO: Extracting primitive: Gate_ThresholdStoneRear_LOD0Mesh
13:56:37 | INFO: Primitives created: 2
13:56:37 | INFO: Extracting primitive: HeroHouse_Back_BoardedGable_LOD0Mesh
13:56:37 | INFO: Primitives created: 1
13:56:37 | INFO: Extracting primitive: HeroHouse_Back_VergeLeft_LOD0Mesh
13:56:37 | INFO: Primitives created: 1
13:56:37 | INFO: Extracting primitive: HeroHouse_Back_VergeRight_LOD0Mesh
13:56:37 | INFO: Primitives created: 1
13:56:37 | INFO: Extracting primitive: HeroHouse_ChimneyCap_LOD0Mesh
13:56:37 | INFO: Primitives created: 1
13:56:37 | INFO: Extracting primitive: HeroHouse_ChimneyStack_LOD0Mesh
13:56:37 | INFO: Primitives created: 1
13:56:37 | INFO: Extracting primitive: HeroHouse_Corner_-4.2_-1.066_LOD0Mesh
13:56:37 | INFO: Primitives created: 1
13:56:37 | INFO: Extracting primitive: HeroHouse_Corner_-4.2_6.3340000000000005_LOD0Mesh
13:56:37 | INFO: Primitives created: 1
13:56:37 | INFO: Extracting primitive: HeroHouse_Corner_4.2_-1.066_LOD0Mesh
13:56:37 | INFO: Primitives created: 1
13:56:37 | INFO: Extracting primitive: HeroHouse_Corner_4.2_6.3340000000000005_LOD0Mesh
13:56:37 | INFO: Primitives created: 1
13:56:37 | INFO: Extracting primitive: HeroHouse_Downpipe_LOD0Mesh
13:56:37 | INFO: Primitives created: 1
13:56:37 | INFO: Extracting primitive: HeroHouse_DownpipeSplash_LOD0Mesh
13:56:37 | INFO: Primitives created: 1
13:56:37 | INFO: Extracting primitive: HeroHouse_Eave_-4.55_LOD0Mesh
13:56:37 | INFO: Primitives created: 1
13:56:37 | INFO: Extracting primitive: HeroHouse_Eave_4.55_LOD0Mesh
13:56:37 | INFO: Primitives created: 1
13:56:37 | INFO: Extracting primitive: HeroHouse_FootingCap_LOD0Mesh
13:56:37 | INFO: Primitives created: 1
13:56:37 | INFO: Extracting primitive: HeroHouse_Foundation_LOD0Mesh
13:56:37 | INFO: Primitives created: 1
13:56:37 | INFO: Extracting primitive: HeroHouse_Front_BoardedGable_LOD0Mesh
13:56:37 | INFO: Primitives created: 1
13:56:37 | INFO: Extracting primitive: HeroHouse_Front_VergeLeft_LOD0Mesh
13:56:37 | INFO: Primitives created: 1
13:56:37 | INFO: Extracting primitive: HeroHouse_Front_VergeRight_LOD0Mesh
13:56:37 | INFO: Primitives created: 1
13:56:37 | INFO: Extracting primitive: HeroHouse_Gutter_+1_LOD0Mesh
13:56:37 | INFO: Primitives created: 2
13:56:37 | INFO: Extracting primitive: HeroHouse_Gutter_-1_LOD0Mesh
13:56:37 | INFO: Primitives created: 2
13:56:37 | INFO: Extracting primitive: HeroHouse_Left_Wall_LOD0Mesh
13:56:37 | INFO: Primitives created: 1
13:56:37 | INFO: Extracting primitive: HeroHouse_Left_Window0_Glass_LOD0Mesh
13:56:37 | INFO: Primitives created: 1
13:56:37 | INFO: Extracting primitive: HeroHouse_Left_Window0_Jamb-1_LOD0Mesh
13:56:37 | INFO: Primitives created: 1
13:56:37 | INFO: Extracting primitive: HeroHouse_Left_Window0_Jamb1_LOD0Mesh
13:56:37 | INFO: Primitives created: 1
13:56:37 | INFO: Extracting primitive: HeroHouse_Left_Window0_Mullion_LOD0Mesh
13:56:37 | INFO: Primitives created: 1
13:56:37 | INFO: Extracting primitive: HeroHouse_Left_Window0_Rail-1_LOD0Mesh
13:56:37 | INFO: Primitives created: 1
13:56:37 | INFO: Extracting primitive: HeroHouse_Left_Window0_Rail1_LOD0Mesh
13:56:37 | INFO: Primitives created: 1
13:56:37 | INFO: Extracting primitive: HeroHouse_Left_Window0_Recess_LOD0Mesh
13:56:37 | INFO: Primitives created: 1
13:56:37 | INFO: Extracting primitive: HeroHouse_Left_Window0_Sill_LOD0Mesh
13:56:37 | INFO: Primitives created: 1
13:56:37 | INFO: Extracting primitive: HeroHouse_RafterTail_+1_00_LOD0Mesh
13:56:37 | INFO: Primitives created: 1
13:56:37 | INFO: Extracting primitive: HeroHouse_RafterTail_+1_01_LOD0Mesh
13:56:37 | INFO: Primitives created: 1
13:56:37 | INFO: Extracting primitive: HeroHouse_RafterTail_+1_02_LOD0Mesh
13:56:37 | INFO: Primitives created: 1
13:56:37 | INFO: Extracting primitive: HeroHouse_RafterTail_+1_03_LOD0Mesh
13:56:37 | INFO: Primitives created: 1
13:56:37 | INFO: Extracting primitive: HeroHouse_RafterTail_+1_04_LOD0Mesh
13:56:37 | INFO: Primitives created: 1
13:56:37 | INFO: Extracting primitive: HeroHouse_RafterTail_+1_05_LOD0Mesh
13:56:37 | INFO: Primitives created: 1
13:56:37 | INFO: Extracting primitive: HeroHouse_RafterTail_+1_06_LOD0Mesh
13:56:37 | INFO: Primitives created: 1
13:56:37 | INFO: Extracting primitive: HeroHouse_RafterTail_+1_07_LOD0Mesh
13:56:37 | INFO: Primitives created: 1
13:56:37 | INFO: Extracting primitive: HeroHouse_RafterTail_+1_08_LOD0Mesh
13:56:37 | INFO: Primitives created: 1
13:56:37 | INFO: Extracting primitive: HeroHouse_RafterTail_+1_09_LOD0Mesh
13:56:37 | INFO: Primitives created: 1
13:56:37 | INFO: Extracting primitive: HeroHouse_RafterTail_+1_10_LOD0Mesh
13:56:37 | INFO: Primitives created: 1
13:56:37 | INFO: Extracting primitive: HeroHouse_RafterTail_+1_11_LOD0Mesh
13:56:37 | INFO: Primitives created: 1
13:56:37 | INFO: Extracting primitive: HeroHouse_RafterTail_+1_12_LOD0Mesh
13:56:37 | INFO: Primitives created: 1
13:56:37 | INFO: Extracting primitive: HeroHouse_RafterTail_+1_13_LOD0Mesh
13:56:37 | INFO: Primitives created: 1
13:56:37 | INFO: Extracting primitive: HeroHouse_RafterTail_+1_14_LOD0Mesh
13:56:37 | INFO: Primitives created: 1
13:56:37 | INFO: Extracting primitive: HeroHouse_RafterTail_-1_00_LOD0Mesh
13:56:37 | INFO: Primitives created: 1
13:56:37 | INFO: Extracting primitive: HeroHouse_RafterTail_-1_01_LOD0Mesh
13:56:37 | INFO: Primitives created: 1
13:56:37 | INFO: Extracting primitive: HeroHouse_RafterTail_-1_02_LOD0Mesh
13:56:37 | INFO: Primitives created: 1
13:56:37 | INFO: Extracting primitive: HeroHouse_RafterTail_-1_03_LOD0Mesh
13:56:37 | INFO: Primitives created: 1
13:56:37 | INFO: Extracting primitive: HeroHouse_RafterTail_-1_04_LOD0Mesh
13:56:37 | INFO: Primitives created: 1
13:56:37 | INFO: Extracting primitive: HeroHouse_RafterTail_-1_05_LOD0Mesh
13:56:37 | INFO: Primitives created: 1
13:56:37 | INFO: Extracting primitive: HeroHouse_RafterTail_-1_06_LOD0Mesh
13:56:37 | INFO: Primitives created: 1
13:56:37 | INFO: Extracting primitive: HeroHouse_RafterTail_-1_07_LOD0Mesh
13:56:37 | INFO: Primitives created: 1
13:56:37 | INFO: Extracting primitive: HeroHouse_RafterTail_-1_08_LOD0Mesh
13:56:37 | INFO: Primitives created: 1
13:56:37 | INFO: Extracting primitive: HeroHouse_RafterTail_-1_09_LOD0Mesh
13:56:37 | INFO: Primitives created: 1
13:56:37 | INFO: Extracting primitive: HeroHouse_RafterTail_-1_10_LOD0Mesh
13:56:37 | INFO: Primitives created: 1
13:56:37 | INFO: Extracting primitive: HeroHouse_RafterTail_-1_11_LOD0Mesh
13:56:37 | INFO: Primitives created: 1
13:56:37 | INFO: Extracting primitive: HeroHouse_RafterTail_-1_12_LOD0Mesh
13:56:37 | INFO: Primitives created: 1
13:56:37 | INFO: Extracting primitive: HeroHouse_RafterTail_-1_13_LOD0Mesh
13:56:37 | INFO: Primitives created: 1
13:56:37 | INFO: Extracting primitive: HeroHouse_RafterTail_-1_14_LOD0Mesh
13:56:37 | INFO: Primitives created: 1
13:56:37 | INFO: Extracting primitive: HeroHouse_Rear_Wall_LOD0Mesh
13:56:37 | INFO: Primitives created: 1
13:56:37 | INFO: Extracting primitive: HeroHouse_Rear_Window0_Glass_LOD0Mesh
13:56:37 | INFO: Primitives created: 1
13:56:37 | INFO: Extracting primitive: HeroHouse_Rear_Window0_Jamb-1_LOD0Mesh
13:56:37 | INFO: Primitives created: 1
13:56:37 | INFO: Extracting primitive: HeroHouse_Rear_Window0_Jamb1_LOD0Mesh
13:56:37 | INFO: Primitives created: 1
13:56:37 | INFO: Extracting primitive: HeroHouse_Rear_Window0_Mullion_LOD0Mesh
13:56:37 | INFO: Primitives created: 1
13:56:37 | INFO: Extracting primitive: HeroHouse_Rear_Window0_Rail-1_LOD0Mesh
13:56:37 | INFO: Primitives created: 1
13:56:37 | INFO: Extracting primitive: HeroHouse_Rear_Window0_Rail1_LOD0Mesh
13:56:37 | INFO: Primitives created: 1
13:56:37 | INFO: Extracting primitive: HeroHouse_Rear_Window0_Recess_LOD0Mesh
13:56:37 | INFO: Primitives created: 1
13:56:37 | INFO: Extracting primitive: HeroHouse_Rear_Window0_Sill_LOD0Mesh
13:56:37 | INFO: Primitives created: 1
13:56:37 | INFO: Extracting primitive: HeroHouse_Rear_Window1_Glass_LOD0Mesh
13:56:37 | INFO: Primitives created: 1
13:56:37 | INFO: Extracting primitive: HeroHouse_Rear_Window1_Jamb-1_LOD0Mesh
13:56:37 | INFO: Primitives created: 1
13:56:37 | INFO: Extracting primitive: HeroHouse_Rear_Window1_Jamb1_LOD0Mesh
13:56:37 | INFO: Primitives created: 1
13:56:37 | INFO: Extracting primitive: HeroHouse_Rear_Window1_Mullion_LOD0Mesh
13:56:37 | INFO: Primitives created: 1
13:56:37 | INFO: Extracting primitive: HeroHouse_Rear_Window1_Rail-1_LOD0Mesh
13:56:37 | INFO: Primitives created: 1
13:56:37 | INFO: Extracting primitive: HeroHouse_Rear_Window1_Rail1_LOD0Mesh
13:56:37 | INFO: Primitives created: 1
13:56:37 | INFO: Extracting primitive: HeroHouse_Rear_Window1_Recess_LOD0Mesh
13:56:37 | INFO: Primitives created: 1
13:56:37 | INFO: Extracting primitive: HeroHouse_Rear_Window1_Sill_LOD0Mesh
13:56:37 | INFO: Primitives created: 1
13:56:37 | INFO: Extracting primitive: HeroHouse_RidgeBeam_LOD0Mesh
13:56:37 | INFO: Primitives created: 1
13:56:37 | INFO: Extracting primitive: HeroHouse_Right_Wall_LOD0Mesh
13:56:37 | INFO: Primitives created: 1
13:56:37 | INFO: Extracting primitive: HeroHouse_Right_Window0_Glass_LOD0Mesh
13:56:37 | INFO: Primitives created: 1
13:56:37 | INFO: Extracting primitive: HeroHouse_Right_Window0_Jamb-1_LOD0Mesh
13:56:37 | INFO: Primitives created: 1
13:56:37 | INFO: Extracting primitive: HeroHouse_Right_Window0_Jamb1_LOD0Mesh
13:56:37 | INFO: Primitives created: 1
13:56:37 | INFO: Extracting primitive: HeroHouse_Right_Window0_Mullion_LOD0Mesh
13:56:37 | INFO: Primitives created: 1
13:56:37 | INFO: Extracting primitive: HeroHouse_Right_Window0_Rail-1_LOD0Mesh
13:56:37 | INFO: Primitives created: 1
13:56:37 | INFO: Extracting primitive: HeroHouse_Right_Window0_Rail1_LOD0Mesh
13:56:37 | INFO: Primitives created: 1
13:56:37 | INFO: Extracting primitive: HeroHouse_Right_Window0_Recess_LOD0Mesh
13:56:37 | INFO: Primitives created: 1
13:56:37 | INFO: Extracting primitive: HeroHouse_Right_Window0_Sill_LOD0Mesh
13:56:37 | INFO: Primitives created: 1
13:56:37 | INFO: Extracting primitive: HeroHouse_Roof_LOD0Mesh
13:56:37 | INFO: Primitives created: 2
13:56:37 | INFO: Extracting primitive: HeroHouse_SeniEntry_Door0_Handle_LOD0Mesh
13:56:37 | INFO: Primitives created: 1
13:56:37 | INFO: Extracting primitive: HeroHouse_SeniEntry_Door0_Jamb-1_LOD0Mesh
13:56:37 | INFO: Primitives created: 1
13:56:37 | INFO: Extracting primitive: HeroHouse_SeniEntry_Door0_Jamb1_LOD0Mesh
13:56:37 | INFO: Primitives created: 1
13:56:37 | INFO: Extracting primitive: HeroHouse_SeniEntry_Door0_Leaf_LOD0Mesh
13:56:37 | INFO: Primitives created: 1
13:56:37 | INFO: Extracting primitive: HeroHouse_SeniEntry_Door0_Rail-1_LOD0Mesh
13:56:37 | INFO: Primitives created: 1
13:56:37 | INFO: Extracting primitive: HeroHouse_SeniEntry_Door0_Rail1_LOD0Mesh
13:56:37 | INFO: Primitives created: 1
13:56:37 | INFO: Extracting primitive: HeroHouse_SeniEntry_Door0_Recess_LOD0Mesh
13:56:37 | INFO: Primitives created: 1
13:56:37 | INFO: Extracting primitive: HeroHouse_SeniEntry_Wall_LOD0Mesh
13:56:37 | INFO: Primitives created: 1
13:56:37 | INFO: Extracting primitive: HeroHouse_SeniFooting_LOD0Mesh
13:56:37 | INFO: Primitives created: 1
13:56:37 | INFO: Extracting primitive: HeroHouse_SeniFrontRoofInfill_LOD0Mesh
13:56:37 | INFO: Primitives created: 1
13:56:37 | INFO: Extracting primitive: HeroHouse_SeniOuter_Wall_LOD0Mesh
13:56:37 | INFO: Primitives created: 1
13:56:37 | INFO: Extracting primitive: HeroHouse_SeniOuter_Window0_Glass_LOD0Mesh
13:56:37 | INFO: Primitives created: 1
13:56:37 | INFO: Extracting primitive: HeroHouse_SeniOuter_Window0_Jamb-1_LOD0Mesh
13:56:37 | INFO: Primitives created: 1
13:56:37 | INFO: Extracting primitive: HeroHouse_SeniOuter_Window0_Jamb1_LOD0Mesh
13:56:37 | INFO: Primitives created: 1
13:56:37 | INFO: Extracting primitive: HeroHouse_SeniOuter_Window0_Mullion_LOD0Mesh
13:56:37 | INFO: Primitives created: 1
13:56:37 | INFO: Extracting primitive: HeroHouse_SeniOuter_Window0_Rail-1_LOD0Mesh
13:56:37 | INFO: Primitives created: 1
13:56:37 | INFO: Extracting primitive: HeroHouse_SeniOuter_Window0_Rail1_LOD0Mesh
13:56:37 | INFO: Primitives created: 1
13:56:37 | INFO: Extracting primitive: HeroHouse_SeniOuter_Window0_Recess_LOD0Mesh
13:56:37 | INFO: Primitives created: 1
13:56:37 | INFO: Extracting primitive: HeroHouse_SeniOuter_Window0_Sill_LOD0Mesh
13:56:37 | INFO: Primitives created: 1
13:56:37 | INFO: Extracting primitive: HeroHouse_SeniRear_Wall_LOD0Mesh
13:56:37 | INFO: Primitives created: 1
13:56:37 | INFO: Extracting primitive: HeroHouse_SeniRearRoofInfill_LOD0Mesh
13:56:37 | INFO: Primitives created: 1
13:56:37 | INFO: Extracting primitive: HeroHouse_SeniRoof_LOD0Mesh
13:56:37 | INFO: Primitives created: 1
13:56:37 | INFO: Extracting primitive: HeroHouse_SeniSplashStone_LOD0Mesh
13:56:37 | INFO: Primitives created: 1
13:56:37 | INFO: Extracting primitive: HeroHouse_SeniSpout_LOD0Mesh
13:56:37 | INFO: Primitives created: 1
13:56:37 | INFO: Extracting primitive: HeroHouse_SeniStep_LOD0Mesh
13:56:37 | INFO: Primitives created: 1
13:56:37 | INFO: Extracting primitive: HeroHouse_SeniTrough_LOD0Mesh
13:56:37 | INFO: Primitives created: 2
13:56:37 | INFO: Extracting primitive: HeroHouse_Street_Portal0_Jamb-1_LOD0Mesh
13:56:37 | INFO: Primitives created: 1
13:56:37 | INFO: Extracting primitive: HeroHouse_Street_Portal0_Jamb1_LOD0Mesh
13:56:37 | INFO: Primitives created: 1
13:56:37 | INFO: Extracting primitive: HeroHouse_Street_Portal0_Rail-1_LOD0Mesh
13:56:37 | INFO: Primitives created: 1
13:56:37 | INFO: Extracting primitive: HeroHouse_Street_Portal0_Rail1_LOD0Mesh
13:56:37 | INFO: Primitives created: 1
13:56:37 | INFO: Extracting primitive: HeroHouse_Street_Wall_LOD0Mesh
13:56:37 | INFO: Primitives created: 1
13:56:37 | INFO: Extracting primitive: HeroHouse_Street_Window1_Glass_LOD0Mesh
13:56:37 | INFO: Primitives created: 1
13:56:37 | INFO: Extracting primitive: HeroHouse_Street_Window1_Jamb-1_LOD0Mesh
13:56:37 | INFO: Primitives created: 1
13:56:37 | INFO: Extracting primitive: HeroHouse_Street_Window1_Jamb1_LOD0Mesh
13:56:37 | INFO: Primitives created: 1
13:56:37 | INFO: Extracting primitive: HeroHouse_Street_Window1_Mullion_LOD0Mesh
13:56:37 | INFO: Primitives created: 1
13:56:37 | INFO: Extracting primitive: HeroHouse_Street_Window1_Rail-1_LOD0Mesh
13:56:37 | INFO: Primitives created: 1
13:56:37 | INFO: Extracting primitive: HeroHouse_Street_Window1_Rail1_LOD0Mesh
13:56:37 | INFO: Primitives created: 1
13:56:37 | INFO: Extracting primitive: HeroHouse_Street_Window1_Recess_LOD0Mesh
13:56:37 | INFO: Primitives created: 1
13:56:37 | INFO: Extracting primitive: HeroHouse_Street_Window1_Sill_LOD0Mesh
13:56:37 | INFO: Primitives created: 1
13:56:37 | INFO: Extracting primitive: HeroHouse_Street_Window2_Glass_LOD0Mesh
13:56:37 | INFO: Primitives created: 1
13:56:37 | INFO: Extracting primitive: HeroHouse_Street_Window2_Jamb-1_LOD0Mesh
13:56:37 | INFO: Primitives created: 1
13:56:37 | INFO: Extracting primitive: HeroHouse_Street_Window2_Jamb1_LOD0Mesh
13:56:37 | INFO: Primitives created: 1
13:56:37 | INFO: Extracting primitive: HeroHouse_Street_Window2_Mullion_LOD0Mesh
13:56:37 | INFO: Primitives created: 1
13:56:37 | INFO: Extracting primitive: HeroHouse_Street_Window2_Rail-1_LOD0Mesh
13:56:37 | INFO: Primitives created: 1
13:56:37 | INFO: Extracting primitive: HeroHouse_Street_Window2_Rail1_LOD0Mesh
13:56:37 | INFO: Primitives created: 1
13:56:37 | INFO: Extracting primitive: HeroHouse_Street_Window2_Recess_LOD0Mesh
13:56:37 | INFO: Primitives created: 1
13:56:37 | INFO: Extracting primitive: HeroHouse_Street_Window2_Sill_LOD0Mesh
13:56:37 | INFO: Primitives created: 1
13:56:37 | INFO: Extracting primitive: HeroHouse_Street_Window3_Glass_LOD0Mesh
13:56:37 | INFO: Primitives created: 1
13:56:37 | INFO: Extracting primitive: HeroHouse_Street_Window3_Jamb-1_LOD0Mesh
13:56:37 | INFO: Primitives created: 1
13:56:37 | INFO: Extracting primitive: HeroHouse_Street_Window3_Jamb1_LOD0Mesh
13:56:37 | INFO: Primitives created: 1
13:56:37 | INFO: Extracting primitive: HeroHouse_Street_Window3_Mullion_LOD0Mesh
13:56:37 | INFO: Primitives created: 1
13:56:37 | INFO: Extracting primitive: HeroHouse_Street_Window3_Rail-1_LOD0Mesh
13:56:37 | INFO: Primitives created: 1
13:56:37 | INFO: Extracting primitive: HeroHouse_Street_Window3_Rail1_LOD0Mesh
13:56:37 | INFO: Primitives created: 1
13:56:37 | INFO: Extracting primitive: HeroHouse_Street_Window3_Recess_LOD0Mesh
13:56:37 | INFO: Primitives created: 1
13:56:37 | INFO: Extracting primitive: HeroHouse_Street_Window3_Sill_LOD0Mesh
13:56:37 | INFO: Primitives created: 1
13:56:37 | INFO: Extracting primitive: HeroHouse_StreetDoorClosed_LOD0Mesh
13:56:37 | INFO: Primitives created: 3
13:56:37 | INFO: Extracting primitive: HeroHouse_StreetStep_LOD0Mesh
13:56:37 | INFO: Primitives created: 1
13:56:37 | INFO: Extracting primitive: HeroYardShed_BackGable_LOD0Mesh
13:56:37 | INFO: Primitives created: 1
13:56:37 | INFO: Extracting primitive: HeroYardShed_FloorJoist_0_LOD0Mesh
13:56:37 | INFO: Primitives created: 1
13:56:37 | INFO: Extracting primitive: HeroYardShed_FloorJoist_1_LOD0Mesh
13:56:37 | INFO: Primitives created: 1
13:56:37 | INFO: Extracting primitive: HeroYardShed_FloorJoist_2_LOD0Mesh
13:56:37 | INFO: Primitives created: 1
13:56:37 | INFO: Extracting primitive: HeroYardShed_Foundation_LOD0Mesh
13:56:37 | INFO: Primitives created: 1
13:56:37 | INFO: Extracting primitive: HeroYardShed_Front_WallPier_L_LOD0Mesh
13:56:37 | INFO: Primitives created: 1
13:56:37 | INFO: Extracting primitive: HeroYardShed_Front_WallPier_R_LOD0Mesh
13:56:37 | INFO: Primitives created: 1
13:56:37 | INFO: Extracting primitive: HeroYardShed_FrontDoorLintel_LOD0Mesh
13:56:37 | INFO: Primitives created: 1
13:56:37 | INFO: Extracting primitive: HeroYardShed_FrontGable_LOD0Mesh
13:56:37 | INFO: Primitives created: 1
13:56:37 | INFO: Extracting primitive: HeroYardShed_HayBinding_0_A_LOD0Mesh
13:56:37 | INFO: Primitives created: 1
13:56:37 | INFO: Extracting primitive: HeroYardShed_HayBinding_0_B_LOD0Mesh
13:56:37 | INFO: Primitives created: 1
13:56:37 | INFO: Extracting primitive: HeroYardShed_HayBinding_1_A_LOD0Mesh
13:56:37 | INFO: Primitives created: 1
13:56:37 | INFO: Extracting primitive: HeroYardShed_HayBinding_1_B_LOD0Mesh
13:56:37 | INFO: Primitives created: 1
13:56:37 | INFO: Extracting primitive: HeroYardShed_HayBinding_2_A_LOD0Mesh
13:56:37 | INFO: Primitives created: 1
13:56:37 | INFO: Extracting primitive: HeroYardShed_HayBinding_2_B_LOD0Mesh
13:56:37 | INFO: Primitives created: 1
13:56:37 | INFO: Extracting primitive: HeroYardShed_HayBinding_3_A_LOD0Mesh
13:56:37 | INFO: Primitives created: 1
13:56:37 | INFO: Extracting primitive: HeroYardShed_HayBinding_3_B_LOD0Mesh
13:56:37 | INFO: Primitives created: 1
13:56:37 | INFO: Extracting primitive: HeroYardShed_HayBundle_0_LOD0Mesh
13:56:37 | INFO: Primitives created: 1
13:56:37 | INFO: Extracting primitive: HeroYardShed_HayBundle_1_LOD0Mesh
13:56:37 | INFO: Primitives created: 1
13:56:37 | INFO: Extracting primitive: HeroYardShed_HayBundle_2_LOD0Mesh
13:56:37 | INFO: Primitives created: 1
13:56:37 | INFO: Extracting primitive: HeroYardShed_HayBundle_3_LOD0Mesh
13:56:37 | INFO: Primitives created: 1
13:56:37 | INFO: Extracting primitive: HeroYardShed_LadderApron_LOD0Mesh
13:56:37 | INFO: Primitives created: 1
13:56:37 | INFO: Extracting primitive: HeroYardShed_LadderFixing_L_LOD0Mesh
13:56:37 | INFO: Primitives created: 1
13:56:37 | INFO: Extracting primitive: HeroYardShed_LadderFixing_R_LOD0Mesh
13:56:37 | INFO: Primitives created: 1
13:56:37 | INFO: Extracting primitive: HeroYardShed_LadderRail_L_LOD0Mesh
13:56:37 | INFO: Primitives created: 1
13:56:37 | INFO: Extracting primitive: HeroYardShed_LadderRail_R_LOD0Mesh
13:56:37 | INFO: Primitives created: 1
13:56:37 | INFO: Extracting primitive: HeroYardShed_LadderRung_00_LOD0Mesh
13:56:37 | INFO: Primitives created: 1
13:56:37 | INFO: Extracting primitive: HeroYardShed_LadderRung_01_LOD0Mesh
13:56:37 | INFO: Primitives created: 1
13:56:37 | INFO: Extracting primitive: HeroYardShed_LadderRung_02_LOD0Mesh
13:56:37 | INFO: Primitives created: 1
13:56:37 | INFO: Extracting primitive: HeroYardShed_LadderRung_03_LOD0Mesh
13:56:37 | INFO: Primitives created: 1
13:56:37 | INFO: Extracting primitive: HeroYardShed_LadderRung_04_LOD0Mesh
13:56:37 | INFO: Primitives created: 1
13:56:37 | INFO: Extracting primitive: HeroYardShed_LadderRung_05_LOD0Mesh
13:56:37 | INFO: Primitives created: 1
13:56:37 | INFO: Extracting primitive: HeroYardShed_LadderRung_06_LOD0Mesh
13:56:37 | INFO: Primitives created: 1
13:56:37 | INFO: Extracting primitive: HeroYardShed_Left_Wall_LOD0Mesh
13:56:37 | INFO: Primitives created: 1
13:56:37 | INFO: Extracting primitive: HeroYardShed_LoftBoard_00_LOD0Mesh
13:56:37 | INFO: Primitives created: 1
13:56:37 | INFO: Extracting primitive: HeroYardShed_LoftBoard_01_LOD0Mesh
13:56:37 | INFO: Primitives created: 1
13:56:37 | INFO: Extracting primitive: HeroYardShed_LoftBoard_02_LOD0Mesh
13:56:37 | INFO: Primitives created: 1
13:56:37 | INFO: Extracting primitive: HeroYardShed_LoftBoard_03_LOD0Mesh
13:56:37 | INFO: Primitives created: 1
13:56:37 | INFO: Extracting primitive: HeroYardShed_LoftBoard_04_LOD0Mesh
13:56:37 | INFO: Primitives created: 1
13:56:37 | INFO: Extracting primitive: HeroYardShed_LoftBoard_05_LOD0Mesh
13:56:37 | INFO: Primitives created: 1
13:56:37 | INFO: Extracting primitive: HeroYardShed_LoftBoard_06_LOD0Mesh
13:56:37 | INFO: Primitives created: 1
13:56:37 | INFO: Extracting primitive: HeroYardShed_LoftBoard_07_LOD0Mesh
13:56:37 | INFO: Primitives created: 1
13:56:37 | INFO: Extracting primitive: HeroYardShed_LoftBoard_08_LOD0Mesh
13:56:37 | INFO: Primitives created: 1
13:56:37 | INFO: Extracting primitive: HeroYardShed_LoftBoard_09_LOD0Mesh
13:56:37 | INFO: Primitives created: 1
13:56:37 | INFO: Extracting primitive: HeroYardShed_LoftBoard_10_LOD0Mesh
13:56:37 | INFO: Primitives created: 1
13:56:37 | INFO: Extracting primitive: HeroYardShed_Rear_WallPier_L_LOD0Mesh
13:56:37 | INFO: Primitives created: 1
13:56:37 | INFO: Extracting primitive: HeroYardShed_Rear_WallPier_R_LOD0Mesh
13:56:37 | INFO: Primitives created: 1
13:56:37 | INFO: Extracting primitive: HeroYardShed_Rear_WindowHeadWall_LOD0Mesh
13:56:37 | INFO: Primitives created: 1
13:56:37 | INFO: Extracting primitive: HeroYardShed_Rear_WindowJamb_L_LOD0Mesh
13:56:37 | INFO: Primitives created: 1
13:56:37 | INFO: Extracting primitive: HeroYardShed_Rear_WindowJamb_R_LOD0Mesh
13:56:37 | INFO: Primitives created: 1
13:56:37 | INFO: Extracting primitive: HeroYardShed_Rear_WindowSill_LOD0Mesh
13:56:37 | INFO: Primitives created: 1
13:56:37 | INFO: Extracting primitive: HeroYardShed_Rear_WindowSillWall_LOD0Mesh
13:56:37 | INFO: Primitives created: 1
13:56:37 | INFO: Extracting primitive: HeroYardShed_Right_Wall_LOD0Mesh
13:56:37 | INFO: Primitives created: 1
13:56:37 | INFO: Extracting primitive: HeroYardShed_Roof_LOD0Mesh
13:56:37 | INFO: Primitives created: 3
13:56:37 | INFO: Extracting primitive: HeroYardShed_SupportPost_LBack_LOD0Mesh
13:56:37 | INFO: Primitives created: 1
13:56:37 | INFO: Extracting primitive: HeroYardShed_SupportPost_LFront_LOD0Mesh
13:56:37 | INFO: Primitives created: 1
13:56:37 | INFO: Extracting primitive: HeroYardShed_SupportPost_RBack_LOD0Mesh
13:56:37 | INFO: Primitives created: 1
13:56:37 | INFO: Extracting primitive: HeroYardShed_SupportPost_RFront_LOD0Mesh
13:56:37 | INFO: Primitives created: 1
13:56:37 | INFO: Extracting primitive: OutbuildingShed_Door_Handle_LOD0Mesh
13:56:37 | INFO: Primitives created: 1
13:56:37 | INFO: Extracting primitive: OutbuildingShed_Door_Panel_LOD0Mesh
13:56:37 | INFO: Primitives created: 1
13:56:37 | INFO: Extracting primitive: OutbuildingShed_Door_Plank_00_LOD0Mesh
13:56:37 | INFO: Primitives created: 1
13:56:37 | INFO: Extracting primitive: OutbuildingShed_Door_Plank_01_LOD0Mesh
13:56:37 | INFO: Primitives created: 1
13:56:37 | INFO: Extracting primitive: OutbuildingShed_Door_Plank_02_LOD0Mesh
13:56:37 | INFO: Primitives created: 1
13:56:37 | INFO: Extracting primitive: OutbuildingShed_Door_Recess_LOD0Mesh
13:56:37 | INFO: Primitives created: 1
13:56:37 | INFO: Extracting primitive: OutbuildingShed_Foundation_LOD0Mesh
13:56:37 | INFO: Primitives created: 2
13:56:37 | INFO: Extracting primitive: OutbuildingShed_GableBack_LOD0Mesh
13:56:37 | INFO: Primitives created: 2
13:56:37 | INFO: Extracting primitive: OutbuildingShed_GableFront_LOD0Mesh
13:56:37 | INFO: Primitives created: 2
13:56:37 | INFO: Extracting primitive: OutbuildingShed_RearBatten_LOD0Mesh
13:56:37 | INFO: Primitives created: 1
13:56:37 | INFO: Extracting primitive: OutbuildingShed_Roof_LOD0Mesh
13:56:37 | INFO: Primitives created: 3
13:56:37 | INFO: Extracting primitive: OutbuildingShed_SideEave_LOD0Mesh
13:56:37 | INFO: Primitives created: 1
13:56:37 | INFO: Extracting primitive: OutbuildingShed_SideWindow_Bottom_LOD0Mesh
13:56:37 | INFO: Primitives created: 1
13:56:37 | INFO: Extracting primitive: OutbuildingShed_SideWindow_Inset_LOD0Mesh
13:56:37 | INFO: Primitives created: 1
13:56:37 | INFO: Extracting primitive: OutbuildingShed_SideWindow_Left_LOD0Mesh
13:56:37 | INFO: Primitives created: 1
13:56:37 | INFO: Extracting primitive: OutbuildingShed_SideWindow_MullionH_LOD0Mesh
13:56:37 | INFO: Primitives created: 1
13:56:37 | INFO: Extracting primitive: OutbuildingShed_SideWindow_MullionV_LOD0Mesh
13:56:37 | INFO: Primitives created: 1
13:56:37 | INFO: Extracting primitive: OutbuildingShed_SideWindow_Right_LOD0Mesh
13:56:37 | INFO: Primitives created: 1
13:56:37 | INFO: Extracting primitive: OutbuildingShed_SideWindow_Sill_LOD0Mesh
13:56:37 | INFO: Primitives created: 1
13:56:37 | INFO: Extracting primitive: OutbuildingShed_SideWindow_Top_LOD0Mesh
13:56:37 | INFO: Primitives created: 1
13:56:37 | INFO: Extracting primitive: OutbuildingShed_Wall_LOD0Mesh
13:56:37 | INFO: Primitives created: 2
13:56:37 | INFO: Extracting primitive: VariantA_TimberGable_Dwelling_Back_BoardedGable_LOD0Mesh
13:56:37 | INFO: Primitives created: 1
13:56:37 | INFO: Extracting primitive: VariantA_TimberGable_Dwelling_Back_VergeLeft_LOD0Mesh
13:56:37 | INFO: Primitives created: 1
13:56:37 | INFO: Extracting primitive: VariantA_TimberGable_Dwelling_Back_VergeRight_LOD0Mesh
13:56:37 | INFO: Primitives created: 1
13:56:37 | INFO: Extracting primitive: VariantA_TimberGable_Dwelling_ChimneyCap_LOD0Mesh
13:56:37 | INFO: Primitives created: 1
13:56:37 | INFO: Extracting primitive: VariantA_TimberGable_Dwelling_ChimneyStack_LOD0Mesh
13:56:37 | INFO: Primitives created: 1
13:56:37 | INFO: Extracting primitive: VariantA_TimberGable_Dwelling_Corner_-3.0_-1.3_LOD0Mesh
13:56:37 | INFO: Primitives created: 1
13:56:37 | INFO: Extracting primitive: VariantA_TimberGable_Dwelling_Corner_-3.0_4.5_LOD0Mesh
13:56:37 | INFO: Primitives created: 1
13:56:37 | INFO: Extracting primitive: VariantA_TimberGable_Dwelling_Corner_3.0_-1.3_LOD0Mesh
13:56:37 | INFO: Primitives created: 1
13:56:37 | INFO: Extracting primitive: VariantA_TimberGable_Dwelling_Corner_3.0_4.5_LOD0Mesh
13:56:37 | INFO: Primitives created: 1
13:56:37 | INFO: Extracting primitive: VariantA_TimberGable_Dwelling_Downpipe_LOD0Mesh
13:56:37 | INFO: Primitives created: 1
13:56:37 | INFO: Extracting primitive: VariantA_TimberGable_Dwelling_DownpipeSplash_LOD0Mesh
13:56:37 | INFO: Primitives created: 1
13:56:37 | INFO: Extracting primitive: VariantA_TimberGable_Dwelling_Eave_-3.35_LOD0Mesh
13:56:37 | INFO: Primitives created: 1
13:56:37 | INFO: Extracting primitive: VariantA_TimberGable_Dwelling_Eave_3.35_LOD0Mesh
13:56:37 | INFO: Primitives created: 1
13:56:37 | INFO: Extracting primitive: VariantA_TimberGable_Dwelling_FootingCap_LOD0Mesh
13:56:37 | INFO: Primitives created: 1
13:56:37 | INFO: Extracting primitive: VariantA_TimberGable_Dwelling_Foundation_LOD0Mesh
13:56:37 | INFO: Primitives created: 1
13:56:37 | INFO: Extracting primitive: VariantA_TimberGable_Dwelling_Front_BoardedGable_LOD0Mesh
13:56:37 | INFO: Primitives created: 1
13:56:37 | INFO: Extracting primitive: VariantA_TimberGable_Dwelling_Front_VergeLeft_LOD0Mesh
13:56:37 | INFO: Primitives created: 1
13:56:37 | INFO: Extracting primitive: VariantA_TimberGable_Dwelling_Front_VergeRight_LOD0Mesh
13:56:37 | INFO: Primitives created: 1
13:56:37 | INFO: Extracting primitive: VariantA_TimberGable_Dwelling_Gutter_+1_LOD0Mesh
13:56:37 | INFO: Primitives created: 2
13:56:37 | INFO: Extracting primitive: VariantA_TimberGable_Dwelling_Gutter_-1_LOD0Mesh
13:56:37 | INFO: Primitives created: 2
13:56:37 | INFO: Extracting primitive: VariantA_TimberGable_Dwelling_Left_Wall_LOD0Mesh
13:56:37 | INFO: Primitives created: 1
13:56:37 | INFO: Extracting primitive: VariantA_TimberGable_Dwelling_Left_Window0_Glass_LOD0Mesh
13:56:37 | INFO: Primitives created: 1
13:56:37 | INFO: Extracting primitive: VariantA_TimberGable_Dwelling_Left_Window0_Jamb-1_LOD0Mesh
13:56:37 | INFO: Primitives created: 1
13:56:37 | INFO: Extracting primitive: VariantA_TimberGable_Dwelling_Left_Window0_Jamb1_LOD0Mesh
13:56:37 | INFO: Primitives created: 1
13:56:37 | INFO: Extracting primitive: VariantA_TimberGable_Dwelling_Left_Window0_Mullion_LOD0Mesh
13:56:37 | INFO: Primitives created: 1
13:56:37 | INFO: Extracting primitive: VariantA_TimberGable_Dwelling_Left_Window0_Rail-1_LOD0Mesh
13:56:37 | INFO: Primitives created: 1
13:56:37 | INFO: Extracting primitive: VariantA_TimberGable_Dwelling_Left_Window0_Rail1_LOD0Mesh
13:56:37 | INFO: Primitives created: 1
13:56:37 | INFO: Extracting primitive: VariantA_TimberGable_Dwelling_Left_Window0_Recess_LOD0Mesh
13:56:37 | INFO: Primitives created: 1
13:56:37 | INFO: Extracting primitive: VariantA_TimberGable_Dwelling_Left_Window0_Sill_LOD0Mesh
13:56:37 | INFO: Primitives created: 1
13:56:37 | INFO: Extracting primitive: VariantA_TimberGable_Dwelling_Left_Window1_Glass_LOD0Mesh
13:56:37 | INFO: Primitives created: 1
13:56:37 | INFO: Extracting primitive: VariantA_TimberGable_Dwelling_Left_Window1_Jamb-1_LOD0Mesh
13:56:37 | INFO: Primitives created: 1
13:56:37 | INFO: Extracting primitive: VariantA_TimberGable_Dwelling_Left_Window1_Jamb1_LOD0Mesh
13:56:37 | INFO: Primitives created: 1
13:56:37 | INFO: Extracting primitive: VariantA_TimberGable_Dwelling_Left_Window1_Mullion_LOD0Mesh
13:56:37 | INFO: Primitives created: 1
13:56:37 | INFO: Extracting primitive: VariantA_TimberGable_Dwelling_Left_Window1_Rail-1_LOD0Mesh
13:56:37 | INFO: Primitives created: 1
13:56:37 | INFO: Extracting primitive: VariantA_TimberGable_Dwelling_Left_Window1_Rail1_LOD0Mesh
13:56:37 | INFO: Primitives created: 1
13:56:37 | INFO: Extracting primitive: VariantA_TimberGable_Dwelling_Left_Window1_Recess_LOD0Mesh
13:56:37 | INFO: Primitives created: 1
13:56:37 | INFO: Extracting primitive: VariantA_TimberGable_Dwelling_Left_Window1_Sill_LOD0Mesh
13:56:37 | INFO: Primitives created: 1
13:56:37 | INFO: Extracting primitive: VariantA_TimberGable_Dwelling_RafterTail_+1_00_LOD0Mesh
13:56:37 | INFO: Primitives created: 1
13:56:37 | INFO: Extracting primitive: VariantA_TimberGable_Dwelling_RafterTail_+1_01_LOD0Mesh
13:56:37 | INFO: Primitives created: 1
13:56:37 | INFO: Extracting primitive: VariantA_TimberGable_Dwelling_RafterTail_+1_02_LOD0Mesh
13:56:37 | INFO: Primitives created: 1
13:56:37 | INFO: Extracting primitive: VariantA_TimberGable_Dwelling_RafterTail_+1_03_LOD0Mesh
13:56:37 | INFO: Primitives created: 1
13:56:37 | INFO: Extracting primitive: VariantA_TimberGable_Dwelling_RafterTail_+1_04_LOD0Mesh
13:56:37 | INFO: Primitives created: 1
13:56:37 | INFO: Extracting primitive: VariantA_TimberGable_Dwelling_RafterTail_+1_05_LOD0Mesh
13:56:37 | INFO: Primitives created: 1
13:56:37 | INFO: Extracting primitive: VariantA_TimberGable_Dwelling_RafterTail_+1_06_LOD0Mesh
13:56:37 | INFO: Primitives created: 1
13:56:37 | INFO: Extracting primitive: VariantA_TimberGable_Dwelling_RafterTail_+1_07_LOD0Mesh
13:56:37 | INFO: Primitives created: 1
13:56:37 | INFO: Extracting primitive: VariantA_TimberGable_Dwelling_RafterTail_+1_08_LOD0Mesh
13:56:37 | INFO: Primitives created: 1
13:56:37 | INFO: Extracting primitive: VariantA_TimberGable_Dwelling_RafterTail_+1_09_LOD0Mesh
13:56:37 | INFO: Primitives created: 1
13:56:37 | INFO: Extracting primitive: VariantA_TimberGable_Dwelling_RafterTail_+1_10_LOD0Mesh
13:56:37 | INFO: Primitives created: 1
13:56:37 | INFO: Extracting primitive: VariantA_TimberGable_Dwelling_RafterTail_+1_11_LOD0Mesh
13:56:37 | INFO: Primitives created: 1
13:56:37 | INFO: Extracting primitive: VariantA_TimberGable_Dwelling_RafterTail_-1_00_LOD0Mesh
13:56:37 | INFO: Primitives created: 1
13:56:37 | INFO: Extracting primitive: VariantA_TimberGable_Dwelling_RafterTail_-1_01_LOD0Mesh
13:56:37 | INFO: Primitives created: 1
13:56:37 | INFO: Extracting primitive: VariantA_TimberGable_Dwelling_RafterTail_-1_02_LOD0Mesh
13:56:37 | INFO: Primitives created: 1
13:56:37 | INFO: Extracting primitive: VariantA_TimberGable_Dwelling_RafterTail_-1_03_LOD0Mesh
13:56:37 | INFO: Primitives created: 1
13:56:37 | INFO: Extracting primitive: VariantA_TimberGable_Dwelling_RafterTail_-1_04_LOD0Mesh
13:56:37 | INFO: Primitives created: 1
13:56:37 | INFO: Extracting primitive: VariantA_TimberGable_Dwelling_RafterTail_-1_05_LOD0Mesh
13:56:37 | INFO: Primitives created: 1
13:56:37 | INFO: Extracting primitive: VariantA_TimberGable_Dwelling_RafterTail_-1_06_LOD0Mesh
13:56:37 | INFO: Primitives created: 1
13:56:37 | INFO: Extracting primitive: VariantA_TimberGable_Dwelling_RafterTail_-1_07_LOD0Mesh
13:56:37 | INFO: Primitives created: 1
13:56:37 | INFO: Extracting primitive: VariantA_TimberGable_Dwelling_RafterTail_-1_08_LOD0Mesh
13:56:37 | INFO: Primitives created: 1
13:56:37 | INFO: Extracting primitive: VariantA_TimberGable_Dwelling_RafterTail_-1_09_LOD0Mesh
13:56:37 | INFO: Primitives created: 1
13:56:37 | INFO: Extracting primitive: VariantA_TimberGable_Dwelling_RafterTail_-1_10_LOD0Mesh
13:56:37 | INFO: Primitives created: 1
13:56:37 | INFO: Extracting primitive: VariantA_TimberGable_Dwelling_RafterTail_-1_11_LOD0Mesh
13:56:37 | INFO: Primitives created: 1
13:56:37 | INFO: Extracting primitive: VariantA_TimberGable_Dwelling_Rear_Wall_LOD0Mesh
13:56:37 | INFO: Primitives created: 1
13:56:37 | INFO: Extracting primitive: VariantA_TimberGable_Dwelling_Rear_Window0_Glass_LOD0Mesh
13:56:37 | INFO: Primitives created: 1
13:56:37 | INFO: Extracting primitive: VariantA_TimberGable_Dwelling_Rear_Window0_Jamb-1_LOD0Mesh
13:56:37 | INFO: Primitives created: 1
13:56:37 | INFO: Extracting primitive: VariantA_TimberGable_Dwelling_Rear_Window0_Jamb1_LOD0Mesh
13:56:37 | INFO: Primitives created: 1
13:56:37 | INFO: Extracting primitive: VariantA_TimberGable_Dwelling_Rear_Window0_Mullion_LOD0Mesh
13:56:37 | INFO: Primitives created: 1
13:56:37 | INFO: Extracting primitive: VariantA_TimberGable_Dwelling_Rear_Window0_Rail-1_LOD0Mesh
13:56:37 | INFO: Primitives created: 1
13:56:37 | INFO: Extracting primitive: VariantA_TimberGable_Dwelling_Rear_Window0_Rail1_LOD0Mesh
13:56:37 | INFO: Primitives created: 1
13:56:37 | INFO: Extracting primitive: VariantA_TimberGable_Dwelling_Rear_Window0_Recess_LOD0Mesh
13:56:37 | INFO: Primitives created: 1
13:56:37 | INFO: Extracting primitive: VariantA_TimberGable_Dwelling_Rear_Window0_Sill_LOD0Mesh
13:56:37 | INFO: Primitives created: 1
13:56:37 | INFO: Extracting primitive: VariantA_TimberGable_Dwelling_Rear_Window1_Glass_LOD0Mesh
13:56:37 | INFO: Primitives created: 1
13:56:37 | INFO: Extracting primitive: VariantA_TimberGable_Dwelling_Rear_Window1_Jamb-1_LOD0Mesh
13:56:37 | INFO: Primitives created: 1
13:56:37 | INFO: Extracting primitive: VariantA_TimberGable_Dwelling_Rear_Window1_Jamb1_LOD0Mesh
13:56:37 | INFO: Primitives created: 1
13:56:37 | INFO: Extracting primitive: VariantA_TimberGable_Dwelling_Rear_Window1_Mullion_LOD0Mesh
13:56:37 | INFO: Primitives created: 1
13:56:37 | INFO: Extracting primitive: VariantA_TimberGable_Dwelling_Rear_Window1_Rail-1_LOD0Mesh
13:56:37 | INFO: Primitives created: 1
13:56:37 | INFO: Extracting primitive: VariantA_TimberGable_Dwelling_Rear_Window1_Rail1_LOD0Mesh
13:56:37 | INFO: Primitives created: 1
13:56:37 | INFO: Extracting primitive: VariantA_TimberGable_Dwelling_Rear_Window1_Recess_LOD0Mesh
13:56:37 | INFO: Primitives created: 1
13:56:37 | INFO: Extracting primitive: VariantA_TimberGable_Dwelling_Rear_Window1_Sill_LOD0Mesh
13:56:37 | INFO: Primitives created: 1
13:56:37 | INFO: Extracting primitive: VariantA_TimberGable_Dwelling_RidgeBeam_LOD0Mesh
13:56:37 | INFO: Primitives created: 1
13:56:37 | INFO: Extracting primitive: VariantA_TimberGable_Dwelling_Right_Wall_LOD0Mesh
13:56:37 | INFO: Primitives created: 1
13:56:37 | INFO: Extracting primitive: VariantA_TimberGable_Dwelling_Right_Window0_Glass_LOD0Mesh
13:56:37 | INFO: Primitives created: 1
13:56:37 | INFO: Extracting primitive: VariantA_TimberGable_Dwelling_Right_Window0_Jamb-1_LOD0Mesh
13:56:37 | INFO: Primitives created: 1
13:56:37 | INFO: Extracting primitive: VariantA_TimberGable_Dwelling_Right_Window0_Jamb1_LOD0Mesh
13:56:37 | INFO: Primitives created: 1
13:56:37 | INFO: Extracting primitive: VariantA_TimberGable_Dwelling_Right_Window0_Mullion_LOD0Mesh
13:56:37 | INFO: Primitives created: 1
13:56:37 | INFO: Extracting primitive: VariantA_TimberGable_Dwelling_Right_Window0_Rail-1_LOD0Mesh
13:56:37 | INFO: Primitives created: 1
13:56:37 | INFO: Extracting primitive: VariantA_TimberGable_Dwelling_Right_Window0_Rail1_LOD0Mesh
13:56:37 | INFO: Primitives created: 1
13:56:37 | INFO: Extracting primitive: VariantA_TimberGable_Dwelling_Right_Window0_Recess_LOD0Mesh
13:56:37 | INFO: Primitives created: 1
13:56:37 | INFO: Extracting primitive: VariantA_TimberGable_Dwelling_Right_Window0_Sill_LOD0Mesh
13:56:37 | INFO: Primitives created: 1
13:56:37 | INFO: Extracting primitive: VariantA_TimberGable_Dwelling_Roof_LOD0Mesh
13:56:37 | INFO: Primitives created: 2
13:56:37 | INFO: Extracting primitive: VariantA_TimberGable_Dwelling_SeniEntry_Door0_Handle_LOD0Mesh
13:56:37 | INFO: Primitives created: 1
13:56:37 | INFO: Extracting primitive: VariantA_TimberGable_Dwelling_SeniEntry_Door0_Jamb-1_LOD0Mesh
13:56:37 | INFO: Primitives created: 1
13:56:37 | INFO: Extracting primitive: VariantA_TimberGable_Dwelling_SeniEntry_Door0_Jamb1_LOD0Mesh
13:56:37 | INFO: Primitives created: 1
13:56:37 | INFO: Extracting primitive: VariantA_TimberGable_Dwelling_SeniEntry_Door0_Leaf_LOD0Mesh
13:56:37 | INFO: Primitives created: 1
13:56:37 | INFO: Extracting primitive: VariantA_TimberGable_Dwelling_SeniEntry_Door0_Rail-1_LOD0Mesh
13:56:37 | INFO: Primitives created: 1
13:56:37 | INFO: Extracting primitive: VariantA_TimberGable_Dwelling_SeniEntry_Door0_Rail1_LOD0Mesh
13:56:37 | INFO: Primitives created: 1
13:56:37 | INFO: Extracting primitive: VariantA_TimberGable_Dwelling_SeniEntry_Door0_Recess_LOD0Mesh
13:56:37 | INFO: Primitives created: 1
13:56:37 | INFO: Extracting primitive: VariantA_TimberGable_Dwelling_SeniEntry_Wall_LOD0Mesh
13:56:37 | INFO: Primitives created: 1
13:56:37 | INFO: Extracting primitive: VariantA_TimberGable_Dwelling_SeniFooting_LOD0Mesh
13:56:37 | INFO: Primitives created: 1
13:56:37 | INFO: Extracting primitive: VariantA_TimberGable_Dwelling_SeniFrontRoofInfill_LOD0Mesh
13:56:37 | INFO: Primitives created: 1
13:56:37 | INFO: Extracting primitive: VariantA_TimberGable_Dwelling_SeniOuter_Wall_LOD0Mesh
13:56:37 | INFO: Primitives created: 1
13:56:37 | INFO: Extracting primitive: VariantA_TimberGable_Dwelling_SeniOuter_Window0_Glass_LOD0Mesh
13:56:37 | INFO: Primitives created: 1
13:56:37 | INFO: Extracting primitive: VariantA_TimberGable_Dwelling_SeniOuter_Window0_Jamb-1_LOD0Mesh
13:56:37 | INFO: Primitives created: 1
13:56:37 | INFO: Extracting primitive: VariantA_TimberGable_Dwelling_SeniOuter_Window0_Jamb1_LOD0Mesh
13:56:37 | INFO: Primitives created: 1
13:56:37 | INFO: Extracting primitive: VariantA_TimberGable_Dwelling_SeniOuter_Window0_Mullion_LOD0Mes
13:56:37 | INFO: Primitives created: 1
13:56:37 | INFO: Extracting primitive: VariantA_TimberGable_Dwelling_SeniOuter_Window0_Rail-1_LOD0Mesh
13:56:37 | INFO: Primitives created: 1
13:56:37 | INFO: Extracting primitive: VariantA_TimberGable_Dwelling_SeniOuter_Window0_Rail1_LOD0Mesh
13:56:37 | INFO: Primitives created: 1
13:56:37 | INFO: Extracting primitive: VariantA_TimberGable_Dwelling_SeniOuter_Window0_Recess_LOD0Mesh
13:56:37 | INFO: Primitives created: 1
13:56:37 | INFO: Extracting primitive: VariantA_TimberGable_Dwelling_SeniOuter_Window0_Sill_LOD0Mesh
13:56:37 | INFO: Primitives created: 1
13:56:37 | INFO: Extracting primitive: VariantA_TimberGable_Dwelling_SeniRear_Wall_LOD0Mesh
13:56:37 | INFO: Primitives created: 1
13:56:37 | INFO: Extracting primitive: VariantA_TimberGable_Dwelling_SeniRearRoofInfill_LOD0Mesh
13:56:37 | INFO: Primitives created: 1
13:56:37 | INFO: Extracting primitive: VariantA_TimberGable_Dwelling_SeniRoof_LOD0Mesh
13:56:37 | INFO: Primitives created: 1
13:56:37 | INFO: Extracting primitive: VariantA_TimberGable_Dwelling_SeniSplashStone_LOD0Mesh
13:56:37 | INFO: Primitives created: 1
13:56:37 | INFO: Extracting primitive: VariantA_TimberGable_Dwelling_SeniSpout_LOD0Mesh
13:56:37 | INFO: Primitives created: 1
13:56:37 | INFO: Extracting primitive: VariantA_TimberGable_Dwelling_SeniStep_LOD0Mesh
13:56:37 | INFO: Primitives created: 1
13:56:37 | INFO: Extracting primitive: VariantA_TimberGable_Dwelling_SeniTrough_LOD0Mesh
13:56:37 | INFO: Primitives created: 2
13:56:37 | INFO: Extracting primitive: VariantA_TimberGable_Dwelling_Street_Wall_LOD0Mesh
13:56:37 | INFO: Primitives created: 1
13:56:37 | INFO: Extracting primitive: VariantA_TimberGable_Dwelling_Street_Window0_Glass_LOD0Mesh
13:56:37 | INFO: Primitives created: 1
13:56:37 | INFO: Extracting primitive: VariantA_TimberGable_Dwelling_Street_Window0_Jamb-1_LOD0Mesh
13:56:37 | INFO: Primitives created: 1
13:56:37 | INFO: Extracting primitive: VariantA_TimberGable_Dwelling_Street_Window0_Jamb1_LOD0Mesh
13:56:37 | INFO: Primitives created: 1
13:56:37 | INFO: Extracting primitive: VariantA_TimberGable_Dwelling_Street_Window0_Mullion_LOD0Mesh
13:56:37 | INFO: Primitives created: 1
13:56:37 | INFO: Extracting primitive: VariantA_TimberGable_Dwelling_Street_Window0_Rail-1_LOD0Mesh
13:56:37 | INFO: Primitives created: 1
13:56:37 | INFO: Extracting primitive: VariantA_TimberGable_Dwelling_Street_Window0_Rail1_LOD0Mesh
13:56:37 | INFO: Primitives created: 1
13:56:37 | INFO: Extracting primitive: VariantA_TimberGable_Dwelling_Street_Window0_Recess_LOD0Mesh
13:56:37 | INFO: Primitives created: 1
13:56:37 | INFO: Extracting primitive: VariantA_TimberGable_Dwelling_Street_Window0_Sill_LOD0Mesh
13:56:37 | INFO: Primitives created: 1
13:56:37 | INFO: Extracting primitive: VariantA_TimberGable_Dwelling_Street_Window1_Glass_LOD0Mesh
13:56:37 | INFO: Primitives created: 1
13:56:37 | INFO: Extracting primitive: VariantA_TimberGable_Dwelling_Street_Window1_Jamb-1_LOD0Mesh
13:56:37 | INFO: Primitives created: 1
13:56:37 | INFO: Extracting primitive: VariantA_TimberGable_Dwelling_Street_Window1_Jamb1_LOD0Mesh
13:56:37 | INFO: Primitives created: 1
13:56:37 | INFO: Extracting primitive: VariantA_TimberGable_Dwelling_Street_Window1_Mullion_LOD0Mesh
13:56:37 | INFO: Primitives created: 1
13:56:37 | INFO: Extracting primitive: VariantA_TimberGable_Dwelling_Street_Window1_Rail-1_LOD0Mesh
13:56:37 | INFO: Primitives created: 1
13:56:37 | INFO: Extracting primitive: VariantA_TimberGable_Dwelling_Street_Window1_Rail1_LOD0Mesh
13:56:37 | INFO: Primitives created: 1
13:56:37 | INFO: Extracting primitive: VariantA_TimberGable_Dwelling_Street_Window1_Recess_LOD0Mesh
13:56:37 | INFO: Primitives created: 1
13:56:37 | INFO: Extracting primitive: VariantA_TimberGable_Dwelling_Street_Window1_Sill_LOD0Mesh
13:56:37 | INFO: Primitives created: 1
13:56:37 | INFO: Extracting primitive: VariantA_TimberGable_Dwelling_Street_Window2_Glass_LOD0Mesh
13:56:37 | INFO: Primitives created: 1
13:56:37 | INFO: Extracting primitive: VariantA_TimberGable_Dwelling_Street_Window2_Jamb-1_LOD0Mesh
13:56:37 | INFO: Primitives created: 1
13:56:37 | INFO: Extracting primitive: VariantA_TimberGable_Dwelling_Street_Window2_Jamb1_LOD0Mesh
13:56:37 | INFO: Primitives created: 1
13:56:37 | INFO: Extracting primitive: VariantA_TimberGable_Dwelling_Street_Window2_Mullion_LOD0Mesh
13:56:37 | INFO: Primitives created: 1
13:56:37 | INFO: Extracting primitive: VariantA_TimberGable_Dwelling_Street_Window2_Rail-1_LOD0Mesh
13:56:37 | INFO: Primitives created: 1
13:56:37 | INFO: Extracting primitive: VariantA_TimberGable_Dwelling_Street_Window2_Rail1_LOD0Mesh
13:56:37 | INFO: Primitives created: 1
13:56:37 | INFO: Extracting primitive: VariantA_TimberGable_Dwelling_Street_Window2_Recess_LOD0Mesh
13:56:37 | INFO: Primitives created: 1
13:56:37 | INFO: Extracting primitive: VariantA_TimberGable_Dwelling_Street_Window2_Sill_LOD0Mesh
13:56:37 | INFO: Primitives created: 1
13:56:37 | INFO: Extracting primitive: VariantA_Shed_Door_Handle_LOD0Mesh
13:56:37 | INFO: Primitives created: 1
13:56:37 | INFO: Extracting primitive: VariantA_Shed_Door_Panel_LOD0Mesh
13:56:37 | INFO: Primitives created: 1
13:56:37 | INFO: Extracting primitive: VariantA_Shed_Door_Plank_00_LOD0Mesh
13:56:37 | INFO: Primitives created: 1
13:56:37 | INFO: Extracting primitive: VariantA_Shed_Door_Plank_01_LOD0Mesh
13:56:37 | INFO: Primitives created: 1
13:56:37 | INFO: Extracting primitive: VariantA_Shed_Door_Plank_02_LOD0Mesh
13:56:37 | INFO: Primitives created: 1
13:56:37 | INFO: Extracting primitive: VariantA_Shed_Door_Recess_LOD0Mesh
13:56:37 | INFO: Primitives created: 1
13:56:37 | INFO: Extracting primitive: VariantA_Shed_Foundation_LOD0Mesh
13:56:37 | INFO: Primitives created: 2
13:56:37 | INFO: Extracting primitive: VariantA_Shed_GableBack_LOD0Mesh
13:56:37 | INFO: Primitives created: 2
13:56:37 | INFO: Extracting primitive: VariantA_Shed_GableFront_LOD0Mesh
13:56:37 | INFO: Primitives created: 2
13:56:37 | INFO: Extracting primitive: VariantA_Shed_RearBatten_LOD0Mesh
13:56:37 | INFO: Primitives created: 1
13:56:37 | INFO: Extracting primitive: VariantA_Shed_Roof_LOD0Mesh
13:56:37 | INFO: Primitives created: 3
13:56:37 | INFO: Extracting primitive: VariantA_Shed_SideEave_LOD0Mesh
13:56:37 | INFO: Primitives created: 1
13:56:37 | INFO: Extracting primitive: VariantA_Shed_SideWindow_Bottom_LOD0Mesh
13:56:37 | INFO: Primitives created: 1
13:56:37 | INFO: Extracting primitive: VariantA_Shed_SideWindow_Inset_LOD0Mesh
13:56:37 | INFO: Primitives created: 1
13:56:37 | INFO: Extracting primitive: VariantA_Shed_SideWindow_Left_LOD0Mesh
13:56:37 | INFO: Primitives created: 1
13:56:37 | INFO: Extracting primitive: VariantA_Shed_SideWindow_MullionH_LOD0Mesh
13:56:37 | INFO: Primitives created: 1
13:56:37 | INFO: Extracting primitive: VariantA_Shed_SideWindow_MullionV_LOD0Mesh
13:56:37 | INFO: Primitives created: 1
13:56:37 | INFO: Extracting primitive: VariantA_Shed_SideWindow_Right_LOD0Mesh
13:56:37 | INFO: Primitives created: 1
13:56:37 | INFO: Extracting primitive: VariantA_Shed_SideWindow_Sill_LOD0Mesh
13:56:37 | INFO: Primitives created: 1
13:56:37 | INFO: Extracting primitive: VariantA_Shed_SideWindow_Top_LOD0Mesh
13:56:37 | INFO: Primitives created: 1
13:56:37 | INFO: Extracting primitive: VariantA_Shed_Wall_LOD0Mesh
13:56:37 | INFO: Primitives created: 2
13:56:37 | INFO: Extracting primitive: VariantA_Yard_BenchLeg_00_LOD0Mesh
13:56:37 | INFO: Primitives created: 1
13:56:37 | INFO: Extracting primitive: VariantA_Yard_BenchLeg_01_LOD0Mesh
13:56:37 | INFO: Primitives created: 1
13:56:37 | INFO: Extracting primitive: VariantA_Yard_BenchSeat_LOD0Mesh
13:56:37 | INFO: Primitives created: 1
13:56:37 | INFO: Extracting primitive: VariantA_Yard_FoundationStone_00_LOD0Mesh
13:56:37 | INFO: Primitives created: 2
13:56:37 | INFO: Extracting primitive: VariantA_Yard_FoundationStone_01_LOD0Mesh
13:56:37 | INFO: Primitives created: 2
13:56:37 | INFO: Extracting primitive: VariantA_Yard_FrontRail_00_LOD0Mesh
13:56:37 | INFO: Primitives created: 1
13:56:37 | INFO: Extracting primitive: VariantA_Yard_FrontRail_01_LOD0Mesh
13:56:37 | INFO: Primitives created: 1
13:56:37 | INFO: Extracting primitive: VariantA_Yard_GateBrace_LOD0Mesh
13:56:37 | INFO: Primitives created: 1
13:56:37 | INFO: Extracting primitive: VariantA_Yard_GateHeader_LOD0Mesh
13:56:37 | INFO: Primitives created: 1
13:56:37 | INFO: Extracting primitive: VariantA_Yard_GatePostLeft_LOD0Mesh
13:56:37 | INFO: Primitives created: 1
13:56:37 | INFO: Extracting primitive: VariantA_Yard_GatePostRight_LOD0Mesh
13:56:37 | INFO: Primitives created: 1
13:56:37 | INFO: Extracting primitive: VariantA_Yard_GateThreshold_LOD0Mesh
13:56:37 | INFO: Primitives created: 1
13:56:37 | INFO: Extracting primitive: VariantA_Yard_Post_00_LOD0Mesh
13:56:37 | INFO: Primitives created: 1
13:56:37 | INFO: Extracting primitive: VariantA_Yard_Post_01_LOD0Mesh
13:56:37 | INFO: Primitives created: 1
13:56:37 | INFO: Extracting primitive: VariantA_Yard_Post_02_LOD0Mesh
13:56:37 | INFO: Primitives created: 1
13:56:37 | INFO: Extracting primitive: VariantA_Yard_Post_03_LOD0Mesh
13:56:37 | INFO: Primitives created: 1
13:56:37 | INFO: Extracting primitive: VariantA_Yard_Post_04_LOD0Mesh
13:56:37 | INFO: Primitives created: 1
13:56:37 | INFO: Extracting primitive: VariantA_Yard_Post_05_LOD0Mesh
13:56:37 | INFO: Primitives created: 1
13:56:37 | INFO: Extracting primitive: VariantA_Yard_SideRail_00_LOD0Mesh
13:56:37 | INFO: Primitives created: 1
13:56:37 | INFO: Extracting primitive: VariantA_Yard_SideRail_01_LOD0Mesh
13:56:37 | INFO: Primitives created: 1
13:56:37 | INFO: Extracting primitive: VillageParcel_VariantA_TimberGable_Branch_00_LOD0Mesh
13:56:37 | INFO: Primitives created: 1
13:56:37 | INFO: Extracting primitive: VillageParcel_VariantA_TimberGable_Branch_01_LOD0Mesh
13:56:37 | INFO: Primitives created: 1
13:56:37 | INFO: Extracting primitive: VillageParcel_VariantA_TimberGable_Moss_00_LOD0Mesh
13:56:37 | INFO: Primitives created: 2
13:56:37 | INFO: Extracting primitive: VillageParcel_VariantA_TimberGable_Moss_01_LOD0Mesh
13:56:37 | INFO: Primitives created: 2
13:56:37 | INFO: Extracting primitive: VillageParcel_VariantA_TimberGable_Moss_02_LOD0Mesh
13:56:37 | INFO: Primitives created: 2
13:56:37 | INFO: Extracting primitive: VillageParcel_VariantA_TimberGable_Sedge_00_Blade_00_LOD0Mesh
13:56:37 | INFO: Primitives created: 1
13:56:37 | INFO: Extracting primitive: VillageParcel_VariantA_TimberGable_Sedge_00_Blade_01_LOD0Mesh
13:56:37 | INFO: Primitives created: 1
13:56:37 | INFO: Extracting primitive: VillageParcel_VariantA_TimberGable_Sedge_00_Blade_02_LOD0Mesh
13:56:37 | INFO: Primitives created: 1
13:56:37 | INFO: Extracting primitive: VillageParcel_VariantA_TimberGable_Sedge_01_Blade_00_LOD0Mesh
13:56:37 | INFO: Primitives created: 1
13:56:37 | INFO: Extracting primitive: VillageParcel_VariantA_TimberGable_Sedge_01_Blade_01_LOD0Mesh
13:56:37 | INFO: Primitives created: 1
13:56:37 | INFO: Extracting primitive: VillageParcel_VariantA_TimberGable_Sedge_01_Blade_02_LOD0Mesh
13:56:37 | INFO: Primitives created: 1
13:56:37 | INFO: Extracting primitive: VillageParcel_VariantA_TimberGable_Sedge_02_Blade_00_LOD0Mesh
13:56:37 | INFO: Primitives created: 1
13:56:37 | INFO: Extracting primitive: VillageParcel_VariantA_TimberGable_Sedge_02_Blade_01_LOD0Mesh
13:56:37 | INFO: Primitives created: 1
13:56:37 | INFO: Extracting primitive: VillageParcel_VariantA_TimberGable_Sedge_02_Blade_02_LOD0Mesh
13:56:37 | INFO: Primitives created: 1
13:56:37 | INFO: Extracting primitive: VillageParcel_VariantA_TimberGable_Sedge_03_Blade_00_LOD0Mesh
13:56:37 | INFO: Primitives created: 1
13:56:37 | INFO: Extracting primitive: VillageParcel_VariantA_TimberGable_Sedge_03_Blade_01_LOD0Mesh
13:56:37 | INFO: Primitives created: 1
13:56:37 | INFO: Extracting primitive: VillageParcel_VariantA_TimberGable_Sedge_03_Blade_02_LOD0Mesh
13:56:37 | INFO: Primitives created: 1
13:56:37 | INFO: Extracting primitive: VillageParcel_VariantA_TimberGable_Shrub_00_Clump_00_LOD0Mesh
13:56:37 | INFO: Primitives created: 2
13:56:37 | INFO: Extracting primitive: VillageParcel_VariantA_TimberGable_Shrub_00_Clump_01_LOD0Mesh
13:56:37 | INFO: Primitives created: 2
13:56:37 | INFO: Extracting primitive: VillageParcel_VariantA_TimberGable_Shrub_00_Clump_02_LOD0Mesh
13:56:37 | INFO: Primitives created: 2
13:56:37 | INFO: Extracting primitive: VillageParcel_VariantA_TimberGable_Shrub_01_Clump_00_LOD0Mesh
13:56:37 | INFO: Primitives created: 2
13:56:37 | INFO: Extracting primitive: VillageParcel_VariantA_TimberGable_Shrub_01_Clump_01_LOD0Mesh
13:56:37 | INFO: Primitives created: 2
13:56:37 | INFO: Extracting primitive: VillageParcel_VariantA_TimberGable_Shrub_01_Clump_02_LOD0Mesh
13:56:37 | INFO: Primitives created: 2
13:56:37 | INFO: Extracting primitive: VariantB_PlasterAnnex_Dwelling_Back_BoardedGable_LOD0Mesh
13:56:37 | INFO: Primitives created: 1
13:56:37 | INFO: Extracting primitive: VariantB_PlasterAnnex_Dwelling_Back_VergeLeft_LOD0Mesh
13:56:37 | INFO: Primitives created: 1
13:56:37 | INFO: Extracting primitive: VariantB_PlasterAnnex_Dwelling_Back_VergeRight_LOD0Mesh
13:56:37 | INFO: Primitives created: 1
13:56:37 | INFO: Extracting primitive: VariantB_PlasterAnnex_Dwelling_ChimneyCap_LOD0Mesh
13:56:37 | INFO: Primitives created: 1
13:56:37 | INFO: Extracting primitive: VariantB_PlasterAnnex_Dwelling_ChimneyStack_LOD0Mesh
13:56:37 | INFO: Primitives created: 1
13:56:37 | INFO: Extracting primitive: VariantB_PlasterAnnex_Dwelling_Corner_-2.75_-1.3_LOD0Mesh
13:56:37 | INFO: Primitives created: 1
13:56:37 | INFO: Extracting primitive: VariantB_PlasterAnnex_Dwelling_Corner_-2.75_5.1000000000000005_
13:56:37 | INFO: Primitives created: 1
13:56:37 | INFO: Extracting primitive: VariantB_PlasterAnnex_Dwelling_Corner_2.75_-1.3_LOD0Mesh
13:56:37 | INFO: Primitives created: 1
13:56:37 | INFO: Extracting primitive: VariantB_PlasterAnnex_Dwelling_Corner_2.75_5.1000000000000005_L
13:56:37 | INFO: Primitives created: 1
13:56:37 | INFO: Extracting primitive: VariantB_PlasterAnnex_Dwelling_Downpipe_LOD0Mesh
13:56:37 | INFO: Primitives created: 1
13:56:37 | INFO: Extracting primitive: VariantB_PlasterAnnex_Dwelling_DownpipeSplash_LOD0Mesh
13:56:37 | INFO: Primitives created: 1
13:56:37 | INFO: Extracting primitive: VariantB_PlasterAnnex_Dwelling_Eave_-3.1_LOD0Mesh
13:56:37 | INFO: Primitives created: 1
13:56:37 | INFO: Extracting primitive: VariantB_PlasterAnnex_Dwelling_Eave_3.1_LOD0Mesh
13:56:37 | INFO: Primitives created: 1
13:56:37 | INFO: Extracting primitive: VariantB_PlasterAnnex_Dwelling_FootingCap_LOD0Mesh
13:56:37 | INFO: Primitives created: 1
13:56:37 | INFO: Extracting primitive: VariantB_PlasterAnnex_Dwelling_Foundation_LOD0Mesh
13:56:37 | INFO: Primitives created: 1
13:56:37 | INFO: Extracting primitive: VariantB_PlasterAnnex_Dwelling_Front_BoardedGable_LOD0Mesh
13:56:37 | INFO: Primitives created: 1
13:56:37 | INFO: Extracting primitive: VariantB_PlasterAnnex_Dwelling_Front_VergeLeft_LOD0Mesh
13:56:37 | INFO: Primitives created: 1
13:56:37 | INFO: Extracting primitive: VariantB_PlasterAnnex_Dwelling_Front_VergeRight_LOD0Mesh
13:56:37 | INFO: Primitives created: 1
13:56:37 | INFO: Extracting primitive: VariantB_PlasterAnnex_Dwelling_Gutter_+1_LOD0Mesh
13:56:37 | INFO: Primitives created: 2
13:56:37 | INFO: Extracting primitive: VariantB_PlasterAnnex_Dwelling_Gutter_-1_LOD0Mesh
13:56:37 | INFO: Primitives created: 2
13:56:37 | INFO: Extracting primitive: VariantB_PlasterAnnex_Dwelling_Left_Wall_LOD0Mesh
13:56:37 | INFO: Primitives created: 1
13:56:37 | INFO: Extracting primitive: VariantB_PlasterAnnex_Dwelling_Left_Window0_Glass_LOD0Mesh
13:56:37 | INFO: Primitives created: 1
13:56:37 | INFO: Extracting primitive: VariantB_PlasterAnnex_Dwelling_Left_Window0_Jamb-1_LOD0Mesh
13:56:37 | INFO: Primitives created: 1
13:56:37 | INFO: Extracting primitive: VariantB_PlasterAnnex_Dwelling_Left_Window0_Jamb1_LOD0Mesh
13:56:37 | INFO: Primitives created: 1
13:56:37 | INFO: Extracting primitive: VariantB_PlasterAnnex_Dwelling_Left_Window0_Mullion_LOD0Mesh
13:56:37 | INFO: Primitives created: 1
13:56:37 | INFO: Extracting primitive: VariantB_PlasterAnnex_Dwelling_Left_Window0_Rail-1_LOD0Mesh
13:56:37 | INFO: Primitives created: 1
13:56:37 | INFO: Extracting primitive: VariantB_PlasterAnnex_Dwelling_Left_Window0_Rail1_LOD0Mesh
13:56:37 | INFO: Primitives created: 1
13:56:37 | INFO: Extracting primitive: VariantB_PlasterAnnex_Dwelling_Left_Window0_Recess_LOD0Mesh
13:56:37 | INFO: Primitives created: 1
13:56:37 | INFO: Extracting primitive: VariantB_PlasterAnnex_Dwelling_Left_Window0_Sill_LOD0Mesh
13:56:37 | INFO: Primitives created: 1
13:56:37 | INFO: Extracting primitive: VariantB_PlasterAnnex_Dwelling_Left_Window1_Glass_LOD0Mesh
13:56:37 | INFO: Primitives created: 1
13:56:37 | INFO: Extracting primitive: VariantB_PlasterAnnex_Dwelling_Left_Window1_Jamb-1_LOD0Mesh
13:56:37 | INFO: Primitives created: 1
13:56:37 | INFO: Extracting primitive: VariantB_PlasterAnnex_Dwelling_Left_Window1_Jamb1_LOD0Mesh
13:56:37 | INFO: Primitives created: 1
13:56:37 | INFO: Extracting primitive: VariantB_PlasterAnnex_Dwelling_Left_Window1_Mullion_LOD0Mesh
13:56:37 | INFO: Primitives created: 1
13:56:37 | INFO: Extracting primitive: VariantB_PlasterAnnex_Dwelling_Left_Window1_Rail-1_LOD0Mesh
13:56:37 | INFO: Primitives created: 1
13:56:37 | INFO: Extracting primitive: VariantB_PlasterAnnex_Dwelling_Left_Window1_Rail1_LOD0Mesh
13:56:37 | INFO: Primitives created: 1
13:56:37 | INFO: Extracting primitive: VariantB_PlasterAnnex_Dwelling_Left_Window1_Recess_LOD0Mesh
13:56:37 | INFO: Primitives created: 1
13:56:37 | INFO: Extracting primitive: VariantB_PlasterAnnex_Dwelling_Left_Window1_Sill_LOD0Mesh
13:56:37 | INFO: Primitives created: 1
13:56:37 | INFO: Extracting primitive: VariantB_PlasterAnnex_Dwelling_RafterTail_+1_00_LOD0Mesh
13:56:37 | INFO: Primitives created: 1
13:56:37 | INFO: Extracting primitive: VariantB_PlasterAnnex_Dwelling_RafterTail_+1_01_LOD0Mesh
13:56:37 | INFO: Primitives created: 1
13:56:37 | INFO: Extracting primitive: VariantB_PlasterAnnex_Dwelling_RafterTail_+1_02_LOD0Mesh
13:56:37 | INFO: Primitives created: 1
13:56:37 | INFO: Extracting primitive: VariantB_PlasterAnnex_Dwelling_RafterTail_+1_03_LOD0Mesh
13:56:37 | INFO: Primitives created: 1
13:56:37 | INFO: Extracting primitive: VariantB_PlasterAnnex_Dwelling_RafterTail_+1_04_LOD0Mesh
13:56:37 | INFO: Primitives created: 1
13:56:37 | INFO: Extracting primitive: VariantB_PlasterAnnex_Dwelling_RafterTail_+1_05_LOD0Mesh
13:56:37 | INFO: Primitives created: 1
13:56:37 | INFO: Extracting primitive: VariantB_PlasterAnnex_Dwelling_RafterTail_+1_06_LOD0Mesh
13:56:37 | INFO: Primitives created: 1
13:56:37 | INFO: Extracting primitive: VariantB_PlasterAnnex_Dwelling_RafterTail_+1_07_LOD0Mesh
13:56:37 | INFO: Primitives created: 1
13:56:37 | INFO: Extracting primitive: VariantB_PlasterAnnex_Dwelling_RafterTail_+1_08_LOD0Mesh
13:56:37 | INFO: Primitives created: 1
13:56:37 | INFO: Extracting primitive: VariantB_PlasterAnnex_Dwelling_RafterTail_+1_09_LOD0Mesh
13:56:37 | INFO: Primitives created: 1
13:56:37 | INFO: Extracting primitive: VariantB_PlasterAnnex_Dwelling_RafterTail_+1_10_LOD0Mesh
13:56:37 | INFO: Primitives created: 1
13:56:37 | INFO: Extracting primitive: VariantB_PlasterAnnex_Dwelling_RafterTail_+1_11_LOD0Mesh
13:56:37 | INFO: Primitives created: 1
13:56:37 | INFO: Extracting primitive: VariantB_PlasterAnnex_Dwelling_RafterTail_+1_12_LOD0Mesh
13:56:37 | INFO: Primitives created: 1
13:56:37 | INFO: Extracting primitive: VariantB_PlasterAnnex_Dwelling_RafterTail_-1_00_LOD0Mesh
13:56:37 | INFO: Primitives created: 1
13:56:37 | INFO: Extracting primitive: VariantB_PlasterAnnex_Dwelling_RafterTail_-1_01_LOD0Mesh
13:56:37 | INFO: Primitives created: 1
13:56:37 | INFO: Extracting primitive: VariantB_PlasterAnnex_Dwelling_RafterTail_-1_02_LOD0Mesh
13:56:37 | INFO: Primitives created: 1
13:56:37 | INFO: Extracting primitive: VariantB_PlasterAnnex_Dwelling_RafterTail_-1_03_LOD0Mesh
13:56:37 | INFO: Primitives created: 1
13:56:37 | INFO: Extracting primitive: VariantB_PlasterAnnex_Dwelling_RafterTail_-1_04_LOD0Mesh
13:56:37 | INFO: Primitives created: 1
13:56:37 | INFO: Extracting primitive: VariantB_PlasterAnnex_Dwelling_RafterTail_-1_05_LOD0Mesh
13:56:37 | INFO: Primitives created: 1
13:56:37 | INFO: Extracting primitive: VariantB_PlasterAnnex_Dwelling_RafterTail_-1_06_LOD0Mesh
13:56:37 | INFO: Primitives created: 1
13:56:37 | INFO: Extracting primitive: VariantB_PlasterAnnex_Dwelling_RafterTail_-1_07_LOD0Mesh
13:56:37 | INFO: Primitives created: 1
13:56:37 | INFO: Extracting primitive: VariantB_PlasterAnnex_Dwelling_RafterTail_-1_08_LOD0Mesh
13:56:37 | INFO: Primitives created: 1
13:56:37 | INFO: Extracting primitive: VariantB_PlasterAnnex_Dwelling_RafterTail_-1_09_LOD0Mesh
13:56:37 | INFO: Primitives created: 1
13:56:37 | INFO: Extracting primitive: VariantB_PlasterAnnex_Dwelling_RafterTail_-1_10_LOD0Mesh
13:56:37 | INFO: Primitives created: 1
13:56:37 | INFO: Extracting primitive: VariantB_PlasterAnnex_Dwelling_RafterTail_-1_11_LOD0Mesh
13:56:37 | INFO: Primitives created: 1
13:56:37 | INFO: Extracting primitive: VariantB_PlasterAnnex_Dwelling_RafterTail_-1_12_LOD0Mesh
13:56:37 | INFO: Primitives created: 1
13:56:37 | INFO: Extracting primitive: VariantB_PlasterAnnex_Dwelling_Rear_Wall_LOD0Mesh
13:56:37 | INFO: Primitives created: 1
13:56:37 | INFO: Extracting primitive: VariantB_PlasterAnnex_Dwelling_Rear_Window0_Glass_LOD0Mesh
13:56:37 | INFO: Primitives created: 1
13:56:37 | INFO: Extracting primitive: VariantB_PlasterAnnex_Dwelling_Rear_Window0_Jamb-1_LOD0Mesh
13:56:37 | INFO: Primitives created: 1
13:56:37 | INFO: Extracting primitive: VariantB_PlasterAnnex_Dwelling_Rear_Window0_Jamb1_LOD0Mesh
13:56:37 | INFO: Primitives created: 1
13:56:37 | INFO: Extracting primitive: VariantB_PlasterAnnex_Dwelling_Rear_Window0_Mullion_LOD0Mesh
13:56:37 | INFO: Primitives created: 1
13:56:37 | INFO: Extracting primitive: VariantB_PlasterAnnex_Dwelling_Rear_Window0_Rail-1_LOD0Mesh
13:56:37 | INFO: Primitives created: 1
13:56:37 | INFO: Extracting primitive: VariantB_PlasterAnnex_Dwelling_Rear_Window0_Rail1_LOD0Mesh
13:56:37 | INFO: Primitives created: 1
13:56:37 | INFO: Extracting primitive: VariantB_PlasterAnnex_Dwelling_Rear_Window0_Recess_LOD0Mesh
13:56:37 | INFO: Primitives created: 1
13:56:37 | INFO: Extracting primitive: VariantB_PlasterAnnex_Dwelling_Rear_Window0_Sill_LOD0Mesh
13:56:37 | INFO: Primitives created: 1
13:56:37 | INFO: Extracting primitive: VariantB_PlasterAnnex_Dwelling_Rear_Window1_Glass_LOD0Mesh
13:56:37 | INFO: Primitives created: 1
13:56:37 | INFO: Extracting primitive: VariantB_PlasterAnnex_Dwelling_Rear_Window1_Jamb-1_LOD0Mesh
13:56:37 | INFO: Primitives created: 1
13:56:37 | INFO: Extracting primitive: VariantB_PlasterAnnex_Dwelling_Rear_Window1_Jamb1_LOD0Mesh
13:56:37 | INFO: Primitives created: 1
13:56:37 | INFO: Extracting primitive: VariantB_PlasterAnnex_Dwelling_Rear_Window1_Mullion_LOD0Mesh
13:56:37 | INFO: Primitives created: 1
13:56:37 | INFO: Extracting primitive: VariantB_PlasterAnnex_Dwelling_Rear_Window1_Rail-1_LOD0Mesh
13:56:37 | INFO: Primitives created: 1
13:56:37 | INFO: Extracting primitive: VariantB_PlasterAnnex_Dwelling_Rear_Window1_Rail1_LOD0Mesh
13:56:37 | INFO: Primitives created: 1
13:56:37 | INFO: Extracting primitive: VariantB_PlasterAnnex_Dwelling_Rear_Window1_Recess_LOD0Mesh
13:56:37 | INFO: Primitives created: 1
13:56:37 | INFO: Extracting primitive: VariantB_PlasterAnnex_Dwelling_Rear_Window1_Sill_LOD0Mesh
13:56:37 | INFO: Primitives created: 1
13:56:37 | INFO: Extracting primitive: VariantB_PlasterAnnex_Dwelling_RidgeBeam_LOD0Mesh
13:56:37 | INFO: Primitives created: 1
13:56:37 | INFO: Extracting primitive: VariantB_PlasterAnnex_Dwelling_Right_Wall_LOD0Mesh
13:56:37 | INFO: Primitives created: 1
13:56:37 | INFO: Extracting primitive: VariantB_PlasterAnnex_Dwelling_Right_Window0_Glass_LOD0Mesh
13:56:37 | INFO: Primitives created: 1
13:56:37 | INFO: Extracting primitive: VariantB_PlasterAnnex_Dwelling_Right_Window0_Jamb-1_LOD0Mesh
13:56:37 | INFO: Primitives created: 1
13:56:37 | INFO: Extracting primitive: VariantB_PlasterAnnex_Dwelling_Right_Window0_Jamb1_LOD0Mesh
13:56:37 | INFO: Primitives created: 1
13:56:37 | INFO: Extracting primitive: VariantB_PlasterAnnex_Dwelling_Right_Window0_Mullion_LOD0Mesh
13:56:37 | INFO: Primitives created: 1
13:56:37 | INFO: Extracting primitive: VariantB_PlasterAnnex_Dwelling_Right_Window0_Rail-1_LOD0Mesh
13:56:37 | INFO: Primitives created: 1
13:56:37 | INFO: Extracting primitive: VariantB_PlasterAnnex_Dwelling_Right_Window0_Rail1_LOD0Mesh
13:56:37 | INFO: Primitives created: 1
13:56:37 | INFO: Extracting primitive: VariantB_PlasterAnnex_Dwelling_Right_Window0_Recess_LOD0Mesh
13:56:37 | INFO: Primitives created: 1
13:56:37 | INFO: Extracting primitive: VariantB_PlasterAnnex_Dwelling_Right_Window0_Sill_LOD0Mesh
13:56:37 | INFO: Primitives created: 1
13:56:37 | INFO: Extracting primitive: VariantB_PlasterAnnex_Dwelling_Roof_LOD0Mesh
13:56:37 | INFO: Primitives created: 2
13:56:37 | INFO: Extracting primitive: VariantB_PlasterAnnex_Dwelling_SeniEntry_Door0_Handle_LOD0Mesh
13:56:37 | INFO: Primitives created: 1
13:56:37 | INFO: Extracting primitive: VariantB_PlasterAnnex_Dwelling_SeniEntry_Door0_Jamb-1_LOD0Mesh
13:56:37 | INFO: Primitives created: 1
13:56:37 | INFO: Extracting primitive: VariantB_PlasterAnnex_Dwelling_SeniEntry_Door0_Jamb1_LOD0Mesh
13:56:37 | INFO: Primitives created: 1
13:56:37 | INFO: Extracting primitive: VariantB_PlasterAnnex_Dwelling_SeniEntry_Door0_Leaf_LOD0Mesh
13:56:37 | INFO: Primitives created: 1
13:56:37 | INFO: Extracting primitive: VariantB_PlasterAnnex_Dwelling_SeniEntry_Door0_Rail-1_LOD0Mesh
13:56:37 | INFO: Primitives created: 1
13:56:37 | INFO: Extracting primitive: VariantB_PlasterAnnex_Dwelling_SeniEntry_Door0_Rail1_LOD0Mesh
13:56:37 | INFO: Primitives created: 1
13:56:37 | INFO: Extracting primitive: VariantB_PlasterAnnex_Dwelling_SeniEntry_Door0_Recess_LOD0Mesh
13:56:37 | INFO: Primitives created: 1
13:56:37 | INFO: Extracting primitive: VariantB_PlasterAnnex_Dwelling_SeniEntry_Wall_LOD0Mesh
13:56:37 | INFO: Primitives created: 1
13:56:37 | INFO: Extracting primitive: VariantB_PlasterAnnex_Dwelling_SeniFooting_LOD0Mesh
13:56:37 | INFO: Primitives created: 1
13:56:37 | INFO: Extracting primitive: VariantB_PlasterAnnex_Dwelling_SeniFrontRoofInfill_LOD0Mesh
13:56:37 | INFO: Primitives created: 1
13:56:37 | INFO: Extracting primitive: VariantB_PlasterAnnex_Dwelling_SeniOuter_Wall_LOD0Mesh
13:56:37 | INFO: Primitives created: 1
13:56:37 | INFO: Extracting primitive: VariantB_PlasterAnnex_Dwelling_SeniOuter_Window0_Glass_LOD0Mesh
13:56:37 | INFO: Primitives created: 1
13:56:37 | INFO: Extracting primitive: VariantB_PlasterAnnex_Dwelling_SeniOuter_Window0_Jamb-1_LOD0Mes
13:56:37 | INFO: Primitives created: 1
13:56:37 | INFO: Extracting primitive: VariantB_PlasterAnnex_Dwelling_SeniOuter_Window0_Jamb1_LOD0Mesh
13:56:37 | INFO: Primitives created: 1
13:56:37 | INFO: Extracting primitive: VariantB_PlasterAnnex_Dwelling_SeniOuter_Window0_Mullion_LOD0Me
13:56:37 | INFO: Primitives created: 1
13:56:37 | INFO: Extracting primitive: VariantB_PlasterAnnex_Dwelling_SeniOuter_Window0_Rail-1_LOD0Mes
13:56:37 | INFO: Primitives created: 1
13:56:37 | INFO: Extracting primitive: VariantB_PlasterAnnex_Dwelling_SeniOuter_Window0_Rail1_LOD0Mesh
13:56:37 | INFO: Primitives created: 1
13:56:37 | INFO: Extracting primitive: VariantB_PlasterAnnex_Dwelling_SeniOuter_Window0_Recess_LOD0Mes
13:56:37 | INFO: Primitives created: 1
13:56:37 | INFO: Extracting primitive: VariantB_PlasterAnnex_Dwelling_SeniOuter_Window0_Sill_LOD0Mesh
13:56:37 | INFO: Primitives created: 1
13:56:37 | INFO: Extracting primitive: VariantB_PlasterAnnex_Dwelling_SeniRear_Wall_LOD0Mesh
13:56:37 | INFO: Primitives created: 1
13:56:37 | INFO: Extracting primitive: VariantB_PlasterAnnex_Dwelling_SeniRearRoofInfill_LOD0Mesh
13:56:37 | INFO: Primitives created: 1
13:56:37 | INFO: Extracting primitive: VariantB_PlasterAnnex_Dwelling_SeniRoof_LOD0Mesh
13:56:37 | INFO: Primitives created: 1
13:56:37 | INFO: Extracting primitive: VariantB_PlasterAnnex_Dwelling_SeniSplashStone_LOD0Mesh
13:56:37 | INFO: Primitives created: 1
13:56:37 | INFO: Extracting primitive: VariantB_PlasterAnnex_Dwelling_SeniSpout_LOD0Mesh
13:56:37 | INFO: Primitives created: 1
13:56:37 | INFO: Extracting primitive: VariantB_PlasterAnnex_Dwelling_SeniStep_LOD0Mesh
13:56:37 | INFO: Primitives created: 1
13:56:37 | INFO: Extracting primitive: VariantB_PlasterAnnex_Dwelling_SeniTrough_LOD0Mesh
13:56:37 | INFO: Primitives created: 2
13:56:37 | INFO: Extracting primitive: VariantB_PlasterAnnex_Dwelling_Street_Wall_LOD0Mesh
13:56:37 | INFO: Primitives created: 1
13:56:37 | INFO: Extracting primitive: VariantB_PlasterAnnex_Dwelling_Street_Window0_Glass_LOD0Mesh
13:56:37 | INFO: Primitives created: 1
13:56:37 | INFO: Extracting primitive: VariantB_PlasterAnnex_Dwelling_Street_Window0_Jamb-1_LOD0Mesh
13:56:37 | INFO: Primitives created: 1
13:56:37 | INFO: Extracting primitive: VariantB_PlasterAnnex_Dwelling_Street_Window0_Jamb1_LOD0Mesh
13:56:37 | INFO: Primitives created: 1
13:56:37 | INFO: Extracting primitive: VariantB_PlasterAnnex_Dwelling_Street_Window0_Mullion_LOD0Mesh
13:56:37 | INFO: Primitives created: 1
13:56:37 | INFO: Extracting primitive: VariantB_PlasterAnnex_Dwelling_Street_Window0_Rail-1_LOD0Mesh
13:56:37 | INFO: Primitives created: 1
13:56:37 | INFO: Extracting primitive: VariantB_PlasterAnnex_Dwelling_Street_Window0_Rail1_LOD0Mesh
13:56:37 | INFO: Primitives created: 1
13:56:37 | INFO: Extracting primitive: VariantB_PlasterAnnex_Dwelling_Street_Window0_Recess_LOD0Mesh
13:56:37 | INFO: Primitives created: 1
13:56:37 | INFO: Extracting primitive: VariantB_PlasterAnnex_Dwelling_Street_Window0_Sill_LOD0Mesh
13:56:37 | INFO: Primitives created: 1
13:56:37 | INFO: Extracting primitive: VariantB_PlasterAnnex_Dwelling_Street_Window1_Glass_LOD0Mesh
13:56:37 | INFO: Primitives created: 1
13:56:37 | INFO: Extracting primitive: VariantB_PlasterAnnex_Dwelling_Street_Window1_Jamb-1_LOD0Mesh
13:56:37 | INFO: Primitives created: 1
13:56:37 | INFO: Extracting primitive: VariantB_PlasterAnnex_Dwelling_Street_Window1_Jamb1_LOD0Mesh
13:56:37 | INFO: Primitives created: 1
13:56:37 | INFO: Extracting primitive: VariantB_PlasterAnnex_Dwelling_Street_Window1_Mullion_LOD0Mesh
13:56:37 | INFO: Primitives created: 1
13:56:37 | INFO: Extracting primitive: VariantB_PlasterAnnex_Dwelling_Street_Window1_Rail-1_LOD0Mesh
13:56:37 | INFO: Primitives created: 1
13:56:37 | INFO: Extracting primitive: VariantB_PlasterAnnex_Dwelling_Street_Window1_Rail1_LOD0Mesh
13:56:37 | INFO: Primitives created: 1
13:56:37 | INFO: Extracting primitive: VariantB_PlasterAnnex_Dwelling_Street_Window1_Recess_LOD0Mesh
13:56:37 | INFO: Primitives created: 1
13:56:37 | INFO: Extracting primitive: VariantB_PlasterAnnex_Dwelling_Street_Window1_Sill_LOD0Mesh
13:56:37 | INFO: Primitives created: 1
13:56:37 | INFO: Extracting primitive: VariantB_PlasterAnnex_Dwelling_Street_Window2_Glass_LOD0Mesh
13:56:37 | INFO: Primitives created: 1
13:56:37 | INFO: Extracting primitive: VariantB_PlasterAnnex_Dwelling_Street_Window2_Jamb-1_LOD0Mesh
13:56:37 | INFO: Primitives created: 1
13:56:37 | INFO: Extracting primitive: VariantB_PlasterAnnex_Dwelling_Street_Window2_Jamb1_LOD0Mesh
13:56:37 | INFO: Primitives created: 1
13:56:37 | INFO: Extracting primitive: VariantB_PlasterAnnex_Dwelling_Street_Window2_Mullion_LOD0Mesh
13:56:37 | INFO: Primitives created: 1
13:56:37 | INFO: Extracting primitive: VariantB_PlasterAnnex_Dwelling_Street_Window2_Rail-1_LOD0Mesh
13:56:37 | INFO: Primitives created: 1
13:56:37 | INFO: Extracting primitive: VariantB_PlasterAnnex_Dwelling_Street_Window2_Rail1_LOD0Mesh
13:56:37 | INFO: Primitives created: 1
13:56:37 | INFO: Extracting primitive: VariantB_PlasterAnnex_Dwelling_Street_Window2_Recess_LOD0Mesh
13:56:37 | INFO: Primitives created: 1
13:56:37 | INFO: Extracting primitive: VariantB_PlasterAnnex_Dwelling_Street_Window2_Sill_LOD0Mesh
13:56:37 | INFO: Primitives created: 1
13:56:37 | INFO: Extracting primitive: VariantB_Banya_Chimney_LOD0Mesh
13:56:37 | INFO: Primitives created: 2
13:56:37 | INFO: Extracting primitive: VariantB_Banya_ChimneyCap_LOD0Mesh
13:56:37 | INFO: Primitives created: 1
13:56:37 | INFO: Extracting primitive: VariantB_Banya_Door_LOD0Mesh
13:56:37 | INFO: Primitives created: 1
13:56:37 | INFO: Extracting primitive: VariantB_Banya_DoorHandle_LOD0Mesh
13:56:37 | INFO: Primitives created: 1
13:56:37 | INFO: Extracting primitive: VariantB_Banya_EntryRoof_LOD0Mesh
13:56:37 | INFO: Primitives created: 2
13:56:37 | INFO: Extracting primitive: VariantB_Banya_EntryStep_LOD0Mesh
13:56:37 | INFO: Primitives created: 1
13:56:37 | INFO: Extracting primitive: VariantB_Banya_Foundation_LOD0Mesh
13:56:37 | INFO: Primitives created: 2
13:56:37 | INFO: Extracting primitive: VariantB_Banya_GableFront_LOD0Mesh
13:56:37 | INFO: Primitives created: 2
13:56:37 | INFO: Extracting primitive: VariantB_Banya_RearWindow_LOD0Mesh
13:56:37 | INFO: Primitives created: 1
13:56:37 | INFO: Extracting primitive: VariantB_Banya_Roof_LOD0Mesh
13:56:37 | INFO: Primitives created: 3
13:56:37 | INFO: Extracting primitive: VariantB_Banya_SideRepair_LOD0Mesh
13:56:37 | INFO: Primitives created: 1
13:56:37 | INFO: Extracting primitive: VariantB_Banya_Wall_LOD0Mesh
13:56:37 | INFO: Primitives created: 2
13:56:37 | INFO: Extracting primitive: VariantB_Banya_WindowFront_Bottom_LOD0Mesh
13:56:37 | INFO: Primitives created: 1
13:56:37 | INFO: Extracting primitive: VariantB_Banya_WindowFront_Inset_LOD0Mesh
13:56:37 | INFO: Primitives created: 1
13:56:37 | INFO: Extracting primitive: VariantB_Banya_WindowFront_Left_LOD0Mesh
13:56:37 | INFO: Primitives created: 1
13:56:37 | INFO: Extracting primitive: VariantB_Banya_WindowFront_MullionH_LOD0Mesh
13:56:37 | INFO: Primitives created: 1
13:56:37 | INFO: Extracting primitive: VariantB_Banya_WindowFront_MullionV_LOD0Mesh
13:56:37 | INFO: Primitives created: 1
13:56:37 | INFO: Extracting primitive: VariantB_Banya_WindowFront_Right_LOD0Mesh
13:56:37 | INFO: Primitives created: 1
13:56:37 | INFO: Extracting primitive: VariantB_Banya_WindowFront_Sill_LOD0Mesh
13:56:37 | INFO: Primitives created: 1
13:56:37 | INFO: Extracting primitive: VariantB_Banya_WindowFront_Top_LOD0Mesh
13:56:37 | INFO: Primitives created: 1
13:56:37 | INFO: Extracting primitive: VariantB_Yard_GateHeader_LOD0Mesh
13:56:37 | INFO: Primitives created: 1
13:56:37 | INFO: Extracting primitive: VariantB_Yard_GateLeft_LOD0Mesh
13:56:37 | INFO: Primitives created: 1
13:56:37 | INFO: Extracting primitive: VariantB_Yard_GateRight_LOD0Mesh
13:56:37 | INFO: Primitives created: 1
13:56:37 | INFO: Extracting primitive: VariantB_Yard_Plank_00_LOD0Mesh
13:56:37 | INFO: Primitives created: 2
13:56:37 | INFO: Extracting primitive: VariantB_Yard_Plank_01_LOD0Mesh
13:56:37 | INFO: Primitives created: 1
13:56:37 | INFO: Extracting primitive: VariantB_Yard_Plank_02_LOD0Mesh
13:56:37 | INFO: Primitives created: 1
13:56:37 | INFO: Extracting primitive: VariantB_Yard_Plank_03_LOD0Mesh
13:56:37 | INFO: Primitives created: 2
13:56:37 | INFO: Extracting primitive: VariantB_Yard_Plank_04_LOD0Mesh
13:56:37 | INFO: Primitives created: 1
13:56:37 | INFO: Extracting primitive: VariantB_Yard_Plank_05_LOD0Mesh
13:56:37 | INFO: Primitives created: 1
13:56:37 | INFO: Extracting primitive: VariantB_Yard_Plank_06_LOD0Mesh
13:56:37 | INFO: Primitives created: 2
13:56:37 | INFO: Extracting primitive: VariantB_Yard_Plank_07_LOD0Mesh
13:56:37 | INFO: Primitives created: 1
13:56:37 | INFO: Extracting primitive: VariantB_Yard_Plank_08_LOD0Mesh
13:56:37 | INFO: Primitives created: 1
13:56:37 | INFO: Extracting primitive: VariantB_Yard_Plank_09_LOD0Mesh
13:56:37 | INFO: Primitives created: 2
13:56:37 | INFO: Extracting primitive: VariantB_Yard_Plank_10_LOD0Mesh
13:56:37 | INFO: Primitives created: 1
13:56:37 | INFO: Extracting primitive: VariantB_Yard_Plank_11_LOD0Mesh
13:56:37 | INFO: Primitives created: 1
13:56:37 | INFO: Extracting primitive: VariantB_Yard_Plank_12_LOD0Mesh
13:56:37 | INFO: Primitives created: 2
13:56:37 | INFO: Extracting primitive: VariantB_Yard_Plank_13_LOD0Mesh
13:56:37 | INFO: Primitives created: 1
13:56:37 | INFO: Extracting primitive: VariantB_Yard_Plank_14_LOD0Mesh
13:56:37 | INFO: Primitives created: 1
13:56:37 | INFO: Extracting primitive: VariantB_Yard_Plank_15_LOD0Mesh
13:56:37 | INFO: Primitives created: 2
13:56:37 | INFO: Extracting primitive: VariantB_Yard_Plank_16_LOD0Mesh
13:56:37 | INFO: Primitives created: 1
13:56:37 | INFO: Extracting primitive: VariantB_Yard_Plank_17_LOD0Mesh
13:56:37 | INFO: Primitives created: 1
13:56:37 | INFO: Extracting primitive: VariantB_Yard_Plank_18_LOD0Mesh
13:56:37 | INFO: Primitives created: 2
13:56:37 | INFO: Extracting primitive: VariantB_Yard_Plank_19_LOD0Mesh
13:56:37 | INFO: Primitives created: 1
13:56:37 | INFO: Extracting primitive: VariantB_Yard_Plank_20_LOD0Mesh
13:56:37 | INFO: Primitives created: 1
13:56:37 | INFO: Extracting primitive: VariantB_Yard_Plank_21_LOD0Mesh
13:56:37 | INFO: Primitives created: 2
13:56:37 | INFO: Extracting primitive: VariantB_Yard_Post_00_LOD0Mesh
13:56:37 | INFO: Primitives created: 1
13:56:37 | INFO: Extracting primitive: VariantB_Yard_Post_01_LOD0Mesh
13:56:37 | INFO: Primitives created: 1
13:56:37 | INFO: Extracting primitive: VariantB_Yard_Post_02_LOD0Mesh
13:56:37 | INFO: Primitives created: 1
13:56:37 | INFO: Extracting primitive: VariantB_Yard_Post_03_LOD0Mesh
13:56:37 | INFO: Primitives created: 1
13:56:37 | INFO: Extracting primitive: VariantB_Yard_Post_04_LOD0Mesh
13:56:37 | INFO: Primitives created: 1
13:56:37 | INFO: Extracting primitive: VariantB_Yard_RailLower_LOD0Mesh
13:56:37 | INFO: Primitives created: 1
13:56:37 | INFO: Extracting primitive: VariantB_Yard_RailUpper_LOD0Mesh
13:56:37 | INFO: Primitives created: 1
13:56:37 | INFO: Extracting primitive: VariantB_Yard_SideRail_LOD0Mesh
13:56:37 | INFO: Primitives created: 1
13:56:37 | INFO: Extracting primitive: VariantB_Yard_Threshold_LOD0Mesh
13:56:37 | INFO: Primitives created: 1
13:56:37 | INFO: Extracting primitive: VariantB_Yard_WoodStackBase_LOD0Mesh
13:56:37 | INFO: Primitives created: 1
13:56:37 | INFO: Extracting primitive: VariantB_Yard_WoodStackLog_00_LOD0Mesh
13:56:37 | INFO: Primitives created: 1
13:56:37 | INFO: Extracting primitive: VariantB_Yard_WoodStackLog_01_LOD0Mesh
13:56:37 | INFO: Primitives created: 1
13:56:37 | INFO: Extracting primitive: VillageParcel_VariantB_PlasterAnnex_Branch_00_LOD0Mesh
13:56:37 | INFO: Primitives created: 1
13:56:37 | INFO: Extracting primitive: VillageParcel_VariantB_PlasterAnnex_Branch_01_LOD0Mesh
13:56:37 | INFO: Primitives created: 1
13:56:37 | INFO: Extracting primitive: VillageParcel_VariantB_PlasterAnnex_Moss_00_LOD0Mesh
13:56:37 | INFO: Primitives created: 2
13:56:37 | INFO: Extracting primitive: VillageParcel_VariantB_PlasterAnnex_Moss_01_LOD0Mesh
13:56:37 | INFO: Primitives created: 2
13:56:37 | INFO: Extracting primitive: VillageParcel_VariantB_PlasterAnnex_Moss_02_LOD0Mesh
13:56:37 | INFO: Primitives created: 2
13:56:37 | INFO: Extracting primitive: VillageParcel_VariantB_PlasterAnnex_Sedge_00_Blade_00_LOD0Mesh
13:56:37 | INFO: Primitives created: 1
13:56:37 | INFO: Extracting primitive: VillageParcel_VariantB_PlasterAnnex_Sedge_00_Blade_01_LOD0Mesh
13:56:37 | INFO: Primitives created: 1
13:56:37 | INFO: Extracting primitive: VillageParcel_VariantB_PlasterAnnex_Sedge_00_Blade_02_LOD0Mesh
13:56:37 | INFO: Primitives created: 1
13:56:37 | INFO: Extracting primitive: VillageParcel_VariantB_PlasterAnnex_Sedge_01_Blade_00_LOD0Mesh
13:56:37 | INFO: Primitives created: 1
13:56:37 | INFO: Extracting primitive: VillageParcel_VariantB_PlasterAnnex_Sedge_01_Blade_01_LOD0Mesh
13:56:37 | INFO: Primitives created: 1
13:56:37 | INFO: Extracting primitive: VillageParcel_VariantB_PlasterAnnex_Sedge_01_Blade_02_LOD0Mesh
13:56:37 | INFO: Primitives created: 1
13:56:37 | INFO: Extracting primitive: VillageParcel_VariantB_PlasterAnnex_Sedge_02_Blade_00_LOD0Mesh
13:56:37 | INFO: Primitives created: 1
13:56:37 | INFO: Extracting primitive: VillageParcel_VariantB_PlasterAnnex_Sedge_02_Blade_01_LOD0Mesh
13:56:37 | INFO: Primitives created: 1
13:56:37 | INFO: Extracting primitive: VillageParcel_VariantB_PlasterAnnex_Sedge_02_Blade_02_LOD0Mesh
13:56:37 | INFO: Primitives created: 1
13:56:37 | INFO: Extracting primitive: VillageParcel_VariantB_PlasterAnnex_Sedge_03_Blade_00_LOD0Mesh
13:56:37 | INFO: Primitives created: 1
13:56:37 | INFO: Extracting primitive: VillageParcel_VariantB_PlasterAnnex_Sedge_03_Blade_01_LOD0Mesh
13:56:37 | INFO: Primitives created: 1
13:56:37 | INFO: Extracting primitive: VillageParcel_VariantB_PlasterAnnex_Sedge_03_Blade_02_LOD0Mesh
13:56:37 | INFO: Primitives created: 1
13:56:37 | INFO: Extracting primitive: VillageParcel_VariantB_PlasterAnnex_Shrub_00_Clump_00_LOD0Mesh
13:56:37 | INFO: Primitives created: 2
13:56:37 | INFO: Extracting primitive: VillageParcel_VariantB_PlasterAnnex_Shrub_00_Clump_01_LOD0Mesh
13:56:37 | INFO: Primitives created: 2
13:56:37 | INFO: Extracting primitive: VillageParcel_VariantB_PlasterAnnex_Shrub_00_Clump_02_LOD0Mesh
13:56:37 | INFO: Primitives created: 2
13:56:37 | INFO: Extracting primitive: VillageParcel_VariantB_PlasterAnnex_Shrub_01_Clump_00_LOD0Mesh
13:56:37 | INFO: Primitives created: 2
13:56:37 | INFO: Extracting primitive: VillageParcel_VariantB_PlasterAnnex_Shrub_01_Clump_01_LOD0Mesh
13:56:37 | INFO: Primitives created: 2
13:56:37 | INFO: Extracting primitive: VillageParcel_VariantB_PlasterAnnex_Shrub_01_Clump_02_LOD0Mesh
13:56:37 | INFO: Primitives created: 2
13:56:37 | INFO: Extracting primitive: VariantC_BanyaYard_Dwelling_Back_BoardedGable_LOD0Mesh
13:56:37 | INFO: Primitives created: 1
13:56:37 | INFO: Extracting primitive: VariantC_BanyaYard_Dwelling_Back_VergeLeft_LOD0Mesh
13:56:37 | INFO: Primitives created: 1
13:56:37 | INFO: Extracting primitive: VariantC_BanyaYard_Dwelling_Back_VergeRight_LOD0Mesh
13:56:37 | INFO: Primitives created: 1
13:56:37 | INFO: Extracting primitive: VariantC_BanyaYard_Dwelling_ChimneyCap_LOD0Mesh
13:56:37 | INFO: Primitives created: 1
13:56:37 | INFO: Extracting primitive: VariantC_BanyaYard_Dwelling_ChimneyStack_LOD0Mesh
13:56:37 | INFO: Primitives created: 1
13:56:37 | INFO: Extracting primitive: VariantC_BanyaYard_Dwelling_Corner_-2.9_-1.3_LOD0Mesh
13:56:37 | INFO: Primitives created: 1
13:56:37 | INFO: Extracting primitive: VariantC_BanyaYard_Dwelling_Corner_-2.9_4.2_LOD0Mesh
13:56:37 | INFO: Primitives created: 1
13:56:37 | INFO: Extracting primitive: VariantC_BanyaYard_Dwelling_Corner_2.9_-1.3_LOD0Mesh
13:56:37 | INFO: Primitives created: 1
13:56:37 | INFO: Extracting primitive: VariantC_BanyaYard_Dwelling_Corner_2.9_4.2_LOD0Mesh
13:56:37 | INFO: Primitives created: 1
13:56:37 | INFO: Extracting primitive: VariantC_BanyaYard_Dwelling_Downpipe_LOD0Mesh
13:56:37 | INFO: Primitives created: 1
13:56:37 | INFO: Extracting primitive: VariantC_BanyaYard_Dwelling_DownpipeSplash_LOD0Mesh
13:56:37 | INFO: Primitives created: 1
13:56:37 | INFO: Extracting primitive: VariantC_BanyaYard_Dwelling_Eave_-3.25_LOD0Mesh
13:56:37 | INFO: Primitives created: 1
13:56:37 | INFO: Extracting primitive: VariantC_BanyaYard_Dwelling_Eave_3.25_LOD0Mesh
13:56:37 | INFO: Primitives created: 1
13:56:37 | INFO: Extracting primitive: VariantC_BanyaYard_Dwelling_FootingCap_LOD0Mesh
13:56:37 | INFO: Primitives created: 1
13:56:37 | INFO: Extracting primitive: VariantC_BanyaYard_Dwelling_Foundation_LOD0Mesh
13:56:37 | INFO: Primitives created: 1
13:56:37 | INFO: Extracting primitive: VariantC_BanyaYard_Dwelling_Front_BoardedGable_LOD0Mesh
13:56:37 | INFO: Primitives created: 1
13:56:37 | INFO: Extracting primitive: VariantC_BanyaYard_Dwelling_Front_VergeLeft_LOD0Mesh
13:56:37 | INFO: Primitives created: 1
13:56:37 | INFO: Extracting primitive: VariantC_BanyaYard_Dwelling_Front_VergeRight_LOD0Mesh
13:56:37 | INFO: Primitives created: 1
13:56:37 | INFO: Extracting primitive: VariantC_BanyaYard_Dwelling_Gutter_+1_LOD0Mesh
13:56:37 | INFO: Primitives created: 2
13:56:37 | INFO: Extracting primitive: VariantC_BanyaYard_Dwelling_Gutter_-1_LOD0Mesh
13:56:37 | INFO: Primitives created: 2
13:56:37 | INFO: Extracting primitive: VariantC_BanyaYard_Dwelling_Left_Wall_LOD0Mesh
13:56:37 | INFO: Primitives created: 1
13:56:37 | INFO: Extracting primitive: VariantC_BanyaYard_Dwelling_Left_Window0_Glass_LOD0Mesh
13:56:37 | INFO: Primitives created: 1
13:56:37 | INFO: Extracting primitive: VariantC_BanyaYard_Dwelling_Left_Window0_Jamb-1_LOD0Mesh
13:56:37 | INFO: Primitives created: 1
13:56:37 | INFO: Extracting primitive: VariantC_BanyaYard_Dwelling_Left_Window0_Jamb1_LOD0Mesh
13:56:37 | INFO: Primitives created: 1
13:56:37 | INFO: Extracting primitive: VariantC_BanyaYard_Dwelling_Left_Window0_Mullion_LOD0Mesh
13:56:37 | INFO: Primitives created: 1
13:56:37 | INFO: Extracting primitive: VariantC_BanyaYard_Dwelling_Left_Window0_Rail-1_LOD0Mesh
13:56:37 | INFO: Primitives created: 1
13:56:37 | INFO: Extracting primitive: VariantC_BanyaYard_Dwelling_Left_Window0_Rail1_LOD0Mesh
13:56:37 | INFO: Primitives created: 1
13:56:37 | INFO: Extracting primitive: VariantC_BanyaYard_Dwelling_Left_Window0_Recess_LOD0Mesh
13:56:37 | INFO: Primitives created: 1
13:56:37 | INFO: Extracting primitive: VariantC_BanyaYard_Dwelling_Left_Window0_Sill_LOD0Mesh
13:56:37 | INFO: Primitives created: 1
13:56:37 | INFO: Extracting primitive: VariantC_BanyaYard_Dwelling_Left_Window1_Glass_LOD0Mesh
13:56:37 | INFO: Primitives created: 1
13:56:37 | INFO: Extracting primitive: VariantC_BanyaYard_Dwelling_Left_Window1_Jamb-1_LOD0Mesh
13:56:37 | INFO: Primitives created: 1
13:56:37 | INFO: Extracting primitive: VariantC_BanyaYard_Dwelling_Left_Window1_Jamb1_LOD0Mesh
13:56:37 | INFO: Primitives created: 1
13:56:37 | INFO: Extracting primitive: VariantC_BanyaYard_Dwelling_Left_Window1_Mullion_LOD0Mesh
13:56:37 | INFO: Primitives created: 1
13:56:37 | INFO: Extracting primitive: VariantC_BanyaYard_Dwelling_Left_Window1_Rail-1_LOD0Mesh
13:56:37 | INFO: Primitives created: 1
13:56:37 | INFO: Extracting primitive: VariantC_BanyaYard_Dwelling_Left_Window1_Rail1_LOD0Mesh
13:56:37 | INFO: Primitives created: 1
13:56:37 | INFO: Extracting primitive: VariantC_BanyaYard_Dwelling_Left_Window1_Recess_LOD0Mesh
13:56:37 | INFO: Primitives created: 1
13:56:37 | INFO: Extracting primitive: VariantC_BanyaYard_Dwelling_Left_Window1_Sill_LOD0Mesh
13:56:37 | INFO: Primitives created: 1
13:56:37 | INFO: Extracting primitive: VariantC_BanyaYard_Dwelling_RafterTail_+1_00_LOD0Mesh
13:56:37 | INFO: Primitives created: 1
13:56:37 | INFO: Extracting primitive: VariantC_BanyaYard_Dwelling_RafterTail_+1_01_LOD0Mesh
13:56:37 | INFO: Primitives created: 1
13:56:37 | INFO: Extracting primitive: VariantC_BanyaYard_Dwelling_RafterTail_+1_02_LOD0Mesh
13:56:37 | INFO: Primitives created: 1
13:56:37 | INFO: Extracting primitive: VariantC_BanyaYard_Dwelling_RafterTail_+1_03_LOD0Mesh
13:56:37 | INFO: Primitives created: 1
13:56:37 | INFO: Extracting primitive: VariantC_BanyaYard_Dwelling_RafterTail_+1_04_LOD0Mesh
13:56:37 | INFO: Primitives created: 1
13:56:37 | INFO: Extracting primitive: VariantC_BanyaYard_Dwelling_RafterTail_+1_05_LOD0Mesh
13:56:37 | INFO: Primitives created: 1
13:56:37 | INFO: Extracting primitive: VariantC_BanyaYard_Dwelling_RafterTail_+1_06_LOD0Mesh
13:56:37 | INFO: Primitives created: 1
13:56:37 | INFO: Extracting primitive: VariantC_BanyaYard_Dwelling_RafterTail_+1_07_LOD0Mesh
13:56:37 | INFO: Primitives created: 1
13:56:37 | INFO: Extracting primitive: VariantC_BanyaYard_Dwelling_RafterTail_+1_08_LOD0Mesh
13:56:37 | INFO: Primitives created: 1
13:56:37 | INFO: Extracting primitive: VariantC_BanyaYard_Dwelling_RafterTail_+1_09_LOD0Mesh
13:56:37 | INFO: Primitives created: 1
13:56:37 | INFO: Extracting primitive: VariantC_BanyaYard_Dwelling_RafterTail_+1_10_LOD0Mesh
13:56:37 | INFO: Primitives created: 1
13:56:37 | INFO: Extracting primitive: VariantC_BanyaYard_Dwelling_RafterTail_-1_00_LOD0Mesh
13:56:37 | INFO: Primitives created: 1
13:56:37 | INFO: Extracting primitive: VariantC_BanyaYard_Dwelling_RafterTail_-1_01_LOD0Mesh
13:56:37 | INFO: Primitives created: 1
13:56:37 | INFO: Extracting primitive: VariantC_BanyaYard_Dwelling_RafterTail_-1_02_LOD0Mesh
13:56:37 | INFO: Primitives created: 1
13:56:37 | INFO: Extracting primitive: VariantC_BanyaYard_Dwelling_RafterTail_-1_03_LOD0Mesh
13:56:37 | INFO: Primitives created: 1
13:56:37 | INFO: Extracting primitive: VariantC_BanyaYard_Dwelling_RafterTail_-1_04_LOD0Mesh
13:56:37 | INFO: Primitives created: 1
13:56:37 | INFO: Extracting primitive: VariantC_BanyaYard_Dwelling_RafterTail_-1_05_LOD0Mesh
13:56:37 | INFO: Primitives created: 1
13:56:37 | INFO: Extracting primitive: VariantC_BanyaYard_Dwelling_RafterTail_-1_06_LOD0Mesh
13:56:37 | INFO: Primitives created: 1
13:56:37 | INFO: Extracting primitive: VariantC_BanyaYard_Dwelling_RafterTail_-1_07_LOD0Mesh
13:56:37 | INFO: Primitives created: 1
13:56:37 | INFO: Extracting primitive: VariantC_BanyaYard_Dwelling_RafterTail_-1_08_LOD0Mesh
13:56:37 | INFO: Primitives created: 1
13:56:37 | INFO: Extracting primitive: VariantC_BanyaYard_Dwelling_RafterTail_-1_09_LOD0Mesh
13:56:37 | INFO: Primitives created: 1
13:56:37 | INFO: Extracting primitive: VariantC_BanyaYard_Dwelling_RafterTail_-1_10_LOD0Mesh
13:56:37 | INFO: Primitives created: 1
13:56:37 | INFO: Extracting primitive: VariantC_BanyaYard_Dwelling_Rear_Wall_LOD0Mesh
13:56:37 | INFO: Primitives created: 1
13:56:37 | INFO: Extracting primitive: VariantC_BanyaYard_Dwelling_Rear_Window0_Glass_LOD0Mesh
13:56:37 | INFO: Primitives created: 1
13:56:37 | INFO: Extracting primitive: VariantC_BanyaYard_Dwelling_Rear_Window0_Jamb-1_LOD0Mesh
13:56:37 | INFO: Primitives created: 1
13:56:37 | INFO: Extracting primitive: VariantC_BanyaYard_Dwelling_Rear_Window0_Jamb1_LOD0Mesh
13:56:37 | INFO: Primitives created: 1
13:56:37 | INFO: Extracting primitive: VariantC_BanyaYard_Dwelling_Rear_Window0_Mullion_LOD0Mesh
13:56:37 | INFO: Primitives created: 1
13:56:37 | INFO: Extracting primitive: VariantC_BanyaYard_Dwelling_Rear_Window0_Rail-1_LOD0Mesh
13:56:37 | INFO: Primitives created: 1
13:56:37 | INFO: Extracting primitive: VariantC_BanyaYard_Dwelling_Rear_Window0_Rail1_LOD0Mesh
13:56:37 | INFO: Primitives created: 1
13:56:37 | INFO: Extracting primitive: VariantC_BanyaYard_Dwelling_Rear_Window0_Recess_LOD0Mesh
13:56:37 | INFO: Primitives created: 1
13:56:37 | INFO: Extracting primitive: VariantC_BanyaYard_Dwelling_Rear_Window0_Sill_LOD0Mesh
13:56:37 | INFO: Primitives created: 1
13:56:37 | INFO: Extracting primitive: VariantC_BanyaYard_Dwelling_Rear_Window1_Glass_LOD0Mesh
13:56:37 | INFO: Primitives created: 1
13:56:37 | INFO: Extracting primitive: VariantC_BanyaYard_Dwelling_Rear_Window1_Jamb-1_LOD0Mesh
13:56:37 | INFO: Primitives created: 1
13:56:37 | INFO: Extracting primitive: VariantC_BanyaYard_Dwelling_Rear_Window1_Jamb1_LOD0Mesh
13:56:37 | INFO: Primitives created: 1
13:56:37 | INFO: Extracting primitive: VariantC_BanyaYard_Dwelling_Rear_Window1_Mullion_LOD0Mesh
13:56:37 | INFO: Primitives created: 1
13:56:37 | INFO: Extracting primitive: VariantC_BanyaYard_Dwelling_Rear_Window1_Rail-1_LOD0Mesh
13:56:37 | INFO: Primitives created: 1
13:56:37 | INFO: Extracting primitive: VariantC_BanyaYard_Dwelling_Rear_Window1_Rail1_LOD0Mesh
13:56:37 | INFO: Primitives created: 1
13:56:37 | INFO: Extracting primitive: VariantC_BanyaYard_Dwelling_Rear_Window1_Recess_LOD0Mesh
13:56:37 | INFO: Primitives created: 1
13:56:37 | INFO: Extracting primitive: VariantC_BanyaYard_Dwelling_Rear_Window1_Sill_LOD0Mesh
13:56:37 | INFO: Primitives created: 1
13:56:37 | INFO: Extracting primitive: VariantC_BanyaYard_Dwelling_RidgeBeam_LOD0Mesh
13:56:37 | INFO: Primitives created: 1
13:56:37 | INFO: Extracting primitive: VariantC_BanyaYard_Dwelling_Right_Wall_LOD0Mesh
13:56:37 | INFO: Primitives created: 1
13:56:37 | INFO: Extracting primitive: VariantC_BanyaYard_Dwelling_Right_Window0_Glass_LOD0Mesh
13:56:37 | INFO: Primitives created: 1
13:56:37 | INFO: Extracting primitive: VariantC_BanyaYard_Dwelling_Right_Window0_Jamb-1_LOD0Mesh
13:56:37 | INFO: Primitives created: 1
13:56:37 | INFO: Extracting primitive: VariantC_BanyaYard_Dwelling_Right_Window0_Jamb1_LOD0Mesh
13:56:37 | INFO: Primitives created: 1
13:56:37 | INFO: Extracting primitive: VariantC_BanyaYard_Dwelling_Right_Window0_Mullion_LOD0Mesh
13:56:37 | INFO: Primitives created: 1
13:56:37 | INFO: Extracting primitive: VariantC_BanyaYard_Dwelling_Right_Window0_Rail-1_LOD0Mesh
13:56:37 | INFO: Primitives created: 1
13:56:37 | INFO: Extracting primitive: VariantC_BanyaYard_Dwelling_Right_Window0_Rail1_LOD0Mesh
13:56:37 | INFO: Primitives created: 1
13:56:37 | INFO: Extracting primitive: VariantC_BanyaYard_Dwelling_Right_Window0_Recess_LOD0Mesh
13:56:37 | INFO: Primitives created: 1
13:56:37 | INFO: Extracting primitive: VariantC_BanyaYard_Dwelling_Right_Window0_Sill_LOD0Mesh
13:56:37 | INFO: Primitives created: 1
13:56:37 | INFO: Extracting primitive: VariantC_BanyaYard_Dwelling_Roof_LOD0Mesh
13:56:37 | INFO: Primitives created: 2
13:56:37 | INFO: Extracting primitive: VariantC_BanyaYard_Dwelling_SeniEntry_Door0_Handle_LOD0Mesh
13:56:37 | INFO: Primitives created: 1
13:56:37 | INFO: Extracting primitive: VariantC_BanyaYard_Dwelling_SeniEntry_Door0_Jamb-1_LOD0Mesh
13:56:37 | INFO: Primitives created: 1
13:56:37 | INFO: Extracting primitive: VariantC_BanyaYard_Dwelling_SeniEntry_Door0_Jamb1_LOD0Mesh
13:56:37 | INFO: Primitives created: 1
13:56:37 | INFO: Extracting primitive: VariantC_BanyaYard_Dwelling_SeniEntry_Door0_Leaf_LOD0Mesh
13:56:37 | INFO: Primitives created: 1
13:56:37 | INFO: Extracting primitive: VariantC_BanyaYard_Dwelling_SeniEntry_Door0_Rail-1_LOD0Mesh
13:56:37 | INFO: Primitives created: 1
13:56:37 | INFO: Extracting primitive: VariantC_BanyaYard_Dwelling_SeniEntry_Door0_Rail1_LOD0Mesh
13:56:37 | INFO: Primitives created: 1
13:56:37 | INFO: Extracting primitive: VariantC_BanyaYard_Dwelling_SeniEntry_Door0_Recess_LOD0Mesh
13:56:37 | INFO: Primitives created: 1
13:56:37 | INFO: Extracting primitive: VariantC_BanyaYard_Dwelling_SeniEntry_Wall_LOD0Mesh
13:56:37 | INFO: Primitives created: 1
13:56:37 | INFO: Extracting primitive: VariantC_BanyaYard_Dwelling_SeniFooting_LOD0Mesh
13:56:37 | INFO: Primitives created: 1
13:56:37 | INFO: Extracting primitive: VariantC_BanyaYard_Dwelling_SeniFrontRoofInfill_LOD0Mesh
13:56:37 | INFO: Primitives created: 1
13:56:37 | INFO: Extracting primitive: VariantC_BanyaYard_Dwelling_SeniOuter_Wall_LOD0Mesh
13:56:37 | INFO: Primitives created: 1
13:56:37 | INFO: Extracting primitive: VariantC_BanyaYard_Dwelling_SeniOuter_Window0_Glass_LOD0Mesh
13:56:37 | INFO: Primitives created: 1
13:56:37 | INFO: Extracting primitive: VariantC_BanyaYard_Dwelling_SeniOuter_Window0_Jamb-1_LOD0Mesh
13:56:37 | INFO: Primitives created: 1
13:56:37 | INFO: Extracting primitive: VariantC_BanyaYard_Dwelling_SeniOuter_Window0_Jamb1_LOD0Mesh
13:56:37 | INFO: Primitives created: 1
13:56:37 | INFO: Extracting primitive: VariantC_BanyaYard_Dwelling_SeniOuter_Window0_Mullion_LOD0Mesh
13:56:37 | INFO: Primitives created: 1
13:56:37 | INFO: Extracting primitive: VariantC_BanyaYard_Dwelling_SeniOuter_Window0_Rail-1_LOD0Mesh
13:56:37 | INFO: Primitives created: 1
13:56:37 | INFO: Extracting primitive: VariantC_BanyaYard_Dwelling_SeniOuter_Window0_Rail1_LOD0Mesh
13:56:37 | INFO: Primitives created: 1
13:56:37 | INFO: Extracting primitive: VariantC_BanyaYard_Dwelling_SeniOuter_Window0_Recess_LOD0Mesh
13:56:37 | INFO: Primitives created: 1
13:56:37 | INFO: Extracting primitive: VariantC_BanyaYard_Dwelling_SeniOuter_Window0_Sill_LOD0Mesh
13:56:37 | INFO: Primitives created: 1
13:56:37 | INFO: Extracting primitive: VariantC_BanyaYard_Dwelling_SeniRear_Wall_LOD0Mesh
13:56:37 | INFO: Primitives created: 1
13:56:37 | INFO: Extracting primitive: VariantC_BanyaYard_Dwelling_SeniRearRoofInfill_LOD0Mesh
13:56:37 | INFO: Primitives created: 1
13:56:37 | INFO: Extracting primitive: VariantC_BanyaYard_Dwelling_SeniRoof_LOD0Mesh
13:56:37 | INFO: Primitives created: 1
13:56:37 | INFO: Extracting primitive: VariantC_BanyaYard_Dwelling_SeniSplashStone_LOD0Mesh
13:56:37 | INFO: Primitives created: 1
13:56:37 | INFO: Extracting primitive: VariantC_BanyaYard_Dwelling_SeniSpout_LOD0Mesh
13:56:37 | INFO: Primitives created: 1
13:56:37 | INFO: Extracting primitive: VariantC_BanyaYard_Dwelling_SeniStep_LOD0Mesh
13:56:37 | INFO: Primitives created: 1
13:56:37 | INFO: Extracting primitive: VariantC_BanyaYard_Dwelling_SeniTrough_LOD0Mesh
13:56:37 | INFO: Primitives created: 2
13:56:37 | INFO: Extracting primitive: VariantC_BanyaYard_Dwelling_Street_Wall_LOD0Mesh
13:56:37 | INFO: Primitives created: 1
13:56:37 | INFO: Extracting primitive: VariantC_BanyaYard_Dwelling_Street_Window0_Glass_LOD0Mesh
13:56:37 | INFO: Primitives created: 1
13:56:37 | INFO: Extracting primitive: VariantC_BanyaYard_Dwelling_Street_Window0_Jamb-1_LOD0Mesh
13:56:37 | INFO: Primitives created: 1
13:56:37 | INFO: Extracting primitive: VariantC_BanyaYard_Dwelling_Street_Window0_Jamb1_LOD0Mesh
13:56:37 | INFO: Primitives created: 1
13:56:37 | INFO: Extracting primitive: VariantC_BanyaYard_Dwelling_Street_Window0_Mullion_LOD0Mesh
13:56:37 | INFO: Primitives created: 1
13:56:37 | INFO: Extracting primitive: VariantC_BanyaYard_Dwelling_Street_Window0_Rail-1_LOD0Mesh
13:56:37 | INFO: Primitives created: 1
13:56:37 | INFO: Extracting primitive: VariantC_BanyaYard_Dwelling_Street_Window0_Rail1_LOD0Mesh
13:56:37 | INFO: Primitives created: 1
13:56:37 | INFO: Extracting primitive: VariantC_BanyaYard_Dwelling_Street_Window0_Recess_LOD0Mesh
13:56:37 | INFO: Primitives created: 1
13:56:37 | INFO: Extracting primitive: VariantC_BanyaYard_Dwelling_Street_Window0_Sill_LOD0Mesh
13:56:37 | INFO: Primitives created: 1
13:56:37 | INFO: Extracting primitive: VariantC_BanyaYard_Dwelling_Street_Window1_Glass_LOD0Mesh
13:56:37 | INFO: Primitives created: 1
13:56:37 | INFO: Extracting primitive: VariantC_BanyaYard_Dwelling_Street_Window1_Jamb-1_LOD0Mesh
13:56:37 | INFO: Primitives created: 1
13:56:37 | INFO: Extracting primitive: VariantC_BanyaYard_Dwelling_Street_Window1_Jamb1_LOD0Mesh
13:56:37 | INFO: Primitives created: 1
13:56:37 | INFO: Extracting primitive: VariantC_BanyaYard_Dwelling_Street_Window1_Mullion_LOD0Mesh
13:56:37 | INFO: Primitives created: 1
13:56:37 | INFO: Extracting primitive: VariantC_BanyaYard_Dwelling_Street_Window1_Rail-1_LOD0Mesh
13:56:37 | INFO: Primitives created: 1
13:56:37 | INFO: Extracting primitive: VariantC_BanyaYard_Dwelling_Street_Window1_Rail1_LOD0Mesh
13:56:37 | INFO: Primitives created: 1
13:56:37 | INFO: Extracting primitive: VariantC_BanyaYard_Dwelling_Street_Window1_Recess_LOD0Mesh
13:56:37 | INFO: Primitives created: 1
13:56:37 | INFO: Extracting primitive: VariantC_BanyaYard_Dwelling_Street_Window1_Sill_LOD0Mesh
13:56:37 | INFO: Primitives created: 1
13:56:37 | INFO: Extracting primitive: VariantC_BanyaYard_Dwelling_Street_Window2_Glass_LOD0Mesh
13:56:37 | INFO: Primitives created: 1
13:56:37 | INFO: Extracting primitive: VariantC_BanyaYard_Dwelling_Street_Window2_Jamb-1_LOD0Mesh
13:56:37 | INFO: Primitives created: 1
13:56:37 | INFO: Extracting primitive: VariantC_BanyaYard_Dwelling_Street_Window2_Jamb1_LOD0Mesh
13:56:37 | INFO: Primitives created: 1
13:56:37 | INFO: Extracting primitive: VariantC_BanyaYard_Dwelling_Street_Window2_Mullion_LOD0Mesh
13:56:37 | INFO: Primitives created: 1
13:56:37 | INFO: Extracting primitive: VariantC_BanyaYard_Dwelling_Street_Window2_Rail-1_LOD0Mesh
13:56:37 | INFO: Primitives created: 1
13:56:37 | INFO: Extracting primitive: VariantC_BanyaYard_Dwelling_Street_Window2_Rail1_LOD0Mesh
13:56:37 | INFO: Primitives created: 1
13:56:37 | INFO: Extracting primitive: VariantC_BanyaYard_Dwelling_Street_Window2_Recess_LOD0Mesh
13:56:37 | INFO: Primitives created: 1
13:56:37 | INFO: Extracting primitive: VariantC_BanyaYard_Dwelling_Street_Window2_Sill_LOD0Mesh
13:56:37 | INFO: Primitives created: 1
13:56:37 | INFO: Extracting primitive: VariantC_Utility_Door_LOD0Mesh
13:56:37 | INFO: Primitives created: 1
13:56:37 | INFO: Extracting primitive: VariantC_Utility_Foundation_LOD0Mesh
13:56:37 | INFO: Primitives created: 2
13:56:37 | INFO: Extracting primitive: VariantC_Utility_OpenBay_LOD0Mesh
13:56:37 | INFO: Primitives created: 1
13:56:37 | INFO: Extracting primitive: VariantC_Utility_Post_00_LOD0Mesh
13:56:37 | INFO: Primitives created: 1
13:56:37 | INFO: Extracting primitive: VariantC_Utility_Post_01_LOD0Mesh
13:56:37 | INFO: Primitives created: 1
13:56:37 | INFO: Extracting primitive: VariantC_Utility_RearBatten_LOD0Mesh
13:56:37 | INFO: Primitives created: 1
13:56:37 | INFO: Extracting primitive: VariantC_Utility_Roof_LOD0Mesh
13:56:37 | INFO: Primitives created: 2
13:56:37 | INFO: Extracting primitive: VariantC_Utility_SideBatten_LOD0Mesh
13:56:37 | INFO: Primitives created: 1
13:56:37 | INFO: Extracting primitive: VariantC_Utility_Threshold_LOD0Mesh
13:56:37 | INFO: Primitives created: 1
13:56:37 | INFO: Extracting primitive: VariantC_Utility_Wall_LOD0Mesh
13:56:37 | INFO: Primitives created: 2
13:56:37 | INFO: Extracting primitive: VariantC_Yard_BenchBack_LOD0Mesh
13:56:37 | INFO: Primitives created: 1
13:56:37 | INFO: Extracting primitive: VariantC_Yard_BenchLeg_00_LOD0Mesh
13:56:37 | INFO: Primitives created: 1
13:56:37 | INFO: Extracting primitive: VariantC_Yard_BenchLeg_01_LOD0Mesh
13:56:37 | INFO: Primitives created: 1
13:56:37 | INFO: Extracting primitive: VariantC_Yard_BenchSeat_LOD0Mesh
13:56:37 | INFO: Primitives created: 1
13:56:37 | INFO: Extracting primitive: VariantC_Yard_CornerRail_LOD0Mesh
13:56:37 | INFO: Primitives created: 1
13:56:37 | INFO: Extracting primitive: VariantC_Yard_GateBrace_LOD0Mesh
13:56:37 | INFO: Primitives created: 1
13:56:37 | INFO: Extracting primitive: VariantC_Yard_GateHeader_LOD0Mesh
13:56:37 | INFO: Primitives created: 1
13:56:37 | INFO: Extracting primitive: VariantC_Yard_GatePostLeft_LOD0Mesh
13:56:37 | INFO: Primitives created: 1
13:56:37 | INFO: Extracting primitive: VariantC_Yard_GatePostRight_LOD0Mesh
13:56:37 | INFO: Primitives created: 1
13:56:37 | INFO: Extracting primitive: VariantC_Yard_GateThreshold_LOD0Mesh
13:56:37 | INFO: Primitives created: 1
13:56:37 | INFO: Extracting primitive: VariantC_Yard_Picket_00_LOD0Mesh
13:56:37 | INFO: Primitives created: 1
13:56:37 | INFO: Extracting primitive: VariantC_Yard_Picket_01_LOD0Mesh
13:56:37 | INFO: Primitives created: 1
13:56:37 | INFO: Extracting primitive: VariantC_Yard_Picket_02_LOD0Mesh
13:56:37 | INFO: Primitives created: 1
13:56:37 | INFO: Extracting primitive: VariantC_Yard_Picket_03_LOD0Mesh
13:56:37 | INFO: Primitives created: 1
13:56:37 | INFO: Extracting primitive: VariantC_Yard_Picket_04_LOD0Mesh
13:56:37 | INFO: Primitives created: 1
13:56:37 | INFO: Extracting primitive: VariantC_Yard_Picket_05_LOD0Mesh
13:56:37 | INFO: Primitives created: 1
13:56:37 | INFO: Extracting primitive: VariantC_Yard_Post_00_LOD0Mesh
13:56:37 | INFO: Primitives created: 1
13:56:37 | INFO: Extracting primitive: VariantC_Yard_Post_01_LOD0Mesh
13:56:37 | INFO: Primitives created: 1
13:56:37 | INFO: Extracting primitive: VariantC_Yard_Post_02_LOD0Mesh
13:56:37 | INFO: Primitives created: 1
13:56:37 | INFO: Extracting primitive: VariantC_Yard_Post_03_LOD0Mesh
13:56:37 | INFO: Primitives created: 1
13:56:37 | INFO: Extracting primitive: VariantC_Yard_Post_04_LOD0Mesh
13:56:37 | INFO: Primitives created: 1
13:56:37 | INFO: Extracting primitive: VariantC_Yard_Post_05_LOD0Mesh
13:56:37 | INFO: Primitives created: 1
13:56:37 | INFO: Extracting primitive: VariantC_Yard_Post_06_LOD0Mesh
13:56:37 | INFO: Primitives created: 1
13:56:37 | INFO: Extracting primitive: VariantC_Yard_Rail_00_LOD0Mesh
13:56:37 | INFO: Primitives created: 1
13:56:37 | INFO: Extracting primitive: VariantC_Yard_Rail_01_LOD0Mesh
13:56:37 | INFO: Primitives created: 1
13:56:37 | INFO: Extracting primitive: VillageParcel_VariantC_BanyaYard_Branch_00_LOD0Mesh
13:56:37 | INFO: Primitives created: 1
13:56:37 | INFO: Extracting primitive: VillageParcel_VariantC_BanyaYard_Branch_01_LOD0Mesh
13:56:37 | INFO: Primitives created: 1
13:56:37 | INFO: Extracting primitive: VillageParcel_VariantC_BanyaYard_Moss_00_LOD0Mesh
13:56:37 | INFO: Primitives created: 2
13:56:37 | INFO: Extracting primitive: VillageParcel_VariantC_BanyaYard_Moss_01_LOD0Mesh
13:56:37 | INFO: Primitives created: 2
13:56:37 | INFO: Extracting primitive: VillageParcel_VariantC_BanyaYard_Moss_02_LOD0Mesh
13:56:37 | INFO: Primitives created: 2
13:56:37 | INFO: Extracting primitive: VillageParcel_VariantC_BanyaYard_Sedge_00_Blade_00_LOD0Mesh
13:56:37 | INFO: Primitives created: 1
13:56:37 | INFO: Extracting primitive: VillageParcel_VariantC_BanyaYard_Sedge_00_Blade_01_LOD0Mesh
13:56:37 | INFO: Primitives created: 1
13:56:37 | INFO: Extracting primitive: VillageParcel_VariantC_BanyaYard_Sedge_00_Blade_02_LOD0Mesh
13:56:37 | INFO: Primitives created: 1
13:56:37 | INFO: Extracting primitive: VillageParcel_VariantC_BanyaYard_Sedge_01_Blade_00_LOD0Mesh
13:56:37 | INFO: Primitives created: 1
13:56:37 | INFO: Extracting primitive: VillageParcel_VariantC_BanyaYard_Sedge_01_Blade_01_LOD0Mesh
13:56:37 | INFO: Primitives created: 1
13:56:37 | INFO: Extracting primitive: VillageParcel_VariantC_BanyaYard_Sedge_01_Blade_02_LOD0Mesh
13:56:37 | INFO: Primitives created: 1
13:56:37 | INFO: Extracting primitive: VillageParcel_VariantC_BanyaYard_Sedge_02_Blade_00_LOD0Mesh
13:56:37 | INFO: Primitives created: 1
13:56:37 | INFO: Extracting primitive: VillageParcel_VariantC_BanyaYard_Sedge_02_Blade_01_LOD0Mesh
13:56:37 | INFO: Primitives created: 1
13:56:37 | INFO: Extracting primitive: VillageParcel_VariantC_BanyaYard_Sedge_02_Blade_02_LOD0Mesh
13:56:37 | INFO: Primitives created: 1
13:56:37 | INFO: Extracting primitive: VillageParcel_VariantC_BanyaYard_Sedge_03_Blade_00_LOD0Mesh
13:56:37 | INFO: Primitives created: 1
13:56:37 | INFO: Extracting primitive: VillageParcel_VariantC_BanyaYard_Sedge_03_Blade_01_LOD0Mesh
13:56:37 | INFO: Primitives created: 1
13:56:37 | INFO: Extracting primitive: VillageParcel_VariantC_BanyaYard_Sedge_03_Blade_02_LOD0Mesh
13:56:37 | INFO: Primitives created: 1
13:56:37 | INFO: Extracting primitive: VillageParcel_VariantC_BanyaYard_Shrub_00_Clump_00_LOD0Mesh
13:56:37 | INFO: Primitives created: 2
13:56:37 | INFO: Extracting primitive: VillageParcel_VariantC_BanyaYard_Shrub_00_Clump_01_LOD0Mesh
13:56:37 | INFO: Primitives created: 2
13:56:37 | INFO: Extracting primitive: VillageParcel_VariantC_BanyaYard_Shrub_00_Clump_02_LOD0Mesh
13:56:37 | INFO: Primitives created: 2
13:56:37 | INFO: Extracting primitive: VillageParcel_VariantC_BanyaYard_Shrub_01_Clump_00_LOD0Mesh
13:56:37 | INFO: Primitives created: 2
13:56:37 | INFO: Extracting primitive: VillageParcel_VariantC_BanyaYard_Shrub_01_Clump_01_LOD0Mesh
13:56:37 | INFO: Primitives created: 2
13:56:37 | INFO: Extracting primitive: VillageParcel_VariantC_BanyaYard_Shrub_01_Clump_02_LOD0Mesh
13:56:37 | INFO: Primitives created: 2
13:56:37 | INFO: Extracting primitive: Well_YardLandmark_Bucket_LOD0Mesh
13:56:37 | INFO: Primitives created: 2
13:56:37 | INFO: Extracting primitive: Well_YardLandmark_BucketHandle_LOD0Mesh
13:56:37 | INFO: Primitives created: 1
13:56:37 | INFO: Extracting primitive: Well_YardLandmark_CrankAxle_LOD0Mesh
13:56:37 | INFO: Primitives created: 1
13:56:37 | INFO: Extracting primitive: Well_YardLandmark_CrankHandle_LOD0Mesh
13:56:37 | INFO: Primitives created: 1
13:56:37 | INFO: Extracting primitive: Well_YardLandmark_Header_LOD0Mesh
13:56:37 | INFO: Primitives created: 2
13:56:37 | INFO: Extracting primitive: Well_YardLandmark_PostLeft_LOD0Mesh
13:56:37 | INFO: Primitives created: 3
13:56:37 | INFO: Extracting primitive: Well_YardLandmark_PostRight_LOD0Mesh
13:56:37 | INFO: Primitives created: 3
13:56:37 | INFO: Extracting primitive: Well_YardLandmark_RimBack_LOD0Mesh
13:56:37 | INFO: Primitives created: 2
13:56:37 | INFO: Extracting primitive: Well_YardLandmark_RimFront_LOD0Mesh
13:56:37 | INFO: Primitives created: 2
13:56:37 | INFO: Extracting primitive: Well_YardLandmark_Roof_LOD0Mesh
13:56:37 | INFO: Primitives created: 3
13:56:37 | INFO: Extracting primitive: Well_YardLandmark_RoofEaveBack_LOD0Mesh
13:56:37 | INFO: Primitives created: 1
13:56:37 | INFO: Extracting primitive: Well_YardLandmark_RoofEaveFront_LOD0Mesh
13:56:37 | INFO: Primitives created: 1
13:56:37 | INFO: Extracting primitive: Well_YardLandmark_RoofRidge_LOD0Mesh
13:56:37 | INFO: Primitives created: 1
13:56:37 | INFO: Extracting primitive: Well_YardLandmark_Rope_LOD0Mesh
13:56:37 | INFO: Primitives created: 1
13:56:37 | INFO: Extracting primitive: Well_YardLandmark_StoneRing_LOD0Mesh
13:56:37 | INFO: Primitives created: 3
13:56:37 | INFO: Extracting primitive: Well_YardLandmark_WaterInset_LOD0Mesh
13:56:37 | INFO: Primitives created: 1
13:56:37 | INFO: Extracting primitive: Woodpile_Log_00_LOD0Mesh
13:56:37 | INFO: Primitives created: 2
13:56:37 | INFO: Extracting primitive: Woodpile_Log_01_LOD0Mesh
13:56:37 | INFO: Primitives created: 2
13:56:37 | INFO: Extracting primitive: Woodpile_Log_02_LOD0Mesh
13:56:37 | INFO: Primitives created: 2
13:56:37 | INFO: Extracting primitive: Woodpile_Log_03_LOD0Mesh
13:56:37 | INFO: Primitives created: 2
13:56:37 | INFO: Extracting primitive: Woodpile_Log_04_LOD0Mesh
13:56:37 | INFO: Primitives created: 2
13:56:37 | INFO: Extracting primitive: Woodpile_Log_05_LOD0Mesh
13:56:37 | INFO: Primitives created: 2
13:56:37 | INFO: Extracting primitive: Woodpile_SupportLeft_LOD0Mesh
13:56:37 | INFO: Primitives created: 1
13:56:37 | INFO: Extracting primitive: Woodpile_SupportRight_LOD0Mesh
13:56:37 | INFO: Primitives created: 1
13:56:38 | INFO: Finished glTF 2.0 export in 0.469527006149292 s

village-exterior-pass: saved /Users/unterlantas/Documents/GitHub/URMAN/assets/source/blender/act1/urman_village_exterior_kit.blend
village-exterior-pass: exported /Users/unterlantas/Documents/GitHub/URMAN/game/assets/models/act1/urman_village_exterior_kit.glb
Blender 4.5.12 LTS (hash 84afd5f785f7 built 2026-07-21 01:41:35)
Read blend: "/Users/unterlantas/Documents/GitHub/URMAN/assets/source/blender/act1/urman_village_exterior_kit.blend"

Blender quit
