Godot Engine v4.7.1.stable.mono.official.a13da4feb - https://godotengine.org
Metal 4.0 - Forward+ - Using Device #0: Apple - Apple M4 Pro (Apple9)

act1-river: ice_slabs=31 blockers=29 road_gap_samples=2 bridge=broken@(15,-85)
village-chimney: /root/Act1FirstPersonWalkthroughSmokeTest/Act1Demo/Main/ZoneHost/Act1ConnectedWorld/Act1CoreWorldGreybox/Act1AuthoredExteriorKitPresentation/ArrivalAuthoredParcels/ArrivalForwardWestFacade/DwellingFacade_TimberPlaster/DwellingFacade_ChimneyCap_LOD0 top=(-10.2875, 4.7722464, 2.3450005)
village-chimney: /root/Act1FirstPersonWalkthroughSmokeTest/Act1Demo/Main/ZoneHost/Act1ConnectedWorld/Act1CoreWorldGreybox/Act1AuthoredExteriorKitPresentation/DistantPerimeterParcels/WestArrivalNearParcel/WestArrivalNearFacade/DwellingFacade_TimberPlaster/DwellingFacade_ChimneyCap_LOD0 top=(-19.730013, 3.9641316, 15.965501)
act1-terrain-room-cut: room=/root/Act1FirstPersonWalkthroughSmokeTest/Act1Demo/Main/ZoneHost/Act1ConnectedWorld/babay-abi-house half=(4, 3.5) affectedTriangles=48 clippedVertices=49980 publishedVertices=49980 physicsVertices=49980 visualAndPhysics=shared-published-faces
act1-apron-room-cut: mesh=/root/Act1FirstPersonWalkthroughSmokeTest/Act1Demo/Main/ZoneHost/Act1ConnectedWorld/Act1CoreWorldGreybox/AgentBExteriorWorld/AgentB_TerrainRoadKit/URMAN_AgentB_TerrainRoadKit/Apron_BabaiYard affectedTriangles=11 clippedVertices=123 surfaces=1 collision=existing-terrain-owner
act1-south-fence-house-junction: wallX=-33.5880 retainedMembers=13 retiredPostsAndCaps=10 supportedWestWing=2.4920m
act1-drain-bank-conform: mesh=/root/Act1FirstPersonWalkthroughSmokeTest/Act1Demo/Main/ZoneHost/Act1ConnectedWorld/Act1CoreWorldGreybox/AgentBExteriorWorld/AgentB_TerrainRoadKit/URMAN_AgentB_TerrainRoadKit/BabaiYard_EastFenceSwale originalTriangles=78 affectedTriangles=35 outputTriangles=3543 groundOwner=unchanged
act1-mosque-terrain-cut: affectedTriangles=70 publishedVertices=49980 physicsVertices=49980 sameOwner=true
act1-school-bank-cut: mesh=/root/Act1FirstPersonWalkthroughSmokeTest/Act1Demo/Main/ZoneHost/Act1ConnectedWorld/Act1CoreWorldGreybox/AgentBExteriorWorld/AgentB_TerrainRoadKit/URMAN_AgentB_TerrainRoadKit/Ditch_FieldBank_EastZirat room=/root/Act1FirstPersonWalkthroughSmokeTest/Act1Demo/Main/ZoneHost/Act1ConnectedWorld/Act1CoreWorldGreybox/Act1AuthoredExteriorKitPresentation/DistantPerimeterParcels/EastReturnMidParcel/EastReturnMidFacade/PublicInterior_school/MainRoom half=(2.5154998, 2.3804996) affectedTriangles=20 clippedVertices=486 publishedVertices=486 floorY=-0.0049708784 collision=unchanged-existing-terrain-and-timber-floor
act1-council-fence-format: source=urman_village_exterior_kit_Cube_040 vertices=96 normals=96 uv=96 tangents=384 colors=0 uv2=0 lods=0 sourceFormat=536875031 publishedFormat=4119
act1-council-fence-format: source=urman_village_exterior_kit_FenceSegment_RailMiddle_Crooked_LOD0Mesh vertices=48 normals=48 uv=0 tangents=192 colors=0 uv2=0 lods=0 sourceFormat=536875015 publishedFormat=4103
act1-council-fence-format: source=urman_village_exterior_kit_Cube_039 vertices=96 normals=96 uv=96 tangents=384 colors=0 uv2=0 lods=0 sourceFormat=536875031 publishedFormat=4119
act1-council-fence-junction: fence=/root/Act1FirstPersonWalkthroughSmokeTest/Act1Demo/Main/ZoneHost/Act1ConnectedWorld/Act1CoreWorldGreybox/Act1AuthoredExteriorKitPresentation/DistantPerimeterParcels/EastStreetHorizonParcel/EastStreetHorizonFence wall=/root/Act1FirstPersonWalkthroughSmokeTest/Act1Demo/Main/ZoneHost/Act1ConnectedWorld/Act1CoreWorldGreybox/Act1AuthoredExteriorKitPresentation/DistantPerimeterParcels/EastStreetHorizonParcel/EastStreetHorizonFacade/VillageParcel_VariantA_TimberGable_Dwelling/VariantA_TimberGable_Dwelling_SeniRear_Wall_LOD0 localCutZ=-4.4 hiddenMembers=4 trimmedRails=3 retainedMembers=8 sourceAsset=unchanged
act1-roadside-grounding: independent contact meshes=34; source meshes and usable footbridge preserved
act1-kit-blockers: placements=100 shapes=1579 carved_door_slabs=101 flat_slab_skipped=2469 exact_architecture_surfaces=911 hidden_skipped=7 road_clearance_skipped=0
act1-dwelling-threshold: placements=83 worst_analytic_vs_collision_delta=0.028m worst_placement=ArrivalForwardEastShed
act1-building-supports: supported foundations=137; maximum ground drop=1.136m; level entrances preserved
act1-council-fence-contacts: retainedSourceContacts=0 hiddenMemberContacts=0 newBodyOwners=0
zone-loaded: village_day@arrival connected-world=109404230304
УРМАН Godot vertical slice ready: Painterly Low-Poly / first person
act1-smoke: background input replay; focus-loss pause isolated from this test scene
address-audit-lifecycle: epoch=1 presentation=2 stage=restoring-exterior access= zone=village_day exterior=True ready=True frame=1 
act1-window-surrounds: painted=1020
act1-legacy-sign: suppressed=1
address-audit-lifecycle: epoch=1 presentation=2 stage=search-start access=ACC-ADR-BABAI zone=village_day exterior=True ready=True frame=4 
address-support-probe: ACC-ADR-BABAI approach start result=accepted supplied=(-26.746128, 0.31850967, -1.5201948) floor=(-26.746128, 0.28352106, -1.5201948) acceptedFeet=(-26.746128, 0.28438044, -1.5201948) lift=0.035; normal=(-0.049573414, 0.9986544, 0.015225223) depth=0.0010614773 owner=landing: /root/Act1FirstPersonWalkthroughSmokeTest/Act1Demo/Main/ZoneHost/Act1ConnectedWorld/Act1CoreWorldGreybox/AgentBExteriorWorld/AgentB_TerrainCollision shape 0 playerCanStandAtLanded=True; 
address-support-probe: ACC-ADR-BABAI road anchor result=accepted supplied=(-24, 0.3997803, 1.2) floor=(-24, 0.36474347, 1.2) acceptedFeet=(-24, 0.3651536, 1.2) lift=0.035; normal=(-0.011438925, 0.99991465, -0.0063203587) depth=0.0011225471 owner=landing: /root/Act1FirstPersonWalkthroughSmokeTest/Act1Demo/Main/ZoneHost/Act1ConnectedWorld/Act1CoreWorldGreybox/AgentBExteriorWorld/AgentB_TerrainCollision shape 0 playerCanStandAtLanded=True; 
zone-loaded: village_day@arrival connected-world=109404230304
address-audit-lifecycle: epoch=2 presentation=3 stage=restoring-exterior access=ACC-ADR-BABAI zone=village_day exterior=True ready=True frame=31 
SaveGameV3 new game session started; existing slots untouched.
address-audit-lifecycle: epoch=2 presentation=3 stage=search-start access=ACC-ADR-BABAI zone=village_day exterior=True ready=True frame=34 
address-support-probe: ACC-ADR-BABAI approach start result=accepted supplied=(-26.746128, 0.31850967, -1.5201948) floor=(-26.746128, 0.28352106, -1.5201948) acceptedFeet=(-26.746128, 0.28438044, -1.5201948) lift=0.035; normal=(-0.049573414, 0.9986544, 0.015225223) depth=0.0010614773 owner=landing: /root/Act1FirstPersonWalkthroughSmokeTest/Act1Demo/Main/ZoneHost/Act1ConnectedWorld/Act1CoreWorldGreybox/AgentBExteriorWorld/AgentB_TerrainCollision shape 0 playerCanStandAtLanded=True; 
address-support-probe: ACC-ADR-BABAI road anchor result=accepted supplied=(-24, 0.3997803, 1.2) floor=(-24, 0.36474347, 1.2) acceptedFeet=(-24, 0.3651536, 1.2) lift=0.035; normal=(-0.011438925, 0.99991465, -0.0063203587) depth=0.0011225471 owner=landing: /root/Act1FirstPersonWalkthroughSmokeTest/Act1Demo/Main/ZoneHost/Act1ConnectedWorld/Act1CoreWorldGreybox/AgentBExteriorWorld/AgentB_TerrainCollision shape 0 playerCanStandAtLanded=True; 
act1-intro: confirmed with E
address-audit-lifecycle: epoch=2 presentation=3 stage=path-committed access=ACC-ADR-BABAI zone=village_day exterior=True ready=True frame=128 testedAccess=ACC-ADR-BABAI supplied=(-26.746128, 0.31850967, -1.5201948) reason=
address-audit-lifecycle: epoch=2 presentation=3 stage=search-start access=ACC-ADR-FAP zone=village_day exterior=True ready=True frame=129 
address-support-probe: ACC-ADR-FAP approach start result=accepted supplied=(26.7, -0.29382363, -27.38) floor=(26.7, 0.16047117, -27.38) acceptedFeet=(26.7, 0.16088133, -27.38) lift=0.035; normal=(0, 1, -0) depth=0.0010390729 owner=landing: /root/Act1FirstPersonWalkthroughSmokeTest/Act1Demo/Main/ZoneHost/Act1ConnectedWorld/Act1CoreWorldGreybox/FapExterior/FapClinicAuthoredKitPresentation/FapAuthoredEntryPorch/FapPropContact_FapEntryPorch_Deck_LOD0 shape 0 playerCanStandAtLanded=True; 
address-support-probe: ACC-ADR-FAP road anchor result=accepted supplied=(27.038578, -0.2622051, -25.96926) floor=(27.038578, -0.3486841, -25.96926) acceptedFeet=(27.038578, -0.3469263, -25.96926) lift=0.035; normal=(-0.092380285, 0.99503857, 0.03693291) depth=0.0014342532 owner=landing: /root/Act1FirstPersonWalkthroughSmokeTest/Act1Demo/Main/ZoneHost/Act1ConnectedWorld/Act1CoreWorldGreybox/AgentBExteriorWorld/AgentB_TerrainCollision shape 0 playerCanStandAtLanded=True; 
address-audit-lifecycle: epoch=2 presentation=3 stage=path-committed access=ACC-ADR-FAP zone=village_day exterior=True ready=True frame=131 testedAccess=ACC-ADR-FAP supplied=(26.7, -0.29382363, -27.38) reason=
address-audit-lifecycle: epoch=2 presentation=3 stage=search-start access=ACC-ADR-MOSQUE zone=village_day exterior=True ready=True frame=132 
address-support-probe: ACC-ADR-MOSQUE approach start result=accepted supplied=(-44.95, 1.6854045, -41.4) floor=(-44.95, 1.6503983, -41.4) acceptedFeet=(-44.95, 1.661365, -41.4) lift=0.035; normal=(0.24159735, 0.97031224, -0.011172824) depth=0.0014038429 owner=landing: /root/Act1FirstPersonWalkthroughSmokeTest/Act1Demo/Main/ZoneHost/Act1ConnectedWorld/Act1CoreWorldGreybox/AgentBExteriorWorld/AgentB_TerrainCollision shape 0 playerCanStandAtLanded=True; 
address-support-probe: ACC-ADR-MOSQUE road anchor result=accepted supplied=(-29.3, 0.4297056, -67.4) floor=(-29.3, 0.39473063, -67.4) acceptedFeet=(-29.3, 0.39648843, -67.4) lift=0.035; normal=(0.095275395, 0.9953115, -0.016663192) depth=0.001338386 owner=landing: /root/Act1FirstPersonWalkthroughSmokeTest/Act1Demo/Main/ZoneHost/Act1ConnectedWorld/Act1CoreWorldGreybox/AgentBExteriorWorld/AgentB_TerrainCollision shape 0 playerCanStandAtLanded=True; 
walk-frame: approach-urman.chapter1:interaction/view-arrival-message actual-player-position=(3.4304404, -0.38041213, 5.2362905)
act1-physical-arrival: ordinary walk to bench; phone/photo through camera ray and mapped input; visible personal answer
walk-frame: arrival-house-path-1 actual-player-position=(-0.20286229, -0.25994995, 2.1667008)
walk-frame: arrival-house-path-2 actual-player-position=(-0.9261192, -0.27272403, -1.4584244)
walk-frame: arrival-house-path-3 actual-player-position=(-3.8400855, -0.26597542, -5.5741973)
walk-frame: arrival-house-axis-0 actual-player-position=(-1.420257, -0.24496809, -7.7976227)
walk-frame: arrival-house-axis-1 actual-player-position=(-5.776452, -0.29761013, -5.612151)
walk-frame: arrival-house-axis-2 actual-player-position=(-11.755281, -0.2821266, -2.623012)
walk-frame: arrival-house-axis-3 actual-player-position=(-18.762352, 0.1284475, -0.0855688)
walk-frame: arrival-house-axis-4 actual-player-position=(-23.753855, 0.36763483, 1.139651)
walk-frame: house-yard-entry--24.42-2.4 actual-player-position=(-24.283545, 0.3845892, 2.1408951)
walk-frame: house-yard-entry--25.2-2.6 actual-player-position=(-24.942204, 0.3810443, 2.4708538)
walk-frame: house-yard-entry--26.05-2.2 actual-player-position=(-25.768232, 0.34623963, 2.2688918)
walk-frame: house-yard-entry--26.05-0.2 actual-player-position=(-26.01302, 0.28919858, 0.4715327)
walk-frame: house-door-approach actual-player-position=(-26.137732, 0.30562618, -0.99622)
walk-frame: approach-urman.chapter1:interaction/arrival-enter-house actual-player-position=(-26.05252, 0.32020643, -1.6133766)
[34] scene.entered: urman.chapter1:interaction/arrival-enter-house
zone-loaded: house_old_pc@entry connected-world=109404230304
address-audit-lifecycle: epoch=3 presentation=4 stage=waiting-for-exterior access=ACC-ADR-MOSQUE zone=house_old_pc exterior=False ready=False frame=1100 
walk-frame: approach-urman.chapter1:interaction/talk-mansur actual-player-position=(-28.435516, 0.5943085, -4.9563665)
walk-frame: computer-aisle--0.15-1.10 actual-player-position=(-28.5925, 0.5943085, -5.1922317)
walk-frame: computer-aisle-0.00--1.15 actual-player-position=(-30.46772, 0.5943085, -6.3616424)
walk-frame: approach-urman.chapter1:interaction/talk-gulsina actual-player-position=(-30.619194, 0.5943085, -6.2844663)
family-meal-proof: actual invitation, source-dependent personal reply, explicit meal acceptance; topic=photo; decline/return/load=False; no timer, movement automation or human-duration claim
walk-frame: house-exit-aisle--0.15-1.10 actual-player-position=(-28.97277, 0.5943085, -5.524592)
walk-frame: house-exit-aisle--2.82-1.10 actual-player-position=(-29.800892, 0.5943085, -3.232983)
walk-frame: house-exit-aisle--2.82-2.30 actual-player-position=(-29.027275, 0.5943085, -2.6589348)
[93] scene.entered: urman.chapter1:interaction/house-to-route
zone-loaded: village_day@from_house connected-world=109404230304
address-audit-lifecycle: epoch=4 presentation=5 stage=restoring-exterior access=ACC-ADR-MOSQUE zone=village_day exterior=True ready=True frame=1404 
address-audit-lifecycle: epoch=4 presentation=5 stage=search-start access=ACC-ADR-MOSQUE zone=village_day exterior=True ready=True frame=1407 
address-support-probe: ACC-ADR-MOSQUE approach start result=accepted supplied=(-44.95, 1.6854045, -41.4) floor=(-44.95, 1.6503983, -41.4) acceptedFeet=(-44.95, 1.661365, -41.4) lift=0.035; normal=(0.24159735, 0.97031224, -0.011172824) depth=0.0014038429 owner=landing: /root/Act1FirstPersonWalkthroughSmokeTest/Act1Demo/Main/ZoneHost/Act1ConnectedWorld/Act1CoreWorldGreybox/AgentBExteriorWorld/AgentB_TerrainCollision shape 0 playerCanStandAtLanded=True; 
address-support-probe: ACC-ADR-MOSQUE road anchor result=accepted supplied=(-29.3, 0.4297056, -67.4) floor=(-29.3, 0.39473063, -67.4) acceptedFeet=(-29.3, 0.39648843, -67.4) lift=0.035; normal=(0.095275395, 0.9953115, -0.016663192) depth=0.001338386 owner=landing: /root/Act1FirstPersonWalkthroughSmokeTest/Act1Demo/Main/ZoneHost/Act1ConnectedWorld/Act1CoreWorldGreybox/AgentBExteriorWorld/AgentB_TerrainCollision shape 0 playerCanStandAtLanded=True; 
walk-frame: house-exit-street--26.05-0.2 actual-player-position=(-26.069223, 0.29562184, -0.05590672)
walk-frame: house-exit-street--26.05-2.2 actual-player-position=(-26.052824, 0.31674743, 1.9267619)
walk-frame: house-exit-street--25.2-2.6 actual-player-position=(-25.432014, 0.36245385, 2.4164193)
walk-frame: house-exit-street--24.42-2.4 actual-player-position=(-24.696135, 0.3852376, 2.4038823)
walk-frame: house-exit-street--24-1.2 actual-player-position=(-24.128754, 0.36358508, 1.4225329)
walk-frame: house-exit-street--19-0 actual-player-position=(-19.26683, 0.17012256, 0.07400027)
walk-frame: house-exit-street--12--2.5 actual-player-position=(-12.264785, -0.29103953, -2.40621)
walk-frame: house-exit-street--6--5.5 actual-player-position=(-6.220001, -0.30420256, -5.391443)
walk-frame: house-exit-street--1.2--8 actual-player-position=(-1.4441198, -0.24304232, -7.8731136)
walk-frame: house-exit-street--0.1--2.8 actual-player-position=(-0.16690536, -0.2746243, -3.0525208)
walk-frame: house-exit-street--0.1-3.7 actual-player-position=(-0.10271438, -0.30187732, 3.4063578)
walk-frame: approach-urman.chapter1:interaction/talk-alsu actual-player-position=(0.5696654, -0.30709505, 3.5077903)
address-support-probe: ACC-ADR-MOSQUE authored segment 0 result=accepted supplied=(-44.95, 1.887125, -40.6) floor=(-44.95, 1.852125, -40.6) acceptedFeet=(-44.95, 1.8525351, -40.6) lift=0.035; normal=(0, 1, 0) depth=0.0010391474 owner=landing: /root/Act1FirstPersonWalkthroughSmokeTest/Act1Demo/Main/ZoneHost/Act1ConnectedWorld/Act1CoreWorldGreybox/VillageMosqueComplex/MosqueInterior/MosqueEntryLowerLandingBody shape 0 playerCanStandAtLanded=True; 
address-support-probe: ACC-ADR-MOSQUE authored segment 1 result=accepted supplied=(-44.95, 4.817295, -35.35) floor=(-44.95, 4.782295, -35.35) acceptedFeet=(-44.95, 4.781358, -35.35) lift=0.035; normal=(0, 1, 0) depth=0.00238657 owner=landing: /root/Act1FirstPersonWalkthroughSmokeTest/Act1Demo/Main/ZoneHost/Act1ConnectedWorld/Act1CoreWorldGreybox/VillageMosqueComplex/MosqueInterior/MosqueEntryUpperLandingBody shape 0 playerCanStandAtLanded=True; 
address-support-probe: ACC-ADR-MOSQUE authored segment 2 result=accepted supplied=(-45.2, 4.817295, -35.25) floor=(-45.2, 4.782295, -35.25) acceptedFeet=(-45.2, 4.7827053, -35.25) lift=0.035; normal=(0, 1, 0) depth=0.0010390282 owner=landing: /root/Act1FirstPersonWalkthroughSmokeTest/Act1Demo/Main/ZoneHost/Act1ConnectedWorld/Act1CoreWorldGreybox/VillageMosqueComplex/MosqueInterior/MosqueEntryUpperLandingBody shape 0 playerCanStandAtLanded=True; 
address-audit-lifecycle: epoch=4 presentation=5 stage=path-committed access=ACC-ADR-MOSQUE zone=village_day exterior=True ready=True frame=2555 testedAccess=ACC-ADR-MOSQUE supplied=(-44.95, 1.6854045, -41.4) reason=
address-audit-lifecycle: epoch=4 presentation=5 stage=search-start access=ACC-ADR-H001 zone=village_day exterior=True ready=True frame=2555 
address-support-probe: ACC-ADR-H001 approach start result=accepted supplied=(-11.175, -0.057786692, 52.858) floor=(-11.175, -0.09279674, 52.858) acceptedFeet=(-11.175, -0.09238659, 52.858) lift=0.035; normal=(0.030481592, 0.9992853, -0.02235863) depth=0.0012892791 owner=landing: /root/Act1FirstPersonWalkthroughSmokeTest/Act1Demo/Main/ZoneHost/Act1ConnectedWorld/Act1CoreWorldGreybox/AgentBExteriorWorld/AgentB_TerrainCollision shape 0 playerCanStandAtLanded=True; 
address-support-probe: ACC-ADR-H001 road anchor result=accepted supplied=(0, -0.37098423, 40) floor=(0, -0.40597734, 40) acceptedFeet=(0, -0.4060164, 40) lift=0.035; normal=(-0.0013540798, 0.9999418, 0.0107045155) depth=0.0015086124 owner=landing: /root/Act1FirstPersonWalkthroughSmokeTest/Act1Demo/Main/ZoneHost/Act1ConnectedWorld/Act1CoreWorldGreybox/AgentBExteriorWorld/AgentB_TerrainCollision shape 0 playerCanStandAtLanded=True; 
SaveGameV3 written to /Users/unterlantas/Library/Application Support/Godot/app_userdata/URMAN/savegames/checkpoint.savegame-v3.json
SaveGameV3 written to /Users/unterlantas/Library/Application Support/Godot/app_userdata/URMAN/savegames/checkpoint.savegame-v3.json
SaveGameV3 written to /Users/unterlantas/Library/Application Support/Godot/app_userdata/URMAN/savegames/checkpoint.savegame-v3.json
alsu-walk-proof: requested, physical input, one actor/body/ray, checkpoint=3; return=False; no account until manual question; human-duration=not-run
SaveGameV3 written to /Users/unterlantas/Library/Application Support/Godot/app_userdata/URMAN/savegames/checkpoint.savegame-v3.json
checkpoint: auto-saved at urman.chapter1:scene/crossroad_signs_inspect
walk-alsu-turn-bypass: actor=(0.05, -0.21888247, -8.8) player=(0.053304248, -0.24264401, -7.140752) west-corners=(-1.2,-8),(-1.2,-10) ordinary-standing-input=true
walk-frame: fap-alsu-bypass--1.2--8 actual-player-position=(-0.9748292, -0.23684986, -7.8455687)
walk-frame: fap-alsu-bypass--1.2--10 actual-player-position=(-1.1692218, -0.22421707, -9.704913)
walk-frame: fap-branch-0--10 actual-player-position=(-0.29011032, -0.23044756, -9.926783)
walk-frame: fap-branch-4.5--12.5 actual-player-position=(4.2529216, -0.32646444, -12.367341)
walk-frame: fap-branch-10--17 actual-player-position=(9.809627, -0.4487882, -16.846676)
walk-frame: fap-branch-17--21.5 actual-player-position=(16.756174, -0.5673502, -21.342203)
walk-frame: fap-branch-23--25 actual-player-position=(22.767855, -0.48871624, -24.864208)
walk-frame: approach-urman.chapter1:interaction/route-to-fap actual-player-position=(26.60125, -0.12544882, -26.465322)
[157] scene.entered: urman.chapter1:interaction/route-to-fap
zone-loaded: fap_clinic@waiting_room connected-world=109404230304
address-audit-lifecycle: epoch=5 presentation=6 stage=waiting-for-exterior access=ACC-ADR-H001 zone=fap_clinic exterior=False ready=False frame=3820 
walk-frame: naila-reception-aisle-0.00-1.25 actual-player-position=(26.7, 0.06094969, -32.61674)
walk-frame: naila-reception-aisle-1.00-1.25 actual-player-position=(27.412376, 0.06094969, -32.804287)
walk-frame: approach-urman.chapter1:interaction/fap-to-document-desk actual-player-position=(26.769945, 0.06094969, -35.036934)
[172] scene.entered: urman.chapter1:interaction/fap-to-document-desk
walk-frame: approach-urman.chapter1:interaction/fap-document-desk-to-official-record actual-player-position=(26.87532, 0.06094969, -36.279083)
[176] scene.entered: urman.chapter1:interaction/fap-document-desk-to-official-record
SaveGameV3 written to /Users/unterlantas/Library/Application Support/Godot/app_userdata/URMAN/savegames/checkpoint.savegame-v3.json
checkpoint: auto-saved at urman.chapter1:scene/evidence-official-death
walk-frame: approach-urman.chapter1:interaction/official-leave-clinic actual-player-position=(26.707384, 0.06094969, -30.331516)
zone-loaded: village_day@from_fap connected-world=109404230304
address-audit-lifecycle: epoch=6 presentation=7 stage=restoring-exterior access=ACC-ADR-H001 zone=village_day exterior=True ready=True frame=4151 
address-audit-lifecycle: epoch=6 presentation=7 stage=search-start access=ACC-ADR-H001 zone=village_day exterior=True ready=True frame=4154 
address-support-probe: ACC-ADR-H001 approach start result=accepted supplied=(-11.175, -0.057786692, 52.858) floor=(-11.175, -0.09279674, 52.858) acceptedFeet=(-11.175, -0.09238659, 52.858) lift=0.035; normal=(0.030481592, 0.9992853, -0.02235863) depth=0.0012892791 owner=landing: /root/Act1FirstPersonWalkthroughSmokeTest/Act1Demo/Main/ZoneHost/Act1ConnectedWorld/Act1CoreWorldGreybox/AgentBExteriorWorld/AgentB_TerrainCollision shape 0 playerCanStandAtLanded=True; 
address-support-probe: ACC-ADR-H001 road anchor result=accepted supplied=(0, -0.37098423, 40) floor=(0, -0.40597734, 40) acceptedFeet=(0, -0.4060164, 40) lift=0.035; normal=(-0.0013540798, 0.9999418, 0.0107045155) depth=0.0015086124 owner=landing: /root/Act1FirstPersonWalkthroughSmokeTest/Act1Demo/Main/ZoneHost/Act1ConnectedWorld/Act1CoreWorldGreybox/AgentBExteriorWorld/AgentB_TerrainCollision shape 0 playerCanStandAtLanded=True; 
walk-frame: fap-return-23--25 actual-player-position=(23.294737, -0.49327457, -25)
walk-frame: fap-return-17--21.5 actual-player-position=(17.25207, -0.5711526, -21.640194)
walk-frame: fap-return-10--17 actual-player-position=(10.238834, -0.44540134, -17.152824)
walk-frame: fap-return-4.5--12.5 actual-player-position=(4.702605, -0.29245016, -12.664885)
walk-frame: fap-return-0--10 actual-player-position=(0.21864004, -0.23601806, -10.123955)
SaveGameV3 written to /Users/unterlantas/Library/Application Support/Godot/app_userdata/URMAN/savegames/walk-fap-return.savegame-v3.json
zone-loaded: village_day@from_fap connected-world=109404230304
address-audit-lifecycle: epoch=7 presentation=8 stage=waiting-for-exterior access=ACC-ADR-H001 zone=village_day exterior=True ready=False frame=4758 
SaveGameV3 restored.
address-audit-lifecycle: epoch=8 presentation=8 stage=restoring-exterior access=ACC-ADR-H001 zone=village_day exterior=True ready=True frame=4760 
address-audit-lifecycle: epoch=8 presentation=8 stage=search-start access=ACC-ADR-H001 zone=village_day exterior=True ready=True frame=4763 
address-support-probe: ACC-ADR-H001 approach start result=accepted supplied=(-11.175, -0.057786692, 52.858) floor=(-11.175, -0.09279674, 52.858) acceptedFeet=(-11.175, -0.09238659, 52.858) lift=0.035; normal=(0.030481592, 0.9992853, -0.02235863) depth=0.0012892791 owner=landing: /root/Act1FirstPersonWalkthroughSmokeTest/Act1Demo/Main/ZoneHost/Act1ConnectedWorld/Act1CoreWorldGreybox/AgentBExteriorWorld/AgentB_TerrainCollision shape 0 playerCanStandAtLanded=True; 
address-support-probe: ACC-ADR-H001 road anchor result=accepted supplied=(0, -0.37098423, 40) floor=(0, -0.40597734, 40) acceptedFeet=(0, -0.4060164, 40) lift=0.035; normal=(-0.0013540798, 0.9999418, 0.0107045155) depth=0.0015086124 owner=landing: /root/Act1FirstPersonWalkthroughSmokeTest/Act1Demo/Main/ZoneHost/Act1ConnectedWorld/Act1CoreWorldGreybox/AgentBExteriorWorld/AgentB_TerrainCollision shape 0 playerCanStandAtLanded=True; 
walk-frame: house-return--1.2--10 actual-player-position=(-0.9102964, -0.23188496, -10.025349)
walk-frame: house-return--1.2--8 actual-player-position=(-1.159001, -0.22546163, -8.286657)
walk-frame: house-return--6--5.5 actual-player-position=(-5.7758512, -0.29700455, -5.6290283)
walk-frame: house-return--12--2.5 actual-player-position=(-11.748153, -0.2819289, -2.6272445)
walk-frame: house-return--19-0 actual-player-position=(-18.754526, 0.12779237, -0.088449344)
walk-frame: house-return--24-1.2 actual-player-position=(-23.745674, 0.36811814, 1.1375959)
walk-frame: house-return-yard--24.42-2.4 actual-player-position=(-24.279696, 0.38448098, 2.1364696)
walk-frame: house-return-yard--25.2-2.6 actual-player-position=(-24.937614, 0.3809361, 2.467844)
walk-frame: house-return-yard--26.05-2.2 actual-player-position=(-25.764338, 0.34645367, 2.2687826)
walk-frame: house-return-yard--26.05-0.2 actual-player-position=(-26.012459, 0.2888754, 0.47186676)
walk-frame: house-return-yard--26.158367--1.2426405 actual-player-position=(-26.137623, 0.30562696, -0.9957944)
walk-frame: approach-urman.chapter1:interaction/official-to-internal-register actual-player-position=(-26.052532, 0.3202086, -1.6129482)
[194] scene.entered: urman.chapter1:interaction/official-to-internal-register
SaveGameV3 written to /Users/unterlantas/Library/Application Support/Godot/app_userdata/URMAN/savegames/checkpoint.savegame-v3.json
checkpoint: auto-saved at urman.chapter1:scene/evidence-internal-register
zone-loaded: house_old_pc@entry connected-world=109404230304
address-audit-lifecycle: epoch=9 presentation=9 stage=waiting-for-exterior access=ACC-ADR-H001 zone=house_old_pc exterior=False ready=False frame=5433 
walk-frame: computer-aisle--0.15-1.10 actual-player-position=(-28.748287, 0.5943085, -5.152472)
walk-frame: computer-aisle-0.00--1.15 actual-player-position=(-30.4713, 0.5943085, -6.3469896)
state-final-render-sync-begin: label=source-excerpt-ui/begin/press tick=128646 drawn=6068 process=6068 physics=5555 windowVisible=True focus=True mode=Windowed renderLoop=True
state-final-render-sync-end: label=source-excerpt-ui/begin/press milliseconds=8 forcedScreenshotRender=False
state-final-render-sync-begin: label=source-excerpt-ui/begin/release tick=128655 drawn=6068 process=6068 physics=5555 windowVisible=True focus=True mode=Windowed renderLoop=True
state-final-render-sync-end: label=source-excerpt-ui/begin/release milliseconds=10 forcedScreenshotRender=False
state-final-render-sync-begin: label=source-excerpt-ui/select-character-0/press tick=128666 drawn=6069 process=6069 physics=5556 windowVisible=True focus=True mode=Windowed renderLoop=True
state-final-render-sync-end: label=source-excerpt-ui/select-character-0/press milliseconds=7 forcedScreenshotRender=False
state-final-render-sync-begin: label=source-excerpt-ui/select-character-0/release tick=128673 drawn=6070 process=6070 physics=5557 windowVisible=True focus=True mode=Windowed renderLoop=True
state-final-render-sync-end: label=source-excerpt-ui/select-character-0/release milliseconds=5 forcedScreenshotRender=False
state-final-render-sync-begin: label=source-excerpt-ui/select-character-1/press tick=128678 drawn=6071 process=6071 physics=5557 windowVisible=True focus=True mode=Windowed renderLoop=True
state-final-render-sync-end: label=source-excerpt-ui/select-character-1/press milliseconds=6 forcedScreenshotRender=False
state-final-render-sync-begin: label=source-excerpt-ui/select-character-1/release tick=128684 drawn=6072 process=6072 physics=5558 windowVisible=True focus=True mode=Windowed renderLoop=True
state-final-render-sync-end: label=source-excerpt-ui/select-character-1/release milliseconds=6 forcedScreenshotRender=False
state-final-render-sync-begin: label=source-excerpt-ui/select-character-2/press tick=128691 drawn=6073 process=6073 physics=5558 windowVisible=True focus=True mode=Windowed renderLoop=True
state-final-render-sync-end: label=source-excerpt-ui/select-character-2/press milliseconds=8 forcedScreenshotRender=False
state-final-render-sync-begin: label=source-excerpt-ui/select-character-2/release tick=128699 drawn=6074 process=6074 physics=5559 windowVisible=True focus=True mode=Windowed renderLoop=True
state-final-render-sync-end: label=source-excerpt-ui/select-character-2/release milliseconds=8 forcedScreenshotRender=False
state-final-render-sync-begin: label=source-excerpt-ui/select-character-3/press tick=128707 drawn=6075 process=6075 physics=5559 windowVisible=True focus=True mode=Windowed renderLoop=True
state-final-render-sync-end: label=source-excerpt-ui/select-character-3/press milliseconds=8 forcedScreenshotRender=False
state-final-render-sync-begin: label=source-excerpt-ui/select-character-3/release tick=128715 drawn=6076 process=6076 physics=5560 windowVisible=True focus=True mode=Windowed renderLoop=True
state-final-render-sync-end: label=source-excerpt-ui/select-character-3/release milliseconds=9 forcedScreenshotRender=False
state-final-render-sync-begin: label=source-excerpt-ui/select-character-4/press tick=128724 drawn=6077 process=6077 physics=5560 windowVisible=True focus=True mode=Windowed renderLoop=True
state-final-render-sync-end: label=source-excerpt-ui/select-character-4/press milliseconds=8 forcedScreenshotRender=False
state-final-render-sync-begin: label=source-excerpt-ui/select-character-4/release tick=128732 drawn=6078 process=6078 physics=5561 windowVisible=True focus=True mode=Windowed renderLoop=True
state-final-render-sync-end: label=source-excerpt-ui/select-character-4/release milliseconds=8 forcedScreenshotRender=False
state-final-render-sync-begin: label=source-excerpt-ui/select-character-5/press tick=128740 drawn=6079 process=6079 physics=5561 windowVisible=True focus=True mode=Windowed renderLoop=True
state-final-render-sync-end: label=source-excerpt-ui/select-character-5/press milliseconds=9 forcedScreenshotRender=False
state-final-render-sync-begin: label=source-excerpt-ui/select-character-5/release tick=128749 drawn=6080 process=6080 physics=5562 windowVisible=True focus=True mode=Windowed renderLoop=True
state-final-render-sync-end: label=source-excerpt-ui/select-character-5/release milliseconds=8 forcedScreenshotRender=False
state-final-render-sync-begin: label=source-excerpt-ui/select-character-6/press tick=128757 drawn=6081 process=6081 physics=5562 windowVisible=True focus=True mode=Windowed renderLoop=True
state-final-render-sync-end: label=source-excerpt-ui/select-character-6/press milliseconds=12 forcedScreenshotRender=False
state-final-render-sync-begin: label=source-excerpt-ui/select-character-6/release tick=128769 drawn=6082 process=6082 physics=5563 windowVisible=True focus=True mode=Windowed renderLoop=True
state-final-render-sync-end: label=source-excerpt-ui/select-character-6/release milliseconds=7 forcedScreenshotRender=False
state-final-render-sync-begin: label=source-excerpt-ui/select-character-7/press tick=128776 drawn=6083 process=6083 physics=5563 windowVisible=True focus=True mode=Windowed renderLoop=True
state-final-render-sync-end: label=source-excerpt-ui/select-character-7/press milliseconds=6 forcedScreenshotRender=False
state-final-render-sync-begin: label=source-excerpt-ui/select-character-7/release tick=128782 drawn=6084 process=6084 physics=5564 windowVisible=True focus=True mode=Windowed renderLoop=True
state-final-render-sync-end: label=source-excerpt-ui/select-character-7/release milliseconds=8 forcedScreenshotRender=False
state-final-render-sync-begin: label=source-excerpt-ui/return-to-reading/press tick=128790 drawn=6085 process=6085 physics=5564 windowVisible=True focus=True mode=Windowed renderLoop=True
state-final-render-sync-end: label=source-excerpt-ui/return-to-reading/press milliseconds=8 forcedScreenshotRender=False
state-final-render-sync-begin: label=source-excerpt-ui/return-to-reading/release tick=128799 drawn=6086 process=6086 physics=5565 windowVisible=True focus=True mode=Windowed renderLoop=True
state-final-render-sync-end: label=source-excerpt-ui/return-to-reading/release milliseconds=8 forcedScreenshotRender=False
state-final-render-sync-begin: label=source-excerpt-ui/begin-again/press tick=128807 drawn=6087 process=6087 physics=5565 windowVisible=True focus=True mode=Windowed renderLoop=True
state-final-render-sync-end: label=source-excerpt-ui/begin-again/press milliseconds=8 forcedScreenshotRender=False
state-final-render-sync-begin: label=source-excerpt-ui/begin-again/release tick=128815 drawn=6088 process=6088 physics=5566 windowVisible=True focus=True mode=Windowed renderLoop=True
state-final-render-sync-end: label=source-excerpt-ui/begin-again/release milliseconds=9 forcedScreenshotRender=False
state-final-render-sync-begin: label=source-excerpt-ui/select-character-0/press tick=128824 drawn=6089 process=6089 physics=5566 windowVisible=True focus=True mode=Windowed renderLoop=True
state-final-render-sync-end: label=source-excerpt-ui/select-character-0/press milliseconds=8 forcedScreenshotRender=False
state-final-render-sync-begin: label=source-excerpt-ui/select-character-0/release tick=128832 drawn=6090 process=6090 physics=5567 windowVisible=True focus=True mode=Windowed renderLoop=True
state-final-render-sync-end: label=source-excerpt-ui/select-character-0/release milliseconds=8 forcedScreenshotRender=False
state-final-render-sync-begin: label=source-excerpt-ui/select-character-1/press tick=128840 drawn=6091 process=6091 physics=5567 windowVisible=True focus=True mode=Windowed renderLoop=True
state-final-render-sync-end: label=source-excerpt-ui/select-character-1/press milliseconds=9 forcedScreenshotRender=False
state-final-render-sync-begin: label=source-excerpt-ui/select-character-1/release tick=128849 drawn=6092 process=6092 physics=5568 windowVisible=True focus=True mode=Windowed renderLoop=True
state-final-render-sync-end: label=source-excerpt-ui/select-character-1/release milliseconds=8 forcedScreenshotRender=False
state-final-render-sync-begin: label=source-excerpt-ui/select-character-2/press tick=128857 drawn=6093 process=6093 physics=5568 windowVisible=True focus=True mode=Windowed renderLoop=True
state-final-render-sync-end: label=source-excerpt-ui/select-character-2/press milliseconds=8 forcedScreenshotRender=False
state-final-render-sync-begin: label=source-excerpt-ui/select-character-2/release tick=128865 drawn=6094 process=6094 physics=5569 windowVisible=True focus=True mode=Windowed renderLoop=True
state-final-render-sync-end: label=source-excerpt-ui/select-character-2/release milliseconds=9 forcedScreenshotRender=False
state-final-render-sync-begin: label=source-excerpt-ui/select-character-3/press tick=128874 drawn=6095 process=6095 physics=5569 windowVisible=True focus=True mode=Windowed renderLoop=True
state-final-render-sync-end: label=source-excerpt-ui/select-character-3/press milliseconds=8 forcedScreenshotRender=False
state-final-render-sync-begin: label=source-excerpt-ui/select-character-3/release tick=128882 drawn=6096 process=6096 physics=5570 windowVisible=True focus=True mode=Windowed renderLoop=True
state-final-render-sync-end: label=source-excerpt-ui/select-character-3/release milliseconds=8 forcedScreenshotRender=False
state-final-render-sync-begin: label=source-excerpt-ui/select-character-4/press tick=128890 drawn=6097 process=6097 physics=5570 windowVisible=True focus=True mode=Windowed renderLoop=True
state-final-render-sync-end: label=source-excerpt-ui/select-character-4/press milliseconds=8 forcedScreenshotRender=False
state-final-render-sync-begin: label=source-excerpt-ui/select-character-4/release tick=128899 drawn=6098 process=6098 physics=5571 windowVisible=True focus=True mode=Windowed renderLoop=True
state-final-render-sync-end: label=source-excerpt-ui/select-character-4/release milliseconds=8 forcedScreenshotRender=False
state-final-render-sync-begin: label=source-excerpt-ui/select-character-5/press tick=128907 drawn=6099 process=6099 physics=5571 windowVisible=True focus=True mode=Windowed renderLoop=True
state-final-render-sync-end: label=source-excerpt-ui/select-character-5/press milliseconds=8 forcedScreenshotRender=False
state-final-render-sync-begin: label=source-excerpt-ui/select-character-5/release tick=128915 drawn=6100 process=6100 physics=5572 windowVisible=True focus=True mode=Windowed renderLoop=True
state-final-render-sync-end: label=source-excerpt-ui/select-character-5/release milliseconds=9 forcedScreenshotRender=False
state-final-render-sync-begin: label=source-excerpt-ui/select-character-6/press tick=128924 drawn=6101 process=6101 physics=5572 windowVisible=True focus=True mode=Windowed renderLoop=True
state-final-render-sync-end: label=source-excerpt-ui/select-character-6/press milliseconds=8 forcedScreenshotRender=False
state-final-render-sync-begin: label=source-excerpt-ui/select-character-6/release tick=128932 drawn=6102 process=6102 physics=5573 windowVisible=True focus=True mode=Windowed renderLoop=True
state-final-render-sync-end: label=source-excerpt-ui/select-character-6/release milliseconds=8 forcedScreenshotRender=False
state-final-render-sync-begin: label=source-excerpt-ui/select-character-7/press tick=128940 drawn=6103 process=6103 physics=5573 windowVisible=True focus=True mode=Windowed renderLoop=True
state-final-render-sync-end: label=source-excerpt-ui/select-character-7/press milliseconds=8 forcedScreenshotRender=False
state-final-render-sync-begin: label=source-excerpt-ui/select-character-7/release tick=128948 drawn=6104 process=6104 physics=5574 windowVisible=True focus=True mode=Windowed renderLoop=True
state-final-render-sync-end: label=source-excerpt-ui/select-character-7/release milliseconds=9 forcedScreenshotRender=False
state-final-render-sync-begin: label=source-excerpt-ui/tab-to-record/press tick=128957 drawn=6105 process=6105 physics=5574 windowVisible=True focus=True mode=Windowed renderLoop=True
state-final-render-sync-end: label=source-excerpt-ui/tab-to-record/press milliseconds=8 forcedScreenshotRender=False
state-final-render-sync-begin: label=source-excerpt-ui/tab-to-record/release tick=128965 drawn=6106 process=6106 physics=5575 windowVisible=True focus=True mode=Windowed renderLoop=True
state-final-render-sync-end: label=source-excerpt-ui/tab-to-record/release milliseconds=8 forcedScreenshotRender=False
state-final-render-sync-begin: label=source-excerpt-ui/resize-(1280, 720) tick=128974 drawn=6107 process=6107 physics=5575 windowVisible=True focus=True mode=Windowed renderLoop=True
state-final-render-sync-end: label=source-excerpt-ui/resize-(1280, 720) milliseconds=8 forcedScreenshotRender=False
state-final-render-sync-begin: label=source-excerpt-ui/layout-(1280, 720) tick=128982 drawn=6108 process=6108 physics=5576 windowVisible=True focus=True mode=Windowed renderLoop=True
state-final-render-sync-end: label=source-excerpt-ui/layout-(1280, 720) milliseconds=8 forcedScreenshotRender=False
state-final-render-sync-begin: label=source-excerpt-ui/capture-(1280, 720) tick=128991 drawn=6109 process=6109 physics=5576 windowVisible=True focus=True mode=Windowed renderLoop=True
state-final-render-sync-end: label=source-excerpt-ui/capture-(1280, 720) milliseconds=7 forcedScreenshotRender=False
source-excerpt-ui: capture /Users/unterlantas/Documents/GitHub/URMAN/docs/production/act1_takeover_evidence_2026-09-16/images-walk-sources-12/source_excerpt_Act1FirstPersonWalkthroughSmokeTest_1280x720.png
source-excerpt-ui: bounds (1280, 720) actual=(1280, 720) logical=(1920, 1080) textPixels=(516, 325.33334) selectedCharacters=8 capture=PNG
state-final-render-sync-begin: label=source-excerpt-ui/resize-(1920, 1080) tick=129067 drawn=6110 process=6110 physics=5577 windowVisible=True focus=True mode=Windowed renderLoop=True
state-final-render-sync-end: label=source-excerpt-ui/resize-(1920, 1080) milliseconds=62 forcedScreenshotRender=False
state-final-render-sync-begin: label=source-excerpt-ui/layout-(1920, 1080) tick=129129 drawn=6111 process=6111 physics=5581 windowVisible=True focus=True mode=Windowed renderLoop=True
state-final-render-sync-end: label=source-excerpt-ui/layout-(1920, 1080) milliseconds=6 forcedScreenshotRender=False
state-final-render-sync-begin: label=source-excerpt-ui/capture-(1920, 1080) tick=129135 drawn=6112 process=6112 physics=5585 windowVisible=True focus=True mode=Windowed renderLoop=True
state-final-render-sync-end: label=source-excerpt-ui/capture-(1920, 1080) milliseconds=6 forcedScreenshotRender=False
source-excerpt-ui: capture /Users/unterlantas/Documents/GitHub/URMAN/docs/production/act1_takeover_evidence_2026-09-16/images-walk-sources-12/source_excerpt_Act1FirstPersonWalkthroughSmokeTest_1920x1080.png
source-excerpt-ui: bounds (1920, 1080) actual=(1920, 1080) logical=(1920, 1080) textPixels=(774, 549) selectedCharacters=8 capture=PNG
state-final-render-sync-begin: label=source-excerpt-ui/restore-window tick=129266 drawn=6113 process=6113 physics=5586 windowVisible=True focus=True mode=Windowed renderLoop=True
state-final-render-sync-end: label=source-excerpt-ui/restore-window milliseconds=57 forcedScreenshotRender=False
source-excerpt-ui: PASS real Shift+arrows, Esc-to-reader, re-entry, Tab-to-button, 720/1080 bounds; no excerpt recorded
source-formatting-proof: paired strong -> unchanged canonical paragraph -> real selection/save follows; literal stars and links retained
source-excerpt-selection-state: {"action":"excerpt-notice-cause","phase":"wrong-before-resize","processFrame":6117,"physicsFrame":5598,"selecting":true,"editorVisible":true,"recordDisabled":false,"selected":"\u0421\u043F\u0440\u0430\u0432\u043A\u0430","expected":"\u0421\u043F\u0440\u0430\u0432\u043A\u0430","exact":true,"editorContainsExpected":true,"selectionFrom":[1,0],"selectionTo":[1,7],"caret":[1,7],"editorFocused":true,"focusOwner":"/root/Act1FirstPersonWalkthroughSmokeTest/Act1Demo/Main/JournalUi/Screen/Book/Layout/WorkArea/Reader/Body/SourceExcerptText","editorRect":"(754, 286), (774, 488)","bodyRect":"(754, 286), (774, 488)","editorScroll":0,"bodyScroll":0,"logicalViewport":"(0, 0), (1920, 1080)","windowSize":"(1280, 720)"}
state-final-render-sync-begin: label=source-excerpt-feedback/excerpt-notice-cause/attempt1/wrong/resize tick=129349 drawn=6117 process=6117 physics=5598 windowVisible=True focus=True mode=Windowed renderLoop=True
state-final-render-sync-end: label=source-excerpt-feedback/excerpt-notice-cause/attempt1/wrong/resize milliseconds=5 forcedScreenshotRender=False
state-final-render-sync-begin: label=source-excerpt-feedback/excerpt-notice-cause/attempt1/wrong/layout tick=129360 drawn=6119 process=6119 physics=5599 windowVisible=True focus=True mode=Windowed renderLoop=True
state-final-render-sync-end: label=source-excerpt-feedback/excerpt-notice-cause/attempt1/wrong/layout milliseconds=5 forcedScreenshotRender=False
source-excerpt-proof: feedback capture /Users/unterlantas/Documents/GitHub/URMAN/docs/production/act1_takeover_evidence_2026-09-16/images-walk-sources-12/source_excerpt_Act1FirstPersonWalkthroughSmokeTest_excerpt-notice-cause_attempt01_wrong_1280x720.png
source-excerpt-raster-typography: {"action":"excerpt-notice-cause","phase":"wrong","size":"(1280, 720)","textScale":1,"rasterSize":"(1280, 720)","logicalViewport":"(0, 0), (1920, 1080)","rasterRatio":"(0.6666667, 0.6666667)","readerBounds":"(502.6667, 158), (516, 507.33337)","labels":[{"name":"Hint","logicalFont":21,"screenFontPixels":14,"bounds":"(502.6667, 477.33334), (516, 86.00003)","logicalHeight":129,"minimumHeight":129},{"name":"Feedback","logicalFont":21,"screenFontPixels":14,"bounds":"(502.6667, 596.6667), (516, 42)","logicalHeight":63,"minimumHeight":63},{"name":"Source","logicalFont":21,"screenFontPixels":14,"bounds":"(502.6667, 645.3334), (516, 20)","logicalHeight":30,"minimumHeight":30}],"oracle":"actual raster / logical viewport extent times GlobalWithCanvas; no runtime screen-transform API"}
state-final-render-sync-begin: label=source-excerpt-feedback/excerpt-notice-cause/attempt1/wrong/resize tick=129433 drawn=6119 process=6119 physics=5599 windowVisible=True focus=True mode=Windowed renderLoop=True
state-final-render-sync-end: label=source-excerpt-feedback/excerpt-notice-cause/attempt1/wrong/resize milliseconds=29 forcedScreenshotRender=False
state-final-render-sync-begin: label=source-excerpt-feedback/excerpt-notice-cause/attempt1/wrong/layout tick=129469 drawn=6122 process=6122 physics=5606 windowVisible=True focus=True mode=Windowed renderLoop=True
state-final-render-sync-end: label=source-excerpt-feedback/excerpt-notice-cause/attempt1/wrong/layout milliseconds=5 forcedScreenshotRender=False
source-excerpt-proof: feedback capture /Users/unterlantas/Documents/GitHub/URMAN/docs/production/act1_takeover_evidence_2026-09-16/images-walk-sources-12/source_excerpt_Act1FirstPersonWalkthroughSmokeTest_excerpt-notice-cause_attempt01_wrong_1920x1080.png
source-excerpt-raster-typography: {"action":"excerpt-notice-cause","phase":"wrong","size":"(1920, 1080)","textScale":1,"rasterSize":"(1920, 1080)","logicalViewport":"(0, 0), (1920, 1080)","rasterRatio":"(1, 1)","readerBounds":"(754, 237), (774, 761)","labels":[{"name":"Hint","logicalFont":16,"screenFontPixels":16,"bounds":"(754, 791), (774, 75)","logicalHeight":75,"minimumHeight":75},{"name":"Feedback","logicalFont":16,"screenFontPixels":16,"bounds":"(754, 916), (774, 49)","logicalHeight":49,"minimumHeight":49},{"name":"Source","logicalFont":16,"screenFontPixels":16,"bounds":"(754, 975), (774, 23)","logicalHeight":23,"minimumHeight":23}],"oracle":"actual raster / logical viewport extent times GlobalWithCanvas; no runtime screen-transform API"}
state-final-render-sync-begin: label=source-excerpt-feedback/excerpt-notice-cause/attempt1/wrong/restore tick=129659 drawn=6124 process=6124 physics=5617 windowVisible=True focus=True mode=Windowed renderLoop=True
state-final-render-sync-end: label=source-excerpt-feedback/excerpt-notice-cause/attempt1/wrong/restore milliseconds=4 forcedScreenshotRender=False
source-excerpt-selection-state: {"action":"excerpt-notice-cause","phase":"wrong-after-window-restore","processFrame":6124,"physicsFrame":5617,"selecting":true,"editorVisible":true,"recordDisabled":false,"selected":"\u0421\u043F\u0440\u0430\u0432\u043A\u0430","expected":"\u0421\u043F\u0440\u0430\u0432\u043A\u0430","exact":true,"editorContainsExpected":true,"selectionFrom":[1,0],"selectionTo":[1,7],"caret":[1,7],"editorFocused":true,"focusOwner":"/root/Act1FirstPersonWalkthroughSmokeTest/Act1Demo/Main/JournalUi/Screen/Book/Layout/WorkArea/Reader/Body/SourceExcerptText","editorRect":"(754, 286), (774, 420)","bodyRect":"(754, 286), (774, 420)","editorScroll":0,"bodyScroll":0,"logicalViewport":"(0, 0), (1920, 1080)","windowSize":"(1280, 720)"}
source-excerpt-selection-state: {"action":"excerpt-notice-cause","phase":"after-back","processFrame":6124,"physicsFrame":5617,"selecting":false,"editorVisible":false,"recordDisabled":true,"selected":"","expected":"\u041F\u0440\u0438\u0447\u0438\u043D\u0430 \u0437\u0430\u043A\u0440\u044B\u0442\u0438\u044F \u0434\u0435\u043B\u0430: \u0432\u043D\u0435\u0437\u0430\u043F\u043D\u0430\u044F \u0441\u0435\u0440\u0434\u0435\u0447\u043D\u0430\u044F \u043D\u0435\u0434\u043E\u0441\u0442\u0430\u0442\u043E\u0447\u043D\u043E\u0441\u0442\u044C \u043D\u0430 \u0444\u043E\u043D\u0435 \u043D\u0435\u0441\u0447\u0430\u0441\u0442\u043D\u043E\u0433\u043E \u0441\u043B\u0443\u0447\u0430\u044F.","exact":false,"editorContainsExpected":true,"selectionFrom":[1,7],"selectionTo":[1,7],"caret":[1,7],"editorFocused":false,"focusOwner":"/root/Act1FirstPersonWalkthroughSmokeTest/Act1Demo/Main/JournalUi/Screen/Book/Layout/WorkArea/Reader/Body","editorRect":"(754, 286), (774, 420)","bodyRect":"(754, 286), (774, 420)","editorScroll":0,"bodyScroll":0,"logicalViewport":"(0, 0), (1920, 1080)","windowSize":"(1280, 720)"}
source-excerpt-selection-state: {"action":"excerpt-notice-cause","phase":"after-begin","processFrame":6124,"physicsFrame":5617,"selecting":true,"editorVisible":true,"recordDisabled":true,"selected":"","expected":"\u041F\u0440\u0438\u0447\u0438\u043D\u0430 \u0437\u0430\u043A\u0440\u044B\u0442\u0438\u044F \u0434\u0435\u043B\u0430: \u0432\u043D\u0435\u0437\u0430\u043F\u043D\u0430\u044F \u0441\u0435\u0440\u0434\u0435\u0447\u043D\u0430\u044F \u043D\u0435\u0434\u043E\u0441\u0442\u0430\u0442\u043E\u0447\u043D\u043E\u0441\u0442\u044C \u043D\u0430 \u0444\u043E\u043D\u0435 \u043D\u0435\u0441\u0447\u0430\u0441\u0442\u043D\u043E\u0433\u043E \u0441\u043B\u0443\u0447\u0430\u044F.","exact":false,"editorContainsExpected":true,"selectionFrom":[0,0],"selectionTo":[0,0],"caret":[0,0],"editorFocused":true,"focusOwner":"/root/Act1FirstPersonWalkthroughSmokeTest/Act1Demo/Main/JournalUi/Screen/Book/Layout/WorkArea/Reader/Body/SourceExcerptText","editorRect":"(754, 286), (774, 420)","bodyRect":"(754, 286), (774, 420)","editorScroll":3.875,"bodyScroll":0,"logicalViewport":"(0, 0), (1920, 1080)","windowSize":"(1280, 720)"}
source-excerpt-selection-state: {"action":"excerpt-notice-cause","phase":"after-exact-select","processFrame":6124,"physicsFrame":5617,"selecting":true,"editorVisible":true,"recordDisabled":true,"selected":"\u041F\u0440\u0438\u0447\u0438\u043D\u0430 \u0437\u0430\u043A\u0440\u044B\u0442\u0438\u044F \u0434\u0435\u043B\u0430: \u0432\u043D\u0435\u0437\u0430\u043F\u043D\u0430\u044F \u0441\u0435\u0440\u0434\u0435\u0447\u043D\u0430\u044F \u043D\u0435\u0434\u043E\u0441\u0442\u0430\u0442\u043E\u0447\u043D\u043E\u0441\u0442\u044C \u043D\u0430 \u0444\u043E\u043D\u0435 \u043D\u0435\u0441\u0447\u0430\u0441\u0442\u043D\u043E\u0433\u043E \u0441\u043B\u0443\u0447\u0430\u044F.","expected":"\u041F\u0440\u0438\u0447\u0438\u043D\u0430 \u0437\u0430\u043A\u0440\u044B\u0442\u0438\u044F \u0434\u0435\u043B\u0430: \u0432\u043D\u0435\u0437\u0430\u043F\u043D\u0430\u044F \u0441\u0435\u0440\u0434\u0435\u0447\u043D\u0430\u044F \u043D\u0435\u0434\u043E\u0441\u0442\u0430\u0442\u043E\u0447\u043D\u043E\u0441\u0442\u044C \u043D\u0430 \u0444\u043E\u043D\u0435 \u043D\u0435\u0441\u0447\u0430\u0441\u0442\u043D\u043E\u0433\u043E \u0441\u043B\u0443\u0447\u0430\u044F.","exact":true,"editorContainsExpected":true,"selectionFrom":[5,0],"selectionTo":[5,86],"caret":[5,86],"editorFocused":true,"focusOwner":"/root/Act1FirstPersonWalkthroughSmokeTest/Act1Demo/Main/JournalUi/Screen/Book/Layout/WorkArea/Reader/Body/SourceExcerptText","editorRect":"(754, 286), (774, 420)","bodyRect":"(754, 286), (774, 420)","editorScroll":3.875,"bodyScroll":0,"logicalViewport":"(0, 0), (1920, 1080)","windowSize":"(1280, 720)"}
source-excerpt-selection-state: {"action":"excerpt-notice-cause","phase":"caret-changed-delivered","processFrame":6125,"physicsFrame":5618,"selecting":true,"editorVisible":true,"recordDisabled":false,"selected":"\u041F\u0440\u0438\u0447\u0438\u043D\u0430 \u0437\u0430\u043A\u0440\u044B\u0442\u0438\u044F \u0434\u0435\u043B\u0430: \u0432\u043D\u0435\u0437\u0430\u043F\u043D\u0430\u044F \u0441\u0435\u0440\u0434\u0435\u0447\u043D\u0430\u044F \u043D\u0435\u0434\u043E\u0441\u0442\u0430\u0442\u043E\u0447\u043D\u043E\u0441\u0442\u044C \u043D\u0430 \u0444\u043E\u043D\u0435 \u043D\u0435\u0441\u0447\u0430\u0441\u0442\u043D\u043E\u0433\u043E \u0441\u043B\u0443\u0447\u0430\u044F.","expected":"\u041F\u0440\u0438\u0447\u0438\u043D\u0430 \u0437\u0430\u043A\u0440\u044B\u0442\u0438\u044F \u0434\u0435\u043B\u0430: \u0432\u043D\u0435\u0437\u0430\u043F\u043D\u0430\u044F \u0441\u0435\u0440\u0434\u0435\u0447\u043D\u0430\u044F \u043D\u0435\u0434\u043E\u0441\u0442\u0430\u0442\u043E\u0447\u043D\u043E\u0441\u0442\u044C \u043D\u0430 \u0444\u043E\u043D\u0435 \u043D\u0435\u0441\u0447\u0430\u0441\u0442\u043D\u043E\u0433\u043E \u0441\u043B\u0443\u0447\u0430\u044F.","exact":true,"editorContainsExpected":true,"selectionFrom":[5,0],"selectionTo":[5,86],"caret":[5,86],"editorFocused":true,"focusOwner":"/root/Act1FirstPersonWalkthroughSmokeTest/Act1Demo/Main/JournalUi/Screen/Book/Layout/WorkArea/Reader/Body/SourceExcerptText","editorRect":"(754, 286), (774, 420)","bodyRect":"(754, 286), (774, 420)","editorScroll":3.875,"bodyScroll":0,"logicalViewport":"(0, 0), (1920, 1080)","windowSize":"(1280, 720)"}
source-excerpt-selection-state: {"action":"excerpt-notice-cause","phase":"after-original-one-process-frame","processFrame":6125,"physicsFrame":5618,"selecting":true,"editorVisible":true,"recordDisabled":false,"selected":"\u041F\u0440\u0438\u0447\u0438\u043D\u0430 \u0437\u0430\u043A\u0440\u044B\u0442\u0438\u044F \u0434\u0435\u043B\u0430: \u0432\u043D\u0435\u0437\u0430\u043F\u043D\u0430\u044F \u0441\u0435\u0440\u0434\u0435\u0447\u043D\u0430\u044F \u043D\u0435\u0434\u043E\u0441\u0442\u0430\u0442\u043E\u0447\u043D\u043E\u0441\u0442\u044C \u043D\u0430 \u0444\u043E\u043D\u0435 \u043D\u0435\u0441\u0447\u0430\u0441\u0442\u043D\u043E\u0433\u043E \u0441\u043B\u0443\u0447\u0430\u044F.","expected":"\u041F\u0440\u0438\u0447\u0438\u043D\u0430 \u0437\u0430\u043A\u0440\u044B\u0442\u0438\u044F \u0434\u0435\u043B\u0430: \u0432\u043D\u0435\u0437\u0430\u043F\u043D\u0430\u044F \u0441\u0435\u0440\u0434\u0435\u0447\u043D\u0430\u044F \u043D\u0435\u0434\u043E\u0441\u0442\u0430\u0442\u043E\u0447\u043D\u043E\u0441\u0442\u044C \u043D\u0430 \u0444\u043E\u043D\u0435 \u043D\u0435\u0441\u0447\u0430\u0441\u0442\u043D\u043E\u0433\u043E \u0441\u043B\u0443\u0447\u0430\u044F.","exact":true,"editorContainsExpected":true,"selectionFrom":[5,0],"selectionTo":[5,86],"caret":[5,86],"editorFocused":true,"focusOwner":"/root/Act1FirstPersonWalkthroughSmokeTest/Act1Demo/Main/JournalUi/Screen/Book/Layout/WorkArea/Reader/Body/SourceExcerptText","editorRect":"(754, 286), (774, 488)","bodyRect":"(754, 286), (774, 488)","editorScroll":0,"bodyScroll":0,"logicalViewport":"(0, 0), (1920, 1080)","windowSize":"(1280, 720)"}
source-excerpt-selection-state: {"action":"excerpt-notice-cause","phase":"before-strict-record-check","processFrame":6126,"physicsFrame":5618,"selecting":true,"editorVisible":true,"recordDisabled":false,"selected":"\u041F\u0440\u0438\u0447\u0438\u043D\u0430 \u0437\u0430\u043A\u0440\u044B\u0442\u0438\u044F \u0434\u0435\u043B\u0430: \u0432\u043D\u0435\u0437\u0430\u043F\u043D\u0430\u044F \u0441\u0435\u0440\u0434\u0435\u0447\u043D\u0430\u044F \u043D\u0435\u0434\u043E\u0441\u0442\u0430\u0442\u043E\u0447\u043D\u043E\u0441\u0442\u044C \u043D\u0430 \u0444\u043E\u043D\u0435 \u043D\u0435\u0441\u0447\u0430\u0441\u0442\u043D\u043E\u0433\u043E \u0441\u043B\u0443\u0447\u0430\u044F.","expected":"\u041F\u0440\u0438\u0447\u0438\u043D\u0430 \u0437\u0430\u043A\u0440\u044B\u0442\u0438\u044F \u0434\u0435\u043B\u0430: \u0432\u043D\u0435\u0437\u0430\u043F\u043D\u0430\u044F \u0441\u0435\u0440\u0434\u0435\u0447\u043D\u0430\u044F \u043D\u0435\u0434\u043E\u0441\u0442\u0430\u0442\u043E\u0447\u043D\u043E\u0441\u0442\u044C \u043D\u0430 \u0444\u043E\u043D\u0435 \u043D\u0435\u0441\u0447\u0430\u0441\u0442\u043D\u043E\u0433\u043E \u0441\u043B\u0443\u0447\u0430\u044F.","exact":true,"editorContainsExpected":true,"selectionFrom":[5,0],"selectionTo":[5,86],"caret":[5,86],"editorFocused":true,"focusOwner":"/root/Act1FirstPersonWalkthroughSmokeTest/Act1Demo/Main/JournalUi/Screen/Book/Layout/WorkArea/Reader/Body/SourceExcerptText","editorRect":"(754, 286), (774, 488)","bodyRect":"(754, 286), (774, 488)","editorScroll":0,"bodyScroll":0,"logicalViewport":"(0, 0), (1920, 1080)","windowSize":"(1280, 720)"}
[210] journal.changed: urman.chapter1:interaction/excerpt-notice-cause
SaveGameV3 written to /Users/unterlantas/Library/Application Support/Godot/app_userdata/URMAN/savegames/checkpoint.savegame-v3.json
checkpoint: auto-saved at urman.chapter1:scene/evidence-internal-register
state-final-render-sync-begin: label=source-excerpt-feedback/excerpt-notice-cause/attempt1/saved/resize tick=129703 drawn=6127 process=6127 physics=5619 windowVisible=True focus=True mode=Windowed renderLoop=True
state-final-render-sync-end: label=source-excerpt-feedback/excerpt-notice-cause/attempt1/saved/resize milliseconds=4 forcedScreenshotRender=False
state-final-render-sync-begin: label=source-excerpt-feedback/excerpt-notice-cause/attempt1/saved/layout tick=129712 drawn=6129 process=6129 physics=5620 windowVisible=True focus=True mode=Windowed renderLoop=True
state-final-render-sync-end: label=source-excerpt-feedback/excerpt-notice-cause/attempt1/saved/layout milliseconds=5 forcedScreenshotRender=False
source-excerpt-proof: feedback capture /Users/unterlantas/Documents/GitHub/URMAN/docs/production/act1_takeover_evidence_2026-09-16/images-walk-sources-12/source_excerpt_Act1FirstPersonWalkthroughSmokeTest_excerpt-notice-cause_attempt01_saved_1280x720.png
source-excerpt-raster-typography: {"action":"excerpt-notice-cause","phase":"saved","size":"(1280, 720)","textScale":1,"rasterSize":"(1280, 720)","logicalViewport":"(0, 0), (1920, 1080)","rasterRatio":"(0.6666667, 0.6666667)","readerBounds":"(502.6667, 158), (516, 507.33337)","labels":[{"name":"Hint","logicalFont":21,"screenFontPixels":14,"bounds":"(502.6667, 593.3334), (516, 42)","logicalHeight":63,"minimumHeight":63},{"name":"Source","logicalFont":21,"screenFontPixels":14,"bounds":"(502.6667, 645.3334), (516, 20)","logicalHeight":30,"minimumHeight":30}],"oracle":"actual raster / logical viewport extent times GlobalWithCanvas; no runtime screen-transform API"}
state-final-render-sync-begin: label=source-excerpt-feedback/excerpt-notice-cause/attempt1/saved/resize tick=129781 drawn=6129 process=6129 physics=5620 windowVisible=True focus=True mode=Windowed renderLoop=True
state-final-render-sync-end: label=source-excerpt-feedback/excerpt-notice-cause/attempt1/saved/resize milliseconds=28 forcedScreenshotRender=False
state-final-render-sync-begin: label=source-excerpt-feedback/excerpt-notice-cause/attempt1/saved/layout tick=129818 drawn=6132 process=6132 physics=5627 windowVisible=True focus=True mode=Windowed renderLoop=True
state-final-render-sync-end: label=source-excerpt-feedback/excerpt-notice-cause/attempt1/saved/layout milliseconds=4 forcedScreenshotRender=False
source-excerpt-proof: feedback capture /Users/unterlantas/Documents/GitHub/URMAN/docs/production/act1_takeover_evidence_2026-09-16/images-walk-sources-12/source_excerpt_Act1FirstPersonWalkthroughSmokeTest_excerpt-notice-cause_attempt01_saved_1920x1080.png
source-excerpt-raster-typography: {"action":"excerpt-notice-cause","phase":"saved","size":"(1920, 1080)","textScale":1,"rasterSize":"(1920, 1080)","logicalViewport":"(0, 0), (1920, 1080)","rasterRatio":"(1, 1)","readerBounds":"(754, 237), (774, 761)","labels":[{"name":"Hint","logicalFont":16,"screenFontPixels":16,"bounds":"(754, 911), (774, 49)","logicalHeight":49,"minimumHeight":49},{"name":"Source","logicalFont":16,"screenFontPixels":16,"bounds":"(754, 975), (774, 23)","logicalHeight":23,"minimumHeight":23}],"oracle":"actual raster / logical viewport extent times GlobalWithCanvas; no runtime screen-transform API"}
state-final-render-sync-begin: label=source-excerpt-feedback/excerpt-notice-cause/attempt1/saved/restore tick=129998 drawn=6134 process=6134 physics=5637 windowVisible=True focus=True mode=Windowed renderLoop=True
state-final-render-sync-end: label=source-excerpt-feedback/excerpt-notice-cause/attempt1/saved/restore milliseconds=5 forcedScreenshotRender=False
state-final-render-sync-begin: label=source-excerpt-feedback/excerpt-notice-cause/attempt1/reopened/resize tick=130033 drawn=6139 process=6139 physics=5640 windowVisible=True focus=True mode=Windowed renderLoop=True
state-final-render-sync-end: label=source-excerpt-feedback/excerpt-notice-cause/attempt1/reopened/resize milliseconds=7 forcedScreenshotRender=False
state-final-render-sync-begin: label=source-excerpt-feedback/excerpt-notice-cause/attempt1/reopened/layout tick=130049 drawn=6141 process=6141 physics=5641 windowVisible=True focus=True mode=Windowed renderLoop=True
state-final-render-sync-end: label=source-excerpt-feedback/excerpt-notice-cause/attempt1/reopened/layout milliseconds=8 forcedScreenshotRender=False
source-excerpt-proof: feedback capture /Users/unterlantas/Documents/GitHub/URMAN/docs/production/act1_takeover_evidence_2026-09-16/images-walk-sources-12/source_excerpt_Act1FirstPersonWalkthroughSmokeTest_excerpt-notice-cause_attempt01_reopened_1280x720.png
source-excerpt-raster-typography: {"action":"excerpt-notice-cause","phase":"reopened","size":"(1280, 720)","textScale":1,"rasterSize":"(1280, 720)","logicalViewport":"(0, 0), (1920, 1080)","rasterRatio":"(0.6666667, 0.6666667)","readerBounds":"(502.6667, 158), (516, 507.33337)","labels":[{"name":"Hint","logicalFont":21,"screenFontPixels":14,"bounds":"(502.6667, 593.3334), (516, 42)","logicalHeight":63,"minimumHeight":63},{"name":"Source","logicalFont":21,"screenFontPixels":14,"bounds":"(502.6667, 645.3334), (516, 20)","logicalHeight":30,"minimumHeight":30}],"oracle":"actual raster / logical viewport extent times GlobalWithCanvas; no runtime screen-transform API"}
state-final-render-sync-begin: label=source-excerpt-feedback/excerpt-notice-cause/attempt1/reopened/resize tick=130124 drawn=6141 process=6141 physics=5641 windowVisible=True focus=True mode=Windowed renderLoop=True
state-final-render-sync-end: label=source-excerpt-feedback/excerpt-notice-cause/attempt1/reopened/resize milliseconds=26 forcedScreenshotRender=False
state-final-render-sync-begin: label=source-excerpt-feedback/excerpt-notice-cause/attempt1/reopened/layout tick=130159 drawn=6144 process=6144 physics=5647 windowVisible=True focus=True mode=Windowed renderLoop=True
state-final-render-sync-end: label=source-excerpt-feedback/excerpt-notice-cause/attempt1/reopened/layout milliseconds=5 forcedScreenshotRender=False
source-excerpt-proof: feedback capture /Users/unterlantas/Documents/GitHub/URMAN/docs/production/act1_takeover_evidence_2026-09-16/images-walk-sources-12/source_excerpt_Act1FirstPersonWalkthroughSmokeTest_excerpt-notice-cause_attempt01_reopened_1920x1080.png
source-excerpt-raster-typography: {"action":"excerpt-notice-cause","phase":"reopened","size":"(1920, 1080)","textScale":1,"rasterSize":"(1920, 1080)","logicalViewport":"(0, 0), (1920, 1080)","rasterRatio":"(1, 1)","readerBounds":"(754, 237), (774, 761)","labels":[{"name":"Hint","logicalFont":16,"screenFontPixels":16,"bounds":"(754, 911), (774, 49)","logicalHeight":49,"minimumHeight":49},{"name":"Source","logicalFont":16,"screenFontPixels":16,"bounds":"(754, 975), (774, 23)","logicalHeight":23,"minimumHeight":23}],"oracle":"actual raster / logical viewport extent times GlobalWithCanvas; no runtime screen-transform API"}
state-final-render-sync-begin: label=source-excerpt-feedback/excerpt-notice-cause/attempt1/reopened/restore tick=130351 drawn=6146 process=6146 physics=5659 windowVisible=True focus=True mode=Windowed renderLoop=True
state-final-render-sync-end: label=source-excerpt-feedback/excerpt-notice-cause/attempt1/reopened/restore milliseconds=5 forcedScreenshotRender=False
source-excerpt-proof: document=urman.oldpc:document/doc_marat_official_death_notice action=excerpt-notice-cause; heading refused; cancel refused; actual TextEdit selection -> Record -> one source; scene preserved; one persistent confirmation and remaining fields survive reopen
source-formatting-proof: paired strong -> unchanged canonical paragraph -> real selection/save follows; literal stars and links retained
source-excerpt-selection-state: {"action":"excerpt-register-wording","phase":"wrong-before-resize","processFrame":6154,"physicsFrame":5662,"selecting":true,"editorVisible":true,"recordDisabled":false,"selected":"\u0420\u0435\u0435\u0441\u0442\u0440 \u0437\u0430\u043A\u0440\u044B\u0442\u044B\u0445 \u0441\u043B\u0443\u0447\u0430\u0435\u0432","expected":"\u0420\u0435\u0435\u0441\u0442\u0440 \u0437\u0430\u043A\u0440\u044B\u0442\u044B\u0445 \u0441\u043B\u0443\u0447\u0430\u0435\u0432","exact":true,"editorContainsExpected":true,"selectionFrom":[1,0],"selectionTo":[1,23],"caret":[1,23],"editorFocused":true,"focusOwner":"/root/Act1FirstPersonWalkthroughSmokeTest/Act1Demo/Main/JournalUi/Screen/Book/Layout/WorkArea/Reader/Body/SourceExcerptText","editorRect":"(754, 286), (774, 488)","bodyRect":"(754, 286), (774, 488)","editorScroll":0,"bodyScroll":0,"logicalViewport":"(0, 0), (1920, 1080)","windowSize":"(1280, 720)"}
state-final-render-sync-begin: label=source-excerpt-feedback/excerpt-register-wording/attempt1/wrong/resize tick=130417 drawn=6154 process=6154 physics=5662 windowVisible=True focus=True mode=Windowed renderLoop=True
state-final-render-sync-end: label=source-excerpt-feedback/excerpt-register-wording/attempt1/wrong/resize milliseconds=6 forcedScreenshotRender=False
state-final-render-sync-begin: label=source-excerpt-feedback/excerpt-register-wording/attempt1/wrong/layout tick=130432 drawn=6156 process=6156 physics=5663 windowVisible=True focus=True mode=Windowed renderLoop=True
state-final-render-sync-end: label=source-excerpt-feedback/excerpt-register-wording/attempt1/wrong/layout milliseconds=8 forcedScreenshotRender=False
source-excerpt-proof: feedback capture /Users/unterlantas/Documents/GitHub/URMAN/docs/production/act1_takeover_evidence_2026-09-16/images-walk-sources-12/source_excerpt_Act1FirstPersonWalkthroughSmokeTest_excerpt-register-wording_attempt01_wrong_1280x720.png
source-excerpt-raster-typography: {"action":"excerpt-register-wording","phase":"wrong","size":"(1280, 720)","textScale":1,"rasterSize":"(1280, 720)","logicalViewport":"(0, 0), (1920, 1080)","rasterRatio":"(0.6666667, 0.6666667)","readerBounds":"(502.6667, 158), (516, 507.33337)","labels":[{"name":"Hint","logicalFont":21,"screenFontPixels":14,"bounds":"(502.6667, 477.33334), (516, 86.00003)","logicalHeight":129,"minimumHeight":129},{"name":"Feedback","logicalFont":21,"screenFontPixels":14,"bounds":"(502.6667, 596.6667), (516, 42)","logicalHeight":63,"minimumHeight":63},{"name":"Source","logicalFont":21,"screenFontPixels":14,"bounds":"(502.6667, 645.3334), (516, 20)","logicalHeight":30,"minimumHeight":30}],"oracle":"actual raster / logical viewport extent times GlobalWithCanvas; no runtime screen-transform API"}
state-final-render-sync-begin: label=source-excerpt-feedback/excerpt-register-wording/attempt1/wrong/resize tick=130505 drawn=6156 process=6156 physics=5663 windowVisible=True focus=True mode=Windowed renderLoop=True
state-final-render-sync-end: label=source-excerpt-feedback/excerpt-register-wording/attempt1/wrong/resize milliseconds=27 forcedScreenshotRender=False
state-final-render-sync-begin: label=source-excerpt-feedback/excerpt-register-wording/attempt1/wrong/layout tick=130543 drawn=6159 process=6159 physics=5670 windowVisible=True focus=True mode=Windowed renderLoop=True
state-final-render-sync-end: label=source-excerpt-feedback/excerpt-register-wording/attempt1/wrong/layout milliseconds=4 forcedScreenshotRender=False
source-excerpt-proof: feedback capture /Users/unterlantas/Documents/GitHub/URMAN/docs/production/act1_takeover_evidence_2026-09-16/images-walk-sources-12/source_excerpt_Act1FirstPersonWalkthroughSmokeTest_excerpt-register-wording_attempt01_wrong_1920x1080.png
source-excerpt-raster-typography: {"action":"excerpt-register-wording","phase":"wrong","size":"(1920, 1080)","textScale":1,"rasterSize":"(1920, 1080)","logicalViewport":"(0, 0), (1920, 1080)","rasterRatio":"(1, 1)","readerBounds":"(754, 237), (774, 761)","labels":[{"name":"Hint","logicalFont":16,"screenFontPixels":16,"bounds":"(754, 791), (774, 75)","logicalHeight":75,"minimumHeight":75},{"name":"Feedback","logicalFont":16,"screenFontPixels":16,"bounds":"(754, 916), (774, 49)","logicalHeight":49,"minimumHeight":49},{"name":"Source","logicalFont":16,"screenFontPixels":16,"bounds":"(754, 975), (774, 23)","logicalHeight":23,"minimumHeight":23}],"oracle":"actual raster / logical viewport extent times GlobalWithCanvas; no runtime screen-transform API"}
state-final-render-sync-begin: label=source-excerpt-feedback/excerpt-register-wording/attempt1/wrong/restore tick=130742 drawn=6161 process=6161 physics=5682 windowVisible=True focus=True mode=Windowed renderLoop=True
state-final-render-sync-end: label=source-excerpt-feedback/excerpt-register-wording/attempt1/wrong/restore milliseconds=4 forcedScreenshotRender=False
source-excerpt-selection-state: {"action":"excerpt-register-wording","phase":"wrong-after-window-restore","processFrame":6161,"physicsFrame":5682,"selecting":true,"editorVisible":true,"recordDisabled":false,"selected":"\u0420\u0435\u0435\u0441\u0442\u0440 \u0437\u0430\u043A\u0440\u044B\u0442\u044B\u0445 \u0441\u043B\u0443\u0447\u0430\u0435\u0432","expected":"\u0420\u0435\u0435\u0441\u0442\u0440 \u0437\u0430\u043A\u0440\u044B\u0442\u044B\u0445 \u0441\u043B\u0443\u0447\u0430\u0435\u0432","exact":true,"editorContainsExpected":true,"selectionFrom":[1,0],"selectionTo":[1,23],"caret":[1,23],"editorFocused":true,"focusOwner":"/root/Act1FirstPersonWalkthroughSmokeTest/Act1Demo/Main/JournalUi/Screen/Book/Layout/WorkArea/Reader/Body/SourceExcerptText","editorRect":"(754, 286), (774, 420)","bodyRect":"(754, 286), (774, 420)","editorScroll":0,"bodyScroll":0,"logicalViewport":"(0, 0), (1920, 1080)","windowSize":"(1280, 720)"}
source-excerpt-selection-state: {"action":"excerpt-register-wording","phase":"after-back","processFrame":6161,"physicsFrame":5682,"selecting":false,"editorVisible":false,"recordDisabled":true,"selected":"","expected":"\u0412\u043D\u0435\u0448\u043D\u044F\u044F \u0444\u043E\u0440\u043C\u0443\u043B\u0438\u0440\u043E\u0432\u043A\u0430: \u043D\u0435\u0441\u0447\u0430\u0441\u0442\u043D\u044B\u0439 \u0441\u043B\u0443\u0447\u0430\u0439.","exact":false,"editorContainsExpected":true,"selectionFrom":[1,23],"selectionTo":[1,23],"caret":[1,23],"editorFocused":false,"focusOwner":"/root/Act1FirstPersonWalkthroughSmokeTest/Act1Demo/Main/JournalUi/Screen/Book/Layout/WorkArea/Reader/Body","editorRect":"(754, 286), (774, 420)","bodyRect":"(754, 286), (774, 420)","editorScroll":0,"bodyScroll":0,"logicalViewport":"(0, 0), (1920, 1080)","windowSize":"(1280, 720)"}
source-excerpt-selection-state: {"action":"excerpt-register-wording","phase":"after-begin","processFrame":6161,"physicsFrame":5682,"selecting":true,"editorVisible":true,"recordDisabled":true,"selected":"","expected":"\u0412\u043D\u0435\u0448\u043D\u044F\u044F \u0444\u043E\u0440\u043C\u0443\u043B\u0438\u0440\u043E\u0432\u043A\u0430: \u043D\u0435\u0441\u0447\u0430\u0441\u0442\u043D\u044B\u0439 \u0441\u043B\u0443\u0447\u0430\u0439.","exact":false,"editorContainsExpected":true,"selectionFrom":[0,0],"selectionTo":[0,0],"caret":[0,0],"editorFocused":true,"focusOwner":"/root/Act1FirstPersonWalkthroughSmokeTest/Act1Demo/Main/JournalUi/Screen/Book/Layout/WorkArea/Reader/Body/SourceExcerptText","editorRect":"(754, 286), (774, 420)","bodyRect":"(754, 286), (774, 420)","editorScroll":5.875,"bodyScroll":0,"logicalViewport":"(0, 0), (1920, 1080)","windowSize":"(1280, 720)"}
source-excerpt-selection-state: {"action":"excerpt-register-wording","phase":"after-exact-select","processFrame":6161,"physicsFrame":5682,"selecting":true,"editorVisible":true,"recordDisabled":true,"selected":"\u0412\u043D\u0435\u0448\u043D\u044F\u044F \u0444\u043E\u0440\u043C\u0443\u043B\u0438\u0440\u043E\u0432\u043A\u0430: \u043D\u0435\u0441\u0447\u0430\u0441\u0442\u043D\u044B\u0439 \u0441\u043B\u0443\u0447\u0430\u0439.","expected":"\u0412\u043D\u0435\u0448\u043D\u044F\u044F \u0444\u043E\u0440\u043C\u0443\u043B\u0438\u0440\u043E\u0432\u043A\u0430: \u043D\u0435\u0441\u0447\u0430\u0441\u0442\u043D\u044B\u0439 \u0441\u043B\u0443\u0447\u0430\u0439.","exact":true,"editorContainsExpected":true,"selectionFrom":[11,0],"selectionTo":[11,40],"caret":[11,40],"editorFocused":true,"focusOwner":"/root/Act1FirstPersonWalkthroughSmokeTest/Act1Demo/Main/JournalUi/Screen/Book/Layout/WorkArea/Reader/Body/SourceExcerptText","editorRect":"(754, 286), (774, 420)","bodyRect":"(754, 286), (774, 420)","editorScroll":5.875,"bodyScroll":0,"logicalViewport":"(0, 0), (1920, 1080)","windowSize":"(1280, 720)"}
source-excerpt-selection-state: {"action":"excerpt-register-wording","phase":"caret-changed-delivered","processFrame":6162,"physicsFrame":5683,"selecting":true,"editorVisible":true,"recordDisabled":false,"selected":"\u0412\u043D\u0435\u0448\u043D\u044F\u044F \u0444\u043E\u0440\u043C\u0443\u043B\u0438\u0440\u043E\u0432\u043A\u0430: \u043D\u0435\u0441\u0447\u0430\u0441\u0442\u043D\u044B\u0439 \u0441\u043B\u0443\u0447\u0430\u0439.","expected":"\u0412\u043D\u0435\u0448\u043D\u044F\u044F \u0444\u043E\u0440\u043C\u0443\u043B\u0438\u0440\u043E\u0432\u043A\u0430: \u043D\u0435\u0441\u0447\u0430\u0441\u0442\u043D\u044B\u0439 \u0441\u043B\u0443\u0447\u0430\u0439.","exact":true,"editorContainsExpected":true,"selectionFrom":[11,0],"selectionTo":[11,40],"caret":[11,40],"editorFocused":true,"focusOwner":"/root/Act1FirstPersonWalkthroughSmokeTest/Act1Demo/Main/JournalUi/Screen/Book/Layout/WorkArea/Reader/Body/SourceExcerptText","editorRect":"(754, 286), (774, 420)","bodyRect":"(754, 286), (774, 420)","editorScroll":5.875,"bodyScroll":0,"logicalViewport":"(0, 0), (1920, 1080)","windowSize":"(1280, 720)"}
source-excerpt-selection-state: {"action":"excerpt-register-wording","phase":"after-original-one-process-frame","processFrame":6162,"physicsFrame":5683,"selecting":true,"editorVisible":true,"recordDisabled":false,"selected":"\u0412\u043D\u0435\u0448\u043D\u044F\u044F \u0444\u043E\u0440\u043C\u0443\u043B\u0438\u0440\u043E\u0432\u043A\u0430: \u043D\u0435\u0441\u0447\u0430\u0441\u0442\u043D\u044B\u0439 \u0441\u043B\u0443\u0447\u0430\u0439.","expected":"\u0412\u043D\u0435\u0448\u043D\u044F\u044F \u0444\u043E\u0440\u043C\u0443\u043B\u0438\u0440\u043E\u0432\u043A\u0430: \u043D\u0435\u0441\u0447\u0430\u0441\u0442\u043D\u044B\u0439 \u0441\u043B\u0443\u0447\u0430\u0439.","exact":true,"editorContainsExpected":true,"selectionFrom":[11,0],"selectionTo":[11,40],"caret":[11,40],"editorFocused":true,"focusOwner":"/root/Act1FirstPersonWalkthroughSmokeTest/Act1Demo/Main/JournalUi/Screen/Book/Layout/WorkArea/Reader/Body/SourceExcerptText","editorRect":"(754, 286), (774, 488)","bodyRect":"(754, 286), (774, 488)","editorScroll":0,"bodyScroll":0,"logicalViewport":"(0, 0), (1920, 1080)","windowSize":"(1280, 720)"}
source-excerpt-selection-state: {"action":"excerpt-register-wording","phase":"before-strict-record-check","processFrame":6163,"physicsFrame":5683,"selecting":true,"editorVisible":true,"recordDisabled":false,"selected":"\u0412\u043D\u0435\u0448\u043D\u044F\u044F \u0444\u043E\u0440\u043C\u0443\u043B\u0438\u0440\u043E\u0432\u043A\u0430: \u043D\u0435\u0441\u0447\u0430\u0441\u0442\u043D\u044B\u0439 \u0441\u043B\u0443\u0447\u0430\u0439.","expected":"\u0412\u043D\u0435\u0448\u043D\u044F\u044F \u0444\u043E\u0440\u043C\u0443\u043B\u0438\u0440\u043E\u0432\u043A\u0430: \u043D\u0435\u0441\u0447\u0430\u0441\u0442\u043D\u044B\u0439 \u0441\u043B\u0443\u0447\u0430\u0439.","exact":true,"editorContainsExpected":true,"selectionFrom":[11,0],"selectionTo":[11,40],"caret":[11,40],"editorFocused":true,"focusOwner":"/root/Act1FirstPersonWalkthroughSmokeTest/Act1Demo/Main/JournalUi/Screen/Book/Layout/WorkArea/Reader/Body/SourceExcerptText","editorRect":"(754, 286), (774, 488)","bodyRect":"(754, 286), (774, 488)","editorScroll":0,"bodyScroll":0,"logicalViewport":"(0, 0), (1920, 1080)","windowSize":"(1280, 720)"}
[217] journal.changed: urman.chapter1:interaction/excerpt-register-wording
SaveGameV3 written to /Users/unterlantas/Library/Application Support/Godot/app_userdata/URMAN/savegames/checkpoint.savegame-v3.json
checkpoint: auto-saved at urman.chapter1:scene/evidence-internal-register
state-final-render-sync-begin: label=source-excerpt-feedback/excerpt-register-wording/attempt1/saved/resize tick=130787 drawn=6164 process=6164 physics=5684 windowVisible=True focus=True mode=Windowed renderLoop=True
state-final-render-sync-end: label=source-excerpt-feedback/excerpt-register-wording/attempt1/saved/resize milliseconds=5 forcedScreenshotRender=False
state-final-render-sync-begin: label=source-excerpt-feedback/excerpt-register-wording/attempt1/saved/layout tick=130796 drawn=6166 process=6166 physics=5685 windowVisible=True focus=True mode=Windowed renderLoop=True
state-final-render-sync-end: label=source-excerpt-feedback/excerpt-register-wording/attempt1/saved/layout milliseconds=5 forcedScreenshotRender=False
source-excerpt-proof: feedback capture /Users/unterlantas/Documents/GitHub/URMAN/docs/production/act1_takeover_evidence_2026-09-16/images-walk-sources-12/source_excerpt_Act1FirstPersonWalkthroughSmokeTest_excerpt-register-wording_attempt01_saved_1280x720.png
source-excerpt-raster-typography: {"action":"excerpt-register-wording","phase":"saved","size":"(1280, 720)","textScale":1,"rasterSize":"(1280, 720)","logicalViewport":"(0, 0), (1920, 1080)","rasterRatio":"(0.6666667, 0.6666667)","readerBounds":"(502.6667, 158), (516, 507.33337)","labels":[{"name":"Hint","logicalFont":21,"screenFontPixels":14,"bounds":"(502.6667, 566.6667), (516, 42)","logicalHeight":63,"minimumHeight":63},{"name":"Source","logicalFont":21,"screenFontPixels":14,"bounds":"(502.6667, 645.3334), (516, 20)","logicalHeight":30,"minimumHeight":30}],"oracle":"actual raster / logical viewport extent times GlobalWithCanvas; no runtime screen-transform API"}
state-final-render-sync-begin: label=source-excerpt-feedback/excerpt-register-wording/attempt1/saved/resize tick=130864 drawn=6166 process=6166 physics=5685 windowVisible=True focus=True mode=Windowed renderLoop=True
state-final-render-sync-end: label=source-excerpt-feedback/excerpt-register-wording/attempt1/saved/resize milliseconds=28 forcedScreenshotRender=False
state-final-render-sync-begin: label=source-excerpt-feedback/excerpt-register-wording/attempt1/saved/layout tick=130901 drawn=6169 process=6169 physics=5692 windowVisible=True focus=True mode=Windowed renderLoop=True
state-final-render-sync-end: label=source-excerpt-feedback/excerpt-register-wording/attempt1/saved/layout milliseconds=5 forcedScreenshotRender=False
source-excerpt-proof: feedback capture /Users/unterlantas/Documents/GitHub/URMAN/docs/production/act1_takeover_evidence_2026-09-16/images-walk-sources-12/source_excerpt_Act1FirstPersonWalkthroughSmokeTest_excerpt-register-wording_attempt01_saved_1920x1080.png
source-excerpt-raster-typography: {"action":"excerpt-register-wording","phase":"saved","size":"(1920, 1080)","textScale":1,"rasterSize":"(1920, 1080)","logicalViewport":"(0, 0), (1920, 1080)","rasterRatio":"(1, 1)","readerBounds":"(754, 237), (774, 761)","labels":[{"name":"Hint","logicalFont":16,"screenFontPixels":16,"bounds":"(754, 871), (774, 49)","logicalHeight":49,"minimumHeight":49},{"name":"Source","logicalFont":16,"screenFontPixels":16,"bounds":"(754, 975), (774, 23)","logicalHeight":23,"minimumHeight":23}],"oracle":"actual raster / logical viewport extent times GlobalWithCanvas; no runtime screen-transform API"}
state-final-render-sync-begin: label=source-excerpt-feedback/excerpt-register-wording/attempt1/saved/restore tick=131086 drawn=6171 process=6171 physics=5703 windowVisible=True focus=True mode=Windowed renderLoop=True
state-final-render-sync-end: label=source-excerpt-feedback/excerpt-register-wording/attempt1/saved/restore milliseconds=5 forcedScreenshotRender=False
state-final-render-sync-begin: label=source-excerpt-feedback/excerpt-register-wording/attempt1/reopened/resize tick=131117 drawn=6176 process=6176 physics=5704 windowVisible=True focus=True mode=Windowed renderLoop=True
state-final-render-sync-end: label=source-excerpt-feedback/excerpt-register-wording/attempt1/reopened/resize milliseconds=6 forcedScreenshotRender=False
state-final-render-sync-begin: label=source-excerpt-feedback/excerpt-register-wording/attempt1/reopened/layout tick=131132 drawn=6178 process=6178 physics=5705 windowVisible=True focus=True mode=Windowed renderLoop=True
state-final-render-sync-end: label=source-excerpt-feedback/excerpt-register-wording/attempt1/reopened/layout milliseconds=8 forcedScreenshotRender=False
source-excerpt-proof: feedback capture /Users/unterlantas/Documents/GitHub/URMAN/docs/production/act1_takeover_evidence_2026-09-16/images-walk-sources-12/source_excerpt_Act1FirstPersonWalkthroughSmokeTest_excerpt-register-wording_attempt01_reopened_1280x720.png
source-excerpt-raster-typography: {"action":"excerpt-register-wording","phase":"reopened","size":"(1280, 720)","textScale":1,"rasterSize":"(1280, 720)","logicalViewport":"(0, 0), (1920, 1080)","rasterRatio":"(0.6666667, 0.6666667)","readerBounds":"(502.6667, 158), (516, 507.33337)","labels":[{"name":"Hint","logicalFont":21,"screenFontPixels":14,"bounds":"(502.6667, 566.6667), (516, 42)","logicalHeight":63,"minimumHeight":63},{"name":"Source","logicalFont":21,"screenFontPixels":14,"bounds":"(502.6667, 645.3334), (516, 20)","logicalHeight":30,"minimumHeight":30}],"oracle":"actual raster / logical viewport extent times GlobalWithCanvas; no runtime screen-transform API"}
state-final-render-sync-begin: label=source-excerpt-feedback/excerpt-register-wording/attempt1/reopened/resize tick=131204 drawn=6178 process=6178 physics=5705 windowVisible=True focus=True mode=Windowed renderLoop=True
state-final-render-sync-end: label=source-excerpt-feedback/excerpt-register-wording/attempt1/reopened/resize milliseconds=27 forcedScreenshotRender=False
state-final-render-sync-begin: label=source-excerpt-feedback/excerpt-register-wording/attempt1/reopened/layout tick=131237 drawn=6181 process=6181 physics=5712 windowVisible=True focus=True mode=Windowed renderLoop=True
state-final-render-sync-end: label=source-excerpt-feedback/excerpt-register-wording/attempt1/reopened/layout milliseconds=6 forcedScreenshotRender=False
source-excerpt-proof: feedback capture /Users/unterlantas/Documents/GitHub/URMAN/docs/production/act1_takeover_evidence_2026-09-16/images-walk-sources-12/source_excerpt_Act1FirstPersonWalkthroughSmokeTest_excerpt-register-wording_attempt01_reopened_1920x1080.png
source-excerpt-raster-typography: {"action":"excerpt-register-wording","phase":"reopened","size":"(1920, 1080)","textScale":1,"rasterSize":"(1920, 1080)","logicalViewport":"(0, 0), (1920, 1080)","rasterRatio":"(1, 1)","readerBounds":"(754, 237), (774, 761)","labels":[{"name":"Hint","logicalFont":16,"screenFontPixels":16,"bounds":"(754, 871), (774, 49)","logicalHeight":49,"minimumHeight":49},{"name":"Source","logicalFont":16,"screenFontPixels":16,"bounds":"(754, 975), (774, 23)","logicalHeight":23,"minimumHeight":23}],"oracle":"actual raster / logical viewport extent times GlobalWithCanvas; no runtime screen-transform API"}
state-final-render-sync-begin: label=source-excerpt-feedback/excerpt-register-wording/attempt1/reopened/restore tick=131418 drawn=6183 process=6183 physics=5723 windowVisible=True focus=True mode=Windowed renderLoop=True
state-final-render-sync-end: label=source-excerpt-feedback/excerpt-register-wording/attempt1/reopened/restore milliseconds=5 forcedScreenshotRender=False
source-excerpt-proof: document=urman.oldpc:document/rec_marat_case_register_conflict action=excerpt-register-wording; heading refused; cancel refused; actual TextEdit selection -> Record -> one source; scene preserved; one persistent confirmation and remaining fields survive reopen
source-formatting-proof: paired strong -> unchanged canonical paragraph -> real selection/save follows; literal stars and links retained
source-excerpt-selection-state: {"action":"excerpt-register-category","phase":"wrong-before-resize","processFrame":6191,"physicsFrame":5726,"selecting":true,"editorVisible":true,"recordDisabled":false,"selected":"\u0420\u0435\u0435\u0441\u0442\u0440 \u0437\u0430\u043A\u0440\u044B\u0442\u044B\u0445 \u0441\u043B\u0443\u0447\u0430\u0435\u0432","expected":"\u0420\u0435\u0435\u0441\u0442\u0440 \u0437\u0430\u043A\u0440\u044B\u0442\u044B\u0445 \u0441\u043B\u0443\u0447\u0430\u0435\u0432","exact":true,"editorContainsExpected":true,"selectionFrom":[1,0],"selectionTo":[1,23],"caret":[1,23],"editorFocused":true,"focusOwner":"/root/Act1FirstPersonWalkthroughSmokeTest/Act1Demo/Main/JournalUi/Screen/Book/Layout/WorkArea/Reader/Body/SourceExcerptText","editorRect":"(754, 286), (774, 521)","bodyRect":"(754, 286), (774, 521)","editorScroll":0,"bodyScroll":0,"logicalViewport":"(0, 0), (1920, 1080)","windowSize":"(1280, 720)"}
state-final-render-sync-begin: label=source-excerpt-feedback/excerpt-register-category/attempt1/wrong/resize tick=131476 drawn=6191 process=6191 physics=5726 windowVisible=True focus=True mode=Windowed renderLoop=True
state-final-render-sync-end: label=source-excerpt-feedback/excerpt-register-category/attempt1/wrong/resize milliseconds=6 forcedScreenshotRender=False
state-final-render-sync-begin: label=source-excerpt-feedback/excerpt-register-category/attempt1/wrong/layout tick=131490 drawn=6193 process=6193 physics=5726 windowVisible=True focus=True mode=Windowed renderLoop=True
state-final-render-sync-end: label=source-excerpt-feedback/excerpt-register-category/attempt1/wrong/layout milliseconds=8 forcedScreenshotRender=False
source-excerpt-proof: feedback capture /Users/unterlantas/Documents/GitHub/URMAN/docs/production/act1_takeover_evidence_2026-09-16/images-walk-sources-12/source_excerpt_Act1FirstPersonWalkthroughSmokeTest_excerpt-register-category_attempt01_wrong_1280x720.png
source-excerpt-raster-typography: {"action":"excerpt-register-category","phase":"wrong","size":"(1280, 720)","textScale":1,"rasterSize":"(1280, 720)","logicalViewport":"(0, 0), (1920, 1080)","rasterRatio":"(0.6666667, 0.6666667)","readerBounds":"(502.6667, 158), (516, 507.33337)","labels":[{"name":"Hint","logicalFont":21,"screenFontPixels":14,"bounds":"(502.6667, 499.33334), (516, 64.00003)","logicalHeight":96,"minimumHeight":96},{"name":"Feedback","logicalFont":21,"screenFontPixels":14,"bounds":"(502.6667, 596.6667), (516, 42)","logicalHeight":63,"minimumHeight":63},{"name":"Source","logicalFont":21,"screenFontPixels":14,"bounds":"(502.6667, 645.3334), (516, 20)","logicalHeight":30,"minimumHeight":30}],"oracle":"actual raster / logical viewport extent times GlobalWithCanvas; no runtime screen-transform API"}
state-final-render-sync-begin: label=source-excerpt-feedback/excerpt-register-category/attempt1/wrong/resize tick=131564 drawn=6193 process=6193 physics=5726 windowVisible=True focus=True mode=Windowed renderLoop=True
state-final-render-sync-end: label=source-excerpt-feedback/excerpt-register-category/attempt1/wrong/resize milliseconds=27 forcedScreenshotRender=False
state-final-render-sync-begin: label=source-excerpt-feedback/excerpt-register-category/attempt1/wrong/layout tick=131602 drawn=6196 process=6196 physics=5734 windowVisible=True focus=True mode=Windowed renderLoop=True
state-final-render-sync-end: label=source-excerpt-feedback/excerpt-register-category/attempt1/wrong/layout milliseconds=4 forcedScreenshotRender=False
source-excerpt-proof: feedback capture /Users/unterlantas/Documents/GitHub/URMAN/docs/production/act1_takeover_evidence_2026-09-16/images-walk-sources-12/source_excerpt_Act1FirstPersonWalkthroughSmokeTest_excerpt-register-category_attempt01_wrong_1920x1080.png
source-excerpt-raster-typography: {"action":"excerpt-register-category","phase":"wrong","size":"(1920, 1080)","textScale":1,"rasterSize":"(1920, 1080)","logicalViewport":"(0, 0), (1920, 1080)","rasterRatio":"(1, 1)","readerBounds":"(754, 237), (774, 761)","labels":[{"name":"Hint","logicalFont":16,"screenFontPixels":16,"bounds":"(754, 791), (774, 75)","logicalHeight":75,"minimumHeight":75},{"name":"Feedback","logicalFont":16,"screenFontPixels":16,"bounds":"(754, 916), (774, 49)","logicalHeight":49,"minimumHeight":49},{"name":"Source","logicalFont":16,"screenFontPixels":16,"bounds":"(754, 975), (774, 23)","logicalHeight":23,"minimumHeight":23}],"oracle":"actual raster / logical viewport extent times GlobalWithCanvas; no runtime screen-transform API"}
state-final-render-sync-begin: label=source-excerpt-feedback/excerpt-register-category/attempt1/wrong/restore tick=131804 drawn=6198 process=6198 physics=5746 windowVisible=True focus=True mode=Windowed renderLoop=True
state-final-render-sync-end: label=source-excerpt-feedback/excerpt-register-category/attempt1/wrong/restore milliseconds=5 forcedScreenshotRender=False
source-excerpt-selection-state: {"action":"excerpt-register-category","phase":"wrong-after-window-restore","processFrame":6198,"physicsFrame":5746,"selecting":true,"editorVisible":true,"recordDisabled":false,"selected":"\u0420\u0435\u0435\u0441\u0442\u0440 \u0437\u0430\u043A\u0440\u044B\u0442\u044B\u0445 \u0441\u043B\u0443\u0447\u0430\u0435\u0432","expected":"\u0420\u0435\u0435\u0441\u0442\u0440 \u0437\u0430\u043A\u0440\u044B\u0442\u044B\u0445 \u0441\u043B\u0443\u0447\u0430\u0435\u0432","exact":true,"editorContainsExpected":true,"selectionFrom":[1,0],"selectionTo":[1,23],"caret":[1,23],"editorFocused":true,"focusOwner":"/root/Act1FirstPersonWalkthroughSmokeTest/Act1Demo/Main/JournalUi/Screen/Book/Layout/WorkArea/Reader/Body/SourceExcerptText","editorRect":"(754, 286), (774, 453)","bodyRect":"(754, 286), (774, 453)","editorScroll":0,"bodyScroll":0,"logicalViewport":"(0, 0), (1920, 1080)","windowSize":"(1280, 720)"}
source-excerpt-selection-state: {"action":"excerpt-register-category","phase":"after-back","processFrame":6198,"physicsFrame":5746,"selecting":false,"editorVisible":false,"recordDisabled":true,"selected":"","expected":"\u041A\u0430\u0442\u0435\u0433\u043E\u0440\u0438\u044F: \u0433\u0440\u0430\u043D\u0438\u0446\u0430 / \u043E\u0442\u0432\u0435\u0442\u0438\u043B.","exact":false,"editorContainsExpected":true,"selectionFrom":[1,23],"selectionTo":[1,23],"caret":[1,23],"editorFocused":false,"focusOwner":"/root/Act1FirstPersonWalkthroughSmokeTest/Act1Demo/Main/JournalUi/Screen/Book/Layout/WorkArea/Reader/Body","editorRect":"(754, 286), (774, 453)","bodyRect":"(754, 286), (774, 453)","editorScroll":0,"bodyScroll":0,"logicalViewport":"(0, 0), (1920, 1080)","windowSize":"(1280, 720)"}
source-excerpt-selection-state: {"action":"excerpt-register-category","phase":"after-begin","processFrame":6198,"physicsFrame":5746,"selecting":true,"editorVisible":true,"recordDisabled":true,"selected":"","expected":"\u041A\u0430\u0442\u0435\u0433\u043E\u0440\u0438\u044F: \u0433\u0440\u0430\u043D\u0438\u0446\u0430 / \u043E\u0442\u0432\u0435\u0442\u0438\u043B.","exact":false,"editorContainsExpected":true,"selectionFrom":[0,0],"selectionTo":[0,0],"caret":[0,0],"editorFocused":true,"focusOwner":"/root/Act1FirstPersonWalkthroughSmokeTest/Act1Demo/Main/JournalUi/Screen/Book/Layout/WorkArea/Reader/Body/SourceExcerptText","editorRect":"(754, 286), (774, 453)","bodyRect":"(754, 286), (774, 453)","editorScroll":4.84375,"bodyScroll":0,"logicalViewport":"(0, 0), (1920, 1080)","windowSize":"(1280, 720)"}
source-excerpt-selection-state: {"action":"excerpt-register-category","phase":"after-exact-select","processFrame":6198,"physicsFrame":5746,"selecting":true,"editorVisible":true,"recordDisabled":true,"selected":"\u041A\u0430\u0442\u0435\u0433\u043E\u0440\u0438\u044F: \u0433\u0440\u0430\u043D\u0438\u0446\u0430 / \u043E\u0442\u0432\u0435\u0442\u0438\u043B.","expected":"\u041A\u0430\u0442\u0435\u0433\u043E\u0440\u0438\u044F: \u0433\u0440\u0430\u043D\u0438\u0446\u0430 / \u043E\u0442\u0432\u0435\u0442\u0438\u043B.","exact":true,"editorContainsExpected":true,"selectionFrom":[9,0],"selectionTo":[9,29],"caret":[9,29],"editorFocused":true,"focusOwner":"/root/Act1FirstPersonWalkthroughSmokeTest/Act1Demo/Main/JournalUi/Screen/Book/Layout/WorkArea/Reader/Body/SourceExcerptText","editorRect":"(754, 286), (774, 453)","bodyRect":"(754, 286), (774, 453)","editorScroll":4.84375,"bodyScroll":0,"logicalViewport":"(0, 0), (1920, 1080)","windowSize":"(1280, 720)"}
source-excerpt-selection-state: {"action":"excerpt-register-category","phase":"after-original-one-process-frame","processFrame":6199,"physicsFrame":5746,"selecting":true,"editorVisible":true,"recordDisabled":true,"selected":"\u041A\u0430\u0442\u0435\u0433\u043E\u0440\u0438\u044F: \u0433\u0440\u0430\u043D\u0438\u0446\u0430 / \u043E\u0442\u0432\u0435\u0442\u0438\u043B.","expected":"\u041A\u0430\u0442\u0435\u0433\u043E\u0440\u0438\u044F: \u0433\u0440\u0430\u043D\u0438\u0446\u0430 / \u043E\u0442\u0432\u0435\u0442\u0438\u043B.","exact":true,"editorContainsExpected":true,"selectionFrom":[9,0],"selectionTo":[9,29],"caret":[9,29],"editorFocused":true,"focusOwner":"/root/Act1FirstPersonWalkthroughSmokeTest/Act1Demo/Main/JournalUi/Screen/Book/Layout/WorkArea/Reader/Body/SourceExcerptText","editorRect":"(754, 286), (774, 453)","bodyRect":"(754, 286), (774, 453)","editorScroll":4.84375,"bodyScroll":0,"logicalViewport":"(0, 0), (1920, 1080)","windowSize":"(1280, 720)"}
source-excerpt-selection-state: {"action":"excerpt-register-category","phase":"caret-changed-delivered","processFrame":6199,"physicsFrame":5746,"selecting":true,"editorVisible":true,"recordDisabled":false,"selected":"\u041A\u0430\u0442\u0435\u0433\u043E\u0440\u0438\u044F: \u0433\u0440\u0430\u043D\u0438\u0446\u0430 / \u043E\u0442\u0432\u0435\u0442\u0438\u043B.","expected":"\u041A\u0430\u0442\u0435\u0433\u043E\u0440\u0438\u044F: \u0433\u0440\u0430\u043D\u0438\u0446\u0430 / \u043E\u0442\u0432\u0435\u0442\u0438\u043B.","exact":true,"editorContainsExpected":true,"selectionFrom":[9,0],"selectionTo":[9,29],"caret":[9,29],"editorFocused":true,"focusOwner":"/root/Act1FirstPersonWalkthroughSmokeTest/Act1Demo/Main/JournalUi/Screen/Book/Layout/WorkArea/Reader/Body/SourceExcerptText","editorRect":"(754, 286), (774, 453)","bodyRect":"(754, 286), (774, 453)","editorScroll":4.84375,"bodyScroll":0,"logicalViewport":"(0, 0), (1920, 1080)","windowSize":"(1280, 720)"}
source-excerpt-selection-state: {"action":"excerpt-register-category","phase":"before-strict-record-check","processFrame":6200,"physicsFrame":5746,"selecting":true,"editorVisible":true,"recordDisabled":false,"selected":"\u041A\u0430\u0442\u0435\u0433\u043E\u0440\u0438\u044F: \u0433\u0440\u0430\u043D\u0438\u0446\u0430 / \u043E\u0442\u0432\u0435\u0442\u0438\u043B.","expected":"\u041A\u0430\u0442\u0435\u0433\u043E\u0440\u0438\u044F: \u0433\u0440\u0430\u043D\u0438\u0446\u0430 / \u043E\u0442\u0432\u0435\u0442\u0438\u043B.","exact":true,"editorContainsExpected":true,"selectionFrom":[9,0],"selectionTo":[9,29],"caret":[9,29],"editorFocused":true,"focusOwner":"/root/Act1FirstPersonWalkthroughSmokeTest/Act1Demo/Main/JournalUi/Screen/Book/Layout/WorkArea/Reader/Body/SourceExcerptText","editorRect":"(754, 286), (774, 521)","bodyRect":"(754, 286), (774, 521)","editorScroll":0,"bodyScroll":0,"logicalViewport":"(0, 0), (1920, 1080)","windowSize":"(1280, 720)"}
[224] journal.changed: urman.chapter1:interaction/excerpt-register-category
SaveGameV3 written to /Users/unterlantas/Library/Application Support/Godot/app_userdata/URMAN/savegames/checkpoint.savegame-v3.json
checkpoint: auto-saved at urman.chapter1:scene/evidence-internal-register
state-final-render-sync-begin: label=source-excerpt-feedback/excerpt-register-category/attempt1/saved/resize tick=131853 drawn=6201 process=6201 physics=5748 windowVisible=True focus=True mode=Windowed renderLoop=True
state-final-render-sync-end: label=source-excerpt-feedback/excerpt-register-category/attempt1/saved/resize milliseconds=4 forcedScreenshotRender=False
state-final-render-sync-begin: label=source-excerpt-feedback/excerpt-register-category/attempt1/saved/layout tick=131862 drawn=6203 process=6203 physics=5749 windowVisible=True focus=True mode=Windowed renderLoop=True
state-final-render-sync-end: label=source-excerpt-feedback/excerpt-register-category/attempt1/saved/layout milliseconds=4 forcedScreenshotRender=False
source-excerpt-proof: feedback capture /Users/unterlantas/Documents/GitHub/URMAN/docs/production/act1_takeover_evidence_2026-09-16/images-walk-sources-12/source_excerpt_Act1FirstPersonWalkthroughSmokeTest_excerpt-register-category_attempt01_saved_1280x720.png
source-excerpt-raster-typography: {"action":"excerpt-register-category","phase":"saved","size":"(1280, 720)","textScale":1,"rasterSize":"(1280, 720)","logicalViewport":"(0, 0), (1920, 1080)","rasterRatio":"(0.6666667, 0.6666667)","readerBounds":"(502.6667, 158), (516, 507.33337)","labels":[{"name":"Hint","logicalFont":21,"screenFontPixels":14,"bounds":"(502.6667, 593.3334), (516, 42)","logicalHeight":63,"minimumHeight":63},{"name":"Source","logicalFont":21,"screenFontPixels":14,"bounds":"(502.6667, 645.3334), (516, 20)","logicalHeight":30,"minimumHeight":30}],"oracle":"actual raster / logical viewport extent times GlobalWithCanvas; no runtime screen-transform API"}
state-final-render-sync-begin: label=source-excerpt-feedback/excerpt-register-category/attempt1/saved/resize tick=131931 drawn=6203 process=6203 physics=5749 windowVisible=True focus=True mode=Windowed renderLoop=True
state-final-render-sync-end: label=source-excerpt-feedback/excerpt-register-category/attempt1/saved/resize milliseconds=33 forcedScreenshotRender=False
state-final-render-sync-begin: label=source-excerpt-feedback/excerpt-register-category/attempt1/saved/layout tick=131977 drawn=6206 process=6206 physics=5756 windowVisible=True focus=True mode=Windowed renderLoop=True
state-final-render-sync-end: label=source-excerpt-feedback/excerpt-register-category/attempt1/saved/layout milliseconds=6 forcedScreenshotRender=False
source-excerpt-proof: feedback capture /Users/unterlantas/Documents/GitHub/URMAN/docs/production/act1_takeover_evidence_2026-09-16/images-walk-sources-12/source_excerpt_Act1FirstPersonWalkthroughSmokeTest_excerpt-register-category_attempt01_saved_1920x1080.png
source-excerpt-raster-typography: {"action":"excerpt-register-category","phase":"saved","size":"(1920, 1080)","textScale":1,"rasterSize":"(1920, 1080)","logicalViewport":"(0, 0), (1920, 1080)","rasterRatio":"(1, 1)","readerBounds":"(754, 237), (774, 761)","labels":[{"name":"Hint","logicalFont":16,"screenFontPixels":16,"bounds":"(754, 937), (774, 23)","logicalHeight":23,"minimumHeight":23},{"name":"Source","logicalFont":16,"screenFontPixels":16,"bounds":"(754, 975), (774, 23)","logicalHeight":23,"minimumHeight":23}],"oracle":"actual raster / logical viewport extent times GlobalWithCanvas; no runtime screen-transform API"}
state-final-render-sync-begin: label=source-excerpt-feedback/excerpt-register-category/attempt1/saved/restore tick=132170 drawn=6208 process=6208 physics=5768 windowVisible=True focus=True mode=Windowed renderLoop=True
state-final-render-sync-end: label=source-excerpt-feedback/excerpt-register-category/attempt1/saved/restore milliseconds=6 forcedScreenshotRender=False
state-final-render-sync-begin: label=source-excerpt-feedback/excerpt-register-category/attempt1/reopened/resize tick=132209 drawn=6213 process=6213 physics=5770 windowVisible=True focus=True mode=Windowed renderLoop=True
state-final-render-sync-end: label=source-excerpt-feedback/excerpt-register-category/attempt1/reopened/resize milliseconds=6 forcedScreenshotRender=False
state-final-render-sync-begin: label=source-excerpt-feedback/excerpt-register-category/attempt1/reopened/layout tick=132224 drawn=6215 process=6215 physics=5771 windowVisible=True focus=True mode=Windowed renderLoop=True
state-final-render-sync-end: label=source-excerpt-feedback/excerpt-register-category/attempt1/reopened/layout milliseconds=8 forcedScreenshotRender=False
source-excerpt-proof: feedback capture /Users/unterlantas/Documents/GitHub/URMAN/docs/production/act1_takeover_evidence_2026-09-16/images-walk-sources-12/source_excerpt_Act1FirstPersonWalkthroughSmokeTest_excerpt-register-category_attempt01_reopened_1280x720.png
source-excerpt-raster-typography: {"action":"excerpt-register-category","phase":"reopened","size":"(1280, 720)","textScale":1,"rasterSize":"(1280, 720)","logicalViewport":"(0, 0), (1920, 1080)","rasterRatio":"(0.6666667, 0.6666667)","readerBounds":"(502.6667, 158), (516, 507.33337)","labels":[{"name":"Hint","logicalFont":21,"screenFontPixels":14,"bounds":"(502.6667, 593.3334), (516, 42)","logicalHeight":63,"minimumHeight":63},{"name":"Source","logicalFont":21,"screenFontPixels":14,"bounds":"(502.6667, 645.3334), (516, 20)","logicalHeight":30,"minimumHeight":30}],"oracle":"actual raster / logical viewport extent times GlobalWithCanvas; no runtime screen-transform API"}
state-final-render-sync-begin: label=source-excerpt-feedback/excerpt-register-category/attempt1/reopened/resize tick=132298 drawn=6215 process=6215 physics=5771 windowVisible=True focus=True mode=Windowed renderLoop=True
state-final-render-sync-end: label=source-excerpt-feedback/excerpt-register-category/attempt1/reopened/resize milliseconds=27 forcedScreenshotRender=False
state-final-render-sync-begin: label=source-excerpt-feedback/excerpt-register-category/attempt1/reopened/layout tick=132335 drawn=6218 process=6218 physics=5778 windowVisible=True focus=True mode=Windowed renderLoop=True
state-final-render-sync-end: label=source-excerpt-feedback/excerpt-register-category/attempt1/reopened/layout milliseconds=4 forcedScreenshotRender=False
source-excerpt-proof: feedback capture /Users/unterlantas/Documents/GitHub/URMAN/docs/production/act1_takeover_evidence_2026-09-16/images-walk-sources-12/source_excerpt_Act1FirstPersonWalkthroughSmokeTest_excerpt-register-category_attempt01_reopened_1920x1080.png
source-excerpt-raster-typography: {"action":"excerpt-register-category","phase":"reopened","size":"(1920, 1080)","textScale":1,"rasterSize":"(1920, 1080)","logicalViewport":"(0, 0), (1920, 1080)","rasterRatio":"(1, 1)","readerBounds":"(754, 237), (774, 761)","labels":[{"name":"Hint","logicalFont":16,"screenFontPixels":16,"bounds":"(754, 937), (774, 23)","logicalHeight":23,"minimumHeight":23},{"name":"Source","logicalFont":16,"screenFontPixels":16,"bounds":"(754, 975), (774, 23)","logicalHeight":23,"minimumHeight":23}],"oracle":"actual raster / logical viewport extent times GlobalWithCanvas; no runtime screen-transform API"}
state-final-render-sync-begin: label=source-excerpt-feedback/excerpt-register-category/attempt1/reopened/restore tick=132527 drawn=6220 process=6220 physics=5789 windowVisible=True focus=True mode=Windowed renderLoop=True
state-final-render-sync-end: label=source-excerpt-feedback/excerpt-register-category/attempt1/reopened/restore milliseconds=4 forcedScreenshotRender=False
source-excerpt-proof: document=urman.oldpc:document/rec_marat_case_register_conflict action=excerpt-register-category; heading refused; cancel refused; actual TextEdit selection -> Record -> one source; scene preserved; one persistent confirmation and remaining fields survive reopen
SaveGameV3 written to /Users/unterlantas/Library/Application Support/Godot/app_userdata/URMAN/savegames/checkpoint.savegame-v3.json
checkpoint: auto-saved at urman.chapter1:scene/evidence-internal-register
walk-frame: house-exit-aisle--0.15-1.10 actual-player-position=(-28.973783, 0.5943085, -5.542508)
walk-frame: house-exit-aisle--2.82-1.10 actual-player-position=(-29.795908, 0.5943085, -3.2488065)
walk-frame: house-exit-aisle--2.82-2.30 actual-player-position=(-29.02957, 0.5943085, -2.6651456)
zone-loaded: village_day@from_house connected-world=109404230304
address-audit-lifecycle: epoch=10 presentation=10 stage=restoring-exterior access=ACC-ADR-H001 zone=village_day exterior=True ready=True frame=5904 
address-audit-lifecycle: epoch=10 presentation=10 stage=search-start access=ACC-ADR-H001 zone=village_day exterior=True ready=True frame=5907 
address-support-probe: ACC-ADR-H001 approach start result=accepted supplied=(-11.175, -0.057786692, 52.858) floor=(-11.175, -0.09279674, 52.858) acceptedFeet=(-11.175, -0.09238659, 52.858) lift=0.035; normal=(0.030481592, 0.9992853, -0.02235863) depth=0.0012892791 owner=landing: /root/Act1FirstPersonWalkthroughSmokeTest/Act1Demo/Main/ZoneHost/Act1ConnectedWorld/Act1CoreWorldGreybox/AgentBExteriorWorld/AgentB_TerrainCollision shape 0 playerCanStandAtLanded=True; 
address-support-probe: ACC-ADR-H001 road anchor result=accepted supplied=(0, -0.37098423, 40) floor=(0, -0.40597734, 40) acceptedFeet=(0, -0.4060164, 40) lift=0.035; normal=(-0.0013540798, 0.9999418, 0.0107045155) depth=0.0015086124 owner=landing: /root/Act1FirstPersonWalkthroughSmokeTest/Act1Demo/Main/ZoneHost/Act1ConnectedWorld/Act1CoreWorldGreybox/AgentBExteriorWorld/AgentB_TerrainCollision shape 0 playerCanStandAtLanded=True; 
walk-frame: naila-question-outward--26.05-0.2 actual-player-position=(-26.069225, 0.29562184, -0.05594387)
walk-frame: naila-question-outward--26.05-2.2 actual-player-position=(-26.05287, 0.3174076, 1.9266632)
walk-frame: naila-question-outward--25.2-2.6 actual-player-position=(-25.432066, 0.36244512, 2.416341)
walk-frame: naila-question-outward--24.42-2.4 actual-player-position=(-24.69621, 0.38523617, 2.4038653)
walk-frame: naila-question-outward--24-1.2 actual-player-position=(-24.12879, 0.36358422, 1.4225698)
walk-frame: naila-question-outward--19-0 actual-player-position=(-19.267145, 0.16979979, 0.07408972)
walk-frame: naila-question-outward--12--2.5 actual-player-position=(-12.265191, -0.2909326, -2.4060674)
walk-frame: naila-question-outward--6--5.5 actual-player-position=(-6.2205296, -0.30400816, -5.3911796)
walk-frame: naila-question-outward--1.2--8 actual-player-position=(-1.4447608, -0.24306367, -7.872792)
walk-frame: naila-question-outward--1.2--10 actual-player-position=(-1.2311703, -0.22565001, -9.7298565)
walk-frame: naila-question-outward-0--10 actual-player-position=(-0.29022303, -0.2303766, -9.936318)
walk-frame: naila-question-outward-4.5--12.5 actual-player-position=(4.2564254, -0.326199, -12.369715)
walk-frame: naila-question-outward-10--17 actual-player-position=(9.768669, -0.44814363, -16.81366)
walk-frame: naila-question-outward-17--21.5 actual-player-position=(16.759834, -0.5674103, -21.344357)
walk-frame: naila-question-outward-23--25 actual-player-position=(22.771431, -0.4893691, -24.866297)
walk-frame: approach-urman.chapter1:interaction/route-to-fap actual-player-position=(26.603674, -0.122283, -26.471931)
zone-loaded: fap_clinic@waiting_room connected-world=109404230304
address-audit-lifecycle: epoch=11 presentation=11 stage=waiting-for-exterior access=ACC-ADR-H001 zone=fap_clinic exterior=False ready=False frame=7150 
walk-frame: naila-reception-aisle-0.00-1.25 actual-player-position=(26.7, 0.06030516, -32.61673)
walk-frame: naila-reception-aisle-1.00-1.25 actual-player-position=(27.412376, 0.06030516, -32.804283)
SaveGameV3 written to /Users/unterlantas/Library/Application Support/Godot/app_userdata/URMAN/savegames/checkpoint.savegame-v3.json
checkpoint: auto-saved at urman.chapter1:scene/evidence-internal-register
walk-frame: approach-urman.chapter1:interaction/official-leave-clinic actual-player-position=(26.769505, 0.06030516, -30.336763)
zone-loaded: village_day@from_fap connected-world=109404230304
address-audit-lifecycle: epoch=12 presentation=12 stage=restoring-exterior access=ACC-ADR-H001 zone=village_day exterior=True ready=True frame=7332 
address-audit-lifecycle: epoch=12 presentation=12 stage=search-start access=ACC-ADR-H001 zone=village_day exterior=True ready=True frame=7335 
address-support-probe: ACC-ADR-H001 approach start result=accepted supplied=(-11.175, -0.057786692, 52.858) floor=(-11.175, -0.09279674, 52.858) acceptedFeet=(-11.175, -0.09238659, 52.858) lift=0.035; normal=(0.030481592, 0.9992853, -0.02235863) depth=0.0012892791 owner=landing: /root/Act1FirstPersonWalkthroughSmokeTest/Act1Demo/Main/ZoneHost/Act1ConnectedWorld/Act1CoreWorldGreybox/AgentBExteriorWorld/AgentB_TerrainCollision shape 0 playerCanStandAtLanded=True; 
address-support-probe: ACC-ADR-H001 road anchor result=accepted supplied=(0, -0.37098423, 40) floor=(0, -0.40597734, 40) acceptedFeet=(0, -0.4060164, 40) lift=0.035; normal=(-0.0013540798, 0.9999418, 0.0107045155) depth=0.0015086124 owner=landing: /root/Act1FirstPersonWalkthroughSmokeTest/Act1Demo/Main/ZoneHost/Act1ConnectedWorld/Act1CoreWorldGreybox/AgentBExteriorWorld/AgentB_TerrainCollision shape 0 playerCanStandAtLanded=True; 
walk-frame: naila-question-return-23--25 actual-player-position=(23.29467, -0.49331826, -25)
walk-frame: naila-question-return-17--21.5 actual-player-position=(17.252121, -0.5719908, -21.640192)
walk-frame: naila-question-return-10--17 actual-player-position=(10.238934, -0.44588956, -17.152891)
walk-frame: naila-question-return-4.5--12.5 actual-player-position=(4.702732, -0.2924571, -12.664984)
walk-frame: naila-question-return-0--10 actual-player-position=(0.2187784, -0.23601468, -10.124034)
walk-frame: naila-question-return--1.2--10 actual-player-position=(-0.91014266, -0.23188592, -10.025376)
walk-frame: naila-question-return--1.2--8 actual-player-position=(-1.1589756, -0.22578491, -8.286689)
walk-frame: naila-question-return--6--5.5 actual-player-position=(-5.775781, -0.2976835, -5.6290684)
walk-frame: naila-question-return--12--2.5 actual-player-position=(-11.748029, -0.2818675, -2.6273324)
walk-frame: naila-question-return--19-0 actual-player-position=(-18.754288, 0.12777232, -0.0885335)
walk-frame: naila-question-return--24-1.2 actual-player-position=(-23.745348, 0.3682588, 1.1375159)
walk-frame: naila-question-return--24.42-2.4 actual-player-position=(-24.279545, 0.38447526, 2.1362975)
walk-frame: naila-question-return--25.2-2.6 actual-player-position=(-24.937431, 0.38060808, 2.467724)
walk-frame: naila-question-return--26.05-2.2 actual-player-position=(-25.764181, 0.3464479, 2.2687783)
walk-frame: naila-question-return--26.05-0.2 actual-player-position=(-26.012434, 0.2901588, 0.47191295)
walk-frame: naila-question-return--26.158367--1.2426405 actual-player-position=(-26.137606, 0.305628, -0.99576205)
walk-frame: approach-urman.chapter1:interaction/official-to-internal-register actual-player-position=(-26.052528, 0.32019818, -1.6129137)
zone-loaded: house_old_pc@entry connected-world=109404230304
address-audit-lifecycle: epoch=13 presentation=13 stage=waiting-for-exterior access=ACC-ADR-H001 zone=house_old_pc exterior=False ready=False frame=8592 
walk-frame: approach-urman.chapter1:interaction/internal-register-to-rinat actual-player-position=(-30.079224, 0.5943085, -7.3676796)
walk-frame: computer-aisle--0.15-1.10 actual-player-position=(-28.893827, 0.5943085, -5.638386)
walk-frame: computer-aisle-0.00--1.15 actual-player-position=(-30.476383, 0.5943085, -6.4007177)
[282] scene.entered: urman.chapter1:interaction/internal-register-to-saved-message
source-formatting-proof: paired strong -> unchanged canonical paragraph -> real selection/save follows; literal stars and links retained
source-excerpt-selection-state: {"action":"excerpt-message-voice","phase":"wrong-before-resize","processFrame":9521,"physicsFrame":8805,"selecting":true,"editorVisible":true,"recordDisabled":false,"selected":"\u042D\u043A\u0441\u043F\u043E\u0440\u0442 \u0441\u043E\u043E\u0431\u0449\u0435\u043D\u0438\u044F","expected":"\u042D\u043A\u0441\u043F\u043E\u0440\u0442 \u0441\u043E\u043E\u0431\u0449\u0435\u043D\u0438\u044F","exact":true,"editorContainsExpected":true,"selectionFrom":[1,0],"selectionTo":[1,17],"caret":[1,17],"editorFocused":true,"focusOwner":"/root/Act1FirstPersonWalkthroughSmokeTest/Act1Demo/Main/JournalUi/Screen/Book/Layout/WorkArea/Reader/Body/SourceExcerptText","editorRect":"(754, 286), (774, 521)","bodyRect":"(754, 286), (774, 521)","editorScroll":0,"bodyScroll":0,"logicalViewport":"(0, 0), (1920, 1080)","windowSize":"(1280, 720)"}
state-final-render-sync-begin: label=source-excerpt-feedback/excerpt-message-voice/attempt1/wrong/resize tick=188225 drawn=9521 process=9521 physics=8805 windowVisible=True focus=True mode=Windowed renderLoop=True
state-final-render-sync-end: label=source-excerpt-feedback/excerpt-message-voice/attempt1/wrong/resize milliseconds=7 forcedScreenshotRender=False
state-final-render-sync-begin: label=source-excerpt-feedback/excerpt-message-voice/attempt1/wrong/layout tick=188238 drawn=9523 process=9523 physics=8807 windowVisible=True focus=True mode=Windowed renderLoop=True
state-final-render-sync-end: label=source-excerpt-feedback/excerpt-message-voice/attempt1/wrong/layout milliseconds=7 forcedScreenshotRender=False
source-excerpt-proof: feedback capture /Users/unterlantas/Documents/GitHub/URMAN/docs/production/act1_takeover_evidence_2026-09-16/images-walk-sources-12/source_excerpt_Act1FirstPersonWalkthroughSmokeTest_excerpt-message-voice_attempt01_wrong_1280x720.png
source-excerpt-raster-typography: {"action":"excerpt-message-voice","phase":"wrong","size":"(1280, 720)","textScale":1,"rasterSize":"(1280, 720)","logicalViewport":"(0, 0), (1920, 1080)","rasterRatio":"(0.6666667, 0.6666667)","readerBounds":"(502.6667, 158), (516, 507.33337)","labels":[{"name":"Hint","logicalFont":21,"screenFontPixels":14,"bounds":"(502.6667, 499.33334), (516, 64.00003)","logicalHeight":96,"minimumHeight":96},{"name":"Feedback","logicalFont":21,"screenFontPixels":14,"bounds":"(502.6667, 596.6667), (516, 42)","logicalHeight":63,"minimumHeight":63},{"name":"Source","logicalFont":21,"screenFontPixels":14,"bounds":"(502.6667, 645.3334), (516, 20)","logicalHeight":30,"minimumHeight":30}],"oracle":"actual raster / logical viewport extent times GlobalWithCanvas; no runtime screen-transform API"}
state-final-render-sync-begin: label=source-excerpt-feedback/excerpt-message-voice/attempt1/wrong/resize tick=188316 drawn=9523 process=9523 physics=8807 windowVisible=True focus=True mode=Windowed renderLoop=True
state-final-render-sync-end: label=source-excerpt-feedback/excerpt-message-voice/attempt1/wrong/resize milliseconds=43 forcedScreenshotRender=False
state-final-render-sync-begin: label=source-excerpt-feedback/excerpt-message-voice/attempt1/wrong/layout tick=188369 drawn=9526 process=9526 physics=8815 windowVisible=True focus=True mode=Windowed renderLoop=True
state-final-render-sync-end: label=source-excerpt-feedback/excerpt-message-voice/attempt1/wrong/layout milliseconds=8 forcedScreenshotRender=False
source-excerpt-proof: feedback capture /Users/unterlantas/Documents/GitHub/URMAN/docs/production/act1_takeover_evidence_2026-09-16/images-walk-sources-12/source_excerpt_Act1FirstPersonWalkthroughSmokeTest_excerpt-message-voice_attempt01_wrong_1920x1080.png
source-excerpt-raster-typography: {"action":"excerpt-message-voice","phase":"wrong","size":"(1920, 1080)","textScale":1,"rasterSize":"(1920, 1080)","logicalViewport":"(0, 0), (1920, 1080)","rasterRatio":"(1, 1)","readerBounds":"(754, 237), (774, 761)","labels":[{"name":"Hint","logicalFont":16,"screenFontPixels":16,"bounds":"(754, 791), (774, 75)","logicalHeight":75,"minimumHeight":75},{"name":"Feedback","logicalFont":16,"screenFontPixels":16,"bounds":"(754, 916), (774, 49)","logicalHeight":49,"minimumHeight":49},{"name":"Source","logicalFont":16,"screenFontPixels":16,"bounds":"(754, 975), (774, 23)","logicalHeight":23,"minimumHeight":23}],"oracle":"actual raster / logical viewport extent times GlobalWithCanvas; no runtime screen-transform API"}
state-final-render-sync-begin: label=source-excerpt-feedback/excerpt-message-voice/attempt1/wrong/restore tick=188585 drawn=9528 process=9528 physics=8828 windowVisible=True focus=True mode=Windowed renderLoop=True
state-final-render-sync-end: label=source-excerpt-feedback/excerpt-message-voice/attempt1/wrong/restore milliseconds=5 forcedScreenshotRender=False
source-excerpt-selection-state: {"action":"excerpt-message-voice","phase":"wrong-after-window-restore","processFrame":9528,"physicsFrame":8828,"selecting":true,"editorVisible":true,"recordDisabled":false,"selected":"\u042D\u043A\u0441\u043F\u043E\u0440\u0442 \u0441\u043E\u043E\u0431\u0449\u0435\u043D\u0438\u044F","expected":"\u042D\u043A\u0441\u043F\u043E\u0440\u0442 \u0441\u043E\u043E\u0431\u0449\u0435\u043D\u0438\u044F","exact":true,"editorContainsExpected":true,"selectionFrom":[1,0],"selectionTo":[1,17],"caret":[1,17],"editorFocused":true,"focusOwner":"/root/Act1FirstPersonWalkthroughSmokeTest/Act1Demo/Main/JournalUi/Screen/Book/Layout/WorkArea/Reader/Body/SourceExcerptText","editorRect":"(754, 286), (774, 453)","bodyRect":"(754, 286), (774, 453)","editorScroll":0,"bodyScroll":0,"logicalViewport":"(0, 0), (1920, 1080)","windowSize":"(1280, 720)"}
source-excerpt-selection-state: {"action":"excerpt-message-voice","phase":"after-back","processFrame":9528,"physicsFrame":8828,"selecting":false,"editorVisible":false,"recordDisabled":true,"selected":"","expected":"\u0421\u0435\u0433\u043E\u0434\u043D\u044F \u043E\u043F\u044F\u0442\u044C \u0441\u043B\u044B\u0448\u0430\u043B \u0438\u0437 \u0443\u0440\u043C\u0430\u043D\u0430 \u0433\u043E\u043B\u043E\u0441. \u041D\u0435 \u043A\u0430\u043A \u044D\u0445\u043E. \u041A\u0430\u043A \u0431\u0443\u0434\u0442\u043E \u0447\u0435\u043B\u043E\u0432\u0435\u043A \u0441\u0442\u043E\u0438\u0442 \u0440\u044F\u0434\u043E\u043C \u0441 \u0434\u0435\u0440\u0435\u0432\u044C\u044F\u043C\u0438 \u0438 \u0436\u0434\u0451\u0442, \u043A\u043E\u0433\u0434\u0430 \u0442\u044B \u043E\u0442\u0432\u0435\u0442\u0438\u0448\u044C.","exact":false,"editorContainsExpected":true,"selectionFrom":[1,17],"selectionTo":[1,17],"caret":[1,17],"editorFocused":false,"focusOwner":"/root/Act1FirstPersonWalkthroughSmokeTest/Act1Demo/Main/JournalUi/Screen/Book/Layout/WorkArea/Reader/Body","editorRect":"(754, 286), (774, 453)","bodyRect":"(754, 286), (774, 453)","editorScroll":0,"bodyScroll":0,"logicalViewport":"(0, 0), (1920, 1080)","windowSize":"(1280, 720)"}
source-excerpt-selection-state: {"action":"excerpt-message-voice","phase":"after-begin","processFrame":9528,"physicsFrame":8828,"selecting":true,"editorVisible":true,"recordDisabled":true,"selected":"","expected":"\u0421\u0435\u0433\u043E\u0434\u043D\u044F \u043E\u043F\u044F\u0442\u044C \u0441\u043B\u044B\u0448\u0430\u043B \u0438\u0437 \u0443\u0440\u043C\u0430\u043D\u0430 \u0433\u043E\u043B\u043E\u0441. \u041D\u0435 \u043A\u0430\u043A \u044D\u0445\u043E. \u041A\u0430\u043A \u0431\u0443\u0434\u0442\u043E \u0447\u0435\u043B\u043E\u0432\u0435\u043A \u0441\u0442\u043E\u0438\u0442 \u0440\u044F\u0434\u043E\u043C \u0441 \u0434\u0435\u0440\u0435\u0432\u044C\u044F\u043C\u0438 \u0438 \u0436\u0434\u0451\u0442, \u043A\u043E\u0433\u0434\u0430 \u0442\u044B \u043E\u0442\u0432\u0435\u0442\u0438\u0448\u044C.","exact":false,"editorContainsExpected":true,"selectionFrom":[0,0],"selectionTo":[0,0],"caret":[0,0],"editorFocused":true,"focusOwner":"/root/Act1FirstPersonWalkthroughSmokeTest/Act1Demo/Main/JournalUi/Screen/Book/Layout/WorkArea/Reader/Body/SourceExcerptText","editorRect":"(754, 286), (774, 453)","bodyRect":"(754, 286), (774, 453)","editorScroll":1.84375,"bodyScroll":0,"logicalViewport":"(0, 0), (1920, 1080)","windowSize":"(1280, 720)"}
source-excerpt-selection-state: {"action":"excerpt-message-voice","phase":"after-exact-select","processFrame":9528,"physicsFrame":8828,"selecting":true,"editorVisible":true,"recordDisabled":true,"selected":"\u0421\u0435\u0433\u043E\u0434\u043D\u044F \u043E\u043F\u044F\u0442\u044C \u0441\u043B\u044B\u0448\u0430\u043B \u0438\u0437 \u0443\u0440\u043C\u0430\u043D\u0430 \u0433\u043E\u043B\u043E\u0441. \u041D\u0435 \u043A\u0430\u043A \u044D\u0445\u043E. \u041A\u0430\u043A \u0431\u0443\u0434\u0442\u043E \u0447\u0435\u043B\u043E\u0432\u0435\u043A \u0441\u0442\u043E\u0438\u0442 \u0440\u044F\u0434\u043E\u043C \u0441 \u0434\u0435\u0440\u0435\u0432\u044C\u044F\u043C\u0438 \u0438 \u0436\u0434\u0451\u0442, \u043A\u043E\u0433\u0434\u0430 \u0442\u044B \u043E\u0442\u0432\u0435\u0442\u0438\u0448\u044C.","expected":"\u0421\u0435\u0433\u043E\u0434\u043D\u044F \u043E\u043F\u044F\u0442\u044C \u0441\u043B\u044B\u0448\u0430\u043B \u0438\u0437 \u0443\u0440\u043C\u0430\u043D\u0430 \u0433\u043E\u043B\u043E\u0441. \u041D\u0435 \u043A\u0430\u043A \u044D\u0445\u043E. \u041A\u0430\u043A \u0431\u0443\u0434\u0442\u043E \u0447\u0435\u043B\u043E\u0432\u0435\u043A \u0441\u0442\u043E\u0438\u0442 \u0440\u044F\u0434\u043E\u043C \u0441 \u0434\u0435\u0440\u0435\u0432\u044C\u044F\u043C\u0438 \u0438 \u0436\u0434\u0451\u0442, \u043A\u043E\u0433\u0434\u0430 \u0442\u044B \u043E\u0442\u0432\u0435\u0442\u0438\u0448\u044C.","exact":true,"editorContainsExpected":true,"selectionFrom":[9,0],"selectionTo":[9,118],"caret":[9,118],"editorFocused":true,"focusOwner":"/root/Act1FirstPersonWalkthroughSmokeTest/Act1Demo/Main/JournalUi/Screen/Book/Layout/WorkArea/Reader/Body/SourceExcerptText","editorRect":"(754, 286), (774, 453)","bodyRect":"(754, 286), (774, 453)","editorScroll":1.84375,"bodyScroll":0,"logicalViewport":"(0, 0), (1920, 1080)","windowSize":"(1280, 720)"}
source-excerpt-selection-state: {"action":"excerpt-message-voice","phase":"after-original-one-process-frame","processFrame":9529,"physicsFrame":8828,"selecting":true,"editorVisible":true,"recordDisabled":true,"selected":"\u0421\u0435\u0433\u043E\u0434\u043D\u044F \u043E\u043F\u044F\u0442\u044C \u0441\u043B\u044B\u0448\u0430\u043B \u0438\u0437 \u0443\u0440\u043C\u0430\u043D\u0430 \u0433\u043E\u043B\u043E\u0441. \u041D\u0435 \u043A\u0430\u043A \u044D\u0445\u043E. \u041A\u0430\u043A \u0431\u0443\u0434\u0442\u043E \u0447\u0435\u043B\u043E\u0432\u0435\u043A \u0441\u0442\u043E\u0438\u0442 \u0440\u044F\u0434\u043E\u043C \u0441 \u0434\u0435\u0440\u0435\u0432\u044C\u044F\u043C\u0438 \u0438 \u0436\u0434\u0451\u0442, \u043A\u043E\u0433\u0434\u0430 \u0442\u044B \u043E\u0442\u0432\u0435\u0442\u0438\u0448\u044C.","expected":"\u0421\u0435\u0433\u043E\u0434\u043D\u044F \u043E\u043F\u044F\u0442\u044C \u0441\u043B\u044B\u0448\u0430\u043B \u0438\u0437 \u0443\u0440\u043C\u0430\u043D\u0430 \u0433\u043E\u043B\u043E\u0441. \u041D\u0435 \u043A\u0430\u043A \u044D\u0445\u043E. \u041A\u0430\u043A \u0431\u0443\u0434\u0442\u043E \u0447\u0435\u043B\u043E\u0432\u0435\u043A \u0441\u0442\u043E\u0438\u0442 \u0440\u044F\u0434\u043E\u043C \u0441 \u0434\u0435\u0440\u0435\u0432\u044C\u044F\u043C\u0438 \u0438 \u0436\u0434\u0451\u0442, \u043A\u043E\u0433\u0434\u0430 \u0442\u044B \u043E\u0442\u0432\u0435\u0442\u0438\u0448\u044C.","exact":true,"editorContainsExpected":true,"selectionFrom":[9,0],"selectionTo":[9,118],"caret":[9,118],"editorFocused":true,"focusOwner":"/root/Act1FirstPersonWalkthroughSmokeTest/Act1Demo/Main/JournalUi/Screen/Book/Layout/WorkArea/Reader/Body/SourceExcerptText","editorRect":"(754, 286), (774, 453)","bodyRect":"(754, 286), (774, 453)","editorScroll":1.84375,"bodyScroll":0,"logicalViewport":"(0, 0), (1920, 1080)","windowSize":"(1280, 720)"}
source-excerpt-selection-state: {"action":"excerpt-message-voice","phase":"caret-changed-delivered","processFrame":9529,"physicsFrame":8828,"selecting":true,"editorVisible":true,"recordDisabled":false,"selected":"\u0421\u0435\u0433\u043E\u0434\u043D\u044F \u043E\u043F\u044F\u0442\u044C \u0441\u043B\u044B\u0448\u0430\u043B \u0438\u0437 \u0443\u0440\u043C\u0430\u043D\u0430 \u0433\u043E\u043B\u043E\u0441. \u041D\u0435 \u043A\u0430\u043A \u044D\u0445\u043E. \u041A\u0430\u043A \u0431\u0443\u0434\u0442\u043E \u0447\u0435\u043B\u043E\u0432\u0435\u043A \u0441\u0442\u043E\u0438\u0442 \u0440\u044F\u0434\u043E\u043C \u0441 \u0434\u0435\u0440\u0435\u0432\u044C\u044F\u043C\u0438 \u0438 \u0436\u0434\u0451\u0442, \u043A\u043E\u0433\u0434\u0430 \u0442\u044B \u043E\u0442\u0432\u0435\u0442\u0438\u0448\u044C.","expected":"\u0421\u0435\u0433\u043E\u0434\u043D\u044F \u043E\u043F\u044F\u0442\u044C \u0441\u043B\u044B\u0448\u0430\u043B \u0438\u0437 \u0443\u0440\u043C\u0430\u043D\u0430 \u0433\u043E\u043B\u043E\u0441. \u041D\u0435 \u043A\u0430\u043A \u044D\u0445\u043E. \u041A\u0430\u043A \u0431\u0443\u0434\u0442\u043E \u0447\u0435\u043B\u043E\u0432\u0435\u043A \u0441\u0442\u043E\u0438\u0442 \u0440\u044F\u0434\u043E\u043C \u0441 \u0434\u0435\u0440\u0435\u0432\u044C\u044F\u043C\u0438 \u0438 \u0436\u0434\u0451\u0442, \u043A\u043E\u0433\u0434\u0430 \u0442\u044B \u043E\u0442\u0432\u0435\u0442\u0438\u0448\u044C.","exact":true,"editorContainsExpected":true,"selectionFrom":[9,0],"selectionTo":[9,118],"caret":[9,118],"editorFocused":true,"focusOwner":"/root/Act1FirstPersonWalkthroughSmokeTest/Act1Demo/Main/JournalUi/Screen/Book/Layout/WorkArea/Reader/Body/SourceExcerptText","editorRect":"(754, 286), (774, 453)","bodyRect":"(754, 286), (774, 453)","editorScroll":1.84375,"bodyScroll":0,"logicalViewport":"(0, 0), (1920, 1080)","windowSize":"(1280, 720)"}
source-excerpt-selection-state: {"action":"excerpt-message-voice","phase":"before-strict-record-check","processFrame":9530,"physicsFrame":8828,"selecting":true,"editorVisible":true,"recordDisabled":false,"selected":"\u0421\u0435\u0433\u043E\u0434\u043D\u044F \u043E\u043F\u044F\u0442\u044C \u0441\u043B\u044B\u0448\u0430\u043B \u0438\u0437 \u0443\u0440\u043C\u0430\u043D\u0430 \u0433\u043E\u043B\u043E\u0441. \u041D\u0435 \u043A\u0430\u043A \u044D\u0445\u043E. \u041A\u0430\u043A \u0431\u0443\u0434\u0442\u043E \u0447\u0435\u043B\u043E\u0432\u0435\u043A \u0441\u0442\u043E\u0438\u0442 \u0440\u044F\u0434\u043E\u043C \u0441 \u0434\u0435\u0440\u0435\u0432\u044C\u044F\u043C\u0438 \u0438 \u0436\u0434\u0451\u0442, \u043A\u043E\u0433\u0434\u0430 \u0442\u044B \u043E\u0442\u0432\u0435\u0442\u0438\u0448\u044C.","expected":"\u0421\u0435\u0433\u043E\u0434\u043D\u044F \u043E\u043F\u044F\u0442\u044C \u0441\u043B\u044B\u0448\u0430\u043B \u0438\u0437 \u0443\u0440\u043C\u0430\u043D\u0430 \u0433\u043E\u043B\u043E\u0441. \u041D\u0435 \u043A\u0430\u043A \u044D\u0445\u043E. \u041A\u0430\u043A \u0431\u0443\u0434\u0442\u043E \u0447\u0435\u043B\u043E\u0432\u0435\u043A \u0441\u0442\u043E\u0438\u0442 \u0440\u044F\u0434\u043E\u043C \u0441 \u0434\u0435\u0440\u0435\u0432\u044C\u044F\u043C\u0438 \u0438 \u0436\u0434\u0451\u0442, \u043A\u043E\u0433\u0434\u0430 \u0442\u044B \u043E\u0442\u0432\u0435\u0442\u0438\u0448\u044C.","exact":true,"editorContainsExpected":true,"selectionFrom":[9,0],"selectionTo":[9,118],"caret":[9,118],"editorFocused":true,"focusOwner":"/root/Act1FirstPersonWalkthroughSmokeTest/Act1Demo/Main/JournalUi/Screen/Book/Layout/WorkArea/Reader/Body/SourceExcerptText","editorRect":"(754, 286), (774, 521)","bodyRect":"(754, 286), (774, 521)","editorScroll":0,"bodyScroll":0,"logicalViewport":"(0, 0), (1920, 1080)","windowSize":"(1280, 720)"}
[289] journal.changed: urman.chapter1:interaction/excerpt-message-voice
[290] journal.changed: urman.chapter1:interaction/excerpt-message-voice
SaveGameV3 written to /Users/unterlantas/Library/Application Support/Godot/app_userdata/URMAN/savegames/checkpoint.savegame-v3.json
checkpoint: auto-saved at urman.chapter1:scene/evidence-saved-message
state-final-render-sync-begin: label=source-excerpt-feedback/excerpt-message-voice/attempt1/saved/resize tick=188637 drawn=9531 process=9531 physics=8830 windowVisible=True focus=True mode=Windowed renderLoop=True
state-final-render-sync-end: label=source-excerpt-feedback/excerpt-message-voice/attempt1/saved/resize milliseconds=4 forcedScreenshotRender=False
state-final-render-sync-begin: label=source-excerpt-feedback/excerpt-message-voice/attempt1/saved/layout tick=188647 drawn=9533 process=9533 physics=8831 windowVisible=True focus=True mode=Windowed renderLoop=True
state-final-render-sync-end: label=source-excerpt-feedback/excerpt-message-voice/attempt1/saved/layout milliseconds=6 forcedScreenshotRender=False
source-excerpt-proof: feedback capture /Users/unterlantas/Documents/GitHub/URMAN/docs/production/act1_takeover_evidence_2026-09-16/images-walk-sources-12/source_excerpt_Act1FirstPersonWalkthroughSmokeTest_excerpt-message-voice_attempt01_saved_1280x720.png
source-excerpt-raster-typography: {"action":"excerpt-message-voice","phase":"saved","size":"(1280, 720)","textScale":1,"rasterSize":"(1280, 720)","logicalViewport":"(0, 0), (1920, 1080)","rasterRatio":"(0.6666667, 0.6666667)","readerBounds":"(502.6667, 158), (516, 507.33337)","labels":[{"name":"Hint","logicalFont":21,"screenFontPixels":14,"bounds":"(502.6667, 593.3334), (516, 42)","logicalHeight":63,"minimumHeight":63},{"name":"Source","logicalFont":21,"screenFontPixels":14,"bounds":"(502.6667, 645.3334), (516, 20)","logicalHeight":30,"minimumHeight":30}],"oracle":"actual raster / logical viewport extent times GlobalWithCanvas; no runtime screen-transform API"}
state-final-render-sync-begin: label=source-excerpt-feedback/excerpt-message-voice/attempt1/saved/resize tick=188719 drawn=9533 process=9533 physics=8831 windowVisible=True focus=True mode=Windowed renderLoop=True
state-final-render-sync-end: label=source-excerpt-feedback/excerpt-message-voice/attempt1/saved/resize milliseconds=29 forcedScreenshotRender=False
state-final-render-sync-begin: label=source-excerpt-feedback/excerpt-message-voice/attempt1/saved/layout tick=188755 drawn=9536 process=9536 physics=8838 windowVisible=True focus=True mode=Windowed renderLoop=True
state-final-render-sync-end: label=source-excerpt-feedback/excerpt-message-voice/attempt1/saved/layout milliseconds=4 forcedScreenshotRender=False
source-excerpt-proof: feedback capture /Users/unterlantas/Documents/GitHub/URMAN/docs/production/act1_takeover_evidence_2026-09-16/images-walk-sources-12/source_excerpt_Act1FirstPersonWalkthroughSmokeTest_excerpt-message-voice_attempt01_saved_1920x1080.png
source-excerpt-raster-typography: {"action":"excerpt-message-voice","phase":"saved","size":"(1920, 1080)","textScale":1,"rasterSize":"(1920, 1080)","logicalViewport":"(0, 0), (1920, 1080)","rasterRatio":"(1, 1)","readerBounds":"(754, 237), (774, 761)","labels":[{"name":"Hint","logicalFont":16,"screenFontPixels":16,"bounds":"(754, 937), (774, 23)","logicalHeight":23,"minimumHeight":23},{"name":"Source","logicalFont":16,"screenFontPixels":16,"bounds":"(754, 975), (774, 23)","logicalHeight":23,"minimumHeight":23}],"oracle":"actual raster / logical viewport extent times GlobalWithCanvas; no runtime screen-transform API"}
state-final-render-sync-begin: label=source-excerpt-feedback/excerpt-message-voice/attempt1/saved/restore tick=188938 drawn=9538 process=9538 physics=8849 windowVisible=True focus=True mode=Windowed renderLoop=True
state-final-render-sync-end: label=source-excerpt-feedback/excerpt-message-voice/attempt1/saved/restore milliseconds=5 forcedScreenshotRender=False
state-final-render-sync-begin: label=source-excerpt-feedback/excerpt-message-voice/attempt1/reopened/resize tick=188975 drawn=9543 process=9543 physics=8851 windowVisible=True focus=True mode=Windowed renderLoop=True
state-final-render-sync-end: label=source-excerpt-feedback/excerpt-message-voice/attempt1/reopened/resize milliseconds=3 forcedScreenshotRender=False
state-final-render-sync-begin: label=source-excerpt-feedback/excerpt-message-voice/attempt1/reopened/layout tick=188987 drawn=9545 process=9545 physics=8852 windowVisible=True focus=True mode=Windowed renderLoop=True
state-final-render-sync-end: label=source-excerpt-feedback/excerpt-message-voice/attempt1/reopened/layout milliseconds=7 forcedScreenshotRender=False
source-excerpt-proof: feedback capture /Users/unterlantas/Documents/GitHub/URMAN/docs/production/act1_takeover_evidence_2026-09-16/images-walk-sources-12/source_excerpt_Act1FirstPersonWalkthroughSmokeTest_excerpt-message-voice_attempt01_reopened_1280x720.png
source-excerpt-raster-typography: {"action":"excerpt-message-voice","phase":"reopened","size":"(1280, 720)","textScale":1,"rasterSize":"(1280, 720)","logicalViewport":"(0, 0), (1920, 1080)","rasterRatio":"(0.6666667, 0.6666667)","readerBounds":"(502.6667, 158), (516, 507.33337)","labels":[{"name":"Hint","logicalFont":21,"screenFontPixels":14,"bounds":"(502.6667, 593.3334), (516, 42)","logicalHeight":63,"minimumHeight":63},{"name":"Source","logicalFont":21,"screenFontPixels":14,"bounds":"(502.6667, 645.3334), (516, 20)","logicalHeight":30,"minimumHeight":30}],"oracle":"actual raster / logical viewport extent times GlobalWithCanvas; no runtime screen-transform API"}
state-final-render-sync-begin: label=source-excerpt-feedback/excerpt-message-voice/attempt1/reopened/resize tick=189061 drawn=9545 process=9545 physics=8852 windowVisible=True focus=True mode=Windowed renderLoop=True
state-final-render-sync-end: label=source-excerpt-feedback/excerpt-message-voice/attempt1/reopened/resize milliseconds=26 forcedScreenshotRender=False
state-final-render-sync-begin: label=source-excerpt-feedback/excerpt-message-voice/attempt1/reopened/layout tick=189097 drawn=9548 process=9548 physics=8858 windowVisible=True focus=True mode=Windowed renderLoop=True
state-final-render-sync-end: label=source-excerpt-feedback/excerpt-message-voice/attempt1/reopened/layout milliseconds=5 forcedScreenshotRender=False
source-excerpt-proof: feedback capture /Users/unterlantas/Documents/GitHub/URMAN/docs/production/act1_takeover_evidence_2026-09-16/images-walk-sources-12/source_excerpt_Act1FirstPersonWalkthroughSmokeTest_excerpt-message-voice_attempt01_reopened_1920x1080.png
source-excerpt-raster-typography: {"action":"excerpt-message-voice","phase":"reopened","size":"(1920, 1080)","textScale":1,"rasterSize":"(1920, 1080)","logicalViewport":"(0, 0), (1920, 1080)","rasterRatio":"(1, 1)","readerBounds":"(754, 237), (774, 761)","labels":[{"name":"Hint","logicalFont":16,"screenFontPixels":16,"bounds":"(754, 937), (774, 23)","logicalHeight":23,"minimumHeight":23},{"name":"Source","logicalFont":16,"screenFontPixels":16,"bounds":"(754, 975), (774, 23)","logicalHeight":23,"minimumHeight":23}],"oracle":"actual raster / logical viewport extent times GlobalWithCanvas; no runtime screen-transform API"}
state-final-render-sync-begin: label=source-excerpt-feedback/excerpt-message-voice/attempt1/reopened/restore tick=189285 drawn=9550 process=9550 physics=8870 windowVisible=True focus=True mode=Windowed renderLoop=True
state-final-render-sync-end: label=source-excerpt-feedback/excerpt-message-voice/attempt1/reopened/restore milliseconds=5 forcedScreenshotRender=False
source-excerpt-proof: document=urman.oldpc:document/msg_marat_saved_last_normal action=excerpt-message-voice; heading refused; cancel refused; actual TextEdit selection -> Record -> one source; scene preserved; one persistent confirmation and remaining fields survive reopen
walk-frame: house-exit-aisle--0.15-1.10 actual-player-position=(-28.997406, 0.5943085, -5.562676)
walk-frame: house-exit-aisle--2.82-1.10 actual-player-position=(-29.79489, 0.5943085, -3.2603197)
walk-frame: house-exit-aisle--2.82-2.30 actual-player-position=(-29.033098, 0.5943085, -2.6707256)
zone-loaded: village_day@from_house connected-world=109404230304
address-audit-lifecycle: epoch=14 presentation=14 stage=restoring-exterior access=ACC-ADR-H001 zone=village_day exterior=True ready=True frame=8979 
address-audit-lifecycle: epoch=14 presentation=14 stage=search-start access=ACC-ADR-H001 zone=village_day exterior=True ready=True frame=8982 
address-support-probe: ACC-ADR-H001 approach start result=accepted supplied=(-11.175, -0.057786692, 52.858) floor=(-11.175, -0.09279674, 52.858) acceptedFeet=(-11.175, -0.09238659, 52.858) lift=0.035; normal=(0.030481592, 0.9992853, -0.02235863) depth=0.0012892791 owner=landing: /root/Act1FirstPersonWalkthroughSmokeTest/Act1Demo/Main/ZoneHost/Act1ConnectedWorld/Act1CoreWorldGreybox/AgentBExteriorWorld/AgentB_TerrainCollision shape 0 playerCanStandAtLanded=True; 
address-support-probe: ACC-ADR-H001 road anchor result=accepted supplied=(0, -0.37098423, 40) floor=(0, -0.40597734, 40) acceptedFeet=(0, -0.4060164, 40) lift=0.035; normal=(-0.0013540798, 0.9999418, 0.0107045155) depth=0.0015086124 owner=landing: /root/Act1FirstPersonWalkthroughSmokeTest/Act1Demo/Main/ZoneHost/Act1ConnectedWorld/Act1CoreWorldGreybox/AgentBExteriorWorld/AgentB_TerrainCollision shape 0 playerCanStandAtLanded=True; 
walk-frame: alsu-message-outward--26.05-0.2 actual-player-position=(-26.069225, 0.29562184, -0.05594653)
walk-frame: alsu-message-outward--26.05-2.2 actual-player-position=(-26.052832, 0.31674927, 1.9266467)
walk-frame: alsu-message-outward--25.2-2.6 actual-player-position=(-25.432055, 0.36245, 2.4163194)
walk-frame: alsu-message-outward--24.42-2.4 actual-player-position=(-24.696184, 0.38444927, 2.4038954)
walk-frame: alsu-message-outward--24-1.2 actual-player-position=(-24.128727, 0.36178324, 1.4226079)
walk-frame: alsu-message-outward--19-0 actual-player-position=(-19.267267, 0.16979985, 0.07412499)
walk-frame: alsu-message-outward--12--2.5 actual-player-position=(-12.265667, -0.2908251, -2.4058983)
walk-frame: alsu-message-outward--6--5.5 actual-player-position=(-6.221067, -0.30416912, -5.3909183)
walk-frame: alsu-message-outward--1.2--8 actual-player-position=(-1.4453424, -0.24308357, -7.8724904)
walk-frame: approach-urman.chapter1:interaction/talk-alsu actual-player-position=(-1.4488487, -0.22896169, -8.551991)
walk-frame: alsu-message-return--1.2--8 actual-player-position=(-1.3091593, -0.22971879, -8.242057)
walk-frame: alsu-message-return--6--5.5 actual-player-position=(-5.7613263, -0.29594308, -5.6395187)
walk-frame: alsu-message-return--12--2.5 actual-player-position=(-11.732305, -0.28113586, -2.6354008)
walk-frame: alsu-message-return--19-0 actual-player-position=(-18.737932, 0.12640375, -0.0945203)
walk-frame: alsu-message-return--24-1.2 actual-player-position=(-23.728436, 0.3672005, 1.1332643)
walk-frame: alsu-message-return--24.42-2.4 actual-player-position=(-24.298658, 0.38599563, 2.1768646)
walk-frame: alsu-message-return--25.2-2.6 actual-player-position=(-24.965483, 0.38094682, 2.489906)
walk-frame: alsu-message-return--26.05-2.2 actual-player-position=(-25.786968, 0.34614217, 2.2703116)
walk-frame: alsu-message-return--26.05-0.2 actual-player-position=(-26.015589, 0.28899372, 0.47085238)
walk-frame: alsu-message-return--26.158367--1.2426405 actual-player-position=(-26.13816, 0.30560657, -0.99700844)
walk-frame: approach-urman.chapter1:interaction/official-to-internal-register actual-player-position=(-26.05259, 0.32019734, -1.6140858)
zone-loaded: house_old_pc@entry connected-world=109404230304
address-audit-lifecycle: epoch=15 presentation=15 stage=waiting-for-exterior access=ACC-ADR-H001 zone=house_old_pc exterior=False ready=False frame=10217 
walk-frame: computer-aisle--0.15-1.10 actual-player-position=(-28.748287, 0.5943085, -5.152427)
walk-frame: computer-aisle-0.00--1.15 actual-player-position=(-30.471277, 0.5943085, -6.3469625)
[314] scene.entered: urman.chapter1:interaction/saved-message-to-boundary-source
SaveGameV3 written to /Users/unterlantas/Library/Application Support/Godot/app_userdata/URMAN/savegames/checkpoint.savegame-v3.json
checkpoint: auto-saved at urman.chapter1:scene/evidence-tatarwiki-boundary
walk-frame: computer-aisle--0.15-1.10 actual-player-position=(-28.97376, 0.5943085, -5.542496)
walk-frame: computer-aisle-0.00--1.15 actual-player-position=(-30.457602, 0.5943085, -6.371891)
[326] scene.entered: urman.chapter1:interaction/boundary-source-to-reread
SaveGameV3 written to /Users/unterlantas/Library/Application Support/Godot/app_userdata/URMAN/savegames/checkpoint.savegame-v3.json
checkpoint: auto-saved at urman.chapter1:scene/evidence-tatarwiki-reread
SaveGameV3 written to /Users/unterlantas/Library/Application Support/Godot/app_userdata/URMAN/savegames/checkpoint.savegame-v3.json
checkpoint: auto-saved at urman.chapter1:scene/evidence-tatarwiki-reread
WARNING: Interaction urman.chapter1:interaction/reread-to-edge-sketch rejected: ContentConditionRejected Content conditions rejected this action.
     at: void Urman.Godot.RuntimeBridge+<DispatchCompiledInteractionAsync>d__129.MoveNext() (res://scripts/RuntimeBridge.cs:1139)
     C# backtrace (most recent call first):
         [0] void Godot.GD.PushWarning(string) (/root/godot/modules/mono/glue/GodotSharp/GodotSharp/Core/GD.cs:396)
         [1] void Urman.Godot.RuntimeBridge+<DispatchCompiledInteractionAsync>d__129.MoveNext() (/Users/unterlantas/Documents/GitHub/URMAN/game/scripts/RuntimeBridge.cs:1139)
         [2] void System.Runtime.CompilerServices.AsyncTaskMethodBuilder`1.Start<TStateMachine>(TStateMachine&)
         [3] System.Threading.Tasks.Task`1[System.Boolean] Urman.Godot.RuntimeBridge.DispatchCompiledInteractionAsync(Urman.Godot.CompiledInteractionContent)
         [4] void Urman.Godot.RuntimeBridge+<DispatchInteractionAsync>d__91.MoveNext() (/Users/unterlantas/Documents/GitHub/URMAN/game/scripts/RuntimeBridge.cs:534)
         [5] void System.Runtime.CompilerServices.AsyncTaskMethodBuilder`1.Start<TStateMachine>(TStateMachine&)
         [6] System.Threading.Tasks.Task`1[System.Boolean] Urman.Godot.RuntimeBridge.DispatchInteractionAsync(string)
         [7] void Urman.Godot.Tests.Act1SourceReturnsProof+<CompleteAsync>d__8.MoveNext() (/Users/unterlantas/Documents/GitHub/URMAN/game/tests/Act1Len01FamilyFlowSmokeTest.cs:1713)
         [8] void System.Runtime.CompilerServices.AsyncTaskMethodBuilder`1.Start<TStateMachine>(TStateMachine&)
         [9] System.Threading.Tasks.Task`1[System.Boolean] Urman.Godot.Tests.Act1SourceReturnsProof.CompleteAsync(Godot.Node, Urman.Godot.RuntimeBridge, bool, bool, bool, System.Func`2[System.String,System.Threading.Tasks.Task`1[System.Boolean]])
         [10] void Urman.Godot.Tests.Act1FirstPersonWalkthroughSmokeTest+<RunAsync>d__32.MoveNext() (/Users/unterlantas/Documents/GitHub/URMAN/game/tests/Act1FirstPersonWalkthroughSmokeTest.cs:916)
         [11] void System.Threading.ExecutionContext.RunInternal(System.Threading.ExecutionContext, System.Threading.ContextCallback, object)
         [12] void System.Runtime.CompilerServices.AsyncTaskMethodBuilder`1+AsyncStateMachineBox`1.MoveNext()
         [13] void System.Threading.Tasks.AwaitTaskContinuation.RunCallback(System.Threading.ContextCallback, object, System.Threading.Tasks.Task&)
         [14] void System.Threading.Tasks.Task.RunContinuations(object)
         [15] void System.Runtime.CompilerServices.AsyncTaskMethodBuilder`1.SetResult(TResult)
         [16] void Urman.Godot.Tests.Act1FirstPersonWalkthroughSmokeTest+<CompareVisibleSources>d__46.MoveNext() (/Users/unterlantas/Documents/GitHub/URMAN/game/tests/Act1FirstPersonWalkthroughSmokeTest.cs:1646)
         [17] void System.Threading.ExecutionContext.RunInternal(System.Threading.ExecutionContext, System.Threading.ContextCallback, object)
         [18] void System.Threading.Tasks.AwaitTaskContinuation.RunCallback(System.Threading.ContextCallback, object, System.Threading.Tasks.Task&)
         [19] void System.Threading.Tasks.Task.RunContinuations(object)
         [20] void System.Runtime.CompilerServices.AsyncTaskMethodBuilder.SetResult()
         [21] void Urman.Godot.Tests.Act1FirstPersonWalkthroughSmokeTest+<Frames>d__52.MoveNext() (/Users/unterlantas/Documents/GitHub/URMAN/game/tests/Act1FirstPersonWalkthroughSmokeTest.cs:1714)
         [22] void System.Threading.ExecutionContext.RunInternal(System.Threading.ExecutionContext, System.Threading.ContextCallback, object)
         [23] void System.Runtime.CompilerServices.AsyncTaskMethodBuilder`1+AsyncStateMachineBox`1.MoveNext()
         [24] void Godot.SignalAwaiter.SignalCallback(nint, Godot.NativeInterop.godot_variant**, int, Godot.NativeInterop.godot_bool*) (/root/godot/modules/mono/glue/GodotSharp/GodotSharp/Core/SignalAwaiter.cs:65)
walk-frame: computer-aisle--0.15-1.10 actual-player-position=(-28.97192, 0.5943085, -5.545811)
walk-frame: computer-aisle-0.00--1.15 actual-player-position=(-30.457363, 0.5943085, -6.372391)
walk-frame: approach-urman.chapter1:interaction/talk-mansur actual-player-position=(-30.126621, 0.5943085, -6.591335)
walk-frame: computer-aisle--0.15-1.10 actual-player-position=(-28.959564, 0.5943085, -5.6020517)
walk-frame: computer-aisle-0.00--1.15 actual-player-position=(-30.467459, 0.5943085, -6.3868732)
SaveGameV3 written to /Users/unterlantas/Library/Application Support/Godot/app_userdata/URMAN/savegames/checkpoint.savegame-v3.json
checkpoint: auto-saved at urman.chapter1:scene/evidence-tatarwiki-reread
walk-frame: approach-urman.chapter1:interaction/internal-register-to-rinat actual-player-position=(-30.210644, 0.5943085, -7.3739605)
source-returns-proof: two actual archive sources, explicit Mansur reply, bounded accounting comparison, actual Rinat question, hypothesis labels; order=note-first; no repeated pressure or early rule; traversal, interest and duration remain separate
walk-frame: computer-aisle--0.15-1.10 actual-player-position=(-28.918179, 0.5943085, -5.651794)
walk-frame: computer-aisle-0.00--1.15 actual-player-position=(-30.450226, 0.5943085, -6.3883643)
[401] scene.entered: urman.chapter1:interaction/reread-to-edge-sketch
SaveGameV3 written to /Users/unterlantas/Library/Application Support/Godot/app_userdata/URMAN/savegames/checkpoint.savegame-v3.json
checkpoint: auto-saved at urman.chapter1:scene/evidence-edge-sketch
walk-frame: house-exit-aisle--0.15-1.10 actual-player-position=(-28.972164, 0.5943085, -5.5487084)
walk-frame: house-exit-aisle--2.82-1.10 actual-player-position=(-29.793795, 0.5943085, -3.2548685)
walk-frame: house-exit-aisle--2.82-2.30 actual-player-position=(-29.030317, 0.5943085, -2.6674967)
zone-loaded: village_day@from_house connected-world=109404230304
address-audit-lifecycle: epoch=16 presentation=16 stage=restoring-exterior access=ACC-ADR-H001 zone=village_day exterior=True ready=True frame=10895 
address-audit-lifecycle: epoch=16 presentation=16 stage=search-start access=ACC-ADR-H001 zone=village_day exterior=True ready=True frame=10898 
address-support-probe: ACC-ADR-H001 approach start result=accepted supplied=(-11.175, -0.057786692, 52.858) floor=(-11.175, -0.09279674, 52.858) acceptedFeet=(-11.175, -0.09238659, 52.858) lift=0.035; normal=(0.030481592, 0.9992853, -0.02235863) depth=0.0012892791 owner=landing: /root/Act1FirstPersonWalkthroughSmokeTest/Act1Demo/Main/ZoneHost/Act1ConnectedWorld/Act1CoreWorldGreybox/AgentBExteriorWorld/AgentB_TerrainCollision shape 0 playerCanStandAtLanded=True; 
address-support-probe: ACC-ADR-H001 road anchor result=accepted supplied=(0, -0.37098423, 40) floor=(0, -0.40597734, 40) acceptedFeet=(0, -0.4060164, 40) lift=0.035; normal=(-0.0013540798, 0.9999418, 0.0107045155) depth=0.0015086124 owner=landing: /root/Act1FirstPersonWalkthroughSmokeTest/Act1Demo/Main/ZoneHost/Act1ConnectedWorld/Act1CoreWorldGreybox/AgentBExteriorWorld/AgentB_TerrainCollision shape 0 playerCanStandAtLanded=True; 
walk-frame: timur-route-outward--26.05-0.2 actual-player-position=(-26.069227, 0.2961589, -0.055958197)
walk-frame: timur-route-outward--26.05-2.2 actual-player-position=(-26.052837, 0.31674847, 1.9266301)
walk-frame: timur-route-outward--25.2-2.6 actual-player-position=(-25.432093, 0.36242062, 2.4163146)
walk-frame: timur-route-outward--24.42-2.4 actual-player-position=(-24.696234, 0.38443008, 2.4038928)
walk-frame: timur-route-outward--24-1.2 actual-player-position=(-24.12875, 0.36176404, 1.4226301)
walk-frame: timur-route-outward--19-0 actual-player-position=(-19.267307, 0.16979969, 0.07413736)
walk-frame: timur-route-outward--12--2.5 actual-player-position=(-12.265678, -0.29082525, -2.4058948)
walk-frame: timur-route-outward--6--5.5 actual-player-position=(-6.2211666, -0.30419198, -5.390872)
walk-frame: timur-route-outward--1.2--8 actual-player-position=(-1.4455022, -0.24308917, -7.872403)
walk-frame: timur-route-outward-0--19 actual-player-position=(-0.03705293, -0.22873777, -18.715525)
walk-mosque-access-observation: phase=before-heard-load zone=village_day exterior=True access=ACC-ADR-MOSQUE cachedState=verified approachStart=(-44.95, 1.6854045, -41.4) targetY=1.6854045 floor=(-44.95, 1.6503983, -41.4) normal=(0.24159737, 0.9703123, -0.011172825) supportOwner=/root/Act1FirstPersonWalkthroughSmokeTest/Act1Demo/Main/ZoneHost/Act1ConnectedWorld/Act1CoreWorldGreybox/AgentBExteriorWorld/AgentB_TerrainCollision playerFeet=(-0.03705293, -0.22873777, -18.715525) grounded=True standingClear=True
SaveGameV3 written to /Users/unterlantas/Library/Application Support/Godot/app_userdata/URMAN/savegames/walk-mosque-heard.savegame-v3.json
address-audit-lifecycle: epoch=17 presentation=16 stage=waiting-for-exterior access=ACC-ADR-H001 zone=village_day exterior=True ready=False frame=11674 
zone-loaded: village_day@from_house connected-world=109404230304
address-audit-lifecycle: epoch=18 presentation=17 stage=waiting-for-exterior access=ACC-ADR-H001 zone=village_day exterior=True ready=False frame=11682 
SaveGameV3 restored.
address-audit-lifecycle: epoch=19 presentation=17 stage=restoring-exterior access=ACC-ADR-H001 zone=village_day exterior=True ready=True frame=11684 
address-audit-lifecycle: epoch=19 presentation=17 stage=search-start access=ACC-ADR-H001 zone=village_day exterior=True ready=True frame=11687 
address-support-probe: ACC-ADR-H001 approach start result=accepted supplied=(-11.175, -0.057786692, 52.858) floor=(-11.175, -0.09279674, 52.858) acceptedFeet=(-11.175, -0.09238659, 52.858) lift=0.035; normal=(0.030481592, 0.9992853, -0.02235863) depth=0.0012892791 owner=landing: /root/Act1FirstPersonWalkthroughSmokeTest/Act1Demo/Main/ZoneHost/Act1ConnectedWorld/Act1CoreWorldGreybox/AgentBExteriorWorld/AgentB_TerrainCollision shape 0 playerCanStandAtLanded=True; 
address-support-probe: ACC-ADR-H001 road anchor result=accepted supplied=(0, -0.37098423, 40) floor=(0, -0.40597734, 40) acceptedFeet=(0, -0.4060164, 40) lift=0.035; normal=(-0.0013540798, 0.9999418, 0.0107045155) depth=0.0015086124 owner=landing: /root/Act1FirstPersonWalkthroughSmokeTest/Act1Demo/Main/ZoneHost/Act1ConnectedWorld/Act1CoreWorldGreybox/AgentBExteriorWorld/AgentB_TerrainCollision shape 0 playerCanStandAtLanded=True; 
walk-mosque-access-observation: phase=after-heard-load zone=village_day exterior=True access=ACC-ADR-MOSQUE cachedState=verified approachStart=(-44.95, 1.6854045, -41.4) targetY=1.6854045 floor=(-44.95, 1.6503983, -41.4) normal=(0.24159737, 0.9703123, -0.011172825) supportOwner=/root/Act1FirstPersonWalkthroughSmokeTest/Act1Demo/Main/ZoneHost/Act1ConnectedWorld/Act1CoreWorldGreybox/AgentBExteriorWorld/AgentB_TerrainCollision playerFeet=(-0.03705293, -0.22873777, -18.715525) grounded=True standingClear=True
walk-frame: mosque-access-0 actual-player-position=(-0.007766346, -0.2363647, -18.940372)
walk-frame: mosque-access-1 actual-player-position=(-0.2338937, -0.3380636, -38.80812)
walk-frame: mosque-access-2 actual-player-position=(-0.39918232, -0.29682884, -53.424694)
walk-frame: mosque-access-3 actual-player-position=(0.009712759, -0.35238028, -59.644596)
walk-frame: mosque-access-4 actual-player-position=(-4.1107883, -0.35562313, -60.000473)
walk-frame: mosque-access-5 actual-player-position=(-5.3243003, -0.370431, -59.524937)
walk-frame: mosque-access-6 actual-player-position=(-6.910944, -0.39298952, -59.50098)
walk-frame: mosque-access-7 actual-player-position=(-8.497715, -0.41444972, -59.50004)
walk-frame: mosque-access-8 actual-player-position=(-10.08436, -0.42948878, -59.500004)
walk-frame: mosque-access-9 actual-player-position=(-11.671057, -0.44527975, -59.500004)
walk-frame: mosque-access-10 actual-player-position=(-13.124031, -0.4277906, -60.13627)
walk-frame: mosque-access-11 actual-player-position=(-14.471038, -0.37784845, -60.97143)
walk-frame: mosque-access-12 actual-player-position=(-15.818836, -0.31979537, -61.80432)
walk-frame: mosque-access-13 actual-player-position=(-17.206394, -0.24929288, -62.56704)
walk-frame: mosque-access-14 actual-player-position=(-18.68624, -0.18478155, -63.13165)
walk-frame: mosque-access-15 actual-player-position=(-20.25206, -0.117288604, -63.36725)
walk-frame: mosque-access-16 actual-player-position=(-21.817343, -0.07058519, -63.617607)
walk-frame: mosque-access-17 actual-player-position=(-23.319265, -0.0018543628, -64.11947)
walk-frame: mosque-access-18 actual-player-position=(-24.36903, 0.041656327, -65.23047)
walk-frame: mosque-access-19 actual-player-position=(-24.689411, 0.047771577, -66.72624)
walk-frame: mosque-access-20 actual-player-position=(-25.039665, 0.05642491, -68.21525)
walk-frame: mosque-access-21 actual-player-position=(-26.53651, 0.15616551, -67.93156)
walk-frame: mosque-access-22 actual-player-position=(-28.046473, 0.27579743, -67.47499)
walk-frame: mosque-access-23 actual-player-position=(-29.223269, 0.3897975, -67.40463)
walk-frame: mosque-access-24 actual-player-position=(-29.267073, 0.39338252, -67.44021)
walk-frame: mosque-access-25 actual-player-position=(-29.29153, 0.3922009, -67.60843)
walk-frame: mosque-access-26 actual-player-position=(-29.295364, 0.3922009, -67.66496)
walk-frame: mosque-access-27 actual-player-position=(-29.299286, 0.38532588, -68.11827)
walk-frame: mosque-access-28 actual-player-position=(-29.381226, 0.39180925, -68.26692)
walk-frame: mosque-access-29 actual-player-position=(-29.417095, 0.39467308, -68.31059)
walk-frame: mosque-access-30 actual-player-position=(-29.573624, 0.40760246, -68.47344)
walk-frame: mosque-access-31 actual-player-position=(-29.613266, 0.41088498, -68.51365)
walk-frame: mosque-access-32 actual-player-position=(-29.65305, 0.41417748, -68.55373)
walk-frame: mosque-access-33 actual-player-position=(-29.930897, 0.440281, -68.594894)
walk-frame: mosque-access-34 actual-player-position=(-29.986988, 0.44555572, -68.59775)
walk-frame: mosque-access-35 actual-player-position=(-30.663315, 0.49458432, -68.59995)
walk-frame: mosque-access-36 actual-player-position=(-31.56604, 0.5537254, -68.59999)
walk-frame: mosque-access-37 actual-player-position=(-31.622463, 0.55739874, -68.59999)
walk-frame: mosque-access-38 actual-player-position=(-31.791733, 0.56842804, -68.6)
walk-frame: mosque-access-39 actual-player-position=(-31.848152, 0.5721082, -68.6)
walk-frame: mosque-access-40 actual-player-position=(-31.90458, 0.5757253, -68.6)
walk-frame: mosque-access-41 actual-player-position=(-32.01742, 0.58313525, -68.6)
walk-frame: mosque-access-42 actual-player-position=(-32.288116, 0.60277593, -68.39609)
walk-frame: mosque-access-43 actual-player-position=(-32.614933, 0.62050164, -68.08303)
walk-frame: mosque-access-44 actual-player-position=(-32.69538, 0.62462026, -68.00345)
walk-frame: mosque-access-45 actual-player-position=(-32.775658, 0.62881863, -67.92369)
walk-frame: mosque-access-46 actual-player-position=(-32.815704, 0.630907, -67.88372)
walk-frame: mosque-access-47 actual-player-position=(-32.855724, 0.6329713, -67.84371)
walk-frame: mosque-access-48 actual-player-position=(-32.897087, 0.6329713, -67.05154)
walk-frame: mosque-access-49 actual-player-position=(-32.899784, 0.6258813, -66.25824)
walk-frame: mosque-access-50 actual-player-position=(-32.99909, 0.62914467, -66.12036)
walk-frame: mosque-access-51 actual-player-position=(-33.07181, 0.63020784, -66.0335)
walk-frame: mosque-access-52 actual-player-position=(-33.110424, 0.6320762, -65.99207)
walk-frame: mosque-access-53 actual-player-position=(-33.18969, 0.6346129, -65.91116)
walk-frame: mosque-access-54 actual-player-position=(-33.509495, 0.64401346, -65.590225)
walk-frame: mosque-access-55 actual-player-position=(-33.549522, 0.6452143, -65.55016)
walk-frame: mosque-access-56 actual-player-position=(-33.909832, 0.6564409, -65.18965)
walk-frame: mosque-access-57 actual-player-position=(-35.11159, 0.6795331, -63.9881)
walk-frame: mosque-access-58 actual-player-position=(-35.311813, 0.6830428, -63.78773)
walk-frame: mosque-access-59 actual-player-position=(-35.351894, 0.6830428, -63.747684)
walk-frame: mosque-access-60 actual-player-position=(-35.512074, 0.68566763, -63.587402)
walk-frame: mosque-access-61 actual-player-position=(-35.592224, 0.68675673, -63.507317)
walk-frame: mosque-access-62 actual-player-position=(-35.672276, 0.6908378, -63.42725)
walk-frame: mosque-access-63 actual-player-position=(-35.71233, 0.69192845, -63.38721)
walk-frame: mosque-access-64 actual-player-position=(-35.872513, 0.6971293, -63.22705)
walk-frame: mosque-access-65 actual-player-position=(-35.912563, 0.6984733, -63.187016)
walk-frame: mosque-access-66 actual-player-position=(-35.992634, 0.7012379, -63.106922)
walk-frame: mosque-access-67 actual-player-position=(-36.513466, 0.71194005, -62.5863)
walk-frame: mosque-access-68 actual-player-position=(-36.553505, 0.7135909, -62.546246)
walk-frame: mosque-access-69 actual-player-position=(-36.593555, 0.7147702, -62.5062)
walk-frame: mosque-access-70 actual-player-position=(-36.99407, 0.7250359, -62.10564)
walk-frame: mosque-access-71 actual-player-position=(-37.07416, 0.7271964, -62.025528)
walk-frame: mosque-access-72 actual-player-position=(-37.11423, 0.7271964, -61.985466)
walk-frame: mosque-access-73 actual-player-position=(-37.314484, 0.7271964, -61.785103)
walk-frame: mosque-access-74 actual-player-position=(-37.354473, 0.72927344, -61.744987)
walk-frame: mosque-access-75 actual-player-position=(-37.47469, 0.72927344, -61.62483)
walk-frame: mosque-access-76 actual-player-position=(-37.554768, 0.7311626, -61.54468)
walk-frame: mosque-access-77 actual-player-position=(-37.674923, 0.7342746, -61.424522)
walk-frame: mosque-access-78 actual-player-position=(-37.69008, 0.73309296, -61.312214)
walk-frame: mosque-access-79 actual-player-position=(-37.69737, 0.7319113, -61.19912)
walk-frame: mosque-access-80 actual-player-position=(-37.69961, 0.7255734, -60.745796)
walk-frame: mosque-access-81 actual-player-position=(-37.699764, 0.7255734, -60.689125)
walk-frame: mosque-access-82 actual-player-position=(-37.69994, 0.7228879, -60.51913)
walk-frame: mosque-access-83 actual-player-position=(-37.69999, 0.7154207, -60.009117)
walk-frame: mosque-access-84 actual-player-position=(-37.69999, 0.7154207, -59.95244)
walk-frame: mosque-access-85 actual-player-position=(-37.699993, 0.71359456, -59.839096)
walk-frame: mosque-access-86 actual-player-position=(-37.699993, 0.7117684, -59.782433)
walk-frame: mosque-access-87 actual-player-position=(-37.699993, 0.7117684, -59.72576)
walk-frame: mosque-access-88 actual-player-position=(-37.69999, 0.7099422, -59.612423)
walk-frame: mosque-access-89 actual-player-position=(-37.69999, 0.70843834, -59.55576)
address-audit-lifecycle: epoch=19 presentation=17 stage=blocked access=ACC-ADR-H001 zone=village_day exterior=True ready=True frame=14011 testedAccess=ACC-ADR-H001 supplied=(-11.175, -0.057786692, 52.858) reason=standing body route not found; examined 4018 cells; no walkable tread within controller step height: /root/Act1FirstPersonWalkthroughSmokeTest/Act1Demo/Main/ZoneHost/Act1ConnectedWorld/Act1CoreWorldGreybox/AgentBExteriorWorld/AgentB_ArchitectureCollision shape 447 advanceProbe={"phase":"projected-floor-step-rejected","from":"(-6.0317845, -0.3163771, 46.941685)","requested":"(-0.05246479, 0, 0.060366206)","projected":"(-0.05246479, 0.0037597888, 0.060366206)","floorNormalY":0.70710677,"radius":0.35,"height":1.8,"margin":0.001,"collisionMask":3,"recoveryAsCollision":false,"initial":{"travel":"(-0.011543857, 0.00080630183, 0.013307751)","remainder":"(-0.04088565, 0, 0.047043197)","safeFraction":0.22070312,"unsafeFraction":0.2265625,"contacts":[{"owner":"/root/Act1FirstPersonWalkthroughSmokeTest/Act1Demo/Main/ZoneHost/Act1ConnectedWorld/Act1CoreWorldGreybox/AgentBExteriorWorld/AgentB_TerrainCollision","shape":0,"point":"(-6.0593543, -0.3151065, 46.963455)","normal":"(0.044912856, 0.9987222, -0.023169268)","directionDot":-0.046949655,"depth":0.0010170708}]},"secondary":{"travel":"(-0.042387415, 0.0038464435, 0.04879648)","remainder":"(-0.01004209, 0.00071964716, 0.011554468)","safeFraction":0.80859375,"unsafeFraction":0.8144531,"contacts":[{"owner":"/root/Act1FirstPersonWalkthroughSmokeTest/Act1Demo/Main/ZoneHost/Act1ConnectedWorld/Act1CoreWorldGreybox/AgentBExteriorWorld/AgentB_ArchitectureCollision","shape":447,"point":"(-6.155705, 0.021099303, 47.33084)","normal":"(0.23210005, 0.04684014, -0.97156346)","directionDot":-0.8855665,"depth":0.0010405451},{"owner":"/root/Act1FirstPersonWalkthroughSmokeTest/Act1Demo/Main/ZoneHost/Act1ConnectedWorld/Act1CoreWorldGreybox/AgentBExteriorWorld/AgentB_TerrainCollision","shape":0,"point":"(-6.090236, -0.3128939, 46.998962)","normal":"(0.044912856, 0.9987222, -0.023169268)","directionDot":-0.046949655,"depth":0.00016642628}]}}
address-audit-lifecycle: epoch=19 presentation=17 stage=search-start access=ACC-ADR-H002 zone=village_day exterior=True ready=True frame=14012 
address-support-probe: ACC-ADR-H002 approach start result=accepted supplied=(4.855193, -0.29467657, 54.414326) floor=(4.855193, -0.3296608, 54.414326) acceptedFeet=(4.855193, -0.32880142, 54.414326) lift=0.035; normal=(-0.018003395, 0.99818355, -0.057492856) depth=0.0012263104 owner=landing: /root/Act1FirstPersonWalkthroughSmokeTest/Act1Demo/Main/ZoneHost/Act1ConnectedWorld/Act1CoreWorldGreybox/AgentBExteriorWorld/AgentB_TerrainCollision shape 0 playerCanStandAtLanded=True; 
address-support-probe: ACC-ADR-H002 road anchor result=accepted supplied=(0, -0.37098423, 40) floor=(0, -0.40597734, 40) acceptedFeet=(0, -0.4060164, 40) lift=0.035; normal=(-0.0013540798, 0.9999418, 0.0107045155) depth=0.0015086124 owner=landing: /root/Act1FirstPersonWalkthroughSmokeTest/Act1Demo/Main/ZoneHost/Act1ConnectedWorld/Act1CoreWorldGreybox/AgentBExteriorWorld/AgentB_TerrainCollision shape 0 playerCanStandAtLanded=True; 
walk-frame: mosque-access-90 actual-player-position=(-37.699993, 0.69262314, -58.422344)
walk-frame: mosque-access-91 actual-player-position=(-37.699997, 0.690797, -58.309006)
walk-frame: mosque-access-92 actual-player-position=(-37.699986, 0.690797, -58.252327)
walk-frame: mosque-access-93 actual-player-position=(-37.699986, 0.6896153, -58.19566)
walk-frame: mosque-access-94 actual-player-position=(-37.699978, 0.6896153, -58.13899)
walk-frame: mosque-access-95 actual-player-position=(-37.69996, 0.6881114, -58.082325)
walk-frame: mosque-access-96 actual-player-position=(-37.699905, 0.6881114, -57.968994)
walk-frame: mosque-access-97 actual-player-position=(-37.69986, 0.6881114, -57.91233)
walk-frame: mosque-access-98 actual-player-position=(-37.699753, 0.6897461, -57.572346)
walk-frame: mosque-access-99 actual-player-position=(-37.69974, 0.6897461, -57.515682)
walk-frame: mosque-access-100 actual-player-position=(-37.699734, 0.6897461, -57.45902)
walk-frame: mosque-access-101 actual-player-position=(-37.69972, 0.6897461, -57.40236)
walk-frame: mosque-access-102 actual-player-position=(-37.69967, 0.6917576, -57.062397)
walk-frame: mosque-access-103 actual-player-position=(-37.722607, 0.6938031, -57.01064)
walk-frame: mosque-access-104 actual-player-position=(-37.827873, 0.6997313, -56.877403)
walk-frame: mosque-access-105 actual-player-position=(-37.866318, 0.70179415, -56.835876)
address-audit-lifecycle: epoch=19 presentation=17 stage=path-committed access=ACC-ADR-H002 zone=village_day exterior=True ready=True frame=14199 testedAccess=ACC-ADR-H002 supplied=(4.855193, -0.29467657, 54.414326) reason=
address-audit-lifecycle: epoch=19 presentation=17 stage=search-start access=ACC-ADR-H003 zone=village_day exterior=True ready=True frame=14200 
address-support-probe: ACC-ADR-H003 approach start result=accepted supplied=(-10.219967, -0.13834216, 47.113937) floor=(-10.219967, -0.17333227, 47.113937) acceptedFeet=(-10.219967, -0.17292212, 47.113937) lift=0.035; normal=(0.0098755695, 0.99970776, -0.022066025) depth=0.0011413516 owner=landing: /root/Act1FirstPersonWalkthroughSmokeTest/Act1Demo/Main/ZoneHost/Act1ConnectedWorld/Act1CoreWorldGreybox/AgentBExteriorWorld/AgentB_TerrainCollision shape 0 playerCanStandAtLanded=True; 
address-support-probe: ACC-ADR-H003 road anchor result=accepted supplied=(2.8199209E-05, -0.533572, 45.999985) floor=(2.8199209E-05, -0.5338347, 45.999985) acceptedFeet=(2.8199209E-05, -0.53342456, 45.999985) lift=0.035; normal=(0.023610974, 0.9996777, -0.009334632) depth=0.0011519397 owner=landing: /root/Act1FirstPersonWalkthroughSmokeTest/Act1Demo/Main/ZoneHost/Act1ConnectedWorld/Act1CoreWorldGreybox/AgentBExteriorWorld/AgentB_TerrainCollision shape 0 playerCanStandAtLanded=True; 
walk-frame: mosque-access-106 actual-player-position=(-37.90568, 0.7039045, -56.795227)
walk-frame: mosque-access-107 actual-player-position=(-37.94539, 0.70604396, -56.754913)
walk-frame: mosque-access-108 actual-player-position=(-38.065136, 0.7121154, -56.634563)
walk-frame: mosque-access-109 actual-player-position=(-38.096634, 0.7144042, -56.23922)
address-audit-lifecycle: epoch=19 presentation=17 stage=path-committed access=ACC-ADR-H003 zone=village_day exterior=True ready=True frame=14256 testedAccess=ACC-ADR-H003 supplied=(-10.219967, -0.13834216, 47.113937) reason=
address-audit-lifecycle: epoch=19 presentation=17 stage=search-start access=ACC-ADR-H004 zone=village_day exterior=True ready=True frame=14256 
address-support-probe: ACC-ADR-H004 approach start result=accepted supplied=(-22.960573, 0.7507051, 58.121994) floor=(-22.960573, 0.7157096, 58.121994) acceptedFeet=(-22.960573, 0.7174675, 58.121994) lift=0.035; normal=(0.017728206, 0.9960968, -0.08646897) depth=0.0010628201 owner=landing: /root/Act1FirstPersonWalkthroughSmokeTest/Act1Demo/Main/ZoneHost/Act1ConnectedWorld/Act1CoreWorldGreybox/AgentBExteriorWorld/AgentB_TerrainCollision shape 0 playerCanStandAtLanded=True; 
address-support-probe: ACC-ADR-H004 road anchor result=accepted supplied=(2.8199209E-05, -0.533572, 45.999985) floor=(2.8199209E-05, -0.5338347, 45.999985) acceptedFeet=(2.8199209E-05, -0.53342456, 45.999985) lift=0.035; normal=(0.023610974, 0.9996777, -0.009334632) depth=0.0011519397 owner=landing: /root/Act1FirstPersonWalkthroughSmokeTest/Act1Demo/Main/ZoneHost/Act1ConnectedWorld/Act1CoreWorldGreybox/AgentBExteriorWorld/AgentB_TerrainCollision shape 0 playerCanStandAtLanded=True; 
walk-frame: mosque-access-110 actual-player-position=(-38.125587, 0.71579427, -56.190548)
walk-frame: mosque-access-111 actual-player-position=(-38.20046, 0.72047544, -56.105694)
walk-frame: mosque-access-112 actual-player-position=(-38.317944, 0.7258045, -55.983067)
walk-frame: mosque-access-113 actual-player-position=(-38.357624, 0.72752416, -55.942707)
walk-frame: mosque-access-114 actual-player-position=(-38.43745, 0.73102736, -55.86244)
walk-frame: mosque-access-115 actual-player-position=(-38.46204, 0.7318556, -55.81141)
walk-frame: mosque-access-116 actual-player-position=(-38.49057, 0.7331994, -55.70175)
walk-frame: mosque-access-117 actual-player-position=(-38.49567, 0.7331994, -55.64532)
walk-frame: mosque-access-118 actual-player-position=(-38.49774, 0.7331994, -55.588696)
walk-frame: mosque-access-119 actual-player-position=(-38.49897, 0.7331994, -55.475376)
walk-frame: mosque-access-120 actual-player-position=(-38.86377, 0.7494411, -55.04243)
walk-frame: mosque-access-121 actual-player-position=(-38.8961, 0.74707776, -54.647118)
walk-frame: mosque-access-122 actual-player-position=(-38.923565, 0.74707776, -54.59757)
walk-frame: mosque-access-123 actual-player-position=(-38.95841, 0.74904215, -54.55293)
walk-frame: mosque-access-124 actual-player-position=(-38.996006, 0.75019807, -54.510567)
walk-frame: mosque-access-125 actual-player-position=(-39.27315, 0.7578466, -54.22706)
walk-frame: mosque-access-126 actual-player-position=(-39.2949, 0.75666493, -53.94458)
walk-frame: mosque-access-127 actual-player-position=(-39.296852, 0.75666493, -53.88795)
walk-frame: mosque-access-128 actual-player-position=(-39.29964, 0.75666493, -53.434673)
walk-frame: mosque-access-129 actual-player-position=(-39.328472, 0.75844455, -53.38594)
walk-frame: mosque-access-130 actual-player-position=(-39.403835, 0.761821, -53.30141)
walk-frame: mosque-access-131 actual-player-position=(-39.442703, 0.7638787, -53.260254)
walk-frame: mosque-access-132 actual-player-position=(-39.60152, 0.7705252, -53.09882)
walk-frame: mosque-access-133 actual-player-position=(-39.64143, 0.7714547, -53.05863)
walk-frame: mosque-access-134 actual-player-position=(-39.685303, 0.773992, -52.954185)
walk-frame: mosque-access-135 actual-player-position=(-39.692425, 0.773992, -52.897972)
walk-frame: mosque-access-136 actual-player-position=(-39.698032, 0.773992, -52.671394)
walk-frame: mosque-access-137 actual-player-position=(-39.826008, 0.7802601, -52.4845)
walk-frame: mosque-access-138 actual-player-position=(-40.0602, 0.80500096, -52.24051)
walk-frame: mosque-access-139 actual-player-position=(-40.079548, 0.80723387, -52.18734)
walk-frame: mosque-access-140 actual-player-position=(-40.088753, 0.8080557, -52.131447)
walk-frame: mosque-access-141 actual-player-position=(-40.093426, 0.8080557, -52.074978)
walk-frame: mosque-access-142 actual-player-position=(-40.095924, 0.8080557, -52.01837)
walk-frame: mosque-access-143 actual-player-position=(-40.0988, 0.8080557, -51.848408)
walk-frame: mosque-access-144 actual-player-position=(-40.124554, 0.8115577, -51.798145)
walk-frame: mosque-access-145 actual-player-position=(-40.15873, 0.8153267, -51.753265)
walk-frame: mosque-access-146 actual-player-position=(-40.31283, 0.831857, -51.58871)
walk-frame: mosque-access-147 actual-player-position=(-40.35214, 0.83606416, -51.54833)
walk-frame: mosque-access-148 actual-player-position=(-40.471115, 0.84875625, -51.42825)
walk-frame: mosque-access-149 actual-player-position=(-40.493126, 0.8543989, -51.08907)
walk-frame: mosque-access-150 actual-player-position=(-40.65676, 0.8726385, -50.85921)
walk-frame: mosque-access-151 actual-player-position=(-40.693157, 0.8765926, -50.81614)
walk-frame: mosque-access-152 actual-player-position=(-40.84838, 0.89561826, -50.65317)
walk-frame: mosque-access-153 actual-player-position=(-40.89238, 0.90824074, -50.259365)
walk-frame: mosque-access-154 actual-player-position=(-41.02745, 0.92608744, -50.079098)
walk-frame: mosque-access-155 actual-player-position=(-41.065277, 0.930905, -50.037457)
walk-frame: mosque-access-156 actual-player-position=(-41.14374, 0.9407834, -49.956886)
walk-frame: mosque-access-157 actual-player-position=(-41.222786, 0.9501799, -49.876774)
walk-frame: mosque-access-158 actual-player-position=(-41.26252, 0.9543993, -49.836823)
walk-frame: mosque-access-159 actual-player-position=(-41.29771, 0.9600222, -49.10112)
walk-frame: mosque-access-160 actual-player-position=(-41.29872, 0.9600222, -49.044468)
walk-frame: mosque-access-161 actual-player-position=(-41.36315, 0.96684116, -48.951714)
walk-frame: mosque-access-162 actual-player-position=(-41.39957, 0.9705052, -48.90862)
walk-frame: mosque-access-163 actual-player-position=(-41.475792, 0.9781538, -48.825462)
walk-frame: mosque-access-164 actual-player-position=(-41.554794, 0.9861354, -48.745)
address-audit-lifecycle: epoch=19 presentation=17 stage=path-committed access=ACC-ADR-H004 zone=village_day exterior=True ready=True frame=14920 testedAccess=ACC-ADR-H004 supplied=(-22.960573, 0.7507051, 58.121994) reason=
address-audit-lifecycle: epoch=19 presentation=17 stage=search-start access=ACC-ADR-H005 zone=village_day exterior=True ready=True frame=14920 
address-support-probe: ACC-ADR-H005 approach start result=standing body blocked before landing probe supplied=(10.760154, -0.15727673, 55.174862) floor=(10.760154, -0.19227445, 55.174862) bodyCentre=(0, 0.9, 0) radius=0.35 height=1.8 margin=.001; lift=0.035 initial=(10.760154, -0.15727445, 55.174862) contacts=[/root/Act1FirstPersonWalkthroughSmokeTest/Act1Demo/Main/ZoneHost/Act1ConnectedWorld/Act1CoreWorldGreybox/Arrival/ArrivalReverseEdgeHouseEast/AuthoredKitCollisionProxy shape 7 | /root/Act1FirstPersonWalkthroughSmokeTest/Act1Demo/Main/ZoneHost/Act1ConnectedWorld/Act1CoreWorldGreybox/Arrival/ArrivalReverseEdgeHouseEast/AuthoredKitCollisionProxy shape 8] playerCanStandAtInitial=False; lift=0.08 initial=(10.760154, -0.11227445, 55.174862) contacts=[/root/Act1FirstPersonWalkthroughSmokeTest/Act1Demo/Main/ZoneHost/Act1ConnectedWorld/Act1CoreWorldGreybox/Arrival/ArrivalReverseEdgeHouseEast/AuthoredKitCollisionProxy shape 7 | /root/Act1FirstPersonWalkthroughSmokeTest/Act1Demo/Main/ZoneHost/Act1ConnectedWorld/Act1CoreWorldGreybox/Arrival/ArrivalReverseEdgeHouseEast/AuthoredKitCollisionProxy shape 8] playerCanStandAtInitial=False; lift=0.15 initial=(10.760154, -0.042274445, 55.174862) contacts=[/root/Act1FirstPersonWalkthroughSmokeTest/Act1Demo/Main/ZoneHost/Act1ConnectedWorld/Act1CoreWorldGreybox/Arrival/ArrivalReverseEdgeHouseEast/AuthoredKitCollisionProxy shape 7 | /root/Act1FirstPersonWalkthroughSmokeTest/Act1Demo/Main/ZoneHost/Act1ConnectedWorld/Act1CoreWorldGreybox/Arrival/ArrivalReverseEdgeHouseEast/AuthoredKitCollisionProxy shape 8] playerCanStandAtInitial=False; lift=0.228 initial=(10.760154, 0.03572555, 55.174862) contacts=[/root/Act1FirstPersonWalkthroughSmokeTest/Act1Demo/Main/ZoneHost/Act1ConnectedWorld/Act1CoreWorldGreybox/Arrival/ArrivalReverseEdgeHouseEast/AuthoredKitCollisionProxy shape 7 | /root/Act1FirstPersonWalkthroughSmokeTest/Act1Demo/Main/ZoneHost/Act1ConnectedWorld/Act1CoreWorldGreybox/Arrival/ArrivalReverseEdgeHouseEast/AuthoredKitCollisionProxy shape 8] playerCanStandAtInitial=False
address-audit-lifecycle: epoch=19 presentation=17 stage=blocked access=ACC-ADR-H005 zone=village_day exterior=True ready=True frame=14920 testedAccess=ACC-ADR-H005 supplied=(10.760154, -0.15727673, 55.174862) reason=approach start: standing body blocked before landing probe
address-audit-lifecycle: epoch=19 presentation=17 stage=search-start access=ACC-ADR-H006 zone=village_day exterior=True ready=True frame=14920 
address-support-probe: ACC-ADR-H006 approach start result=accepted supplied=(-20.312351, 0.43006274, 38.7384) floor=(-20.312351, 0.39506674, 38.7384) acceptedFeet=(-20.312351, 0.39682454, 38.7384) lift=0.035; normal=(0.09302504, 0.9955922, -0.011940445) depth=0.0012398292 owner=landing: /root/Act1FirstPersonWalkthroughSmokeTest/Act1Demo/Main/ZoneHost/Act1ConnectedWorld/Act1CoreWorldGreybox/AgentBExteriorWorld/AgentB_TerrainCollision shape 0 playerCanStandAtLanded=True; 
address-support-probe: ACC-ADR-H006 road anchor result=accepted supplied=(-10.219832, -0.17321423, 47.11378) floor=(-10.219832, -0.17333707, 47.11378) acceptedFeet=(-10.219832, -0.17292692, 47.11378) lift=0.035; normal=(0.0098755695, 0.99970776, -0.022066025) depth=0.0011413516 owner=landing: /root/Act1FirstPersonWalkthroughSmokeTest/Act1Demo/Main/ZoneHost/Act1ConnectedWorld/Act1CoreWorldGreybox/AgentBExteriorWorld/AgentB_TerrainCollision shape 0 playerCanStandAtLanded=True; 
walk-frame: mosque-access-165 actual-player-position=(-41.674072, 0.99815434, -48.625084)
address-audit-lifecycle: epoch=19 presentation=17 stage=path-committed access=ACC-ADR-H006 zone=village_day exterior=True ready=True frame=14928 testedAccess=ACC-ADR-H006 supplied=(-20.312351, 0.43006274, 38.7384) reason=
address-audit-lifecycle: epoch=19 presentation=17 stage=search-start access=ACC-ADR-H007 zone=village_day exterior=True ready=True frame=14928 
address-support-probe: ACC-ADR-H007 approach start result=accepted supplied=(20.336876, -0.052908015, 39.29) floor=(20.336876, -0.087896824, 39.29) acceptedFeet=(20.336876, -0.08793588, 39.29) lift=0.035; normal=(-0.0044934787, 0.99998456, -0.0032578006) depth=0.0014937242 owner=landing: /root/Act1FirstPersonWalkthroughSmokeTest/Act1Demo/Main/ZoneHost/Act1ConnectedWorld/Act1CoreWorldGreybox/AgentBExteriorWorld/AgentB_TerrainCollision shape 0 playerCanStandAtLanded=True; 
address-support-probe: ACC-ADR-H007 road anchor result=accepted supplied=(4.3998723, -0.45151275, 50.79996) floor=(4.3998723, -0.45166153, 50.79996) acceptedFeet=(4.3998723, -0.4512514, 50.79996) lift=0.035; normal=(-0.022619994, 0.99970365, -0.008988872) depth=0.0011427599 owner=landing: /root/Act1FirstPersonWalkthroughSmokeTest/Act1Demo/Main/ZoneHost/Act1ConnectedWorld/Act1CoreWorldGreybox/AgentBExteriorWorld/AgentB_TerrainCollision shape 0 playerCanStandAtLanded=True; 
walk-frame: mosque-access-166 actual-player-position=(-41.694805, 0.9998558, -48.342564)
walk-frame: mosque-access-167 actual-player-position=(-41.696743, 0.9998558, -48.285934)
walk-frame: mosque-access-168 actual-player-position=(-41.698734, 0.9998558, -48.17263)
walk-frame: mosque-access-169 actual-player-position=(-41.699127, 0.9998558, -48.11597)
walk-frame: mosque-access-170 actual-player-position=(-41.69941, 1.0014393, -47.775986)
walk-frame: mosque-access-171 actual-player-position=(-41.69947, 1.0014393, -47.719322)
walk-frame: mosque-access-172 actual-player-position=(-41.699505, 1.0014393, -47.54933)
walk-frame: mosque-access-173 actual-player-position=(-41.699524, 1.0014393, -47.436005)
walk-frame: mosque-access-174 actual-player-position=(-41.69952, 1.0014393, -47.37934)
walk-frame: mosque-access-175 actual-player-position=(-41.69952, 1.0014393, -47.152687)
walk-frame: mosque-access-176 actual-player-position=(-41.69952, 1.0014393, -46.926033)
walk-frame: mosque-access-177 actual-player-position=(-41.699528, 1.0014393, -46.86937)
walk-frame: mosque-access-178 actual-player-position=(-41.699528, 1.0014393, -46.812706)
walk-frame: mosque-access-179 actual-player-position=(-41.69944, 1.0035309, -46.642715)
walk-frame: mosque-access-180 actual-player-position=(-41.69947, 1.0035309, -46.586052)
walk-frame: mosque-access-181 actual-player-position=(-41.69947, 1.0035309, -46.472725)
address-audit-lifecycle: epoch=19 presentation=17 stage=path-committed access=ACC-ADR-H007 zone=village_day exterior=True ready=True frame=15131 testedAccess=ACC-ADR-H007 supplied=(20.336876, -0.052908015, 39.29) reason=
address-audit-lifecycle: epoch=19 presentation=17 stage=search-start access=ACC-ADR-H008 zone=village_day exterior=True ready=True frame=15131 
address-support-probe: ACC-ADR-H008 approach start result=standing body blocked before landing probe supplied=(-13.815505, -0.084019616, 26.605806) floor=(-13.815505, -0.119054794, 26.605806) bodyCentre=(0, 0.9, 0) radius=0.35 height=1.8 margin=.001; lift=0.035 initial=(-13.815505, -0.0840548, 26.605806) contacts=[/root/Act1FirstPersonWalkthroughSmokeTest/Act1Demo/Main/ZoneHost/Act1ConnectedWorld/Act1CoreWorldGreybox/Act1AuthoredSightlineClosurePass/VillageLateralParcels/ArrivalReverseWestDomesticParcel/ArrivalReverseWestDomesticFacade/AuthoredKitCollisionProxy shape 20 | /root/Act1FirstPersonWalkthroughSmokeTest/Act1Demo/Main/ZoneHost/Act1ConnectedWorld/Act1CoreWorldGreybox/Act1AuthoredSightlineClosurePass/VillageLateralParcels/ArrivalReverseWestDomesticParcel/ArrivalReverseWestDomesticFacade/AuthoredKitCollisionProxy shape 21] playerCanStandAtInitial=False; lift=0.08 initial=(-13.815505, -0.039054796, 26.605806) contacts=[/root/Act1FirstPersonWalkthroughSmokeTest/Act1Demo/Main/ZoneHost/Act1ConnectedWorld/Act1CoreWorldGreybox/Act1AuthoredSightlineClosurePass/VillageLateralParcels/ArrivalReverseWestDomesticParcel/ArrivalReverseWestDomesticFacade/AuthoredKitCollisionProxy shape 20 | /root/Act1FirstPersonWalkthroughSmokeTest/Act1Demo/Main/ZoneHost/Act1ConnectedWorld/Act1CoreWorldGreybox/Act1AuthoredSightlineClosurePass/VillageLateralParcels/ArrivalReverseWestDomesticParcel/ArrivalReverseWestDomesticFacade/AuthoredKitCollisionProxy shape 21] playerCanStandAtInitial=False; lift=0.15 initial=(-13.815505, 0.030945212, 26.605806) contacts=[/root/Act1FirstPersonWalkthroughSmokeTest/Act1Demo/Main/ZoneHost/Act1ConnectedWorld/Act1CoreWorldGreybox/Act1AuthoredSightlineClosurePass/VillageLateralParcels/ArrivalReverseWestDomesticParcel/ArrivalReverseWestDomesticFacade/AuthoredKitCollisionProxy shape 20 | /root/Act1FirstPersonWalkthroughSmokeTest/Act1Demo/Main/ZoneHost/Act1ConnectedWorld/Act1CoreWorldGreybox/Act1AuthoredSightlineClosurePass/VillageLateralParcels/ArrivalReverseWestDomesticParcel/ArrivalReverseWestDomesticFacade/AuthoredKitCollisionProxy shape 21] playerCanStandAtInitial=False; lift=0.228 initial=(-13.815505, 0.108945206, 26.605806) contacts=[/root/Act1FirstPersonWalkthroughSmokeTest/Act1Demo/Main/ZoneHost/Act1ConnectedWorld/Act1CoreWorldGreybox/Act1AuthoredSightlineClosurePass/VillageLateralParcels/ArrivalReverseWestDomesticParcel/ArrivalReverseWestDomesticFacade/AuthoredKitCollisionProxy shape 20 | /root/Act1FirstPersonWalkthroughSmokeTest/Act1Demo/Main/ZoneHost/Act1ConnectedWorld/Act1CoreWorldGreybox/Act1AuthoredSightlineClosurePass/VillageLateralParcels/ArrivalReverseWestDomesticParcel/ArrivalReverseWestDomesticFacade/AuthoredKitCollisionProxy shape 21] playerCanStandAtInitial=False
address-audit-lifecycle: epoch=19 presentation=17 stage=blocked access=ACC-ADR-H008 zone=village_day exterior=True ready=True frame=15131 testedAccess=ACC-ADR-H008 supplied=(-13.815505, -0.084019616, 26.605806) reason=approach start: standing body blocked before landing probe
address-audit-lifecycle: epoch=19 presentation=17 stage=search-start access=ACC-ADR-H009 zone=village_day exterior=True ready=True frame=15131 
address-support-probe: ACC-ADR-H009 approach start result=accepted supplied=(6.247969, -0.22105315, 27.73547) floor=(6.247969, -0.25604406, 27.73547) acceptedFeet=(6.247969, -0.25608313, 27.73547) lift=0.035; normal=(-0.009851423, 0.9998176, 0.016362948) depth=0.0015519608 owner=landing: /root/Act1FirstPersonWalkthroughSmokeTest/Act1Demo/Main/ZoneHost/Act1ConnectedWorld/Act1CoreWorldGreybox/AgentBExteriorWorld/AgentB_TerrainCollision shape 0 playerCanStandAtLanded=True; 
address-support-probe: ACC-ADR-H009 road anchor result=accepted supplied=(0, -0.42386073, 27.73547) floor=(0, -0.34154192, 27.73547) acceptedFeet=(0, -0.341581, 27.73547) lift=0.035; normal=(-0.017122187, 0.9997782, -0.012265223) depth=0.0015657425 owner=landing: /root/Act1FirstPersonWalkthroughSmokeTest/Act1Demo/Main/ZoneHost/Act1ConnectedWorld/Act1CoreWorldGreybox/AgentBExteriorWorld/AgentB_TerrainCollision shape 0 playerCanStandAtLanded=True; 
address-audit-lifecycle: epoch=19 presentation=17 stage=path-committed access=ACC-ADR-H009 zone=village_day exterior=True ready=True frame=15136 testedAccess=ACC-ADR-H009 supplied=(6.247969, -0.22105315, 27.73547) reason=
address-audit-lifecycle: epoch=19 presentation=17 stage=search-start access=ACC-ADR-H010 zone=village_day exterior=True ready=True frame=15137 
address-support-probe: ACC-ADR-H010 approach start result=accepted supplied=(-22.309536, 0.47696427, 25.15531) floor=(-22.309536, 0.4420038, 25.15531) acceptedFeet=(-22.309536, 0.4437616, 25.15531) lift=0.035; normal=(0.0902629, 0.9958888, -0.0076258145) depth=0.0011355106 owner=landing: /root/Act1FirstPersonWalkthroughSmokeTest/Act1Demo/Main/ZoneHost/Act1ConnectedWorld/Act1CoreWorldGreybox/AgentBExteriorWorld/AgentB_TerrainCollision shape 0 playerCanStandAtLanded=True; 
address-support-probe: ACC-ADR-H010 road anchor result=accepted supplied=(-20.302935, 0.3957276, 38.73539) floor=(-20.302935, 0.3941508, 38.73539) acceptedFeet=(-20.302935, 0.3959086, 38.73539) lift=0.035; normal=(0.09302504, 0.9955922, -0.011940445) depth=0.0012397106 owner=landing: /root/Act1FirstPersonWalkthroughSmokeTest/Act1Demo/Main/ZoneHost/Act1ConnectedWorld/Act1CoreWorldGreybox/AgentBExteriorWorld/AgentB_TerrainCollision shape 0 playerCanStandAtLanded=True; 
walk-frame: mosque-access-182 actual-player-position=(-41.699455, 1.0035309, -46.41606)
walk-frame: mosque-access-183 actual-player-position=(-41.699432, 1.0035309, -46.302734)
walk-frame: mosque-access-184 actual-player-position=(-41.69941, 1.0035309, -46.24607)
walk-frame: mosque-access-185 actual-player-position=(-41.699596, 1.0035309, -45.84943)
walk-frame: mosque-access-186 actual-player-position=(-41.762234, 1.0105219, -45.755417)
walk-frame: mosque-access-187 actual-player-position=(-41.79812, 1.0137513, -45.71181)
walk-frame: mosque-access-188 actual-player-position=(-41.873238, 1.0237168, -45.628284)
walk-frame: mosque-access-189 actual-player-position=(-41.911858, 1.0306456, -45.588005)
walk-frame: mosque-access-190 actual-player-position=(-41.990158, 1.0447123, -45.50855)
walk-frame: mosque-access-191 actual-player-position=(-42.068775, 1.0588237, -45.429436)
walk-frame: mosque-access-192 actual-player-position=(-42.4629, 1.1296763, -45.03497)
address-audit-lifecycle: epoch=19 presentation=17 stage=path-committed access=ACC-ADR-H010 zone=village_day exterior=True ready=True frame=15264 testedAccess=ACC-ADR-H010 supplied=(-22.309536, 0.47696427, 25.15531) reason=
address-audit-lifecycle: epoch=19 presentation=17 stage=search-start access=ACC-ADR-H011 zone=village_day exterior=True ready=True frame=15264 
address-support-probe: ACC-ADR-H011 approach start result=accepted supplied=(25.44694, -0.030258436, 25.888031) floor=(25.44694, -0.06527954, 25.888031) acceptedFeet=(25.44694, -0.06486939, 25.888031) lift=0.035; normal=(0.0009548413, 0.9999911, 0.00410732) depth=0.0010421587 owner=landing: /root/Act1FirstPersonWalkthroughSmokeTest/Act1Demo/Main/ZoneHost/Act1ConnectedWorld/Act1CoreWorldGreybox/AgentBExteriorWorld/AgentB_TerrainCollision shape 0 playerCanStandAtLanded=True; 
address-support-probe: ACC-ADR-H011 road anchor result=accepted supplied=(20.336842, -0.08804287, 39.29) floor=(20.336842, -0.08789694, 39.29) acceptedFeet=(20.336842, -0.08748679, 39.29) lift=0.035; normal=(-0.0044934787, 0.99998456, -0.0032578006) depth=0.0010444215 owner=landing: /root/Act1FirstPersonWalkthroughSmokeTest/Act1Demo/Main/ZoneHost/Act1ConnectedWorld/Act1CoreWorldGreybox/AgentBExteriorWorld/AgentB_TerrainCollision shape 0 playerCanStandAtLanded=True; 
address-audit-lifecycle: epoch=19 presentation=17 stage=path-committed access=ACC-ADR-H011 zone=village_day exterior=True ready=True frame=15270 testedAccess=ACC-ADR-H011 supplied=(25.44694, -0.030258436, 25.888031) reason=
address-audit-lifecycle: epoch=19 presentation=17 stage=search-start access=ACC-ADR-H012 zone=village_day exterior=True ready=True frame=15270 
address-support-probe: ACC-ADR-H012 approach start result=accepted supplied=(-15.583599, 0.19049686, 17.399267) floor=(-15.583599, 0.1554752, 17.399267) acceptedFeet=(-15.583599, 0.15768223, 17.399267) lift=0.035; normal=(0.11220368, 0.99368507, -0.0005750177) depth=0.0014633968 owner=landing: /root/Act1FirstPersonWalkthroughSmokeTest/Act1Demo/Main/ZoneHost/Act1ConnectedWorld/Act1CoreWorldGreybox/AgentBExteriorWorld/AgentB_TerrainCollision shape 0 playerCanStandAtLanded=True; 
address-support-probe: ACC-ADR-H012 road anchor result=accepted supplied=(-22.309385, 0.44352624, 25.155306) floor=(-22.309385, 0.44199008, 25.155306) acceptedFeet=(-22.309385, 0.44374788, 25.155306) lift=0.035; normal=(0.0902629, 0.9958888, -0.0076258145) depth=0.0011355106 owner=landing: /root/Act1FirstPersonWalkthroughSmokeTest/Act1Demo/Main/ZoneHost/Act1ConnectedWorld/Act1CoreWorldGreybox/AgentBExteriorWorld/AgentB_TerrainCollision shape 0 playerCanStandAtLanded=True; 
walk-frame: mosque-access-193 actual-player-position=(-42.497326, 1.1261315, -44.185753)
walk-frame: mosque-access-194 actual-player-position=(-42.498493, 1.1280699, -43.78915)
walk-frame: mosque-access-195 actual-player-position=(-42.49824, 1.1363741, -42.656002)
walk-frame: mosque-access-196 actual-player-position=(-42.52219, 1.1414236, -42.60512)
walk-frame: mosque-access-197 actual-player-position=(-42.863274, 1.2067889, -42.23748)
walk-frame: mosque-access-198 actual-player-position=(-42.887897, 1.2123641, -42.069466)
walk-frame: mosque-access-199 actual-player-position=(-42.8925, 1.2123641, -42.012993)
walk-frame: mosque-access-200 actual-player-position=(-42.895035, 1.2123641, -41.956394)
walk-frame: mosque-access-201 actual-player-position=(-42.898026, 1.2123641, -41.84312)
walk-frame: mosque-access-202 actual-player-position=(-43.000973, 1.2316961, -41.710526)
walk-frame: mosque-access-203 actual-player-position=(-43.07485, 1.2448426, -41.62666)
walk-frame: mosque-access-204 actual-player-position=(-43.15268, 1.2588053, -41.546696)
walk-frame: mosque-access-205 actual-player-position=(-43.270454, 1.2798532, -41.427837)
walk-frame: mosque-access-206 actual-player-position=(-43.433136, 1.3116523, -41.407967)
walk-frame: mosque-access-207 actual-player-position=(-43.487583, 1.3223695, -41.404694)
walk-frame: mosque-access-208 actual-player-position=(-43.651142, 1.3547163, -41.4011)
walk-frame: mosque-access-209 actual-player-position=(-43.92385, 1.4085362, -41.400204)
walk-frame: mosque-access-210 actual-player-position=(-43.978394, 1.419278, -41.40014)
walk-frame: mosque-access-211 actual-player-position=(-44.084923, 1.4465684, -41.400112)
walk-frame: mosque-access-212 actual-player-position=(-44.191628, 1.4731408, -41.400078)
walk-frame: mosque-access-213 actual-player-position=(-44.244995, 1.4863896, -41.40008)
walk-frame: mosque-access-214 actual-player-position=(-44.298344, 1.4996804, -41.40008)
walk-frame: mosque-access-215 actual-player-position=(-44.885197, 1.6458292, -41.400093)
walk-frame: mosque-access-216 actual-player-position=(-44.921173, 1.6552286, -41.358414)
walk-frame: mosque-access-217 actual-player-position=(-44.93288, 1.6580899, -41.31374)
walk-frame: mosque-access-218 actual-player-position=(-44.939762, 1.6595, -41.314507)
ERROR: The mosque walk did not settle without transform recovery: mosque-access-218; feet=(-44.939762, 1.6595, -41.314507); expected=(-44.94902, 1.8013142, -41.181847).
   at: void Urman.Godot.Tests.Act1FirstPersonWalkthroughSmokeTest.Fail(string) (res://tests/Act1FirstPersonWalkthroughSmokeTest.cs:1809)
   C# backtrace (most recent call first):
       [0] void Godot.GD.PushError(string) (/root/godot/modules/mono/glue/GodotSharp/GodotSharp/Core/GD.cs:366)
       [1] void Urman.Godot.Tests.Act1FirstPersonWalkthroughSmokeTest.Fail(string) (/Users/unterlantas/Documents/GitHub/URMAN/game/tests/Act1FirstPersonWalkthroughSmokeTest.cs:1809)
       [2] void Urman.Godot.Tests.Act1FirstPersonWalkthroughSmokeTest+<WalkMosquePoint>d__40.MoveNext() (/Users/unterlantas/Documents/GitHub/URMAN/game/tests/Act1FirstPersonWalkthroughSmokeTest.cs:1552)
       [3] void System.Threading.ExecutionContext.RunInternal(System.Threading.ExecutionContext, System.Threading.ContextCallback, object)
       [4] void System.Threading.Tasks.AwaitTaskContinuation.RunCallback(System.Threading.ContextCallback, object, System.Threading.Tasks.Task&)
       [5] void System.Threading.Tasks.Task.RunContinuations(object)
       [6] void System.Runtime.CompilerServices.AsyncTaskMethodBuilder.SetResult()
       [7] void Urman.Godot.Tests.Act1FirstPersonWalkthroughSmokeTest+<PhysicsFrames>d__51.MoveNext() (/Users/unterlantas/Documents/GitHub/URMAN/game/tests/Act1FirstPersonWalkthroughSmokeTest.cs:1706)
       [8] void System.Threading.ExecutionContext.RunInternal(System.Threading.ExecutionContext, System.Threading.ContextCallback, object)
       [9] void System.Runtime.CompilerServices.AsyncTaskMethodBuilder`1+AsyncStateMachineBox`1.MoveNext()
       [10] void Godot.SignalAwaiter.SignalCallback(nint, Godot.NativeInterop.godot_variant**, int, Godot.NativeInterop.godot_bool*) (/root/godot/modules/mono/glue/GodotSharp/GodotSharp/Core/SignalAwaiter.cs:65)
WARNING: 7 RIDs of type "Texture" were leaked.
   at: finalize (servers/rendering/rendering_device.cpp:8900)
userdata guard: original files and permissions restored and verified
