Godot Engine v4.7.1.stable.mono.official.a13da4feb - https://godotengine.org
Metal 4.0 - Forward+ - Using Device #0: Apple - Apple M4 Pro (Apple9)

act1-river: ice_slabs=31 blockers=29 road_gap_samples=2 bridge=broken@(15,-85)
village-chimney: /root/Act1FirstPersonWalkthroughSmokeTest/Act1Demo/Main/ZoneHost/Act1ConnectedWorld/Act1CoreWorldGreybox/Act1AuthoredExteriorKitPresentation/ArrivalAuthoredParcels/ArrivalForwardWestFacade/DwellingFacade_TimberPlaster/DwellingFacade_ChimneyCap_LOD0 top=(-10.2875, 4.7722464, 2.3450005)
village-chimney: /root/Act1FirstPersonWalkthroughSmokeTest/Act1Demo/Main/ZoneHost/Act1ConnectedWorld/Act1CoreWorldGreybox/Act1AuthoredExteriorKitPresentation/DistantPerimeterParcels/WestArrivalNearParcel/WestArrivalNearFacade/DwellingFacade_TimberPlaster/DwellingFacade_ChimneyCap_LOD0 top=(-19.730013, 3.9641316, 15.965501)
act1-terrain-room-cut: room=/root/Act1FirstPersonWalkthroughSmokeTest/Act1Demo/Main/ZoneHost/Act1ConnectedWorld/babay-abi-house half=(4, 3.5) affectedTriangles=48 clippedVertices=49980 publishedVertices=49980 physicsVertices=49980 visualAndPhysics=shared-published-faces
act1-apron-room-cut: mesh=/root/Act1FirstPersonWalkthroughSmokeTest/Act1Demo/Main/ZoneHost/Act1ConnectedWorld/Act1CoreWorldGreybox/AgentBExteriorWorld/AgentB_TerrainRoadKit/URMAN_AgentB_TerrainRoadKit/Apron_BabaiYard affectedTriangles=11 clippedVertices=123 surfaces=1 collision=existing-terrain-owner
act1-south-fence-house-junction: wallX=-33.5880 retainedMembers=13 retiredPostsAndCaps=10 supportedWestWing=2.4920m
act1-drain-bank-conform: mesh=/root/Act1FirstPersonWalkthroughSmokeTest/Act1Demo/Main/ZoneHost/Act1ConnectedWorld/Act1CoreWorldGreybox/AgentBExteriorWorld/AgentB_TerrainRoadKit/URMAN_AgentB_TerrainRoadKit/BabaiYard_EastFenceSwale originalTriangles=78 affectedTriangles=35 outputTriangles=3543 groundOwner=unchanged
act1-mosque-terrain-cut: affectedTriangles=70 publishedVertices=49980 physicsVertices=49980 sameOwner=true
act1-school-bank-cut: mesh=/root/Act1FirstPersonWalkthroughSmokeTest/Act1Demo/Main/ZoneHost/Act1ConnectedWorld/Act1CoreWorldGreybox/AgentBExteriorWorld/AgentB_TerrainRoadKit/URMAN_AgentB_TerrainRoadKit/Ditch_FieldBank_EastZirat room=/root/Act1FirstPersonWalkthroughSmokeTest/Act1Demo/Main/ZoneHost/Act1ConnectedWorld/Act1CoreWorldGreybox/Act1AuthoredExteriorKitPresentation/DistantPerimeterParcels/EastReturnMidParcel/EastReturnMidFacade/PublicInterior_school/MainRoom half=(2.5154998, 2.3804996) affectedTriangles=20 clippedVertices=486 publishedVertices=486 floorY=-0.0049708784 collision=unchanged-existing-terrain-and-timber-floor
act1-council-fence-format: source=urman_village_exterior_kit_Cube_040 vertices=96 normals=96 uv=96 tangents=384 colors=0 uv2=0 lods=0 sourceFormat=536875031 publishedFormat=4119
act1-council-fence-format: source=urman_village_exterior_kit_FenceSegment_RailMiddle_Crooked_LOD0Mesh vertices=48 normals=48 uv=0 tangents=192 colors=0 uv2=0 lods=0 sourceFormat=536875015 publishedFormat=4103
act1-council-fence-format: source=urman_village_exterior_kit_Cube_039 vertices=96 normals=96 uv=96 tangents=384 colors=0 uv2=0 lods=0 sourceFormat=536875031 publishedFormat=4119
act1-council-fence-junction: fence=/root/Act1FirstPersonWalkthroughSmokeTest/Act1Demo/Main/ZoneHost/Act1ConnectedWorld/Act1CoreWorldGreybox/Act1AuthoredExteriorKitPresentation/DistantPerimeterParcels/EastStreetHorizonParcel/EastStreetHorizonFence wall=/root/Act1FirstPersonWalkthroughSmokeTest/Act1Demo/Main/ZoneHost/Act1ConnectedWorld/Act1CoreWorldGreybox/Act1AuthoredExteriorKitPresentation/DistantPerimeterParcels/EastStreetHorizonParcel/EastStreetHorizonFacade/VillageParcel_VariantA_TimberGable_Dwelling/VariantA_TimberGable_Dwelling_SeniRear_Wall_LOD0 localCutZ=-4.4 hiddenMembers=4 trimmedRails=3 retainedMembers=8 sourceAsset=unchanged
act1-roadside-grounding: independent contact meshes=34; source meshes and usable footbridge preserved
act1-kit-blockers: placements=100 shapes=1579 carved_door_slabs=101 flat_slab_skipped=2469 exact_architecture_surfaces=911 hidden_skipped=7 road_clearance_skipped=0
act1-dwelling-threshold: placements=83 worst_analytic_vs_collision_delta=0.028m worst_placement=ArrivalForwardEastShed
act1-building-supports: supported foundations=137; maximum ground drop=1.136m; level entrances preserved
act1-council-fence-contacts: retainedSourceContacts=0 hiddenMemberContacts=0 newBodyOwners=0
zone-loaded: village_day@arrival connected-world=109404229706
УРМАН Godot vertical slice ready: Painterly Low-Poly / first person
act1-smoke: background input replay; focus-loss pause isolated from this test scene
address-audit-lifecycle: epoch=1 presentation=2 stage=restoring-exterior access= zone=village_day exterior=True ready=True frame=1 
act1-window-surrounds: painted=1020
act1-legacy-sign: suppressed=1
address-audit-lifecycle: epoch=1 presentation=2 stage=search-start access=ACC-ADR-BABAI zone=village_day exterior=True ready=True frame=4 
address-support-probe: ACC-ADR-BABAI approach start result=accepted supplied=(-26.746128, 0.31850967, -1.5201948) floor=(-26.746128, 0.28352106, -1.5201948) acceptedFeet=(-26.746128, 0.28438044, -1.5201948) lift=0.035; normal=(-0.049573414, 0.9986544, 0.015225223) depth=0.0010614773 owner=landing: /root/Act1FirstPersonWalkthroughSmokeTest/Act1Demo/Main/ZoneHost/Act1ConnectedWorld/Act1CoreWorldGreybox/AgentBExteriorWorld/AgentB_TerrainCollision shape 0 playerCanStandAtLanded=True; 
address-support-probe: ACC-ADR-BABAI road anchor result=accepted supplied=(-24, 0.3997803, 1.2) floor=(-24, 0.36474347, 1.2) acceptedFeet=(-24, 0.3651536, 1.2) lift=0.035; normal=(-0.011438925, 0.99991465, -0.0063203587) depth=0.0011225471 owner=landing: /root/Act1FirstPersonWalkthroughSmokeTest/Act1Demo/Main/ZoneHost/Act1ConnectedWorld/Act1CoreWorldGreybox/AgentBExteriorWorld/AgentB_TerrainCollision shape 0 playerCanStandAtLanded=True; 
zone-loaded: village_day@arrival connected-world=109404229706
address-audit-lifecycle: epoch=2 presentation=3 stage=restoring-exterior access=ACC-ADR-BABAI zone=village_day exterior=True ready=True frame=28 
SaveGameV3 new game session started; existing slots untouched.
address-audit-lifecycle: epoch=2 presentation=3 stage=search-start access=ACC-ADR-BABAI zone=village_day exterior=True ready=True frame=31 
address-support-probe: ACC-ADR-BABAI approach start result=accepted supplied=(-26.746128, 0.31850967, -1.5201948) floor=(-26.746128, 0.28352106, -1.5201948) acceptedFeet=(-26.746128, 0.28438044, -1.5201948) lift=0.035; normal=(-0.049573414, 0.9986544, 0.015225223) depth=0.0010614773 owner=landing: /root/Act1FirstPersonWalkthroughSmokeTest/Act1Demo/Main/ZoneHost/Act1ConnectedWorld/Act1CoreWorldGreybox/AgentBExteriorWorld/AgentB_TerrainCollision shape 0 playerCanStandAtLanded=True; 
address-support-probe: ACC-ADR-BABAI road anchor result=accepted supplied=(-24, 0.3997803, 1.2) floor=(-24, 0.36474347, 1.2) acceptedFeet=(-24, 0.3651536, 1.2) lift=0.035; normal=(-0.011438925, 0.99991465, -0.0063203587) depth=0.0011225471 owner=landing: /root/Act1FirstPersonWalkthroughSmokeTest/Act1Demo/Main/ZoneHost/Act1ConnectedWorld/Act1CoreWorldGreybox/AgentBExteriorWorld/AgentB_TerrainCollision shape 0 playerCanStandAtLanded=True; 
act1-intro: confirmed with E
address-audit-lifecycle: epoch=2 presentation=3 stage=path-committed access=ACC-ADR-BABAI zone=village_day exterior=True ready=True frame=128 testedAccess=ACC-ADR-BABAI supplied=(-26.746128, 0.31850967, -1.5201948) reason=
address-audit-lifecycle: epoch=2 presentation=3 stage=search-start access=ACC-ADR-FAP zone=village_day exterior=True ready=True frame=129 
address-support-probe: ACC-ADR-FAP approach start result=accepted supplied=(26.7, -0.29382363, -27.38) floor=(26.7, 0.16047117, -27.38) acceptedFeet=(26.7, 0.16088133, -27.38) lift=0.035; normal=(0, 1, -0) depth=0.0010390729 owner=landing: /root/Act1FirstPersonWalkthroughSmokeTest/Act1Demo/Main/ZoneHost/Act1ConnectedWorld/Act1CoreWorldGreybox/FapExterior/FapClinicAuthoredKitPresentation/FapAuthoredEntryPorch/FapPropContact_FapEntryPorch_Deck_LOD0 shape 0 playerCanStandAtLanded=True; 
address-support-probe: ACC-ADR-FAP road anchor result=accepted supplied=(27.038578, -0.2622051, -25.96926) floor=(27.038578, -0.3486841, -25.96926) acceptedFeet=(27.038578, -0.3469263, -25.96926) lift=0.035; normal=(-0.092380285, 0.99503857, 0.03693291) depth=0.0014342532 owner=landing: /root/Act1FirstPersonWalkthroughSmokeTest/Act1Demo/Main/ZoneHost/Act1ConnectedWorld/Act1CoreWorldGreybox/AgentBExteriorWorld/AgentB_TerrainCollision shape 0 playerCanStandAtLanded=True; 
address-audit-lifecycle: epoch=2 presentation=3 stage=path-committed access=ACC-ADR-FAP zone=village_day exterior=True ready=True frame=132 testedAccess=ACC-ADR-FAP supplied=(26.7, -0.29382363, -27.38) reason=
address-audit-lifecycle: epoch=2 presentation=3 stage=search-start access=ACC-ADR-H001 zone=village_day exterior=True ready=True frame=132 
address-support-probe: ACC-ADR-H001 approach start result=accepted supplied=(-11.175, -0.057786692, 52.858) floor=(-11.175, -0.09279674, 52.858) acceptedFeet=(-11.175, -0.09238659, 52.858) lift=0.035; normal=(0.030481592, 0.9992853, -0.02235863) depth=0.0012892791 owner=landing: /root/Act1FirstPersonWalkthroughSmokeTest/Act1Demo/Main/ZoneHost/Act1ConnectedWorld/Act1CoreWorldGreybox/AgentBExteriorWorld/AgentB_TerrainCollision shape 0 playerCanStandAtLanded=True; 
address-support-probe: ACC-ADR-H001 road anchor result=accepted supplied=(0, -0.37098423, 40) floor=(0, -0.40597734, 40) acceptedFeet=(0, -0.4060164, 40) lift=0.035; normal=(-0.0013540798, 0.9999418, 0.0107045155) depth=0.0015086124 owner=landing: /root/Act1FirstPersonWalkthroughSmokeTest/Act1Demo/Main/ZoneHost/Act1ConnectedWorld/Act1CoreWorldGreybox/AgentBExteriorWorld/AgentB_TerrainCollision shape 0 playerCanStandAtLanded=True; 
walk-frame: approach-urman.chapter1:interaction/view-arrival-message actual-player-position=(3.4304285, -0.38040766, 5.2363014)
act1-physical-arrival: ordinary walk to bench; phone/photo through camera ray and mapped input; visible personal answer
walk-frame: arrival-house-path-1 actual-player-position=(-0.20286892, -0.2599498, 2.166699)
walk-frame: arrival-house-path-2 actual-player-position=(-0.9261041, -0.27279276, -1.4583048)
walk-frame: arrival-house-path-3 actual-player-position=(-3.8400512, -0.26621324, -5.5741363)
walk-frame: arrival-house-axis-0 actual-player-position=(-1.4202187, -0.24497142, -7.7976537)
walk-frame: arrival-house-axis-1 actual-player-position=(-5.776341, -0.2975423, -5.612207)
walk-frame: arrival-house-axis-2 actual-player-position=(-11.755152, -0.282195, -2.6230683)
walk-frame: arrival-house-axis-3 actual-player-position=(-18.762238, 0.12843798, -0.08560847)
walk-frame: arrival-house-axis-4 actual-player-position=(-23.753763, 0.3676317, 1.1396285)
walk-frame: house-yard-entry--24.42-2.4 actual-player-position=(-24.283499, 0.38458815, 2.1408477)
walk-frame: house-yard-entry--25.2-2.6 actual-player-position=(-24.942152, 0.38104326, 2.4708219)
walk-frame: house-yard-entry--26.05-2.2 actual-player-position=(-25.768173, 0.34623858, 2.2688947)
walk-frame: house-yard-entry--26.05-0.2 actual-player-position=(-26.013012, 0.28919756, 0.4715249)
walk-frame: house-door-approach actual-player-position=(-26.13773, 0.3056263, -0.9962271)
walk-frame: approach-urman.chapter1:interaction/arrival-enter-house actual-player-position=(-26.052519, 0.32019094, -1.6133839)
[34] scene.entered: urman.chapter1:interaction/arrival-enter-house
zone-loaded: house_old_pc@entry connected-world=109404229706
address-audit-lifecycle: epoch=3 presentation=4 stage=waiting-for-exterior access=ACC-ADR-H001 zone=house_old_pc exterior=False ready=False frame=1103 
walk-frame: approach-urman.chapter1:interaction/talk-mansur actual-player-position=(-28.435516, 0.5943085, -4.9563665)
walk-frame: computer-aisle--0.15-1.10 actual-player-position=(-28.5925, 0.5943085, -5.1922317)
walk-frame: computer-aisle-0.00--1.15 actual-player-position=(-30.467722, 0.5943085, -6.3616433)
walk-frame: approach-urman.chapter1:interaction/talk-gulsina actual-player-position=(-30.619196, 0.5943085, -6.284466)
family-meal-proof: actual invitation, source-dependent personal reply, explicit meal acceptance; topic=photo; decline/return/load=False; no timer, movement automation or human-duration claim
walk-frame: house-exit-aisle--0.15-1.10 actual-player-position=(-28.972773, 0.5943085, -5.5245924)
walk-frame: house-exit-aisle--2.82-1.10 actual-player-position=(-29.800892, 0.5943085, -3.232983)
walk-frame: house-exit-aisle--2.82-2.30 actual-player-position=(-29.027275, 0.5943085, -2.6589348)
[93] scene.entered: urman.chapter1:interaction/house-to-route
zone-loaded: village_day@from_house connected-world=109404229706
address-audit-lifecycle: epoch=4 presentation=5 stage=restoring-exterior access=ACC-ADR-H001 zone=village_day exterior=True ready=True frame=1411 
address-audit-lifecycle: epoch=4 presentation=5 stage=search-start access=ACC-ADR-H001 zone=village_day exterior=True ready=True frame=1414 
address-support-probe: ACC-ADR-H001 approach start result=accepted supplied=(-11.175, -0.057786692, 52.858) floor=(-11.175, -0.09279674, 52.858) acceptedFeet=(-11.175, -0.09238659, 52.858) lift=0.035; normal=(0.030481592, 0.9992853, -0.02235863) depth=0.0012892791 owner=landing: /root/Act1FirstPersonWalkthroughSmokeTest/Act1Demo/Main/ZoneHost/Act1ConnectedWorld/Act1CoreWorldGreybox/AgentBExteriorWorld/AgentB_TerrainCollision shape 0 playerCanStandAtLanded=True; 
address-support-probe: ACC-ADR-H001 road anchor result=accepted supplied=(0, -0.37098423, 40) floor=(0, -0.40597734, 40) acceptedFeet=(0, -0.4060164, 40) lift=0.035; normal=(-0.0013540798, 0.9999418, 0.0107045155) depth=0.0015086124 owner=landing: /root/Act1FirstPersonWalkthroughSmokeTest/Act1Demo/Main/ZoneHost/Act1ConnectedWorld/Act1CoreWorldGreybox/AgentBExteriorWorld/AgentB_TerrainCollision shape 0 playerCanStandAtLanded=True; 
walk-frame: house-exit-street--26.05-0.2 actual-player-position=(-26.069223, 0.29562184, -0.05590672)
walk-frame: house-exit-street--26.05-2.2 actual-player-position=(-26.052824, 0.31674743, 1.9267619)
walk-frame: house-exit-street--25.2-2.6 actual-player-position=(-25.432014, 0.36245385, 2.4164193)
walk-frame: house-exit-street--24.42-2.4 actual-player-position=(-24.696135, 0.3852376, 2.4038823)
walk-frame: house-exit-street--24-1.2 actual-player-position=(-24.128754, 0.36358508, 1.4225329)
walk-frame: house-exit-street--19-0 actual-player-position=(-19.26683, 0.17012256, 0.07400027)
walk-frame: house-exit-street--12--2.5 actual-player-position=(-12.264785, -0.29103953, -2.40621)
walk-frame: house-exit-street--6--5.5 actual-player-position=(-6.220001, -0.30420256, -5.391443)
walk-frame: house-exit-street--1.2--8 actual-player-position=(-1.4441198, -0.24304232, -7.8731136)
walk-frame: house-exit-street--0.1--2.8 actual-player-position=(-0.16690536, -0.2746243, -3.0525208)
walk-frame: house-exit-street--0.1-3.7 actual-player-position=(-0.10271438, -0.30187732, 3.4063578)
walk-frame: approach-urman.chapter1:interaction/talk-alsu actual-player-position=(0.5696654, -0.30709505, 3.5077903)
SaveGameV3 written to /Users/unterlantas/Library/Application Support/Godot/app_userdata/URMAN/savegames/checkpoint.savegame-v3.json
SaveGameV3 written to /Users/unterlantas/Library/Application Support/Godot/app_userdata/URMAN/savegames/checkpoint.savegame-v3.json
SaveGameV3 written to /Users/unterlantas/Library/Application Support/Godot/app_userdata/URMAN/savegames/checkpoint.savegame-v3.json
alsu-walk-proof: requested, physical input, one actor/body/ray, checkpoint=3; return=False; no account until manual question; human-duration=not-run
SaveGameV3 written to /Users/unterlantas/Library/Application Support/Godot/app_userdata/URMAN/savegames/checkpoint.savegame-v3.json
checkpoint: auto-saved at urman.chapter1:scene/crossroad_signs_inspect
walk-alsu-turn-bypass: actor=(0.05, -0.21888247, -8.8) player=(0.053304248, -0.24264401, -7.140752) west-corners=(-1.2,-8),(-1.2,-10) ordinary-standing-input=true
walk-frame: fap-alsu-bypass--1.2--8 actual-player-position=(-0.9748292, -0.23684986, -7.8455687)
walk-frame: fap-alsu-bypass--1.2--10 actual-player-position=(-1.1692218, -0.22421707, -9.704913)
walk-frame: fap-branch-0--10 actual-player-position=(-0.29011032, -0.23044756, -9.926783)
walk-frame: fap-branch-4.5--12.5 actual-player-position=(4.2529216, -0.32646444, -12.367341)
walk-frame: fap-branch-10--17 actual-player-position=(9.809627, -0.4487882, -16.846676)
walk-frame: fap-branch-17--21.5 actual-player-position=(16.756174, -0.5673502, -21.342203)
address-audit-lifecycle: epoch=4 presentation=5 stage=blocked access=ACC-ADR-H001 zone=village_day exterior=True ready=True frame=3704 testedAccess=ACC-ADR-H001 supplied=(-11.175, -0.057786692, 52.858) reason=standing body route not found; examined 4018 cells; no walkable tread within controller step height: /root/Act1FirstPersonWalkthroughSmokeTest/Act1Demo/Main/ZoneHost/Act1ConnectedWorld/Act1CoreWorldGreybox/AgentBExteriorWorld/AgentB_ArchitectureCollision shape 447 advanceProbe={"phase":"projected-floor-step-rejected","from":"(-6.0317845, -0.3163771, 46.941685)","requested":"(-0.05246479, 0, 0.060366206)","projected":"(-0.05246479, 0.0037597888, 0.060366206)","floorNormalY":0.70710677,"radius":0.35,"height":1.8,"margin":0.001,"collisionMask":3,"recoveryAsCollision":false,"initial":{"travel":"(-0.011543857, 0.00080630183, 0.013307751)","remainder":"(-0.04088565, 0, 0.047043197)","safeFraction":0.22070312,"unsafeFraction":0.2265625,"contacts":[{"owner":"/root/Act1FirstPersonWalkthroughSmokeTest/Act1Demo/Main/ZoneHost/Act1ConnectedWorld/Act1CoreWorldGreybox/AgentBExteriorWorld/AgentB_TerrainCollision","shape":0,"point":"(-6.0593543, -0.3151065, 46.963455)","normal":"(0.044912856, 0.9987222, -0.023169268)","directionDot":-0.046949655,"depth":0.0010170708}]},"secondary":{"travel":"(-0.042387415, 0.0038464435, 0.04879648)","remainder":"(-0.01004209, 0.00071964716, 0.011554468)","safeFraction":0.80859375,"unsafeFraction":0.8144531,"contacts":[{"owner":"/root/Act1FirstPersonWalkthroughSmokeTest/Act1Demo/Main/ZoneHost/Act1ConnectedWorld/Act1CoreWorldGreybox/AgentBExteriorWorld/AgentB_ArchitectureCollision","shape":447,"point":"(-6.155705, 0.021099303, 47.33084)","normal":"(0.23210005, 0.04684014, -0.97156346)","directionDot":-0.8855665,"depth":0.0010405451},{"owner":"/root/Act1FirstPersonWalkthroughSmokeTest/Act1Demo/Main/ZoneHost/Act1ConnectedWorld/Act1CoreWorldGreybox/AgentBExteriorWorld/AgentB_TerrainCollision","shape":0,"point":"(-6.090236, -0.3128939, 46.998962)","normal":"(0.044912856, 0.9987222, -0.023169268)","directionDot":-0.046949655,"depth":0.00016642628}]}}
address-audit-lifecycle: epoch=4 presentation=5 stage=search-start access=ACC-ADR-H002 zone=village_day exterior=True ready=True frame=3705 
address-support-probe: ACC-ADR-H002 approach start result=accepted supplied=(4.855193, -0.29467657, 54.414326) floor=(4.855193, -0.3296608, 54.414326) acceptedFeet=(4.855193, -0.32880142, 54.414326) lift=0.035; normal=(-0.018003395, 0.99818355, -0.057492856) depth=0.0012263104 owner=landing: /root/Act1FirstPersonWalkthroughSmokeTest/Act1Demo/Main/ZoneHost/Act1ConnectedWorld/Act1CoreWorldGreybox/AgentBExteriorWorld/AgentB_TerrainCollision shape 0 playerCanStandAtLanded=True; 
address-support-probe: ACC-ADR-H002 road anchor result=accepted supplied=(0, -0.37098423, 40) floor=(0, -0.40597734, 40) acceptedFeet=(0, -0.4060164, 40) lift=0.035; normal=(-0.0013540798, 0.9999418, 0.0107045155) depth=0.0015086124 owner=landing: /root/Act1FirstPersonWalkthroughSmokeTest/Act1Demo/Main/ZoneHost/Act1ConnectedWorld/Act1CoreWorldGreybox/AgentBExteriorWorld/AgentB_TerrainCollision shape 0 playerCanStandAtLanded=True; 
walk-frame: fap-branch-23--25 actual-player-position=(22.767855, -0.48871624, -24.864208)
walk-frame: approach-urman.chapter1:interaction/route-to-fap actual-player-position=(26.60125, -0.12544882, -26.465322)
[157] scene.entered: urman.chapter1:interaction/route-to-fap
zone-loaded: fap_clinic@waiting_room connected-world=109404229706
address-audit-lifecycle: epoch=5 presentation=6 stage=waiting-for-exterior access=ACC-ADR-H002 zone=fap_clinic exterior=False ready=False frame=3830 
walk-frame: naila-reception-aisle-0.00-1.25 actual-player-position=(26.7, 0.06094969, -32.61674)
walk-frame: naila-reception-aisle-1.00-1.25 actual-player-position=(27.412376, 0.06094969, -32.804287)
walk-frame: approach-urman.chapter1:interaction/fap-to-document-desk actual-player-position=(26.769945, 0.06094969, -35.036934)
[172] scene.entered: urman.chapter1:interaction/fap-to-document-desk
walk-frame: approach-urman.chapter1:interaction/fap-document-desk-to-official-record actual-player-position=(26.87532, 0.06094969, -36.279083)
[176] scene.entered: urman.chapter1:interaction/fap-document-desk-to-official-record
SaveGameV3 written to /Users/unterlantas/Library/Application Support/Godot/app_userdata/URMAN/savegames/checkpoint.savegame-v3.json
checkpoint: auto-saved at urman.chapter1:scene/evidence-official-death
walk-frame: approach-urman.chapter1:interaction/official-leave-clinic actual-player-position=(26.707384, 0.06094969, -30.331516)
zone-loaded: village_day@from_fap connected-world=109404229706
address-audit-lifecycle: epoch=6 presentation=7 stage=restoring-exterior access=ACC-ADR-H002 zone=village_day exterior=True ready=True frame=4157 
address-audit-lifecycle: epoch=6 presentation=7 stage=search-start access=ACC-ADR-H002 zone=village_day exterior=True ready=True frame=4160 
address-support-probe: ACC-ADR-H002 approach start result=accepted supplied=(4.855193, -0.29467657, 54.414326) floor=(4.855193, -0.3296608, 54.414326) acceptedFeet=(4.855193, -0.32880142, 54.414326) lift=0.035; normal=(-0.018003395, 0.99818355, -0.057492856) depth=0.0012263104 owner=landing: /root/Act1FirstPersonWalkthroughSmokeTest/Act1Demo/Main/ZoneHost/Act1ConnectedWorld/Act1CoreWorldGreybox/AgentBExteriorWorld/AgentB_TerrainCollision shape 0 playerCanStandAtLanded=True; 
address-support-probe: ACC-ADR-H002 road anchor result=accepted supplied=(0, -0.37098423, 40) floor=(0, -0.40597734, 40) acceptedFeet=(0, -0.4060164, 40) lift=0.035; normal=(-0.0013540798, 0.9999418, 0.0107045155) depth=0.0015086124 owner=landing: /root/Act1FirstPersonWalkthroughSmokeTest/Act1Demo/Main/ZoneHost/Act1ConnectedWorld/Act1CoreWorldGreybox/AgentBExteriorWorld/AgentB_TerrainCollision shape 0 playerCanStandAtLanded=True; 
walk-frame: fap-return-23--25 actual-player-position=(23.294737, -0.49327457, -25)
address-audit-lifecycle: epoch=6 presentation=7 stage=path-committed access=ACC-ADR-H002 zone=village_day exterior=True ready=True frame=4351 testedAccess=ACC-ADR-H002 supplied=(4.855193, -0.29467657, 54.414326) reason=
address-audit-lifecycle: epoch=6 presentation=7 stage=search-start access=ACC-ADR-H003 zone=village_day exterior=True ready=True frame=4351 
address-support-probe: ACC-ADR-H003 approach start result=accepted supplied=(-10.219967, -0.13834216, 47.113937) floor=(-10.219967, -0.17333227, 47.113937) acceptedFeet=(-10.219967, -0.17292212, 47.113937) lift=0.035; normal=(0.0098755695, 0.99970776, -0.022066025) depth=0.0011413516 owner=landing: /root/Act1FirstPersonWalkthroughSmokeTest/Act1Demo/Main/ZoneHost/Act1ConnectedWorld/Act1CoreWorldGreybox/AgentBExteriorWorld/AgentB_TerrainCollision shape 0 playerCanStandAtLanded=True; 
address-support-probe: ACC-ADR-H003 road anchor result=accepted supplied=(0, -0.37098423, 40) floor=(0, -0.40597734, 40) acceptedFeet=(0, -0.4060164, 40) lift=0.035; normal=(-0.0013540798, 0.9999418, 0.0107045155) depth=0.0015086124 owner=landing: /root/Act1FirstPersonWalkthroughSmokeTest/Act1Demo/Main/ZoneHost/Act1ConnectedWorld/Act1CoreWorldGreybox/AgentBExteriorWorld/AgentB_TerrainCollision shape 0 playerCanStandAtLanded=True; 
address-audit-lifecycle: epoch=6 presentation=7 stage=path-committed access=ACC-ADR-H003 zone=village_day exterior=True ready=True frame=4359 testedAccess=ACC-ADR-H003 supplied=(-10.219967, -0.13834216, 47.113937) reason=
address-audit-lifecycle: epoch=6 presentation=7 stage=search-start access=ACC-ADR-H004 zone=village_day exterior=True ready=True frame=4359 
address-support-probe: ACC-ADR-H004 approach start result=accepted supplied=(-22.960573, 0.7507051, 58.121994) floor=(-22.960573, 0.7157096, 58.121994) acceptedFeet=(-22.960573, 0.7174675, 58.121994) lift=0.035; normal=(0.017728206, 0.9960968, -0.08646897) depth=0.0010628201 owner=landing: /root/Act1FirstPersonWalkthroughSmokeTest/Act1Demo/Main/ZoneHost/Act1ConnectedWorld/Act1CoreWorldGreybox/AgentBExteriorWorld/AgentB_TerrainCollision shape 0 playerCanStandAtLanded=True; 
address-support-probe: ACC-ADR-H004 road anchor result=accepted supplied=(0, -0.37098423, 40) floor=(0, -0.40597734, 40) acceptedFeet=(0, -0.4060164, 40) lift=0.035; normal=(-0.0013540798, 0.9999418, 0.0107045155) depth=0.0015086124 owner=landing: /root/Act1FirstPersonWalkthroughSmokeTest/Act1Demo/Main/ZoneHost/Act1ConnectedWorld/Act1CoreWorldGreybox/AgentBExteriorWorld/AgentB_TerrainCollision shape 0 playerCanStandAtLanded=True; 
walk-frame: fap-return-17--21.5 actual-player-position=(17.25207, -0.5711526, -21.640194)
walk-frame: fap-return-10--17 actual-player-position=(10.238834, -0.44540134, -17.152824)
walk-frame: fap-return-4.5--12.5 actual-player-position=(4.702605, -0.29245016, -12.664885)
walk-frame: fap-return-0--10 actual-player-position=(0.21864004, -0.23601806, -10.123955)
SaveGameV3 written to /Users/unterlantas/Library/Application Support/Godot/app_userdata/URMAN/savegames/walk-fap-return.savegame-v3.json
zone-loaded: village_day@from_fap connected-world=109404229706
address-audit-lifecycle: epoch=7 presentation=8 stage=waiting-for-exterior access=ACC-ADR-H004 zone=village_day exterior=True ready=False frame=4766 
SaveGameV3 restored.
address-audit-lifecycle: epoch=8 presentation=8 stage=restoring-exterior access=ACC-ADR-H004 zone=village_day exterior=True ready=True frame=4768 
address-audit-lifecycle: epoch=8 presentation=8 stage=search-start access=ACC-ADR-H004 zone=village_day exterior=True ready=True frame=4771 
address-support-probe: ACC-ADR-H004 approach start result=accepted supplied=(-22.960573, 0.7507051, 58.121994) floor=(-22.960573, 0.7157096, 58.121994) acceptedFeet=(-22.960573, 0.7174675, 58.121994) lift=0.035; normal=(0.017728206, 0.9960968, -0.08646897) depth=0.0010628201 owner=landing: /root/Act1FirstPersonWalkthroughSmokeTest/Act1Demo/Main/ZoneHost/Act1ConnectedWorld/Act1CoreWorldGreybox/AgentBExteriorWorld/AgentB_TerrainCollision shape 0 playerCanStandAtLanded=True; 
address-support-probe: ACC-ADR-H004 road anchor result=accepted supplied=(0, -0.37098423, 40) floor=(0, -0.40597734, 40) acceptedFeet=(0, -0.4060164, 40) lift=0.035; normal=(-0.0013540798, 0.9999418, 0.0107045155) depth=0.0015086124 owner=landing: /root/Act1FirstPersonWalkthroughSmokeTest/Act1Demo/Main/ZoneHost/Act1ConnectedWorld/Act1CoreWorldGreybox/AgentBExteriorWorld/AgentB_TerrainCollision shape 0 playerCanStandAtLanded=True; 
walk-frame: house-return--1.2--10 actual-player-position=(-0.9102964, -0.23188496, -10.025349)
walk-frame: house-return--1.2--8 actual-player-position=(-1.159001, -0.22546163, -8.286657)
walk-frame: house-return--6--5.5 actual-player-position=(-5.7758512, -0.29700455, -5.6290283)
walk-frame: house-return--12--2.5 actual-player-position=(-11.748153, -0.2819289, -2.6272445)
walk-frame: house-return--19-0 actual-player-position=(-18.754526, 0.12779237, -0.088449344)
walk-frame: house-return--24-1.2 actual-player-position=(-23.745674, 0.36811814, 1.1375959)
walk-frame: house-return-yard--24.42-2.4 actual-player-position=(-24.279696, 0.38448098, 2.1364696)
walk-frame: house-return-yard--25.2-2.6 actual-player-position=(-24.937614, 0.3809361, 2.467844)
walk-frame: house-return-yard--26.05-2.2 actual-player-position=(-25.764338, 0.34645367, 2.2687826)
walk-frame: house-return-yard--26.05-0.2 actual-player-position=(-26.012459, 0.2888754, 0.47186676)
walk-frame: house-return-yard--26.158367--1.2426405 actual-player-position=(-26.137623, 0.30562696, -0.9957944)
walk-frame: approach-urman.chapter1:interaction/official-to-internal-register actual-player-position=(-26.052532, 0.3202086, -1.6129482)
[194] scene.entered: urman.chapter1:interaction/official-to-internal-register
SaveGameV3 written to /Users/unterlantas/Library/Application Support/Godot/app_userdata/URMAN/savegames/checkpoint.savegame-v3.json
checkpoint: auto-saved at urman.chapter1:scene/evidence-internal-register
zone-loaded: house_old_pc@entry connected-world=109404229706
address-audit-lifecycle: epoch=9 presentation=9 stage=waiting-for-exterior access=ACC-ADR-H004 zone=house_old_pc exterior=False ready=False frame=5438 
walk-frame: computer-aisle--0.15-1.10 actual-player-position=(-28.748287, 0.5943085, -5.152472)
walk-frame: computer-aisle-0.00--1.15 actual-player-position=(-30.4713, 0.5943085, -6.3469896)
state-final-render-sync-begin: label=source-excerpt-ui/begin/press tick=131515 drawn=6155 process=6155 physics=5558 windowVisible=True focus=True mode=Windowed renderLoop=True
state-final-render-sync-end: label=source-excerpt-ui/begin/press milliseconds=7 forcedScreenshotRender=False
state-final-render-sync-begin: label=source-excerpt-ui/begin/release tick=131522 drawn=6155 process=6155 physics=5558 windowVisible=True focus=True mode=Windowed renderLoop=True
state-final-render-sync-end: label=source-excerpt-ui/begin/release milliseconds=9 forcedScreenshotRender=False
state-final-render-sync-begin: label=source-excerpt-ui/select-character-0/press tick=131533 drawn=6156 process=6156 physics=5559 windowVisible=True focus=True mode=Windowed renderLoop=True
state-final-render-sync-end: label=source-excerpt-ui/select-character-0/press milliseconds=5 forcedScreenshotRender=False
state-final-render-sync-begin: label=source-excerpt-ui/select-character-0/release tick=131538 drawn=6157 process=6157 physics=5559 windowVisible=True focus=True mode=Windowed renderLoop=True
state-final-render-sync-end: label=source-excerpt-ui/select-character-0/release milliseconds=10 forcedScreenshotRender=False
state-final-render-sync-begin: label=source-excerpt-ui/select-character-1/press tick=131548 drawn=6158 process=6158 physics=5560 windowVisible=True focus=True mode=Windowed renderLoop=True
state-final-render-sync-end: label=source-excerpt-ui/select-character-1/press milliseconds=8 forcedScreenshotRender=False
state-final-render-sync-begin: label=source-excerpt-ui/select-character-1/release tick=131556 drawn=6159 process=6159 physics=5560 windowVisible=True focus=True mode=Windowed renderLoop=True
state-final-render-sync-end: label=source-excerpt-ui/select-character-1/release milliseconds=8 forcedScreenshotRender=False
state-final-render-sync-begin: label=source-excerpt-ui/select-character-2/press tick=131564 drawn=6160 process=6160 physics=5561 windowVisible=True focus=True mode=Windowed renderLoop=True
state-final-render-sync-end: label=source-excerpt-ui/select-character-2/press milliseconds=9 forcedScreenshotRender=False
state-final-render-sync-begin: label=source-excerpt-ui/select-character-2/release tick=131573 drawn=6161 process=6161 physics=5561 windowVisible=True focus=True mode=Windowed renderLoop=True
state-final-render-sync-end: label=source-excerpt-ui/select-character-2/release milliseconds=8 forcedScreenshotRender=False
state-final-render-sync-begin: label=source-excerpt-ui/select-character-3/press tick=131581 drawn=6162 process=6162 physics=5562 windowVisible=True focus=True mode=Windowed renderLoop=True
state-final-render-sync-end: label=source-excerpt-ui/select-character-3/press milliseconds=8 forcedScreenshotRender=False
state-final-render-sync-begin: label=source-excerpt-ui/select-character-3/release tick=131589 drawn=6163 process=6163 physics=5562 windowVisible=True focus=True mode=Windowed renderLoop=True
state-final-render-sync-end: label=source-excerpt-ui/select-character-3/release milliseconds=9 forcedScreenshotRender=False
state-final-render-sync-begin: label=source-excerpt-ui/select-character-4/press tick=131598 drawn=6164 process=6164 physics=5563 windowVisible=True focus=True mode=Windowed renderLoop=True
state-final-render-sync-end: label=source-excerpt-ui/select-character-4/press milliseconds=8 forcedScreenshotRender=False
state-final-render-sync-begin: label=source-excerpt-ui/select-character-4/release tick=131606 drawn=6165 process=6165 physics=5563 windowVisible=True focus=True mode=Windowed renderLoop=True
state-final-render-sync-end: label=source-excerpt-ui/select-character-4/release milliseconds=8 forcedScreenshotRender=False
state-final-render-sync-begin: label=source-excerpt-ui/select-character-5/press tick=131614 drawn=6166 process=6166 physics=5564 windowVisible=True focus=True mode=Windowed renderLoop=True
state-final-render-sync-end: label=source-excerpt-ui/select-character-5/press milliseconds=9 forcedScreenshotRender=False
state-final-render-sync-begin: label=source-excerpt-ui/select-character-5/release tick=131623 drawn=6167 process=6167 physics=5564 windowVisible=True focus=True mode=Windowed renderLoop=True
state-final-render-sync-end: label=source-excerpt-ui/select-character-5/release milliseconds=8 forcedScreenshotRender=False
state-final-render-sync-begin: label=source-excerpt-ui/select-character-6/press tick=131631 drawn=6168 process=6168 physics=5565 windowVisible=True focus=True mode=Windowed renderLoop=True
state-final-render-sync-end: label=source-excerpt-ui/select-character-6/press milliseconds=8 forcedScreenshotRender=False
state-final-render-sync-begin: label=source-excerpt-ui/select-character-6/release tick=131639 drawn=6169 process=6169 physics=5565 windowVisible=True focus=True mode=Windowed renderLoop=True
state-final-render-sync-end: label=source-excerpt-ui/select-character-6/release milliseconds=9 forcedScreenshotRender=False
state-final-render-sync-begin: label=source-excerpt-ui/select-character-7/press tick=131648 drawn=6170 process=6170 physics=5566 windowVisible=True focus=True mode=Windowed renderLoop=True
state-final-render-sync-end: label=source-excerpt-ui/select-character-7/press milliseconds=8 forcedScreenshotRender=False
state-final-render-sync-begin: label=source-excerpt-ui/select-character-7/release tick=131656 drawn=6171 process=6171 physics=5566 windowVisible=True focus=True mode=Windowed renderLoop=True
state-final-render-sync-end: label=source-excerpt-ui/select-character-7/release milliseconds=8 forcedScreenshotRender=False
state-final-render-sync-begin: label=source-excerpt-ui/return-to-reading/press tick=131665 drawn=6172 process=6172 physics=5567 windowVisible=True focus=True mode=Windowed renderLoop=True
state-final-render-sync-end: label=source-excerpt-ui/return-to-reading/press milliseconds=8 forcedScreenshotRender=False
state-final-render-sync-begin: label=source-excerpt-ui/return-to-reading/release tick=131673 drawn=6173 process=6173 physics=5567 windowVisible=True focus=True mode=Windowed renderLoop=True
state-final-render-sync-end: label=source-excerpt-ui/return-to-reading/release milliseconds=8 forcedScreenshotRender=False
state-final-render-sync-begin: label=source-excerpt-ui/begin-again/press tick=131681 drawn=6174 process=6174 physics=5568 windowVisible=True focus=True mode=Windowed renderLoop=True
state-final-render-sync-end: label=source-excerpt-ui/begin-again/press milliseconds=9 forcedScreenshotRender=False
state-final-render-sync-begin: label=source-excerpt-ui/begin-again/release tick=131690 drawn=6175 process=6175 physics=5568 windowVisible=True focus=True mode=Windowed renderLoop=True
state-final-render-sync-end: label=source-excerpt-ui/begin-again/release milliseconds=8 forcedScreenshotRender=False
state-final-render-sync-begin: label=source-excerpt-ui/select-character-0/press tick=131698 drawn=6176 process=6176 physics=5569 windowVisible=True focus=True mode=Windowed renderLoop=True
state-final-render-sync-end: label=source-excerpt-ui/select-character-0/press milliseconds=8 forcedScreenshotRender=False
state-final-render-sync-begin: label=source-excerpt-ui/select-character-0/release tick=131706 drawn=6177 process=6177 physics=5569 windowVisible=True focus=True mode=Windowed renderLoop=True
state-final-render-sync-end: label=source-excerpt-ui/select-character-0/release milliseconds=9 forcedScreenshotRender=False
state-final-render-sync-begin: label=source-excerpt-ui/select-character-1/press tick=131715 drawn=6178 process=6178 physics=5570 windowVisible=True focus=True mode=Windowed renderLoop=True
state-final-render-sync-end: label=source-excerpt-ui/select-character-1/press milliseconds=8 forcedScreenshotRender=False
state-final-render-sync-begin: label=source-excerpt-ui/select-character-1/release tick=131723 drawn=6179 process=6179 physics=5570 windowVisible=True focus=True mode=Windowed renderLoop=True
state-final-render-sync-end: label=source-excerpt-ui/select-character-1/release milliseconds=8 forcedScreenshotRender=False
state-final-render-sync-begin: label=source-excerpt-ui/select-character-2/press tick=131731 drawn=6180 process=6180 physics=5571 windowVisible=True focus=True mode=Windowed renderLoop=True
state-final-render-sync-end: label=source-excerpt-ui/select-character-2/press milliseconds=8 forcedScreenshotRender=False
state-final-render-sync-begin: label=source-excerpt-ui/select-character-2/release tick=131740 drawn=6181 process=6181 physics=5571 windowVisible=True focus=True mode=Windowed renderLoop=True
state-final-render-sync-end: label=source-excerpt-ui/select-character-2/release milliseconds=8 forcedScreenshotRender=False
state-final-render-sync-begin: label=source-excerpt-ui/select-character-3/press tick=131748 drawn=6182 process=6182 physics=5572 windowVisible=True focus=True mode=Windowed renderLoop=True
state-final-render-sync-end: label=source-excerpt-ui/select-character-3/press milliseconds=8 forcedScreenshotRender=False
state-final-render-sync-begin: label=source-excerpt-ui/select-character-3/release tick=131756 drawn=6183 process=6183 physics=5572 windowVisible=True focus=True mode=Windowed renderLoop=True
state-final-render-sync-end: label=source-excerpt-ui/select-character-3/release milliseconds=8 forcedScreenshotRender=False
state-final-render-sync-begin: label=source-excerpt-ui/select-character-4/press tick=131765 drawn=6184 process=6184 physics=5573 windowVisible=True focus=True mode=Windowed renderLoop=True
state-final-render-sync-end: label=source-excerpt-ui/select-character-4/press milliseconds=8 forcedScreenshotRender=False
state-final-render-sync-begin: label=source-excerpt-ui/select-character-4/release tick=131773 drawn=6185 process=6185 physics=5573 windowVisible=True focus=True mode=Windowed renderLoop=True
state-final-render-sync-end: label=source-excerpt-ui/select-character-4/release milliseconds=8 forcedScreenshotRender=False
state-final-render-sync-begin: label=source-excerpt-ui/select-character-5/press tick=131781 drawn=6186 process=6186 physics=5574 windowVisible=True focus=True mode=Windowed renderLoop=True
state-final-render-sync-end: label=source-excerpt-ui/select-character-5/press milliseconds=8 forcedScreenshotRender=False
state-final-render-sync-begin: label=source-excerpt-ui/select-character-5/release tick=131789 drawn=6187 process=6187 physics=5574 windowVisible=True focus=True mode=Windowed renderLoop=True
state-final-render-sync-end: label=source-excerpt-ui/select-character-5/release milliseconds=9 forcedScreenshotRender=False
state-final-render-sync-begin: label=source-excerpt-ui/select-character-6/press tick=131798 drawn=6188 process=6188 physics=5575 windowVisible=True focus=True mode=Windowed renderLoop=True
state-final-render-sync-end: label=source-excerpt-ui/select-character-6/press milliseconds=8 forcedScreenshotRender=False
state-final-render-sync-begin: label=source-excerpt-ui/select-character-6/release tick=131806 drawn=6189 process=6189 physics=5575 windowVisible=True focus=True mode=Windowed renderLoop=True
state-final-render-sync-end: label=source-excerpt-ui/select-character-6/release milliseconds=9 forcedScreenshotRender=False
state-final-render-sync-begin: label=source-excerpt-ui/select-character-7/press tick=131815 drawn=6190 process=6190 physics=5576 windowVisible=True focus=True mode=Windowed renderLoop=True
state-final-render-sync-end: label=source-excerpt-ui/select-character-7/press milliseconds=8 forcedScreenshotRender=False
state-final-render-sync-begin: label=source-excerpt-ui/select-character-7/release tick=131823 drawn=6191 process=6191 physics=5576 windowVisible=True focus=True mode=Windowed renderLoop=True
state-final-render-sync-end: label=source-excerpt-ui/select-character-7/release milliseconds=8 forcedScreenshotRender=False
state-final-render-sync-begin: label=source-excerpt-ui/tab-to-record/press tick=131831 drawn=6192 process=6192 physics=5577 windowVisible=True focus=True mode=Windowed renderLoop=True
state-final-render-sync-end: label=source-excerpt-ui/tab-to-record/press milliseconds=8 forcedScreenshotRender=False
state-final-render-sync-begin: label=source-excerpt-ui/tab-to-record/release tick=131840 drawn=6193 process=6193 physics=5577 windowVisible=True focus=True mode=Windowed renderLoop=True
state-final-render-sync-end: label=source-excerpt-ui/tab-to-record/release milliseconds=8 forcedScreenshotRender=False
state-final-render-sync-begin: label=source-excerpt-ui/resize-(1280, 720) tick=131848 drawn=6194 process=6194 physics=5578 windowVisible=True focus=True mode=Windowed renderLoop=True
state-final-render-sync-end: label=source-excerpt-ui/resize-(1280, 720) milliseconds=8 forcedScreenshotRender=False
state-final-render-sync-begin: label=source-excerpt-ui/layout-(1280, 720) tick=131856 drawn=6195 process=6195 physics=5578 windowVisible=True focus=True mode=Windowed renderLoop=True
state-final-render-sync-end: label=source-excerpt-ui/layout-(1280, 720) milliseconds=8 forcedScreenshotRender=False
state-final-render-sync-begin: label=source-excerpt-ui/capture-(1280, 720) tick=131865 drawn=6196 process=6196 physics=5579 windowVisible=True focus=True mode=Windowed renderLoop=True
state-final-render-sync-end: label=source-excerpt-ui/capture-(1280, 720) milliseconds=7 forcedScreenshotRender=False
source-excerpt-ui: capture /Users/unterlantas/Documents/GitHub/URMAN/docs/production/act1_takeover_evidence_2026-09-16/images-walk-sources-11/source_excerpt_Act1FirstPersonWalkthroughSmokeTest_1280x720.png
source-excerpt-ui: bounds (1280, 720) actual=(1280, 720) logical=(1920, 1080) textPixels=(516, 325.33334) selectedCharacters=8 capture=PNG
state-final-render-sync-begin: label=source-excerpt-ui/resize-(1920, 1080) tick=131941 drawn=6197 process=6197 physics=5579 windowVisible=True focus=True mode=Windowed renderLoop=True
state-final-render-sync-end: label=source-excerpt-ui/resize-(1920, 1080) milliseconds=58 forcedScreenshotRender=False
state-final-render-sync-begin: label=source-excerpt-ui/layout-(1920, 1080) tick=131999 drawn=6198 process=6198 physics=5584 windowVisible=True focus=True mode=Windowed renderLoop=True
state-final-render-sync-end: label=source-excerpt-ui/layout-(1920, 1080) milliseconds=6 forcedScreenshotRender=False
state-final-render-sync-begin: label=source-excerpt-ui/capture-(1920, 1080) tick=132005 drawn=6199 process=6199 physics=5588 windowVisible=True focus=True mode=Windowed renderLoop=True
state-final-render-sync-end: label=source-excerpt-ui/capture-(1920, 1080) milliseconds=6 forcedScreenshotRender=False
source-excerpt-ui: capture /Users/unterlantas/Documents/GitHub/URMAN/docs/production/act1_takeover_evidence_2026-09-16/images-walk-sources-11/source_excerpt_Act1FirstPersonWalkthroughSmokeTest_1920x1080.png
source-excerpt-ui: bounds (1920, 1080) actual=(1920, 1080) logical=(1920, 1080) textPixels=(774, 549) selectedCharacters=8 capture=PNG
state-final-render-sync-begin: label=source-excerpt-ui/restore-window tick=132134 drawn=6200 process=6200 physics=5588 windowVisible=True focus=True mode=Windowed renderLoop=True
state-final-render-sync-end: label=source-excerpt-ui/restore-window milliseconds=53 forcedScreenshotRender=False
source-excerpt-ui: PASS real Shift+arrows, Esc-to-reader, re-entry, Tab-to-button, 720/1080 bounds; no excerpt recorded
source-formatting-proof: paired strong -> unchanged canonical paragraph -> real selection/save follows; literal stars and links retained
source-excerpt-selection-state: {"action":"excerpt-notice-cause","phase":"wrong-before-resize","processFrame":6204,"physicsFrame":5600,"selecting":true,"editorVisible":true,"recordDisabled":false,"selected":"\u0421\u043F\u0440\u0430\u0432\u043A\u0430","expected":"\u0421\u043F\u0440\u0430\u0432\u043A\u0430","exact":true,"editorContainsExpected":true,"selectionFrom":[1,0],"selectionTo":[1,7],"caret":[1,7],"editorFocused":true,"focusOwner":"/root/Act1FirstPersonWalkthroughSmokeTest/Act1Demo/Main/JournalUi/Screen/Book/Layout/WorkArea/Reader/Body/SourceExcerptText","editorRect":"(754, 286), (774, 488)","bodyRect":"(754, 286), (774, 488)","editorScroll":0,"bodyScroll":0,"logicalViewport":"(0, 0), (1920, 1080)","windowSize":"(1280, 720)"}
state-final-render-sync-begin: label=source-excerpt-feedback/excerpt-notice-cause/attempt1/wrong/resize tick=132212 drawn=6204 process=6204 physics=5600 windowVisible=True focus=True mode=Windowed renderLoop=True
state-final-render-sync-end: label=source-excerpt-feedback/excerpt-notice-cause/attempt1/wrong/resize milliseconds=4 forcedScreenshotRender=False
state-final-render-sync-begin: label=source-excerpt-feedback/excerpt-notice-cause/attempt1/wrong/layout tick=132221 drawn=6206 process=6206 physics=5601 windowVisible=True focus=True mode=Windowed renderLoop=True
state-final-render-sync-end: label=source-excerpt-feedback/excerpt-notice-cause/attempt1/wrong/layout milliseconds=5 forcedScreenshotRender=False
source-excerpt-proof: feedback capture /Users/unterlantas/Documents/GitHub/URMAN/docs/production/act1_takeover_evidence_2026-09-16/images-walk-sources-11/source_excerpt_Act1FirstPersonWalkthroughSmokeTest_excerpt-notice-cause_attempt01_wrong_1280x720.png
source-excerpt-raster-typography: {"action":"excerpt-notice-cause","phase":"wrong","size":"(1280, 720)","textScale":1,"rasterSize":"(1280, 720)","logicalViewport":"(0, 0), (1920, 1080)","rasterRatio":"(0.6666667, 0.6666667)","readerBounds":"(502.6667, 158), (516, 507.33337)","labels":[{"name":"Hint","logicalFont":21,"screenFontPixels":14,"bounds":"(502.6667, 477.33334), (516, 86.00003)","logicalHeight":129,"minimumHeight":129},{"name":"Feedback","logicalFont":21,"screenFontPixels":14,"bounds":"(502.6667, 596.6667), (516, 42)","logicalHeight":63,"minimumHeight":63},{"name":"Source","logicalFont":21,"screenFontPixels":14,"bounds":"(502.6667, 645.3334), (516, 20)","logicalHeight":30,"minimumHeight":30}],"oracle":"actual raster / logical viewport extent times GlobalWithCanvas; no runtime screen-transform API"}
state-final-render-sync-begin: label=source-excerpt-feedback/excerpt-notice-cause/attempt1/wrong/resize tick=132291 drawn=6206 process=6206 physics=5601 windowVisible=True focus=True mode=Windowed renderLoop=True
state-final-render-sync-end: label=source-excerpt-feedback/excerpt-notice-cause/attempt1/wrong/resize milliseconds=29 forcedScreenshotRender=False
state-final-render-sync-begin: label=source-excerpt-feedback/excerpt-notice-cause/attempt1/wrong/layout tick=132326 drawn=6209 process=6209 physics=5608 windowVisible=True focus=True mode=Windowed renderLoop=True
state-final-render-sync-end: label=source-excerpt-feedback/excerpt-notice-cause/attempt1/wrong/layout milliseconds=6 forcedScreenshotRender=False
source-excerpt-proof: feedback capture /Users/unterlantas/Documents/GitHub/URMAN/docs/production/act1_takeover_evidence_2026-09-16/images-walk-sources-11/source_excerpt_Act1FirstPersonWalkthroughSmokeTest_excerpt-notice-cause_attempt01_wrong_1920x1080.png
source-excerpt-raster-typography: {"action":"excerpt-notice-cause","phase":"wrong","size":"(1920, 1080)","textScale":1,"rasterSize":"(1920, 1080)","logicalViewport":"(0, 0), (1920, 1080)","rasterRatio":"(1, 1)","readerBounds":"(754, 237), (774, 761)","labels":[{"name":"Hint","logicalFont":16,"screenFontPixels":16,"bounds":"(754, 791), (774, 75)","logicalHeight":75,"minimumHeight":75},{"name":"Feedback","logicalFont":16,"screenFontPixels":16,"bounds":"(754, 916), (774, 49)","logicalHeight":49,"minimumHeight":49},{"name":"Source","logicalFont":16,"screenFontPixels":16,"bounds":"(754, 975), (774, 23)","logicalHeight":23,"minimumHeight":23}],"oracle":"actual raster / logical viewport extent times GlobalWithCanvas; no runtime screen-transform API"}
state-final-render-sync-begin: label=source-excerpt-feedback/excerpt-notice-cause/attempt1/wrong/restore tick=132512 drawn=6211 process=6211 physics=5619 windowVisible=True focus=True mode=Windowed renderLoop=True
state-final-render-sync-end: label=source-excerpt-feedback/excerpt-notice-cause/attempt1/wrong/restore milliseconds=5 forcedScreenshotRender=False
source-excerpt-selection-state: {"action":"excerpt-notice-cause","phase":"wrong-after-window-restore","processFrame":6211,"physicsFrame":5619,"selecting":true,"editorVisible":true,"recordDisabled":false,"selected":"\u0421\u043F\u0440\u0430\u0432\u043A\u0430","expected":"\u0421\u043F\u0440\u0430\u0432\u043A\u0430","exact":true,"editorContainsExpected":true,"selectionFrom":[1,0],"selectionTo":[1,7],"caret":[1,7],"editorFocused":true,"focusOwner":"/root/Act1FirstPersonWalkthroughSmokeTest/Act1Demo/Main/JournalUi/Screen/Book/Layout/WorkArea/Reader/Body/SourceExcerptText","editorRect":"(754, 286), (774, 420)","bodyRect":"(754, 286), (774, 420)","editorScroll":0,"bodyScroll":0,"logicalViewport":"(0, 0), (1920, 1080)","windowSize":"(1280, 720)"}
source-excerpt-selection-state: {"action":"excerpt-notice-cause","phase":"after-back","processFrame":6211,"physicsFrame":5619,"selecting":false,"editorVisible":false,"recordDisabled":true,"selected":"","expected":"\u041F\u0440\u0438\u0447\u0438\u043D\u0430 \u0437\u0430\u043A\u0440\u044B\u0442\u0438\u044F \u0434\u0435\u043B\u0430: \u0432\u043D\u0435\u0437\u0430\u043F\u043D\u0430\u044F \u0441\u0435\u0440\u0434\u0435\u0447\u043D\u0430\u044F \u043D\u0435\u0434\u043E\u0441\u0442\u0430\u0442\u043E\u0447\u043D\u043E\u0441\u0442\u044C \u043D\u0430 \u0444\u043E\u043D\u0435 \u043D\u0435\u0441\u0447\u0430\u0441\u0442\u043D\u043E\u0433\u043E \u0441\u043B\u0443\u0447\u0430\u044F.","exact":false,"editorContainsExpected":true,"selectionFrom":[1,7],"selectionTo":[1,7],"caret":[1,7],"editorFocused":false,"focusOwner":"/root/Act1FirstPersonWalkthroughSmokeTest/Act1Demo/Main/JournalUi/Screen/Book/Layout/WorkArea/Reader/Body","editorRect":"(754, 286), (774, 420)","bodyRect":"(754, 286), (774, 420)","editorScroll":0,"bodyScroll":0,"logicalViewport":"(0, 0), (1920, 1080)","windowSize":"(1280, 720)"}
source-excerpt-selection-state: {"action":"excerpt-notice-cause","phase":"after-begin","processFrame":6211,"physicsFrame":5619,"selecting":true,"editorVisible":true,"recordDisabled":true,"selected":"","expected":"\u041F\u0440\u0438\u0447\u0438\u043D\u0430 \u0437\u0430\u043A\u0440\u044B\u0442\u0438\u044F \u0434\u0435\u043B\u0430: \u0432\u043D\u0435\u0437\u0430\u043F\u043D\u0430\u044F \u0441\u0435\u0440\u0434\u0435\u0447\u043D\u0430\u044F \u043D\u0435\u0434\u043E\u0441\u0442\u0430\u0442\u043E\u0447\u043D\u043E\u0441\u0442\u044C \u043D\u0430 \u0444\u043E\u043D\u0435 \u043D\u0435\u0441\u0447\u0430\u0441\u0442\u043D\u043E\u0433\u043E \u0441\u043B\u0443\u0447\u0430\u044F.","exact":false,"editorContainsExpected":true,"selectionFrom":[0,0],"selectionTo":[0,0],"caret":[0,0],"editorFocused":true,"focusOwner":"/root/Act1FirstPersonWalkthroughSmokeTest/Act1Demo/Main/JournalUi/Screen/Book/Layout/WorkArea/Reader/Body/SourceExcerptText","editorRect":"(754, 286), (774, 420)","bodyRect":"(754, 286), (774, 420)","editorScroll":3.875,"bodyScroll":0,"logicalViewport":"(0, 0), (1920, 1080)","windowSize":"(1280, 720)"}
source-excerpt-selection-state: {"action":"excerpt-notice-cause","phase":"after-exact-select","processFrame":6211,"physicsFrame":5619,"selecting":true,"editorVisible":true,"recordDisabled":true,"selected":"\u041F\u0440\u0438\u0447\u0438\u043D\u0430 \u0437\u0430\u043A\u0440\u044B\u0442\u0438\u044F \u0434\u0435\u043B\u0430: \u0432\u043D\u0435\u0437\u0430\u043F\u043D\u0430\u044F \u0441\u0435\u0440\u0434\u0435\u0447\u043D\u0430\u044F \u043D\u0435\u0434\u043E\u0441\u0442\u0430\u0442\u043E\u0447\u043D\u043E\u0441\u0442\u044C \u043D\u0430 \u0444\u043E\u043D\u0435 \u043D\u0435\u0441\u0447\u0430\u0441\u0442\u043D\u043E\u0433\u043E \u0441\u043B\u0443\u0447\u0430\u044F.","expected":"\u041F\u0440\u0438\u0447\u0438\u043D\u0430 \u0437\u0430\u043A\u0440\u044B\u0442\u0438\u044F \u0434\u0435\u043B\u0430: \u0432\u043D\u0435\u0437\u0430\u043F\u043D\u0430\u044F \u0441\u0435\u0440\u0434\u0435\u0447\u043D\u0430\u044F \u043D\u0435\u0434\u043E\u0441\u0442\u0430\u0442\u043E\u0447\u043D\u043E\u0441\u0442\u044C \u043D\u0430 \u0444\u043E\u043D\u0435 \u043D\u0435\u0441\u0447\u0430\u0441\u0442\u043D\u043E\u0433\u043E \u0441\u043B\u0443\u0447\u0430\u044F.","exact":true,"editorContainsExpected":true,"selectionFrom":[5,0],"selectionTo":[5,86],"caret":[5,86],"editorFocused":true,"focusOwner":"/root/Act1FirstPersonWalkthroughSmokeTest/Act1Demo/Main/JournalUi/Screen/Book/Layout/WorkArea/Reader/Body/SourceExcerptText","editorRect":"(754, 286), (774, 420)","bodyRect":"(754, 286), (774, 420)","editorScroll":3.875,"bodyScroll":0,"logicalViewport":"(0, 0), (1920, 1080)","windowSize":"(1280, 720)"}
source-excerpt-selection-state: {"action":"excerpt-notice-cause","phase":"after-original-one-process-frame","processFrame":6212,"physicsFrame":5619,"selecting":true,"editorVisible":true,"recordDisabled":true,"selected":"\u041F\u0440\u0438\u0447\u0438\u043D\u0430 \u0437\u0430\u043A\u0440\u044B\u0442\u0438\u044F \u0434\u0435\u043B\u0430: \u0432\u043D\u0435\u0437\u0430\u043F\u043D\u0430\u044F \u0441\u0435\u0440\u0434\u0435\u0447\u043D\u0430\u044F \u043D\u0435\u0434\u043E\u0441\u0442\u0430\u0442\u043E\u0447\u043D\u043E\u0441\u0442\u044C \u043D\u0430 \u0444\u043E\u043D\u0435 \u043D\u0435\u0441\u0447\u0430\u0441\u0442\u043D\u043E\u0433\u043E \u0441\u043B\u0443\u0447\u0430\u044F.","expected":"\u041F\u0440\u0438\u0447\u0438\u043D\u0430 \u0437\u0430\u043A\u0440\u044B\u0442\u0438\u044F \u0434\u0435\u043B\u0430: \u0432\u043D\u0435\u0437\u0430\u043F\u043D\u0430\u044F \u0441\u0435\u0440\u0434\u0435\u0447\u043D\u0430\u044F \u043D\u0435\u0434\u043E\u0441\u0442\u0430\u0442\u043E\u0447\u043D\u043E\u0441\u0442\u044C \u043D\u0430 \u0444\u043E\u043D\u0435 \u043D\u0435\u0441\u0447\u0430\u0441\u0442\u043D\u043E\u0433\u043E \u0441\u043B\u0443\u0447\u0430\u044F.","exact":true,"editorContainsExpected":true,"selectionFrom":[5,0],"selectionTo":[5,86],"caret":[5,86],"editorFocused":true,"focusOwner":"/root/Act1FirstPersonWalkthroughSmokeTest/Act1Demo/Main/JournalUi/Screen/Book/Layout/WorkArea/Reader/Body/SourceExcerptText","editorRect":"(754, 286), (774, 420)","bodyRect":"(754, 286), (774, 420)","editorScroll":3.875,"bodyScroll":0,"logicalViewport":"(0, 0), (1920, 1080)","windowSize":"(1280, 720)"}
source-excerpt-selection-state: {"action":"excerpt-notice-cause","phase":"caret-changed-delivered","processFrame":6212,"physicsFrame":5619,"selecting":true,"editorVisible":true,"recordDisabled":false,"selected":"\u041F\u0440\u0438\u0447\u0438\u043D\u0430 \u0437\u0430\u043A\u0440\u044B\u0442\u0438\u044F \u0434\u0435\u043B\u0430: \u0432\u043D\u0435\u0437\u0430\u043F\u043D\u0430\u044F \u0441\u0435\u0440\u0434\u0435\u0447\u043D\u0430\u044F \u043D\u0435\u0434\u043E\u0441\u0442\u0430\u0442\u043E\u0447\u043D\u043E\u0441\u0442\u044C \u043D\u0430 \u0444\u043E\u043D\u0435 \u043D\u0435\u0441\u0447\u0430\u0441\u0442\u043D\u043E\u0433\u043E \u0441\u043B\u0443\u0447\u0430\u044F.","expected":"\u041F\u0440\u0438\u0447\u0438\u043D\u0430 \u0437\u0430\u043A\u0440\u044B\u0442\u0438\u044F \u0434\u0435\u043B\u0430: \u0432\u043D\u0435\u0437\u0430\u043F\u043D\u0430\u044F \u0441\u0435\u0440\u0434\u0435\u0447\u043D\u0430\u044F \u043D\u0435\u0434\u043E\u0441\u0442\u0430\u0442\u043E\u0447\u043D\u043E\u0441\u0442\u044C \u043D\u0430 \u0444\u043E\u043D\u0435 \u043D\u0435\u0441\u0447\u0430\u0441\u0442\u043D\u043E\u0433\u043E \u0441\u043B\u0443\u0447\u0430\u044F.","exact":true,"editorContainsExpected":true,"selectionFrom":[5,0],"selectionTo":[5,86],"caret":[5,86],"editorFocused":true,"focusOwner":"/root/Act1FirstPersonWalkthroughSmokeTest/Act1Demo/Main/JournalUi/Screen/Book/Layout/WorkArea/Reader/Body/SourceExcerptText","editorRect":"(754, 286), (774, 420)","bodyRect":"(754, 286), (774, 420)","editorScroll":3.875,"bodyScroll":0,"logicalViewport":"(0, 0), (1920, 1080)","windowSize":"(1280, 720)"}
source-excerpt-selection-state: {"action":"excerpt-notice-cause","phase":"before-strict-record-check","processFrame":6213,"physicsFrame":5619,"selecting":true,"editorVisible":true,"recordDisabled":false,"selected":"\u041F\u0440\u0438\u0447\u0438\u043D\u0430 \u0437\u0430\u043A\u0440\u044B\u0442\u0438\u044F \u0434\u0435\u043B\u0430: \u0432\u043D\u0435\u0437\u0430\u043F\u043D\u0430\u044F \u0441\u0435\u0440\u0434\u0435\u0447\u043D\u0430\u044F \u043D\u0435\u0434\u043E\u0441\u0442\u0430\u0442\u043E\u0447\u043D\u043E\u0441\u0442\u044C \u043D\u0430 \u0444\u043E\u043D\u0435 \u043D\u0435\u0441\u0447\u0430\u0441\u0442\u043D\u043E\u0433\u043E \u0441\u043B\u0443\u0447\u0430\u044F.","expected":"\u041F\u0440\u0438\u0447\u0438\u043D\u0430 \u0437\u0430\u043A\u0440\u044B\u0442\u0438\u044F \u0434\u0435\u043B\u0430: \u0432\u043D\u0435\u0437\u0430\u043F\u043D\u0430\u044F \u0441\u0435\u0440\u0434\u0435\u0447\u043D\u0430\u044F \u043D\u0435\u0434\u043E\u0441\u0442\u0430\u0442\u043E\u0447\u043D\u043E\u0441\u0442\u044C \u043D\u0430 \u0444\u043E\u043D\u0435 \u043D\u0435\u0441\u0447\u0430\u0441\u0442\u043D\u043E\u0433\u043E \u0441\u043B\u0443\u0447\u0430\u044F.","exact":true,"editorContainsExpected":true,"selectionFrom":[5,0],"selectionTo":[5,86],"caret":[5,86],"editorFocused":true,"focusOwner":"/root/Act1FirstPersonWalkthroughSmokeTest/Act1Demo/Main/JournalUi/Screen/Book/Layout/WorkArea/Reader/Body/SourceExcerptText","editorRect":"(754, 286), (774, 488)","bodyRect":"(754, 286), (774, 488)","editorScroll":0,"bodyScroll":0,"logicalViewport":"(0, 0), (1920, 1080)","windowSize":"(1280, 720)"}
[210] journal.changed: urman.chapter1:interaction/excerpt-notice-cause
SaveGameV3 written to /Users/unterlantas/Library/Application Support/Godot/app_userdata/URMAN/savegames/checkpoint.savegame-v3.json
checkpoint: auto-saved at urman.chapter1:scene/evidence-internal-register
state-final-render-sync-begin: label=source-excerpt-feedback/excerpt-notice-cause/attempt1/saved/resize tick=132553 drawn=6214 process=6214 physics=5620 windowVisible=True focus=True mode=Windowed renderLoop=True
state-final-render-sync-end: label=source-excerpt-feedback/excerpt-notice-cause/attempt1/saved/resize milliseconds=4 forcedScreenshotRender=False
state-final-render-sync-begin: label=source-excerpt-feedback/excerpt-notice-cause/attempt1/saved/layout tick=132562 drawn=6216 process=6216 physics=5621 windowVisible=True focus=True mode=Windowed renderLoop=True
state-final-render-sync-end: label=source-excerpt-feedback/excerpt-notice-cause/attempt1/saved/layout milliseconds=4 forcedScreenshotRender=False
source-excerpt-proof: feedback capture /Users/unterlantas/Documents/GitHub/URMAN/docs/production/act1_takeover_evidence_2026-09-16/images-walk-sources-11/source_excerpt_Act1FirstPersonWalkthroughSmokeTest_excerpt-notice-cause_attempt01_saved_1280x720.png
source-excerpt-raster-typography: {"action":"excerpt-notice-cause","phase":"saved","size":"(1280, 720)","textScale":1,"rasterSize":"(1280, 720)","logicalViewport":"(0, 0), (1920, 1080)","rasterRatio":"(0.6666667, 0.6666667)","readerBounds":"(502.6667, 158), (516, 507.33337)","labels":[{"name":"Hint","logicalFont":21,"screenFontPixels":14,"bounds":"(502.6667, 593.3334), (516, 42)","logicalHeight":63,"minimumHeight":63},{"name":"Source","logicalFont":21,"screenFontPixels":14,"bounds":"(502.6667, 645.3334), (516, 20)","logicalHeight":30,"minimumHeight":30}],"oracle":"actual raster / logical viewport extent times GlobalWithCanvas; no runtime screen-transform API"}
state-final-render-sync-begin: label=source-excerpt-feedback/excerpt-notice-cause/attempt1/saved/resize tick=132629 drawn=6216 process=6216 physics=5621 windowVisible=True focus=True mode=Windowed renderLoop=True
state-final-render-sync-end: label=source-excerpt-feedback/excerpt-notice-cause/attempt1/saved/resize milliseconds=27 forcedScreenshotRender=False
state-final-render-sync-begin: label=source-excerpt-feedback/excerpt-notice-cause/attempt1/saved/layout tick=132662 drawn=6219 process=6219 physics=5628 windowVisible=True focus=True mode=Windowed renderLoop=True
state-final-render-sync-end: label=source-excerpt-feedback/excerpt-notice-cause/attempt1/saved/layout milliseconds=6 forcedScreenshotRender=False
source-excerpt-proof: feedback capture /Users/unterlantas/Documents/GitHub/URMAN/docs/production/act1_takeover_evidence_2026-09-16/images-walk-sources-11/source_excerpt_Act1FirstPersonWalkthroughSmokeTest_excerpt-notice-cause_attempt01_saved_1920x1080.png
source-excerpt-raster-typography: {"action":"excerpt-notice-cause","phase":"saved","size":"(1920, 1080)","textScale":1,"rasterSize":"(1920, 1080)","logicalViewport":"(0, 0), (1920, 1080)","rasterRatio":"(1, 1)","readerBounds":"(754, 237), (774, 761)","labels":[{"name":"Hint","logicalFont":16,"screenFontPixels":16,"bounds":"(754, 911), (774, 49)","logicalHeight":49,"minimumHeight":49},{"name":"Source","logicalFont":16,"screenFontPixels":16,"bounds":"(754, 975), (774, 23)","logicalHeight":23,"minimumHeight":23}],"oracle":"actual raster / logical viewport extent times GlobalWithCanvas; no runtime screen-transform API"}
state-final-render-sync-begin: label=source-excerpt-feedback/excerpt-notice-cause/attempt1/saved/restore tick=132842 drawn=6221 process=6221 physics=5638 windowVisible=True focus=True mode=Windowed renderLoop=True
state-final-render-sync-end: label=source-excerpt-feedback/excerpt-notice-cause/attempt1/saved/restore milliseconds=4 forcedScreenshotRender=False
state-final-render-sync-begin: label=source-excerpt-feedback/excerpt-notice-cause/attempt1/reopened/resize tick=132874 drawn=6226 process=6226 physics=5640 windowVisible=True focus=True mode=Windowed renderLoop=True
state-final-render-sync-end: label=source-excerpt-feedback/excerpt-notice-cause/attempt1/reopened/resize milliseconds=7 forcedScreenshotRender=False
state-final-render-sync-begin: label=source-excerpt-feedback/excerpt-notice-cause/attempt1/reopened/layout tick=132889 drawn=6228 process=6228 physics=5641 windowVisible=True focus=True mode=Windowed renderLoop=True
state-final-render-sync-end: label=source-excerpt-feedback/excerpt-notice-cause/attempt1/reopened/layout milliseconds=9 forcedScreenshotRender=False
source-excerpt-proof: feedback capture /Users/unterlantas/Documents/GitHub/URMAN/docs/production/act1_takeover_evidence_2026-09-16/images-walk-sources-11/source_excerpt_Act1FirstPersonWalkthroughSmokeTest_excerpt-notice-cause_attempt01_reopened_1280x720.png
source-excerpt-raster-typography: {"action":"excerpt-notice-cause","phase":"reopened","size":"(1280, 720)","textScale":1,"rasterSize":"(1280, 720)","logicalViewport":"(0, 0), (1920, 1080)","rasterRatio":"(0.6666667, 0.6666667)","readerBounds":"(502.6667, 158), (516, 507.33337)","labels":[{"name":"Hint","logicalFont":21,"screenFontPixels":14,"bounds":"(502.6667, 593.3334), (516, 42)","logicalHeight":63,"minimumHeight":63},{"name":"Source","logicalFont":21,"screenFontPixels":14,"bounds":"(502.6667, 645.3334), (516, 20)","logicalHeight":30,"minimumHeight":30}],"oracle":"actual raster / logical viewport extent times GlobalWithCanvas; no runtime screen-transform API"}
state-final-render-sync-begin: label=source-excerpt-feedback/excerpt-notice-cause/attempt1/reopened/resize tick=132963 drawn=6228 process=6228 physics=5641 windowVisible=True focus=True mode=Windowed renderLoop=True
state-final-render-sync-end: label=source-excerpt-feedback/excerpt-notice-cause/attempt1/reopened/resize milliseconds=27 forcedScreenshotRender=False
state-final-render-sync-begin: label=source-excerpt-feedback/excerpt-notice-cause/attempt1/reopened/layout tick=132996 drawn=6231 process=6231 physics=5648 windowVisible=True focus=True mode=Windowed renderLoop=True
state-final-render-sync-end: label=source-excerpt-feedback/excerpt-notice-cause/attempt1/reopened/layout milliseconds=5 forcedScreenshotRender=False
source-excerpt-proof: feedback capture /Users/unterlantas/Documents/GitHub/URMAN/docs/production/act1_takeover_evidence_2026-09-16/images-walk-sources-11/source_excerpt_Act1FirstPersonWalkthroughSmokeTest_excerpt-notice-cause_attempt01_reopened_1920x1080.png
source-excerpt-raster-typography: {"action":"excerpt-notice-cause","phase":"reopened","size":"(1920, 1080)","textScale":1,"rasterSize":"(1920, 1080)","logicalViewport":"(0, 0), (1920, 1080)","rasterRatio":"(1, 1)","readerBounds":"(754, 237), (774, 761)","labels":[{"name":"Hint","logicalFont":16,"screenFontPixels":16,"bounds":"(754, 911), (774, 49)","logicalHeight":49,"minimumHeight":49},{"name":"Source","logicalFont":16,"screenFontPixels":16,"bounds":"(754, 975), (774, 23)","logicalHeight":23,"minimumHeight":23}],"oracle":"actual raster / logical viewport extent times GlobalWithCanvas; no runtime screen-transform API"}
state-final-render-sync-begin: label=source-excerpt-feedback/excerpt-notice-cause/attempt1/reopened/restore tick=133174 drawn=6233 process=6233 physics=5658 windowVisible=True focus=True mode=Windowed renderLoop=True
state-final-render-sync-end: label=source-excerpt-feedback/excerpt-notice-cause/attempt1/reopened/restore milliseconds=5 forcedScreenshotRender=False
source-excerpt-proof: document=urman.oldpc:document/doc_marat_official_death_notice action=excerpt-notice-cause; heading refused; cancel refused; actual TextEdit selection -> Record -> one source; scene preserved; one persistent confirmation and remaining fields survive reopen
source-formatting-proof: paired strong -> unchanged canonical paragraph -> real selection/save follows; literal stars and links retained
source-excerpt-selection-state: {"action":"excerpt-register-wording","phase":"wrong-before-resize","processFrame":6241,"physicsFrame":5662,"selecting":true,"editorVisible":true,"recordDisabled":false,"selected":"\u0420\u0435\u0435\u0441\u0442\u0440 \u0437\u0430\u043A\u0440\u044B\u0442\u044B\u0445 \u0441\u043B\u0443\u0447\u0430\u0435\u0432","expected":"\u0420\u0435\u0435\u0441\u0442\u0440 \u0437\u0430\u043A\u0440\u044B\u0442\u044B\u0445 \u0441\u043B\u0443\u0447\u0430\u0435\u0432","exact":true,"editorContainsExpected":true,"selectionFrom":[1,0],"selectionTo":[1,23],"caret":[1,23],"editorFocused":true,"focusOwner":"/root/Act1FirstPersonWalkthroughSmokeTest/Act1Demo/Main/JournalUi/Screen/Book/Layout/WorkArea/Reader/Body/SourceExcerptText","editorRect":"(754, 286), (774, 488)","bodyRect":"(754, 286), (774, 488)","editorScroll":0,"bodyScroll":0,"logicalViewport":"(0, 0), (1920, 1080)","windowSize":"(1280, 720)"}
state-final-render-sync-begin: label=source-excerpt-feedback/excerpt-register-wording/attempt1/wrong/resize tick=133241 drawn=6241 process=6241 physics=5662 windowVisible=True focus=True mode=Windowed renderLoop=True
state-final-render-sync-end: label=source-excerpt-feedback/excerpt-register-wording/attempt1/wrong/resize milliseconds=6 forcedScreenshotRender=False
state-final-render-sync-begin: label=source-excerpt-feedback/excerpt-register-wording/attempt1/wrong/layout tick=133256 drawn=6243 process=6243 physics=5663 windowVisible=True focus=True mode=Windowed renderLoop=True
state-final-render-sync-end: label=source-excerpt-feedback/excerpt-register-wording/attempt1/wrong/layout milliseconds=8 forcedScreenshotRender=False
source-excerpt-proof: feedback capture /Users/unterlantas/Documents/GitHub/URMAN/docs/production/act1_takeover_evidence_2026-09-16/images-walk-sources-11/source_excerpt_Act1FirstPersonWalkthroughSmokeTest_excerpt-register-wording_attempt01_wrong_1280x720.png
source-excerpt-raster-typography: {"action":"excerpt-register-wording","phase":"wrong","size":"(1280, 720)","textScale":1,"rasterSize":"(1280, 720)","logicalViewport":"(0, 0), (1920, 1080)","rasterRatio":"(0.6666667, 0.6666667)","readerBounds":"(502.6667, 158), (516, 507.33337)","labels":[{"name":"Hint","logicalFont":21,"screenFontPixels":14,"bounds":"(502.6667, 477.33334), (516, 86.00003)","logicalHeight":129,"minimumHeight":129},{"name":"Feedback","logicalFont":21,"screenFontPixels":14,"bounds":"(502.6667, 596.6667), (516, 42)","logicalHeight":63,"minimumHeight":63},{"name":"Source","logicalFont":21,"screenFontPixels":14,"bounds":"(502.6667, 645.3334), (516, 20)","logicalHeight":30,"minimumHeight":30}],"oracle":"actual raster / logical viewport extent times GlobalWithCanvas; no runtime screen-transform API"}
state-final-render-sync-begin: label=source-excerpt-feedback/excerpt-register-wording/attempt1/wrong/resize tick=133329 drawn=6243 process=6243 physics=5663 windowVisible=True focus=True mode=Windowed renderLoop=True
state-final-render-sync-end: label=source-excerpt-feedback/excerpt-register-wording/attempt1/wrong/resize milliseconds=27 forcedScreenshotRender=False
state-final-render-sync-begin: label=source-excerpt-feedback/excerpt-register-wording/attempt1/wrong/layout tick=133362 drawn=6246 process=6246 physics=5670 windowVisible=True focus=True mode=Windowed renderLoop=True
state-final-render-sync-end: label=source-excerpt-feedback/excerpt-register-wording/attempt1/wrong/layout milliseconds=6 forcedScreenshotRender=False
source-excerpt-proof: feedback capture /Users/unterlantas/Documents/GitHub/URMAN/docs/production/act1_takeover_evidence_2026-09-16/images-walk-sources-11/source_excerpt_Act1FirstPersonWalkthroughSmokeTest_excerpt-register-wording_attempt01_wrong_1920x1080.png
source-excerpt-raster-typography: {"action":"excerpt-register-wording","phase":"wrong","size":"(1920, 1080)","textScale":1,"rasterSize":"(1920, 1080)","logicalViewport":"(0, 0), (1920, 1080)","rasterRatio":"(1, 1)","readerBounds":"(754, 237), (774, 761)","labels":[{"name":"Hint","logicalFont":16,"screenFontPixels":16,"bounds":"(754, 791), (774, 75)","logicalHeight":75,"minimumHeight":75},{"name":"Feedback","logicalFont":16,"screenFontPixels":16,"bounds":"(754, 916), (774, 49)","logicalHeight":49,"minimumHeight":49},{"name":"Source","logicalFont":16,"screenFontPixels":16,"bounds":"(754, 975), (774, 23)","logicalHeight":23,"minimumHeight":23}],"oracle":"actual raster / logical viewport extent times GlobalWithCanvas; no runtime screen-transform API"}
state-final-render-sync-begin: label=source-excerpt-feedback/excerpt-register-wording/attempt1/wrong/restore tick=133543 drawn=6248 process=6248 physics=5680 windowVisible=True focus=True mode=Windowed renderLoop=True
state-final-render-sync-end: label=source-excerpt-feedback/excerpt-register-wording/attempt1/wrong/restore milliseconds=4 forcedScreenshotRender=False
source-excerpt-selection-state: {"action":"excerpt-register-wording","phase":"wrong-after-window-restore","processFrame":6248,"physicsFrame":5680,"selecting":true,"editorVisible":true,"recordDisabled":false,"selected":"\u0420\u0435\u0435\u0441\u0442\u0440 \u0437\u0430\u043A\u0440\u044B\u0442\u044B\u0445 \u0441\u043B\u0443\u0447\u0430\u0435\u0432","expected":"\u0420\u0435\u0435\u0441\u0442\u0440 \u0437\u0430\u043A\u0440\u044B\u0442\u044B\u0445 \u0441\u043B\u0443\u0447\u0430\u0435\u0432","exact":true,"editorContainsExpected":true,"selectionFrom":[1,0],"selectionTo":[1,23],"caret":[1,23],"editorFocused":true,"focusOwner":"/root/Act1FirstPersonWalkthroughSmokeTest/Act1Demo/Main/JournalUi/Screen/Book/Layout/WorkArea/Reader/Body/SourceExcerptText","editorRect":"(754, 286), (774, 420)","bodyRect":"(754, 286), (774, 420)","editorScroll":0,"bodyScroll":0,"logicalViewport":"(0, 0), (1920, 1080)","windowSize":"(1280, 720)"}
source-excerpt-selection-state: {"action":"excerpt-register-wording","phase":"after-back","processFrame":6248,"physicsFrame":5680,"selecting":false,"editorVisible":false,"recordDisabled":true,"selected":"","expected":"\u0412\u043D\u0435\u0448\u043D\u044F\u044F \u0444\u043E\u0440\u043C\u0443\u043B\u0438\u0440\u043E\u0432\u043A\u0430: \u043D\u0435\u0441\u0447\u0430\u0441\u0442\u043D\u044B\u0439 \u0441\u043B\u0443\u0447\u0430\u0439.","exact":false,"editorContainsExpected":true,"selectionFrom":[1,23],"selectionTo":[1,23],"caret":[1,23],"editorFocused":false,"focusOwner":"/root/Act1FirstPersonWalkthroughSmokeTest/Act1Demo/Main/JournalUi/Screen/Book/Layout/WorkArea/Reader/Body","editorRect":"(754, 286), (774, 420)","bodyRect":"(754, 286), (774, 420)","editorScroll":0,"bodyScroll":0,"logicalViewport":"(0, 0), (1920, 1080)","windowSize":"(1280, 720)"}
source-excerpt-selection-state: {"action":"excerpt-register-wording","phase":"after-begin","processFrame":6248,"physicsFrame":5680,"selecting":true,"editorVisible":true,"recordDisabled":true,"selected":"","expected":"\u0412\u043D\u0435\u0448\u043D\u044F\u044F \u0444\u043E\u0440\u043C\u0443\u043B\u0438\u0440\u043E\u0432\u043A\u0430: \u043D\u0435\u0441\u0447\u0430\u0441\u0442\u043D\u044B\u0439 \u0441\u043B\u0443\u0447\u0430\u0439.","exact":false,"editorContainsExpected":true,"selectionFrom":[0,0],"selectionTo":[0,0],"caret":[0,0],"editorFocused":true,"focusOwner":"/root/Act1FirstPersonWalkthroughSmokeTest/Act1Demo/Main/JournalUi/Screen/Book/Layout/WorkArea/Reader/Body/SourceExcerptText","editorRect":"(754, 286), (774, 420)","bodyRect":"(754, 286), (774, 420)","editorScroll":5.875,"bodyScroll":0,"logicalViewport":"(0, 0), (1920, 1080)","windowSize":"(1280, 720)"}
source-excerpt-selection-state: {"action":"excerpt-register-wording","phase":"after-exact-select","processFrame":6248,"physicsFrame":5680,"selecting":true,"editorVisible":true,"recordDisabled":true,"selected":"\u0412\u043D\u0435\u0448\u043D\u044F\u044F \u0444\u043E\u0440\u043C\u0443\u043B\u0438\u0440\u043E\u0432\u043A\u0430: \u043D\u0435\u0441\u0447\u0430\u0441\u0442\u043D\u044B\u0439 \u0441\u043B\u0443\u0447\u0430\u0439.","expected":"\u0412\u043D\u0435\u0448\u043D\u044F\u044F \u0444\u043E\u0440\u043C\u0443\u043B\u0438\u0440\u043E\u0432\u043A\u0430: \u043D\u0435\u0441\u0447\u0430\u0441\u0442\u043D\u044B\u0439 \u0441\u043B\u0443\u0447\u0430\u0439.","exact":true,"editorContainsExpected":true,"selectionFrom":[11,0],"selectionTo":[11,40],"caret":[11,40],"editorFocused":true,"focusOwner":"/root/Act1FirstPersonWalkthroughSmokeTest/Act1Demo/Main/JournalUi/Screen/Book/Layout/WorkArea/Reader/Body/SourceExcerptText","editorRect":"(754, 286), (774, 420)","bodyRect":"(754, 286), (774, 420)","editorScroll":5.875,"bodyScroll":0,"logicalViewport":"(0, 0), (1920, 1080)","windowSize":"(1280, 720)"}
source-excerpt-selection-state: {"action":"excerpt-register-wording","phase":"caret-changed-delivered","processFrame":6249,"physicsFrame":5681,"selecting":true,"editorVisible":true,"recordDisabled":false,"selected":"\u0412\u043D\u0435\u0448\u043D\u044F\u044F \u0444\u043E\u0440\u043C\u0443\u043B\u0438\u0440\u043E\u0432\u043A\u0430: \u043D\u0435\u0441\u0447\u0430\u0441\u0442\u043D\u044B\u0439 \u0441\u043B\u0443\u0447\u0430\u0439.","expected":"\u0412\u043D\u0435\u0448\u043D\u044F\u044F \u0444\u043E\u0440\u043C\u0443\u043B\u0438\u0440\u043E\u0432\u043A\u0430: \u043D\u0435\u0441\u0447\u0430\u0441\u0442\u043D\u044B\u0439 \u0441\u043B\u0443\u0447\u0430\u0439.","exact":true,"editorContainsExpected":true,"selectionFrom":[11,0],"selectionTo":[11,40],"caret":[11,40],"editorFocused":true,"focusOwner":"/root/Act1FirstPersonWalkthroughSmokeTest/Act1Demo/Main/JournalUi/Screen/Book/Layout/WorkArea/Reader/Body/SourceExcerptText","editorRect":"(754, 286), (774, 420)","bodyRect":"(754, 286), (774, 420)","editorScroll":5.875,"bodyScroll":0,"logicalViewport":"(0, 0), (1920, 1080)","windowSize":"(1280, 720)"}
source-excerpt-selection-state: {"action":"excerpt-register-wording","phase":"after-original-one-process-frame","processFrame":6249,"physicsFrame":5681,"selecting":true,"editorVisible":true,"recordDisabled":false,"selected":"\u0412\u043D\u0435\u0448\u043D\u044F\u044F \u0444\u043E\u0440\u043C\u0443\u043B\u0438\u0440\u043E\u0432\u043A\u0430: \u043D\u0435\u0441\u0447\u0430\u0441\u0442\u043D\u044B\u0439 \u0441\u043B\u0443\u0447\u0430\u0439.","expected":"\u0412\u043D\u0435\u0448\u043D\u044F\u044F \u0444\u043E\u0440\u043C\u0443\u043B\u0438\u0440\u043E\u0432\u043A\u0430: \u043D\u0435\u0441\u0447\u0430\u0441\u0442\u043D\u044B\u0439 \u0441\u043B\u0443\u0447\u0430\u0439.","exact":true,"editorContainsExpected":true,"selectionFrom":[11,0],"selectionTo":[11,40],"caret":[11,40],"editorFocused":true,"focusOwner":"/root/Act1FirstPersonWalkthroughSmokeTest/Act1Demo/Main/JournalUi/Screen/Book/Layout/WorkArea/Reader/Body/SourceExcerptText","editorRect":"(754, 286), (774, 488)","bodyRect":"(754, 286), (774, 488)","editorScroll":0,"bodyScroll":0,"logicalViewport":"(0, 0), (1920, 1080)","windowSize":"(1280, 720)"}
source-excerpt-selection-state: {"action":"excerpt-register-wording","phase":"before-strict-record-check","processFrame":6250,"physicsFrame":5681,"selecting":true,"editorVisible":true,"recordDisabled":false,"selected":"\u0412\u043D\u0435\u0448\u043D\u044F\u044F \u0444\u043E\u0440\u043C\u0443\u043B\u0438\u0440\u043E\u0432\u043A\u0430: \u043D\u0435\u0441\u0447\u0430\u0441\u0442\u043D\u044B\u0439 \u0441\u043B\u0443\u0447\u0430\u0439.","expected":"\u0412\u043D\u0435\u0448\u043D\u044F\u044F \u0444\u043E\u0440\u043C\u0443\u043B\u0438\u0440\u043E\u0432\u043A\u0430: \u043D\u0435\u0441\u0447\u0430\u0441\u0442\u043D\u044B\u0439 \u0441\u043B\u0443\u0447\u0430\u0439.","exact":true,"editorContainsExpected":true,"selectionFrom":[11,0],"selectionTo":[11,40],"caret":[11,40],"editorFocused":true,"focusOwner":"/root/Act1FirstPersonWalkthroughSmokeTest/Act1Demo/Main/JournalUi/Screen/Book/Layout/WorkArea/Reader/Body/SourceExcerptText","editorRect":"(754, 286), (774, 488)","bodyRect":"(754, 286), (774, 488)","editorScroll":0,"bodyScroll":0,"logicalViewport":"(0, 0), (1920, 1080)","windowSize":"(1280, 720)"}
[217] journal.changed: urman.chapter1:interaction/excerpt-register-wording
SaveGameV3 written to /Users/unterlantas/Library/Application Support/Godot/app_userdata/URMAN/savegames/checkpoint.savegame-v3.json
checkpoint: auto-saved at urman.chapter1:scene/evidence-internal-register
state-final-render-sync-begin: label=source-excerpt-feedback/excerpt-register-wording/attempt1/saved/resize tick=133585 drawn=6251 process=6251 physics=5682 windowVisible=True focus=True mode=Windowed renderLoop=True
state-final-render-sync-end: label=source-excerpt-feedback/excerpt-register-wording/attempt1/saved/resize milliseconds=4 forcedScreenshotRender=False
state-final-render-sync-begin: label=source-excerpt-feedback/excerpt-register-wording/attempt1/saved/layout tick=133594 drawn=6253 process=6253 physics=5684 windowVisible=True focus=True mode=Windowed renderLoop=True
state-final-render-sync-end: label=source-excerpt-feedback/excerpt-register-wording/attempt1/saved/layout milliseconds=4 forcedScreenshotRender=False
source-excerpt-proof: feedback capture /Users/unterlantas/Documents/GitHub/URMAN/docs/production/act1_takeover_evidence_2026-09-16/images-walk-sources-11/source_excerpt_Act1FirstPersonWalkthroughSmokeTest_excerpt-register-wording_attempt01_saved_1280x720.png
source-excerpt-raster-typography: {"action":"excerpt-register-wording","phase":"saved","size":"(1280, 720)","textScale":1,"rasterSize":"(1280, 720)","logicalViewport":"(0, 0), (1920, 1080)","rasterRatio":"(0.6666667, 0.6666667)","readerBounds":"(502.6667, 158), (516, 507.33337)","labels":[{"name":"Hint","logicalFont":21,"screenFontPixels":14,"bounds":"(502.6667, 566.6667), (516, 42)","logicalHeight":63,"minimumHeight":63},{"name":"Source","logicalFont":21,"screenFontPixels":14,"bounds":"(502.6667, 645.3334), (516, 20)","logicalHeight":30,"minimumHeight":30}],"oracle":"actual raster / logical viewport extent times GlobalWithCanvas; no runtime screen-transform API"}
state-final-render-sync-begin: label=source-excerpt-feedback/excerpt-register-wording/attempt1/saved/resize tick=133663 drawn=6253 process=6253 physics=5684 windowVisible=True focus=True mode=Windowed renderLoop=True
state-final-render-sync-end: label=source-excerpt-feedback/excerpt-register-wording/attempt1/saved/resize milliseconds=27 forcedScreenshotRender=False
state-final-render-sync-begin: label=source-excerpt-feedback/excerpt-register-wording/attempt1/saved/layout tick=133701 drawn=6256 process=6256 physics=5690 windowVisible=True focus=True mode=Windowed renderLoop=True
state-final-render-sync-end: label=source-excerpt-feedback/excerpt-register-wording/attempt1/saved/layout milliseconds=4 forcedScreenshotRender=False
source-excerpt-proof: feedback capture /Users/unterlantas/Documents/GitHub/URMAN/docs/production/act1_takeover_evidence_2026-09-16/images-walk-sources-11/source_excerpt_Act1FirstPersonWalkthroughSmokeTest_excerpt-register-wording_attempt01_saved_1920x1080.png
source-excerpt-raster-typography: {"action":"excerpt-register-wording","phase":"saved","size":"(1920, 1080)","textScale":1,"rasterSize":"(1920, 1080)","logicalViewport":"(0, 0), (1920, 1080)","rasterRatio":"(1, 1)","readerBounds":"(754, 237), (774, 761)","labels":[{"name":"Hint","logicalFont":16,"screenFontPixels":16,"bounds":"(754, 871), (774, 49)","logicalHeight":49,"minimumHeight":49},{"name":"Source","logicalFont":16,"screenFontPixels":16,"bounds":"(754, 975), (774, 23)","logicalHeight":23,"minimumHeight":23}],"oracle":"actual raster / logical viewport extent times GlobalWithCanvas; no runtime screen-transform API"}
state-final-render-sync-begin: label=source-excerpt-feedback/excerpt-register-wording/attempt1/saved/restore tick=133888 drawn=6258 process=6258 physics=5701 windowVisible=True focus=True mode=Windowed renderLoop=True
state-final-render-sync-end: label=source-excerpt-feedback/excerpt-register-wording/attempt1/saved/restore milliseconds=4 forcedScreenshotRender=False
state-final-render-sync-begin: label=source-excerpt-feedback/excerpt-register-wording/attempt1/reopened/resize tick=133924 drawn=6263 process=6263 physics=5703 windowVisible=True focus=True mode=Windowed renderLoop=True
state-final-render-sync-end: label=source-excerpt-feedback/excerpt-register-wording/attempt1/reopened/resize milliseconds=7 forcedScreenshotRender=False
state-final-render-sync-begin: label=source-excerpt-feedback/excerpt-register-wording/attempt1/reopened/layout tick=133939 drawn=6265 process=6265 physics=5704 windowVisible=True focus=True mode=Windowed renderLoop=True
state-final-render-sync-end: label=source-excerpt-feedback/excerpt-register-wording/attempt1/reopened/layout milliseconds=8 forcedScreenshotRender=False
source-excerpt-proof: feedback capture /Users/unterlantas/Documents/GitHub/URMAN/docs/production/act1_takeover_evidence_2026-09-16/images-walk-sources-11/source_excerpt_Act1FirstPersonWalkthroughSmokeTest_excerpt-register-wording_attempt01_reopened_1280x720.png
source-excerpt-raster-typography: {"action":"excerpt-register-wording","phase":"reopened","size":"(1280, 720)","textScale":1,"rasterSize":"(1280, 720)","logicalViewport":"(0, 0), (1920, 1080)","rasterRatio":"(0.6666667, 0.6666667)","readerBounds":"(502.6667, 158), (516, 507.33337)","labels":[{"name":"Hint","logicalFont":21,"screenFontPixels":14,"bounds":"(502.6667, 566.6667), (516, 42)","logicalHeight":63,"minimumHeight":63},{"name":"Source","logicalFont":21,"screenFontPixels":14,"bounds":"(502.6667, 645.3334), (516, 20)","logicalHeight":30,"minimumHeight":30}],"oracle":"actual raster / logical viewport extent times GlobalWithCanvas; no runtime screen-transform API"}
state-final-render-sync-begin: label=source-excerpt-feedback/excerpt-register-wording/attempt1/reopened/resize tick=134011 drawn=6265 process=6265 physics=5704 windowVisible=True focus=True mode=Windowed renderLoop=True
state-final-render-sync-end: label=source-excerpt-feedback/excerpt-register-wording/attempt1/reopened/resize milliseconds=28 forcedScreenshotRender=False
state-final-render-sync-begin: label=source-excerpt-feedback/excerpt-register-wording/attempt1/reopened/layout tick=134045 drawn=6268 process=6268 physics=5711 windowVisible=True focus=True mode=Windowed renderLoop=True
state-final-render-sync-end: label=source-excerpt-feedback/excerpt-register-wording/attempt1/reopened/layout milliseconds=5 forcedScreenshotRender=False
source-excerpt-proof: feedback capture /Users/unterlantas/Documents/GitHub/URMAN/docs/production/act1_takeover_evidence_2026-09-16/images-walk-sources-11/source_excerpt_Act1FirstPersonWalkthroughSmokeTest_excerpt-register-wording_attempt01_reopened_1920x1080.png
source-excerpt-raster-typography: {"action":"excerpt-register-wording","phase":"reopened","size":"(1920, 1080)","textScale":1,"rasterSize":"(1920, 1080)","logicalViewport":"(0, 0), (1920, 1080)","rasterRatio":"(1, 1)","readerBounds":"(754, 237), (774, 761)","labels":[{"name":"Hint","logicalFont":16,"screenFontPixels":16,"bounds":"(754, 871), (774, 49)","logicalHeight":49,"minimumHeight":49},{"name":"Source","logicalFont":16,"screenFontPixels":16,"bounds":"(754, 975), (774, 23)","logicalHeight":23,"minimumHeight":23}],"oracle":"actual raster / logical viewport extent times GlobalWithCanvas; no runtime screen-transform API"}
state-final-render-sync-begin: label=source-excerpt-feedback/excerpt-register-wording/attempt1/reopened/restore tick=134222 drawn=6270 process=6270 physics=5721 windowVisible=True focus=True mode=Windowed renderLoop=True
state-final-render-sync-end: label=source-excerpt-feedback/excerpt-register-wording/attempt1/reopened/restore milliseconds=4 forcedScreenshotRender=False
source-excerpt-proof: document=urman.oldpc:document/rec_marat_case_register_conflict action=excerpt-register-wording; heading refused; cancel refused; actual TextEdit selection -> Record -> one source; scene preserved; one persistent confirmation and remaining fields survive reopen
source-formatting-proof: paired strong -> unchanged canonical paragraph -> real selection/save follows; literal stars and links retained
source-excerpt-selection-state: {"action":"excerpt-register-category","phase":"wrong-before-resize","processFrame":6278,"physicsFrame":5725,"selecting":true,"editorVisible":true,"recordDisabled":false,"selected":"\u0420\u0435\u0435\u0441\u0442\u0440 \u0437\u0430\u043A\u0440\u044B\u0442\u044B\u0445 \u0441\u043B\u0443\u0447\u0430\u0435\u0432","expected":"\u0420\u0435\u0435\u0441\u0442\u0440 \u0437\u0430\u043A\u0440\u044B\u0442\u044B\u0445 \u0441\u043B\u0443\u0447\u0430\u0435\u0432","exact":true,"editorContainsExpected":true,"selectionFrom":[1,0],"selectionTo":[1,23],"caret":[1,23],"editorFocused":true,"focusOwner":"/root/Act1FirstPersonWalkthroughSmokeTest/Act1Demo/Main/JournalUi/Screen/Book/Layout/WorkArea/Reader/Body/SourceExcerptText","editorRect":"(754, 286), (774, 521)","bodyRect":"(754, 286), (774, 521)","editorScroll":0,"bodyScroll":0,"logicalViewport":"(0, 0), (1920, 1080)","windowSize":"(1280, 720)"}
state-final-render-sync-begin: label=source-excerpt-feedback/excerpt-register-category/attempt1/wrong/resize tick=134284 drawn=6278 process=6278 physics=5725 windowVisible=True focus=True mode=Windowed renderLoop=True
state-final-render-sync-end: label=source-excerpt-feedback/excerpt-register-category/attempt1/wrong/resize milliseconds=5 forcedScreenshotRender=False
state-final-render-sync-begin: label=source-excerpt-feedback/excerpt-register-category/attempt1/wrong/layout tick=134298 drawn=6280 process=6280 physics=5726 windowVisible=True focus=True mode=Windowed renderLoop=True
state-final-render-sync-end: label=source-excerpt-feedback/excerpt-register-category/attempt1/wrong/layout milliseconds=8 forcedScreenshotRender=False
source-excerpt-proof: feedback capture /Users/unterlantas/Documents/GitHub/URMAN/docs/production/act1_takeover_evidence_2026-09-16/images-walk-sources-11/source_excerpt_Act1FirstPersonWalkthroughSmokeTest_excerpt-register-category_attempt01_wrong_1280x720.png
source-excerpt-raster-typography: {"action":"excerpt-register-category","phase":"wrong","size":"(1280, 720)","textScale":1,"rasterSize":"(1280, 720)","logicalViewport":"(0, 0), (1920, 1080)","rasterRatio":"(0.6666667, 0.6666667)","readerBounds":"(502.6667, 158), (516, 507.33337)","labels":[{"name":"Hint","logicalFont":21,"screenFontPixels":14,"bounds":"(502.6667, 499.33334), (516, 64.00003)","logicalHeight":96,"minimumHeight":96},{"name":"Feedback","logicalFont":21,"screenFontPixels":14,"bounds":"(502.6667, 596.6667), (516, 42)","logicalHeight":63,"minimumHeight":63},{"name":"Source","logicalFont":21,"screenFontPixels":14,"bounds":"(502.6667, 645.3334), (516, 20)","logicalHeight":30,"minimumHeight":30}],"oracle":"actual raster / logical viewport extent times GlobalWithCanvas; no runtime screen-transform API"}
state-final-render-sync-begin: label=source-excerpt-feedback/excerpt-register-category/attempt1/wrong/resize tick=134370 drawn=6280 process=6280 physics=5726 windowVisible=True focus=True mode=Windowed renderLoop=True
state-final-render-sync-end: label=source-excerpt-feedback/excerpt-register-category/attempt1/wrong/resize milliseconds=27 forcedScreenshotRender=False
state-final-render-sync-begin: label=source-excerpt-feedback/excerpt-register-category/attempt1/wrong/layout tick=134403 drawn=6283 process=6283 physics=5732 windowVisible=True focus=True mode=Windowed renderLoop=True
state-final-render-sync-end: label=source-excerpt-feedback/excerpt-register-category/attempt1/wrong/layout milliseconds=5 forcedScreenshotRender=False
source-excerpt-proof: feedback capture /Users/unterlantas/Documents/GitHub/URMAN/docs/production/act1_takeover_evidence_2026-09-16/images-walk-sources-11/source_excerpt_Act1FirstPersonWalkthroughSmokeTest_excerpt-register-category_attempt01_wrong_1920x1080.png
source-excerpt-raster-typography: {"action":"excerpt-register-category","phase":"wrong","size":"(1920, 1080)","textScale":1,"rasterSize":"(1920, 1080)","logicalViewport":"(0, 0), (1920, 1080)","rasterRatio":"(1, 1)","readerBounds":"(754, 237), (774, 761)","labels":[{"name":"Hint","logicalFont":16,"screenFontPixels":16,"bounds":"(754, 791), (774, 75)","logicalHeight":75,"minimumHeight":75},{"name":"Feedback","logicalFont":16,"screenFontPixels":16,"bounds":"(754, 916), (774, 49)","logicalHeight":49,"minimumHeight":49},{"name":"Source","logicalFont":16,"screenFontPixels":16,"bounds":"(754, 975), (774, 23)","logicalHeight":23,"minimumHeight":23}],"oracle":"actual raster / logical viewport extent times GlobalWithCanvas; no runtime screen-transform API"}
state-final-render-sync-begin: label=source-excerpt-feedback/excerpt-register-category/attempt1/wrong/restore tick=134587 drawn=6285 process=6285 physics=5743 windowVisible=True focus=True mode=Windowed renderLoop=True
state-final-render-sync-end: label=source-excerpt-feedback/excerpt-register-category/attempt1/wrong/restore milliseconds=5 forcedScreenshotRender=False
source-excerpt-selection-state: {"action":"excerpt-register-category","phase":"wrong-after-window-restore","processFrame":6285,"physicsFrame":5743,"selecting":true,"editorVisible":true,"recordDisabled":false,"selected":"\u0420\u0435\u0435\u0441\u0442\u0440 \u0437\u0430\u043A\u0440\u044B\u0442\u044B\u0445 \u0441\u043B\u0443\u0447\u0430\u0435\u0432","expected":"\u0420\u0435\u0435\u0441\u0442\u0440 \u0437\u0430\u043A\u0440\u044B\u0442\u044B\u0445 \u0441\u043B\u0443\u0447\u0430\u0435\u0432","exact":true,"editorContainsExpected":true,"selectionFrom":[1,0],"selectionTo":[1,23],"caret":[1,23],"editorFocused":true,"focusOwner":"/root/Act1FirstPersonWalkthroughSmokeTest/Act1Demo/Main/JournalUi/Screen/Book/Layout/WorkArea/Reader/Body/SourceExcerptText","editorRect":"(754, 286), (774, 453)","bodyRect":"(754, 286), (774, 453)","editorScroll":0,"bodyScroll":0,"logicalViewport":"(0, 0), (1920, 1080)","windowSize":"(1280, 720)"}
source-excerpt-selection-state: {"action":"excerpt-register-category","phase":"after-back","processFrame":6285,"physicsFrame":5743,"selecting":false,"editorVisible":false,"recordDisabled":true,"selected":"","expected":"\u041A\u0430\u0442\u0435\u0433\u043E\u0440\u0438\u044F: \u0433\u0440\u0430\u043D\u0438\u0446\u0430 / \u043E\u0442\u0432\u0435\u0442\u0438\u043B.","exact":false,"editorContainsExpected":true,"selectionFrom":[1,23],"selectionTo":[1,23],"caret":[1,23],"editorFocused":false,"focusOwner":"/root/Act1FirstPersonWalkthroughSmokeTest/Act1Demo/Main/JournalUi/Screen/Book/Layout/WorkArea/Reader/Body","editorRect":"(754, 286), (774, 453)","bodyRect":"(754, 286), (774, 453)","editorScroll":0,"bodyScroll":0,"logicalViewport":"(0, 0), (1920, 1080)","windowSize":"(1280, 720)"}
source-excerpt-selection-state: {"action":"excerpt-register-category","phase":"after-begin","processFrame":6285,"physicsFrame":5743,"selecting":true,"editorVisible":true,"recordDisabled":true,"selected":"","expected":"\u041A\u0430\u0442\u0435\u0433\u043E\u0440\u0438\u044F: \u0433\u0440\u0430\u043D\u0438\u0446\u0430 / \u043E\u0442\u0432\u0435\u0442\u0438\u043B.","exact":false,"editorContainsExpected":true,"selectionFrom":[0,0],"selectionTo":[0,0],"caret":[0,0],"editorFocused":true,"focusOwner":"/root/Act1FirstPersonWalkthroughSmokeTest/Act1Demo/Main/JournalUi/Screen/Book/Layout/WorkArea/Reader/Body/SourceExcerptText","editorRect":"(754, 286), (774, 453)","bodyRect":"(754, 286), (774, 453)","editorScroll":4.84375,"bodyScroll":0,"logicalViewport":"(0, 0), (1920, 1080)","windowSize":"(1280, 720)"}
source-excerpt-selection-state: {"action":"excerpt-register-category","phase":"after-exact-select","processFrame":6285,"physicsFrame":5743,"selecting":true,"editorVisible":true,"recordDisabled":true,"selected":"\u041A\u0430\u0442\u0435\u0433\u043E\u0440\u0438\u044F: \u0433\u0440\u0430\u043D\u0438\u0446\u0430 / \u043E\u0442\u0432\u0435\u0442\u0438\u043B.","expected":"\u041A\u0430\u0442\u0435\u0433\u043E\u0440\u0438\u044F: \u0433\u0440\u0430\u043D\u0438\u0446\u0430 / \u043E\u0442\u0432\u0435\u0442\u0438\u043B.","exact":true,"editorContainsExpected":true,"selectionFrom":[9,0],"selectionTo":[9,29],"caret":[9,29],"editorFocused":true,"focusOwner":"/root/Act1FirstPersonWalkthroughSmokeTest/Act1Demo/Main/JournalUi/Screen/Book/Layout/WorkArea/Reader/Body/SourceExcerptText","editorRect":"(754, 286), (774, 453)","bodyRect":"(754, 286), (774, 453)","editorScroll":4.84375,"bodyScroll":0,"logicalViewport":"(0, 0), (1920, 1080)","windowSize":"(1280, 720)"}
source-excerpt-selection-state: {"action":"excerpt-register-category","phase":"caret-changed-delivered","processFrame":6286,"physicsFrame":5744,"selecting":true,"editorVisible":true,"recordDisabled":false,"selected":"\u041A\u0430\u0442\u0435\u0433\u043E\u0440\u0438\u044F: \u0433\u0440\u0430\u043D\u0438\u0446\u0430 / \u043E\u0442\u0432\u0435\u0442\u0438\u043B.","expected":"\u041A\u0430\u0442\u0435\u0433\u043E\u0440\u0438\u044F: \u0433\u0440\u0430\u043D\u0438\u0446\u0430 / \u043E\u0442\u0432\u0435\u0442\u0438\u043B.","exact":true,"editorContainsExpected":true,"selectionFrom":[9,0],"selectionTo":[9,29],"caret":[9,29],"editorFocused":true,"focusOwner":"/root/Act1FirstPersonWalkthroughSmokeTest/Act1Demo/Main/JournalUi/Screen/Book/Layout/WorkArea/Reader/Body/SourceExcerptText","editorRect":"(754, 286), (774, 453)","bodyRect":"(754, 286), (774, 453)","editorScroll":4.84375,"bodyScroll":0,"logicalViewport":"(0, 0), (1920, 1080)","windowSize":"(1280, 720)"}
source-excerpt-selection-state: {"action":"excerpt-register-category","phase":"after-original-one-process-frame","processFrame":6286,"physicsFrame":5744,"selecting":true,"editorVisible":true,"recordDisabled":false,"selected":"\u041A\u0430\u0442\u0435\u0433\u043E\u0440\u0438\u044F: \u0433\u0440\u0430\u043D\u0438\u0446\u0430 / \u043E\u0442\u0432\u0435\u0442\u0438\u043B.","expected":"\u041A\u0430\u0442\u0435\u0433\u043E\u0440\u0438\u044F: \u0433\u0440\u0430\u043D\u0438\u0446\u0430 / \u043E\u0442\u0432\u0435\u0442\u0438\u043B.","exact":true,"editorContainsExpected":true,"selectionFrom":[9,0],"selectionTo":[9,29],"caret":[9,29],"editorFocused":true,"focusOwner":"/root/Act1FirstPersonWalkthroughSmokeTest/Act1Demo/Main/JournalUi/Screen/Book/Layout/WorkArea/Reader/Body/SourceExcerptText","editorRect":"(754, 286), (774, 521)","bodyRect":"(754, 286), (774, 521)","editorScroll":0,"bodyScroll":0,"logicalViewport":"(0, 0), (1920, 1080)","windowSize":"(1280, 720)"}
source-excerpt-selection-state: {"action":"excerpt-register-category","phase":"before-strict-record-check","processFrame":6287,"physicsFrame":5744,"selecting":true,"editorVisible":true,"recordDisabled":false,"selected":"\u041A\u0430\u0442\u0435\u0433\u043E\u0440\u0438\u044F: \u0433\u0440\u0430\u043D\u0438\u0446\u0430 / \u043E\u0442\u0432\u0435\u0442\u0438\u043B.","expected":"\u041A\u0430\u0442\u0435\u0433\u043E\u0440\u0438\u044F: \u0433\u0440\u0430\u043D\u0438\u0446\u0430 / \u043E\u0442\u0432\u0435\u0442\u0438\u043B.","exact":true,"editorContainsExpected":true,"selectionFrom":[9,0],"selectionTo":[9,29],"caret":[9,29],"editorFocused":true,"focusOwner":"/root/Act1FirstPersonWalkthroughSmokeTest/Act1Demo/Main/JournalUi/Screen/Book/Layout/WorkArea/Reader/Body/SourceExcerptText","editorRect":"(754, 286), (774, 521)","bodyRect":"(754, 286), (774, 521)","editorScroll":0,"bodyScroll":0,"logicalViewport":"(0, 0), (1920, 1080)","windowSize":"(1280, 720)"}
[224] journal.changed: urman.chapter1:interaction/excerpt-register-category
SaveGameV3 written to /Users/unterlantas/Library/Application Support/Godot/app_userdata/URMAN/savegames/checkpoint.savegame-v3.json
checkpoint: auto-saved at urman.chapter1:scene/evidence-internal-register
state-final-render-sync-begin: label=source-excerpt-feedback/excerpt-register-category/attempt1/saved/resize tick=134633 drawn=6288 process=6288 physics=5745 windowVisible=True focus=True mode=Windowed renderLoop=True
state-final-render-sync-end: label=source-excerpt-feedback/excerpt-register-category/attempt1/saved/resize milliseconds=3 forcedScreenshotRender=False
state-final-render-sync-begin: label=source-excerpt-feedback/excerpt-register-category/attempt1/saved/layout tick=134643 drawn=6290 process=6290 physics=5747 windowVisible=True focus=True mode=Windowed renderLoop=True
state-final-render-sync-end: label=source-excerpt-feedback/excerpt-register-category/attempt1/saved/layout milliseconds=5 forcedScreenshotRender=False
source-excerpt-proof: feedback capture /Users/unterlantas/Documents/GitHub/URMAN/docs/production/act1_takeover_evidence_2026-09-16/images-walk-sources-11/source_excerpt_Act1FirstPersonWalkthroughSmokeTest_excerpt-register-category_attempt01_saved_1280x720.png
source-excerpt-raster-typography: {"action":"excerpt-register-category","phase":"saved","size":"(1280, 720)","textScale":1,"rasterSize":"(1280, 720)","logicalViewport":"(0, 0), (1920, 1080)","rasterRatio":"(0.6666667, 0.6666667)","readerBounds":"(502.6667, 158), (516, 507.33337)","labels":[{"name":"Hint","logicalFont":21,"screenFontPixels":14,"bounds":"(502.6667, 593.3334), (516, 42)","logicalHeight":63,"minimumHeight":63},{"name":"Source","logicalFont":21,"screenFontPixels":14,"bounds":"(502.6667, 645.3334), (516, 20)","logicalHeight":30,"minimumHeight":30}],"oracle":"actual raster / logical viewport extent times GlobalWithCanvas; no runtime screen-transform API"}
state-final-render-sync-begin: label=source-excerpt-feedback/excerpt-register-category/attempt1/saved/resize tick=134712 drawn=6290 process=6290 physics=5747 windowVisible=True focus=True mode=Windowed renderLoop=True
state-final-render-sync-end: label=source-excerpt-feedback/excerpt-register-category/attempt1/saved/resize milliseconds=28 forcedScreenshotRender=False
state-final-render-sync-begin: label=source-excerpt-feedback/excerpt-register-category/attempt1/saved/layout tick=134745 drawn=6293 process=6293 physics=5753 windowVisible=True focus=True mode=Windowed renderLoop=True
state-final-render-sync-end: label=source-excerpt-feedback/excerpt-register-category/attempt1/saved/layout milliseconds=6 forcedScreenshotRender=False
source-excerpt-proof: feedback capture /Users/unterlantas/Documents/GitHub/URMAN/docs/production/act1_takeover_evidence_2026-09-16/images-walk-sources-11/source_excerpt_Act1FirstPersonWalkthroughSmokeTest_excerpt-register-category_attempt01_saved_1920x1080.png
source-excerpt-raster-typography: {"action":"excerpt-register-category","phase":"saved","size":"(1920, 1080)","textScale":1,"rasterSize":"(1920, 1080)","logicalViewport":"(0, 0), (1920, 1080)","rasterRatio":"(1, 1)","readerBounds":"(754, 237), (774, 761)","labels":[{"name":"Hint","logicalFont":16,"screenFontPixels":16,"bounds":"(754, 937), (774, 23)","logicalHeight":23,"minimumHeight":23},{"name":"Source","logicalFont":16,"screenFontPixels":16,"bounds":"(754, 975), (774, 23)","logicalHeight":23,"minimumHeight":23}],"oracle":"actual raster / logical viewport extent times GlobalWithCanvas; no runtime screen-transform API"}
state-final-render-sync-begin: label=source-excerpt-feedback/excerpt-register-category/attempt1/saved/restore tick=134921 drawn=6295 process=6295 physics=5763 windowVisible=True focus=True mode=Windowed renderLoop=True
state-final-render-sync-end: label=source-excerpt-feedback/excerpt-register-category/attempt1/saved/restore milliseconds=5 forcedScreenshotRender=False
state-final-render-sync-begin: label=source-excerpt-feedback/excerpt-register-category/attempt1/reopened/resize tick=134957 drawn=6300 process=6300 physics=5765 windowVisible=True focus=True mode=Windowed renderLoop=True
state-final-render-sync-end: label=source-excerpt-feedback/excerpt-register-category/attempt1/reopened/resize milliseconds=7 forcedScreenshotRender=False
state-final-render-sync-begin: label=source-excerpt-feedback/excerpt-register-category/attempt1/reopened/layout tick=134973 drawn=6302 process=6302 physics=5766 windowVisible=True focus=True mode=Windowed renderLoop=True
state-final-render-sync-end: label=source-excerpt-feedback/excerpt-register-category/attempt1/reopened/layout milliseconds=8 forcedScreenshotRender=False
source-excerpt-proof: feedback capture /Users/unterlantas/Documents/GitHub/URMAN/docs/production/act1_takeover_evidence_2026-09-16/images-walk-sources-11/source_excerpt_Act1FirstPersonWalkthroughSmokeTest_excerpt-register-category_attempt01_reopened_1280x720.png
source-excerpt-raster-typography: {"action":"excerpt-register-category","phase":"reopened","size":"(1280, 720)","textScale":1,"rasterSize":"(1280, 720)","logicalViewport":"(0, 0), (1920, 1080)","rasterRatio":"(0.6666667, 0.6666667)","readerBounds":"(502.6667, 158), (516, 507.33337)","labels":[{"name":"Hint","logicalFont":21,"screenFontPixels":14,"bounds":"(502.6667, 593.3334), (516, 42)","logicalHeight":63,"minimumHeight":63},{"name":"Source","logicalFont":21,"screenFontPixels":14,"bounds":"(502.6667, 645.3334), (516, 20)","logicalHeight":30,"minimumHeight":30}],"oracle":"actual raster / logical viewport extent times GlobalWithCanvas; no runtime screen-transform API"}
state-final-render-sync-begin: label=source-excerpt-feedback/excerpt-register-category/attempt1/reopened/resize tick=135045 drawn=6302 process=6302 physics=5766 windowVisible=True focus=True mode=Windowed renderLoop=True
state-final-render-sync-end: label=source-excerpt-feedback/excerpt-register-category/attempt1/reopened/resize milliseconds=27 forcedScreenshotRender=False
state-final-render-sync-begin: label=source-excerpt-feedback/excerpt-register-category/attempt1/reopened/layout tick=135078 drawn=6305 process=6305 physics=5773 windowVisible=True focus=True mode=Windowed renderLoop=True
state-final-render-sync-end: label=source-excerpt-feedback/excerpt-register-category/attempt1/reopened/layout milliseconds=5 forcedScreenshotRender=False
source-excerpt-proof: feedback capture /Users/unterlantas/Documents/GitHub/URMAN/docs/production/act1_takeover_evidence_2026-09-16/images-walk-sources-11/source_excerpt_Act1FirstPersonWalkthroughSmokeTest_excerpt-register-category_attempt01_reopened_1920x1080.png
source-excerpt-raster-typography: {"action":"excerpt-register-category","phase":"reopened","size":"(1920, 1080)","textScale":1,"rasterSize":"(1920, 1080)","logicalViewport":"(0, 0), (1920, 1080)","rasterRatio":"(1, 1)","readerBounds":"(754, 237), (774, 761)","labels":[{"name":"Hint","logicalFont":16,"screenFontPixels":16,"bounds":"(754, 937), (774, 23)","logicalHeight":23,"minimumHeight":23},{"name":"Source","logicalFont":16,"screenFontPixels":16,"bounds":"(754, 975), (774, 23)","logicalHeight":23,"minimumHeight":23}],"oracle":"actual raster / logical viewport extent times GlobalWithCanvas; no runtime screen-transform API"}
state-final-render-sync-begin: label=source-excerpt-feedback/excerpt-register-category/attempt1/reopened/restore tick=135254 drawn=6307 process=6307 physics=5783 windowVisible=True focus=True mode=Windowed renderLoop=True
state-final-render-sync-end: label=source-excerpt-feedback/excerpt-register-category/attempt1/reopened/restore milliseconds=6 forcedScreenshotRender=False
source-excerpt-proof: document=urman.oldpc:document/rec_marat_case_register_conflict action=excerpt-register-category; heading refused; cancel refused; actual TextEdit selection -> Record -> one source; scene preserved; one persistent confirmation and remaining fields survive reopen
SaveGameV3 written to /Users/unterlantas/Library/Application Support/Godot/app_userdata/URMAN/savegames/checkpoint.savegame-v3.json
checkpoint: auto-saved at urman.chapter1:scene/evidence-internal-register
walk-frame: house-exit-aisle--0.15-1.10 actual-player-position=(-28.973783, 0.5943085, -5.542508)
walk-frame: house-exit-aisle--2.82-1.10 actual-player-position=(-29.795908, 0.5943085, -3.2488065)
walk-frame: house-exit-aisle--2.82-2.30 actual-player-position=(-29.02957, 0.5943085, -2.6651456)
zone-loaded: village_day@from_house connected-world=109404229706
address-audit-lifecycle: epoch=10 presentation=10 stage=restoring-exterior access=ACC-ADR-H004 zone=village_day exterior=True ready=True frame=5899 
address-audit-lifecycle: epoch=10 presentation=10 stage=search-start access=ACC-ADR-H004 zone=village_day exterior=True ready=True frame=5902 
address-support-probe: ACC-ADR-H004 approach start result=accepted supplied=(-22.960573, 0.7507051, 58.121994) floor=(-22.960573, 0.7157096, 58.121994) acceptedFeet=(-22.960573, 0.7174675, 58.121994) lift=0.035; normal=(0.017728206, 0.9960968, -0.08646897) depth=0.0010628201 owner=landing: /root/Act1FirstPersonWalkthroughSmokeTest/Act1Demo/Main/ZoneHost/Act1ConnectedWorld/Act1CoreWorldGreybox/AgentBExteriorWorld/AgentB_TerrainCollision shape 0 playerCanStandAtLanded=True; 
address-support-probe: ACC-ADR-H004 road anchor result=accepted supplied=(0, -0.37098423, 40) floor=(0, -0.40597734, 40) acceptedFeet=(0, -0.4060164, 40) lift=0.035; normal=(-0.0013540798, 0.9999418, 0.0107045155) depth=0.0015086124 owner=landing: /root/Act1FirstPersonWalkthroughSmokeTest/Act1Demo/Main/ZoneHost/Act1ConnectedWorld/Act1CoreWorldGreybox/AgentBExteriorWorld/AgentB_TerrainCollision shape 0 playerCanStandAtLanded=True; 
walk-frame: naila-question-outward--26.05-0.2 actual-player-position=(-26.069225, 0.29562184, -0.05594387)
walk-frame: naila-question-outward--26.05-2.2 actual-player-position=(-26.05287, 0.3174076, 1.9266632)
walk-frame: naila-question-outward--25.2-2.6 actual-player-position=(-25.432066, 0.36244512, 2.416341)
walk-frame: naila-question-outward--24.42-2.4 actual-player-position=(-24.69621, 0.38523617, 2.4038653)
walk-frame: naila-question-outward--24-1.2 actual-player-position=(-24.12879, 0.36358422, 1.4225698)
walk-frame: naila-question-outward--19-0 actual-player-position=(-19.267145, 0.16979979, 0.07408972)
walk-frame: naila-question-outward--12--2.5 actual-player-position=(-12.265191, -0.2909326, -2.4060674)
walk-frame: naila-question-outward--6--5.5 actual-player-position=(-6.2205296, -0.30400816, -5.3911796)
walk-frame: naila-question-outward--1.2--8 actual-player-position=(-1.4447608, -0.24306367, -7.872792)
walk-frame: naila-question-outward--1.2--10 actual-player-position=(-1.2311703, -0.22565001, -9.7298565)
walk-frame: naila-question-outward-0--10 actual-player-position=(-0.29022303, -0.2303766, -9.936318)
walk-frame: naila-question-outward-4.5--12.5 actual-player-position=(4.2564254, -0.326199, -12.369715)
walk-frame: naila-question-outward-10--17 actual-player-position=(9.768669, -0.44814363, -16.81366)
address-audit-lifecycle: epoch=10 presentation=10 stage=path-committed access=ACC-ADR-H004 zone=village_day exterior=True ready=True frame=6833 testedAccess=ACC-ADR-H004 supplied=(-22.960573, 0.7507051, 58.121994) reason=
address-audit-lifecycle: epoch=10 presentation=10 stage=search-start access=ACC-ADR-H005 zone=village_day exterior=True ready=True frame=6834 
address-support-probe: ACC-ADR-H005 approach start result=standing body blocked before landing probe supplied=(10.760154, -0.15727673, 55.174862) floor=(10.760154, -0.19227445, 55.174862) bodyCentre=(0, 0.9, 0) radius=0.35 height=1.8 margin=.001; lift=0.035 initial=(10.760154, -0.15727445, 55.174862) contacts=[/root/Act1FirstPersonWalkthroughSmokeTest/Act1Demo/Main/ZoneHost/Act1ConnectedWorld/Act1CoreWorldGreybox/Arrival/ArrivalReverseEdgeHouseEast/AuthoredKitCollisionProxy shape 7 | /root/Act1FirstPersonWalkthroughSmokeTest/Act1Demo/Main/ZoneHost/Act1ConnectedWorld/Act1CoreWorldGreybox/Arrival/ArrivalReverseEdgeHouseEast/AuthoredKitCollisionProxy shape 8] playerCanStandAtInitial=False; lift=0.08 initial=(10.760154, -0.11227445, 55.174862) contacts=[/root/Act1FirstPersonWalkthroughSmokeTest/Act1Demo/Main/ZoneHost/Act1ConnectedWorld/Act1CoreWorldGreybox/Arrival/ArrivalReverseEdgeHouseEast/AuthoredKitCollisionProxy shape 7 | /root/Act1FirstPersonWalkthroughSmokeTest/Act1Demo/Main/ZoneHost/Act1ConnectedWorld/Act1CoreWorldGreybox/Arrival/ArrivalReverseEdgeHouseEast/AuthoredKitCollisionProxy shape 8] playerCanStandAtInitial=False; lift=0.15 initial=(10.760154, -0.042274445, 55.174862) contacts=[/root/Act1FirstPersonWalkthroughSmokeTest/Act1Demo/Main/ZoneHost/Act1ConnectedWorld/Act1CoreWorldGreybox/Arrival/ArrivalReverseEdgeHouseEast/AuthoredKitCollisionProxy shape 7 | /root/Act1FirstPersonWalkthroughSmokeTest/Act1Demo/Main/ZoneHost/Act1ConnectedWorld/Act1CoreWorldGreybox/Arrival/ArrivalReverseEdgeHouseEast/AuthoredKitCollisionProxy shape 8] playerCanStandAtInitial=False; lift=0.228 initial=(10.760154, 0.03572555, 55.174862) contacts=[/root/Act1FirstPersonWalkthroughSmokeTest/Act1Demo/Main/ZoneHost/Act1ConnectedWorld/Act1CoreWorldGreybox/Arrival/ArrivalReverseEdgeHouseEast/AuthoredKitCollisionProxy shape 7 | /root/Act1FirstPersonWalkthroughSmokeTest/Act1Demo/Main/ZoneHost/Act1ConnectedWorld/Act1CoreWorldGreybox/Arrival/ArrivalReverseEdgeHouseEast/AuthoredKitCollisionProxy shape 8] playerCanStandAtInitial=False
address-audit-lifecycle: epoch=10 presentation=10 stage=blocked access=ACC-ADR-H005 zone=village_day exterior=True ready=True frame=6834 testedAccess=ACC-ADR-H005 supplied=(10.760154, -0.15727673, 55.174862) reason=approach start: standing body blocked before landing probe
address-audit-lifecycle: epoch=10 presentation=10 stage=search-start access=ACC-ADR-H006 zone=village_day exterior=True ready=True frame=6834 
address-support-probe: ACC-ADR-H006 approach start result=accepted supplied=(-20.312351, 0.43006274, 38.7384) floor=(-20.312351, 0.39506674, 38.7384) acceptedFeet=(-20.312351, 0.39682454, 38.7384) lift=0.035; normal=(0.09302504, 0.9955922, -0.011940445) depth=0.0012398292 owner=landing: /root/Act1FirstPersonWalkthroughSmokeTest/Act1Demo/Main/ZoneHost/Act1ConnectedWorld/Act1CoreWorldGreybox/AgentBExteriorWorld/AgentB_TerrainCollision shape 0 playerCanStandAtLanded=True; 
address-support-probe: ACC-ADR-H006 road anchor result=accepted supplied=(0, -0.37642342, 38.7384) floor=(0, -0.39247167, 38.7384) acceptedFeet=(0, -0.39206153, 38.7384) lift=0.035; normal=(-0.0013540798, 0.9999418, 0.0107045155) depth=0.0010594161 owner=landing: /root/Act1FirstPersonWalkthroughSmokeTest/Act1Demo/Main/ZoneHost/Act1ConnectedWorld/Act1CoreWorldGreybox/AgentBExteriorWorld/AgentB_TerrainCollision shape 0 playerCanStandAtLanded=True; 
address-audit-lifecycle: epoch=10 presentation=10 stage=path-committed access=ACC-ADR-H006 zone=village_day exterior=True ready=True frame=6884 testedAccess=ACC-ADR-H006 supplied=(-20.312351, 0.43006274, 38.7384) reason=
address-audit-lifecycle: epoch=10 presentation=10 stage=search-start access=ACC-ADR-H007 zone=village_day exterior=True ready=True frame=6884 
address-support-probe: ACC-ADR-H007 approach start result=accepted supplied=(20.336876, -0.052908015, 39.29) floor=(20.336876, -0.087896824, 39.29) acceptedFeet=(20.336876, -0.08793588, 39.29) lift=0.035; normal=(-0.0044934787, 0.99998456, -0.0032578006) depth=0.0014937242 owner=landing: /root/Act1FirstPersonWalkthroughSmokeTest/Act1Demo/Main/ZoneHost/Act1ConnectedWorld/Act1CoreWorldGreybox/AgentBExteriorWorld/AgentB_TerrainCollision shape 0 playerCanStandAtLanded=True; 
address-support-probe: ACC-ADR-H007 road anchor result=accepted supplied=(0, -0.37404528, 39.29) floor=(0, -0.39837667, 39.29) acceptedFeet=(0, -0.39841574, 39.29) lift=0.035; normal=(-0.0013540798, 0.9999418, 0.0107045155) depth=0.0015086124 owner=landing: /root/Act1FirstPersonWalkthroughSmokeTest/Act1Demo/Main/ZoneHost/Act1ConnectedWorld/Act1CoreWorldGreybox/AgentBExteriorWorld/AgentB_TerrainCollision shape 0 playerCanStandAtLanded=True; 
address-audit-lifecycle: epoch=10 presentation=10 stage=path-committed access=ACC-ADR-H007 zone=village_day exterior=True ready=True frame=6894 testedAccess=ACC-ADR-H007 supplied=(20.336876, -0.052908015, 39.29) reason=
address-audit-lifecycle: epoch=10 presentation=10 stage=search-start access=ACC-ADR-H008 zone=village_day exterior=True ready=True frame=6894 
address-support-probe: ACC-ADR-H008 approach start result=standing body blocked before landing probe supplied=(-13.815505, -0.084019616, 26.605806) floor=(-13.815505, -0.119054794, 26.605806) bodyCentre=(0, 0.9, 0) radius=0.35 height=1.8 margin=.001; lift=0.035 initial=(-13.815505, -0.0840548, 26.605806) contacts=[/root/Act1FirstPersonWalkthroughSmokeTest/Act1Demo/Main/ZoneHost/Act1ConnectedWorld/Act1CoreWorldGreybox/Act1AuthoredSightlineClosurePass/VillageLateralParcels/ArrivalReverseWestDomesticParcel/ArrivalReverseWestDomesticFacade/AuthoredKitCollisionProxy shape 20 | /root/Act1FirstPersonWalkthroughSmokeTest/Act1Demo/Main/ZoneHost/Act1ConnectedWorld/Act1CoreWorldGreybox/Act1AuthoredSightlineClosurePass/VillageLateralParcels/ArrivalReverseWestDomesticParcel/ArrivalReverseWestDomesticFacade/AuthoredKitCollisionProxy shape 21] playerCanStandAtInitial=False; lift=0.08 initial=(-13.815505, -0.039054796, 26.605806) contacts=[/root/Act1FirstPersonWalkthroughSmokeTest/Act1Demo/Main/ZoneHost/Act1ConnectedWorld/Act1CoreWorldGreybox/Act1AuthoredSightlineClosurePass/VillageLateralParcels/ArrivalReverseWestDomesticParcel/ArrivalReverseWestDomesticFacade/AuthoredKitCollisionProxy shape 20 | /root/Act1FirstPersonWalkthroughSmokeTest/Act1Demo/Main/ZoneHost/Act1ConnectedWorld/Act1CoreWorldGreybox/Act1AuthoredSightlineClosurePass/VillageLateralParcels/ArrivalReverseWestDomesticParcel/ArrivalReverseWestDomesticFacade/AuthoredKitCollisionProxy shape 21] playerCanStandAtInitial=False; lift=0.15 initial=(-13.815505, 0.030945212, 26.605806) contacts=[/root/Act1FirstPersonWalkthroughSmokeTest/Act1Demo/Main/ZoneHost/Act1ConnectedWorld/Act1CoreWorldGreybox/Act1AuthoredSightlineClosurePass/VillageLateralParcels/ArrivalReverseWestDomesticParcel/ArrivalReverseWestDomesticFacade/AuthoredKitCollisionProxy shape 20 | /root/Act1FirstPersonWalkthroughSmokeTest/Act1Demo/Main/ZoneHost/Act1ConnectedWorld/Act1CoreWorldGreybox/Act1AuthoredSightlineClosurePass/VillageLateralParcels/ArrivalReverseWestDomesticParcel/ArrivalReverseWestDomesticFacade/AuthoredKitCollisionProxy shape 21] playerCanStandAtInitial=False; lift=0.228 initial=(-13.815505, 0.108945206, 26.605806) contacts=[/root/Act1FirstPersonWalkthroughSmokeTest/Act1Demo/Main/ZoneHost/Act1ConnectedWorld/Act1CoreWorldGreybox/Act1AuthoredSightlineClosurePass/VillageLateralParcels/ArrivalReverseWestDomesticParcel/ArrivalReverseWestDomesticFacade/AuthoredKitCollisionProxy shape 20 | /root/Act1FirstPersonWalkthroughSmokeTest/Act1Demo/Main/ZoneHost/Act1ConnectedWorld/Act1CoreWorldGreybox/Act1AuthoredSightlineClosurePass/VillageLateralParcels/ArrivalReverseWestDomesticParcel/ArrivalReverseWestDomesticFacade/AuthoredKitCollisionProxy shape 21] playerCanStandAtInitial=False
address-audit-lifecycle: epoch=10 presentation=10 stage=blocked access=ACC-ADR-H008 zone=village_day exterior=True ready=True frame=6894 testedAccess=ACC-ADR-H008 supplied=(-13.815505, -0.084019616, 26.605806) reason=approach start: standing body blocked before landing probe
address-audit-lifecycle: epoch=10 presentation=10 stage=search-start access=ACC-ADR-H009 zone=village_day exterior=True ready=True frame=6894 
address-support-probe: ACC-ADR-H009 approach start result=accepted supplied=(6.247969, -0.22105315, 27.73547) floor=(6.247969, -0.25604406, 27.73547) acceptedFeet=(6.247969, -0.25608313, 27.73547) lift=0.035; normal=(-0.009851423, 0.9998176, 0.016362948) depth=0.0015519608 owner=landing: /root/Act1FirstPersonWalkthroughSmokeTest/Act1Demo/Main/ZoneHost/Act1ConnectedWorld/Act1CoreWorldGreybox/AgentBExteriorWorld/AgentB_TerrainCollision shape 0 playerCanStandAtLanded=True; 
address-support-probe: ACC-ADR-H009 road anchor result=accepted supplied=(0, -0.42386073, 27.73547) floor=(0, -0.34154192, 27.73547) acceptedFeet=(0, -0.341581, 27.73547) lift=0.035; normal=(-0.017122187, 0.9997782, -0.012265223) depth=0.0015657425 owner=landing: /root/Act1FirstPersonWalkthroughSmokeTest/Act1Demo/Main/ZoneHost/Act1ConnectedWorld/Act1CoreWorldGreybox/AgentBExteriorWorld/AgentB_TerrainCollision shape 0 playerCanStandAtLanded=True; 
address-audit-lifecycle: epoch=10 presentation=10 stage=path-committed access=ACC-ADR-H009 zone=village_day exterior=True ready=True frame=6898 testedAccess=ACC-ADR-H009 supplied=(6.247969, -0.22105315, 27.73547) reason=
address-audit-lifecycle: epoch=10 presentation=10 stage=search-start access=ACC-ADR-H010 zone=village_day exterior=True ready=True frame=6898 
address-support-probe: ACC-ADR-H010 approach start result=accepted supplied=(-22.309536, 0.47696427, 25.15531) floor=(-22.309536, 0.4420038, 25.15531) acceptedFeet=(-22.309536, 0.4437616, 25.15531) lift=0.035; normal=(0.0902629, 0.9958888, -0.0076258145) depth=0.0011355106 owner=landing: /root/Act1FirstPersonWalkthroughSmokeTest/Act1Demo/Main/ZoneHost/Act1ConnectedWorld/Act1CoreWorldGreybox/AgentBExteriorWorld/AgentB_TerrainCollision shape 0 playerCanStandAtLanded=True; 
address-support-probe: ACC-ADR-H010 road anchor result=accepted supplied=(0, -0.43498468, 25.15531) floor=(0, -0.3674626, 25.15531) acceptedFeet=(0, -0.36705244, 25.15531) lift=0.035; normal=(0.022535555, 0.99925673, -0.031274162) depth=0.0012991369 owner=landing: /root/Act1FirstPersonWalkthroughSmokeTest/Act1Demo/Main/ZoneHost/Act1ConnectedWorld/Act1CoreWorldGreybox/AgentBExteriorWorld/AgentB_TerrainCollision shape 0 playerCanStandAtLanded=True; 
walk-frame: naila-question-outward-17--21.5 actual-player-position=(16.759834, -0.5674103, -21.344357)
walk-frame: naila-question-outward-23--25 actual-player-position=(22.771431, -0.4893691, -24.866297)
walk-frame: approach-urman.chapter1:interaction/route-to-fap actual-player-position=(26.603674, -0.122283, -26.471931)
address-audit-lifecycle: epoch=10 presentation=10 stage=path-committed access=ACC-ADR-H010 zone=village_day exterior=True ready=True frame=7135 testedAccess=ACC-ADR-H010 supplied=(-22.309536, 0.47696427, 25.15531) reason=
address-audit-lifecycle: epoch=10 presentation=10 stage=search-start access=ACC-ADR-H011 zone=village_day exterior=True ready=True frame=7135 
address-support-probe: ACC-ADR-H011 approach start result=accepted supplied=(25.44694, -0.030258436, 25.888031) floor=(25.44694, -0.06527954, 25.888031) acceptedFeet=(25.44694, -0.06486939, 25.888031) lift=0.035; normal=(0.0009548413, 0.9999911, 0.00410732) depth=0.0010421587 owner=landing: /root/Act1FirstPersonWalkthroughSmokeTest/Act1Demo/Main/ZoneHost/Act1ConnectedWorld/Act1CoreWorldGreybox/AgentBExteriorWorld/AgentB_TerrainCollision shape 0 playerCanStandAtLanded=True; 
address-support-probe: ACC-ADR-H011 road anchor result=accepted supplied=(0, -0.43182567, 25.888031) floor=(0, -0.3549748, 25.888031) acceptedFeet=(0, -0.35501388, 25.888031) lift=0.035; normal=(0.004354349, 0.9999764, -0.0053177583) depth=0.0014965573 owner=landing: /root/Act1FirstPersonWalkthroughSmokeTest/Act1Demo/Main/ZoneHost/Act1ConnectedWorld/Act1CoreWorldGreybox/AgentBExteriorWorld/AgentB_TerrainCollision shape 0 playerCanStandAtLanded=True; 
zone-loaded: fap_clinic@waiting_room connected-world=109404229706
address-audit-lifecycle: epoch=11 presentation=11 stage=waiting-for-exterior access=ACC-ADR-H011 zone=fap_clinic exterior=False ready=False frame=7136 
walk-frame: naila-reception-aisle-0.00-1.25 actual-player-position=(26.7, 0.06030516, -32.61673)
walk-frame: naila-reception-aisle-1.00-1.25 actual-player-position=(27.412376, 0.06030516, -32.804283)
SaveGameV3 written to /Users/unterlantas/Library/Application Support/Godot/app_userdata/URMAN/savegames/checkpoint.savegame-v3.json
checkpoint: auto-saved at urman.chapter1:scene/evidence-internal-register
walk-frame: approach-urman.chapter1:interaction/official-leave-clinic actual-player-position=(26.769505, 0.06030516, -30.336763)
zone-loaded: village_day@from_fap connected-world=109404229706
address-audit-lifecycle: epoch=12 presentation=12 stage=restoring-exterior access=ACC-ADR-H011 zone=village_day exterior=True ready=True frame=7306 
address-audit-lifecycle: epoch=12 presentation=12 stage=search-start access=ACC-ADR-H011 zone=village_day exterior=True ready=True frame=7309 
address-support-probe: ACC-ADR-H011 approach start result=accepted supplied=(25.44694, -0.030258436, 25.888031) floor=(25.44694, -0.06527954, 25.888031) acceptedFeet=(25.44694, -0.06486939, 25.888031) lift=0.035; normal=(0.0009548413, 0.9999911, 0.00410732) depth=0.0010421587 owner=landing: /root/Act1FirstPersonWalkthroughSmokeTest/Act1Demo/Main/ZoneHost/Act1ConnectedWorld/Act1CoreWorldGreybox/AgentBExteriorWorld/AgentB_TerrainCollision shape 0 playerCanStandAtLanded=True; 
address-support-probe: ACC-ADR-H011 road anchor result=accepted supplied=(0, -0.43182567, 25.888031) floor=(0, -0.3549748, 25.888031) acceptedFeet=(0, -0.35501388, 25.888031) lift=0.035; normal=(0.004354349, 0.9999764, -0.0053177583) depth=0.0014965573 owner=landing: /root/Act1FirstPersonWalkthroughSmokeTest/Act1Demo/Main/ZoneHost/Act1ConnectedWorld/Act1CoreWorldGreybox/AgentBExteriorWorld/AgentB_TerrainCollision shape 0 playerCanStandAtLanded=True; 
walk-frame: naila-question-return-23--25 actual-player-position=(23.290508, -0.49328905, -24.999994)
walk-frame: naila-question-return-17--21.5 actual-player-position=(17.24885, -0.5719956, -21.638464)
address-audit-lifecycle: epoch=12 presentation=12 stage=path-committed access=ACC-ADR-H011 zone=village_day exterior=True ready=True frame=7665 testedAccess=ACC-ADR-H011 supplied=(25.44694, -0.030258436, 25.888031) reason=
address-audit-lifecycle: epoch=12 presentation=12 stage=search-start access=ACC-ADR-H012 zone=village_day exterior=True ready=True frame=7665 
address-support-probe: ACC-ADR-H012 approach start result=accepted supplied=(-15.583599, 0.19049686, 17.399267) floor=(-15.583599, 0.1554752, 17.399267) acceptedFeet=(-15.583599, 0.15768223, 17.399267) lift=0.035; normal=(0.11220368, 0.99368507, -0.0005750177) depth=0.0014633968 owner=landing: /root/Act1FirstPersonWalkthroughSmokeTest/Act1Demo/Main/ZoneHost/Act1ConnectedWorld/Act1CoreWorldGreybox/AgentBExteriorWorld/AgentB_TerrainCollision shape 0 playerCanStandAtLanded=True; 
address-support-probe: ACC-ADR-H012 road anchor result=accepted supplied=(0, -0.46842358, 17.399267) floor=(0, -0.55881166, 17.399267) acceptedFeet=(0, -0.55840147, 17.399267) lift=0.035; normal=(-0.023377934, 0.9997238, 0.0024466962) depth=0.0011358401 owner=landing: /root/Act1FirstPersonWalkthroughSmokeTest/Act1Demo/Main/ZoneHost/Act1ConnectedWorld/Act1CoreWorldGreybox/AgentBExteriorWorld/AgentB_TerrainCollision shape 0 playerCanStandAtLanded=True; 
walk-frame: naila-question-return-10--17 actual-player-position=(10.235815, -0.4457119, -17.150906)
walk-frame: naila-question-return-4.5--12.5 actual-player-position=(4.6999364, -0.2927768, -12.662733)
walk-frame: naila-question-return-0--10 actual-player-position=(0.21569228, -0.23599668, -10.122255)
walk-frame: naila-question-return--1.2--10 actual-player-position=(-0.91333497, -0.2318642, -10.02479)
walk-frame: naila-question-return--1.2--8 actual-player-position=(-1.159549, -0.22544064, -8.2857485)
walk-frame: naila-question-return--6--5.5 actual-player-position=(-5.776569, -0.29719836, -5.628588)
walk-frame: naila-question-return--12--2.5 actual-player-position=(-11.748818, -0.2819768, -2.6269355)
walk-frame: naila-question-return--19-0 actual-player-position=(-18.755075, 0.12783827, -0.0882425)
address-audit-lifecycle: epoch=12 presentation=12 stage=path-committed access=ACC-ADR-H012 zone=village_day exterior=True ready=True frame=8369 testedAccess=ACC-ADR-H012 supplied=(-15.583599, 0.19049686, 17.399267) reason=
address-audit-lifecycle: epoch=12 presentation=12 stage=search-start access=ACC-ADR-H013 zone=village_day exterior=True ready=True frame=8369 
address-support-probe: ACC-ADR-H013 approach start result=accepted supplied=(16.174515, -0.1163225, 15.998482) floor=(16.174515, -0.15135384, 15.998482) acceptedFeet=(16.174515, -0.15094368, 15.998482) lift=0.035; normal=(-0.031328645, 0.9995088, 0.00076124363) depth=0.0012110524 owner=landing: /root/Act1FirstPersonWalkthroughSmokeTest/Act1Demo/Main/ZoneHost/Act1ConnectedWorld/Act1CoreWorldGreybox/AgentBExteriorWorld/AgentB_TerrainCollision shape 0 playerCanStandAtLanded=True; 
address-support-probe: ACC-ADR-H013 road anchor result=accepted supplied=(0, -0.47446284, 15.998482) floor=(0, -0.5536033, 15.998482) acceptedFeet=(0, -0.5531931, 15.998482) lift=0.035; normal=(-0.018521871, 0.99958456, 0.022083482) depth=0.001184291 owner=landing: /root/Act1FirstPersonWalkthroughSmokeTest/Act1Demo/Main/ZoneHost/Act1ConnectedWorld/Act1CoreWorldGreybox/AgentBExteriorWorld/AgentB_TerrainCollision shape 0 playerCanStandAtLanded=True; 
walk-frame: naila-question-return--24-1.2 actual-player-position=(-23.746141, 0.36800224, 1.1377156)
walk-frame: naila-question-return--24.42-2.4 actual-player-position=(-24.28009, 0.38448578, 2.136804)
walk-frame: naila-question-return--25.2-2.6 actual-player-position=(-24.938047, 0.3806186, 2.4680994)
walk-frame: naila-question-return--26.05-2.2 actual-player-position=(-25.7647, 0.34645844, 2.2687876)
walk-frame: naila-question-return--26.05-0.2 actual-player-position=(-26.012505, 0.2890951, 0.47188717)
walk-frame: naila-question-return--26.158367--1.2426405 actual-player-position=(-26.137627, 0.30562636, -0.9957728)
walk-frame: approach-urman.chapter1:interaction/official-to-internal-register actual-player-position=(-26.052534, 0.3201837, -1.6129221)
zone-loaded: house_old_pc@entry connected-world=109404229706
address-audit-lifecycle: epoch=13 presentation=13 stage=waiting-for-exterior access=ACC-ADR-H013 zone=house_old_pc exterior=False ready=False frame=8563 
walk-frame: approach-urman.chapter1:interaction/internal-register-to-rinat actual-player-position=(-30.079224, 0.5943085, -7.3676796)
walk-frame: computer-aisle--0.15-1.10 actual-player-position=(-28.893827, 0.5943085, -5.638386)
walk-frame: computer-aisle-0.00--1.15 actual-player-position=(-30.476383, 0.5943085, -6.4007177)
[282] scene.entered: urman.chapter1:interaction/internal-register-to-saved-message
source-formatting-proof: paired strong -> unchanged canonical paragraph -> real selection/save follows; literal stars and links retained
source-excerpt-selection-state: {"action":"excerpt-message-voice","phase":"wrong-before-resize","processFrame":9937,"physicsFrame":8776,"selecting":true,"editorVisible":true,"recordDisabled":false,"selected":"\u042D\u043A\u0441\u043F\u043E\u0440\u0442 \u0441\u043E\u043E\u0431\u0449\u0435\u043D\u0438\u044F","expected":"\u042D\u043A\u0441\u043F\u043E\u0440\u0442 \u0441\u043E\u043E\u0431\u0449\u0435\u043D\u0438\u044F","exact":true,"editorContainsExpected":true,"selectionFrom":[1,0],"selectionTo":[1,17],"caret":[1,17],"editorFocused":true,"focusOwner":"/root/Act1FirstPersonWalkthroughSmokeTest/Act1Demo/Main/JournalUi/Screen/Book/Layout/WorkArea/Reader/Body/SourceExcerptText","editorRect":"(754, 286), (774, 521)","bodyRect":"(754, 286), (774, 521)","editorScroll":0,"bodyScroll":0,"logicalViewport":"(0, 0), (1920, 1080)","windowSize":"(1280, 720)"}
state-final-render-sync-begin: label=source-excerpt-feedback/excerpt-message-voice/attempt1/wrong/resize tick=190204 drawn=9937 process=9937 physics=8776 windowVisible=True focus=True mode=Windowed renderLoop=True
state-final-render-sync-end: label=source-excerpt-feedback/excerpt-message-voice/attempt1/wrong/resize milliseconds=6 forcedScreenshotRender=False
state-final-render-sync-begin: label=source-excerpt-feedback/excerpt-message-voice/attempt1/wrong/layout tick=190219 drawn=9939 process=9939 physics=8777 windowVisible=True focus=True mode=Windowed renderLoop=True
state-final-render-sync-end: label=source-excerpt-feedback/excerpt-message-voice/attempt1/wrong/layout milliseconds=8 forcedScreenshotRender=False
source-excerpt-proof: feedback capture /Users/unterlantas/Documents/GitHub/URMAN/docs/production/act1_takeover_evidence_2026-09-16/images-walk-sources-11/source_excerpt_Act1FirstPersonWalkthroughSmokeTest_excerpt-message-voice_attempt01_wrong_1280x720.png
source-excerpt-raster-typography: {"action":"excerpt-message-voice","phase":"wrong","size":"(1280, 720)","textScale":1,"rasterSize":"(1280, 720)","logicalViewport":"(0, 0), (1920, 1080)","rasterRatio":"(0.6666667, 0.6666667)","readerBounds":"(502.6667, 158), (516, 507.33337)","labels":[{"name":"Hint","logicalFont":21,"screenFontPixels":14,"bounds":"(502.6667, 499.33334), (516, 64.00003)","logicalHeight":96,"minimumHeight":96},{"name":"Feedback","logicalFont":21,"screenFontPixels":14,"bounds":"(502.6667, 596.6667), (516, 42)","logicalHeight":63,"minimumHeight":63},{"name":"Source","logicalFont":21,"screenFontPixels":14,"bounds":"(502.6667, 645.3334), (516, 20)","logicalHeight":30,"minimumHeight":30}],"oracle":"actual raster / logical viewport extent times GlobalWithCanvas; no runtime screen-transform API"}
state-final-render-sync-begin: label=source-excerpt-feedback/excerpt-message-voice/attempt1/wrong/resize tick=190294 drawn=9939 process=9939 physics=8777 windowVisible=True focus=True mode=Windowed renderLoop=True
state-final-render-sync-end: label=source-excerpt-feedback/excerpt-message-voice/attempt1/wrong/resize milliseconds=33 forcedScreenshotRender=False
state-final-render-sync-begin: label=source-excerpt-feedback/excerpt-message-voice/attempt1/wrong/layout tick=190333 drawn=9942 process=9942 physics=8784 windowVisible=True focus=True mode=Windowed renderLoop=True
state-final-render-sync-end: label=source-excerpt-feedback/excerpt-message-voice/attempt1/wrong/layout milliseconds=7 forcedScreenshotRender=False
source-excerpt-proof: feedback capture /Users/unterlantas/Documents/GitHub/URMAN/docs/production/act1_takeover_evidence_2026-09-16/images-walk-sources-11/source_excerpt_Act1FirstPersonWalkthroughSmokeTest_excerpt-message-voice_attempt01_wrong_1920x1080.png
source-excerpt-raster-typography: {"action":"excerpt-message-voice","phase":"wrong","size":"(1920, 1080)","textScale":1,"rasterSize":"(1920, 1080)","logicalViewport":"(0, 0), (1920, 1080)","rasterRatio":"(1, 1)","readerBounds":"(754, 237), (774, 761)","labels":[{"name":"Hint","logicalFont":16,"screenFontPixels":16,"bounds":"(754, 791), (774, 75)","logicalHeight":75,"minimumHeight":75},{"name":"Feedback","logicalFont":16,"screenFontPixels":16,"bounds":"(754, 916), (774, 49)","logicalHeight":49,"minimumHeight":49},{"name":"Source","logicalFont":16,"screenFontPixels":16,"bounds":"(754, 975), (774, 23)","logicalHeight":23,"minimumHeight":23}],"oracle":"actual raster / logical viewport extent times GlobalWithCanvas; no runtime screen-transform API"}
state-final-render-sync-begin: label=source-excerpt-feedback/excerpt-message-voice/attempt1/wrong/restore tick=190537 drawn=9944 process=9944 physics=8796 windowVisible=True focus=True mode=Windowed renderLoop=True
state-final-render-sync-end: label=source-excerpt-feedback/excerpt-message-voice/attempt1/wrong/restore milliseconds=4 forcedScreenshotRender=False
source-excerpt-selection-state: {"action":"excerpt-message-voice","phase":"wrong-after-window-restore","processFrame":9944,"physicsFrame":8796,"selecting":true,"editorVisible":true,"recordDisabled":false,"selected":"\u042D\u043A\u0441\u043F\u043E\u0440\u0442 \u0441\u043E\u043E\u0431\u0449\u0435\u043D\u0438\u044F","expected":"\u042D\u043A\u0441\u043F\u043E\u0440\u0442 \u0441\u043E\u043E\u0431\u0449\u0435\u043D\u0438\u044F","exact":true,"editorContainsExpected":true,"selectionFrom":[1,0],"selectionTo":[1,17],"caret":[1,17],"editorFocused":true,"focusOwner":"/root/Act1FirstPersonWalkthroughSmokeTest/Act1Demo/Main/JournalUi/Screen/Book/Layout/WorkArea/Reader/Body/SourceExcerptText","editorRect":"(754, 286), (774, 453)","bodyRect":"(754, 286), (774, 453)","editorScroll":0,"bodyScroll":0,"logicalViewport":"(0, 0), (1920, 1080)","windowSize":"(1280, 720)"}
source-excerpt-selection-state: {"action":"excerpt-message-voice","phase":"after-back","processFrame":9944,"physicsFrame":8796,"selecting":false,"editorVisible":false,"recordDisabled":true,"selected":"","expected":"\u0421\u0435\u0433\u043E\u0434\u043D\u044F \u043E\u043F\u044F\u0442\u044C \u0441\u043B\u044B\u0448\u0430\u043B \u0438\u0437 \u0443\u0440\u043C\u0430\u043D\u0430 \u0433\u043E\u043B\u043E\u0441. \u041D\u0435 \u043A\u0430\u043A \u044D\u0445\u043E. \u041A\u0430\u043A \u0431\u0443\u0434\u0442\u043E \u0447\u0435\u043B\u043E\u0432\u0435\u043A \u0441\u0442\u043E\u0438\u0442 \u0440\u044F\u0434\u043E\u043C \u0441 \u0434\u0435\u0440\u0435\u0432\u044C\u044F\u043C\u0438 \u0438 \u0436\u0434\u0451\u0442, \u043A\u043E\u0433\u0434\u0430 \u0442\u044B \u043E\u0442\u0432\u0435\u0442\u0438\u0448\u044C.","exact":false,"editorContainsExpected":true,"selectionFrom":[1,17],"selectionTo":[1,17],"caret":[1,17],"editorFocused":false,"focusOwner":"/root/Act1FirstPersonWalkthroughSmokeTest/Act1Demo/Main/JournalUi/Screen/Book/Layout/WorkArea/Reader/Body","editorRect":"(754, 286), (774, 453)","bodyRect":"(754, 286), (774, 453)","editorScroll":0,"bodyScroll":0,"logicalViewport":"(0, 0), (1920, 1080)","windowSize":"(1280, 720)"}
source-excerpt-selection-state: {"action":"excerpt-message-voice","phase":"after-begin","processFrame":9944,"physicsFrame":8796,"selecting":true,"editorVisible":true,"recordDisabled":true,"selected":"","expected":"\u0421\u0435\u0433\u043E\u0434\u043D\u044F \u043E\u043F\u044F\u0442\u044C \u0441\u043B\u044B\u0448\u0430\u043B \u0438\u0437 \u0443\u0440\u043C\u0430\u043D\u0430 \u0433\u043E\u043B\u043E\u0441. \u041D\u0435 \u043A\u0430\u043A \u044D\u0445\u043E. \u041A\u0430\u043A \u0431\u0443\u0434\u0442\u043E \u0447\u0435\u043B\u043E\u0432\u0435\u043A \u0441\u0442\u043E\u0438\u0442 \u0440\u044F\u0434\u043E\u043C \u0441 \u0434\u0435\u0440\u0435\u0432\u044C\u044F\u043C\u0438 \u0438 \u0436\u0434\u0451\u0442, \u043A\u043E\u0433\u0434\u0430 \u0442\u044B \u043E\u0442\u0432\u0435\u0442\u0438\u0448\u044C.","exact":false,"editorContainsExpected":true,"selectionFrom":[0,0],"selectionTo":[0,0],"caret":[0,0],"editorFocused":true,"focusOwner":"/root/Act1FirstPersonWalkthroughSmokeTest/Act1Demo/Main/JournalUi/Screen/Book/Layout/WorkArea/Reader/Body/SourceExcerptText","editorRect":"(754, 286), (774, 453)","bodyRect":"(754, 286), (774, 453)","editorScroll":1.84375,"bodyScroll":0,"logicalViewport":"(0, 0), (1920, 1080)","windowSize":"(1280, 720)"}
source-excerpt-selection-state: {"action":"excerpt-message-voice","phase":"after-exact-select","processFrame":9944,"physicsFrame":8796,"selecting":true,"editorVisible":true,"recordDisabled":true,"selected":"\u0421\u0435\u0433\u043E\u0434\u043D\u044F \u043E\u043F\u044F\u0442\u044C \u0441\u043B\u044B\u0448\u0430\u043B \u0438\u0437 \u0443\u0440\u043C\u0430\u043D\u0430 \u0433\u043E\u043B\u043E\u0441. \u041D\u0435 \u043A\u0430\u043A \u044D\u0445\u043E. \u041A\u0430\u043A \u0431\u0443\u0434\u0442\u043E \u0447\u0435\u043B\u043E\u0432\u0435\u043A \u0441\u0442\u043E\u0438\u0442 \u0440\u044F\u0434\u043E\u043C \u0441 \u0434\u0435\u0440\u0435\u0432\u044C\u044F\u043C\u0438 \u0438 \u0436\u0434\u0451\u0442, \u043A\u043E\u0433\u0434\u0430 \u0442\u044B \u043E\u0442\u0432\u0435\u0442\u0438\u0448\u044C.","expected":"\u0421\u0435\u0433\u043E\u0434\u043D\u044F \u043E\u043F\u044F\u0442\u044C \u0441\u043B\u044B\u0448\u0430\u043B \u0438\u0437 \u0443\u0440\u043C\u0430\u043D\u0430 \u0433\u043E\u043B\u043E\u0441. \u041D\u0435 \u043A\u0430\u043A \u044D\u0445\u043E. \u041A\u0430\u043A \u0431\u0443\u0434\u0442\u043E \u0447\u0435\u043B\u043E\u0432\u0435\u043A \u0441\u0442\u043E\u0438\u0442 \u0440\u044F\u0434\u043E\u043C \u0441 \u0434\u0435\u0440\u0435\u0432\u044C\u044F\u043C\u0438 \u0438 \u0436\u0434\u0451\u0442, \u043A\u043E\u0433\u0434\u0430 \u0442\u044B \u043E\u0442\u0432\u0435\u0442\u0438\u0448\u044C.","exact":true,"editorContainsExpected":true,"selectionFrom":[9,0],"selectionTo":[9,118],"caret":[9,118],"editorFocused":true,"focusOwner":"/root/Act1FirstPersonWalkthroughSmokeTest/Act1Demo/Main/JournalUi/Screen/Book/Layout/WorkArea/Reader/Body/SourceExcerptText","editorRect":"(754, 286), (774, 453)","bodyRect":"(754, 286), (774, 453)","editorScroll":1.84375,"bodyScroll":0,"logicalViewport":"(0, 0), (1920, 1080)","windowSize":"(1280, 720)"}
source-excerpt-selection-state: {"action":"excerpt-message-voice","phase":"caret-changed-delivered","processFrame":9945,"physicsFrame":8797,"selecting":true,"editorVisible":true,"recordDisabled":false,"selected":"\u0421\u0435\u0433\u043E\u0434\u043D\u044F \u043E\u043F\u044F\u0442\u044C \u0441\u043B\u044B\u0448\u0430\u043B \u0438\u0437 \u0443\u0440\u043C\u0430\u043D\u0430 \u0433\u043E\u043B\u043E\u0441. \u041D\u0435 \u043A\u0430\u043A \u044D\u0445\u043E. \u041A\u0430\u043A \u0431\u0443\u0434\u0442\u043E \u0447\u0435\u043B\u043E\u0432\u0435\u043A \u0441\u0442\u043E\u0438\u0442 \u0440\u044F\u0434\u043E\u043C \u0441 \u0434\u0435\u0440\u0435\u0432\u044C\u044F\u043C\u0438 \u0438 \u0436\u0434\u0451\u0442, \u043A\u043E\u0433\u0434\u0430 \u0442\u044B \u043E\u0442\u0432\u0435\u0442\u0438\u0448\u044C.","expected":"\u0421\u0435\u0433\u043E\u0434\u043D\u044F \u043E\u043F\u044F\u0442\u044C \u0441\u043B\u044B\u0448\u0430\u043B \u0438\u0437 \u0443\u0440\u043C\u0430\u043D\u0430 \u0433\u043E\u043B\u043E\u0441. \u041D\u0435 \u043A\u0430\u043A \u044D\u0445\u043E. \u041A\u0430\u043A \u0431\u0443\u0434\u0442\u043E \u0447\u0435\u043B\u043E\u0432\u0435\u043A \u0441\u0442\u043E\u0438\u0442 \u0440\u044F\u0434\u043E\u043C \u0441 \u0434\u0435\u0440\u0435\u0432\u044C\u044F\u043C\u0438 \u0438 \u0436\u0434\u0451\u0442, \u043A\u043E\u0433\u0434\u0430 \u0442\u044B \u043E\u0442\u0432\u0435\u0442\u0438\u0448\u044C.","exact":true,"editorContainsExpected":true,"selectionFrom":[9,0],"selectionTo":[9,118],"caret":[9,118],"editorFocused":true,"focusOwner":"/root/Act1FirstPersonWalkthroughSmokeTest/Act1Demo/Main/JournalUi/Screen/Book/Layout/WorkArea/Reader/Body/SourceExcerptText","editorRect":"(754, 286), (774, 453)","bodyRect":"(754, 286), (774, 453)","editorScroll":1.84375,"bodyScroll":0,"logicalViewport":"(0, 0), (1920, 1080)","windowSize":"(1280, 720)"}
source-excerpt-selection-state: {"action":"excerpt-message-voice","phase":"after-original-one-process-frame","processFrame":9945,"physicsFrame":8797,"selecting":true,"editorVisible":true,"recordDisabled":false,"selected":"\u0421\u0435\u0433\u043E\u0434\u043D\u044F \u043E\u043F\u044F\u0442\u044C \u0441\u043B\u044B\u0448\u0430\u043B \u0438\u0437 \u0443\u0440\u043C\u0430\u043D\u0430 \u0433\u043E\u043B\u043E\u0441. \u041D\u0435 \u043A\u0430\u043A \u044D\u0445\u043E. \u041A\u0430\u043A \u0431\u0443\u0434\u0442\u043E \u0447\u0435\u043B\u043E\u0432\u0435\u043A \u0441\u0442\u043E\u0438\u0442 \u0440\u044F\u0434\u043E\u043C \u0441 \u0434\u0435\u0440\u0435\u0432\u044C\u044F\u043C\u0438 \u0438 \u0436\u0434\u0451\u0442, \u043A\u043E\u0433\u0434\u0430 \u0442\u044B \u043E\u0442\u0432\u0435\u0442\u0438\u0448\u044C.","expected":"\u0421\u0435\u0433\u043E\u0434\u043D\u044F \u043E\u043F\u044F\u0442\u044C \u0441\u043B\u044B\u0448\u0430\u043B \u0438\u0437 \u0443\u0440\u043C\u0430\u043D\u0430 \u0433\u043E\u043B\u043E\u0441. \u041D\u0435 \u043A\u0430\u043A \u044D\u0445\u043E. \u041A\u0430\u043A \u0431\u0443\u0434\u0442\u043E \u0447\u0435\u043B\u043E\u0432\u0435\u043A \u0441\u0442\u043E\u0438\u0442 \u0440\u044F\u0434\u043E\u043C \u0441 \u0434\u0435\u0440\u0435\u0432\u044C\u044F\u043C\u0438 \u0438 \u0436\u0434\u0451\u0442, \u043A\u043E\u0433\u0434\u0430 \u0442\u044B \u043E\u0442\u0432\u0435\u0442\u0438\u0448\u044C.","exact":true,"editorContainsExpected":true,"selectionFrom":[9,0],"selectionTo":[9,118],"caret":[9,118],"editorFocused":true,"focusOwner":"/root/Act1FirstPersonWalkthroughSmokeTest/Act1Demo/Main/JournalUi/Screen/Book/Layout/WorkArea/Reader/Body/SourceExcerptText","editorRect":"(754, 286), (774, 521)","bodyRect":"(754, 286), (774, 521)","editorScroll":0,"bodyScroll":0,"logicalViewport":"(0, 0), (1920, 1080)","windowSize":"(1280, 720)"}
source-excerpt-selection-state: {"action":"excerpt-message-voice","phase":"before-strict-record-check","processFrame":9946,"physicsFrame":8797,"selecting":true,"editorVisible":true,"recordDisabled":false,"selected":"\u0421\u0435\u0433\u043E\u0434\u043D\u044F \u043E\u043F\u044F\u0442\u044C \u0441\u043B\u044B\u0448\u0430\u043B \u0438\u0437 \u0443\u0440\u043C\u0430\u043D\u0430 \u0433\u043E\u043B\u043E\u0441. \u041D\u0435 \u043A\u0430\u043A \u044D\u0445\u043E. \u041A\u0430\u043A \u0431\u0443\u0434\u0442\u043E \u0447\u0435\u043B\u043E\u0432\u0435\u043A \u0441\u0442\u043E\u0438\u0442 \u0440\u044F\u0434\u043E\u043C \u0441 \u0434\u0435\u0440\u0435\u0432\u044C\u044F\u043C\u0438 \u0438 \u0436\u0434\u0451\u0442, \u043A\u043E\u0433\u0434\u0430 \u0442\u044B \u043E\u0442\u0432\u0435\u0442\u0438\u0448\u044C.","expected":"\u0421\u0435\u0433\u043E\u0434\u043D\u044F \u043E\u043F\u044F\u0442\u044C \u0441\u043B\u044B\u0448\u0430\u043B \u0438\u0437 \u0443\u0440\u043C\u0430\u043D\u0430 \u0433\u043E\u043B\u043E\u0441. \u041D\u0435 \u043A\u0430\u043A \u044D\u0445\u043E. \u041A\u0430\u043A \u0431\u0443\u0434\u0442\u043E \u0447\u0435\u043B\u043E\u0432\u0435\u043A \u0441\u0442\u043E\u0438\u0442 \u0440\u044F\u0434\u043E\u043C \u0441 \u0434\u0435\u0440\u0435\u0432\u044C\u044F\u043C\u0438 \u0438 \u0436\u0434\u0451\u0442, \u043A\u043E\u0433\u0434\u0430 \u0442\u044B \u043E\u0442\u0432\u0435\u0442\u0438\u0448\u044C.","exact":true,"editorContainsExpected":true,"selectionFrom":[9,0],"selectionTo":[9,118],"caret":[9,118],"editorFocused":true,"focusOwner":"/root/Act1FirstPersonWalkthroughSmokeTest/Act1Demo/Main/JournalUi/Screen/Book/Layout/WorkArea/Reader/Body/SourceExcerptText","editorRect":"(754, 286), (774, 521)","bodyRect":"(754, 286), (774, 521)","editorScroll":0,"bodyScroll":0,"logicalViewport":"(0, 0), (1920, 1080)","windowSize":"(1280, 720)"}
[289] journal.changed: urman.chapter1:interaction/excerpt-message-voice
[290] journal.changed: urman.chapter1:interaction/excerpt-message-voice
SaveGameV3 written to /Users/unterlantas/Library/Application Support/Godot/app_userdata/URMAN/savegames/checkpoint.savegame-v3.json
checkpoint: auto-saved at urman.chapter1:scene/evidence-saved-message
state-final-render-sync-begin: label=source-excerpt-feedback/excerpt-message-voice/attempt1/saved/resize tick=190588 drawn=9947 process=9947 physics=8798 windowVisible=True focus=True mode=Windowed renderLoop=True
state-final-render-sync-end: label=source-excerpt-feedback/excerpt-message-voice/attempt1/saved/resize milliseconds=4 forcedScreenshotRender=False
state-final-render-sync-begin: label=source-excerpt-feedback/excerpt-message-voice/attempt1/saved/layout tick=190597 drawn=9949 process=9949 physics=8800 windowVisible=True focus=True mode=Windowed renderLoop=True
state-final-render-sync-end: label=source-excerpt-feedback/excerpt-message-voice/attempt1/saved/layout milliseconds=5 forcedScreenshotRender=False
source-excerpt-proof: feedback capture /Users/unterlantas/Documents/GitHub/URMAN/docs/production/act1_takeover_evidence_2026-09-16/images-walk-sources-11/source_excerpt_Act1FirstPersonWalkthroughSmokeTest_excerpt-message-voice_attempt01_saved_1280x720.png
source-excerpt-raster-typography: {"action":"excerpt-message-voice","phase":"saved","size":"(1280, 720)","textScale":1,"rasterSize":"(1280, 720)","logicalViewport":"(0, 0), (1920, 1080)","rasterRatio":"(0.6666667, 0.6666667)","readerBounds":"(502.6667, 158), (516, 507.33337)","labels":[{"name":"Hint","logicalFont":21,"screenFontPixels":14,"bounds":"(502.6667, 593.3334), (516, 42)","logicalHeight":63,"minimumHeight":63},{"name":"Source","logicalFont":21,"screenFontPixels":14,"bounds":"(502.6667, 645.3334), (516, 20)","logicalHeight":30,"minimumHeight":30}],"oracle":"actual raster / logical viewport extent times GlobalWithCanvas; no runtime screen-transform API"}
state-final-render-sync-begin: label=source-excerpt-feedback/excerpt-message-voice/attempt1/saved/resize tick=190669 drawn=9949 process=9949 physics=8800 windowVisible=True focus=True mode=Windowed renderLoop=True
state-final-render-sync-end: label=source-excerpt-feedback/excerpt-message-voice/attempt1/saved/resize milliseconds=28 forcedScreenshotRender=False
state-final-render-sync-begin: label=source-excerpt-feedback/excerpt-message-voice/attempt1/saved/layout tick=190705 drawn=9952 process=9952 physics=8806 windowVisible=True focus=True mode=Windowed renderLoop=True
state-final-render-sync-end: label=source-excerpt-feedback/excerpt-message-voice/attempt1/saved/layout milliseconds=4 forcedScreenshotRender=False
source-excerpt-proof: feedback capture /Users/unterlantas/Documents/GitHub/URMAN/docs/production/act1_takeover_evidence_2026-09-16/images-walk-sources-11/source_excerpt_Act1FirstPersonWalkthroughSmokeTest_excerpt-message-voice_attempt01_saved_1920x1080.png
source-excerpt-raster-typography: {"action":"excerpt-message-voice","phase":"saved","size":"(1920, 1080)","textScale":1,"rasterSize":"(1920, 1080)","logicalViewport":"(0, 0), (1920, 1080)","rasterRatio":"(1, 1)","readerBounds":"(754, 237), (774, 761)","labels":[{"name":"Hint","logicalFont":16,"screenFontPixels":16,"bounds":"(754, 937), (774, 23)","logicalHeight":23,"minimumHeight":23},{"name":"Source","logicalFont":16,"screenFontPixels":16,"bounds":"(754, 975), (774, 23)","logicalHeight":23,"minimumHeight":23}],"oracle":"actual raster / logical viewport extent times GlobalWithCanvas; no runtime screen-transform API"}
state-final-render-sync-begin: label=source-excerpt-feedback/excerpt-message-voice/attempt1/saved/restore tick=190888 drawn=9954 process=9954 physics=8817 windowVisible=True focus=True mode=Windowed renderLoop=True
state-final-render-sync-end: label=source-excerpt-feedback/excerpt-message-voice/attempt1/saved/restore milliseconds=4 forcedScreenshotRender=False
state-final-render-sync-begin: label=source-excerpt-feedback/excerpt-message-voice/attempt1/reopened/resize tick=190920 drawn=9959 process=9959 physics=8819 windowVisible=True focus=True mode=Windowed renderLoop=True
state-final-render-sync-end: label=source-excerpt-feedback/excerpt-message-voice/attempt1/reopened/resize milliseconds=7 forcedScreenshotRender=False
state-final-render-sync-begin: label=source-excerpt-feedback/excerpt-message-voice/attempt1/reopened/layout tick=190935 drawn=9961 process=9961 physics=8820 windowVisible=True focus=True mode=Windowed renderLoop=True
state-final-render-sync-end: label=source-excerpt-feedback/excerpt-message-voice/attempt1/reopened/layout milliseconds=9 forcedScreenshotRender=False
source-excerpt-proof: feedback capture /Users/unterlantas/Documents/GitHub/URMAN/docs/production/act1_takeover_evidence_2026-09-16/images-walk-sources-11/source_excerpt_Act1FirstPersonWalkthroughSmokeTest_excerpt-message-voice_attempt01_reopened_1280x720.png
source-excerpt-raster-typography: {"action":"excerpt-message-voice","phase":"reopened","size":"(1280, 720)","textScale":1,"rasterSize":"(1280, 720)","logicalViewport":"(0, 0), (1920, 1080)","rasterRatio":"(0.6666667, 0.6666667)","readerBounds":"(502.6667, 158), (516, 507.33337)","labels":[{"name":"Hint","logicalFont":21,"screenFontPixels":14,"bounds":"(502.6667, 593.3334), (516, 42)","logicalHeight":63,"minimumHeight":63},{"name":"Source","logicalFont":21,"screenFontPixels":14,"bounds":"(502.6667, 645.3334), (516, 20)","logicalHeight":30,"minimumHeight":30}],"oracle":"actual raster / logical viewport extent times GlobalWithCanvas; no runtime screen-transform API"}
state-final-render-sync-begin: label=source-excerpt-feedback/excerpt-message-voice/attempt1/reopened/resize tick=191010 drawn=9961 process=9961 physics=8820 windowVisible=True focus=True mode=Windowed renderLoop=True
state-final-render-sync-end: label=source-excerpt-feedback/excerpt-message-voice/attempt1/reopened/resize milliseconds=27 forcedScreenshotRender=False
state-final-render-sync-begin: label=source-excerpt-feedback/excerpt-message-voice/attempt1/reopened/layout tick=191046 drawn=9964 process=9964 physics=8827 windowVisible=True focus=True mode=Windowed renderLoop=True
state-final-render-sync-end: label=source-excerpt-feedback/excerpt-message-voice/attempt1/reopened/layout milliseconds=4 forcedScreenshotRender=False
source-excerpt-proof: feedback capture /Users/unterlantas/Documents/GitHub/URMAN/docs/production/act1_takeover_evidence_2026-09-16/images-walk-sources-11/source_excerpt_Act1FirstPersonWalkthroughSmokeTest_excerpt-message-voice_attempt01_reopened_1920x1080.png
source-excerpt-raster-typography: {"action":"excerpt-message-voice","phase":"reopened","size":"(1920, 1080)","textScale":1,"rasterSize":"(1920, 1080)","logicalViewport":"(0, 0), (1920, 1080)","rasterRatio":"(1, 1)","readerBounds":"(754, 237), (774, 761)","labels":[{"name":"Hint","logicalFont":16,"screenFontPixels":16,"bounds":"(754, 937), (774, 23)","logicalHeight":23,"minimumHeight":23},{"name":"Source","logicalFont":16,"screenFontPixels":16,"bounds":"(754, 975), (774, 23)","logicalHeight":23,"minimumHeight":23}],"oracle":"actual raster / logical viewport extent times GlobalWithCanvas; no runtime screen-transform API"}
state-final-render-sync-begin: label=source-excerpt-feedback/excerpt-message-voice/attempt1/reopened/restore tick=191236 drawn=9966 process=9966 physics=8838 windowVisible=True focus=True mode=Windowed renderLoop=True
state-final-render-sync-end: label=source-excerpt-feedback/excerpt-message-voice/attempt1/reopened/restore milliseconds=5 forcedScreenshotRender=False
source-excerpt-proof: document=urman.oldpc:document/msg_marat_saved_last_normal action=excerpt-message-voice; heading refused; cancel refused; actual TextEdit selection -> Record -> one source; scene preserved; one persistent confirmation and remaining fields survive reopen
walk-frame: house-exit-aisle--0.15-1.10 actual-player-position=(-28.997406, 0.5943085, -5.562676)
walk-frame: house-exit-aisle--2.82-1.10 actual-player-position=(-29.79489, 0.5943085, -3.2603197)
walk-frame: house-exit-aisle--2.82-2.30 actual-player-position=(-29.033098, 0.5943085, -2.6707256)
zone-loaded: village_day@from_house connected-world=109404229706
address-audit-lifecycle: epoch=14 presentation=14 stage=restoring-exterior access=ACC-ADR-H013 zone=village_day exterior=True ready=True frame=8948 
address-audit-lifecycle: epoch=14 presentation=14 stage=search-start access=ACC-ADR-H013 zone=village_day exterior=True ready=True frame=8951 
address-support-probe: ACC-ADR-H013 approach start result=accepted supplied=(16.174515, -0.1163225, 15.998482) floor=(16.174515, -0.15135384, 15.998482) acceptedFeet=(16.174515, -0.15094368, 15.998482) lift=0.035; normal=(-0.031328645, 0.9995088, 0.00076124363) depth=0.0012110524 owner=landing: /root/Act1FirstPersonWalkthroughSmokeTest/Act1Demo/Main/ZoneHost/Act1ConnectedWorld/Act1CoreWorldGreybox/AgentBExteriorWorld/AgentB_TerrainCollision shape 0 playerCanStandAtLanded=True; 
address-support-probe: ACC-ADR-H013 road anchor result=accepted supplied=(0, -0.47446284, 15.998482) floor=(0, -0.5536033, 15.998482) acceptedFeet=(0, -0.5531931, 15.998482) lift=0.035; normal=(-0.018521871, 0.99958456, 0.022083482) depth=0.001184291 owner=landing: /root/Act1FirstPersonWalkthroughSmokeTest/Act1Demo/Main/ZoneHost/Act1ConnectedWorld/Act1CoreWorldGreybox/AgentBExteriorWorld/AgentB_TerrainCollision shape 0 playerCanStandAtLanded=True; 
walk-frame: alsu-message-outward--26.05-0.2 actual-player-position=(-26.069225, 0.29562184, -0.05594653)
walk-frame: alsu-message-outward--26.05-2.2 actual-player-position=(-26.052832, 0.31674927, 1.9266467)
walk-frame: alsu-message-outward--25.2-2.6 actual-player-position=(-25.432055, 0.36245, 2.4163194)
walk-frame: alsu-message-outward--24.42-2.4 actual-player-position=(-24.696184, 0.38444927, 2.4038954)
walk-frame: alsu-message-outward--24-1.2 actual-player-position=(-24.128727, 0.36178324, 1.4226079)
walk-frame: alsu-message-outward--19-0 actual-player-position=(-19.267267, 0.16979985, 0.07412499)
address-audit-lifecycle: epoch=14 presentation=14 stage=path-committed access=ACC-ADR-H013 zone=village_day exterior=True ready=True frame=9192 testedAccess=ACC-ADR-H013 supplied=(16.174515, -0.1163225, 15.998482) reason=
address-audit-lifecycle: epoch=14 presentation=14 stage=search-start access=ACC-ADR-H014 zone=village_day exterior=True ready=True frame=9192 
address-support-probe: ACC-ADR-H014 approach start result=standing body blocked before landing probe supplied=(-8.993525, -0.25530022, 17.1076) floor=(-8.993525, -0.29031372, 17.1076) bodyCentre=(0, 0.9, 0) radius=0.35 height=1.8 margin=.001; lift=0.035 initial=(-8.993525, -0.25531372, 17.1076) contacts=[/root/Act1FirstPersonWalkthroughSmokeTest/Act1Demo/Main/ZoneHost/Act1ConnectedWorld/Act1CoreWorldGreybox/HouseExteriorApproach/BabaiReverseFieldNeighborHouse/AuthoredKitCollisionProxy shape 24 | /root/Act1FirstPersonWalkthroughSmokeTest/Act1Demo/Main/ZoneHost/Act1ConnectedWorld/Act1CoreWorldGreybox/HouseExteriorApproach/BabaiReverseFieldNeighborHouse/AuthoredKitCollisionProxy shape 21] playerCanStandAtInitial=False; lift=0.08 initial=(-8.993525, -0.21031372, 17.1076) contacts=[/root/Act1FirstPersonWalkthroughSmokeTest/Act1Demo/Main/ZoneHost/Act1ConnectedWorld/Act1CoreWorldGreybox/HouseExteriorApproach/BabaiReverseFieldNeighborHouse/AuthoredKitCollisionProxy shape 24 | /root/Act1FirstPersonWalkthroughSmokeTest/Act1Demo/Main/ZoneHost/Act1ConnectedWorld/Act1CoreWorldGreybox/HouseExteriorApproach/BabaiReverseFieldNeighborHouse/AuthoredKitCollisionProxy shape 21] playerCanStandAtInitial=False; lift=0.15 initial=(-8.993525, -0.14031371, 17.1076) contacts=[/root/Act1FirstPersonWalkthroughSmokeTest/Act1Demo/Main/ZoneHost/Act1ConnectedWorld/Act1CoreWorldGreybox/HouseExteriorApproach/BabaiReverseFieldNeighborHouse/AuthoredKitCollisionProxy shape 24 | /root/Act1FirstPersonWalkthroughSmokeTest/Act1Demo/Main/ZoneHost/Act1ConnectedWorld/Act1CoreWorldGreybox/HouseExteriorApproach/BabaiReverseFieldNeighborHouse/AuthoredKitCollisionProxy shape 21] playerCanStandAtInitial=False; lift=0.228 initial=(-8.993525, -0.06231372, 17.1076) contacts=[/root/Act1FirstPersonWalkthroughSmokeTest/Act1Demo/Main/ZoneHost/Act1ConnectedWorld/Act1CoreWorldGreybox/HouseExteriorApproach/BabaiReverseFieldNeighborHouse/AuthoredKitCollisionProxy shape 24 | /root/Act1FirstPersonWalkthroughSmokeTest/Act1Demo/Main/ZoneHost/Act1ConnectedWorld/Act1CoreWorldGreybox/HouseExteriorApproach/BabaiReverseFieldNeighborHouse/AuthoredKitCollisionProxy shape 21] playerCanStandAtInitial=False
address-audit-lifecycle: epoch=14 presentation=14 stage=blocked access=ACC-ADR-H014 zone=village_day exterior=True ready=True frame=9192 testedAccess=ACC-ADR-H014 supplied=(-8.993525, -0.25530022, 17.1076) reason=approach start: standing body blocked before landing probe
address-audit-lifecycle: epoch=14 presentation=14 stage=search-start access=ACC-ADR-H015 zone=village_day exterior=True ready=True frame=9193 
address-support-probe: ACC-ADR-H015 approach start result=accepted supplied=(9.01805, -0.2895005, 15.9208) floor=(9.01805, -0.32447967, 15.9208) acceptedFeet=(9.01805, -0.3240695, 15.9208) lift=0.035; normal=(-0.038815066, 0.9989564, 0.024072494) depth=0.001404364 owner=landing: /root/Act1FirstPersonWalkthroughSmokeTest/Act1Demo/Main/ZoneHost/Act1ConnectedWorld/Act1CoreWorldGreybox/AgentBExteriorWorld/AgentB_TerrainCollision shape 0 playerCanStandAtLanded=True; 
address-support-probe: ACC-ADR-H015 road anchor result=accepted supplied=(0, -0.47479773, 15.9208) floor=(0, -0.5518871, 15.9208) acceptedFeet=(0, -0.5514769, 15.9208) lift=0.035; normal=(-0.018521871, 0.99958456, 0.022083482) depth=0.001184291 owner=landing: /root/Act1FirstPersonWalkthroughSmokeTest/Act1Demo/Main/ZoneHost/Act1ConnectedWorld/Act1CoreWorldGreybox/AgentBExteriorWorld/AgentB_TerrainCollision shape 0 playerCanStandAtLanded=True; 
address-audit-lifecycle: epoch=14 presentation=14 stage=path-committed access=ACC-ADR-H015 zone=village_day exterior=True ready=True frame=9200 testedAccess=ACC-ADR-H015 supplied=(9.01805, -0.2895005, 15.9208) reason=
address-audit-lifecycle: epoch=14 presentation=14 stage=search-start access=ACC-ADR-H016 zone=village_day exterior=True ready=True frame=9200 
address-support-probe: ACC-ADR-H016 approach start result=accepted supplied=(-8.354, -0.13137132, -0.4574998) floor=(-8.354, -0.16640651, -0.4574998) acceptedFeet=(-8.354, -0.16554713, -0.4574998) lift=0.035; normal=(0.021742212, 0.99805903, -0.05835519) depth=0.0012700633 owner=landing: /root/Act1FirstPersonWalkthroughSmokeTest/Act1Demo/Main/ZoneHost/Act1ConnectedWorld/Act1CoreWorldGreybox/AgentBExteriorWorld/AgentB_TerrainCollision shape 0 playerCanStandAtLanded=True; 
address-support-probe: ACC-ADR-H016 road anchor result=accepted supplied=(-9.9002, -0.26132783, -3.5498998) floor=(-9.9002, -0.32288608, -3.5498998) acceptedFeet=(-9.9002, -0.3220267, -3.5498998) lift=0.035; normal=(0.01976391, 0.9977774, -0.06363731) depth=0.0013686622 owner=landing: /root/Act1FirstPersonWalkthroughSmokeTest/Act1Demo/Main/ZoneHost/Act1ConnectedWorld/Act1CoreWorldGreybox/AgentBExteriorWorld/AgentB_TerrainCollision shape 0 playerCanStandAtLanded=True; 
address-audit-lifecycle: epoch=14 presentation=14 stage=path-committed access=ACC-ADR-H016 zone=village_day exterior=True ready=True frame=9202 testedAccess=ACC-ADR-H016 supplied=(-8.354, -0.13137132, -0.4574998) reason=
address-audit-lifecycle: epoch=14 presentation=14 stage=search-start access=ACC-ADR-H017 zone=village_day exterior=True ready=True frame=9202 
address-support-probe: ACC-ADR-H017 approach start result=accepted supplied=(11.334344, -0.37952372, -4.9723997) floor=(11.334344, -0.41453108, -4.9723997) acceptedFeet=(11.334344, -0.4141209, -4.9723997) lift=0.035; normal=(-0.011775507, 0.99989074, 0.008942223) depth=0.0010772886 owner=landing: /root/Act1FirstPersonWalkthroughSmokeTest/Act1Demo/Main/ZoneHost/Act1ConnectedWorld/Act1CoreWorldGreybox/AgentBExteriorWorld/AgentB_TerrainCollision shape 0 playerCanStandAtLanded=True; 
address-support-probe: ACC-ADR-H017 road anchor result=accepted supplied=(6.3124557, -0.2787455, -13.652206) floor=(6.3124557, -0.2695777, -13.652206) acceptedFeet=(6.3124557, -0.26826912, -13.652206) lift=0.035; normal=(-0.070267126, 0.99661344, -0.042710528) depth=0.001328852 owner=landing: /root/Act1FirstPersonWalkthroughSmokeTest/Act1Demo/Main/ZoneHost/Act1ConnectedWorld/Act1CoreWorldGreybox/AgentBExteriorWorld/AgentB_TerrainCollision shape 0 playerCanStandAtLanded=True; 
walk-frame: alsu-message-outward--12--2.5 actual-player-position=(-12.265667, -0.2908251, -2.4058983)
walk-frame: alsu-message-outward--6--5.5 actual-player-position=(-6.221067, -0.30416912, -5.3909183)
walk-frame: alsu-message-outward--1.2--8 actual-player-position=(-1.4453424, -0.24308357, -7.8724904)
walk-frame: approach-urman.chapter1:interaction/talk-alsu actual-player-position=(-1.4488487, -0.22896169, -8.551991)
walk-frame: alsu-message-return--1.2--8 actual-player-position=(-1.3091593, -0.22971879, -8.242057)
address-audit-lifecycle: epoch=14 presentation=14 stage=path-committed access=ACC-ADR-H017 zone=village_day exterior=True ready=True frame=9656 testedAccess=ACC-ADR-H017 supplied=(11.334344, -0.37952372, -4.9723997) reason=
address-audit-lifecycle: epoch=14 presentation=14 stage=search-start access=ACC-ADR-H018 zone=village_day exterior=True ready=True frame=9656 
address-support-probe: ACC-ADR-H018 approach start result=accepted supplied=(-6.6334915, -0.17598534, -11.374521) floor=(-6.6334915, -0.21095139, -11.374521) acceptedFeet=(-6.6334915, -0.21054123, -11.374521) lift=0.035; normal=(0.031110024, 0.9995147, 0.0015921642) depth=0.0012089089 owner=landing: /root/Act1FirstPersonWalkthroughSmokeTest/Act1Demo/Main/ZoneHost/Act1ConnectedWorld/Act1CoreWorldGreybox/AgentBExteriorWorld/AgentB_TerrainCollision shape 0 playerCanStandAtLanded=True; 
address-support-probe: ACC-ADR-H018 road anchor result=accepted supplied=(-4.091546, -0.2401435, -6.493986) floor=(-4.091546, -0.27485758, -6.493986) acceptedFeet=(-4.091546, -0.27444744, -6.493986) lift=0.035; normal=(-0.008177371, 0.99994856, -0.005993744) depth=0.001057201 owner=landing: /root/Act1FirstPersonWalkthroughSmokeTest/Act1Demo/Main/ZoneHost/Act1ConnectedWorld/Act1CoreWorldGreybox/AgentBExteriorWorld/AgentB_TerrainCollision shape 0 playerCanStandAtLanded=True; 
address-audit-lifecycle: epoch=14 presentation=14 stage=path-committed access=ACC-ADR-H018 zone=village_day exterior=True ready=True frame=9660 testedAccess=ACC-ADR-H018 supplied=(-6.6334915, -0.17598534, -11.374521) reason=
address-audit-lifecycle: epoch=14 presentation=14 stage=search-start access=ACC-ADR-H019 zone=village_day exterior=True ready=True frame=9660 
address-support-probe: ACC-ADR-H019 approach start result=accepted supplied=(7.784712, -0.13397136, -11.254018) floor=(7.784712, -0.16894767, -11.254018) acceptedFeet=(7.784712, -0.16674064, -11.254018) lift=0.035; normal=(-0.06324512, 0.9947381, 0.080599904) depth=0.0010931201 owner=landing: /root/Act1FirstPersonWalkthroughSmokeTest/Act1Demo/Main/ZoneHost/Act1ConnectedWorld/Act1CoreWorldGreybox/AgentBExteriorWorld/AgentB_TerrainCollision shape 0 playerCanStandAtLanded=True; 
address-support-probe: ACC-ADR-H019 road anchor result=accepted supplied=(6.375938, -0.27843198, -13.688935) floor=(6.375938, -0.26667592, -13.688935) acceptedFeet=(6.375938, -0.26536733, -13.688935) lift=0.035; normal=(-0.070267126, 0.99661344, -0.042710528) depth=0.0013289114 owner=landing: /root/Act1FirstPersonWalkthroughSmokeTest/Act1Demo/Main/ZoneHost/Act1ConnectedWorld/Act1CoreWorldGreybox/AgentBExteriorWorld/AgentB_TerrainCollision shape 0 playerCanStandAtLanded=True; 
address-audit-lifecycle: epoch=14 presentation=14 stage=path-committed access=ACC-ADR-H019 zone=village_day exterior=True ready=True frame=9662 testedAccess=ACC-ADR-H019 supplied=(7.784712, -0.13397136, -11.254018) reason=
address-audit-lifecycle: epoch=14 presentation=14 stage=search-start access=ACC-ADR-H021 zone=village_day exterior=True ready=True frame=9662 
address-support-probe: ACC-ADR-H021 approach start result=standing body blocked before landing probe supplied=(-11.110719, -0.2143944, -31.655535) floor=(-11.110719, -0.2494275, -31.655535) bodyCentre=(0, 0.9, 0) radius=0.35 height=1.8 margin=.001; lift=0.035 initial=(-11.110719, -0.2144275, -31.655535) contacts=[/root/Act1FirstPersonWalkthroughSmokeTest/Act1Demo/Main/ZoneHost/Act1ConnectedWorld/village-main-road/Act1BypassCollision shape 4] playerCanStandAtInitial=False; lift=0.08 initial=(-11.110719, -0.1694275, -31.655535) contacts=[/root/Act1FirstPersonWalkthroughSmokeTest/Act1Demo/Main/ZoneHost/Act1ConnectedWorld/village-main-road/Act1BypassCollision shape 4] playerCanStandAtInitial=False; lift=0.15 initial=(-11.110719, -0.09942749, -31.655535) contacts=[/root/Act1FirstPersonWalkthroughSmokeTest/Act1Demo/Main/ZoneHost/Act1ConnectedWorld/village-main-road/Act1BypassCollision shape 4] playerCanStandAtInitial=False; lift=0.228 initial=(-11.110719, -0.021427497, -31.655535) contacts=[/root/Act1FirstPersonWalkthroughSmokeTest/Act1Demo/Main/ZoneHost/Act1ConnectedWorld/village-main-road/Act1BypassCollision shape 4] playerCanStandAtInitial=False
address-audit-lifecycle: epoch=14 presentation=14 stage=blocked access=ACC-ADR-H021 zone=village_day exterior=True ready=True frame=9662 testedAccess=ACC-ADR-H021 supplied=(-11.110719, -0.2143944, -31.655535) reason=approach start: standing body blocked before landing probe
address-audit-lifecycle: epoch=14 presentation=14 stage=search-start access=ACC-ADR-H022 zone=village_day exterior=True ready=True frame=9662 
address-support-probe: ACC-ADR-H022 approach start result=accepted supplied=(9.898, -0.24994725, -28.85) floor=(9.898, -0.28494078, -28.85) acceptedFeet=(9.898, -0.28273374, -28.85) lift=0.035; normal=(0.094199345, 0.9949609, 0.03434186) depth=0.0010146588 owner=landing: /root/Act1FirstPersonWalkthroughSmokeTest/Act1Demo/Main/ZoneHost/Act1ConnectedWorld/Act1CoreWorldGreybox/AgentBExteriorWorld/AgentB_TerrainCollision shape 0 playerCanStandAtLanded=True; 
address-support-probe: ACC-ADR-H022 road anchor result=accepted supplied=(-0.11285719, -0.25452968, -28.733932) floor=(-0.11285719, -0.35303637, -28.733932) acceptedFeet=(-0.11285719, -0.3526262, -28.733932) lift=0.035; normal=(-0.005038848, 0.9994569, 0.032565914) depth=0.0012290606 owner=landing: /root/Act1FirstPersonWalkthroughSmokeTest/Act1Demo/Main/ZoneHost/Act1ConnectedWorld/Act1CoreWorldGreybox/AgentBExteriorWorld/AgentB_TerrainCollision shape 0 playerCanStandAtLanded=True; 
address-audit-lifecycle: epoch=14 presentation=14 stage=path-committed access=ACC-ADR-H022 zone=village_day exterior=True ready=True frame=9667 testedAccess=ACC-ADR-H022 supplied=(9.898, -0.24994725, -28.85) reason=
address-audit-lifecycle: epoch=14 presentation=14 stage=search-start access=ACC-ADR-H023 zone=village_day exterior=True ready=True frame=9667 
address-support-probe: ACC-ADR-H023 approach start result=accepted supplied=(9.898, -0.14386627, -39.35) floor=(9.898, -0.17884108, -39.35) acceptedFeet=(9.898, -0.17708327, -39.35) lift=0.035; normal=(0.054947414, 0.99635565, 0.065239556) depth=0.00097212294 owner=landing: /root/Act1FirstPersonWalkthroughSmokeTest/Act1Demo/Main/ZoneHost/Act1ConnectedWorld/Act1CoreWorldGreybox/AgentBExteriorWorld/AgentB_TerrainCollision shape 0 playerCanStandAtLanded=True; 
address-support-probe: ACC-ADR-H023 road anchor result=accepted supplied=(-0.11127218, -0.3112936, -40.22037) floor=(-0.11127218, -0.36071485, -40.22037) acceptedFeet=(-0.11127218, -0.3603047, -40.22037) lift=0.035; normal=(-0.009385847, 0.99983513, -0.015544631) depth=0.0010967011 owner=landing: /root/Act1FirstPersonWalkthroughSmokeTest/Act1Demo/Main/ZoneHost/Act1ConnectedWorld/Act1CoreWorldGreybox/AgentBExteriorWorld/AgentB_TerrainCollision shape 0 playerCanStandAtLanded=True; 
walk-frame: alsu-message-return--6--5.5 actual-player-position=(-5.7613263, -0.29594308, -5.6395187)
address-audit-lifecycle: epoch=14 presentation=14 stage=path-committed access=ACC-ADR-H023 zone=village_day exterior=True ready=True frame=9720 testedAccess=ACC-ADR-H023 supplied=(9.898, -0.14386627, -39.35) reason=
address-audit-lifecycle: epoch=14 presentation=14 stage=search-start access=ACC-ADR-H024 zone=village_day exterior=True ready=True frame=9720 
address-support-probe: ACC-ADR-H024 approach start result=standing body blocked before landing probe supplied=(-9.162295, -0.3311948, -48.37257) floor=(-9.162295, -0.36616436, -48.37257) bodyCentre=(0, 0.9, 0) radius=0.35 height=1.8 margin=.001; lift=0.035 initial=(-9.162295, -0.33116436, -48.37257) contacts=[/root/Act1FirstPersonWalkthroughSmokeTest/Act1Demo/Main/ZoneHost/Act1ConnectedWorld/Act1CoreWorldGreybox/Act1AuthoredExteriorKitPresentation/NeighborParcels/ReturnStreet/ReturnWestBanyaSilhouette/AuthoredKitCollisionProxy shape 14 | /root/Act1FirstPersonWalkthroughSmokeTest/Act1Demo/Main/ZoneHost/Act1ConnectedWorld/Act1CoreWorldGreybox/Act1AuthoredExteriorKitPresentation/NeighborParcels/ReturnStreet/ReturnWestBanyaSilhouette/AuthoredKitCollisionProxy shape 24 | /root/Act1FirstPersonWalkthroughSmokeTest/Act1Demo/Main/ZoneHost/Act1ConnectedWorld/Act1CoreWorldGreybox/Act1AuthoredExteriorKitPresentation/NeighborParcels/ReturnStreet/ReturnWestBanyaSilhouette/AuthoredKitCollisionProxy shape 13] playerCanStandAtInitial=False; lift=0.08 initial=(-9.162295, -0.28616434, -48.37257) contacts=[/root/Act1FirstPersonWalkthroughSmokeTest/Act1Demo/Main/ZoneHost/Act1ConnectedWorld/Act1CoreWorldGreybox/Act1AuthoredExteriorKitPresentation/NeighborParcels/ReturnStreet/ReturnWestBanyaSilhouette/AuthoredKitCollisionProxy shape 14 | /root/Act1FirstPersonWalkthroughSmokeTest/Act1Demo/Main/ZoneHost/Act1ConnectedWorld/Act1CoreWorldGreybox/Act1AuthoredExteriorKitPresentation/NeighborParcels/ReturnStreet/ReturnWestBanyaSilhouette/AuthoredKitCollisionProxy shape 24 | /root/Act1FirstPersonWalkthroughSmokeTest/Act1Demo/Main/ZoneHost/Act1ConnectedWorld/Act1CoreWorldGreybox/Act1AuthoredExteriorKitPresentation/NeighborParcels/ReturnStreet/ReturnWestBanyaSilhouette/AuthoredKitCollisionProxy shape 13] playerCanStandAtInitial=False; lift=0.15 initial=(-9.162295, -0.21616435, -48.37257) contacts=[/root/Act1FirstPersonWalkthroughSmokeTest/Act1Demo/Main/ZoneHost/Act1ConnectedWorld/Act1CoreWorldGreybox/Act1AuthoredExteriorKitPresentation/NeighborParcels/ReturnStreet/ReturnWestBanyaSilhouette/AuthoredKitCollisionProxy shape 14 | /root/Act1FirstPersonWalkthroughSmokeTest/Act1Demo/Main/ZoneHost/Act1ConnectedWorld/Act1CoreWorldGreybox/Act1AuthoredExteriorKitPresentation/NeighborParcels/ReturnStreet/ReturnWestBanyaSilhouette/AuthoredKitCollisionProxy shape 13] playerCanStandAtInitial=False; lift=0.228 initial=(-9.162295, -0.13816436, -48.37257) contacts=[/root/Act1FirstPersonWalkthroughSmokeTest/Act1Demo/Main/ZoneHost/Act1ConnectedWorld/Act1CoreWorldGreybox/Act1AuthoredExteriorKitPresentation/NeighborParcels/ReturnStreet/ReturnWestBanyaSilhouette/AuthoredKitCollisionProxy shape 14 | /root/Act1FirstPersonWalkthroughSmokeTest/Act1Demo/Main/ZoneHost/Act1ConnectedWorld/Act1CoreWorldGreybox/Act1AuthoredExteriorKitPresentation/NeighborParcels/ReturnStreet/ReturnWestBanyaSilhouette/AuthoredKitCollisionProxy shape 13] playerCanStandAtInitial=False
address-audit-lifecycle: epoch=14 presentation=14 stage=blocked access=ACC-ADR-H024 zone=village_day exterior=True ready=True frame=9720 testedAccess=ACC-ADR-H024 supplied=(-9.162295, -0.3311948, -48.37257) reason=approach start: standing body blocked before landing probe
address-audit-lifecycle: epoch=14 presentation=14 stage=search-start access=ACC-ADR-H025 zone=village_day exterior=True ready=True frame=9721 
address-support-probe: ACC-ADR-H025 approach start result=accepted supplied=(-12.858, -0.27889192, -56.075) floor=(-12.858, -0.3139164, -56.075) acceptedFeet=(-12.858, -0.31350625, -56.075) lift=0.035; normal=(0.037184145, 0.9990945, -0.02067758) depth=0.0013557511 owner=landing: /root/Act1FirstPersonWalkthroughSmokeTest/Act1Demo/Main/ZoneHost/Act1ConnectedWorld/Act1CoreWorldGreybox/AgentBExteriorWorld/AgentB_TerrainCollision shape 0 playerCanStandAtLanded=True; 
address-support-probe: ACC-ADR-H025 road anchor result=accepted supplied=(-11.739657, -0.41194034, -59.5) floor=(-11.739657, -0.4469242, -59.5) acceptedFeet=(-11.739657, -0.44651407, -59.5) lift=0.035; normal=(-0.005803656, 0.9991143, -0.041676573) depth=0.0013490159 owner=landing: /root/Act1FirstPersonWalkthroughSmokeTest/Act1Demo/Main/ZoneHost/Act1ConnectedWorld/Act1CoreWorldGreybox/AgentBExteriorWorld/AgentB_TerrainCollision shape 0 playerCanStandAtLanded=True; 
address-audit-lifecycle: epoch=14 presentation=14 stage=path-committed access=ACC-ADR-H025 zone=village_day exterior=True ready=True frame=9723 testedAccess=ACC-ADR-H025 supplied=(-12.858, -0.27889192, -56.075) reason=
address-audit-lifecycle: epoch=14 presentation=14 stage=search-start access=ACC-ADR-H026 zone=village_day exterior=True ready=True frame=9723 
address-support-probe: ACC-ADR-H026 approach start result=standing body blocked before landing probe supplied=(12.898, -0.38155353, -49.85) floor=(12.898, -0.41657168, -49.85) bodyCentre=(0, 0.9, 0) radius=0.35 height=1.8 margin=.001; lift=0.035 initial=(12.898, -0.38157168, -49.85) contacts=[/root/Act1FirstPersonWalkthroughSmokeTest/Act1Demo/Main/ZoneHost/Act1ConnectedWorld/Act1CoreWorldGreybox/Act1AuthoredExteriorKitPresentation/ZiratVillageEdgeAuthoredParcels/ZiratVillageEdgeEastShed/AuthoredKitCollisionProxy shape 0] playerCanStandAtInitial=False; lift=0.08 initial=(12.898, -0.3365717, -49.85) contacts=[/root/Act1FirstPersonWalkthroughSmokeTest/Act1Demo/Main/ZoneHost/Act1ConnectedWorld/Act1CoreWorldGreybox/Act1AuthoredExteriorKitPresentation/ZiratVillageEdgeAuthoredParcels/ZiratVillageEdgeEastShed/AuthoredKitCollisionProxy shape 0] playerCanStandAtInitial=False; lift=0.15 initial=(12.898, -0.26657167, -49.85) contacts=[/root/Act1FirstPersonWalkthroughSmokeTest/Act1Demo/Main/ZoneHost/Act1ConnectedWorld/Act1CoreWorldGreybox/Act1AuthoredExteriorKitPresentation/ZiratVillageEdgeAuthoredParcels/ZiratVillageEdgeEastShed/AuthoredKitCollisionProxy shape 0] playerCanStandAtInitial=False; lift=0.228 initial=(12.898, -0.18857168, -49.85) contacts=[/root/Act1FirstPersonWalkthroughSmokeTest/Act1Demo/Main/ZoneHost/Act1ConnectedWorld/Act1CoreWorldGreybox/Act1AuthoredExteriorKitPresentation/ZiratVillageEdgeAuthoredParcels/ZiratVillageEdgeEastShed/AuthoredKitCollisionProxy shape 0] playerCanStandAtInitial=False
address-audit-lifecycle: epoch=14 presentation=14 stage=blocked access=ACC-ADR-H026 zone=village_day exterior=True ready=True frame=9723 testedAccess=ACC-ADR-H026 supplied=(12.898, -0.38155353, -49.85) reason=approach start: standing body blocked before landing probe
address-audit-lifecycle: epoch=14 presentation=14 stage=search-start access=ACC-ADR-H027 zone=village_day exterior=True ready=True frame=9723 
address-support-probe: ACC-ADR-H027 approach start result=accepted supplied=(-28.858002, 0.38782147, -67.375) floor=(-28.858002, 0.3528393, -67.375) acceptedFeet=(-28.858002, 0.3545971, -67.375) lift=0.035; normal=(0.095275395, 0.9953115, -0.016663192) depth=0.0013385046 owner=landing: /root/Act1FirstPersonWalkthroughSmokeTest/Act1Demo/Main/ZoneHost/Act1ConnectedWorld/Act1CoreWorldGreybox/AgentBExteriorWorld/AgentB_TerrainCollision shape 0 playerCanStandAtLanded=True; 
address-support-probe: ACC-ADR-H027 road anchor result=accepted supplied=(-28.860107, 0.38726354, -67.42041) floor=(-28.860107, 0.35228068, -67.42041) acceptedFeet=(-28.860107, 0.35403848, -67.42041) lift=0.035; normal=(0.095275395, 0.9953115, -0.016663192) depth=0.0013386232 owner=landing: /root/Act1FirstPersonWalkthroughSmokeTest/Act1Demo/Main/ZoneHost/Act1ConnectedWorld/Act1CoreWorldGreybox/AgentBExteriorWorld/AgentB_TerrainCollision shape 0 playerCanStandAtLanded=True; 
address-audit-lifecycle: epoch=14 presentation=14 stage=path-committed access=ACC-ADR-H027 zone=village_day exterior=True ready=True frame=9723 testedAccess=ACC-ADR-H027 supplied=(-28.858002, 0.38782147, -67.375) reason=
address-audit-lifecycle: epoch=14 presentation=14 stage=search-start access=ACC-ADR-H028 zone=village_day exterior=True ready=True frame=9723 
address-support-probe: ACC-ADR-H028 approach start result=accepted supplied=(29.398, -0.18311284, -64.85) floor=(29.398, -0.21812302, -64.85) acceptedFeet=(29.398, -0.21771286, -64.85) lift=0.035; normal=(-0.011782275, 0.9999154, 0.005500833) depth=0.001068673 owner=landing: /root/Act1FirstPersonWalkthroughSmokeTest/Act1Demo/Main/ZoneHost/Act1ConnectedWorld/Act1CoreWorldGreybox/AgentBExteriorWorld/AgentB_TerrainCollision shape 0 playerCanStandAtLanded=True; 
address-support-probe: ACC-ADR-H028 road anchor result=accepted supplied=(0.2969382, -0.28901574, -64.122475) floor=(0.2969382, -0.31851426, -64.122475) acceptedFeet=(0.2969382, -0.3181041, -64.122475) lift=0.035; normal=(-0.021609707, 0.9991218, 0.035897423) depth=0.0013464887 owner=landing: /root/Act1FirstPersonWalkthroughSmokeTest/Act1Demo/Main/ZoneHost/Act1ConnectedWorld/Act1CoreWorldGreybox/AgentBExteriorWorld/AgentB_TerrainCollision shape 0 playerCanStandAtLanded=True; 
address-audit-lifecycle: epoch=14 presentation=14 stage=path-committed access=ACC-ADR-H028 zone=village_day exterior=True ready=True frame=9737 testedAccess=ACC-ADR-H028 supplied=(29.398, -0.18311284, -64.85) reason=
address-audit-lifecycle: epoch=14 presentation=14 stage=search-start access=ACC-ADR-H029 zone=village_day exterior=True ready=True frame=9737 
address-support-probe: ACC-ADR-H029 approach start result=accepted supplied=(24.398, -0.38736677, -55.85) floor=(24.398, -0.42233235, -55.85) acceptedFeet=(24.398, -0.42147297, -55.85) lift=0.035; normal=(-0.029688222, 0.9987641, 0.039858535) depth=0.0010228808 owner=landing: /root/Act1FirstPersonWalkthroughSmokeTest/Act1Demo/Main/ZoneHost/Act1ConnectedWorld/Act1CoreWorldGreybox/AgentBExteriorWorld/AgentB_TerrainCollision shape 0 playerCanStandAtLanded=True; 
address-support-probe: ACC-ADR-H029 road anchor result=accepted supplied=(-0.13430098, -0.27186513, -57.485485) floor=(-0.13430098, -0.329888, -57.485485) acceptedFeet=(-0.13430098, -0.32947785, -57.485485) lift=0.035; normal=(-0.01923385, 0.9997947, -0.006371394) depth=0.0011109344 owner=landing: /root/Act1FirstPersonWalkthroughSmokeTest/Act1Demo/Main/ZoneHost/Act1ConnectedWorld/Act1CoreWorldGreybox/AgentBExteriorWorld/AgentB_TerrainCollision shape 0 playerCanStandAtLanded=True; 
address-audit-lifecycle: epoch=14 presentation=14 stage=path-committed access=ACC-ADR-H029 zone=village_day exterior=True ready=True frame=9748 testedAccess=ACC-ADR-H029 supplied=(24.398, -0.38736677, -55.85) reason=
address-audit-lifecycle: epoch=14 presentation=14 stage=search-start access=ACC-ADR-H030 zone=village_day exterior=True ready=True frame=9749 
address-support-probe: ACC-ADR-H030 approach start result=accepted supplied=(23.398, -0.2760435, -69.85) floor=(23.398, -0.3110114, -69.85) acceptedFeet=(23.398, -0.31060123, -69.85) lift=0.035; normal=(-0.020301418, 0.99977916, 0.005441482) depth=0.0011164173 owner=landing: /root/Act1FirstPersonWalkthroughSmokeTest/Act1Demo/Main/ZoneHost/Act1ConnectedWorld/Act1CoreWorldGreybox/AgentBExteriorWorld/AgentB_TerrainCollision shape 0 playerCanStandAtLanded=True; 
address-support-probe: ACC-ADR-H030 road anchor result=accepted supplied=(0.16826862, -0.33877143, -69.26926) floor=(0.16826862, -0.2234962, -69.26926) acceptedFeet=(0.16826862, -0.22263682, -69.26926) lift=0.035; normal=(-0.06346097, 0.99798423, -0.0003488993) depth=0.0012962567 owner=landing: /root/Act1FirstPersonWalkthroughSmokeTest/Act1Demo/Main/ZoneHost/Act1ConnectedWorld/Act1CoreWorldGreybox/AgentBExteriorWorld/AgentB_TerrainCollision shape 0 playerCanStandAtLanded=True; 
address-audit-lifecycle: epoch=14 presentation=14 stage=path-committed access=ACC-ADR-H030 zone=village_day exterior=True ready=True frame=9759 testedAccess=ACC-ADR-H030 supplied=(23.398, -0.2760435, -69.85) reason=
address-audit-lifecycle: epoch=14 presentation=14 stage=search-start access=ACC-ADR-H032 zone=village_day exterior=True ready=True frame=9760 
address-support-probe: ACC-ADR-H032 approach start result=accepted supplied=(18.434977, -0.38372836, -43.5964) floor=(18.434977, -0.4187505, -43.5964) acceptedFeet=(18.434977, -0.41834033, -43.5964) lift=0.035; normal=(0.001287256, 0.999749, -0.02236697) depth=0.0011269352 owner=landing: /root/Act1FirstPersonWalkthroughSmokeTest/Act1Demo/Main/ZoneHost/Act1ConnectedWorld/Act1CoreWorldGreybox/AgentBExteriorWorld/AgentB_TerrainCollision shape 0 playerCanStandAtLanded=True; 
address-support-probe: ACC-ADR-H032 road anchor result=accepted supplied=(-0.04934191, -0.30852237, -42.98026) floor=(-0.04934191, -0.34222218, -42.98026) acceptedFeet=(-0.04934191, -0.34226125, -42.98026) lift=0.035; normal=(0.0049052117, 0.99996626, 0.0065909685) depth=0.0015001914 owner=landing: /root/Act1FirstPersonWalkthroughSmokeTest/Act1Demo/Main/ZoneHost/Act1ConnectedWorld/Act1CoreWorldGreybox/AgentBExteriorWorld/AgentB_TerrainCollision shape 0 playerCanStandAtLanded=True; 
walk-frame: alsu-message-return--12--2.5 actual-player-position=(-11.732305, -0.28113586, -2.6354008)
walk-frame: alsu-message-return--19-0 actual-player-position=(-18.737932, 0.12640375, -0.0945203)
address-audit-lifecycle: epoch=14 presentation=14 stage=path-committed access=ACC-ADR-H032 zone=village_day exterior=True ready=True frame=9933 testedAccess=ACC-ADR-H032 supplied=(18.434977, -0.38372836, -43.5964) reason=
address-audit-lifecycle: epoch=14 presentation=14 stage=search-start access=ACC-ADR-H033 zone=village_day exterior=True ready=True frame=9933 
address-support-probe: ACC-ADR-H033 approach start result=accepted supplied=(47.760155, -0.028618533, -28.825138) floor=(47.760155, -0.0635888, -28.825138) acceptedFeet=(47.760155, -0.057788014, -28.825138) lift=0.035; normal=(-0.17445205, 0.9837037, -0.043513466) depth=0.0014392349 owner=landing: /root/Act1FirstPersonWalkthroughSmokeTest/Act1Demo/Main/ZoneHost/Act1ConnectedWorld/Act1CoreWorldGreybox/AgentBExteriorWorld/AgentB_TerrainCollision shape 0 playerCanStandAtLanded=True; 
address-support-probe: ACC-ADR-H033 road anchor result=accepted supplied=(28, -0.21571329, -26.2) floor=(28, -0.25069574, -26.2) acceptedFeet=(28, -0.22355707, -26.2) lift=0.035; normal=(-0.08865093, 0.99561924, 0.029719695) depth=0.0010795452 owner=landing: /root/Act1FirstPersonWalkthroughSmokeTest/Act1Demo/Main/ZoneHost/Act1ConnectedWorld/Act1CoreWorldGreybox/FapExterior/FapServiceExplorationPresentation/FapServicePathCollision shape 0 playerCanStandAtLanded=True; 
walk-frame: alsu-message-return--24-1.2 actual-player-position=(-23.728436, 0.3672005, 1.1332643)
walk-frame: alsu-message-return--24.42-2.4 actual-player-position=(-24.298658, 0.38599563, 2.1768646)
walk-frame: alsu-message-return--25.2-2.6 actual-player-position=(-24.965483, 0.38094682, 2.489906)
walk-frame: alsu-message-return--26.05-2.2 actual-player-position=(-25.786968, 0.34614217, 2.2703116)
walk-frame: alsu-message-return--26.05-0.2 actual-player-position=(-26.015589, 0.28899372, 0.47085238)
walk-frame: alsu-message-return--26.158367--1.2426405 actual-player-position=(-26.13816, 0.30560657, -0.99700844)
walk-frame: approach-urman.chapter1:interaction/official-to-internal-register actual-player-position=(-26.05259, 0.32019734, -1.6140858)
zone-loaded: house_old_pc@entry connected-world=109404229706
address-audit-lifecycle: epoch=15 presentation=15 stage=waiting-for-exterior access=ACC-ADR-H033 zone=house_old_pc exterior=False ready=False frame=10180 
walk-frame: computer-aisle--0.15-1.10 actual-player-position=(-28.748287, 0.5943085, -5.152427)
walk-frame: computer-aisle-0.00--1.15 actual-player-position=(-30.471277, 0.5943085, -6.3469625)
[314] scene.entered: urman.chapter1:interaction/saved-message-to-boundary-source
SaveGameV3 written to /Users/unterlantas/Library/Application Support/Godot/app_userdata/URMAN/savegames/checkpoint.savegame-v3.json
checkpoint: auto-saved at urman.chapter1:scene/evidence-tatarwiki-boundary
walk-frame: computer-aisle--0.15-1.10 actual-player-position=(-28.97376, 0.5943085, -5.542496)
walk-frame: computer-aisle-0.00--1.15 actual-player-position=(-30.457602, 0.5943085, -6.371891)
[326] scene.entered: urman.chapter1:interaction/boundary-source-to-reread
SaveGameV3 written to /Users/unterlantas/Library/Application Support/Godot/app_userdata/URMAN/savegames/checkpoint.savegame-v3.json
checkpoint: auto-saved at urman.chapter1:scene/evidence-tatarwiki-reread
SaveGameV3 written to /Users/unterlantas/Library/Application Support/Godot/app_userdata/URMAN/savegames/checkpoint.savegame-v3.json
checkpoint: auto-saved at urman.chapter1:scene/evidence-tatarwiki-reread
WARNING: Interaction urman.chapter1:interaction/reread-to-edge-sketch rejected: ContentConditionRejected Content conditions rejected this action.
     at: void Urman.Godot.RuntimeBridge+<DispatchCompiledInteractionAsync>d__129.MoveNext() (res://scripts/RuntimeBridge.cs:1139)
     C# backtrace (most recent call first):
         [0] void Godot.GD.PushWarning(string) (/root/godot/modules/mono/glue/GodotSharp/GodotSharp/Core/GD.cs:396)
         [1] void Urman.Godot.RuntimeBridge+<DispatchCompiledInteractionAsync>d__129.MoveNext() (/Users/unterlantas/Documents/GitHub/URMAN/game/scripts/RuntimeBridge.cs:1139)
         [2] void System.Runtime.CompilerServices.AsyncTaskMethodBuilder`1.Start<TStateMachine>(TStateMachine&)
         [3] System.Threading.Tasks.Task`1[System.Boolean] Urman.Godot.RuntimeBridge.DispatchCompiledInteractionAsync(Urman.Godot.CompiledInteractionContent)
         [4] void Urman.Godot.RuntimeBridge+<DispatchInteractionAsync>d__91.MoveNext() (/Users/unterlantas/Documents/GitHub/URMAN/game/scripts/RuntimeBridge.cs:534)
         [5] void System.Runtime.CompilerServices.AsyncTaskMethodBuilder`1.Start<TStateMachine>(TStateMachine&)
         [6] System.Threading.Tasks.Task`1[System.Boolean] Urman.Godot.RuntimeBridge.DispatchInteractionAsync(string)
         [7] void Urman.Godot.Tests.Act1SourceReturnsProof+<CompleteAsync>d__8.MoveNext() (/Users/unterlantas/Documents/GitHub/URMAN/game/tests/Act1Len01FamilyFlowSmokeTest.cs:1713)
         [8] void System.Runtime.CompilerServices.AsyncTaskMethodBuilder`1.Start<TStateMachine>(TStateMachine&)
         [9] System.Threading.Tasks.Task`1[System.Boolean] Urman.Godot.Tests.Act1SourceReturnsProof.CompleteAsync(Godot.Node, Urman.Godot.RuntimeBridge, bool, bool, bool, System.Func`2[System.String,System.Threading.Tasks.Task`1[System.Boolean]])
         [10] void Urman.Godot.Tests.Act1FirstPersonWalkthroughSmokeTest+<RunAsync>d__22.MoveNext() (/Users/unterlantas/Documents/GitHub/URMAN/game/tests/Act1FirstPersonWalkthroughSmokeTest.cs:911)
         [11] void System.Threading.ExecutionContext.RunInternal(System.Threading.ExecutionContext, System.Threading.ContextCallback, object)
         [12] void System.Runtime.CompilerServices.AsyncTaskMethodBuilder`1+AsyncStateMachineBox`1.MoveNext()
         [13] void System.Threading.Tasks.AwaitTaskContinuation.RunCallback(System.Threading.ContextCallback, object, System.Threading.Tasks.Task&)
         [14] void System.Threading.Tasks.Task.RunContinuations(object)
         [15] void System.Runtime.CompilerServices.AsyncTaskMethodBuilder`1.SetResult(TResult)
         [16] void Urman.Godot.Tests.Act1FirstPersonWalkthroughSmokeTest+<CompareVisibleSources>d__36.MoveNext() (/Users/unterlantas/Documents/GitHub/URMAN/game/tests/Act1FirstPersonWalkthroughSmokeTest.cs:1641)
         [17] void System.Threading.ExecutionContext.RunInternal(System.Threading.ExecutionContext, System.Threading.ContextCallback, object)
         [18] void System.Threading.Tasks.AwaitTaskContinuation.RunCallback(System.Threading.ContextCallback, object, System.Threading.Tasks.Task&)
         [19] void System.Threading.Tasks.Task.RunContinuations(object)
         [20] void System.Runtime.CompilerServices.AsyncTaskMethodBuilder.SetResult()
         [21] void Urman.Godot.Tests.Act1FirstPersonWalkthroughSmokeTest+<Frames>d__42.MoveNext() (/Users/unterlantas/Documents/GitHub/URMAN/game/tests/Act1FirstPersonWalkthroughSmokeTest.cs:1709)
         [22] void System.Threading.ExecutionContext.RunInternal(System.Threading.ExecutionContext, System.Threading.ContextCallback, object)
         [23] void System.Runtime.CompilerServices.AsyncTaskMethodBuilder`1+AsyncStateMachineBox`1.MoveNext()
         [24] void Godot.SignalAwaiter.SignalCallback(nint, Godot.NativeInterop.godot_variant**, int, Godot.NativeInterop.godot_bool*) (/root/godot/modules/mono/glue/GodotSharp/GodotSharp/Core/SignalAwaiter.cs:65)
walk-frame: computer-aisle--0.15-1.10 actual-player-position=(-28.97192, 0.5943085, -5.545811)
walk-frame: computer-aisle-0.00--1.15 actual-player-position=(-30.457363, 0.5943085, -6.372391)
walk-frame: approach-urman.chapter1:interaction/talk-mansur actual-player-position=(-30.126621, 0.5943085, -6.591335)
walk-frame: computer-aisle--0.15-1.10 actual-player-position=(-28.959564, 0.5943085, -5.6020517)
walk-frame: computer-aisle-0.00--1.15 actual-player-position=(-30.467459, 0.5943085, -6.3868732)
SaveGameV3 written to /Users/unterlantas/Library/Application Support/Godot/app_userdata/URMAN/savegames/checkpoint.savegame-v3.json
checkpoint: auto-saved at urman.chapter1:scene/evidence-tatarwiki-reread
walk-frame: approach-urman.chapter1:interaction/internal-register-to-rinat actual-player-position=(-30.210644, 0.5943085, -7.3739605)
source-returns-proof: two actual archive sources, explicit Mansur reply, bounded accounting comparison, actual Rinat question, hypothesis labels; order=note-first; no repeated pressure or early rule; traversal, interest and duration remain separate
walk-frame: computer-aisle--0.15-1.10 actual-player-position=(-28.918179, 0.5943085, -5.651794)
walk-frame: computer-aisle-0.00--1.15 actual-player-position=(-30.450226, 0.5943085, -6.3883643)
[401] scene.entered: urman.chapter1:interaction/reread-to-edge-sketch
SaveGameV3 written to /Users/unterlantas/Library/Application Support/Godot/app_userdata/URMAN/savegames/checkpoint.savegame-v3.json
checkpoint: auto-saved at urman.chapter1:scene/evidence-edge-sketch
walk-frame: house-exit-aisle--0.15-1.10 actual-player-position=(-28.972164, 0.5943085, -5.5487084)
walk-frame: house-exit-aisle--2.82-1.10 actual-player-position=(-29.793795, 0.5943085, -3.2548685)
walk-frame: house-exit-aisle--2.82-2.30 actual-player-position=(-29.030317, 0.5943085, -2.6674967)
zone-loaded: village_day@from_house connected-world=109404229706
address-audit-lifecycle: epoch=16 presentation=16 stage=restoring-exterior access=ACC-ADR-H033 zone=village_day exterior=True ready=True frame=10840 
address-audit-lifecycle: epoch=16 presentation=16 stage=search-start access=ACC-ADR-H033 zone=village_day exterior=True ready=True frame=10843 
address-support-probe: ACC-ADR-H033 approach start result=accepted supplied=(47.760155, -0.028618533, -28.825138) floor=(47.760155, -0.0635888, -28.825138) acceptedFeet=(47.760155, -0.057788014, -28.825138) lift=0.035; normal=(-0.17445205, 0.9837037, -0.043513466) depth=0.0014392349 owner=landing: /root/Act1FirstPersonWalkthroughSmokeTest/Act1Demo/Main/ZoneHost/Act1ConnectedWorld/Act1CoreWorldGreybox/AgentBExteriorWorld/AgentB_TerrainCollision shape 0 playerCanStandAtLanded=True; 
address-support-probe: ACC-ADR-H033 road anchor result=accepted supplied=(28, -0.21571329, -26.2) floor=(28, -0.25069574, -26.2) acceptedFeet=(28, -0.22355707, -26.2) lift=0.035; normal=(-0.08865093, 0.99561924, 0.029719695) depth=0.0010795452 owner=landing: /root/Act1FirstPersonWalkthroughSmokeTest/Act1Demo/Main/ZoneHost/Act1ConnectedWorld/Act1CoreWorldGreybox/FapExterior/FapServiceExplorationPresentation/FapServicePathCollision shape 0 playerCanStandAtLanded=True; 
walk-frame: timur-route-outward--26.05-0.2 actual-player-position=(-26.069227, 0.2961589, -0.055958197)
walk-frame: timur-route-outward--26.05-2.2 actual-player-position=(-26.052837, 0.31674847, 1.9266301)
walk-frame: timur-route-outward--25.2-2.6 actual-player-position=(-25.432093, 0.36242062, 2.4163146)
walk-frame: timur-route-outward--24.42-2.4 actual-player-position=(-24.696234, 0.38443008, 2.4038928)
walk-frame: timur-route-outward--24-1.2 actual-player-position=(-24.12875, 0.36176404, 1.4226301)
walk-frame: timur-route-outward--19-0 actual-player-position=(-19.267307, 0.16979969, 0.07413736)
walk-frame: timur-route-outward--12--2.5 actual-player-position=(-12.265678, -0.29082525, -2.4058948)
address-audit-lifecycle: epoch=16 presentation=16 stage=path-committed access=ACC-ADR-H033 zone=village_day exterior=True ready=True frame=11251 testedAccess=ACC-ADR-H033 supplied=(47.760155, -0.028618533, -28.825138) reason=
address-audit-lifecycle: epoch=16 presentation=16 stage=search-start access=ACC-ADR-H034 zone=village_day exterior=True ready=True frame=11251 
address-support-probe: ACC-ADR-H034 approach start result=accepted supplied=(50.494907, 0.95428133, -48.515705) floor=(50.494907, 0.91928935, -48.515705) acceptedFeet=(50.494907, 0.94373274, -48.515705) lift=0.035; normal=(-0.3536855, 0.93509257, -0.022547733) depth=0.0014911839 owner=landing: /root/Act1FirstPersonWalkthroughSmokeTest/Act1Demo/Main/ZoneHost/Act1ConnectedWorld/Act1CoreWorldGreybox/AgentBExteriorWorld/AgentB_TerrainCollision shape 0 playerCanStandAtLanded=True; 
address-support-probe: ACC-ADR-H034 road anchor result=accepted supplied=(28, -0.21571329, -26.2) floor=(28, -0.25069574, -26.2) acceptedFeet=(28, -0.22355707, -26.2) lift=0.035; normal=(-0.08865093, 0.99561924, 0.029719695) depth=0.0010795452 owner=landing: /root/Act1FirstPersonWalkthroughSmokeTest/Act1Demo/Main/ZoneHost/Act1ConnectedWorld/Act1CoreWorldGreybox/FapExterior/FapServiceExplorationPresentation/FapServicePathCollision shape 0 playerCanStandAtLanded=True; 
walk-frame: timur-route-outward--6--5.5 actual-player-position=(-6.2211666, -0.30419198, -5.390872)
walk-frame: timur-route-outward--1.2--8 actual-player-position=(-1.4455022, -0.24308917, -7.872403)
walk-frame: timur-route-outward-0--19 actual-player-position=(-0.03705293, -0.22873777, -18.715525)
walk-mosque-access-observation: phase=before-heard-load zone=village_day exterior=True access=ACC-ADR-MOSQUE cachedState=pending-physics approachStart=(-44.95, 1.6854045, -41.4) targetY=1.6854045 floor=(-44.95, 1.6503983, -41.4) normal=(0.24159737, 0.9703123, -0.011172825) supportOwner=/root/Act1FirstPersonWalkthroughSmokeTest/Act1Demo/Main/ZoneHost/Act1ConnectedWorld/Act1CoreWorldGreybox/AgentBExteriorWorld/AgentB_TerrainCollision playerFeet=(-0.03705293, -0.22873777, -18.715525) grounded=True standingClear=True
SaveGameV3 written to /Users/unterlantas/Library/Application Support/Godot/app_userdata/URMAN/savegames/walk-mosque-heard.savegame-v3.json
address-audit-lifecycle: epoch=17 presentation=16 stage=waiting-for-exterior access=ACC-ADR-H034 zone=village_day exterior=True ready=False frame=11618 
zone-loaded: village_day@from_house connected-world=109404229706
address-audit-lifecycle: epoch=18 presentation=17 stage=waiting-for-exterior access=ACC-ADR-H034 zone=village_day exterior=True ready=False frame=11626 
SaveGameV3 restored.
address-audit-lifecycle: epoch=19 presentation=17 stage=restoring-exterior access=ACC-ADR-H034 zone=village_day exterior=True ready=True frame=11628 
address-audit-lifecycle: epoch=19 presentation=17 stage=search-start access=ACC-ADR-H034 zone=village_day exterior=True ready=True frame=11631 
address-support-probe: ACC-ADR-H034 approach start result=accepted supplied=(50.494907, 0.95428133, -48.515705) floor=(50.494907, 0.91928935, -48.515705) acceptedFeet=(50.494907, 0.94373274, -48.515705) lift=0.035; normal=(-0.3536855, 0.93509257, -0.022547733) depth=0.0014911839 owner=landing: /root/Act1FirstPersonWalkthroughSmokeTest/Act1Demo/Main/ZoneHost/Act1ConnectedWorld/Act1CoreWorldGreybox/AgentBExteriorWorld/AgentB_TerrainCollision shape 0 playerCanStandAtLanded=True; 
address-support-probe: ACC-ADR-H034 road anchor result=accepted supplied=(28, -0.21571329, -26.2) floor=(28, -0.25069574, -26.2) acceptedFeet=(28, -0.22355707, -26.2) lift=0.035; normal=(-0.08865093, 0.99561924, 0.029719695) depth=0.0010795452 owner=landing: /root/Act1FirstPersonWalkthroughSmokeTest/Act1Demo/Main/ZoneHost/Act1ConnectedWorld/Act1CoreWorldGreybox/FapExterior/FapServiceExplorationPresentation/FapServicePathCollision shape 0 playerCanStandAtLanded=True; 
walk-mosque-access-observation: phase=after-heard-load zone=village_day exterior=True access=ACC-ADR-MOSQUE cachedState=pending-physics approachStart=(-44.95, 1.6854045, -41.4) targetY=1.6854045 floor=(-44.95, 1.6503983, -41.4) normal=(0.24159737, 0.9703123, -0.011172825) supportOwner=/root/Act1FirstPersonWalkthroughSmokeTest/Act1Demo/Main/ZoneHost/Act1ConnectedWorld/Act1CoreWorldGreybox/AgentBExteriorWorld/AgentB_TerrainCollision playerFeet=(-0.03705293, -0.22873777, -18.715525) grounded=True standingClear=True
ERROR: The reached street has no verified mosque access: pending-physics
   at: void Urman.Godot.Tests.Act1FirstPersonWalkthroughSmokeTest.Fail(string) (res://tests/Act1FirstPersonWalkthroughSmokeTest.cs:1804)
   C# backtrace (most recent call first):
       [0] void Godot.GD.PushError(string) (/root/godot/modules/mono/glue/GodotSharp/GodotSharp/Core/GD.cs:366)
       [1] void Urman.Godot.Tests.Act1FirstPersonWalkthroughSmokeTest.Fail(string) (/Users/unterlantas/Documents/GitHub/URMAN/game/tests/Act1FirstPersonWalkthroughSmokeTest.cs:1804)
       [2] void Urman.Godot.Tests.Act1FirstPersonWalkthroughSmokeTest+<ApproachMosque>d__28.MoveNext() (/Users/unterlantas/Documents/GitHub/URMAN/game/tests/Act1FirstPersonWalkthroughSmokeTest.cs:1433)
       [3] void System.Threading.ExecutionContext.RunInternal(System.Threading.ExecutionContext, System.Threading.ContextCallback, object)
       [4] void System.Threading.Tasks.AwaitTaskContinuation.RunCallback(System.Threading.ContextCallback, object, System.Threading.Tasks.Task&)
       [5] void System.Threading.Tasks.Task.RunContinuations(object)
       [6] void System.Runtime.CompilerServices.AsyncTaskMethodBuilder.SetResult()
       [7] void Urman.Godot.Tests.Act1FirstPersonWalkthroughSmokeTest+<PhysicsFrames>d__41.MoveNext() (/Users/unterlantas/Documents/GitHub/URMAN/game/tests/Act1FirstPersonWalkthroughSmokeTest.cs:1701)
       [8] void System.Threading.ExecutionContext.RunInternal(System.Threading.ExecutionContext, System.Threading.ContextCallback, object)
       [9] void System.Runtime.CompilerServices.AsyncTaskMethodBuilder`1+AsyncStateMachineBox`1.MoveNext()
       [10] void Godot.SignalAwaiter.SignalCallback(nint, Godot.NativeInterop.godot_variant**, int, Godot.NativeInterop.godot_bool*) (/root/godot/modules/mono/glue/GodotSharp/GodotSharp/Core/SignalAwaiter.cs:65)
WARNING: 7 RIDs of type "Texture" were leaked.
   at: finalize (servers/rendering/rendering_device.cpp:8900)
userdata guard: original files and permissions restored and verified
