run-smoke-guarded: res://tests/act1_mosque_layout_smoke_test.tscn
Godot Engine v4.7.1.stable.mono.official.a13da4feb - https://godotengine.org
Metal 4.0 - Forward+ - Using Device #0: Apple - Apple M1 (Apple7)

act1-gorge: halfWidth=8 depth=9 bridge=suspension@(0,-97.0)
ERROR: Resource file not found: res://assets/textures/painterly/frost_window_v1_albedo.png (expected type: unknown)
   at: _load (core/io/resource_loader.cpp:325)
   C# backtrace (most recent call first):
       [0] Godot.GodotObject Godot.NativeCalls.godot_icall_3_1268(nint, nint, string, string, int) (/root/godot/modules/mono/glue/GodotSharp/GodotSharp/Generated/NativeCalls.cs:11611)
       [1] Godot.Resource Godot.ResourceLoader.Load(string, string, Godot.ResourceLoader+CacheMode) (/root/godot/modules/mono/glue/GodotSharp/GodotSharp/Generated/GodotObjects/ResourceLoader.cs:120)
       [2] T Godot.ResourceLoader.Load<T>(string, string, Godot.ResourceLoader+CacheMode) (/root/godot/modules/mono/glue/GodotSharp/GodotSharp/Core/Extensions/ResourceLoaderExtensions.cs:27)
       [3] void Urman.Godot.Act1ConnectedWorld.ApplyHeroWarmWindow(Godot.Node3D) (/Users/kadyrahunov/Projects/URMAN/game/scripts/Act1ConnectedWorld.cs:5985)
       [4] void Urman.Godot.Act1ConnectedWorld.BuildAct1FapClinicKit(Godot.Node3D) (/Users/kadyrahunov/Projects/URMAN/game/scripts/Act1ConnectedWorld.cs:2811)
       [5] void Urman.Godot.Act1ConnectedWorld.BuildAct1CoreWorldGreybox() (/Users/kadyrahunov/Projects/URMAN/game/scripts/Act1ConnectedWorld.cs:1160)
       [6] void Urman.Godot.Act1ConnectedWorld.Build() (/Users/kadyrahunov/Projects/URMAN/game/scripts/Act1ConnectedWorld.cs:401)
       [7] void Urman.Godot.Act1ConnectedWorld._Ready() (/Users/kadyrahunov/Projects/URMAN/game/scripts/Act1ConnectedWorld.cs:303)
       [8] bool Godot.Node.InvokeGodotClassMethod(Godot.NativeInterop.godot_string_name&, Godot.NativeInterop.NativeVariantPtrArgs, Godot.NativeInterop.godot_variant&) (/root/godot/modules/mono/glue/GodotSharp/GodotSharp/Generated/GodotObjects/Node.cs:2660)
       [9] bool Godot.Node3D.InvokeGodotClassMethod(Godot.NativeInterop.godot_string_name&, Godot.NativeInterop.NativeVariantPtrArgs, Godot.NativeInterop.godot_variant&) (/root/godot/modules/mono/glue/GodotSharp/GodotSharp/Generated/GodotObjects/Node3D.cs:1127)
       [10] bool Urman.Godot.Act1ConnectedWorld.InvokeGodotClassMethod(Godot.NativeInterop.godot_string_name&, Godot.NativeInterop.NativeVariantPtrArgs, Godot.NativeInterop.godot_variant&) (/Users/kadyrahunov/Projects/URMAN/game/.godot/mono/temp/obj/Debug/Godot.SourceGenerators/Godot.SourceGenerators.ScriptMethodsGenerator/Urman.Godot.Act1ConnectedWorld_ScriptMethods.generated.cs:5046)
       [11] Godot.NativeInterop.godot_bool Godot.Bridge.CSharpInstanceBridge.Call(nint, Godot.NativeInterop.godot_string_name*, Godot.NativeInterop.godot_variant**, int, Godot.NativeInterop.godot_variant_call_error*, Godot.NativeInterop.godot_variant*) (/root/godot/modules/mono/glue/GodotSharp/GodotSharp/Core/Bridge/CSharpInstanceBridge.cs:24)
       [12] void Godot.NativeInterop.NativeFuncs.godotsharp_method_bind_ptrcall(nint, nint, System.Void**, System.Void*) (/root/godot/modules/mono/glue/GodotSharp/GodotSharp/Godot.SourceGenerators.Internal/Godot.SourceGenerators.Internal.UnmanagedCallbacksGenerator/Godot.NativeInterop.NativeFuncs.generated.cs:380)
       [13] void Godot.NativeCalls.godot_icall_3_912(nint, nint, nint, Godot.NativeInterop.godot_bool, int) (/root/godot/modules/mono/glue/GodotSharp/GodotSharp/Generated/NativeCalls.cs:8061)
       [14] void Godot.Node.AddChild(Godot.Node, bool, Godot.Node+InternalMode) (/root/godot/modules/mono/glue/GodotSharp/GodotSharp/Generated/GodotObjects/Node.cs:848)
       [15] void Urman.Godot.Main._Ready() (/Users/kadyrahunov/Projects/URMAN/game/scripts/Main.cs:83)
       [16] bool Godot.Node.InvokeGodotClassMethod(Godot.NativeInterop.godot_string_name&, Godot.NativeInterop.NativeVariantPtrArgs, Godot.NativeInterop.godot_variant&) (/root/godot/modules/mono/glue/GodotSharp/GodotSharp/Generated/GodotObjects/Node.cs:2660)
       [17] bool Godot.Node3D.InvokeGodotClassMethod(Godot.NativeInterop.godot_string_name&, Godot.NativeInterop.NativeVariantPtrArgs, Godot.NativeInterop.godot_variant&) (/root/godot/modules/mono/glue/GodotSharp/GodotSharp/Generated/GodotObjects/Node3D.cs:1127)
       [18] bool Urman.Godot.Main.InvokeGodotClassMethod(Godot.NativeInterop.godot_string_name&, Godot.NativeInterop.NativeVariantPtrArgs, Godot.NativeInterop.godot_variant&) (/Users/kadyrahunov/Projects/URMAN/game/.godot/mono/temp/obj/Debug/Godot.SourceGenerators/Godot.SourceGenerators.ScriptMethodsGenerator/Urman.Godot.Main_ScriptMethods.generated.cs:70)
       [19] Godot.NativeInterop.godot_bool Godot.Bridge.CSharpInstanceBridge.Call(nint, Godot.NativeInterop.godot_string_name*, Godot.NativeInterop.godot_variant**, int, Godot.NativeInterop.godot_variant_call_error*, Godot.NativeInterop.godot_variant*) (/root/godot/modules/mono/glue/GodotSharp/GodotSharp/Core/Bridge/CSharpInstanceBridge.cs:24)
       [20] void Godot.NativeInterop.NativeFuncs.godotsharp_method_bind_ptrcall(nint, nint, System.Void**, System.Void*) (/root/godot/modules/mono/glue/GodotSharp/GodotSharp/Godot.SourceGenerators.Internal/Godot.SourceGenerators.Internal.UnmanagedCallbacksGenerator/Godot.NativeInterop.NativeFuncs.generated.cs:380)
       [21] void Godot.NativeCalls.godot_icall_3_912(nint, nint, nint, Godot.NativeInterop.godot_bool, int) (/root/godot/modules/mono/glue/GodotSharp/GodotSharp/Generated/NativeCalls.cs:8061)
       [22] void Godot.Node.AddChild(Godot.Node, bool, Godot.Node+InternalMode) (/root/godot/modules/mono/glue/GodotSharp/GodotSharp/Generated/GodotObjects/Node.cs:848)
       [23] void Urman.Godot.Act1DemoRoot.InitializeDemo() (/Users/kadyrahunov/Projects/URMAN/game/scripts/Act1DemoRoot.cs:245)
       [24] void Urman.Godot.Act1DemoRoot._Ready() (/Users/kadyrahunov/Projects/URMAN/game/scripts/Act1DemoRoot.cs:194)
       [25] bool Godot.Node.InvokeGodotClassMethod(Godot.NativeInterop.godot_string_name&, Godot.NativeInterop.NativeVariantPtrArgs, Godot.NativeInterop.godot_variant&) (/root/godot/modules/mono/glue/GodotSharp/GodotSharp/Generated/GodotObjects/Node.cs:2660)
       [26] bool Urman.Godot.Act1DemoRoot.InvokeGodotClassMethod(Godot.NativeInterop.godot_string_name&, Godot.NativeInterop.NativeVariantPtrArgs, Godot.NativeInterop.godot_variant&) (/Users/kadyrahunov/Projects/URMAN/game/.godot/mono/temp/obj/Debug/Godot.SourceGenerators/Godot.SourceGenerators.ScriptMethodsGenerator/Urman.Godot.Act1DemoRoot_ScriptMethods.generated.cs:1040)
       [27] Godot.NativeInterop.godot_bool Godot.Bridge.CSharpInstanceBridge.Call(nint, Godot.NativeInterop.godot_string_name*, Godot.NativeInterop.godot_variant**, int, Godot.NativeInterop.godot_variant_call_error*, Godot.NativeInterop.godot_variant*) (/root/godot/modules/mono/glue/GodotSharp/GodotSharp/Core/Bridge/CSharpInstanceBridge.cs:24)
       [28] void Godot.NativeInterop.NativeFuncs.godotsharp_method_bind_ptrcall(nint, nint, System.Void**, System.Void*) (/root/godot/modules/mono/glue/GodotSharp/GodotSharp/Godot.SourceGenerators.Internal/Godot.SourceGenerators.Internal.UnmanagedCallbacksGenerator/Godot.NativeInterop.NativeFuncs.generated.cs:380)
       [29] void Godot.NativeCalls.godot_icall_3_912(nint, nint, nint, Godot.NativeInterop.godot_bool, int) (/root/godot/modules/mono/glue/GodotSharp/GodotSharp/Generated/NativeCalls.cs:8061)
       [30] void Godot.Node.AddChild(Godot.Node, bool, Godot.Node+InternalMode) (/root/godot/modules/mono/glue/GodotSharp/GodotSharp/Generated/GodotObjects/Node.cs:848)
       [31] void Urman.Godot.Tests.Act1MosqueLayoutSmokeTest+<_Ready>d__2.MoveNext() (/Users/kadyrahunov/Projects/URMAN/game/tests/Act1MosqueLayoutSmokeTest.cs:18)
       [32] void System.Runtime.CompilerServices.AsyncMethodBuilderCore.Start<TStateMachine>(TStateMachine&)
       [33] void Urman.Godot.Tests.Act1MosqueLayoutSmokeTest._Ready()
       [34] bool Godot.Node.InvokeGodotClassMethod(Godot.NativeInterop.godot_string_name&, Godot.NativeInterop.NativeVariantPtrArgs, Godot.NativeInterop.godot_variant&) (/root/godot/modules/mono/glue/GodotSharp/GodotSharp/Generated/GodotObjects/Node.cs:2660)
       [35] bool Urman.Godot.Tests.Act1MosqueLayoutSmokeTest.InvokeGodotClassMethod(Godot.NativeInterop.godot_string_name&, Godot.NativeInterop.NativeVariantPtrArgs, Godot.NativeInterop.godot_variant&) (/Users/kadyrahunov/Projects/URMAN/game/.godot/mono/temp/obj/Debug/Godot.SourceGenerators/Godot.SourceGenerators.ScriptMethodsGenerator/Urman.Godot.Tests.Act1MosqueLayoutSmokeTest_ScriptMethods.generated.cs:50)
       [36] Godot.NativeInterop.godot_bool Godot.Bridge.CSharpInstanceBridge.Call(nint, Godot.NativeInterop.godot_string_name*, Godot.NativeInterop.godot_variant**, int, Godot.NativeInterop.godot_variant_call_error*, Godot.NativeInterop.godot_variant*) (/root/godot/modules/mono/glue/GodotSharp/GodotSharp/Core/Bridge/CSharpInstanceBridge.cs:24)
ERROR: Error loading resource: 'res://assets/textures/painterly/frost_window_v1_albedo.png'.
   at: load (core/core_bind.cpp:82)
   C# backtrace (most recent call first):
       [0] Godot.GodotObject Godot.NativeCalls.godot_icall_3_1268(nint, nint, string, string, int) (/root/godot/modules/mono/glue/GodotSharp/GodotSharp/Generated/NativeCalls.cs:11611)
       [1] Godot.Resource Godot.ResourceLoader.Load(string, string, Godot.ResourceLoader+CacheMode) (/root/godot/modules/mono/glue/GodotSharp/GodotSharp/Generated/GodotObjects/ResourceLoader.cs:120)
       [2] T Godot.ResourceLoader.Load<T>(string, string, Godot.ResourceLoader+CacheMode) (/root/godot/modules/mono/glue/GodotSharp/GodotSharp/Core/Extensions/ResourceLoaderExtensions.cs:27)
       [3] void Urman.Godot.Act1ConnectedWorld.ApplyHeroWarmWindow(Godot.Node3D) (/Users/kadyrahunov/Projects/URMAN/game/scripts/Act1ConnectedWorld.cs:5985)
       [4] void Urman.Godot.Act1ConnectedWorld.BuildAct1FapClinicKit(Godot.Node3D) (/Users/kadyrahunov/Projects/URMAN/game/scripts/Act1ConnectedWorld.cs:2811)
       [5] void Urman.Godot.Act1ConnectedWorld.BuildAct1CoreWorldGreybox() (/Users/kadyrahunov/Projects/URMAN/game/scripts/Act1ConnectedWorld.cs:1160)
       [6] void Urman.Godot.Act1ConnectedWorld.Build() (/Users/kadyrahunov/Projects/URMAN/game/scripts/Act1ConnectedWorld.cs:401)
       [7] void Urman.Godot.Act1ConnectedWorld._Ready() (/Users/kadyrahunov/Projects/URMAN/game/scripts/Act1ConnectedWorld.cs:303)
       [8] bool Godot.Node.InvokeGodotClassMethod(Godot.NativeInterop.godot_string_name&, Godot.NativeInterop.NativeVariantPtrArgs, Godot.NativeInterop.godot_variant&) (/root/godot/modules/mono/glue/GodotSharp/GodotSharp/Generated/GodotObjects/Node.cs:2660)
       [9] bool Godot.Node3D.InvokeGodotClassMethod(Godot.NativeInterop.godot_string_name&, Godot.NativeInterop.NativeVariantPtrArgs, Godot.NativeInterop.godot_variant&) (/root/godot/modules/mono/glue/GodotSharp/GodotSharp/Generated/GodotObjects/Node3D.cs:1127)
       [10] bool Urman.Godot.Act1ConnectedWorld.InvokeGodotClassMethod(Godot.NativeInterop.godot_string_name&, Godot.NativeInterop.NativeVariantPtrArgs, Godot.NativeInterop.godot_variant&) (/Users/kadyrahunov/Projects/URMAN/game/.godot/mono/temp/obj/Debug/Godot.SourceGenerators/Godot.SourceGenerators.ScriptMethodsGenerator/Urman.Godot.Act1ConnectedWorld_ScriptMethods.generated.cs:5046)
       [11] Godot.NativeInterop.godot_bool Godot.Bridge.CSharpInstanceBridge.Call(nint, Godot.NativeInterop.godot_string_name*, Godot.NativeInterop.godot_variant**, int, Godot.NativeInterop.godot_variant_call_error*, Godot.NativeInterop.godot_variant*) (/root/godot/modules/mono/glue/GodotSharp/GodotSharp/Core/Bridge/CSharpInstanceBridge.cs:24)
       [12] void Godot.NativeInterop.NativeFuncs.godotsharp_method_bind_ptrcall(nint, nint, System.Void**, System.Void*) (/root/godot/modules/mono/glue/GodotSharp/GodotSharp/Godot.SourceGenerators.Internal/Godot.SourceGenerators.Internal.UnmanagedCallbacksGenerator/Godot.NativeInterop.NativeFuncs.generated.cs:380)
       [13] void Godot.NativeCalls.godot_icall_3_912(nint, nint, nint, Godot.NativeInterop.godot_bool, int) (/root/godot/modules/mono/glue/GodotSharp/GodotSharp/Generated/NativeCalls.cs:8061)
       [14] void Godot.Node.AddChild(Godot.Node, bool, Godot.Node+InternalMode) (/root/godot/modules/mono/glue/GodotSharp/GodotSharp/Generated/GodotObjects/Node.cs:848)
       [15] void Urman.Godot.Main._Ready() (/Users/kadyrahunov/Projects/URMAN/game/scripts/Main.cs:83)
       [16] bool Godot.Node.InvokeGodotClassMethod(Godot.NativeInterop.godot_string_name&, Godot.NativeInterop.NativeVariantPtrArgs, Godot.NativeInterop.godot_variant&) (/root/godot/modules/mono/glue/GodotSharp/GodotSharp/Generated/GodotObjects/Node.cs:2660)
       [17] bool Godot.Node3D.InvokeGodotClassMethod(Godot.NativeInterop.godot_string_name&, Godot.NativeInterop.NativeVariantPtrArgs, Godot.NativeInterop.godot_variant&) (/root/godot/modules/mono/glue/GodotSharp/GodotSharp/Generated/GodotObjects/Node3D.cs:1127)
       [18] bool Urman.Godot.Main.InvokeGodotClassMethod(Godot.NativeInterop.godot_string_name&, Godot.NativeInterop.NativeVariantPtrArgs, Godot.NativeInterop.godot_variant&) (/Users/kadyrahunov/Projects/URMAN/game/.godot/mono/temp/obj/Debug/Godot.SourceGenerators/Godot.SourceGenerators.ScriptMethodsGenerator/Urman.Godot.Main_ScriptMethods.generated.cs:70)
       [19] Godot.NativeInterop.godot_bool Godot.Bridge.CSharpInstanceBridge.Call(nint, Godot.NativeInterop.godot_string_name*, Godot.NativeInterop.godot_variant**, int, Godot.NativeInterop.godot_variant_call_error*, Godot.NativeInterop.godot_variant*) (/root/godot/modules/mono/glue/GodotSharp/GodotSharp/Core/Bridge/CSharpInstanceBridge.cs:24)
       [20] void Godot.NativeInterop.NativeFuncs.godotsharp_method_bind_ptrcall(nint, nint, System.Void**, System.Void*) (/root/godot/modules/mono/glue/GodotSharp/GodotSharp/Godot.SourceGenerators.Internal/Godot.SourceGenerators.Internal.UnmanagedCallbacksGenerator/Godot.NativeInterop.NativeFuncs.generated.cs:380)
       [21] void Godot.NativeCalls.godot_icall_3_912(nint, nint, nint, Godot.NativeInterop.godot_bool, int) (/root/godot/modules/mono/glue/GodotSharp/GodotSharp/Generated/NativeCalls.cs:8061)
       [22] void Godot.Node.AddChild(Godot.Node, bool, Godot.Node+InternalMode) (/root/godot/modules/mono/glue/GodotSharp/GodotSharp/Generated/GodotObjects/Node.cs:848)
       [23] void Urman.Godot.Act1DemoRoot.InitializeDemo() (/Users/kadyrahunov/Projects/URMAN/game/scripts/Act1DemoRoot.cs:245)
       [24] void Urman.Godot.Act1DemoRoot._Ready() (/Users/kadyrahunov/Projects/URMAN/game/scripts/Act1DemoRoot.cs:194)
       [25] bool Godot.Node.InvokeGodotClassMethod(Godot.NativeInterop.godot_string_name&, Godot.NativeInterop.NativeVariantPtrArgs, Godot.NativeInterop.godot_variant&) (/root/godot/modules/mono/glue/GodotSharp/GodotSharp/Generated/GodotObjects/Node.cs:2660)
       [26] bool Urman.Godot.Act1DemoRoot.InvokeGodotClassMethod(Godot.NativeInterop.godot_string_name&, Godot.NativeInterop.NativeVariantPtrArgs, Godot.NativeInterop.godot_variant&) (/Users/kadyrahunov/Projects/URMAN/game/.godot/mono/temp/obj/Debug/Godot.SourceGenerators/Godot.SourceGenerators.ScriptMethodsGenerator/Urman.Godot.Act1DemoRoot_ScriptMethods.generated.cs:1040)
       [27] Godot.NativeInterop.godot_bool Godot.Bridge.CSharpInstanceBridge.Call(nint, Godot.NativeInterop.godot_string_name*, Godot.NativeInterop.godot_variant**, int, Godot.NativeInterop.godot_variant_call_error*, Godot.NativeInterop.godot_variant*) (/root/godot/modules/mono/glue/GodotSharp/GodotSharp/Core/Bridge/CSharpInstanceBridge.cs:24)
       [28] void Godot.NativeInterop.NativeFuncs.godotsharp_method_bind_ptrcall(nint, nint, System.Void**, System.Void*) (/root/godot/modules/mono/glue/GodotSharp/GodotSharp/Godot.SourceGenerators.Internal/Godot.SourceGenerators.Internal.UnmanagedCallbacksGenerator/Godot.NativeInterop.NativeFuncs.generated.cs:380)
       [29] void Godot.NativeCalls.godot_icall_3_912(nint, nint, nint, Godot.NativeInterop.godot_bool, int) (/root/godot/modules/mono/glue/GodotSharp/GodotSharp/Generated/NativeCalls.cs:8061)
       [30] void Godot.Node.AddChild(Godot.Node, bool, Godot.Node+InternalMode) (/root/godot/modules/mono/glue/GodotSharp/GodotSharp/Generated/GodotObjects/Node.cs:848)
       [31] void Urman.Godot.Tests.Act1MosqueLayoutSmokeTest+<_Ready>d__2.MoveNext() (/Users/kadyrahunov/Projects/URMAN/game/tests/Act1MosqueLayoutSmokeTest.cs:18)
       [32] void System.Runtime.CompilerServices.AsyncMethodBuilderCore.Start<TStateMachine>(TStateMachine&)
       [33] void Urman.Godot.Tests.Act1MosqueLayoutSmokeTest._Ready()
       [34] bool Godot.Node.InvokeGodotClassMethod(Godot.NativeInterop.godot_string_name&, Godot.NativeInterop.NativeVariantPtrArgs, Godot.NativeInterop.godot_variant&) (/root/godot/modules/mono/glue/GodotSharp/GodotSharp/Generated/GodotObjects/Node.cs:2660)
       [35] bool Urman.Godot.Tests.Act1MosqueLayoutSmokeTest.InvokeGodotClassMethod(Godot.NativeInterop.godot_string_name&, Godot.NativeInterop.NativeVariantPtrArgs, Godot.NativeInterop.godot_variant&) (/Users/kadyrahunov/Projects/URMAN/game/.godot/mono/temp/obj/Debug/Godot.SourceGenerators/Godot.SourceGenerators.ScriptMethodsGenerator/Urman.Godot.Tests.Act1MosqueLayoutSmokeTest_ScriptMethods.generated.cs:50)
       [36] Godot.NativeInterop.godot_bool Godot.Bridge.CSharpInstanceBridge.Call(nint, Godot.NativeInterop.godot_string_name*, Godot.NativeInterop.godot_variant**, int, Godot.NativeInterop.godot_variant_call_error*, Godot.NativeInterop.godot_variant*) (/root/godot/modules/mono/glue/GodotSharp/GodotSharp/Core/Bridge/CSharpInstanceBridge.cs:24)
ERROR: Resource file not found: res://assets/textures/painterly/frost_window_v1_albedo.png (expected type: unknown)
   at: _load (core/io/resource_loader.cpp:325)
   C# backtrace (most recent call first):
       [0] Godot.GodotObject Godot.NativeCalls.godot_icall_3_1268(nint, nint, string, string, int) (/root/godot/modules/mono/glue/GodotSharp/GodotSharp/Generated/NativeCalls.cs:11611)
       [1] Godot.Resource Godot.ResourceLoader.Load(string, string, Godot.ResourceLoader+CacheMode) (/root/godot/modules/mono/glue/GodotSharp/GodotSharp/Generated/GodotObjects/ResourceLoader.cs:120)
       [2] T Godot.ResourceLoader.Load<T>(string, string, Godot.ResourceLoader+CacheMode) (/root/godot/modules/mono/glue/GodotSharp/GodotSharp/Core/Extensions/ResourceLoaderExtensions.cs:27)
       [3] void Urman.Godot.Act1ConnectedWorld.ApplyHeroWarmWindow(Godot.Node3D) (/Users/kadyrahunov/Projects/URMAN/game/scripts/Act1ConnectedWorld.cs:5985)
       [4] void Urman.Godot.Act1ConnectedWorld.BuildAct1FapClinicKit(Godot.Node3D) (/Users/kadyrahunov/Projects/URMAN/game/scripts/Act1ConnectedWorld.cs:2811)
       [5] void Urman.Godot.Act1ConnectedWorld.BuildAct1CoreWorldGreybox() (/Users/kadyrahunov/Projects/URMAN/game/scripts/Act1ConnectedWorld.cs:1160)
       [6] void Urman.Godot.Act1ConnectedWorld.Build() (/Users/kadyrahunov/Projects/URMAN/game/scripts/Act1ConnectedWorld.cs:401)
       [7] void Urman.Godot.Act1ConnectedWorld._Ready() (/Users/kadyrahunov/Projects/URMAN/game/scripts/Act1ConnectedWorld.cs:303)
       [8] bool Godot.Node.InvokeGodotClassMethod(Godot.NativeInterop.godot_string_name&, Godot.NativeInterop.NativeVariantPtrArgs, Godot.NativeInterop.godot_variant&) (/root/godot/modules/mono/glue/GodotSharp/GodotSharp/Generated/GodotObjects/Node.cs:2660)
       [9] bool Godot.Node3D.InvokeGodotClassMethod(Godot.NativeInterop.godot_string_name&, Godot.NativeInterop.NativeVariantPtrArgs, Godot.NativeInterop.godot_variant&) (/root/godot/modules/mono/glue/GodotSharp/GodotSharp/Generated/GodotObjects/Node3D.cs:1127)
       [10] bool Urman.Godot.Act1ConnectedWorld.InvokeGodotClassMethod(Godot.NativeInterop.godot_string_name&, Godot.NativeInterop.NativeVariantPtrArgs, Godot.NativeInterop.godot_variant&) (/Users/kadyrahunov/Projects/URMAN/game/.godot/mono/temp/obj/Debug/Godot.SourceGenerators/Godot.SourceGenerators.ScriptMethodsGenerator/Urman.Godot.Act1ConnectedWorld_ScriptMethods.generated.cs:5046)
       [11] Godot.NativeInterop.godot_bool Godot.Bridge.CSharpInstanceBridge.Call(nint, Godot.NativeInterop.godot_string_name*, Godot.NativeInterop.godot_variant**, int, Godot.NativeInterop.godot_variant_call_error*, Godot.NativeInterop.godot_variant*) (/root/godot/modules/mono/glue/GodotSharp/GodotSharp/Core/Bridge/CSharpInstanceBridge.cs:24)
       [12] void Godot.NativeInterop.NativeFuncs.godotsharp_method_bind_ptrcall(nint, nint, System.Void**, System.Void*) (/root/godot/modules/mono/glue/GodotSharp/GodotSharp/Godot.SourceGenerators.Internal/Godot.SourceGenerators.Internal.UnmanagedCallbacksGenerator/Godot.NativeInterop.NativeFuncs.generated.cs:380)
       [13] void Godot.NativeCalls.godot_icall_3_912(nint, nint, nint, Godot.NativeInterop.godot_bool, int) (/root/godot/modules/mono/glue/GodotSharp/GodotSharp/Generated/NativeCalls.cs:8061)
       [14] void Godot.Node.AddChild(Godot.Node, bool, Godot.Node+InternalMode) (/root/godot/modules/mono/glue/GodotSharp/GodotSharp/Generated/GodotObjects/Node.cs:848)
       [15] void Urman.Godot.Main._Ready() (/Users/kadyrahunov/Projects/URMAN/game/scripts/Main.cs:83)
       [16] bool Godot.Node.InvokeGodotClassMethod(Godot.NativeInterop.godot_string_name&, Godot.NativeInterop.NativeVariantPtrArgs, Godot.NativeInterop.godot_variant&) (/root/godot/modules/mono/glue/GodotSharp/GodotSharp/Generated/GodotObjects/Node.cs:2660)
       [17] bool Godot.Node3D.InvokeGodotClassMethod(Godot.NativeInterop.godot_string_name&, Godot.NativeInterop.NativeVariantPtrArgs, Godot.NativeInterop.godot_variant&) (/root/godot/modules/mono/glue/GodotSharp/GodotSharp/Generated/GodotObjects/Node3D.cs:1127)
       [18] bool Urman.Godot.Main.InvokeGodotClassMethod(Godot.NativeInterop.godot_string_name&, Godot.NativeInterop.NativeVariantPtrArgs, Godot.NativeInterop.godot_variant&) (/Users/kadyrahunov/Projects/URMAN/game/.godot/mono/temp/obj/Debug/Godot.SourceGenerators/Godot.SourceGenerators.ScriptMethodsGenerator/Urman.Godot.Main_ScriptMethods.generated.cs:70)
       [19] Godot.NativeInterop.godot_bool Godot.Bridge.CSharpInstanceBridge.Call(nint, Godot.NativeInterop.godot_string_name*, Godot.NativeInterop.godot_variant**, int, Godot.NativeInterop.godot_variant_call_error*, Godot.NativeInterop.godot_variant*) (/root/godot/modules/mono/glue/GodotSharp/GodotSharp/Core/Bridge/CSharpInstanceBridge.cs:24)
       [20] void Godot.NativeInterop.NativeFuncs.godotsharp_method_bind_ptrcall(nint, nint, System.Void**, System.Void*) (/root/godot/modules/mono/glue/GodotSharp/GodotSharp/Godot.SourceGenerators.Internal/Godot.SourceGenerators.Internal.UnmanagedCallbacksGenerator/Godot.NativeInterop.NativeFuncs.generated.cs:380)
       [21] void Godot.NativeCalls.godot_icall_3_912(nint, nint, nint, Godot.NativeInterop.godot_bool, int) (/root/godot/modules/mono/glue/GodotSharp/GodotSharp/Generated/NativeCalls.cs:8061)
       [22] void Godot.Node.AddChild(Godot.Node, bool, Godot.Node+InternalMode) (/root/godot/modules/mono/glue/GodotSharp/GodotSharp/Generated/GodotObjects/Node.cs:848)
       [23] void Urman.Godot.Act1DemoRoot.InitializeDemo() (/Users/kadyrahunov/Projects/URMAN/game/scripts/Act1DemoRoot.cs:245)
       [24] void Urman.Godot.Act1DemoRoot._Ready() (/Users/kadyrahunov/Projects/URMAN/game/scripts/Act1DemoRoot.cs:194)
       [25] bool Godot.Node.InvokeGodotClassMethod(Godot.NativeInterop.godot_string_name&, Godot.NativeInterop.NativeVariantPtrArgs, Godot.NativeInterop.godot_variant&) (/root/godot/modules/mono/glue/GodotSharp/GodotSharp/Generated/GodotObjects/Node.cs:2660)
       [26] bool Urman.Godot.Act1DemoRoot.InvokeGodotClassMethod(Godot.NativeInterop.godot_string_name&, Godot.NativeInterop.NativeVariantPtrArgs, Godot.NativeInterop.godot_variant&) (/Users/kadyrahunov/Projects/URMAN/game/.godot/mono/temp/obj/Debug/Godot.SourceGenerators/Godot.SourceGenerators.ScriptMethodsGenerator/Urman.Godot.Act1DemoRoot_ScriptMethods.generated.cs:1040)
       [27] Godot.NativeInterop.godot_bool Godot.Bridge.CSharpInstanceBridge.Call(nint, Godot.NativeInterop.godot_string_name*, Godot.NativeInterop.godot_variant**, int, Godot.NativeInterop.godot_variant_call_error*, Godot.NativeInterop.godot_variant*) (/root/godot/modules/mono/glue/GodotSharp/GodotSharp/Core/Bridge/CSharpInstanceBridge.cs:24)
       [28] void Godot.NativeInterop.NativeFuncs.godotsharp_method_bind_ptrcall(nint, nint, System.Void**, System.Void*) (/root/godot/modules/mono/glue/GodotSharp/GodotSharp/Godot.SourceGenerators.Internal/Godot.SourceGenerators.Internal.UnmanagedCallbacksGenerator/Godot.NativeInterop.NativeFuncs.generated.cs:380)
       [29] void Godot.NativeCalls.godot_icall_3_912(nint, nint, nint, Godot.NativeInterop.godot_bool, int) (/root/godot/modules/mono/glue/GodotSharp/GodotSharp/Generated/NativeCalls.cs:8061)
       [30] void Godot.Node.AddChild(Godot.Node, bool, Godot.Node+InternalMode) (/root/godot/modules/mono/glue/GodotSharp/GodotSharp/Generated/GodotObjects/Node.cs:848)
       [31] void Urman.Godot.Tests.Act1MosqueLayoutSmokeTest+<_Ready>d__2.MoveNext() (/Users/kadyrahunov/Projects/URMAN/game/tests/Act1MosqueLayoutSmokeTest.cs:18)
       [32] void System.Runtime.CompilerServices.AsyncMethodBuilderCore.Start<TStateMachine>(TStateMachine&)
       [33] void Urman.Godot.Tests.Act1MosqueLayoutSmokeTest._Ready()
       [34] bool Godot.Node.InvokeGodotClassMethod(Godot.NativeInterop.godot_string_name&, Godot.NativeInterop.NativeVariantPtrArgs, Godot.NativeInterop.godot_variant&) (/root/godot/modules/mono/glue/GodotSharp/GodotSharp/Generated/GodotObjects/Node.cs:2660)
       [35] bool Urman.Godot.Tests.Act1MosqueLayoutSmokeTest.InvokeGodotClassMethod(Godot.NativeInterop.godot_string_name&, Godot.NativeInterop.NativeVariantPtrArgs, Godot.NativeInterop.godot_variant&) (/Users/kadyrahunov/Projects/URMAN/game/.godot/mono/temp/obj/Debug/Godot.SourceGenerators/Godot.SourceGenerators.ScriptMethodsGenerator/Urman.Godot.Tests.Act1MosqueLayoutSmokeTest_ScriptMethods.generated.cs:50)
       [36] Godot.NativeInterop.godot_bool Godot.Bridge.CSharpInstanceBridge.Call(nint, Godot.NativeInterop.godot_string_name*, Godot.NativeInterop.godot_variant**, int, Godot.NativeInterop.godot_variant_call_error*, Godot.NativeInterop.godot_variant*) (/root/godot/modules/mono/glue/GodotSharp/GodotSharp/Core/Bridge/CSharpInstanceBridge.cs:24)
ERROR: Error loading resource: 'res://assets/textures/painterly/frost_window_v1_albedo.png'.
   at: load (core/core_bind.cpp:82)
   C# backtrace (most recent call first):
       [0] Godot.GodotObject Godot.NativeCalls.godot_icall_3_1268(nint, nint, string, string, int) (/root/godot/modules/mono/glue/GodotSharp/GodotSharp/Generated/NativeCalls.cs:11611)
       [1] Godot.Resource Godot.ResourceLoader.Load(string, string, Godot.ResourceLoader+CacheMode) (/root/godot/modules/mono/glue/GodotSharp/GodotSharp/Generated/GodotObjects/ResourceLoader.cs:120)
       [2] T Godot.ResourceLoader.Load<T>(string, string, Godot.ResourceLoader+CacheMode) (/root/godot/modules/mono/glue/GodotSharp/GodotSharp/Core/Extensions/ResourceLoaderExtensions.cs:27)
       [3] void Urman.Godot.Act1ConnectedWorld.ApplyHeroWarmWindow(Godot.Node3D) (/Users/kadyrahunov/Projects/URMAN/game/scripts/Act1ConnectedWorld.cs:5985)
       [4] void Urman.Godot.Act1ConnectedWorld.BuildAct1FapClinicKit(Godot.Node3D) (/Users/kadyrahunov/Projects/URMAN/game/scripts/Act1ConnectedWorld.cs:2811)
       [5] void Urman.Godot.Act1ConnectedWorld.BuildAct1CoreWorldGreybox() (/Users/kadyrahunov/Projects/URMAN/game/scripts/Act1ConnectedWorld.cs:1160)
       [6] void Urman.Godot.Act1ConnectedWorld.Build() (/Users/kadyrahunov/Projects/URMAN/game/scripts/Act1ConnectedWorld.cs:401)
       [7] void Urman.Godot.Act1ConnectedWorld._Ready() (/Users/kadyrahunov/Projects/URMAN/game/scripts/Act1ConnectedWorld.cs:303)
       [8] bool Godot.Node.InvokeGodotClassMethod(Godot.NativeInterop.godot_string_name&, Godot.NativeInterop.NativeVariantPtrArgs, Godot.NativeInterop.godot_variant&) (/root/godot/modules/mono/glue/GodotSharp/GodotSharp/Generated/GodotObjects/Node.cs:2660)
       [9] bool Godot.Node3D.InvokeGodotClassMethod(Godot.NativeInterop.godot_string_name&, Godot.NativeInterop.NativeVariantPtrArgs, Godot.NativeInterop.godot_variant&) (/root/godot/modules/mono/glue/GodotSharp/GodotSharp/Generated/GodotObjects/Node3D.cs:1127)
       [10] bool Urman.Godot.Act1ConnectedWorld.InvokeGodotClassMethod(Godot.NativeInterop.godot_string_name&, Godot.NativeInterop.NativeVariantPtrArgs, Godot.NativeInterop.godot_variant&) (/Users/kadyrahunov/Projects/URMAN/game/.godot/mono/temp/obj/Debug/Godot.SourceGenerators/Godot.SourceGenerators.ScriptMethodsGenerator/Urman.Godot.Act1ConnectedWorld_ScriptMethods.generated.cs:5046)
       [11] Godot.NativeInterop.godot_bool Godot.Bridge.CSharpInstanceBridge.Call(nint, Godot.NativeInterop.godot_string_name*, Godot.NativeInterop.godot_variant**, int, Godot.NativeInterop.godot_variant_call_error*, Godot.NativeInterop.godot_variant*) (/root/godot/modules/mono/glue/GodotSharp/GodotSharp/Core/Bridge/CSharpInstanceBridge.cs:24)
       [12] void Godot.NativeInterop.NativeFuncs.godotsharp_method_bind_ptrcall(nint, nint, System.Void**, System.Void*) (/root/godot/modules/mono/glue/GodotSharp/GodotSharp/Godot.SourceGenerators.Internal/Godot.SourceGenerators.Internal.UnmanagedCallbacksGenerator/Godot.NativeInterop.NativeFuncs.generated.cs:380)
       [13] void Godot.NativeCalls.godot_icall_3_912(nint, nint, nint, Godot.NativeInterop.godot_bool, int) (/root/godot/modules/mono/glue/GodotSharp/GodotSharp/Generated/NativeCalls.cs:8061)
       [14] void Godot.Node.AddChild(Godot.Node, bool, Godot.Node+InternalMode) (/root/godot/modules/mono/glue/GodotSharp/GodotSharp/Generated/GodotObjects/Node.cs:848)
       [15] void Urman.Godot.Main._Ready() (/Users/kadyrahunov/Projects/URMAN/game/scripts/Main.cs:83)
       [16] bool Godot.Node.InvokeGodotClassMethod(Godot.NativeInterop.godot_string_name&, Godot.NativeInterop.NativeVariantPtrArgs, Godot.NativeInterop.godot_variant&) (/root/godot/modules/mono/glue/GodotSharp/GodotSharp/Generated/GodotObjects/Node.cs:2660)
       [17] bool Godot.Node3D.InvokeGodotClassMethod(Godot.NativeInterop.godot_string_name&, Godot.NativeInterop.NativeVariantPtrArgs, Godot.NativeInterop.godot_variant&) (/root/godot/modules/mono/glue/GodotSharp/GodotSharp/Generated/GodotObjects/Node3D.cs:1127)
       [18] bool Urman.Godot.Main.InvokeGodotClassMethod(Godot.NativeInterop.godot_string_name&, Godot.NativeInterop.NativeVariantPtrArgs, Godot.NativeInterop.godot_variant&) (/Users/kadyrahunov/Projects/URMAN/game/.godot/mono/temp/obj/Debug/Godot.SourceGenerators/Godot.SourceGenerators.ScriptMethodsGenerator/Urman.Godot.Main_ScriptMethods.generated.cs:70)
       [19] Godot.NativeInterop.godot_bool Godot.Bridge.CSharpInstanceBridge.Call(nint, Godot.NativeInterop.godot_string_name*, Godot.NativeInterop.godot_variant**, int, Godot.NativeInterop.godot_variant_call_error*, Godot.NativeInterop.godot_variant*) (/root/godot/modules/mono/glue/GodotSharp/GodotSharp/Core/Bridge/CSharpInstanceBridge.cs:24)
       [20] void Godot.NativeInterop.NativeFuncs.godotsharp_method_bind_ptrcall(nint, nint, System.Void**, System.Void*) (/root/godot/modules/mono/glue/GodotSharp/GodotSharp/Godot.SourceGenerators.Internal/Godot.SourceGenerators.Internal.UnmanagedCallbacksGenerator/Godot.NativeInterop.NativeFuncs.generated.cs:380)
       [21] void Godot.NativeCalls.godot_icall_3_912(nint, nint, nint, Godot.NativeInterop.godot_bool, int) (/root/godot/modules/mono/glue/GodotSharp/GodotSharp/Generated/NativeCalls.cs:8061)
       [22] void Godot.Node.AddChild(Godot.Node, bool, Godot.Node+InternalMode) (/root/godot/modules/mono/glue/GodotSharp/GodotSharp/Generated/GodotObjects/Node.cs:848)
       [23] void Urman.Godot.Act1DemoRoot.InitializeDemo() (/Users/kadyrahunov/Projects/URMAN/game/scripts/Act1DemoRoot.cs:245)
       [24] void Urman.Godot.Act1DemoRoot._Ready() (/Users/kadyrahunov/Projects/URMAN/game/scripts/Act1DemoRoot.cs:194)
       [25] bool Godot.Node.InvokeGodotClassMethod(Godot.NativeInterop.godot_string_name&, Godot.NativeInterop.NativeVariantPtrArgs, Godot.NativeInterop.godot_variant&) (/root/godot/modules/mono/glue/GodotSharp/GodotSharp/Generated/GodotObjects/Node.cs:2660)
       [26] bool Urman.Godot.Act1DemoRoot.InvokeGodotClassMethod(Godot.NativeInterop.godot_string_name&, Godot.NativeInterop.NativeVariantPtrArgs, Godot.NativeInterop.godot_variant&) (/Users/kadyrahunov/Projects/URMAN/game/.godot/mono/temp/obj/Debug/Godot.SourceGenerators/Godot.SourceGenerators.ScriptMethodsGenerator/Urman.Godot.Act1DemoRoot_ScriptMethods.generated.cs:1040)
       [27] Godot.NativeInterop.godot_bool Godot.Bridge.CSharpInstanceBridge.Call(nint, Godot.NativeInterop.godot_string_name*, Godot.NativeInterop.godot_variant**, int, Godot.NativeInterop.godot_variant_call_error*, Godot.NativeInterop.godot_variant*) (/root/godot/modules/mono/glue/GodotSharp/GodotSharp/Core/Bridge/CSharpInstanceBridge.cs:24)
       [28] void Godot.NativeInterop.NativeFuncs.godotsharp_method_bind_ptrcall(nint, nint, System.Void**, System.Void*) (/root/godot/modules/mono/glue/GodotSharp/GodotSharp/Godot.SourceGenerators.Internal/Godot.SourceGenerators.Internal.UnmanagedCallbacksGenerator/Godot.NativeInterop.NativeFuncs.generated.cs:380)
       [29] void Godot.NativeCalls.godot_icall_3_912(nint, nint, nint, Godot.NativeInterop.godot_bool, int) (/root/godot/modules/mono/glue/GodotSharp/GodotSharp/Generated/NativeCalls.cs:8061)
       [30] void Godot.Node.AddChild(Godot.Node, bool, Godot.Node+InternalMode) (/root/godot/modules/mono/glue/GodotSharp/GodotSharp/Generated/GodotObjects/Node.cs:848)
       [31] void Urman.Godot.Tests.Act1MosqueLayoutSmokeTest+<_Ready>d__2.MoveNext() (/Users/kadyrahunov/Projects/URMAN/game/tests/Act1MosqueLayoutSmokeTest.cs:18)
       [32] void System.Runtime.CompilerServices.AsyncMethodBuilderCore.Start<TStateMachine>(TStateMachine&)
       [33] void Urman.Godot.Tests.Act1MosqueLayoutSmokeTest._Ready()
       [34] bool Godot.Node.InvokeGodotClassMethod(Godot.NativeInterop.godot_string_name&, Godot.NativeInterop.NativeVariantPtrArgs, Godot.NativeInterop.godot_variant&) (/root/godot/modules/mono/glue/GodotSharp/GodotSharp/Generated/GodotObjects/Node.cs:2660)
       [35] bool Urman.Godot.Tests.Act1MosqueLayoutSmokeTest.InvokeGodotClassMethod(Godot.NativeInterop.godot_string_name&, Godot.NativeInterop.NativeVariantPtrArgs, Godot.NativeInterop.godot_variant&) (/Users/kadyrahunov/Projects/URMAN/game/.godot/mono/temp/obj/Debug/Godot.SourceGenerators/Godot.SourceGenerators.ScriptMethodsGenerator/Urman.Godot.Tests.Act1MosqueLayoutSmokeTest_ScriptMethods.generated.cs:50)
       [36] Godot.NativeInterop.godot_bool Godot.Bridge.CSharpInstanceBridge.Call(nint, Godot.NativeInterop.godot_string_name*, Godot.NativeInterop.godot_variant**, int, Godot.NativeInterop.godot_variant_call_error*, Godot.NativeInterop.godot_variant*) (/root/godot/modules/mono/glue/GodotSharp/GodotSharp/Core/Bridge/CSharpInstanceBridge.cs:24)
ERROR: Resource file not found: res://assets/textures/painterly/frost_window_v1_albedo.png (expected type: unknown)
   at: _load (core/io/resource_loader.cpp:325)
   C# backtrace (most recent call first):
       [0] Godot.GodotObject Godot.NativeCalls.godot_icall_3_1268(nint, nint, string, string, int) (/root/godot/modules/mono/glue/GodotSharp/GodotSharp/Generated/NativeCalls.cs:11611)
       [1] Godot.Resource Godot.ResourceLoader.Load(string, string, Godot.ResourceLoader+CacheMode) (/root/godot/modules/mono/glue/GodotSharp/GodotSharp/Generated/GodotObjects/ResourceLoader.cs:120)
       [2] T Godot.ResourceLoader.Load<T>(string, string, Godot.ResourceLoader+CacheMode) (/root/godot/modules/mono/glue/GodotSharp/GodotSharp/Core/Extensions/ResourceLoaderExtensions.cs:27)
       [3] void Urman.Godot.Act1ConnectedWorld.ApplyHeroWarmWindow(Godot.Node3D) (/Users/kadyrahunov/Projects/URMAN/game/scripts/Act1ConnectedWorld.cs:5985)
       [4] void Urman.Godot.Act1ConnectedWorld.BuildAct1FapClinicKit(Godot.Node3D) (/Users/kadyrahunov/Projects/URMAN/game/scripts/Act1ConnectedWorld.cs:2811)
       [5] void Urman.Godot.Act1ConnectedWorld.BuildAct1CoreWorldGreybox() (/Users/kadyrahunov/Projects/URMAN/game/scripts/Act1ConnectedWorld.cs:1160)
       [6] void Urman.Godot.Act1ConnectedWorld.Build() (/Users/kadyrahunov/Projects/URMAN/game/scripts/Act1ConnectedWorld.cs:401)
       [7] void Urman.Godot.Act1ConnectedWorld._Ready() (/Users/kadyrahunov/Projects/URMAN/game/scripts/Act1ConnectedWorld.cs:303)
       [8] bool Godot.Node.InvokeGodotClassMethod(Godot.NativeInterop.godot_string_name&, Godot.NativeInterop.NativeVariantPtrArgs, Godot.NativeInterop.godot_variant&) (/root/godot/modules/mono/glue/GodotSharp/GodotSharp/Generated/GodotObjects/Node.cs:2660)
       [9] bool Godot.Node3D.InvokeGodotClassMethod(Godot.NativeInterop.godot_string_name&, Godot.NativeInterop.NativeVariantPtrArgs, Godot.NativeInterop.godot_variant&) (/root/godot/modules/mono/glue/GodotSharp/GodotSharp/Generated/GodotObjects/Node3D.cs:1127)
       [10] bool Urman.Godot.Act1ConnectedWorld.InvokeGodotClassMethod(Godot.NativeInterop.godot_string_name&, Godot.NativeInterop.NativeVariantPtrArgs, Godot.NativeInterop.godot_variant&) (/Users/kadyrahunov/Projects/URMAN/game/.godot/mono/temp/obj/Debug/Godot.SourceGenerators/Godot.SourceGenerators.ScriptMethodsGenerator/Urman.Godot.Act1ConnectedWorld_ScriptMethods.generated.cs:5046)
       [11] Godot.NativeInterop.godot_bool Godot.Bridge.CSharpInstanceBridge.Call(nint, Godot.NativeInterop.godot_string_name*, Godot.NativeInterop.godot_variant**, int, Godot.NativeInterop.godot_variant_call_error*, Godot.NativeInterop.godot_variant*) (/root/godot/modules/mono/glue/GodotSharp/GodotSharp/Core/Bridge/CSharpInstanceBridge.cs:24)
       [12] void Godot.NativeInterop.NativeFuncs.godotsharp_method_bind_ptrcall(nint, nint, System.Void**, System.Void*) (/root/godot/modules/mono/glue/GodotSharp/GodotSharp/Godot.SourceGenerators.Internal/Godot.SourceGenerators.Internal.UnmanagedCallbacksGenerator/Godot.NativeInterop.NativeFuncs.generated.cs:380)
       [13] void Godot.NativeCalls.godot_icall_3_912(nint, nint, nint, Godot.NativeInterop.godot_bool, int) (/root/godot/modules/mono/glue/GodotSharp/GodotSharp/Generated/NativeCalls.cs:8061)
       [14] void Godot.Node.AddChild(Godot.Node, bool, Godot.Node+InternalMode) (/root/godot/modules/mono/glue/GodotSharp/GodotSharp/Generated/GodotObjects/Node.cs:848)
       [15] void Urman.Godot.Main._Ready() (/Users/kadyrahunov/Projects/URMAN/game/scripts/Main.cs:83)
       [16] bool Godot.Node.InvokeGodotClassMethod(Godot.NativeInterop.godot_string_name&, Godot.NativeInterop.NativeVariantPtrArgs, Godot.NativeInterop.godot_variant&) (/root/godot/modules/mono/glue/GodotSharp/GodotSharp/Generated/GodotObjects/Node.cs:2660)
       [17] bool Godot.Node3D.InvokeGodotClassMethod(Godot.NativeInterop.godot_string_name&, Godot.NativeInterop.NativeVariantPtrArgs, Godot.NativeInterop.godot_variant&) (/root/godot/modules/mono/glue/GodotSharp/GodotSharp/Generated/GodotObjects/Node3D.cs:1127)
       [18] bool Urman.Godot.Main.InvokeGodotClassMethod(Godot.NativeInterop.godot_string_name&, Godot.NativeInterop.NativeVariantPtrArgs, Godot.NativeInterop.godot_variant&) (/Users/kadyrahunov/Projects/URMAN/game/.godot/mono/temp/obj/Debug/Godot.SourceGenerators/Godot.SourceGenerators.ScriptMethodsGenerator/Urman.Godot.Main_ScriptMethods.generated.cs:70)
       [19] Godot.NativeInterop.godot_bool Godot.Bridge.CSharpInstanceBridge.Call(nint, Godot.NativeInterop.godot_string_name*, Godot.NativeInterop.godot_variant**, int, Godot.NativeInterop.godot_variant_call_error*, Godot.NativeInterop.godot_variant*) (/root/godot/modules/mono/glue/GodotSharp/GodotSharp/Core/Bridge/CSharpInstanceBridge.cs:24)
       [20] void Godot.NativeInterop.NativeFuncs.godotsharp_method_bind_ptrcall(nint, nint, System.Void**, System.Void*) (/root/godot/modules/mono/glue/GodotSharp/GodotSharp/Godot.SourceGenerators.Internal/Godot.SourceGenerators.Internal.UnmanagedCallbacksGenerator/Godot.NativeInterop.NativeFuncs.generated.cs:380)
       [21] void Godot.NativeCalls.godot_icall_3_912(nint, nint, nint, Godot.NativeInterop.godot_bool, int) (/root/godot/modules/mono/glue/GodotSharp/GodotSharp/Generated/NativeCalls.cs:8061)
       [22] void Godot.Node.AddChild(Godot.Node, bool, Godot.Node+InternalMode) (/root/godot/modules/mono/glue/GodotSharp/GodotSharp/Generated/GodotObjects/Node.cs:848)
       [23] void Urman.Godot.Act1DemoRoot.InitializeDemo() (/Users/kadyrahunov/Projects/URMAN/game/scripts/Act1DemoRoot.cs:245)
       [24] void Urman.Godot.Act1DemoRoot._Ready() (/Users/kadyrahunov/Projects/URMAN/game/scripts/Act1DemoRoot.cs:194)
       [25] bool Godot.Node.InvokeGodotClassMethod(Godot.NativeInterop.godot_string_name&, Godot.NativeInterop.NativeVariantPtrArgs, Godot.NativeInterop.godot_variant&) (/root/godot/modules/mono/glue/GodotSharp/GodotSharp/Generated/GodotObjects/Node.cs:2660)
       [26] bool Urman.Godot.Act1DemoRoot.InvokeGodotClassMethod(Godot.NativeInterop.godot_string_name&, Godot.NativeInterop.NativeVariantPtrArgs, Godot.NativeInterop.godot_variant&) (/Users/kadyrahunov/Projects/URMAN/game/.godot/mono/temp/obj/Debug/Godot.SourceGenerators/Godot.SourceGenerators.ScriptMethodsGenerator/Urman.Godot.Act1DemoRoot_ScriptMethods.generated.cs:1040)
       [27] Godot.NativeInterop.godot_bool Godot.Bridge.CSharpInstanceBridge.Call(nint, Godot.NativeInterop.godot_string_name*, Godot.NativeInterop.godot_variant**, int, Godot.NativeInterop.godot_variant_call_error*, Godot.NativeInterop.godot_variant*) (/root/godot/modules/mono/glue/GodotSharp/GodotSharp/Core/Bridge/CSharpInstanceBridge.cs:24)
       [28] void Godot.NativeInterop.NativeFuncs.godotsharp_method_bind_ptrcall(nint, nint, System.Void**, System.Void*) (/root/godot/modules/mono/glue/GodotSharp/GodotSharp/Godot.SourceGenerators.Internal/Godot.SourceGenerators.Internal.UnmanagedCallbacksGenerator/Godot.NativeInterop.NativeFuncs.generated.cs:380)
       [29] void Godot.NativeCalls.godot_icall_3_912(nint, nint, nint, Godot.NativeInterop.godot_bool, int) (/root/godot/modules/mono/glue/GodotSharp/GodotSharp/Generated/NativeCalls.cs:8061)
       [30] void Godot.Node.AddChild(Godot.Node, bool, Godot.Node+InternalMode) (/root/godot/modules/mono/glue/GodotSharp/GodotSharp/Generated/GodotObjects/Node.cs:848)
       [31] void Urman.Godot.Tests.Act1MosqueLayoutSmokeTest+<_Ready>d__2.MoveNext() (/Users/kadyrahunov/Projects/URMAN/game/tests/Act1MosqueLayoutSmokeTest.cs:18)
       [32] void System.Runtime.CompilerServices.AsyncMethodBuilderCore.Start<TStateMachine>(TStateMachine&)
       [33] void Urman.Godot.Tests.Act1MosqueLayoutSmokeTest._Ready()
       [34] bool Godot.Node.InvokeGodotClassMethod(Godot.NativeInterop.godot_string_name&, Godot.NativeInterop.NativeVariantPtrArgs, Godot.NativeInterop.godot_variant&) (/root/godot/modules/mono/glue/GodotSharp/GodotSharp/Generated/GodotObjects/Node.cs:2660)
       [35] bool Urman.Godot.Tests.Act1MosqueLayoutSmokeTest.InvokeGodotClassMethod(Godot.NativeInterop.godot_string_name&, Godot.NativeInterop.NativeVariantPtrArgs, Godot.NativeInterop.godot_variant&) (/Users/kadyrahunov/Projects/URMAN/game/.godot/mono/temp/obj/Debug/Godot.SourceGenerators/Godot.SourceGenerators.ScriptMethodsGenerator/Urman.Godot.Tests.Act1MosqueLayoutSmokeTest_ScriptMethods.generated.cs:50)
       [36] Godot.NativeInterop.godot_bool Godot.Bridge.CSharpInstanceBridge.Call(nint, Godot.NativeInterop.godot_string_name*, Godot.NativeInterop.godot_variant**, int, Godot.NativeInterop.godot_variant_call_error*, Godot.NativeInterop.godot_variant*) (/root/godot/modules/mono/glue/GodotSharp/GodotSharp/Core/Bridge/CSharpInstanceBridge.cs:24)
ERROR: Error loading resource: 'res://assets/textures/painterly/frost_window_v1_albedo.png'.
   at: load (core/core_bind.cpp:82)
   C# backtrace (most recent call first):
       [0] Godot.GodotObject Godot.NativeCalls.godot_icall_3_1268(nint, nint, string, string, int) (/root/godot/modules/mono/glue/GodotSharp/GodotSharp/Generated/NativeCalls.cs:11611)
       [1] Godot.Resource Godot.ResourceLoader.Load(string, string, Godot.ResourceLoader+CacheMode) (/root/godot/modules/mono/glue/GodotSharp/GodotSharp/Generated/GodotObjects/ResourceLoader.cs:120)
       [2] T Godot.ResourceLoader.Load<T>(string, string, Godot.ResourceLoader+CacheMode) (/root/godot/modules/mono/glue/GodotSharp/GodotSharp/Core/Extensions/ResourceLoaderExtensions.cs:27)
       [3] void Urman.Godot.Act1ConnectedWorld.ApplyHeroWarmWindow(Godot.Node3D) (/Users/kadyrahunov/Projects/URMAN/game/scripts/Act1ConnectedWorld.cs:5985)
       [4] void Urman.Godot.Act1ConnectedWorld.BuildAct1FapClinicKit(Godot.Node3D) (/Users/kadyrahunov/Projects/URMAN/game/scripts/Act1ConnectedWorld.cs:2811)
       [5] void Urman.Godot.Act1ConnectedWorld.BuildAct1CoreWorldGreybox() (/Users/kadyrahunov/Projects/URMAN/game/scripts/Act1ConnectedWorld.cs:1160)
       [6] void Urman.Godot.Act1ConnectedWorld.Build() (/Users/kadyrahunov/Projects/URMAN/game/scripts/Act1ConnectedWorld.cs:401)
       [7] void Urman.Godot.Act1ConnectedWorld._Ready() (/Users/kadyrahunov/Projects/URMAN/game/scripts/Act1ConnectedWorld.cs:303)
       [8] bool Godot.Node.InvokeGodotClassMethod(Godot.NativeInterop.godot_string_name&, Godot.NativeInterop.NativeVariantPtrArgs, Godot.NativeInterop.godot_variant&) (/root/godot/modules/mono/glue/GodotSharp/GodotSharp/Generated/GodotObjects/Node.cs:2660)
       [9] bool Godot.Node3D.InvokeGodotClassMethod(Godot.NativeInterop.godot_string_name&, Godot.NativeInterop.NativeVariantPtrArgs, Godot.NativeInterop.godot_variant&) (/root/godot/modules/mono/glue/GodotSharp/GodotSharp/Generated/GodotObjects/Node3D.cs:1127)
       [10] bool Urman.Godot.Act1ConnectedWorld.InvokeGodotClassMethod(Godot.NativeInterop.godot_string_name&, Godot.NativeInterop.NativeVariantPtrArgs, Godot.NativeInterop.godot_variant&) (/Users/kadyrahunov/Projects/URMAN/game/.godot/mono/temp/obj/Debug/Godot.SourceGenerators/Godot.SourceGenerators.ScriptMethodsGenerator/Urman.Godot.Act1ConnectedWorld_ScriptMethods.generated.cs:5046)
       [11] Godot.NativeInterop.godot_bool Godot.Bridge.CSharpInstanceBridge.Call(nint, Godot.NativeInterop.godot_string_name*, Godot.NativeInterop.godot_variant**, int, Godot.NativeInterop.godot_variant_call_error*, Godot.NativeInterop.godot_variant*) (/root/godot/modules/mono/glue/GodotSharp/GodotSharp/Core/Bridge/CSharpInstanceBridge.cs:24)
       [12] void Godot.NativeInterop.NativeFuncs.godotsharp_method_bind_ptrcall(nint, nint, System.Void**, System.Void*) (/root/godot/modules/mono/glue/GodotSharp/GodotSharp/Godot.SourceGenerators.Internal/Godot.SourceGenerators.Internal.UnmanagedCallbacksGenerator/Godot.NativeInterop.NativeFuncs.generated.cs:380)
       [13] void Godot.NativeCalls.godot_icall_3_912(nint, nint, nint, Godot.NativeInterop.godot_bool, int) (/root/godot/modules/mono/glue/GodotSharp/GodotSharp/Generated/NativeCalls.cs:8061)
       [14] void Godot.Node.AddChild(Godot.Node, bool, Godot.Node+InternalMode) (/root/godot/modules/mono/glue/GodotSharp/GodotSharp/Generated/GodotObjects/Node.cs:848)
       [15] void Urman.Godot.Main._Ready() (/Users/kadyrahunov/Projects/URMAN/game/scripts/Main.cs:83)
       [16] bool Godot.Node.InvokeGodotClassMethod(Godot.NativeInterop.godot_string_name&, Godot.NativeInterop.NativeVariantPtrArgs, Godot.NativeInterop.godot_variant&) (/root/godot/modules/mono/glue/GodotSharp/GodotSharp/Generated/GodotObjects/Node.cs:2660)
       [17] bool Godot.Node3D.InvokeGodotClassMethod(Godot.NativeInterop.godot_string_name&, Godot.NativeInterop.NativeVariantPtrArgs, Godot.NativeInterop.godot_variant&) (/root/godot/modules/mono/glue/GodotSharp/GodotSharp/Generated/GodotObjects/Node3D.cs:1127)
       [18] bool Urman.Godot.Main.InvokeGodotClassMethod(Godot.NativeInterop.godot_string_name&, Godot.NativeInterop.NativeVariantPtrArgs, Godot.NativeInterop.godot_variant&) (/Users/kadyrahunov/Projects/URMAN/game/.godot/mono/temp/obj/Debug/Godot.SourceGenerators/Godot.SourceGenerators.ScriptMethodsGenerator/Urman.Godot.Main_ScriptMethods.generated.cs:70)
       [19] Godot.NativeInterop.godot_bool Godot.Bridge.CSharpInstanceBridge.Call(nint, Godot.NativeInterop.godot_string_name*, Godot.NativeInterop.godot_variant**, int, Godot.NativeInterop.godot_variant_call_error*, Godot.NativeInterop.godot_variant*) (/root/godot/modules/mono/glue/GodotSharp/GodotSharp/Core/Bridge/CSharpInstanceBridge.cs:24)
       [20] void Godot.NativeInterop.NativeFuncs.godotsharp_method_bind_ptrcall(nint, nint, System.Void**, System.Void*) (/root/godot/modules/mono/glue/GodotSharp/GodotSharp/Godot.SourceGenerators.Internal/Godot.SourceGenerators.Internal.UnmanagedCallbacksGenerator/Godot.NativeInterop.NativeFuncs.generated.cs:380)
       [21] void Godot.NativeCalls.godot_icall_3_912(nint, nint, nint, Godot.NativeInterop.godot_bool, int) (/root/godot/modules/mono/glue/GodotSharp/GodotSharp/Generated/NativeCalls.cs:8061)
       [22] void Godot.Node.AddChild(Godot.Node, bool, Godot.Node+InternalMode) (/root/godot/modules/mono/glue/GodotSharp/GodotSharp/Generated/GodotObjects/Node.cs:848)
       [23] void Urman.Godot.Act1DemoRoot.InitializeDemo() (/Users/kadyrahunov/Projects/URMAN/game/scripts/Act1DemoRoot.cs:245)
       [24] void Urman.Godot.Act1DemoRoot._Ready() (/Users/kadyrahunov/Projects/URMAN/game/scripts/Act1DemoRoot.cs:194)
       [25] bool Godot.Node.InvokeGodotClassMethod(Godot.NativeInterop.godot_string_name&, Godot.NativeInterop.NativeVariantPtrArgs, Godot.NativeInterop.godot_variant&) (/root/godot/modules/mono/glue/GodotSharp/GodotSharp/Generated/GodotObjects/Node.cs:2660)
       [26] bool Urman.Godot.Act1DemoRoot.InvokeGodotClassMethod(Godot.NativeInterop.godot_string_name&, Godot.NativeInterop.NativeVariantPtrArgs, Godot.NativeInterop.godot_variant&) (/Users/kadyrahunov/Projects/URMAN/game/.godot/mono/temp/obj/Debug/Godot.SourceGenerators/Godot.SourceGenerators.ScriptMethodsGenerator/Urman.Godot.Act1DemoRoot_ScriptMethods.generated.cs:1040)
       [27] Godot.NativeInterop.godot_bool Godot.Bridge.CSharpInstanceBridge.Call(nint, Godot.NativeInterop.godot_string_name*, Godot.NativeInterop.godot_variant**, int, Godot.NativeInterop.godot_variant_call_error*, Godot.NativeInterop.godot_variant*) (/root/godot/modules/mono/glue/GodotSharp/GodotSharp/Core/Bridge/CSharpInstanceBridge.cs:24)
       [28] void Godot.NativeInterop.NativeFuncs.godotsharp_method_bind_ptrcall(nint, nint, System.Void**, System.Void*) (/root/godot/modules/mono/glue/GodotSharp/GodotSharp/Godot.SourceGenerators.Internal/Godot.SourceGenerators.Internal.UnmanagedCallbacksGenerator/Godot.NativeInterop.NativeFuncs.generated.cs:380)
       [29] void Godot.NativeCalls.godot_icall_3_912(nint, nint, nint, Godot.NativeInterop.godot_bool, int) (/root/godot/modules/mono/glue/GodotSharp/GodotSharp/Generated/NativeCalls.cs:8061)
       [30] void Godot.Node.AddChild(Godot.Node, bool, Godot.Node+InternalMode) (/root/godot/modules/mono/glue/GodotSharp/GodotSharp/Generated/GodotObjects/Node.cs:848)
       [31] void Urman.Godot.Tests.Act1MosqueLayoutSmokeTest+<_Ready>d__2.MoveNext() (/Users/kadyrahunov/Projects/URMAN/game/tests/Act1MosqueLayoutSmokeTest.cs:18)
       [32] void System.Runtime.CompilerServices.AsyncMethodBuilderCore.Start<TStateMachine>(TStateMachine&)
       [33] void Urman.Godot.Tests.Act1MosqueLayoutSmokeTest._Ready()
       [34] bool Godot.Node.InvokeGodotClassMethod(Godot.NativeInterop.godot_string_name&, Godot.NativeInterop.NativeVariantPtrArgs, Godot.NativeInterop.godot_variant&) (/root/godot/modules/mono/glue/GodotSharp/GodotSharp/Generated/GodotObjects/Node.cs:2660)
       [35] bool Urman.Godot.Tests.Act1MosqueLayoutSmokeTest.InvokeGodotClassMethod(Godot.NativeInterop.godot_string_name&, Godot.NativeInterop.NativeVariantPtrArgs, Godot.NativeInterop.godot_variant&) (/Users/kadyrahunov/Projects/URMAN/game/.godot/mono/temp/obj/Debug/Godot.SourceGenerators/Godot.SourceGenerators.ScriptMethodsGenerator/Urman.Godot.Tests.Act1MosqueLayoutSmokeTest_ScriptMethods.generated.cs:50)
       [36] Godot.NativeInterop.godot_bool Godot.Bridge.CSharpInstanceBridge.Call(nint, Godot.NativeInterop.godot_string_name*, Godot.NativeInterop.godot_variant**, int, Godot.NativeInterop.godot_variant_call_error*, Godot.NativeInterop.godot_variant*) (/root/godot/modules/mono/glue/GodotSharp/GodotSharp/Core/Bridge/CSharpInstanceBridge.cs:24)
ERROR: Resource file not found: res://assets/textures/painterly/frost_window_v1_albedo.png (expected type: unknown)
   at: _load (core/io/resource_loader.cpp:325)
   C# backtrace (most recent call first):
       [0] Godot.GodotObject Godot.NativeCalls.godot_icall_3_1268(nint, nint, string, string, int) (/root/godot/modules/mono/glue/GodotSharp/GodotSharp/Generated/NativeCalls.cs:11611)
       [1] Godot.Resource Godot.ResourceLoader.Load(string, string, Godot.ResourceLoader+CacheMode) (/root/godot/modules/mono/glue/GodotSharp/GodotSharp/Generated/GodotObjects/ResourceLoader.cs:120)
       [2] T Godot.ResourceLoader.Load<T>(string, string, Godot.ResourceLoader+CacheMode) (/root/godot/modules/mono/glue/GodotSharp/GodotSharp/Core/Extensions/ResourceLoaderExtensions.cs:27)
       [3] void Urman.Godot.Act1ConnectedWorld.ApplyHeroWarmWindow(Godot.Node3D) (/Users/kadyrahunov/Projects/URMAN/game/scripts/Act1ConnectedWorld.cs:5985)
       [4] void Urman.Godot.Act1ConnectedWorld.BuildAct1FapClinicKit(Godot.Node3D) (/Users/kadyrahunov/Projects/URMAN/game/scripts/Act1ConnectedWorld.cs:2811)
       [5] void Urman.Godot.Act1ConnectedWorld.BuildAct1CoreWorldGreybox() (/Users/kadyrahunov/Projects/URMAN/game/scripts/Act1ConnectedWorld.cs:1160)
       [6] void Urman.Godot.Act1ConnectedWorld.Build() (/Users/kadyrahunov/Projects/URMAN/game/scripts/Act1ConnectedWorld.cs:401)
       [7] void Urman.Godot.Act1ConnectedWorld._Ready() (/Users/kadyrahunov/Projects/URMAN/game/scripts/Act1ConnectedWorld.cs:303)
       [8] bool Godot.Node.InvokeGodotClassMethod(Godot.NativeInterop.godot_string_name&, Godot.NativeInterop.NativeVariantPtrArgs, Godot.NativeInterop.godot_variant&) (/root/godot/modules/mono/glue/GodotSharp/GodotSharp/Generated/GodotObjects/Node.cs:2660)
       [9] bool Godot.Node3D.InvokeGodotClassMethod(Godot.NativeInterop.godot_string_name&, Godot.NativeInterop.NativeVariantPtrArgs, Godot.NativeInterop.godot_variant&) (/root/godot/modules/mono/glue/GodotSharp/GodotSharp/Generated/GodotObjects/Node3D.cs:1127)
       [10] bool Urman.Godot.Act1ConnectedWorld.InvokeGodotClassMethod(Godot.NativeInterop.godot_string_name&, Godot.NativeInterop.NativeVariantPtrArgs, Godot.NativeInterop.godot_variant&) (/Users/kadyrahunov/Projects/URMAN/game/.godot/mono/temp/obj/Debug/Godot.SourceGenerators/Godot.SourceGenerators.ScriptMethodsGenerator/Urman.Godot.Act1ConnectedWorld_ScriptMethods.generated.cs:5046)
       [11] Godot.NativeInterop.godot_bool Godot.Bridge.CSharpInstanceBridge.Call(nint, Godot.NativeInterop.godot_string_name*, Godot.NativeInterop.godot_variant**, int, Godot.NativeInterop.godot_variant_call_error*, Godot.NativeInterop.godot_variant*) (/root/godot/modules/mono/glue/GodotSharp/GodotSharp/Core/Bridge/CSharpInstanceBridge.cs:24)
       [12] void Godot.NativeInterop.NativeFuncs.godotsharp_method_bind_ptrcall(nint, nint, System.Void**, System.Void*) (/root/godot/modules/mono/glue/GodotSharp/GodotSharp/Godot.SourceGenerators.Internal/Godot.SourceGenerators.Internal.UnmanagedCallbacksGenerator/Godot.NativeInterop.NativeFuncs.generated.cs:380)
       [13] void Godot.NativeCalls.godot_icall_3_912(nint, nint, nint, Godot.NativeInterop.godot_bool, int) (/root/godot/modules/mono/glue/GodotSharp/GodotSharp/Generated/NativeCalls.cs:8061)
       [14] void Godot.Node.AddChild(Godot.Node, bool, Godot.Node+InternalMode) (/root/godot/modules/mono/glue/GodotSharp/GodotSharp/Generated/GodotObjects/Node.cs:848)
       [15] void Urman.Godot.Main._Ready() (/Users/kadyrahunov/Projects/URMAN/game/scripts/Main.cs:83)
       [16] bool Godot.Node.InvokeGodotClassMethod(Godot.NativeInterop.godot_string_name&, Godot.NativeInterop.NativeVariantPtrArgs, Godot.NativeInterop.godot_variant&) (/root/godot/modules/mono/glue/GodotSharp/GodotSharp/Generated/GodotObjects/Node.cs:2660)
       [17] bool Godot.Node3D.InvokeGodotClassMethod(Godot.NativeInterop.godot_string_name&, Godot.NativeInterop.NativeVariantPtrArgs, Godot.NativeInterop.godot_variant&) (/root/godot/modules/mono/glue/GodotSharp/GodotSharp/Generated/GodotObjects/Node3D.cs:1127)
       [18] bool Urman.Godot.Main.InvokeGodotClassMethod(Godot.NativeInterop.godot_string_name&, Godot.NativeInterop.NativeVariantPtrArgs, Godot.NativeInterop.godot_variant&) (/Users/kadyrahunov/Projects/URMAN/game/.godot/mono/temp/obj/Debug/Godot.SourceGenerators/Godot.SourceGenerators.ScriptMethodsGenerator/Urman.Godot.Main_ScriptMethods.generated.cs:70)
       [19] Godot.NativeInterop.godot_bool Godot.Bridge.CSharpInstanceBridge.Call(nint, Godot.NativeInterop.godot_string_name*, Godot.NativeInterop.godot_variant**, int, Godot.NativeInterop.godot_variant_call_error*, Godot.NativeInterop.godot_variant*) (/root/godot/modules/mono/glue/GodotSharp/GodotSharp/Core/Bridge/CSharpInstanceBridge.cs:24)
       [20] void Godot.NativeInterop.NativeFuncs.godotsharp_method_bind_ptrcall(nint, nint, System.Void**, System.Void*) (/root/godot/modules/mono/glue/GodotSharp/GodotSharp/Godot.SourceGenerators.Internal/Godot.SourceGenerators.Internal.UnmanagedCallbacksGenerator/Godot.NativeInterop.NativeFuncs.generated.cs:380)
       [21] void Godot.NativeCalls.godot_icall_3_912(nint, nint, nint, Godot.NativeInterop.godot_bool, int) (/root/godot/modules/mono/glue/GodotSharp/GodotSharp/Generated/NativeCalls.cs:8061)
       [22] void Godot.Node.AddChild(Godot.Node, bool, Godot.Node+InternalMode) (/root/godot/modules/mono/glue/GodotSharp/GodotSharp/Generated/GodotObjects/Node.cs:848)
       [23] void Urman.Godot.Act1DemoRoot.InitializeDemo() (/Users/kadyrahunov/Projects/URMAN/game/scripts/Act1DemoRoot.cs:245)
       [24] void Urman.Godot.Act1DemoRoot._Ready() (/Users/kadyrahunov/Projects/URMAN/game/scripts/Act1DemoRoot.cs:194)
       [25] bool Godot.Node.InvokeGodotClassMethod(Godot.NativeInterop.godot_string_name&, Godot.NativeInterop.NativeVariantPtrArgs, Godot.NativeInterop.godot_variant&) (/root/godot/modules/mono/glue/GodotSharp/GodotSharp/Generated/GodotObjects/Node.cs:2660)
       [26] bool Urman.Godot.Act1DemoRoot.InvokeGodotClassMethod(Godot.NativeInterop.godot_string_name&, Godot.NativeInterop.NativeVariantPtrArgs, Godot.NativeInterop.godot_variant&) (/Users/kadyrahunov/Projects/URMAN/game/.godot/mono/temp/obj/Debug/Godot.SourceGenerators/Godot.SourceGenerators.ScriptMethodsGenerator/Urman.Godot.Act1DemoRoot_ScriptMethods.generated.cs:1040)
       [27] Godot.NativeInterop.godot_bool Godot.Bridge.CSharpInstanceBridge.Call(nint, Godot.NativeInterop.godot_string_name*, Godot.NativeInterop.godot_variant**, int, Godot.NativeInterop.godot_variant_call_error*, Godot.NativeInterop.godot_variant*) (/root/godot/modules/mono/glue/GodotSharp/GodotSharp/Core/Bridge/CSharpInstanceBridge.cs:24)
       [28] void Godot.NativeInterop.NativeFuncs.godotsharp_method_bind_ptrcall(nint, nint, System.Void**, System.Void*) (/root/godot/modules/mono/glue/GodotSharp/GodotSharp/Godot.SourceGenerators.Internal/Godot.SourceGenerators.Internal.UnmanagedCallbacksGenerator/Godot.NativeInterop.NativeFuncs.generated.cs:380)
       [29] void Godot.NativeCalls.godot_icall_3_912(nint, nint, nint, Godot.NativeInterop.godot_bool, int) (/root/godot/modules/mono/glue/GodotSharp/GodotSharp/Generated/NativeCalls.cs:8061)
       [30] void Godot.Node.AddChild(Godot.Node, bool, Godot.Node+InternalMode) (/root/godot/modules/mono/glue/GodotSharp/GodotSharp/Generated/GodotObjects/Node.cs:848)
       [31] void Urman.Godot.Tests.Act1MosqueLayoutSmokeTest+<_Ready>d__2.MoveNext() (/Users/kadyrahunov/Projects/URMAN/game/tests/Act1MosqueLayoutSmokeTest.cs:18)
       [32] void System.Runtime.CompilerServices.AsyncMethodBuilderCore.Start<TStateMachine>(TStateMachine&)
       [33] void Urman.Godot.Tests.Act1MosqueLayoutSmokeTest._Ready()
       [34] bool Godot.Node.InvokeGodotClassMethod(Godot.NativeInterop.godot_string_name&, Godot.NativeInterop.NativeVariantPtrArgs, Godot.NativeInterop.godot_variant&) (/root/godot/modules/mono/glue/GodotSharp/GodotSharp/Generated/GodotObjects/Node.cs:2660)
       [35] bool Urman.Godot.Tests.Act1MosqueLayoutSmokeTest.InvokeGodotClassMethod(Godot.NativeInterop.godot_string_name&, Godot.NativeInterop.NativeVariantPtrArgs, Godot.NativeInterop.godot_variant&) (/Users/kadyrahunov/Projects/URMAN/game/.godot/mono/temp/obj/Debug/Godot.SourceGenerators/Godot.SourceGenerators.ScriptMethodsGenerator/Urman.Godot.Tests.Act1MosqueLayoutSmokeTest_ScriptMethods.generated.cs:50)
       [36] Godot.NativeInterop.godot_bool Godot.Bridge.CSharpInstanceBridge.Call(nint, Godot.NativeInterop.godot_string_name*, Godot.NativeInterop.godot_variant**, int, Godot.NativeInterop.godot_variant_call_error*, Godot.NativeInterop.godot_variant*) (/root/godot/modules/mono/glue/GodotSharp/GodotSharp/Core/Bridge/CSharpInstanceBridge.cs:24)
ERROR: Error loading resource: 'res://assets/textures/painterly/frost_window_v1_albedo.png'.
   at: load (core/core_bind.cpp:82)
   C# backtrace (most recent call first):
       [0] Godot.GodotObject Godot.NativeCalls.godot_icall_3_1268(nint, nint, string, string, int) (/root/godot/modules/mono/glue/GodotSharp/GodotSharp/Generated/NativeCalls.cs:11611)
       [1] Godot.Resource Godot.ResourceLoader.Load(string, string, Godot.ResourceLoader+CacheMode) (/root/godot/modules/mono/glue/GodotSharp/GodotSharp/Generated/GodotObjects/ResourceLoader.cs:120)
       [2] T Godot.ResourceLoader.Load<T>(string, string, Godot.ResourceLoader+CacheMode) (/root/godot/modules/mono/glue/GodotSharp/GodotSharp/Core/Extensions/ResourceLoaderExtensions.cs:27)
       [3] void Urman.Godot.Act1ConnectedWorld.ApplyHeroWarmWindow(Godot.Node3D) (/Users/kadyrahunov/Projects/URMAN/game/scripts/Act1ConnectedWorld.cs:5985)
       [4] void Urman.Godot.Act1ConnectedWorld.BuildAct1FapClinicKit(Godot.Node3D) (/Users/kadyrahunov/Projects/URMAN/game/scripts/Act1ConnectedWorld.cs:2811)
       [5] void Urman.Godot.Act1ConnectedWorld.BuildAct1CoreWorldGreybox() (/Users/kadyrahunov/Projects/URMAN/game/scripts/Act1ConnectedWorld.cs:1160)
       [6] void Urman.Godot.Act1ConnectedWorld.Build() (/Users/kadyrahunov/Projects/URMAN/game/scripts/Act1ConnectedWorld.cs:401)
       [7] void Urman.Godot.Act1ConnectedWorld._Ready() (/Users/kadyrahunov/Projects/URMAN/game/scripts/Act1ConnectedWorld.cs:303)
       [8] bool Godot.Node.InvokeGodotClassMethod(Godot.NativeInterop.godot_string_name&, Godot.NativeInterop.NativeVariantPtrArgs, Godot.NativeInterop.godot_variant&) (/root/godot/modules/mono/glue/GodotSharp/GodotSharp/Generated/GodotObjects/Node.cs:2660)
       [9] bool Godot.Node3D.InvokeGodotClassMethod(Godot.NativeInterop.godot_string_name&, Godot.NativeInterop.NativeVariantPtrArgs, Godot.NativeInterop.godot_variant&) (/root/godot/modules/mono/glue/GodotSharp/GodotSharp/Generated/GodotObjects/Node3D.cs:1127)
       [10] bool Urman.Godot.Act1ConnectedWorld.InvokeGodotClassMethod(Godot.NativeInterop.godot_string_name&, Godot.NativeInterop.NativeVariantPtrArgs, Godot.NativeInterop.godot_variant&) (/Users/kadyrahunov/Projects/URMAN/game/.godot/mono/temp/obj/Debug/Godot.SourceGenerators/Godot.SourceGenerators.ScriptMethodsGenerator/Urman.Godot.Act1ConnectedWorld_ScriptMethods.generated.cs:5046)
       [11] Godot.NativeInterop.godot_bool Godot.Bridge.CSharpInstanceBridge.Call(nint, Godot.NativeInterop.godot_string_name*, Godot.NativeInterop.godot_variant**, int, Godot.NativeInterop.godot_variant_call_error*, Godot.NativeInterop.godot_variant*) (/root/godot/modules/mono/glue/GodotSharp/GodotSharp/Core/Bridge/CSharpInstanceBridge.cs:24)
       [12] void Godot.NativeInterop.NativeFuncs.godotsharp_method_bind_ptrcall(nint, nint, System.Void**, System.Void*) (/root/godot/modules/mono/glue/GodotSharp/GodotSharp/Godot.SourceGenerators.Internal/Godot.SourceGenerators.Internal.UnmanagedCallbacksGenerator/Godot.NativeInterop.NativeFuncs.generated.cs:380)
       [13] void Godot.NativeCalls.godot_icall_3_912(nint, nint, nint, Godot.NativeInterop.godot_bool, int) (/root/godot/modules/mono/glue/GodotSharp/GodotSharp/Generated/NativeCalls.cs:8061)
       [14] void Godot.Node.AddChild(Godot.Node, bool, Godot.Node+InternalMode) (/root/godot/modules/mono/glue/GodotSharp/GodotSharp/Generated/GodotObjects/Node.cs:848)
       [15] void Urman.Godot.Main._Ready() (/Users/kadyrahunov/Projects/URMAN/game/scripts/Main.cs:83)
       [16] bool Godot.Node.InvokeGodotClassMethod(Godot.NativeInterop.godot_string_name&, Godot.NativeInterop.NativeVariantPtrArgs, Godot.NativeInterop.godot_variant&) (/root/godot/modules/mono/glue/GodotSharp/GodotSharp/Generated/GodotObjects/Node.cs:2660)
       [17] bool Godot.Node3D.InvokeGodotClassMethod(Godot.NativeInterop.godot_string_name&, Godot.NativeInterop.NativeVariantPtrArgs, Godot.NativeInterop.godot_variant&) (/root/godot/modules/mono/glue/GodotSharp/GodotSharp/Generated/GodotObjects/Node3D.cs:1127)
       [18] bool Urman.Godot.Main.InvokeGodotClassMethod(Godot.NativeInterop.godot_string_name&, Godot.NativeInterop.NativeVariantPtrArgs, Godot.NativeInterop.godot_variant&) (/Users/kadyrahunov/Projects/URMAN/game/.godot/mono/temp/obj/Debug/Godot.SourceGenerators/Godot.SourceGenerators.ScriptMethodsGenerator/Urman.Godot.Main_ScriptMethods.generated.cs:70)
       [19] Godot.NativeInterop.godot_bool Godot.Bridge.CSharpInstanceBridge.Call(nint, Godot.NativeInterop.godot_string_name*, Godot.NativeInterop.godot_variant**, int, Godot.NativeInterop.godot_variant_call_error*, Godot.NativeInterop.godot_variant*) (/root/godot/modules/mono/glue/GodotSharp/GodotSharp/Core/Bridge/CSharpInstanceBridge.cs:24)
       [20] void Godot.NativeInterop.NativeFuncs.godotsharp_method_bind_ptrcall(nint, nint, System.Void**, System.Void*) (/root/godot/modules/mono/glue/GodotSharp/GodotSharp/Godot.SourceGenerators.Internal/Godot.SourceGenerators.Internal.UnmanagedCallbacksGenerator/Godot.NativeInterop.NativeFuncs.generated.cs:380)
       [21] void Godot.NativeCalls.godot_icall_3_912(nint, nint, nint, Godot.NativeInterop.godot_bool, int) (/root/godot/modules/mono/glue/GodotSharp/GodotSharp/Generated/NativeCalls.cs:8061)
       [22] void Godot.Node.AddChild(Godot.Node, bool, Godot.Node+InternalMode) (/root/godot/modules/mono/glue/GodotSharp/GodotSharp/Generated/GodotObjects/Node.cs:848)
       [23] void Urman.Godot.Act1DemoRoot.InitializeDemo() (/Users/kadyrahunov/Projects/URMAN/game/scripts/Act1DemoRoot.cs:245)
       [24] void Urman.Godot.Act1DemoRoot._Ready() (/Users/kadyrahunov/Projects/URMAN/game/scripts/Act1DemoRoot.cs:194)
       [25] bool Godot.Node.InvokeGodotClassMethod(Godot.NativeInterop.godot_string_name&, Godot.NativeInterop.NativeVariantPtrArgs, Godot.NativeInterop.godot_variant&) (/root/godot/modules/mono/glue/GodotSharp/GodotSharp/Generated/GodotObjects/Node.cs:2660)
       [26] bool Urman.Godot.Act1DemoRoot.InvokeGodotClassMethod(Godot.NativeInterop.godot_string_name&, Godot.NativeInterop.NativeVariantPtrArgs, Godot.NativeInterop.godot_variant&) (/Users/kadyrahunov/Projects/URMAN/game/.godot/mono/temp/obj/Debug/Godot.SourceGenerators/Godot.SourceGenerators.ScriptMethodsGenerator/Urman.Godot.Act1DemoRoot_ScriptMethods.generated.cs:1040)
       [27] Godot.NativeInterop.godot_bool Godot.Bridge.CSharpInstanceBridge.Call(nint, Godot.NativeInterop.godot_string_name*, Godot.NativeInterop.godot_variant**, int, Godot.NativeInterop.godot_variant_call_error*, Godot.NativeInterop.godot_variant*) (/root/godot/modules/mono/glue/GodotSharp/GodotSharp/Core/Bridge/CSharpInstanceBridge.cs:24)
       [28] void Godot.NativeInterop.NativeFuncs.godotsharp_method_bind_ptrcall(nint, nint, System.Void**, System.Void*) (/root/godot/modules/mono/glue/GodotSharp/GodotSharp/Godot.SourceGenerators.Internal/Godot.SourceGenerators.Internal.UnmanagedCallbacksGenerator/Godot.NativeInterop.NativeFuncs.generated.cs:380)
       [29] void Godot.NativeCalls.godot_icall_3_912(nint, nint, nint, Godot.NativeInterop.godot_bool, int) (/root/godot/modules/mono/glue/GodotSharp/GodotSharp/Generated/NativeCalls.cs:8061)
       [30] void Godot.Node.AddChild(Godot.Node, bool, Godot.Node+InternalMode) (/root/godot/modules/mono/glue/GodotSharp/GodotSharp/Generated/GodotObjects/Node.cs:848)
       [31] void Urman.Godot.Tests.Act1MosqueLayoutSmokeTest+<_Ready>d__2.MoveNext() (/Users/kadyrahunov/Projects/URMAN/game/tests/Act1MosqueLayoutSmokeTest.cs:18)
       [32] void System.Runtime.CompilerServices.AsyncMethodBuilderCore.Start<TStateMachine>(TStateMachine&)
       [33] void Urman.Godot.Tests.Act1MosqueLayoutSmokeTest._Ready()
       [34] bool Godot.Node.InvokeGodotClassMethod(Godot.NativeInterop.godot_string_name&, Godot.NativeInterop.NativeVariantPtrArgs, Godot.NativeInterop.godot_variant&) (/root/godot/modules/mono/glue/GodotSharp/GodotSharp/Generated/GodotObjects/Node.cs:2660)
       [35] bool Urman.Godot.Tests.Act1MosqueLayoutSmokeTest.InvokeGodotClassMethod(Godot.NativeInterop.godot_string_name&, Godot.NativeInterop.NativeVariantPtrArgs, Godot.NativeInterop.godot_variant&) (/Users/kadyrahunov/Projects/URMAN/game/.godot/mono/temp/obj/Debug/Godot.SourceGenerators/Godot.SourceGenerators.ScriptMethodsGenerator/Urman.Godot.Tests.Act1MosqueLayoutSmokeTest_ScriptMethods.generated.cs:50)
       [36] Godot.NativeInterop.godot_bool Godot.Bridge.CSharpInstanceBridge.Call(nint, Godot.NativeInterop.godot_string_name*, Godot.NativeInterop.godot_variant**, int, Godot.NativeInterop.godot_variant_call_error*, Godot.NativeInterop.godot_variant*) (/root/godot/modules/mono/glue/GodotSharp/GodotSharp/Core/Bridge/CSharpInstanceBridge.cs:24)
ERROR: Resource file not found: res://assets/textures/painterly/frost_window_v1_albedo.png (expected type: unknown)
   at: _load (core/io/resource_loader.cpp:325)
   C# backtrace (most recent call first):
       [0] Godot.GodotObject Godot.NativeCalls.godot_icall_3_1268(nint, nint, string, string, int) (/root/godot/modules/mono/glue/GodotSharp/GodotSharp/Generated/NativeCalls.cs:11611)
       [1] Godot.Resource Godot.ResourceLoader.Load(string, string, Godot.ResourceLoader+CacheMode) (/root/godot/modules/mono/glue/GodotSharp/GodotSharp/Generated/GodotObjects/ResourceLoader.cs:120)
       [2] T Godot.ResourceLoader.Load<T>(string, string, Godot.ResourceLoader+CacheMode) (/root/godot/modules/mono/glue/GodotSharp/GodotSharp/Core/Extensions/ResourceLoaderExtensions.cs:27)
       [3] void Urman.Godot.Act1ConnectedWorld.ApplyHeroWarmWindow(Godot.Node3D) (/Users/kadyrahunov/Projects/URMAN/game/scripts/Act1ConnectedWorld.cs:5985)
       [4] void Urman.Godot.Act1ConnectedWorld.BuildAct1AuthoredExteriorKit(Godot.Node3D) (/Users/kadyrahunov/Projects/URMAN/game/scripts/Act1ConnectedWorld.cs:3756)
       [5] void Urman.Godot.Act1ConnectedWorld.BuildAct1CoreWorldGreybox() (/Users/kadyrahunov/Projects/URMAN/game/scripts/Act1ConnectedWorld.cs:1163)
       [6] void Urman.Godot.Act1ConnectedWorld.Build() (/Users/kadyrahunov/Projects/URMAN/game/scripts/Act1ConnectedWorld.cs:401)
       [7] void Urman.Godot.Act1ConnectedWorld._Ready() (/Users/kadyrahunov/Projects/URMAN/game/scripts/Act1ConnectedWorld.cs:303)
       [8] bool Godot.Node.InvokeGodotClassMethod(Godot.NativeInterop.godot_string_name&, Godot.NativeInterop.NativeVariantPtrArgs, Godot.NativeInterop.godot_variant&) (/root/godot/modules/mono/glue/GodotSharp/GodotSharp/Generated/GodotObjects/Node.cs:2660)
       [9] bool Godot.Node3D.InvokeGodotClassMethod(Godot.NativeInterop.godot_string_name&, Godot.NativeInterop.NativeVariantPtrArgs, Godot.NativeInterop.godot_variant&) (/root/godot/modules/mono/glue/GodotSharp/GodotSharp/Generated/GodotObjects/Node3D.cs:1127)
       [10] bool Urman.Godot.Act1ConnectedWorld.InvokeGodotClassMethod(Godot.NativeInterop.godot_string_name&, Godot.NativeInterop.NativeVariantPtrArgs, Godot.NativeInterop.godot_variant&) (/Users/kadyrahunov/Projects/URMAN/game/.godot/mono/temp/obj/Debug/Godot.SourceGenerators/Godot.SourceGenerators.ScriptMethodsGenerator/Urman.Godot.Act1ConnectedWorld_ScriptMethods.generated.cs:5046)
       [11] Godot.NativeInterop.godot_bool Godot.Bridge.CSharpInstanceBridge.Call(nint, Godot.NativeInterop.godot_string_name*, Godot.NativeInterop.godot_variant**, int, Godot.NativeInterop.godot_variant_call_error*, Godot.NativeInterop.godot_variant*) (/root/godot/modules/mono/glue/GodotSharp/GodotSharp/Core/Bridge/CSharpInstanceBridge.cs:24)
       [12] void Godot.NativeInterop.NativeFuncs.godotsharp_method_bind_ptrcall(nint, nint, System.Void**, System.Void*) (/root/godot/modules/mono/glue/GodotSharp/GodotSharp/Godot.SourceGenerators.Internal/Godot.SourceGenerators.Internal.UnmanagedCallbacksGenerator/Godot.NativeInterop.NativeFuncs.generated.cs:380)
       [13] void Godot.NativeCalls.godot_icall_3_912(nint, nint, nint, Godot.NativeInterop.godot_bool, int) (/root/godot/modules/mono/glue/GodotSharp/GodotSharp/Generated/NativeCalls.cs:8061)
       [14] void Godot.Node.AddChild(Godot.Node, bool, Godot.Node+InternalMode) (/root/godot/modules/mono/glue/GodotSharp/GodotSharp/Generated/GodotObjects/Node.cs:848)
       [15] void Urman.Godot.Main._Ready() (/Users/kadyrahunov/Projects/URMAN/game/scripts/Main.cs:83)
       [16] bool Godot.Node.InvokeGodotClassMethod(Godot.NativeInterop.godot_string_name&, Godot.NativeInterop.NativeVariantPtrArgs, Godot.NativeInterop.godot_variant&) (/root/godot/modules/mono/glue/GodotSharp/GodotSharp/Generated/GodotObjects/Node.cs:2660)
       [17] bool Godot.Node3D.InvokeGodotClassMethod(Godot.NativeInterop.godot_string_name&, Godot.NativeInterop.NativeVariantPtrArgs, Godot.NativeInterop.godot_variant&) (/root/godot/modules/mono/glue/GodotSharp/GodotSharp/Generated/GodotObjects/Node3D.cs:1127)
       [18] bool Urman.Godot.Main.InvokeGodotClassMethod(Godot.NativeInterop.godot_string_name&, Godot.NativeInterop.NativeVariantPtrArgs, Godot.NativeInterop.godot_variant&) (/Users/kadyrahunov/Projects/URMAN/game/.godot/mono/temp/obj/Debug/Godot.SourceGenerators/Godot.SourceGenerators.ScriptMethodsGenerator/Urman.Godot.Main_ScriptMethods.generated.cs:70)
       [19] Godot.NativeInterop.godot_bool Godot.Bridge.CSharpInstanceBridge.Call(nint, Godot.NativeInterop.godot_string_name*, Godot.NativeInterop.godot_variant**, int, Godot.NativeInterop.godot_variant_call_error*, Godot.NativeInterop.godot_variant*) (/root/godot/modules/mono/glue/GodotSharp/GodotSharp/Core/Bridge/CSharpInstanceBridge.cs:24)
       [20] void Godot.NativeInterop.NativeFuncs.godotsharp_method_bind_ptrcall(nint, nint, System.Void**, System.Void*) (/root/godot/modules/mono/glue/GodotSharp/GodotSharp/Godot.SourceGenerators.Internal/Godot.SourceGenerators.Internal.UnmanagedCallbacksGenerator/Godot.NativeInterop.NativeFuncs.generated.cs:380)
       [21] void Godot.NativeCalls.godot_icall_3_912(nint, nint, nint, Godot.NativeInterop.godot_bool, int) (/root/godot/modules/mono/glue/GodotSharp/GodotSharp/Generated/NativeCalls.cs:8061)
       [22] void Godot.Node.AddChild(Godot.Node, bool, Godot.Node+InternalMode) (/root/godot/modules/mono/glue/GodotSharp/GodotSharp/Generated/GodotObjects/Node.cs:848)
       [23] void Urman.Godot.Act1DemoRoot.InitializeDemo() (/Users/kadyrahunov/Projects/URMAN/game/scripts/Act1DemoRoot.cs:245)
       [24] void Urman.Godot.Act1DemoRoot._Ready() (/Users/kadyrahunov/Projects/URMAN/game/scripts/Act1DemoRoot.cs:194)
       [25] bool Godot.Node.InvokeGodotClassMethod(Godot.NativeInterop.godot_string_name&, Godot.NativeInterop.NativeVariantPtrArgs, Godot.NativeInterop.godot_variant&) (/root/godot/modules/mono/glue/GodotSharp/GodotSharp/Generated/GodotObjects/Node.cs:2660)
       [26] bool Urman.Godot.Act1DemoRoot.InvokeGodotClassMethod(Godot.NativeInterop.godot_string_name&, Godot.NativeInterop.NativeVariantPtrArgs, Godot.NativeInterop.godot_variant&) (/Users/kadyrahunov/Projects/URMAN/game/.godot/mono/temp/obj/Debug/Godot.SourceGenerators/Godot.SourceGenerators.ScriptMethodsGenerator/Urman.Godot.Act1DemoRoot_ScriptMethods.generated.cs:1040)
       [27] Godot.NativeInterop.godot_bool Godot.Bridge.CSharpInstanceBridge.Call(nint, Godot.NativeInterop.godot_string_name*, Godot.NativeInterop.godot_variant**, int, Godot.NativeInterop.godot_variant_call_error*, Godot.NativeInterop.godot_variant*) (/root/godot/modules/mono/glue/GodotSharp/GodotSharp/Core/Bridge/CSharpInstanceBridge.cs:24)
       [28] void Godot.NativeInterop.NativeFuncs.godotsharp_method_bind_ptrcall(nint, nint, System.Void**, System.Void*) (/root/godot/modules/mono/glue/GodotSharp/GodotSharp/Godot.SourceGenerators.Internal/Godot.SourceGenerators.Internal.UnmanagedCallbacksGenerator/Godot.NativeInterop.NativeFuncs.generated.cs:380)
       [29] void Godot.NativeCalls.godot_icall_3_912(nint, nint, nint, Godot.NativeInterop.godot_bool, int) (/root/godot/modules/mono/glue/GodotSharp/GodotSharp/Generated/NativeCalls.cs:8061)
       [30] void Godot.Node.AddChild(Godot.Node, bool, Godot.Node+InternalMode) (/root/godot/modules/mono/glue/GodotSharp/GodotSharp/Generated/GodotObjects/Node.cs:848)
       [31] void Urman.Godot.Tests.Act1MosqueLayoutSmokeTest+<_Ready>d__2.MoveNext() (/Users/kadyrahunov/Projects/URMAN/game/tests/Act1MosqueLayoutSmokeTest.cs:18)
       [32] void System.Runtime.CompilerServices.AsyncMethodBuilderCore.Start<TStateMachine>(TStateMachine&)
       [33] void Urman.Godot.Tests.Act1MosqueLayoutSmokeTest._Ready()
       [34] bool Godot.Node.InvokeGodotClassMethod(Godot.NativeInterop.godot_string_name&, Godot.NativeInterop.NativeVariantPtrArgs, Godot.NativeInterop.godot_variant&) (/root/godot/modules/mono/glue/GodotSharp/GodotSharp/Generated/GodotObjects/Node.cs:2660)
       [35] bool Urman.Godot.Tests.Act1MosqueLayoutSmokeTest.InvokeGodotClassMethod(Godot.NativeInterop.godot_string_name&, Godot.NativeInterop.NativeVariantPtrArgs, Godot.NativeInterop.godot_variant&) (/Users/kadyrahunov/Projects/URMAN/game/.godot/mono/temp/obj/Debug/Godot.SourceGenerators/Godot.SourceGenerators.ScriptMethodsGenerator/Urman.Godot.Tests.Act1MosqueLayoutSmokeTest_ScriptMethods.generated.cs:50)
       [36] Godot.NativeInterop.godot_bool Godot.Bridge.CSharpInstanceBridge.Call(nint, Godot.NativeInterop.godot_string_name*, Godot.NativeInterop.godot_variant**, int, Godot.NativeInterop.godot_variant_call_error*, Godot.NativeInterop.godot_variant*) (/root/godot/modules/mono/glue/GodotSharp/GodotSharp/Core/Bridge/CSharpInstanceBridge.cs:24)
ERROR: Error loading resource: 'res://assets/textures/painterly/frost_window_v1_albedo.png'.
   at: load (core/core_bind.cpp:82)
   C# backtrace (most recent call first):
       [0] Godot.GodotObject Godot.NativeCalls.godot_icall_3_1268(nint, nint, string, string, int) (/root/godot/modules/mono/glue/GodotSharp/GodotSharp/Generated/NativeCalls.cs:11611)
       [1] Godot.Resource Godot.ResourceLoader.Load(string, string, Godot.ResourceLoader+CacheMode) (/root/godot/modules/mono/glue/GodotSharp/GodotSharp/Generated/GodotObjects/ResourceLoader.cs:120)
       [2] T Godot.ResourceLoader.Load<T>(string, string, Godot.ResourceLoader+CacheMode) (/root/godot/modules/mono/glue/GodotSharp/GodotSharp/Core/Extensions/ResourceLoaderExtensions.cs:27)
       [3] void Urman.Godot.Act1ConnectedWorld.ApplyHeroWarmWindow(Godot.Node3D) (/Users/kadyrahunov/Projects/URMAN/game/scripts/Act1ConnectedWorld.cs:5985)
       [4] void Urman.Godot.Act1ConnectedWorld.BuildAct1AuthoredExteriorKit(Godot.Node3D) (/Users/kadyrahunov/Projects/URMAN/game/scripts/Act1ConnectedWorld.cs:3756)
       [5] void Urman.Godot.Act1ConnectedWorld.BuildAct1CoreWorldGreybox() (/Users/kadyrahunov/Projects/URMAN/game/scripts/Act1ConnectedWorld.cs:1163)
       [6] void Urman.Godot.Act1ConnectedWorld.Build() (/Users/kadyrahunov/Projects/URMAN/game/scripts/Act1ConnectedWorld.cs:401)
       [7] void Urman.Godot.Act1ConnectedWorld._Ready() (/Users/kadyrahunov/Projects/URMAN/game/scripts/Act1ConnectedWorld.cs:303)
       [8] bool Godot.Node.InvokeGodotClassMethod(Godot.NativeInterop.godot_string_name&, Godot.NativeInterop.NativeVariantPtrArgs, Godot.NativeInterop.godot_variant&) (/root/godot/modules/mono/glue/GodotSharp/GodotSharp/Generated/GodotObjects/Node.cs:2660)
       [9] bool Godot.Node3D.InvokeGodotClassMethod(Godot.NativeInterop.godot_string_name&, Godot.NativeInterop.NativeVariantPtrArgs, Godot.NativeInterop.godot_variant&) (/root/godot/modules/mono/glue/GodotSharp/GodotSharp/Generated/GodotObjects/Node3D.cs:1127)
       [10] bool Urman.Godot.Act1ConnectedWorld.InvokeGodotClassMethod(Godot.NativeInterop.godot_string_name&, Godot.NativeInterop.NativeVariantPtrArgs, Godot.NativeInterop.godot_variant&) (/Users/kadyrahunov/Projects/URMAN/game/.godot/mono/temp/obj/Debug/Godot.SourceGenerators/Godot.SourceGenerators.ScriptMethodsGenerator/Urman.Godot.Act1ConnectedWorld_ScriptMethods.generated.cs:5046)
       [11] Godot.NativeInterop.godot_bool Godot.Bridge.CSharpInstanceBridge.Call(nint, Godot.NativeInterop.godot_string_name*, Godot.NativeInterop.godot_variant**, int, Godot.NativeInterop.godot_variant_call_error*, Godot.NativeInterop.godot_variant*) (/root/godot/modules/mono/glue/GodotSharp/GodotSharp/Core/Bridge/CSharpInstanceBridge.cs:24)
       [12] void Godot.NativeInterop.NativeFuncs.godotsharp_method_bind_ptrcall(nint, nint, System.Void**, System.Void*) (/root/godot/modules/mono/glue/GodotSharp/GodotSharp/Godot.SourceGenerators.Internal/Godot.SourceGenerators.Internal.UnmanagedCallbacksGenerator/Godot.NativeInterop.NativeFuncs.generated.cs:380)
       [13] void Godot.NativeCalls.godot_icall_3_912(nint, nint, nint, Godot.NativeInterop.godot_bool, int) (/root/godot/modules/mono/glue/GodotSharp/GodotSharp/Generated/NativeCalls.cs:8061)
       [14] void Godot.Node.AddChild(Godot.Node, bool, Godot.Node+InternalMode) (/root/godot/modules/mono/glue/GodotSharp/GodotSharp/Generated/GodotObjects/Node.cs:848)
       [15] void Urman.Godot.Main._Ready() (/Users/kadyrahunov/Projects/URMAN/game/scripts/Main.cs:83)
       [16] bool Godot.Node.InvokeGodotClassMethod(Godot.NativeInterop.godot_string_name&, Godot.NativeInterop.NativeVariantPtrArgs, Godot.NativeInterop.godot_variant&) (/root/godot/modules/mono/glue/GodotSharp/GodotSharp/Generated/GodotObjects/Node.cs:2660)
       [17] bool Godot.Node3D.InvokeGodotClassMethod(Godot.NativeInterop.godot_string_name&, Godot.NativeInterop.NativeVariantPtrArgs, Godot.NativeInterop.godot_variant&) (/root/godot/modules/mono/glue/GodotSharp/GodotSharp/Generated/GodotObjects/Node3D.cs:1127)
       [18] bool Urman.Godot.Main.InvokeGodotClassMethod(Godot.NativeInterop.godot_string_name&, Godot.NativeInterop.NativeVariantPtrArgs, Godot.NativeInterop.godot_variant&) (/Users/kadyrahunov/Projects/URMAN/game/.godot/mono/temp/obj/Debug/Godot.SourceGenerators/Godot.SourceGenerators.ScriptMethodsGenerator/Urman.Godot.Main_ScriptMethods.generated.cs:70)
       [19] Godot.NativeInterop.godot_bool Godot.Bridge.CSharpInstanceBridge.Call(nint, Godot.NativeInterop.godot_string_name*, Godot.NativeInterop.godot_variant**, int, Godot.NativeInterop.godot_variant_call_error*, Godot.NativeInterop.godot_variant*) (/root/godot/modules/mono/glue/GodotSharp/GodotSharp/Core/Bridge/CSharpInstanceBridge.cs:24)
       [20] void Godot.NativeInterop.NativeFuncs.godotsharp_method_bind_ptrcall(nint, nint, System.Void**, System.Void*) (/root/godot/modules/mono/glue/GodotSharp/GodotSharp/Godot.SourceGenerators.Internal/Godot.SourceGenerators.Internal.UnmanagedCallbacksGenerator/Godot.NativeInterop.NativeFuncs.generated.cs:380)
       [21] void Godot.NativeCalls.godot_icall_3_912(nint, nint, nint, Godot.NativeInterop.godot_bool, int) (/root/godot/modules/mono/glue/GodotSharp/GodotSharp/Generated/NativeCalls.cs:8061)
       [22] void Godot.Node.AddChild(Godot.Node, bool, Godot.Node+InternalMode) (/root/godot/modules/mono/glue/GodotSharp/GodotSharp/Generated/GodotObjects/Node.cs:848)
       [23] void Urman.Godot.Act1DemoRoot.InitializeDemo() (/Users/kadyrahunov/Projects/URMAN/game/scripts/Act1DemoRoot.cs:245)
       [24] void Urman.Godot.Act1DemoRoot._Ready() (/Users/kadyrahunov/Projects/URMAN/game/scripts/Act1DemoRoot.cs:194)
       [25] bool Godot.Node.InvokeGodotClassMethod(Godot.NativeInterop.godot_string_name&, Godot.NativeInterop.NativeVariantPtrArgs, Godot.NativeInterop.godot_variant&) (/root/godot/modules/mono/glue/GodotSharp/GodotSharp/Generated/GodotObjects/Node.cs:2660)
       [26] bool Urman.Godot.Act1DemoRoot.InvokeGodotClassMethod(Godot.NativeInterop.godot_string_name&, Godot.NativeInterop.NativeVariantPtrArgs, Godot.NativeInterop.godot_variant&) (/Users/kadyrahunov/Projects/URMAN/game/.godot/mono/temp/obj/Debug/Godot.SourceGenerators/Godot.SourceGenerators.ScriptMethodsGenerator/Urman.Godot.Act1DemoRoot_ScriptMethods.generated.cs:1040)
       [27] Godot.NativeInterop.godot_bool Godot.Bridge.CSharpInstanceBridge.Call(nint, Godot.NativeInterop.godot_string_name*, Godot.NativeInterop.godot_variant**, int, Godot.NativeInterop.godot_variant_call_error*, Godot.NativeInterop.godot_variant*) (/root/godot/modules/mono/glue/GodotSharp/GodotSharp/Core/Bridge/CSharpInstanceBridge.cs:24)
       [28] void Godot.NativeInterop.NativeFuncs.godotsharp_method_bind_ptrcall(nint, nint, System.Void**, System.Void*) (/root/godot/modules/mono/glue/GodotSharp/GodotSharp/Godot.SourceGenerators.Internal/Godot.SourceGenerators.Internal.UnmanagedCallbacksGenerator/Godot.NativeInterop.NativeFuncs.generated.cs:380)
       [29] void Godot.NativeCalls.godot_icall_3_912(nint, nint, nint, Godot.NativeInterop.godot_bool, int) (/root/godot/modules/mono/glue/GodotSharp/GodotSharp/Generated/NativeCalls.cs:8061)
       [30] void Godot.Node.AddChild(Godot.Node, bool, Godot.Node+InternalMode) (/root/godot/modules/mono/glue/GodotSharp/GodotSharp/Generated/GodotObjects/Node.cs:848)
       [31] void Urman.Godot.Tests.Act1MosqueLayoutSmokeTest+<_Ready>d__2.MoveNext() (/Users/kadyrahunov/Projects/URMAN/game/tests/Act1MosqueLayoutSmokeTest.cs:18)
       [32] void System.Runtime.CompilerServices.AsyncMethodBuilderCore.Start<TStateMachine>(TStateMachine&)
       [33] void Urman.Godot.Tests.Act1MosqueLayoutSmokeTest._Ready()
       [34] bool Godot.Node.InvokeGodotClassMethod(Godot.NativeInterop.godot_string_name&, Godot.NativeInterop.NativeVariantPtrArgs, Godot.NativeInterop.godot_variant&) (/root/godot/modules/mono/glue/GodotSharp/GodotSharp/Generated/GodotObjects/Node.cs:2660)
       [35] bool Urman.Godot.Tests.Act1MosqueLayoutSmokeTest.InvokeGodotClassMethod(Godot.NativeInterop.godot_string_name&, Godot.NativeInterop.NativeVariantPtrArgs, Godot.NativeInterop.godot_variant&) (/Users/kadyrahunov/Projects/URMAN/game/.godot/mono/temp/obj/Debug/Godot.SourceGenerators/Godot.SourceGenerators.ScriptMethodsGenerator/Urman.Godot.Tests.Act1MosqueLayoutSmokeTest_ScriptMethods.generated.cs:50)
       [36] Godot.NativeInterop.godot_bool Godot.Bridge.CSharpInstanceBridge.Call(nint, Godot.NativeInterop.godot_string_name*, Godot.NativeInterop.godot_variant**, int, Godot.NativeInterop.godot_variant_call_error*, Godot.NativeInterop.godot_variant*) (/root/godot/modules/mono/glue/GodotSharp/GodotSharp/Core/Bridge/CSharpInstanceBridge.cs:24)
ERROR: Resource file not found: res://assets/textures/painterly/frost_window_v1_albedo.png (expected type: unknown)
   at: _load (core/io/resource_loader.cpp:325)
   C# backtrace (most recent call first):
       [0] Godot.GodotObject Godot.NativeCalls.godot_icall_3_1268(nint, nint, string, string, int) (/root/godot/modules/mono/glue/GodotSharp/GodotSharp/Generated/NativeCalls.cs:11611)
       [1] Godot.Resource Godot.ResourceLoader.Load(string, string, Godot.ResourceLoader+CacheMode) (/root/godot/modules/mono/glue/GodotSharp/GodotSharp/Generated/GodotObjects/ResourceLoader.cs:120)
       [2] T Godot.ResourceLoader.Load<T>(string, string, Godot.ResourceLoader+CacheMode) (/root/godot/modules/mono/glue/GodotSharp/GodotSharp/Core/Extensions/ResourceLoaderExtensions.cs:27)
       [3] void Urman.Godot.Act1ConnectedWorld.ApplyHeroWarmWindow(Godot.Node3D) (/Users/kadyrahunov/Projects/URMAN/game/scripts/Act1ConnectedWorld.cs:5985)
       [4] void Urman.Godot.Act1ConnectedWorld.BuildAct1AuthoredExteriorKit(Godot.Node3D) (/Users/kadyrahunov/Projects/URMAN/game/scripts/Act1ConnectedWorld.cs:3756)
       [5] void Urman.Godot.Act1ConnectedWorld.BuildAct1CoreWorldGreybox() (/Users/kadyrahunov/Projects/URMAN/game/scripts/Act1ConnectedWorld.cs:1163)
       [6] void Urman.Godot.Act1ConnectedWorld.Build() (/Users/kadyrahunov/Projects/URMAN/game/scripts/Act1ConnectedWorld.cs:401)
       [7] void Urman.Godot.Act1ConnectedWorld._Ready() (/Users/kadyrahunov/Projects/URMAN/game/scripts/Act1ConnectedWorld.cs:303)
       [8] bool Godot.Node.InvokeGodotClassMethod(Godot.NativeInterop.godot_string_name&, Godot.NativeInterop.NativeVariantPtrArgs, Godot.NativeInterop.godot_variant&) (/root/godot/modules/mono/glue/GodotSharp/GodotSharp/Generated/GodotObjects/Node.cs:2660)
       [9] bool Godot.Node3D.InvokeGodotClassMethod(Godot.NativeInterop.godot_string_name&, Godot.NativeInterop.NativeVariantPtrArgs, Godot.NativeInterop.godot_variant&) (/root/godot/modules/mono/glue/GodotSharp/GodotSharp/Generated/GodotObjects/Node3D.cs:1127)
       [10] bool Urman.Godot.Act1ConnectedWorld.InvokeGodotClassMethod(Godot.NativeInterop.godot_string_name&, Godot.NativeInterop.NativeVariantPtrArgs, Godot.NativeInterop.godot_variant&) (/Users/kadyrahunov/Projects/URMAN/game/.godot/mono/temp/obj/Debug/Godot.SourceGenerators/Godot.SourceGenerators.ScriptMethodsGenerator/Urman.Godot.Act1ConnectedWorld_ScriptMethods.generated.cs:5046)
       [11] Godot.NativeInterop.godot_bool Godot.Bridge.CSharpInstanceBridge.Call(nint, Godot.NativeInterop.godot_string_name*, Godot.NativeInterop.godot_variant**, int, Godot.NativeInterop.godot_variant_call_error*, Godot.NativeInterop.godot_variant*) (/root/godot/modules/mono/glue/GodotSharp/GodotSharp/Core/Bridge/CSharpInstanceBridge.cs:24)
       [12] void Godot.NativeInterop.NativeFuncs.godotsharp_method_bind_ptrcall(nint, nint, System.Void**, System.Void*) (/root/godot/modules/mono/glue/GodotSharp/GodotSharp/Godot.SourceGenerators.Internal/Godot.SourceGenerators.Internal.UnmanagedCallbacksGenerator/Godot.NativeInterop.NativeFuncs.generated.cs:380)
       [13] void Godot.NativeCalls.godot_icall_3_912(nint, nint, nint, Godot.NativeInterop.godot_bool, int) (/root/godot/modules/mono/glue/GodotSharp/GodotSharp/Generated/NativeCalls.cs:8061)
       [14] void Godot.Node.AddChild(Godot.Node, bool, Godot.Node+InternalMode) (/root/godot/modules/mono/glue/GodotSharp/GodotSharp/Generated/GodotObjects/Node.cs:848)
       [15] void Urman.Godot.Main._Ready() (/Users/kadyrahunov/Projects/URMAN/game/scripts/Main.cs:83)
       [16] bool Godot.Node.InvokeGodotClassMethod(Godot.NativeInterop.godot_string_name&, Godot.NativeInterop.NativeVariantPtrArgs, Godot.NativeInterop.godot_variant&) (/root/godot/modules/mono/glue/GodotSharp/GodotSharp/Generated/GodotObjects/Node.cs:2660)
       [17] bool Godot.Node3D.InvokeGodotClassMethod(Godot.NativeInterop.godot_string_name&, Godot.NativeInterop.NativeVariantPtrArgs, Godot.NativeInterop.godot_variant&) (/root/godot/modules/mono/glue/GodotSharp/GodotSharp/Generated/GodotObjects/Node3D.cs:1127)
       [18] bool Urman.Godot.Main.InvokeGodotClassMethod(Godot.NativeInterop.godot_string_name&, Godot.NativeInterop.NativeVariantPtrArgs, Godot.NativeInterop.godot_variant&) (/Users/kadyrahunov/Projects/URMAN/game/.godot/mono/temp/obj/Debug/Godot.SourceGenerators/Godot.SourceGenerators.ScriptMethodsGenerator/Urman.Godot.Main_ScriptMethods.generated.cs:70)
       [19] Godot.NativeInterop.godot_bool Godot.Bridge.CSharpInstanceBridge.Call(nint, Godot.NativeInterop.godot_string_name*, Godot.NativeInterop.godot_variant**, int, Godot.NativeInterop.godot_variant_call_error*, Godot.NativeInterop.godot_variant*) (/root/godot/modules/mono/glue/GodotSharp/GodotSharp/Core/Bridge/CSharpInstanceBridge.cs:24)
       [20] void Godot.NativeInterop.NativeFuncs.godotsharp_method_bind_ptrcall(nint, nint, System.Void**, System.Void*) (/root/godot/modules/mono/glue/GodotSharp/GodotSharp/Godot.SourceGenerators.Internal/Godot.SourceGenerators.Internal.UnmanagedCallbacksGenerator/Godot.NativeInterop.NativeFuncs.generated.cs:380)
       [21] void Godot.NativeCalls.godot_icall_3_912(nint, nint, nint, Godot.NativeInterop.godot_bool, int) (/root/godot/modules/mono/glue/GodotSharp/GodotSharp/Generated/NativeCalls.cs:8061)
       [22] void Godot.Node.AddChild(Godot.Node, bool, Godot.Node+InternalMode) (/root/godot/modules/mono/glue/GodotSharp/GodotSharp/Generated/GodotObjects/Node.cs:848)
       [23] void Urman.Godot.Act1DemoRoot.InitializeDemo() (/Users/kadyrahunov/Projects/URMAN/game/scripts/Act1DemoRoot.cs:245)
       [24] void Urman.Godot.Act1DemoRoot._Ready() (/Users/kadyrahunov/Projects/URMAN/game/scripts/Act1DemoRoot.cs:194)
       [25] bool Godot.Node.InvokeGodotClassMethod(Godot.NativeInterop.godot_string_name&, Godot.NativeInterop.NativeVariantPtrArgs, Godot.NativeInterop.godot_variant&) (/root/godot/modules/mono/glue/GodotSharp/GodotSharp/Generated/GodotObjects/Node.cs:2660)
       [26] bool Urman.Godot.Act1DemoRoot.InvokeGodotClassMethod(Godot.NativeInterop.godot_string_name&, Godot.NativeInterop.NativeVariantPtrArgs, Godot.NativeInterop.godot_variant&) (/Users/kadyrahunov/Projects/URMAN/game/.godot/mono/temp/obj/Debug/Godot.SourceGenerators/Godot.SourceGenerators.ScriptMethodsGenerator/Urman.Godot.Act1DemoRoot_ScriptMethods.generated.cs:1040)
       [27] Godot.NativeInterop.godot_bool Godot.Bridge.CSharpInstanceBridge.Call(nint, Godot.NativeInterop.godot_string_name*, Godot.NativeInterop.godot_variant**, int, Godot.NativeInterop.godot_variant_call_error*, Godot.NativeInterop.godot_variant*) (/root/godot/modules/mono/glue/GodotSharp/GodotSharp/Core/Bridge/CSharpInstanceBridge.cs:24)
       [28] void Godot.NativeInterop.NativeFuncs.godotsharp_method_bind_ptrcall(nint, nint, System.Void**, System.Void*) (/root/godot/modules/mono/glue/GodotSharp/GodotSharp/Godot.SourceGenerators.Internal/Godot.SourceGenerators.Internal.UnmanagedCallbacksGenerator/Godot.NativeInterop.NativeFuncs.generated.cs:380)
       [29] void Godot.NativeCalls.godot_icall_3_912(nint, nint, nint, Godot.NativeInterop.godot_bool, int) (/root/godot/modules/mono/glue/GodotSharp/GodotSharp/Generated/NativeCalls.cs:8061)
       [30] void Godot.Node.AddChild(Godot.Node, bool, Godot.Node+InternalMode) (/root/godot/modules/mono/glue/GodotSharp/GodotSharp/Generated/GodotObjects/Node.cs:848)
       [31] void Urman.Godot.Tests.Act1MosqueLayoutSmokeTest+<_Ready>d__2.MoveNext() (/Users/kadyrahunov/Projects/URMAN/game/tests/Act1MosqueLayoutSmokeTest.cs:18)
       [32] void System.Runtime.CompilerServices.AsyncMethodBuilderCore.Start<TStateMachine>(TStateMachine&)
       [33] void Urman.Godot.Tests.Act1MosqueLayoutSmokeTest._Ready()
       [34] bool Godot.Node.InvokeGodotClassMethod(Godot.NativeInterop.godot_string_name&, Godot.NativeInterop.NativeVariantPtrArgs, Godot.NativeInterop.godot_variant&) (/root/godot/modules/mono/glue/GodotSharp/GodotSharp/Generated/GodotObjects/Node.cs:2660)
       [35] bool Urman.Godot.Tests.Act1MosqueLayoutSmokeTest.InvokeGodotClassMethod(Godot.NativeInterop.godot_string_name&, Godot.NativeInterop.NativeVariantPtrArgs, Godot.NativeInterop.godot_variant&) (/Users/kadyrahunov/Projects/URMAN/game/.godot/mono/temp/obj/Debug/Godot.SourceGenerators/Godot.SourceGenerators.ScriptMethodsGenerator/Urman.Godot.Tests.Act1MosqueLayoutSmokeTest_ScriptMethods.generated.cs:50)
       [36] Godot.NativeInterop.godot_bool Godot.Bridge.CSharpInstanceBridge.Call(nint, Godot.NativeInterop.godot_string_name*, Godot.NativeInterop.godot_variant**, int, Godot.NativeInterop.godot_variant_call_error*, Godot.NativeInterop.godot_variant*) (/root/godot/modules/mono/glue/GodotSharp/GodotSharp/Core/Bridge/CSharpInstanceBridge.cs:24)
ERROR: Error loading resource: 'res://assets/textures/painterly/frost_window_v1_albedo.png'.
   at: load (core/core_bind.cpp:82)
   C# backtrace (most recent call first):
       [0] Godot.GodotObject Godot.NativeCalls.godot_icall_3_1268(nint, nint, string, string, int) (/root/godot/modules/mono/glue/GodotSharp/GodotSharp/Generated/NativeCalls.cs:11611)
       [1] Godot.Resource Godot.ResourceLoader.Load(string, string, Godot.ResourceLoader+CacheMode) (/root/godot/modules/mono/glue/GodotSharp/GodotSharp/Generated/GodotObjects/ResourceLoader.cs:120)
       [2] T Godot.ResourceLoader.Load<T>(string, string, Godot.ResourceLoader+CacheMode) (/root/godot/modules/mono/glue/GodotSharp/GodotSharp/Core/Extensions/ResourceLoaderExtensions.cs:27)
       [3] void Urman.Godot.Act1ConnectedWorld.ApplyHeroWarmWindow(Godot.Node3D) (/Users/kadyrahunov/Projects/URMAN/game/scripts/Act1ConnectedWorld.cs:5985)
       [4] void Urman.Godot.Act1ConnectedWorld.BuildAct1AuthoredExteriorKit(Godot.Node3D) (/Users/kadyrahunov/Projects/URMAN/game/scripts/Act1ConnectedWorld.cs:3756)
       [5] void Urman.Godot.Act1ConnectedWorld.BuildAct1CoreWorldGreybox() (/Users/kadyrahunov/Projects/URMAN/game/scripts/Act1ConnectedWorld.cs:1163)
       [6] void Urman.Godot.Act1ConnectedWorld.Build() (/Users/kadyrahunov/Projects/URMAN/game/scripts/Act1ConnectedWorld.cs:401)
       [7] void Urman.Godot.Act1ConnectedWorld._Ready() (/Users/kadyrahunov/Projects/URMAN/game/scripts/Act1ConnectedWorld.cs:303)
       [8] bool Godot.Node.InvokeGodotClassMethod(Godot.NativeInterop.godot_string_name&, Godot.NativeInterop.NativeVariantPtrArgs, Godot.NativeInterop.godot_variant&) (/root/godot/modules/mono/glue/GodotSharp/GodotSharp/Generated/GodotObjects/Node.cs:2660)
       [9] bool Godot.Node3D.InvokeGodotClassMethod(Godot.NativeInterop.godot_string_name&, Godot.NativeInterop.NativeVariantPtrArgs, Godot.NativeInterop.godot_variant&) (/root/godot/modules/mono/glue/GodotSharp/GodotSharp/Generated/GodotObjects/Node3D.cs:1127)
       [10] bool Urman.Godot.Act1ConnectedWorld.InvokeGodotClassMethod(Godot.NativeInterop.godot_string_name&, Godot.NativeInterop.NativeVariantPtrArgs, Godot.NativeInterop.godot_variant&) (/Users/kadyrahunov/Projects/URMAN/game/.godot/mono/temp/obj/Debug/Godot.SourceGenerators/Godot.SourceGenerators.ScriptMethodsGenerator/Urman.Godot.Act1ConnectedWorld_ScriptMethods.generated.cs:5046)
       [11] Godot.NativeInterop.godot_bool Godot.Bridge.CSharpInstanceBridge.Call(nint, Godot.NativeInterop.godot_string_name*, Godot.NativeInterop.godot_variant**, int, Godot.NativeInterop.godot_variant_call_error*, Godot.NativeInterop.godot_variant*) (/root/godot/modules/mono/glue/GodotSharp/GodotSharp/Core/Bridge/CSharpInstanceBridge.cs:24)
       [12] void Godot.NativeInterop.NativeFuncs.godotsharp_method_bind_ptrcall(nint, nint, System.Void**, System.Void*) (/root/godot/modules/mono/glue/GodotSharp/GodotSharp/Godot.SourceGenerators.Internal/Godot.SourceGenerators.Internal.UnmanagedCallbacksGenerator/Godot.NativeInterop.NativeFuncs.generated.cs:380)
       [13] void Godot.NativeCalls.godot_icall_3_912(nint, nint, nint, Godot.NativeInterop.godot_bool, int) (/root/godot/modules/mono/glue/GodotSharp/GodotSharp/Generated/NativeCalls.cs:8061)
       [14] void Godot.Node.AddChild(Godot.Node, bool, Godot.Node+InternalMode) (/root/godot/modules/mono/glue/GodotSharp/GodotSharp/Generated/GodotObjects/Node.cs:848)
       [15] void Urman.Godot.Main._Ready() (/Users/kadyrahunov/Projects/URMAN/game/scripts/Main.cs:83)
       [16] bool Godot.Node.InvokeGodotClassMethod(Godot.NativeInterop.godot_string_name&, Godot.NativeInterop.NativeVariantPtrArgs, Godot.NativeInterop.godot_variant&) (/root/godot/modules/mono/glue/GodotSharp/GodotSharp/Generated/GodotObjects/Node.cs:2660)
       [17] bool Godot.Node3D.InvokeGodotClassMethod(Godot.NativeInterop.godot_string_name&, Godot.NativeInterop.NativeVariantPtrArgs, Godot.NativeInterop.godot_variant&) (/root/godot/modules/mono/glue/GodotSharp/GodotSharp/Generated/GodotObjects/Node3D.cs:1127)
       [18] bool Urman.Godot.Main.InvokeGodotClassMethod(Godot.NativeInterop.godot_string_name&, Godot.NativeInterop.NativeVariantPtrArgs, Godot.NativeInterop.godot_variant&) (/Users/kadyrahunov/Projects/URMAN/game/.godot/mono/temp/obj/Debug/Godot.SourceGenerators/Godot.SourceGenerators.ScriptMethodsGenerator/Urman.Godot.Main_ScriptMethods.generated.cs:70)
       [19] Godot.NativeInterop.godot_bool Godot.Bridge.CSharpInstanceBridge.Call(nint, Godot.NativeInterop.godot_string_name*, Godot.NativeInterop.godot_variant**, int, Godot.NativeInterop.godot_variant_call_error*, Godot.NativeInterop.godot_variant*) (/root/godot/modules/mono/glue/GodotSharp/GodotSharp/Core/Bridge/CSharpInstanceBridge.cs:24)
       [20] void Godot.NativeInterop.NativeFuncs.godotsharp_method_bind_ptrcall(nint, nint, System.Void**, System.Void*) (/root/godot/modules/mono/glue/GodotSharp/GodotSharp/Godot.SourceGenerators.Internal/Godot.SourceGenerators.Internal.UnmanagedCallbacksGenerator/Godot.NativeInterop.NativeFuncs.generated.cs:380)
       [21] void Godot.NativeCalls.godot_icall_3_912(nint, nint, nint, Godot.NativeInterop.godot_bool, int) (/root/godot/modules/mono/glue/GodotSharp/GodotSharp/Generated/NativeCalls.cs:8061)
       [22] void Godot.Node.AddChild(Godot.Node, bool, Godot.Node+InternalMode) (/root/godot/modules/mono/glue/GodotSharp/GodotSharp/Generated/GodotObjects/Node.cs:848)
       [23] void Urman.Godot.Act1DemoRoot.InitializeDemo() (/Users/kadyrahunov/Projects/URMAN/game/scripts/Act1DemoRoot.cs:245)
       [24] void Urman.Godot.Act1DemoRoot._Ready() (/Users/kadyrahunov/Projects/URMAN/game/scripts/Act1DemoRoot.cs:194)
       [25] bool Godot.Node.InvokeGodotClassMethod(Godot.NativeInterop.godot_string_name&, Godot.NativeInterop.NativeVariantPtrArgs, Godot.NativeInterop.godot_variant&) (/root/godot/modules/mono/glue/GodotSharp/GodotSharp/Generated/GodotObjects/Node.cs:2660)
       [26] bool Urman.Godot.Act1DemoRoot.InvokeGodotClassMethod(Godot.NativeInterop.godot_string_name&, Godot.NativeInterop.NativeVariantPtrArgs, Godot.NativeInterop.godot_variant&) (/Users/kadyrahunov/Projects/URMAN/game/.godot/mono/temp/obj/Debug/Godot.SourceGenerators/Godot.SourceGenerators.ScriptMethodsGenerator/Urman.Godot.Act1DemoRoot_ScriptMethods.generated.cs:1040)
       [27] Godot.NativeInterop.godot_bool Godot.Bridge.CSharpInstanceBridge.Call(nint, Godot.NativeInterop.godot_string_name*, Godot.NativeInterop.godot_variant**, int, Godot.NativeInterop.godot_variant_call_error*, Godot.NativeInterop.godot_variant*) (/root/godot/modules/mono/glue/GodotSharp/GodotSharp/Core/Bridge/CSharpInstanceBridge.cs:24)
       [28] void Godot.NativeInterop.NativeFuncs.godotsharp_method_bind_ptrcall(nint, nint, System.Void**, System.Void*) (/root/godot/modules/mono/glue/GodotSharp/GodotSharp/Godot.SourceGenerators.Internal/Godot.SourceGenerators.Internal.UnmanagedCallbacksGenerator/Godot.NativeInterop.NativeFuncs.generated.cs:380)
       [29] void Godot.NativeCalls.godot_icall_3_912(nint, nint, nint, Godot.NativeInterop.godot_bool, int) (/root/godot/modules/mono/glue/GodotSharp/GodotSharp/Generated/NativeCalls.cs:8061)
       [30] void Godot.Node.AddChild(Godot.Node, bool, Godot.Node+InternalMode) (/root/godot/modules/mono/glue/GodotSharp/GodotSharp/Generated/GodotObjects/Node.cs:848)
       [31] void Urman.Godot.Tests.Act1MosqueLayoutSmokeTest+<_Ready>d__2.MoveNext() (/Users/kadyrahunov/Projects/URMAN/game/tests/Act1MosqueLayoutSmokeTest.cs:18)
       [32] void System.Runtime.CompilerServices.AsyncMethodBuilderCore.Start<TStateMachine>(TStateMachine&)
       [33] void Urman.Godot.Tests.Act1MosqueLayoutSmokeTest._Ready()
       [34] bool Godot.Node.InvokeGodotClassMethod(Godot.NativeInterop.godot_string_name&, Godot.NativeInterop.NativeVariantPtrArgs, Godot.NativeInterop.godot_variant&) (/root/godot/modules/mono/glue/GodotSharp/GodotSharp/Generated/GodotObjects/Node.cs:2660)
       [35] bool Urman.Godot.Tests.Act1MosqueLayoutSmokeTest.InvokeGodotClassMethod(Godot.NativeInterop.godot_string_name&, Godot.NativeInterop.NativeVariantPtrArgs, Godot.NativeInterop.godot_variant&) (/Users/kadyrahunov/Projects/URMAN/game/.godot/mono/temp/obj/Debug/Godot.SourceGenerators/Godot.SourceGenerators.ScriptMethodsGenerator/Urman.Godot.Tests.Act1MosqueLayoutSmokeTest_ScriptMethods.generated.cs:50)
       [36] Godot.NativeInterop.godot_bool Godot.Bridge.CSharpInstanceBridge.Call(nint, Godot.NativeInterop.godot_string_name*, Godot.NativeInterop.godot_variant**, int, Godot.NativeInterop.godot_variant_call_error*, Godot.NativeInterop.godot_variant*) (/root/godot/modules/mono/glue/GodotSharp/GodotSharp/Core/Bridge/CSharpInstanceBridge.cs:24)
ERROR: Resource file not found: res://assets/textures/painterly/frost_window_v1_albedo.png (expected type: unknown)
   at: _load (core/io/resource_loader.cpp:325)
   C# backtrace (most recent call first):
       [0] Godot.GodotObject Godot.NativeCalls.godot_icall_3_1268(nint, nint, string, string, int) (/root/godot/modules/mono/glue/GodotSharp/GodotSharp/Generated/NativeCalls.cs:11611)
       [1] Godot.Resource Godot.ResourceLoader.Load(string, string, Godot.ResourceLoader+CacheMode) (/root/godot/modules/mono/glue/GodotSharp/GodotSharp/Generated/GodotObjects/ResourceLoader.cs:120)
       [2] T Godot.ResourceLoader.Load<T>(string, string, Godot.ResourceLoader+CacheMode) (/root/godot/modules/mono/glue/GodotSharp/GodotSharp/Core/Extensions/ResourceLoaderExtensions.cs:27)
       [3] void Urman.Godot.Act1ConnectedWorld.ApplyHeroWarmWindow(Godot.Node3D) (/Users/kadyrahunov/Projects/URMAN/game/scripts/Act1ConnectedWorld.cs:5985)
       [4] void Urman.Godot.Act1ConnectedWorld.BuildAct1AuthoredExteriorKit(Godot.Node3D) (/Users/kadyrahunov/Projects/URMAN/game/scripts/Act1ConnectedWorld.cs:3756)
       [5] void Urman.Godot.Act1ConnectedWorld.BuildAct1CoreWorldGreybox() (/Users/kadyrahunov/Projects/URMAN/game/scripts/Act1ConnectedWorld.cs:1163)
       [6] void Urman.Godot.Act1ConnectedWorld.Build() (/Users/kadyrahunov/Projects/URMAN/game/scripts/Act1ConnectedWorld.cs:401)
       [7] void Urman.Godot.Act1ConnectedWorld._Ready() (/Users/kadyrahunov/Projects/URMAN/game/scripts/Act1ConnectedWorld.cs:303)
       [8] bool Godot.Node.InvokeGodotClassMethod(Godot.NativeInterop.godot_string_name&, Godot.NativeInterop.NativeVariantPtrArgs, Godot.NativeInterop.godot_variant&) (/root/godot/modules/mono/glue/GodotSharp/GodotSharp/Generated/GodotObjects/Node.cs:2660)
       [9] bool Godot.Node3D.InvokeGodotClassMethod(Godot.NativeInterop.godot_string_name&, Godot.NativeInterop.NativeVariantPtrArgs, Godot.NativeInterop.godot_variant&) (/root/godot/modules/mono/glue/GodotSharp/GodotSharp/Generated/GodotObjects/Node3D.cs:1127)
       [10] bool Urman.Godot.Act1ConnectedWorld.InvokeGodotClassMethod(Godot.NativeInterop.godot_string_name&, Godot.NativeInterop.NativeVariantPtrArgs, Godot.NativeInterop.godot_variant&) (/Users/kadyrahunov/Projects/URMAN/game/.godot/mono/temp/obj/Debug/Godot.SourceGenerators/Godot.SourceGenerators.ScriptMethodsGenerator/Urman.Godot.Act1ConnectedWorld_ScriptMethods.generated.cs:5046)
       [11] Godot.NativeInterop.godot_bool Godot.Bridge.CSharpInstanceBridge.Call(nint, Godot.NativeInterop.godot_string_name*, Godot.NativeInterop.godot_variant**, int, Godot.NativeInterop.godot_variant_call_error*, Godot.NativeInterop.godot_variant*) (/root/godot/modules/mono/glue/GodotSharp/GodotSharp/Core/Bridge/CSharpInstanceBridge.cs:24)
       [12] void Godot.NativeInterop.NativeFuncs.godotsharp_method_bind_ptrcall(nint, nint, System.Void**, System.Void*) (/root/godot/modules/mono/glue/GodotSharp/GodotSharp/Godot.SourceGenerators.Internal/Godot.SourceGenerators.Internal.UnmanagedCallbacksGenerator/Godot.NativeInterop.NativeFuncs.generated.cs:380)
       [13] void Godot.NativeCalls.godot_icall_3_912(nint, nint, nint, Godot.NativeInterop.godot_bool, int) (/root/godot/modules/mono/glue/GodotSharp/GodotSharp/Generated/NativeCalls.cs:8061)
       [14] void Godot.Node.AddChild(Godot.Node, bool, Godot.Node+InternalMode) (/root/godot/modules/mono/glue/GodotSharp/GodotSharp/Generated/GodotObjects/Node.cs:848)
       [15] void Urman.Godot.Main._Ready() (/Users/kadyrahunov/Projects/URMAN/game/scripts/Main.cs:83)
       [16] bool Godot.Node.InvokeGodotClassMethod(Godot.NativeInterop.godot_string_name&, Godot.NativeInterop.NativeVariantPtrArgs, Godot.NativeInterop.godot_variant&) (/root/godot/modules/mono/glue/GodotSharp/GodotSharp/Generated/GodotObjects/Node.cs:2660)
       [17] bool Godot.Node3D.InvokeGodotClassMethod(Godot.NativeInterop.godot_string_name&, Godot.NativeInterop.NativeVariantPtrArgs, Godot.NativeInterop.godot_variant&) (/root/godot/modules/mono/glue/GodotSharp/GodotSharp/Generated/GodotObjects/Node3D.cs:1127)
       [18] bool Urman.Godot.Main.InvokeGodotClassMethod(Godot.NativeInterop.godot_string_name&, Godot.NativeInterop.NativeVariantPtrArgs, Godot.NativeInterop.godot_variant&) (/Users/kadyrahunov/Projects/URMAN/game/.godot/mono/temp/obj/Debug/Godot.SourceGenerators/Godot.SourceGenerators.ScriptMethodsGenerator/Urman.Godot.Main_ScriptMethods.generated.cs:70)
       [19] Godot.NativeInterop.godot_bool Godot.Bridge.CSharpInstanceBridge.Call(nint, Godot.NativeInterop.godot_string_name*, Godot.NativeInterop.godot_variant**, int, Godot.NativeInterop.godot_variant_call_error*, Godot.NativeInterop.godot_variant*) (/root/godot/modules/mono/glue/GodotSharp/GodotSharp/Core/Bridge/CSharpInstanceBridge.cs:24)
       [20] void Godot.NativeInterop.NativeFuncs.godotsharp_method_bind_ptrcall(nint, nint, System.Void**, System.Void*) (/root/godot/modules/mono/glue/GodotSharp/GodotSharp/Godot.SourceGenerators.Internal/Godot.SourceGenerators.Internal.UnmanagedCallbacksGenerator/Godot.NativeInterop.NativeFuncs.generated.cs:380)
       [21] void Godot.NativeCalls.godot_icall_3_912(nint, nint, nint, Godot.NativeInterop.godot_bool, int) (/root/godot/modules/mono/glue/GodotSharp/GodotSharp/Generated/NativeCalls.cs:8061)
       [22] void Godot.Node.AddChild(Godot.Node, bool, Godot.Node+InternalMode) (/root/godot/modules/mono/glue/GodotSharp/GodotSharp/Generated/GodotObjects/Node.cs:848)
       [23] void Urman.Godot.Act1DemoRoot.InitializeDemo() (/Users/kadyrahunov/Projects/URMAN/game/scripts/Act1DemoRoot.cs:245)
       [24] void Urman.Godot.Act1DemoRoot._Ready() (/Users/kadyrahunov/Projects/URMAN/game/scripts/Act1DemoRoot.cs:194)
       [25] bool Godot.Node.InvokeGodotClassMethod(Godot.NativeInterop.godot_string_name&, Godot.NativeInterop.NativeVariantPtrArgs, Godot.NativeInterop.godot_variant&) (/root/godot/modules/mono/glue/GodotSharp/GodotSharp/Generated/GodotObjects/Node.cs:2660)
       [26] bool Urman.Godot.Act1DemoRoot.InvokeGodotClassMethod(Godot.NativeInterop.godot_string_name&, Godot.NativeInterop.NativeVariantPtrArgs, Godot.NativeInterop.godot_variant&) (/Users/kadyrahunov/Projects/URMAN/game/.godot/mono/temp/obj/Debug/Godot.SourceGenerators/Godot.SourceGenerators.ScriptMethodsGenerator/Urman.Godot.Act1DemoRoot_ScriptMethods.generated.cs:1040)
       [27] Godot.NativeInterop.godot_bool Godot.Bridge.CSharpInstanceBridge.Call(nint, Godot.NativeInterop.godot_string_name*, Godot.NativeInterop.godot_variant**, int, Godot.NativeInterop.godot_variant_call_error*, Godot.NativeInterop.godot_variant*) (/root/godot/modules/mono/glue/GodotSharp/GodotSharp/Core/Bridge/CSharpInstanceBridge.cs:24)
       [28] void Godot.NativeInterop.NativeFuncs.godotsharp_method_bind_ptrcall(nint, nint, System.Void**, System.Void*) (/root/godot/modules/mono/glue/GodotSharp/GodotSharp/Godot.SourceGenerators.Internal/Godot.SourceGenerators.Internal.UnmanagedCallbacksGenerator/Godot.NativeInterop.NativeFuncs.generated.cs:380)
       [29] void Godot.NativeCalls.godot_icall_3_912(nint, nint, nint, Godot.NativeInterop.godot_bool, int) (/root/godot/modules/mono/glue/GodotSharp/GodotSharp/Generated/NativeCalls.cs:8061)
       [30] void Godot.Node.AddChild(Godot.Node, bool, Godot.Node+InternalMode) (/root/godot/modules/mono/glue/GodotSharp/GodotSharp/Generated/GodotObjects/Node.cs:848)
       [31] void Urman.Godot.Tests.Act1MosqueLayoutSmokeTest+<_Ready>d__2.MoveNext() (/Users/kadyrahunov/Projects/URMAN/game/tests/Act1MosqueLayoutSmokeTest.cs:18)
       [32] void System.Runtime.CompilerServices.AsyncMethodBuilderCore.Start<TStateMachine>(TStateMachine&)
       [33] void Urman.Godot.Tests.Act1MosqueLayoutSmokeTest._Ready()
       [34] bool Godot.Node.InvokeGodotClassMethod(Godot.NativeInterop.godot_string_name&, Godot.NativeInterop.NativeVariantPtrArgs, Godot.NativeInterop.godot_variant&) (/root/godot/modules/mono/glue/GodotSharp/GodotSharp/Generated/GodotObjects/Node.cs:2660)
       [35] bool Urman.Godot.Tests.Act1MosqueLayoutSmokeTest.InvokeGodotClassMethod(Godot.NativeInterop.godot_string_name&, Godot.NativeInterop.NativeVariantPtrArgs, Godot.NativeInterop.godot_variant&) (/Users/kadyrahunov/Projects/URMAN/game/.godot/mono/temp/obj/Debug/Godot.SourceGenerators/Godot.SourceGenerators.ScriptMethodsGenerator/Urman.Godot.Tests.Act1MosqueLayoutSmokeTest_ScriptMethods.generated.cs:50)
       [36] Godot.NativeInterop.godot_bool Godot.Bridge.CSharpInstanceBridge.Call(nint, Godot.NativeInterop.godot_string_name*, Godot.NativeInterop.godot_variant**, int, Godot.NativeInterop.godot_variant_call_error*, Godot.NativeInterop.godot_variant*) (/root/godot/modules/mono/glue/GodotSharp/GodotSharp/Core/Bridge/CSharpInstanceBridge.cs:24)
ERROR: Error loading resource: 'res://assets/textures/painterly/frost_window_v1_albedo.png'.
   at: load (core/core_bind.cpp:82)
   C# backtrace (most recent call first):
       [0] Godot.GodotObject Godot.NativeCalls.godot_icall_3_1268(nint, nint, string, string, int) (/root/godot/modules/mono/glue/GodotSharp/GodotSharp/Generated/NativeCalls.cs:11611)
       [1] Godot.Resource Godot.ResourceLoader.Load(string, string, Godot.ResourceLoader+CacheMode) (/root/godot/modules/mono/glue/GodotSharp/GodotSharp/Generated/GodotObjects/ResourceLoader.cs:120)
       [2] T Godot.ResourceLoader.Load<T>(string, string, Godot.ResourceLoader+CacheMode) (/root/godot/modules/mono/glue/GodotSharp/GodotSharp/Core/Extensions/ResourceLoaderExtensions.cs:27)
       [3] void Urman.Godot.Act1ConnectedWorld.ApplyHeroWarmWindow(Godot.Node3D) (/Users/kadyrahunov/Projects/URMAN/game/scripts/Act1ConnectedWorld.cs:5985)
       [4] void Urman.Godot.Act1ConnectedWorld.BuildAct1AuthoredExteriorKit(Godot.Node3D) (/Users/kadyrahunov/Projects/URMAN/game/scripts/Act1ConnectedWorld.cs:3756)
       [5] void Urman.Godot.Act1ConnectedWorld.BuildAct1CoreWorldGreybox() (/Users/kadyrahunov/Projects/URMAN/game/scripts/Act1ConnectedWorld.cs:1163)
       [6] void Urman.Godot.Act1ConnectedWorld.Build() (/Users/kadyrahunov/Projects/URMAN/game/scripts/Act1ConnectedWorld.cs:401)
       [7] void Urman.Godot.Act1ConnectedWorld._Ready() (/Users/kadyrahunov/Projects/URMAN/game/scripts/Act1ConnectedWorld.cs:303)
       [8] bool Godot.Node.InvokeGodotClassMethod(Godot.NativeInterop.godot_string_name&, Godot.NativeInterop.NativeVariantPtrArgs, Godot.NativeInterop.godot_variant&) (/root/godot/modules/mono/glue/GodotSharp/GodotSharp/Generated/GodotObjects/Node.cs:2660)
       [9] bool Godot.Node3D.InvokeGodotClassMethod(Godot.NativeInterop.godot_string_name&, Godot.NativeInterop.NativeVariantPtrArgs, Godot.NativeInterop.godot_variant&) (/root/godot/modules/mono/glue/GodotSharp/GodotSharp/Generated/GodotObjects/Node3D.cs:1127)
       [10] bool Urman.Godot.Act1ConnectedWorld.InvokeGodotClassMethod(Godot.NativeInterop.godot_string_name&, Godot.NativeInterop.NativeVariantPtrArgs, Godot.NativeInterop.godot_variant&) (/Users/kadyrahunov/Projects/URMAN/game/.godot/mono/temp/obj/Debug/Godot.SourceGenerators/Godot.SourceGenerators.ScriptMethodsGenerator/Urman.Godot.Act1ConnectedWorld_ScriptMethods.generated.cs:5046)
       [11] Godot.NativeInterop.godot_bool Godot.Bridge.CSharpInstanceBridge.Call(nint, Godot.NativeInterop.godot_string_name*, Godot.NativeInterop.godot_variant**, int, Godot.NativeInterop.godot_variant_call_error*, Godot.NativeInterop.godot_variant*) (/root/godot/modules/mono/glue/GodotSharp/GodotSharp/Core/Bridge/CSharpInstanceBridge.cs:24)
       [12] void Godot.NativeInterop.NativeFuncs.godotsharp_method_bind_ptrcall(nint, nint, System.Void**, System.Void*) (/root/godot/modules/mono/glue/GodotSharp/GodotSharp/Godot.SourceGenerators.Internal/Godot.SourceGenerators.Internal.UnmanagedCallbacksGenerator/Godot.NativeInterop.NativeFuncs.generated.cs:380)
       [13] void Godot.NativeCalls.godot_icall_3_912(nint, nint, nint, Godot.NativeInterop.godot_bool, int) (/root/godot/modules/mono/glue/GodotSharp/GodotSharp/Generated/NativeCalls.cs:8061)
       [14] void Godot.Node.AddChild(Godot.Node, bool, Godot.Node+InternalMode) (/root/godot/modules/mono/glue/GodotSharp/GodotSharp/Generated/GodotObjects/Node.cs:848)
       [15] void Urman.Godot.Main._Ready() (/Users/kadyrahunov/Projects/URMAN/game/scripts/Main.cs:83)
       [16] bool Godot.Node.InvokeGodotClassMethod(Godot.NativeInterop.godot_string_name&, Godot.NativeInterop.NativeVariantPtrArgs, Godot.NativeInterop.godot_variant&) (/root/godot/modules/mono/glue/GodotSharp/GodotSharp/Generated/GodotObjects/Node.cs:2660)
       [17] bool Godot.Node3D.InvokeGodotClassMethod(Godot.NativeInterop.godot_string_name&, Godot.NativeInterop.NativeVariantPtrArgs, Godot.NativeInterop.godot_variant&) (/root/godot/modules/mono/glue/GodotSharp/GodotSharp/Generated/GodotObjects/Node3D.cs:1127)
       [18] bool Urman.Godot.Main.InvokeGodotClassMethod(Godot.NativeInterop.godot_string_name&, Godot.NativeInterop.NativeVariantPtrArgs, Godot.NativeInterop.godot_variant&) (/Users/kadyrahunov/Projects/URMAN/game/.godot/mono/temp/obj/Debug/Godot.SourceGenerators/Godot.SourceGenerators.ScriptMethodsGenerator/Urman.Godot.Main_ScriptMethods.generated.cs:70)
       [19] Godot.NativeInterop.godot_bool Godot.Bridge.CSharpInstanceBridge.Call(nint, Godot.NativeInterop.godot_string_name*, Godot.NativeInterop.godot_variant**, int, Godot.NativeInterop.godot_variant_call_error*, Godot.NativeInterop.godot_variant*) (/root/godot/modules/mono/glue/GodotSharp/GodotSharp/Core/Bridge/CSharpInstanceBridge.cs:24)
       [20] void Godot.NativeInterop.NativeFuncs.godotsharp_method_bind_ptrcall(nint, nint, System.Void**, System.Void*) (/root/godot/modules/mono/glue/GodotSharp/GodotSharp/Godot.SourceGenerators.Internal/Godot.SourceGenerators.Internal.UnmanagedCallbacksGenerator/Godot.NativeInterop.NativeFuncs.generated.cs:380)
       [21] void Godot.NativeCalls.godot_icall_3_912(nint, nint, nint, Godot.NativeInterop.godot_bool, int) (/root/godot/modules/mono/glue/GodotSharp/GodotSharp/Generated/NativeCalls.cs:8061)
       [22] void Godot.Node.AddChild(Godot.Node, bool, Godot.Node+InternalMode) (/root/godot/modules/mono/glue/GodotSharp/GodotSharp/Generated/GodotObjects/Node.cs:848)
       [23] void Urman.Godot.Act1DemoRoot.InitializeDemo() (/Users/kadyrahunov/Projects/URMAN/game/scripts/Act1DemoRoot.cs:245)
       [24] void Urman.Godot.Act1DemoRoot._Ready() (/Users/kadyrahunov/Projects/URMAN/game/scripts/Act1DemoRoot.cs:194)
       [25] bool Godot.Node.InvokeGodotClassMethod(Godot.NativeInterop.godot_string_name&, Godot.NativeInterop.NativeVariantPtrArgs, Godot.NativeInterop.godot_variant&) (/root/godot/modules/mono/glue/GodotSharp/GodotSharp/Generated/GodotObjects/Node.cs:2660)
       [26] bool Urman.Godot.Act1DemoRoot.InvokeGodotClassMethod(Godot.NativeInterop.godot_string_name&, Godot.NativeInterop.NativeVariantPtrArgs, Godot.NativeInterop.godot_variant&) (/Users/kadyrahunov/Projects/URMAN/game/.godot/mono/temp/obj/Debug/Godot.SourceGenerators/Godot.SourceGenerators.ScriptMethodsGenerator/Urman.Godot.Act1DemoRoot_ScriptMethods.generated.cs:1040)
       [27] Godot.NativeInterop.godot_bool Godot.Bridge.CSharpInstanceBridge.Call(nint, Godot.NativeInterop.godot_string_name*, Godot.NativeInterop.godot_variant**, int, Godot.NativeInterop.godot_variant_call_error*, Godot.NativeInterop.godot_variant*) (/root/godot/modules/mono/glue/GodotSharp/GodotSharp/Core/Bridge/CSharpInstanceBridge.cs:24)
       [28] void Godot.NativeInterop.NativeFuncs.godotsharp_method_bind_ptrcall(nint, nint, System.Void**, System.Void*) (/root/godot/modules/mono/glue/GodotSharp/GodotSharp/Godot.SourceGenerators.Internal/Godot.SourceGenerators.Internal.UnmanagedCallbacksGenerator/Godot.NativeInterop.NativeFuncs.generated.cs:380)
       [29] void Godot.NativeCalls.godot_icall_3_912(nint, nint, nint, Godot.NativeInterop.godot_bool, int) (/root/godot/modules/mono/glue/GodotSharp/GodotSharp/Generated/NativeCalls.cs:8061)
       [30] void Godot.Node.AddChild(Godot.Node, bool, Godot.Node+InternalMode) (/root/godot/modules/mono/glue/GodotSharp/GodotSharp/Generated/GodotObjects/Node.cs:848)
       [31] void Urman.Godot.Tests.Act1MosqueLayoutSmokeTest+<_Ready>d__2.MoveNext() (/Users/kadyrahunov/Projects/URMAN/game/tests/Act1MosqueLayoutSmokeTest.cs:18)
       [32] void System.Runtime.CompilerServices.AsyncMethodBuilderCore.Start<TStateMachine>(TStateMachine&)
       [33] void Urman.Godot.Tests.Act1MosqueLayoutSmokeTest._Ready()
       [34] bool Godot.Node.InvokeGodotClassMethod(Godot.NativeInterop.godot_string_name&, Godot.NativeInterop.NativeVariantPtrArgs, Godot.NativeInterop.godot_variant&) (/root/godot/modules/mono/glue/GodotSharp/GodotSharp/Generated/GodotObjects/Node.cs:2660)
       [35] bool Urman.Godot.Tests.Act1MosqueLayoutSmokeTest.InvokeGodotClassMethod(Godot.NativeInterop.godot_string_name&, Godot.NativeInterop.NativeVariantPtrArgs, Godot.NativeInterop.godot_variant&) (/Users/kadyrahunov/Projects/URMAN/game/.godot/mono/temp/obj/Debug/Godot.SourceGenerators/Godot.SourceGenerators.ScriptMethodsGenerator/Urman.Godot.Tests.Act1MosqueLayoutSmokeTest_ScriptMethods.generated.cs:50)
       [36] Godot.NativeInterop.godot_bool Godot.Bridge.CSharpInstanceBridge.Call(nint, Godot.NativeInterop.godot_string_name*, Godot.NativeInterop.godot_variant**, int, Godot.NativeInterop.godot_variant_call_error*, Godot.NativeInterop.godot_variant*) (/root/godot/modules/mono/glue/GodotSharp/GodotSharp/Core/Bridge/CSharpInstanceBridge.cs:24)
ERROR: Resource file not found: res://assets/textures/painterly/frost_window_v1_albedo.png (expected type: unknown)
   at: _load (core/io/resource_loader.cpp:325)
   C# backtrace (most recent call first):
       [0] Godot.GodotObject Godot.NativeCalls.godot_icall_3_1268(nint, nint, string, string, int) (/root/godot/modules/mono/glue/GodotSharp/GodotSharp/Generated/NativeCalls.cs:11611)
       [1] Godot.Resource Godot.ResourceLoader.Load(string, string, Godot.ResourceLoader+CacheMode) (/root/godot/modules/mono/glue/GodotSharp/GodotSharp/Generated/GodotObjects/ResourceLoader.cs:120)
       [2] T Godot.ResourceLoader.Load<T>(string, string, Godot.ResourceLoader+CacheMode) (/root/godot/modules/mono/glue/GodotSharp/GodotSharp/Core/Extensions/ResourceLoaderExtensions.cs:27)
       [3] void Urman.Godot.Act1ConnectedWorld.ApplyHeroWarmWindow(Godot.Node3D) (/Users/kadyrahunov/Projects/URMAN/game/scripts/Act1ConnectedWorld.cs:5985)
       [4] void Urman.Godot.Act1ConnectedWorld.BuildAct1AuthoredExteriorKit(Godot.Node3D) (/Users/kadyrahunov/Projects/URMAN/game/scripts/Act1ConnectedWorld.cs:3756)
       [5] void Urman.Godot.Act1ConnectedWorld.BuildAct1CoreWorldGreybox() (/Users/kadyrahunov/Projects/URMAN/game/scripts/Act1ConnectedWorld.cs:1163)
       [6] void Urman.Godot.Act1ConnectedWorld.Build() (/Users/kadyrahunov/Projects/URMAN/game/scripts/Act1ConnectedWorld.cs:401)
       [7] void Urman.Godot.Act1ConnectedWorld._Ready() (/Users/kadyrahunov/Projects/URMAN/game/scripts/Act1ConnectedWorld.cs:303)
       [8] bool Godot.Node.InvokeGodotClassMethod(Godot.NativeInterop.godot_string_name&, Godot.NativeInterop.NativeVariantPtrArgs, Godot.NativeInterop.godot_variant&) (/root/godot/modules/mono/glue/GodotSharp/GodotSharp/Generated/GodotObjects/Node.cs:2660)
       [9] bool Godot.Node3D.InvokeGodotClassMethod(Godot.NativeInterop.godot_string_name&, Godot.NativeInterop.NativeVariantPtrArgs, Godot.NativeInterop.godot_variant&) (/root/godot/modules/mono/glue/GodotSharp/GodotSharp/Generated/GodotObjects/Node3D.cs:1127)
       [10] bool Urman.Godot.Act1ConnectedWorld.InvokeGodotClassMethod(Godot.NativeInterop.godot_string_name&, Godot.NativeInterop.NativeVariantPtrArgs, Godot.NativeInterop.godot_variant&) (/Users/kadyrahunov/Projects/URMAN/game/.godot/mono/temp/obj/Debug/Godot.SourceGenerators/Godot.SourceGenerators.ScriptMethodsGenerator/Urman.Godot.Act1ConnectedWorld_ScriptMethods.generated.cs:5046)
       [11] Godot.NativeInterop.godot_bool Godot.Bridge.CSharpInstanceBridge.Call(nint, Godot.NativeInterop.godot_string_name*, Godot.NativeInterop.godot_variant**, int, Godot.NativeInterop.godot_variant_call_error*, Godot.NativeInterop.godot_variant*) (/root/godot/modules/mono/glue/GodotSharp/GodotSharp/Core/Bridge/CSharpInstanceBridge.cs:24)
       [12] void Godot.NativeInterop.NativeFuncs.godotsharp_method_bind_ptrcall(nint, nint, System.Void**, System.Void*) (/root/godot/modules/mono/glue/GodotSharp/GodotSharp/Godot.SourceGenerators.Internal/Godot.SourceGenerators.Internal.UnmanagedCallbacksGenerator/Godot.NativeInterop.NativeFuncs.generated.cs:380)
       [13] void Godot.NativeCalls.godot_icall_3_912(nint, nint, nint, Godot.NativeInterop.godot_bool, int) (/root/godot/modules/mono/glue/GodotSharp/GodotSharp/Generated/NativeCalls.cs:8061)
       [14] void Godot.Node.AddChild(Godot.Node, bool, Godot.Node+InternalMode) (/root/godot/modules/mono/glue/GodotSharp/GodotSharp/Generated/GodotObjects/Node.cs:848)
       [15] void Urman.Godot.Main._Ready() (/Users/kadyrahunov/Projects/URMAN/game/scripts/Main.cs:83)
       [16] bool Godot.Node.InvokeGodotClassMethod(Godot.NativeInterop.godot_string_name&, Godot.NativeInterop.NativeVariantPtrArgs, Godot.NativeInterop.godot_variant&) (/root/godot/modules/mono/glue/GodotSharp/GodotSharp/Generated/GodotObjects/Node.cs:2660)
       [17] bool Godot.Node3D.InvokeGodotClassMethod(Godot.NativeInterop.godot_string_name&, Godot.NativeInterop.NativeVariantPtrArgs, Godot.NativeInterop.godot_variant&) (/root/godot/modules/mono/glue/GodotSharp/GodotSharp/Generated/GodotObjects/Node3D.cs:1127)
       [18] bool Urman.Godot.Main.InvokeGodotClassMethod(Godot.NativeInterop.godot_string_name&, Godot.NativeInterop.NativeVariantPtrArgs, Godot.NativeInterop.godot_variant&) (/Users/kadyrahunov/Projects/URMAN/game/.godot/mono/temp/obj/Debug/Godot.SourceGenerators/Godot.SourceGenerators.ScriptMethodsGenerator/Urman.Godot.Main_ScriptMethods.generated.cs:70)
       [19] Godot.NativeInterop.godot_bool Godot.Bridge.CSharpInstanceBridge.Call(nint, Godot.NativeInterop.godot_string_name*, Godot.NativeInterop.godot_variant**, int, Godot.NativeInterop.godot_variant_call_error*, Godot.NativeInterop.godot_variant*) (/root/godot/modules/mono/glue/GodotSharp/GodotSharp/Core/Bridge/CSharpInstanceBridge.cs:24)
       [20] void Godot.NativeInterop.NativeFuncs.godotsharp_method_bind_ptrcall(nint, nint, System.Void**, System.Void*) (/root/godot/modules/mono/glue/GodotSharp/GodotSharp/Godot.SourceGenerators.Internal/Godot.SourceGenerators.Internal.UnmanagedCallbacksGenerator/Godot.NativeInterop.NativeFuncs.generated.cs:380)
       [21] void Godot.NativeCalls.godot_icall_3_912(nint, nint, nint, Godot.NativeInterop.godot_bool, int) (/root/godot/modules/mono/glue/GodotSharp/GodotSharp/Generated/NativeCalls.cs:8061)
       [22] void Godot.Node.AddChild(Godot.Node, bool, Godot.Node+InternalMode) (/root/godot/modules/mono/glue/GodotSharp/GodotSharp/Generated/GodotObjects/Node.cs:848)
       [23] void Urman.Godot.Act1DemoRoot.InitializeDemo() (/Users/kadyrahunov/Projects/URMAN/game/scripts/Act1DemoRoot.cs:245)
       [24] void Urman.Godot.Act1DemoRoot._Ready() (/Users/kadyrahunov/Projects/URMAN/game/scripts/Act1DemoRoot.cs:194)
       [25] bool Godot.Node.InvokeGodotClassMethod(Godot.NativeInterop.godot_string_name&, Godot.NativeInterop.NativeVariantPtrArgs, Godot.NativeInterop.godot_variant&) (/root/godot/modules/mono/glue/GodotSharp/GodotSharp/Generated/GodotObjects/Node.cs:2660)
       [26] bool Urman.Godot.Act1DemoRoot.InvokeGodotClassMethod(Godot.NativeInterop.godot_string_name&, Godot.NativeInterop.NativeVariantPtrArgs, Godot.NativeInterop.godot_variant&) (/Users/kadyrahunov/Projects/URMAN/game/.godot/mono/temp/obj/Debug/Godot.SourceGenerators/Godot.SourceGenerators.ScriptMethodsGenerator/Urman.Godot.Act1DemoRoot_ScriptMethods.generated.cs:1040)
       [27] Godot.NativeInterop.godot_bool Godot.Bridge.CSharpInstanceBridge.Call(nint, Godot.NativeInterop.godot_string_name*, Godot.NativeInterop.godot_variant**, int, Godot.NativeInterop.godot_variant_call_error*, Godot.NativeInterop.godot_variant*) (/root/godot/modules/mono/glue/GodotSharp/GodotSharp/Core/Bridge/CSharpInstanceBridge.cs:24)
       [28] void Godot.NativeInterop.NativeFuncs.godotsharp_method_bind_ptrcall(nint, nint, System.Void**, System.Void*) (/root/godot/modules/mono/glue/GodotSharp/GodotSharp/Godot.SourceGenerators.Internal/Godot.SourceGenerators.Internal.UnmanagedCallbacksGenerator/Godot.NativeInterop.NativeFuncs.generated.cs:380)
       [29] void Godot.NativeCalls.godot_icall_3_912(nint, nint, nint, Godot.NativeInterop.godot_bool, int) (/root/godot/modules/mono/glue/GodotSharp/GodotSharp/Generated/NativeCalls.cs:8061)
       [30] void Godot.Node.AddChild(Godot.Node, bool, Godot.Node+InternalMode) (/root/godot/modules/mono/glue/GodotSharp/GodotSharp/Generated/GodotObjects/Node.cs:848)
       [31] void Urman.Godot.Tests.Act1MosqueLayoutSmokeTest+<_Ready>d__2.MoveNext() (/Users/kadyrahunov/Projects/URMAN/game/tests/Act1MosqueLayoutSmokeTest.cs:18)
       [32] void System.Runtime.CompilerServices.AsyncMethodBuilderCore.Start<TStateMachine>(TStateMachine&)
       [33] void Urman.Godot.Tests.Act1MosqueLayoutSmokeTest._Ready()
       [34] bool Godot.Node.InvokeGodotClassMethod(Godot.NativeInterop.godot_string_name&, Godot.NativeInterop.NativeVariantPtrArgs, Godot.NativeInterop.godot_variant&) (/root/godot/modules/mono/glue/GodotSharp/GodotSharp/Generated/GodotObjects/Node.cs:2660)
       [35] bool Urman.Godot.Tests.Act1MosqueLayoutSmokeTest.InvokeGodotClassMethod(Godot.NativeInterop.godot_string_name&, Godot.NativeInterop.NativeVariantPtrArgs, Godot.NativeInterop.godot_variant&) (/Users/kadyrahunov/Projects/URMAN/game/.godot/mono/temp/obj/Debug/Godot.SourceGenerators/Godot.SourceGenerators.ScriptMethodsGenerator/Urman.Godot.Tests.Act1MosqueLayoutSmokeTest_ScriptMethods.generated.cs:50)
       [36] Godot.NativeInterop.godot_bool Godot.Bridge.CSharpInstanceBridge.Call(nint, Godot.NativeInterop.godot_string_name*, Godot.NativeInterop.godot_variant**, int, Godot.NativeInterop.godot_variant_call_error*, Godot.NativeInterop.godot_variant*) (/root/godot/modules/mono/glue/GodotSharp/GodotSharp/Core/Bridge/CSharpInstanceBridge.cs:24)
ERROR: Error loading resource: 'res://assets/textures/painterly/frost_window_v1_albedo.png'.
   at: load (core/core_bind.cpp:82)
   C# backtrace (most recent call first):
       [0] Godot.GodotObject Godot.NativeCalls.godot_icall_3_1268(nint, nint, string, string, int) (/root/godot/modules/mono/glue/GodotSharp/GodotSharp/Generated/NativeCalls.cs:11611)
       [1] Godot.Resource Godot.ResourceLoader.Load(string, string, Godot.ResourceLoader+CacheMode) (/root/godot/modules/mono/glue/GodotSharp/GodotSharp/Generated/GodotObjects/ResourceLoader.cs:120)
       [2] T Godot.ResourceLoader.Load<T>(string, string, Godot.ResourceLoader+CacheMode) (/root/godot/modules/mono/glue/GodotSharp/GodotSharp/Core/Extensions/ResourceLoaderExtensions.cs:27)
       [3] void Urman.Godot.Act1ConnectedWorld.ApplyHeroWarmWindow(Godot.Node3D) (/Users/kadyrahunov/Projects/URMAN/game/scripts/Act1ConnectedWorld.cs:5985)
       [4] void Urman.Godot.Act1ConnectedWorld.BuildAct1AuthoredExteriorKit(Godot.Node3D) (/Users/kadyrahunov/Projects/URMAN/game/scripts/Act1ConnectedWorld.cs:3756)
       [5] void Urman.Godot.Act1ConnectedWorld.BuildAct1CoreWorldGreybox() (/Users/kadyrahunov/Projects/URMAN/game/scripts/Act1ConnectedWorld.cs:1163)
       [6] void Urman.Godot.Act1ConnectedWorld.Build() (/Users/kadyrahunov/Projects/URMAN/game/scripts/Act1ConnectedWorld.cs:401)
       [7] void Urman.Godot.Act1ConnectedWorld._Ready() (/Users/kadyrahunov/Projects/URMAN/game/scripts/Act1ConnectedWorld.cs:303)
       [8] bool Godot.Node.InvokeGodotClassMethod(Godot.NativeInterop.godot_string_name&, Godot.NativeInterop.NativeVariantPtrArgs, Godot.NativeInterop.godot_variant&) (/root/godot/modules/mono/glue/GodotSharp/GodotSharp/Generated/GodotObjects/Node.cs:2660)
       [9] bool Godot.Node3D.InvokeGodotClassMethod(Godot.NativeInterop.godot_string_name&, Godot.NativeInterop.NativeVariantPtrArgs, Godot.NativeInterop.godot_variant&) (/root/godot/modules/mono/glue/GodotSharp/GodotSharp/Generated/GodotObjects/Node3D.cs:1127)
       [10] bool Urman.Godot.Act1ConnectedWorld.InvokeGodotClassMethod(Godot.NativeInterop.godot_string_name&, Godot.NativeInterop.NativeVariantPtrArgs, Godot.NativeInterop.godot_variant&) (/Users/kadyrahunov/Projects/URMAN/game/.godot/mono/temp/obj/Debug/Godot.SourceGenerators/Godot.SourceGenerators.ScriptMethodsGenerator/Urman.Godot.Act1ConnectedWorld_ScriptMethods.generated.cs:5046)
       [11] Godot.NativeInterop.godot_bool Godot.Bridge.CSharpInstanceBridge.Call(nint, Godot.NativeInterop.godot_string_name*, Godot.NativeInterop.godot_variant**, int, Godot.NativeInterop.godot_variant_call_error*, Godot.NativeInterop.godot_variant*) (/root/godot/modules/mono/glue/GodotSharp/GodotSharp/Core/Bridge/CSharpInstanceBridge.cs:24)
       [12] void Godot.NativeInterop.NativeFuncs.godotsharp_method_bind_ptrcall(nint, nint, System.Void**, System.Void*) (/root/godot/modules/mono/glue/GodotSharp/GodotSharp/Godot.SourceGenerators.Internal/Godot.SourceGenerators.Internal.UnmanagedCallbacksGenerator/Godot.NativeInterop.NativeFuncs.generated.cs:380)
       [13] void Godot.NativeCalls.godot_icall_3_912(nint, nint, nint, Godot.NativeInterop.godot_bool, int) (/root/godot/modules/mono/glue/GodotSharp/GodotSharp/Generated/NativeCalls.cs:8061)
       [14] void Godot.Node.AddChild(Godot.Node, bool, Godot.Node+InternalMode) (/root/godot/modules/mono/glue/GodotSharp/GodotSharp/Generated/GodotObjects/Node.cs:848)
       [15] void Urman.Godot.Main._Ready() (/Users/kadyrahunov/Projects/URMAN/game/scripts/Main.cs:83)
       [16] bool Godot.Node.InvokeGodotClassMethod(Godot.NativeInterop.godot_string_name&, Godot.NativeInterop.NativeVariantPtrArgs, Godot.NativeInterop.godot_variant&) (/root/godot/modules/mono/glue/GodotSharp/GodotSharp/Generated/GodotObjects/Node.cs:2660)
       [17] bool Godot.Node3D.InvokeGodotClassMethod(Godot.NativeInterop.godot_string_name&, Godot.NativeInterop.NativeVariantPtrArgs, Godot.NativeInterop.godot_variant&) (/root/godot/modules/mono/glue/GodotSharp/GodotSharp/Generated/GodotObjects/Node3D.cs:1127)
       [18] bool Urman.Godot.Main.InvokeGodotClassMethod(Godot.NativeInterop.godot_string_name&, Godot.NativeInterop.NativeVariantPtrArgs, Godot.NativeInterop.godot_variant&) (/Users/kadyrahunov/Projects/URMAN/game/.godot/mono/temp/obj/Debug/Godot.SourceGenerators/Godot.SourceGenerators.ScriptMethodsGenerator/Urman.Godot.Main_ScriptMethods.generated.cs:70)
       [19] Godot.NativeInterop.godot_bool Godot.Bridge.CSharpInstanceBridge.Call(nint, Godot.NativeInterop.godot_string_name*, Godot.NativeInterop.godot_variant**, int, Godot.NativeInterop.godot_variant_call_error*, Godot.NativeInterop.godot_variant*) (/root/godot/modules/mono/glue/GodotSharp/GodotSharp/Core/Bridge/CSharpInstanceBridge.cs:24)
       [20] void Godot.NativeInterop.NativeFuncs.godotsharp_method_bind_ptrcall(nint, nint, System.Void**, System.Void*) (/root/godot/modules/mono/glue/GodotSharp/GodotSharp/Godot.SourceGenerators.Internal/Godot.SourceGenerators.Internal.UnmanagedCallbacksGenerator/Godot.NativeInterop.NativeFuncs.generated.cs:380)
       [21] void Godot.NativeCalls.godot_icall_3_912(nint, nint, nint, Godot.NativeInterop.godot_bool, int) (/root/godot/modules/mono/glue/GodotSharp/GodotSharp/Generated/NativeCalls.cs:8061)
       [22] void Godot.Node.AddChild(Godot.Node, bool, Godot.Node+InternalMode) (/root/godot/modules/mono/glue/GodotSharp/GodotSharp/Generated/GodotObjects/Node.cs:848)
       [23] void Urman.Godot.Act1DemoRoot.InitializeDemo() (/Users/kadyrahunov/Projects/URMAN/game/scripts/Act1DemoRoot.cs:245)
       [24] void Urman.Godot.Act1DemoRoot._Ready() (/Users/kadyrahunov/Projects/URMAN/game/scripts/Act1DemoRoot.cs:194)
       [25] bool Godot.Node.InvokeGodotClassMethod(Godot.NativeInterop.godot_string_name&, Godot.NativeInterop.NativeVariantPtrArgs, Godot.NativeInterop.godot_variant&) (/root/godot/modules/mono/glue/GodotSharp/GodotSharp/Generated/GodotObjects/Node.cs:2660)
       [26] bool Urman.Godot.Act1DemoRoot.InvokeGodotClassMethod(Godot.NativeInterop.godot_string_name&, Godot.NativeInterop.NativeVariantPtrArgs, Godot.NativeInterop.godot_variant&) (/Users/kadyrahunov/Projects/URMAN/game/.godot/mono/temp/obj/Debug/Godot.SourceGenerators/Godot.SourceGenerators.ScriptMethodsGenerator/Urman.Godot.Act1DemoRoot_ScriptMethods.generated.cs:1040)
       [27] Godot.NativeInterop.godot_bool Godot.Bridge.CSharpInstanceBridge.Call(nint, Godot.NativeInterop.godot_string_name*, Godot.NativeInterop.godot_variant**, int, Godot.NativeInterop.godot_variant_call_error*, Godot.NativeInterop.godot_variant*) (/root/godot/modules/mono/glue/GodotSharp/GodotSharp/Core/Bridge/CSharpInstanceBridge.cs:24)
       [28] void Godot.NativeInterop.NativeFuncs.godotsharp_method_bind_ptrcall(nint, nint, System.Void**, System.Void*) (/root/godot/modules/mono/glue/GodotSharp/GodotSharp/Godot.SourceGenerators.Internal/Godot.SourceGenerators.Internal.UnmanagedCallbacksGenerator/Godot.NativeInterop.NativeFuncs.generated.cs:380)
       [29] void Godot.NativeCalls.godot_icall_3_912(nint, nint, nint, Godot.NativeInterop.godot_bool, int) (/root/godot/modules/mono/glue/GodotSharp/GodotSharp/Generated/NativeCalls.cs:8061)
       [30] void Godot.Node.AddChild(Godot.Node, bool, Godot.Node+InternalMode) (/root/godot/modules/mono/glue/GodotSharp/GodotSharp/Generated/GodotObjects/Node.cs:848)
       [31] void Urman.Godot.Tests.Act1MosqueLayoutSmokeTest+<_Ready>d__2.MoveNext() (/Users/kadyrahunov/Projects/URMAN/game/tests/Act1MosqueLayoutSmokeTest.cs:18)
       [32] void System.Runtime.CompilerServices.AsyncMethodBuilderCore.Start<TStateMachine>(TStateMachine&)
       [33] void Urman.Godot.Tests.Act1MosqueLayoutSmokeTest._Ready()
       [34] bool Godot.Node.InvokeGodotClassMethod(Godot.NativeInterop.godot_string_name&, Godot.NativeInterop.NativeVariantPtrArgs, Godot.NativeInterop.godot_variant&) (/root/godot/modules/mono/glue/GodotSharp/GodotSharp/Generated/GodotObjects/Node.cs:2660)
       [35] bool Urman.Godot.Tests.Act1MosqueLayoutSmokeTest.InvokeGodotClassMethod(Godot.NativeInterop.godot_string_name&, Godot.NativeInterop.NativeVariantPtrArgs, Godot.NativeInterop.godot_variant&) (/Users/kadyrahunov/Projects/URMAN/game/.godot/mono/temp/obj/Debug/Godot.SourceGenerators/Godot.SourceGenerators.ScriptMethodsGenerator/Urman.Godot.Tests.Act1MosqueLayoutSmokeTest_ScriptMethods.generated.cs:50)
       [36] Godot.NativeInterop.godot_bool Godot.Bridge.CSharpInstanceBridge.Call(nint, Godot.NativeInterop.godot_string_name*, Godot.NativeInterop.godot_variant**, int, Godot.NativeInterop.godot_variant_call_error*, Godot.NativeInterop.godot_variant*) (/root/godot/modules/mono/glue/GodotSharp/GodotSharp/Core/Bridge/CSharpInstanceBridge.cs:24)
ERROR: Resource file not found: res://assets/textures/painterly/frost_window_v1_albedo.png (expected type: unknown)
   at: _load (core/io/resource_loader.cpp:325)
   C# backtrace (most recent call first):
       [0] Godot.GodotObject Godot.NativeCalls.godot_icall_3_1268(nint, nint, string, string, int) (/root/godot/modules/mono/glue/GodotSharp/GodotSharp/Generated/NativeCalls.cs:11611)
       [1] Godot.Resource Godot.ResourceLoader.Load(string, string, Godot.ResourceLoader+CacheMode) (/root/godot/modules/mono/glue/GodotSharp/GodotSharp/Generated/GodotObjects/ResourceLoader.cs:120)
       [2] T Godot.ResourceLoader.Load<T>(string, string, Godot.ResourceLoader+CacheMode) (/root/godot/modules/mono/glue/GodotSharp/GodotSharp/Core/Extensions/ResourceLoaderExtensions.cs:27)
       [3] void Urman.Godot.Act1ConnectedWorld.ApplyHeroWarmWindow(Godot.Node3D) (/Users/kadyrahunov/Projects/URMAN/game/scripts/Act1ConnectedWorld.cs:5985)
       [4] void Urman.Godot.Act1ConnectedWorld.BuildAct1AuthoredExteriorKit(Godot.Node3D) (/Users/kadyrahunov/Projects/URMAN/game/scripts/Act1ConnectedWorld.cs:3756)
       [5] void Urman.Godot.Act1ConnectedWorld.BuildAct1CoreWorldGreybox() (/Users/kadyrahunov/Projects/URMAN/game/scripts/Act1ConnectedWorld.cs:1163)
       [6] void Urman.Godot.Act1ConnectedWorld.Build() (/Users/kadyrahunov/Projects/URMAN/game/scripts/Act1ConnectedWorld.cs:401)
       [7] void Urman.Godot.Act1ConnectedWorld._Ready() (/Users/kadyrahunov/Projects/URMAN/game/scripts/Act1ConnectedWorld.cs:303)
       [8] bool Godot.Node.InvokeGodotClassMethod(Godot.NativeInterop.godot_string_name&, Godot.NativeInterop.NativeVariantPtrArgs, Godot.NativeInterop.godot_variant&) (/root/godot/modules/mono/glue/GodotSharp/GodotSharp/Generated/GodotObjects/Node.cs:2660)
       [9] bool Godot.Node3D.InvokeGodotClassMethod(Godot.NativeInterop.godot_string_name&, Godot.NativeInterop.NativeVariantPtrArgs, Godot.NativeInterop.godot_variant&) (/root/godot/modules/mono/glue/GodotSharp/GodotSharp/Generated/GodotObjects/Node3D.cs:1127)
       [10] bool Urman.Godot.Act1ConnectedWorld.InvokeGodotClassMethod(Godot.NativeInterop.godot_string_name&, Godot.NativeInterop.NativeVariantPtrArgs, Godot.NativeInterop.godot_variant&) (/Users/kadyrahunov/Projects/URMAN/game/.godot/mono/temp/obj/Debug/Godot.SourceGenerators/Godot.SourceGenerators.ScriptMethodsGenerator/Urman.Godot.Act1ConnectedWorld_ScriptMethods.generated.cs:5046)
       [11] Godot.NativeInterop.godot_bool Godot.Bridge.CSharpInstanceBridge.Call(nint, Godot.NativeInterop.godot_string_name*, Godot.NativeInterop.godot_variant**, int, Godot.NativeInterop.godot_variant_call_error*, Godot.NativeInterop.godot_variant*) (/root/godot/modules/mono/glue/GodotSharp/GodotSharp/Core/Bridge/CSharpInstanceBridge.cs:24)
       [12] void Godot.NativeInterop.NativeFuncs.godotsharp_method_bind_ptrcall(nint, nint, System.Void**, System.Void*) (/root/godot/modules/mono/glue/GodotSharp/GodotSharp/Godot.SourceGenerators.Internal/Godot.SourceGenerators.Internal.UnmanagedCallbacksGenerator/Godot.NativeInterop.NativeFuncs.generated.cs:380)
       [13] void Godot.NativeCalls.godot_icall_3_912(nint, nint, nint, Godot.NativeInterop.godot_bool, int) (/root/godot/modules/mono/glue/GodotSharp/GodotSharp/Generated/NativeCalls.cs:8061)
       [14] void Godot.Node.AddChild(Godot.Node, bool, Godot.Node+InternalMode) (/root/godot/modules/mono/glue/GodotSharp/GodotSharp/Generated/GodotObjects/Node.cs:848)
       [15] void Urman.Godot.Main._Ready() (/Users/kadyrahunov/Projects/URMAN/game/scripts/Main.cs:83)
       [16] bool Godot.Node.InvokeGodotClassMethod(Godot.NativeInterop.godot_string_name&, Godot.NativeInterop.NativeVariantPtrArgs, Godot.NativeInterop.godot_variant&) (/root/godot/modules/mono/glue/GodotSharp/GodotSharp/Generated/GodotObjects/Node.cs:2660)
       [17] bool Godot.Node3D.InvokeGodotClassMethod(Godot.NativeInterop.godot_string_name&, Godot.NativeInterop.NativeVariantPtrArgs, Godot.NativeInterop.godot_variant&) (/root/godot/modules/mono/glue/GodotSharp/GodotSharp/Generated/GodotObjects/Node3D.cs:1127)
       [18] bool Urman.Godot.Main.InvokeGodotClassMethod(Godot.NativeInterop.godot_string_name&, Godot.NativeInterop.NativeVariantPtrArgs, Godot.NativeInterop.godot_variant&) (/Users/kadyrahunov/Projects/URMAN/game/.godot/mono/temp/obj/Debug/Godot.SourceGenerators/Godot.SourceGenerators.ScriptMethodsGenerator/Urman.Godot.Main_ScriptMethods.generated.cs:70)
       [19] Godot.NativeInterop.godot_bool Godot.Bridge.CSharpInstanceBridge.Call(nint, Godot.NativeInterop.godot_string_name*, Godot.NativeInterop.godot_variant**, int, Godot.NativeInterop.godot_variant_call_error*, Godot.NativeInterop.godot_variant*) (/root/godot/modules/mono/glue/GodotSharp/GodotSharp/Core/Bridge/CSharpInstanceBridge.cs:24)
       [20] void Godot.NativeInterop.NativeFuncs.godotsharp_method_bind_ptrcall(nint, nint, System.Void**, System.Void*) (/root/godot/modules/mono/glue/GodotSharp/GodotSharp/Godot.SourceGenerators.Internal/Godot.SourceGenerators.Internal.UnmanagedCallbacksGenerator/Godot.NativeInterop.NativeFuncs.generated.cs:380)
       [21] void Godot.NativeCalls.godot_icall_3_912(nint, nint, nint, Godot.NativeInterop.godot_bool, int) (/root/godot/modules/mono/glue/GodotSharp/GodotSharp/Generated/NativeCalls.cs:8061)
       [22] void Godot.Node.AddChild(Godot.Node, bool, Godot.Node+InternalMode) (/root/godot/modules/mono/glue/GodotSharp/GodotSharp/Generated/GodotObjects/Node.cs:848)
       [23] void Urman.Godot.Act1DemoRoot.InitializeDemo() (/Users/kadyrahunov/Projects/URMAN/game/scripts/Act1DemoRoot.cs:245)
       [24] void Urman.Godot.Act1DemoRoot._Ready() (/Users/kadyrahunov/Projects/URMAN/game/scripts/Act1DemoRoot.cs:194)
       [25] bool Godot.Node.InvokeGodotClassMethod(Godot.NativeInterop.godot_string_name&, Godot.NativeInterop.NativeVariantPtrArgs, Godot.NativeInterop.godot_variant&) (/root/godot/modules/mono/glue/GodotSharp/GodotSharp/Generated/GodotObjects/Node.cs:2660)
       [26] bool Urman.Godot.Act1DemoRoot.InvokeGodotClassMethod(Godot.NativeInterop.godot_string_name&, Godot.NativeInterop.NativeVariantPtrArgs, Godot.NativeInterop.godot_variant&) (/Users/kadyrahunov/Projects/URMAN/game/.godot/mono/temp/obj/Debug/Godot.SourceGenerators/Godot.SourceGenerators.ScriptMethodsGenerator/Urman.Godot.Act1DemoRoot_ScriptMethods.generated.cs:1040)
       [27] Godot.NativeInterop.godot_bool Godot.Bridge.CSharpInstanceBridge.Call(nint, Godot.NativeInterop.godot_string_name*, Godot.NativeInterop.godot_variant**, int, Godot.NativeInterop.godot_variant_call_error*, Godot.NativeInterop.godot_variant*) (/root/godot/modules/mono/glue/GodotSharp/GodotSharp/Core/Bridge/CSharpInstanceBridge.cs:24)
       [28] void Godot.NativeInterop.NativeFuncs.godotsharp_method_bind_ptrcall(nint, nint, System.Void**, System.Void*) (/root/godot/modules/mono/glue/GodotSharp/GodotSharp/Godot.SourceGenerators.Internal/Godot.SourceGenerators.Internal.UnmanagedCallbacksGenerator/Godot.NativeInterop.NativeFuncs.generated.cs:380)
       [29] void Godot.NativeCalls.godot_icall_3_912(nint, nint, nint, Godot.NativeInterop.godot_bool, int) (/root/godot/modules/mono/glue/GodotSharp/GodotSharp/Generated/NativeCalls.cs:8061)
       [30] void Godot.Node.AddChild(Godot.Node, bool, Godot.Node+InternalMode) (/root/godot/modules/mono/glue/GodotSharp/GodotSharp/Generated/GodotObjects/Node.cs:848)
       [31] void Urman.Godot.Tests.Act1MosqueLayoutSmokeTest+<_Ready>d__2.MoveNext() (/Users/kadyrahunov/Projects/URMAN/game/tests/Act1MosqueLayoutSmokeTest.cs:18)
       [32] void System.Runtime.CompilerServices.AsyncMethodBuilderCore.Start<TStateMachine>(TStateMachine&)
       [33] void Urman.Godot.Tests.Act1MosqueLayoutSmokeTest._Ready()
       [34] bool Godot.Node.InvokeGodotClassMethod(Godot.NativeInterop.godot_string_name&, Godot.NativeInterop.NativeVariantPtrArgs, Godot.NativeInterop.godot_variant&) (/root/godot/modules/mono/glue/GodotSharp/GodotSharp/Generated/GodotObjects/Node.cs:2660)
       [35] bool Urman.Godot.Tests.Act1MosqueLayoutSmokeTest.InvokeGodotClassMethod(Godot.NativeInterop.godot_string_name&, Godot.NativeInterop.NativeVariantPtrArgs, Godot.NativeInterop.godot_variant&) (/Users/kadyrahunov/Projects/URMAN/game/.godot/mono/temp/obj/Debug/Godot.SourceGenerators/Godot.SourceGenerators.ScriptMethodsGenerator/Urman.Godot.Tests.Act1MosqueLayoutSmokeTest_ScriptMethods.generated.cs:50)
       [36] Godot.NativeInterop.godot_bool Godot.Bridge.CSharpInstanceBridge.Call(nint, Godot.NativeInterop.godot_string_name*, Godot.NativeInterop.godot_variant**, int, Godot.NativeInterop.godot_variant_call_error*, Godot.NativeInterop.godot_variant*) (/root/godot/modules/mono/glue/GodotSharp/GodotSharp/Core/Bridge/CSharpInstanceBridge.cs:24)
ERROR: Error loading resource: 'res://assets/textures/painterly/frost_window_v1_albedo.png'.
   at: load (core/core_bind.cpp:82)
   C# backtrace (most recent call first):
       [0] Godot.GodotObject Godot.NativeCalls.godot_icall_3_1268(nint, nint, string, string, int) (/root/godot/modules/mono/glue/GodotSharp/GodotSharp/Generated/NativeCalls.cs:11611)
       [1] Godot.Resource Godot.ResourceLoader.Load(string, string, Godot.ResourceLoader+CacheMode) (/root/godot/modules/mono/glue/GodotSharp/GodotSharp/Generated/GodotObjects/ResourceLoader.cs:120)
       [2] T Godot.ResourceLoader.Load<T>(string, string, Godot.ResourceLoader+CacheMode) (/root/godot/modules/mono/glue/GodotSharp/GodotSharp/Core/Extensions/ResourceLoaderExtensions.cs:27)
       [3] void Urman.Godot.Act1ConnectedWorld.ApplyHeroWarmWindow(Godot.Node3D) (/Users/kadyrahunov/Projects/URMAN/game/scripts/Act1ConnectedWorld.cs:5985)
       [4] void Urman.Godot.Act1ConnectedWorld.BuildAct1AuthoredExteriorKit(Godot.Node3D) (/Users/kadyrahunov/Projects/URMAN/game/scripts/Act1ConnectedWorld.cs:3756)
       [5] void Urman.Godot.Act1ConnectedWorld.BuildAct1CoreWorldGreybox() (/Users/kadyrahunov/Projects/URMAN/game/scripts/Act1ConnectedWorld.cs:1163)
       [6] void Urman.Godot.Act1ConnectedWorld.Build() (/Users/kadyrahunov/Projects/URMAN/game/scripts/Act1ConnectedWorld.cs:401)
       [7] void Urman.Godot.Act1ConnectedWorld._Ready() (/Users/kadyrahunov/Projects/URMAN/game/scripts/Act1ConnectedWorld.cs:303)
       [8] bool Godot.Node.InvokeGodotClassMethod(Godot.NativeInterop.godot_string_name&, Godot.NativeInterop.NativeVariantPtrArgs, Godot.NativeInterop.godot_variant&) (/root/godot/modules/mono/glue/GodotSharp/GodotSharp/Generated/GodotObjects/Node.cs:2660)
       [9] bool Godot.Node3D.InvokeGodotClassMethod(Godot.NativeInterop.godot_string_name&, Godot.NativeInterop.NativeVariantPtrArgs, Godot.NativeInterop.godot_variant&) (/root/godot/modules/mono/glue/GodotSharp/GodotSharp/Generated/GodotObjects/Node3D.cs:1127)
       [10] bool Urman.Godot.Act1ConnectedWorld.InvokeGodotClassMethod(Godot.NativeInterop.godot_string_name&, Godot.NativeInterop.NativeVariantPtrArgs, Godot.NativeInterop.godot_variant&) (/Users/kadyrahunov/Projects/URMAN/game/.godot/mono/temp/obj/Debug/Godot.SourceGenerators/Godot.SourceGenerators.ScriptMethodsGenerator/Urman.Godot.Act1ConnectedWorld_ScriptMethods.generated.cs:5046)
       [11] Godot.NativeInterop.godot_bool Godot.Bridge.CSharpInstanceBridge.Call(nint, Godot.NativeInterop.godot_string_name*, Godot.NativeInterop.godot_variant**, int, Godot.NativeInterop.godot_variant_call_error*, Godot.NativeInterop.godot_variant*) (/root/godot/modules/mono/glue/GodotSharp/GodotSharp/Core/Bridge/CSharpInstanceBridge.cs:24)
       [12] void Godot.NativeInterop.NativeFuncs.godotsharp_method_bind_ptrcall(nint, nint, System.Void**, System.Void*) (/root/godot/modules/mono/glue/GodotSharp/GodotSharp/Godot.SourceGenerators.Internal/Godot.SourceGenerators.Internal.UnmanagedCallbacksGenerator/Godot.NativeInterop.NativeFuncs.generated.cs:380)
       [13] void Godot.NativeCalls.godot_icall_3_912(nint, nint, nint, Godot.NativeInterop.godot_bool, int) (/root/godot/modules/mono/glue/GodotSharp/GodotSharp/Generated/NativeCalls.cs:8061)
       [14] void Godot.Node.AddChild(Godot.Node, bool, Godot.Node+InternalMode) (/root/godot/modules/mono/glue/GodotSharp/GodotSharp/Generated/GodotObjects/Node.cs:848)
       [15] void Urman.Godot.Main._Ready() (/Users/kadyrahunov/Projects/URMAN/game/scripts/Main.cs:83)
       [16] bool Godot.Node.InvokeGodotClassMethod(Godot.NativeInterop.godot_string_name&, Godot.NativeInterop.NativeVariantPtrArgs, Godot.NativeInterop.godot_variant&) (/root/godot/modules/mono/glue/GodotSharp/GodotSharp/Generated/GodotObjects/Node.cs:2660)
       [17] bool Godot.Node3D.InvokeGodotClassMethod(Godot.NativeInterop.godot_string_name&, Godot.NativeInterop.NativeVariantPtrArgs, Godot.NativeInterop.godot_variant&) (/root/godot/modules/mono/glue/GodotSharp/GodotSharp/Generated/GodotObjects/Node3D.cs:1127)
       [18] bool Urman.Godot.Main.InvokeGodotClassMethod(Godot.NativeInterop.godot_string_name&, Godot.NativeInterop.NativeVariantPtrArgs, Godot.NativeInterop.godot_variant&) (/Users/kadyrahunov/Projects/URMAN/game/.godot/mono/temp/obj/Debug/Godot.SourceGenerators/Godot.SourceGenerators.ScriptMethodsGenerator/Urman.Godot.Main_ScriptMethods.generated.cs:70)
       [19] Godot.NativeInterop.godot_bool Godot.Bridge.CSharpInstanceBridge.Call(nint, Godot.NativeInterop.godot_string_name*, Godot.NativeInterop.godot_variant**, int, Godot.NativeInterop.godot_variant_call_error*, Godot.NativeInterop.godot_variant*) (/root/godot/modules/mono/glue/GodotSharp/GodotSharp/Core/Bridge/CSharpInstanceBridge.cs:24)
       [20] void Godot.NativeInterop.NativeFuncs.godotsharp_method_bind_ptrcall(nint, nint, System.Void**, System.Void*) (/root/godot/modules/mono/glue/GodotSharp/GodotSharp/Godot.SourceGenerators.Internal/Godot.SourceGenerators.Internal.UnmanagedCallbacksGenerator/Godot.NativeInterop.NativeFuncs.generated.cs:380)
       [21] void Godot.NativeCalls.godot_icall_3_912(nint, nint, nint, Godot.NativeInterop.godot_bool, int) (/root/godot/modules/mono/glue/GodotSharp/GodotSharp/Generated/NativeCalls.cs:8061)
       [22] void Godot.Node.AddChild(Godot.Node, bool, Godot.Node+InternalMode) (/root/godot/modules/mono/glue/GodotSharp/GodotSharp/Generated/GodotObjects/Node.cs:848)
       [23] void Urman.Godot.Act1DemoRoot.InitializeDemo() (/Users/kadyrahunov/Projects/URMAN/game/scripts/Act1DemoRoot.cs:245)
       [24] void Urman.Godot.Act1DemoRoot._Ready() (/Users/kadyrahunov/Projects/URMAN/game/scripts/Act1DemoRoot.cs:194)
       [25] bool Godot.Node.InvokeGodotClassMethod(Godot.NativeInterop.godot_string_name&, Godot.NativeInterop.NativeVariantPtrArgs, Godot.NativeInterop.godot_variant&) (/root/godot/modules/mono/glue/GodotSharp/GodotSharp/Generated/GodotObjects/Node.cs:2660)
       [26] bool Urman.Godot.Act1DemoRoot.InvokeGodotClassMethod(Godot.NativeInterop.godot_string_name&, Godot.NativeInterop.NativeVariantPtrArgs, Godot.NativeInterop.godot_variant&) (/Users/kadyrahunov/Projects/URMAN/game/.godot/mono/temp/obj/Debug/Godot.SourceGenerators/Godot.SourceGenerators.ScriptMethodsGenerator/Urman.Godot.Act1DemoRoot_ScriptMethods.generated.cs:1040)
       [27] Godot.NativeInterop.godot_bool Godot.Bridge.CSharpInstanceBridge.Call(nint, Godot.NativeInterop.godot_string_name*, Godot.NativeInterop.godot_variant**, int, Godot.NativeInterop.godot_variant_call_error*, Godot.NativeInterop.godot_variant*) (/root/godot/modules/mono/glue/GodotSharp/GodotSharp/Core/Bridge/CSharpInstanceBridge.cs:24)
       [28] void Godot.NativeInterop.NativeFuncs.godotsharp_method_bind_ptrcall(nint, nint, System.Void**, System.Void*) (/root/godot/modules/mono/glue/GodotSharp/GodotSharp/Godot.SourceGenerators.Internal/Godot.SourceGenerators.Internal.UnmanagedCallbacksGenerator/Godot.NativeInterop.NativeFuncs.generated.cs:380)
       [29] void Godot.NativeCalls.godot_icall_3_912(nint, nint, nint, Godot.NativeInterop.godot_bool, int) (/root/godot/modules/mono/glue/GodotSharp/GodotSharp/Generated/NativeCalls.cs:8061)
       [30] void Godot.Node.AddChild(Godot.Node, bool, Godot.Node+InternalMode) (/root/godot/modules/mono/glue/GodotSharp/GodotSharp/Generated/GodotObjects/Node.cs:848)
       [31] void Urman.Godot.Tests.Act1MosqueLayoutSmokeTest+<_Ready>d__2.MoveNext() (/Users/kadyrahunov/Projects/URMAN/game/tests/Act1MosqueLayoutSmokeTest.cs:18)
       [32] void System.Runtime.CompilerServices.AsyncMethodBuilderCore.Start<TStateMachine>(TStateMachine&)
       [33] void Urman.Godot.Tests.Act1MosqueLayoutSmokeTest._Ready()
       [34] bool Godot.Node.InvokeGodotClassMethod(Godot.NativeInterop.godot_string_name&, Godot.NativeInterop.NativeVariantPtrArgs, Godot.NativeInterop.godot_variant&) (/root/godot/modules/mono/glue/GodotSharp/GodotSharp/Generated/GodotObjects/Node.cs:2660)
       [35] bool Urman.Godot.Tests.Act1MosqueLayoutSmokeTest.InvokeGodotClassMethod(Godot.NativeInterop.godot_string_name&, Godot.NativeInterop.NativeVariantPtrArgs, Godot.NativeInterop.godot_variant&) (/Users/kadyrahunov/Projects/URMAN/game/.godot/mono/temp/obj/Debug/Godot.SourceGenerators/Godot.SourceGenerators.ScriptMethodsGenerator/Urman.Godot.Tests.Act1MosqueLayoutSmokeTest_ScriptMethods.generated.cs:50)
       [36] Godot.NativeInterop.godot_bool Godot.Bridge.CSharpInstanceBridge.Call(nint, Godot.NativeInterop.godot_string_name*, Godot.NativeInterop.godot_variant**, int, Godot.NativeInterop.godot_variant_call_error*, Godot.NativeInterop.godot_variant*) (/root/godot/modules/mono/glue/GodotSharp/GodotSharp/Core/Bridge/CSharpInstanceBridge.cs:24)
ERROR: Resource file not found: res://assets/textures/painterly/frost_window_v1_albedo.png (expected type: unknown)
   at: _load (core/io/resource_loader.cpp:325)
   C# backtrace (most recent call first):
       [0] Godot.GodotObject Godot.NativeCalls.godot_icall_3_1268(nint, nint, string, string, int) (/root/godot/modules/mono/glue/GodotSharp/GodotSharp/Generated/NativeCalls.cs:11611)
       [1] Godot.Resource Godot.ResourceLoader.Load(string, string, Godot.ResourceLoader+CacheMode) (/root/godot/modules/mono/glue/GodotSharp/GodotSharp/Generated/GodotObjects/ResourceLoader.cs:120)
       [2] T Godot.ResourceLoader.Load<T>(string, string, Godot.ResourceLoader+CacheMode) (/root/godot/modules/mono/glue/GodotSharp/GodotSharp/Core/Extensions/ResourceLoaderExtensions.cs:27)
       [3] void Urman.Godot.Act1ConnectedWorld.ApplyHeroWarmWindow(Godot.Node3D) (/Users/kadyrahunov/Projects/URMAN/game/scripts/Act1ConnectedWorld.cs:5985)
       [4] void Urman.Godot.Act1ConnectedWorld.BuildAct1AuthoredExteriorKit(Godot.Node3D) (/Users/kadyrahunov/Projects/URMAN/game/scripts/Act1ConnectedWorld.cs:3756)
       [5] void Urman.Godot.Act1ConnectedWorld.BuildAct1CoreWorldGreybox() (/Users/kadyrahunov/Projects/URMAN/game/scripts/Act1ConnectedWorld.cs:1163)
       [6] void Urman.Godot.Act1ConnectedWorld.Build() (/Users/kadyrahunov/Projects/URMAN/game/scripts/Act1ConnectedWorld.cs:401)
       [7] void Urman.Godot.Act1ConnectedWorld._Ready() (/Users/kadyrahunov/Projects/URMAN/game/scripts/Act1ConnectedWorld.cs:303)
       [8] bool Godot.Node.InvokeGodotClassMethod(Godot.NativeInterop.godot_string_name&, Godot.NativeInterop.NativeVariantPtrArgs, Godot.NativeInterop.godot_variant&) (/root/godot/modules/mono/glue/GodotSharp/GodotSharp/Generated/GodotObjects/Node.cs:2660)
       [9] bool Godot.Node3D.InvokeGodotClassMethod(Godot.NativeInterop.godot_string_name&, Godot.NativeInterop.NativeVariantPtrArgs, Godot.NativeInterop.godot_variant&) (/root/godot/modules/mono/glue/GodotSharp/GodotSharp/Generated/GodotObjects/Node3D.cs:1127)
       [10] bool Urman.Godot.Act1ConnectedWorld.InvokeGodotClassMethod(Godot.NativeInterop.godot_string_name&, Godot.NativeInterop.NativeVariantPtrArgs, Godot.NativeInterop.godot_variant&) (/Users/kadyrahunov/Projects/URMAN/game/.godot/mono/temp/obj/Debug/Godot.SourceGenerators/Godot.SourceGenerators.ScriptMethodsGenerator/Urman.Godot.Act1ConnectedWorld_ScriptMethods.generated.cs:5046)
       [11] Godot.NativeInterop.godot_bool Godot.Bridge.CSharpInstanceBridge.Call(nint, Godot.NativeInterop.godot_string_name*, Godot.NativeInterop.godot_variant**, int, Godot.NativeInterop.godot_variant_call_error*, Godot.NativeInterop.godot_variant*) (/root/godot/modules/mono/glue/GodotSharp/GodotSharp/Core/Bridge/CSharpInstanceBridge.cs:24)
       [12] void Godot.NativeInterop.NativeFuncs.godotsharp_method_bind_ptrcall(nint, nint, System.Void**, System.Void*) (/root/godot/modules/mono/glue/GodotSharp/GodotSharp/Godot.SourceGenerators.Internal/Godot.SourceGenerators.Internal.UnmanagedCallbacksGenerator/Godot.NativeInterop.NativeFuncs.generated.cs:380)
       [13] void Godot.NativeCalls.godot_icall_3_912(nint, nint, nint, Godot.NativeInterop.godot_bool, int) (/root/godot/modules/mono/glue/GodotSharp/GodotSharp/Generated/NativeCalls.cs:8061)
       [14] void Godot.Node.AddChild(Godot.Node, bool, Godot.Node+InternalMode) (/root/godot/modules/mono/glue/GodotSharp/GodotSharp/Generated/GodotObjects/Node.cs:848)
       [15] void Urman.Godot.Main._Ready() (/Users/kadyrahunov/Projects/URMAN/game/scripts/Main.cs:83)
       [16] bool Godot.Node.InvokeGodotClassMethod(Godot.NativeInterop.godot_string_name&, Godot.NativeInterop.NativeVariantPtrArgs, Godot.NativeInterop.godot_variant&) (/root/godot/modules/mono/glue/GodotSharp/GodotSharp/Generated/GodotObjects/Node.cs:2660)
       [17] bool Godot.Node3D.InvokeGodotClassMethod(Godot.NativeInterop.godot_string_name&, Godot.NativeInterop.NativeVariantPtrArgs, Godot.NativeInterop.godot_variant&) (/root/godot/modules/mono/glue/GodotSharp/GodotSharp/Generated/GodotObjects/Node3D.cs:1127)
       [18] bool Urman.Godot.Main.InvokeGodotClassMethod(Godot.NativeInterop.godot_string_name&, Godot.NativeInterop.NativeVariantPtrArgs, Godot.NativeInterop.godot_variant&) (/Users/kadyrahunov/Projects/URMAN/game/.godot/mono/temp/obj/Debug/Godot.SourceGenerators/Godot.SourceGenerators.ScriptMethodsGenerator/Urman.Godot.Main_ScriptMethods.generated.cs:70)
       [19] Godot.NativeInterop.godot_bool Godot.Bridge.CSharpInstanceBridge.Call(nint, Godot.NativeInterop.godot_string_name*, Godot.NativeInterop.godot_variant**, int, Godot.NativeInterop.godot_variant_call_error*, Godot.NativeInterop.godot_variant*) (/root/godot/modules/mono/glue/GodotSharp/GodotSharp/Core/Bridge/CSharpInstanceBridge.cs:24)
       [20] void Godot.NativeInterop.NativeFuncs.godotsharp_method_bind_ptrcall(nint, nint, System.Void**, System.Void*) (/root/godot/modules/mono/glue/GodotSharp/GodotSharp/Godot.SourceGenerators.Internal/Godot.SourceGenerators.Internal.UnmanagedCallbacksGenerator/Godot.NativeInterop.NativeFuncs.generated.cs:380)
       [21] void Godot.NativeCalls.godot_icall_3_912(nint, nint, nint, Godot.NativeInterop.godot_bool, int) (/root/godot/modules/mono/glue/GodotSharp/GodotSharp/Generated/NativeCalls.cs:8061)
       [22] void Godot.Node.AddChild(Godot.Node, bool, Godot.Node+InternalMode) (/root/godot/modules/mono/glue/GodotSharp/GodotSharp/Generated/GodotObjects/Node.cs:848)
       [23] void Urman.Godot.Act1DemoRoot.InitializeDemo() (/Users/kadyrahunov/Projects/URMAN/game/scripts/Act1DemoRoot.cs:245)
       [24] void Urman.Godot.Act1DemoRoot._Ready() (/Users/kadyrahunov/Projects/URMAN/game/scripts/Act1DemoRoot.cs:194)
       [25] bool Godot.Node.InvokeGodotClassMethod(Godot.NativeInterop.godot_string_name&, Godot.NativeInterop.NativeVariantPtrArgs, Godot.NativeInterop.godot_variant&) (/root/godot/modules/mono/glue/GodotSharp/GodotSharp/Generated/GodotObjects/Node.cs:2660)
       [26] bool Urman.Godot.Act1DemoRoot.InvokeGodotClassMethod(Godot.NativeInterop.godot_string_name&, Godot.NativeInterop.NativeVariantPtrArgs, Godot.NativeInterop.godot_variant&) (/Users/kadyrahunov/Projects/URMAN/game/.godot/mono/temp/obj/Debug/Godot.SourceGenerators/Godot.SourceGenerators.ScriptMethodsGenerator/Urman.Godot.Act1DemoRoot_ScriptMethods.generated.cs:1040)
       [27] Godot.NativeInterop.godot_bool Godot.Bridge.CSharpInstanceBridge.Call(nint, Godot.NativeInterop.godot_string_name*, Godot.NativeInterop.godot_variant**, int, Godot.NativeInterop.godot_variant_call_error*, Godot.NativeInterop.godot_variant*) (/root/godot/modules/mono/glue/GodotSharp/GodotSharp/Core/Bridge/CSharpInstanceBridge.cs:24)
       [28] void Godot.NativeInterop.NativeFuncs.godotsharp_method_bind_ptrcall(nint, nint, System.Void**, System.Void*) (/root/godot/modules/mono/glue/GodotSharp/GodotSharp/Godot.SourceGenerators.Internal/Godot.SourceGenerators.Internal.UnmanagedCallbacksGenerator/Godot.NativeInterop.NativeFuncs.generated.cs:380)
       [29] void Godot.NativeCalls.godot_icall_3_912(nint, nint, nint, Godot.NativeInterop.godot_bool, int) (/root/godot/modules/mono/glue/GodotSharp/GodotSharp/Generated/NativeCalls.cs:8061)
       [30] void Godot.Node.AddChild(Godot.Node, bool, Godot.Node+InternalMode) (/root/godot/modules/mono/glue/GodotSharp/GodotSharp/Generated/GodotObjects/Node.cs:848)
       [31] void Urman.Godot.Tests.Act1MosqueLayoutSmokeTest+<_Ready>d__2.MoveNext() (/Users/kadyrahunov/Projects/URMAN/game/tests/Act1MosqueLayoutSmokeTest.cs:18)
       [32] void System.Runtime.CompilerServices.AsyncMethodBuilderCore.Start<TStateMachine>(TStateMachine&)
       [33] void Urman.Godot.Tests.Act1MosqueLayoutSmokeTest._Ready()
       [34] bool Godot.Node.InvokeGodotClassMethod(Godot.NativeInterop.godot_string_name&, Godot.NativeInterop.NativeVariantPtrArgs, Godot.NativeInterop.godot_variant&) (/root/godot/modules/mono/glue/GodotSharp/GodotSharp/Generated/GodotObjects/Node.cs:2660)
       [35] bool Urman.Godot.Tests.Act1MosqueLayoutSmokeTest.InvokeGodotClassMethod(Godot.NativeInterop.godot_string_name&, Godot.NativeInterop.NativeVariantPtrArgs, Godot.NativeInterop.godot_variant&) (/Users/kadyrahunov/Projects/URMAN/game/.godot/mono/temp/obj/Debug/Godot.SourceGenerators/Godot.SourceGenerators.ScriptMethodsGenerator/Urman.Godot.Tests.Act1MosqueLayoutSmokeTest_ScriptMethods.generated.cs:50)
       [36] Godot.NativeInterop.godot_bool Godot.Bridge.CSharpInstanceBridge.Call(nint, Godot.NativeInterop.godot_string_name*, Godot.NativeInterop.godot_variant**, int, Godot.NativeInterop.godot_variant_call_error*, Godot.NativeInterop.godot_variant*) (/root/godot/modules/mono/glue/GodotSharp/GodotSharp/Core/Bridge/CSharpInstanceBridge.cs:24)
ERROR: Error loading resource: 'res://assets/textures/painterly/frost_window_v1_albedo.png'.
   at: load (core/core_bind.cpp:82)
   C# backtrace (most recent call first):
       [0] Godot.GodotObject Godot.NativeCalls.godot_icall_3_1268(nint, nint, string, string, int) (/root/godot/modules/mono/glue/GodotSharp/GodotSharp/Generated/NativeCalls.cs:11611)
       [1] Godot.Resource Godot.ResourceLoader.Load(string, string, Godot.ResourceLoader+CacheMode) (/root/godot/modules/mono/glue/GodotSharp/GodotSharp/Generated/GodotObjects/ResourceLoader.cs:120)
       [2] T Godot.ResourceLoader.Load<T>(string, string, Godot.ResourceLoader+CacheMode) (/root/godot/modules/mono/glue/GodotSharp/GodotSharp/Core/Extensions/ResourceLoaderExtensions.cs:27)
       [3] void Urman.Godot.Act1ConnectedWorld.ApplyHeroWarmWindow(Godot.Node3D) (/Users/kadyrahunov/Projects/URMAN/game/scripts/Act1ConnectedWorld.cs:5985)
       [4] void Urman.Godot.Act1ConnectedWorld.BuildAct1AuthoredExteriorKit(Godot.Node3D) (/Users/kadyrahunov/Projects/URMAN/game/scripts/Act1ConnectedWorld.cs:3756)
       [5] void Urman.Godot.Act1ConnectedWorld.BuildAct1CoreWorldGreybox() (/Users/kadyrahunov/Projects/URMAN/game/scripts/Act1ConnectedWorld.cs:1163)
       [6] void Urman.Godot.Act1ConnectedWorld.Build() (/Users/kadyrahunov/Projects/URMAN/game/scripts/Act1ConnectedWorld.cs:401)
       [7] void Urman.Godot.Act1ConnectedWorld._Ready() (/Users/kadyrahunov/Projects/URMAN/game/scripts/Act1ConnectedWorld.cs:303)
       [8] bool Godot.Node.InvokeGodotClassMethod(Godot.NativeInterop.godot_string_name&, Godot.NativeInterop.NativeVariantPtrArgs, Godot.NativeInterop.godot_variant&) (/root/godot/modules/mono/glue/GodotSharp/GodotSharp/Generated/GodotObjects/Node.cs:2660)
       [9] bool Godot.Node3D.InvokeGodotClassMethod(Godot.NativeInterop.godot_string_name&, Godot.NativeInterop.NativeVariantPtrArgs, Godot.NativeInterop.godot_variant&) (/root/godot/modules/mono/glue/GodotSharp/GodotSharp/Generated/GodotObjects/Node3D.cs:1127)
       [10] bool Urman.Godot.Act1ConnectedWorld.InvokeGodotClassMethod(Godot.NativeInterop.godot_string_name&, Godot.NativeInterop.NativeVariantPtrArgs, Godot.NativeInterop.godot_variant&) (/Users/kadyrahunov/Projects/URMAN/game/.godot/mono/temp/obj/Debug/Godot.SourceGenerators/Godot.SourceGenerators.ScriptMethodsGenerator/Urman.Godot.Act1ConnectedWorld_ScriptMethods.generated.cs:5046)
       [11] Godot.NativeInterop.godot_bool Godot.Bridge.CSharpInstanceBridge.Call(nint, Godot.NativeInterop.godot_string_name*, Godot.NativeInterop.godot_variant**, int, Godot.NativeInterop.godot_variant_call_error*, Godot.NativeInterop.godot_variant*) (/root/godot/modules/mono/glue/GodotSharp/GodotSharp/Core/Bridge/CSharpInstanceBridge.cs:24)
       [12] void Godot.NativeInterop.NativeFuncs.godotsharp_method_bind_ptrcall(nint, nint, System.Void**, System.Void*) (/root/godot/modules/mono/glue/GodotSharp/GodotSharp/Godot.SourceGenerators.Internal/Godot.SourceGenerators.Internal.UnmanagedCallbacksGenerator/Godot.NativeInterop.NativeFuncs.generated.cs:380)
       [13] void Godot.NativeCalls.godot_icall_3_912(nint, nint, nint, Godot.NativeInterop.godot_bool, int) (/root/godot/modules/mono/glue/GodotSharp/GodotSharp/Generated/NativeCalls.cs:8061)
       [14] void Godot.Node.AddChild(Godot.Node, bool, Godot.Node+InternalMode) (/root/godot/modules/mono/glue/GodotSharp/GodotSharp/Generated/GodotObjects/Node.cs:848)
       [15] void Urman.Godot.Main._Ready() (/Users/kadyrahunov/Projects/URMAN/game/scripts/Main.cs:83)
       [16] bool Godot.Node.InvokeGodotClassMethod(Godot.NativeInterop.godot_string_name&, Godot.NativeInterop.NativeVariantPtrArgs, Godot.NativeInterop.godot_variant&) (/root/godot/modules/mono/glue/GodotSharp/GodotSharp/Generated/GodotObjects/Node.cs:2660)
       [17] bool Godot.Node3D.InvokeGodotClassMethod(Godot.NativeInterop.godot_string_name&, Godot.NativeInterop.NativeVariantPtrArgs, Godot.NativeInterop.godot_variant&) (/root/godot/modules/mono/glue/GodotSharp/GodotSharp/Generated/GodotObjects/Node3D.cs:1127)
       [18] bool Urman.Godot.Main.InvokeGodotClassMethod(Godot.NativeInterop.godot_string_name&, Godot.NativeInterop.NativeVariantPtrArgs, Godot.NativeInterop.godot_variant&) (/Users/kadyrahunov/Projects/URMAN/game/.godot/mono/temp/obj/Debug/Godot.SourceGenerators/Godot.SourceGenerators.ScriptMethodsGenerator/Urman.Godot.Main_ScriptMethods.generated.cs:70)
       [19] Godot.NativeInterop.godot_bool Godot.Bridge.CSharpInstanceBridge.Call(nint, Godot.NativeInterop.godot_string_name*, Godot.NativeInterop.godot_variant**, int, Godot.NativeInterop.godot_variant_call_error*, Godot.NativeInterop.godot_variant*) (/root/godot/modules/mono/glue/GodotSharp/GodotSharp/Core/Bridge/CSharpInstanceBridge.cs:24)
       [20] void Godot.NativeInterop.NativeFuncs.godotsharp_method_bind_ptrcall(nint, nint, System.Void**, System.Void*) (/root/godot/modules/mono/glue/GodotSharp/GodotSharp/Godot.SourceGenerators.Internal/Godot.SourceGenerators.Internal.UnmanagedCallbacksGenerator/Godot.NativeInterop.NativeFuncs.generated.cs:380)
       [21] void Godot.NativeCalls.godot_icall_3_912(nint, nint, nint, Godot.NativeInterop.godot_bool, int) (/root/godot/modules/mono/glue/GodotSharp/GodotSharp/Generated/NativeCalls.cs:8061)
       [22] void Godot.Node.AddChild(Godot.Node, bool, Godot.Node+InternalMode) (/root/godot/modules/mono/glue/GodotSharp/GodotSharp/Generated/GodotObjects/Node.cs:848)
       [23] void Urman.Godot.Act1DemoRoot.InitializeDemo() (/Users/kadyrahunov/Projects/URMAN/game/scripts/Act1DemoRoot.cs:245)
       [24] void Urman.Godot.Act1DemoRoot._Ready() (/Users/kadyrahunov/Projects/URMAN/game/scripts/Act1DemoRoot.cs:194)
       [25] bool Godot.Node.InvokeGodotClassMethod(Godot.NativeInterop.godot_string_name&, Godot.NativeInterop.NativeVariantPtrArgs, Godot.NativeInterop.godot_variant&) (/root/godot/modules/mono/glue/GodotSharp/GodotSharp/Generated/GodotObjects/Node.cs:2660)
       [26] bool Urman.Godot.Act1DemoRoot.InvokeGodotClassMethod(Godot.NativeInterop.godot_string_name&, Godot.NativeInterop.NativeVariantPtrArgs, Godot.NativeInterop.godot_variant&) (/Users/kadyrahunov/Projects/URMAN/game/.godot/mono/temp/obj/Debug/Godot.SourceGenerators/Godot.SourceGenerators.ScriptMethodsGenerator/Urman.Godot.Act1DemoRoot_ScriptMethods.generated.cs:1040)
       [27] Godot.NativeInterop.godot_bool Godot.Bridge.CSharpInstanceBridge.Call(nint, Godot.NativeInterop.godot_string_name*, Godot.NativeInterop.godot_variant**, int, Godot.NativeInterop.godot_variant_call_error*, Godot.NativeInterop.godot_variant*) (/root/godot/modules/mono/glue/GodotSharp/GodotSharp/Core/Bridge/CSharpInstanceBridge.cs:24)
       [28] void Godot.NativeInterop.NativeFuncs.godotsharp_method_bind_ptrcall(nint, nint, System.Void**, System.Void*) (/root/godot/modules/mono/glue/GodotSharp/GodotSharp/Godot.SourceGenerators.Internal/Godot.SourceGenerators.Internal.UnmanagedCallbacksGenerator/Godot.NativeInterop.NativeFuncs.generated.cs:380)
       [29] void Godot.NativeCalls.godot_icall_3_912(nint, nint, nint, Godot.NativeInterop.godot_bool, int) (/root/godot/modules/mono/glue/GodotSharp/GodotSharp/Generated/NativeCalls.cs:8061)
       [30] void Godot.Node.AddChild(Godot.Node, bool, Godot.Node+InternalMode) (/root/godot/modules/mono/glue/GodotSharp/GodotSharp/Generated/GodotObjects/Node.cs:848)
       [31] void Urman.Godot.Tests.Act1MosqueLayoutSmokeTest+<_Ready>d__2.MoveNext() (/Users/kadyrahunov/Projects/URMAN/game/tests/Act1MosqueLayoutSmokeTest.cs:18)
       [32] void System.Runtime.CompilerServices.AsyncMethodBuilderCore.Start<TStateMachine>(TStateMachine&)
       [33] void Urman.Godot.Tests.Act1MosqueLayoutSmokeTest._Ready()
       [34] bool Godot.Node.InvokeGodotClassMethod(Godot.NativeInterop.godot_string_name&, Godot.NativeInterop.NativeVariantPtrArgs, Godot.NativeInterop.godot_variant&) (/root/godot/modules/mono/glue/GodotSharp/GodotSharp/Generated/GodotObjects/Node.cs:2660)
       [35] bool Urman.Godot.Tests.Act1MosqueLayoutSmokeTest.InvokeGodotClassMethod(Godot.NativeInterop.godot_string_name&, Godot.NativeInterop.NativeVariantPtrArgs, Godot.NativeInterop.godot_variant&) (/Users/kadyrahunov/Projects/URMAN/game/.godot/mono/temp/obj/Debug/Godot.SourceGenerators/Godot.SourceGenerators.ScriptMethodsGenerator/Urman.Godot.Tests.Act1MosqueLayoutSmokeTest_ScriptMethods.generated.cs:50)
       [36] Godot.NativeInterop.godot_bool Godot.Bridge.CSharpInstanceBridge.Call(nint, Godot.NativeInterop.godot_string_name*, Godot.NativeInterop.godot_variant**, int, Godot.NativeInterop.godot_variant_call_error*, Godot.NativeInterop.godot_variant*) (/root/godot/modules/mono/glue/GodotSharp/GodotSharp/Core/Bridge/CSharpInstanceBridge.cs:24)
ERROR: Resource file not found: res://assets/textures/painterly/frost_window_v1_albedo.png (expected type: unknown)
   at: _load (core/io/resource_loader.cpp:325)
   C# backtrace (most recent call first):
       [0] Godot.GodotObject Godot.NativeCalls.godot_icall_3_1268(nint, nint, string, string, int) (/root/godot/modules/mono/glue/GodotSharp/GodotSharp/Generated/NativeCalls.cs:11611)
       [1] Godot.Resource Godot.ResourceLoader.Load(string, string, Godot.ResourceLoader+CacheMode) (/root/godot/modules/mono/glue/GodotSharp/GodotSharp/Generated/GodotObjects/ResourceLoader.cs:120)
       [2] T Godot.ResourceLoader.Load<T>(string, string, Godot.ResourceLoader+CacheMode) (/root/godot/modules/mono/glue/GodotSharp/GodotSharp/Core/Extensions/ResourceLoaderExtensions.cs:27)
       [3] void Urman.Godot.Act1ConnectedWorld.ApplyHeroWarmWindow(Godot.Node3D) (/Users/kadyrahunov/Projects/URMAN/game/scripts/Act1ConnectedWorld.cs:5985)
       [4] void Urman.Godot.Act1ConnectedWorld.BuildAct1AuthoredExteriorKit(Godot.Node3D) (/Users/kadyrahunov/Projects/URMAN/game/scripts/Act1ConnectedWorld.cs:3756)
       [5] void Urman.Godot.Act1ConnectedWorld.BuildAct1CoreWorldGreybox() (/Users/kadyrahunov/Projects/URMAN/game/scripts/Act1ConnectedWorld.cs:1163)
       [6] void Urman.Godot.Act1ConnectedWorld.Build() (/Users/kadyrahunov/Projects/URMAN/game/scripts/Act1ConnectedWorld.cs:401)
       [7] void Urman.Godot.Act1ConnectedWorld._Ready() (/Users/kadyrahunov/Projects/URMAN/game/scripts/Act1ConnectedWorld.cs:303)
       [8] bool Godot.Node.InvokeGodotClassMethod(Godot.NativeInterop.godot_string_name&, Godot.NativeInterop.NativeVariantPtrArgs, Godot.NativeInterop.godot_variant&) (/root/godot/modules/mono/glue/GodotSharp/GodotSharp/Generated/GodotObjects/Node.cs:2660)
       [9] bool Godot.Node3D.InvokeGodotClassMethod(Godot.NativeInterop.godot_string_name&, Godot.NativeInterop.NativeVariantPtrArgs, Godot.NativeInterop.godot_variant&) (/root/godot/modules/mono/glue/GodotSharp/GodotSharp/Generated/GodotObjects/Node3D.cs:1127)
       [10] bool Urman.Godot.Act1ConnectedWorld.InvokeGodotClassMethod(Godot.NativeInterop.godot_string_name&, Godot.NativeInterop.NativeVariantPtrArgs, Godot.NativeInterop.godot_variant&) (/Users/kadyrahunov/Projects/URMAN/game/.godot/mono/temp/obj/Debug/Godot.SourceGenerators/Godot.SourceGenerators.ScriptMethodsGenerator/Urman.Godot.Act1ConnectedWorld_ScriptMethods.generated.cs:5046)
       [11] Godot.NativeInterop.godot_bool Godot.Bridge.CSharpInstanceBridge.Call(nint, Godot.NativeInterop.godot_string_name*, Godot.NativeInterop.godot_variant**, int, Godot.NativeInterop.godot_variant_call_error*, Godot.NativeInterop.godot_variant*) (/root/godot/modules/mono/glue/GodotSharp/GodotSharp/Core/Bridge/CSharpInstanceBridge.cs:24)
       [12] void Godot.NativeInterop.NativeFuncs.godotsharp_method_bind_ptrcall(nint, nint, System.Void**, System.Void*) (/root/godot/modules/mono/glue/GodotSharp/GodotSharp/Godot.SourceGenerators.Internal/Godot.SourceGenerators.Internal.UnmanagedCallbacksGenerator/Godot.NativeInterop.NativeFuncs.generated.cs:380)
       [13] void Godot.NativeCalls.godot_icall_3_912(nint, nint, nint, Godot.NativeInterop.godot_bool, int) (/root/godot/modules/mono/glue/GodotSharp/GodotSharp/Generated/NativeCalls.cs:8061)
       [14] void Godot.Node.AddChild(Godot.Node, bool, Godot.Node+InternalMode) (/root/godot/modules/mono/glue/GodotSharp/GodotSharp/Generated/GodotObjects/Node.cs:848)
       [15] void Urman.Godot.Main._Ready() (/Users/kadyrahunov/Projects/URMAN/game/scripts/Main.cs:83)
       [16] bool Godot.Node.InvokeGodotClassMethod(Godot.NativeInterop.godot_string_name&, Godot.NativeInterop.NativeVariantPtrArgs, Godot.NativeInterop.godot_variant&) (/root/godot/modules/mono/glue/GodotSharp/GodotSharp/Generated/GodotObjects/Node.cs:2660)
       [17] bool Godot.Node3D.InvokeGodotClassMethod(Godot.NativeInterop.godot_string_name&, Godot.NativeInterop.NativeVariantPtrArgs, Godot.NativeInterop.godot_variant&) (/root/godot/modules/mono/glue/GodotSharp/GodotSharp/Generated/GodotObjects/Node3D.cs:1127)
       [18] bool Urman.Godot.Main.InvokeGodotClassMethod(Godot.NativeInterop.godot_string_name&, Godot.NativeInterop.NativeVariantPtrArgs, Godot.NativeInterop.godot_variant&) (/Users/kadyrahunov/Projects/URMAN/game/.godot/mono/temp/obj/Debug/Godot.SourceGenerators/Godot.SourceGenerators.ScriptMethodsGenerator/Urman.Godot.Main_ScriptMethods.generated.cs:70)
       [19] Godot.NativeInterop.godot_bool Godot.Bridge.CSharpInstanceBridge.Call(nint, Godot.NativeInterop.godot_string_name*, Godot.NativeInterop.godot_variant**, int, Godot.NativeInterop.godot_variant_call_error*, Godot.NativeInterop.godot_variant*) (/root/godot/modules/mono/glue/GodotSharp/GodotSharp/Core/Bridge/CSharpInstanceBridge.cs:24)
       [20] void Godot.NativeInterop.NativeFuncs.godotsharp_method_bind_ptrcall(nint, nint, System.Void**, System.Void*) (/root/godot/modules/mono/glue/GodotSharp/GodotSharp/Godot.SourceGenerators.Internal/Godot.SourceGenerators.Internal.UnmanagedCallbacksGenerator/Godot.NativeInterop.NativeFuncs.generated.cs:380)
       [21] void Godot.NativeCalls.godot_icall_3_912(nint, nint, nint, Godot.NativeInterop.godot_bool, int) (/root/godot/modules/mono/glue/GodotSharp/GodotSharp/Generated/NativeCalls.cs:8061)
       [22] void Godot.Node.AddChild(Godot.Node, bool, Godot.Node+InternalMode) (/root/godot/modules/mono/glue/GodotSharp/GodotSharp/Generated/GodotObjects/Node.cs:848)
       [23] void Urman.Godot.Act1DemoRoot.InitializeDemo() (/Users/kadyrahunov/Projects/URMAN/game/scripts/Act1DemoRoot.cs:245)
       [24] void Urman.Godot.Act1DemoRoot._Ready() (/Users/kadyrahunov/Projects/URMAN/game/scripts/Act1DemoRoot.cs:194)
       [25] bool Godot.Node.InvokeGodotClassMethod(Godot.NativeInterop.godot_string_name&, Godot.NativeInterop.NativeVariantPtrArgs, Godot.NativeInterop.godot_variant&) (/root/godot/modules/mono/glue/GodotSharp/GodotSharp/Generated/GodotObjects/Node.cs:2660)
       [26] bool Urman.Godot.Act1DemoRoot.InvokeGodotClassMethod(Godot.NativeInterop.godot_string_name&, Godot.NativeInterop.NativeVariantPtrArgs, Godot.NativeInterop.godot_variant&) (/Users/kadyrahunov/Projects/URMAN/game/.godot/mono/temp/obj/Debug/Godot.SourceGenerators/Godot.SourceGenerators.ScriptMethodsGenerator/Urman.Godot.Act1DemoRoot_ScriptMethods.generated.cs:1040)
       [27] Godot.NativeInterop.godot_bool Godot.Bridge.CSharpInstanceBridge.Call(nint, Godot.NativeInterop.godot_string_name*, Godot.NativeInterop.godot_variant**, int, Godot.NativeInterop.godot_variant_call_error*, Godot.NativeInterop.godot_variant*) (/root/godot/modules/mono/glue/GodotSharp/GodotSharp/Core/Bridge/CSharpInstanceBridge.cs:24)
       [28] void Godot.NativeInterop.NativeFuncs.godotsharp_method_bind_ptrcall(nint, nint, System.Void**, System.Void*) (/root/godot/modules/mono/glue/GodotSharp/GodotSharp/Godot.SourceGenerators.Internal/Godot.SourceGenerators.Internal.UnmanagedCallbacksGenerator/Godot.NativeInterop.NativeFuncs.generated.cs:380)
       [29] void Godot.NativeCalls.godot_icall_3_912(nint, nint, nint, Godot.NativeInterop.godot_bool, int) (/root/godot/modules/mono/glue/GodotSharp/GodotSharp/Generated/NativeCalls.cs:8061)
       [30] void Godot.Node.AddChild(Godot.Node, bool, Godot.Node+InternalMode) (/root/godot/modules/mono/glue/GodotSharp/GodotSharp/Generated/GodotObjects/Node.cs:848)
       [31] void Urman.Godot.Tests.Act1MosqueLayoutSmokeTest+<_Ready>d__2.MoveNext() (/Users/kadyrahunov/Projects/URMAN/game/tests/Act1MosqueLayoutSmokeTest.cs:18)
       [32] void System.Runtime.CompilerServices.AsyncMethodBuilderCore.Start<TStateMachine>(TStateMachine&)
       [33] void Urman.Godot.Tests.Act1MosqueLayoutSmokeTest._Ready()
       [34] bool Godot.Node.InvokeGodotClassMethod(Godot.NativeInterop.godot_string_name&, Godot.NativeInterop.NativeVariantPtrArgs, Godot.NativeInterop.godot_variant&) (/root/godot/modules/mono/glue/GodotSharp/GodotSharp/Generated/GodotObjects/Node.cs:2660)
       [35] bool Urman.Godot.Tests.Act1MosqueLayoutSmokeTest.InvokeGodotClassMethod(Godot.NativeInterop.godot_string_name&, Godot.NativeInterop.NativeVariantPtrArgs, Godot.NativeInterop.godot_variant&) (/Users/kadyrahunov/Projects/URMAN/game/.godot/mono/temp/obj/Debug/Godot.SourceGenerators/Godot.SourceGenerators.ScriptMethodsGenerator/Urman.Godot.Tests.Act1MosqueLayoutSmokeTest_ScriptMethods.generated.cs:50)
       [36] Godot.NativeInterop.godot_bool Godot.Bridge.CSharpInstanceBridge.Call(nint, Godot.NativeInterop.godot_string_name*, Godot.NativeInterop.godot_variant**, int, Godot.NativeInterop.godot_variant_call_error*, Godot.NativeInterop.godot_variant*) (/root/godot/modules/mono/glue/GodotSharp/GodotSharp/Core/Bridge/CSharpInstanceBridge.cs:24)
ERROR: Error loading resource: 'res://assets/textures/painterly/frost_window_v1_albedo.png'.
   at: load (core/core_bind.cpp:82)
   C# backtrace (most recent call first):
       [0] Godot.GodotObject Godot.NativeCalls.godot_icall_3_1268(nint, nint, string, string, int) (/root/godot/modules/mono/glue/GodotSharp/GodotSharp/Generated/NativeCalls.cs:11611)
       [1] Godot.Resource Godot.ResourceLoader.Load(string, string, Godot.ResourceLoader+CacheMode) (/root/godot/modules/mono/glue/GodotSharp/GodotSharp/Generated/GodotObjects/ResourceLoader.cs:120)
       [2] T Godot.ResourceLoader.Load<T>(string, string, Godot.ResourceLoader+CacheMode) (/root/godot/modules/mono/glue/GodotSharp/GodotSharp/Core/Extensions/ResourceLoaderExtensions.cs:27)
       [3] void Urman.Godot.Act1ConnectedWorld.ApplyHeroWarmWindow(Godot.Node3D) (/Users/kadyrahunov/Projects/URMAN/game/scripts/Act1ConnectedWorld.cs:5985)
       [4] void Urman.Godot.Act1ConnectedWorld.BuildAct1AuthoredExteriorKit(Godot.Node3D) (/Users/kadyrahunov/Projects/URMAN/game/scripts/Act1ConnectedWorld.cs:3756)
       [5] void Urman.Godot.Act1ConnectedWorld.BuildAct1CoreWorldGreybox() (/Users/kadyrahunov/Projects/URMAN/game/scripts/Act1ConnectedWorld.cs:1163)
       [6] void Urman.Godot.Act1ConnectedWorld.Build() (/Users/kadyrahunov/Projects/URMAN/game/scripts/Act1ConnectedWorld.cs:401)
       [7] void Urman.Godot.Act1ConnectedWorld._Ready() (/Users/kadyrahunov/Projects/URMAN/game/scripts/Act1ConnectedWorld.cs:303)
       [8] bool Godot.Node.InvokeGodotClassMethod(Godot.NativeInterop.godot_string_name&, Godot.NativeInterop.NativeVariantPtrArgs, Godot.NativeInterop.godot_variant&) (/root/godot/modules/mono/glue/GodotSharp/GodotSharp/Generated/GodotObjects/Node.cs:2660)
       [9] bool Godot.Node3D.InvokeGodotClassMethod(Godot.NativeInterop.godot_string_name&, Godot.NativeInterop.NativeVariantPtrArgs, Godot.NativeInterop.godot_variant&) (/root/godot/modules/mono/glue/GodotSharp/GodotSharp/Generated/GodotObjects/Node3D.cs:1127)
       [10] bool Urman.Godot.Act1ConnectedWorld.InvokeGodotClassMethod(Godot.NativeInterop.godot_string_name&, Godot.NativeInterop.NativeVariantPtrArgs, Godot.NativeInterop.godot_variant&) (/Users/kadyrahunov/Projects/URMAN/game/.godot/mono/temp/obj/Debug/Godot.SourceGenerators/Godot.SourceGenerators.ScriptMethodsGenerator/Urman.Godot.Act1ConnectedWorld_ScriptMethods.generated.cs:5046)
       [11] Godot.NativeInterop.godot_bool Godot.Bridge.CSharpInstanceBridge.Call(nint, Godot.NativeInterop.godot_string_name*, Godot.NativeInterop.godot_variant**, int, Godot.NativeInterop.godot_variant_call_error*, Godot.NativeInterop.godot_variant*) (/root/godot/modules/mono/glue/GodotSharp/GodotSharp/Core/Bridge/CSharpInstanceBridge.cs:24)
       [12] void Godot.NativeInterop.NativeFuncs.godotsharp_method_bind_ptrcall(nint, nint, System.Void**, System.Void*) (/root/godot/modules/mono/glue/GodotSharp/GodotSharp/Godot.SourceGenerators.Internal/Godot.SourceGenerators.Internal.UnmanagedCallbacksGenerator/Godot.NativeInterop.NativeFuncs.generated.cs:380)
       [13] void Godot.NativeCalls.godot_icall_3_912(nint, nint, nint, Godot.NativeInterop.godot_bool, int) (/root/godot/modules/mono/glue/GodotSharp/GodotSharp/Generated/NativeCalls.cs:8061)
       [14] void Godot.Node.AddChild(Godot.Node, bool, Godot.Node+InternalMode) (/root/godot/modules/mono/glue/GodotSharp/GodotSharp/Generated/GodotObjects/Node.cs:848)
       [15] void Urman.Godot.Main._Ready() (/Users/kadyrahunov/Projects/URMAN/game/scripts/Main.cs:83)
       [16] bool Godot.Node.InvokeGodotClassMethod(Godot.NativeInterop.godot_string_name&, Godot.NativeInterop.NativeVariantPtrArgs, Godot.NativeInterop.godot_variant&) (/root/godot/modules/mono/glue/GodotSharp/GodotSharp/Generated/GodotObjects/Node.cs:2660)
       [17] bool Godot.Node3D.InvokeGodotClassMethod(Godot.NativeInterop.godot_string_name&, Godot.NativeInterop.NativeVariantPtrArgs, Godot.NativeInterop.godot_variant&) (/root/godot/modules/mono/glue/GodotSharp/GodotSharp/Generated/GodotObjects/Node3D.cs:1127)
       [18] bool Urman.Godot.Main.InvokeGodotClassMethod(Godot.NativeInterop.godot_string_name&, Godot.NativeInterop.NativeVariantPtrArgs, Godot.NativeInterop.godot_variant&) (/Users/kadyrahunov/Projects/URMAN/game/.godot/mono/temp/obj/Debug/Godot.SourceGenerators/Godot.SourceGenerators.ScriptMethodsGenerator/Urman.Godot.Main_ScriptMethods.generated.cs:70)
       [19] Godot.NativeInterop.godot_bool Godot.Bridge.CSharpInstanceBridge.Call(nint, Godot.NativeInterop.godot_string_name*, Godot.NativeInterop.godot_variant**, int, Godot.NativeInterop.godot_variant_call_error*, Godot.NativeInterop.godot_variant*) (/root/godot/modules/mono/glue/GodotSharp/GodotSharp/Core/Bridge/CSharpInstanceBridge.cs:24)
       [20] void Godot.NativeInterop.NativeFuncs.godotsharp_method_bind_ptrcall(nint, nint, System.Void**, System.Void*) (/root/godot/modules/mono/glue/GodotSharp/GodotSharp/Godot.SourceGenerators.Internal/Godot.SourceGenerators.Internal.UnmanagedCallbacksGenerator/Godot.NativeInterop.NativeFuncs.generated.cs:380)
       [21] void Godot.NativeCalls.godot_icall_3_912(nint, nint, nint, Godot.NativeInterop.godot_bool, int) (/root/godot/modules/mono/glue/GodotSharp/GodotSharp/Generated/NativeCalls.cs:8061)
       [22] void Godot.Node.AddChild(Godot.Node, bool, Godot.Node+InternalMode) (/root/godot/modules/mono/glue/GodotSharp/GodotSharp/Generated/GodotObjects/Node.cs:848)
       [23] void Urman.Godot.Act1DemoRoot.InitializeDemo() (/Users/kadyrahunov/Projects/URMAN/game/scripts/Act1DemoRoot.cs:245)
       [24] void Urman.Godot.Act1DemoRoot._Ready() (/Users/kadyrahunov/Projects/URMAN/game/scripts/Act1DemoRoot.cs:194)
       [25] bool Godot.Node.InvokeGodotClassMethod(Godot.NativeInterop.godot_string_name&, Godot.NativeInterop.NativeVariantPtrArgs, Godot.NativeInterop.godot_variant&) (/root/godot/modules/mono/glue/GodotSharp/GodotSharp/Generated/GodotObjects/Node.cs:2660)
       [26] bool Urman.Godot.Act1DemoRoot.InvokeGodotClassMethod(Godot.NativeInterop.godot_string_name&, Godot.NativeInterop.NativeVariantPtrArgs, Godot.NativeInterop.godot_variant&) (/Users/kadyrahunov/Projects/URMAN/game/.godot/mono/temp/obj/Debug/Godot.SourceGenerators/Godot.SourceGenerators.ScriptMethodsGenerator/Urman.Godot.Act1DemoRoot_ScriptMethods.generated.cs:1040)
       [27] Godot.NativeInterop.godot_bool Godot.Bridge.CSharpInstanceBridge.Call(nint, Godot.NativeInterop.godot_string_name*, Godot.NativeInterop.godot_variant**, int, Godot.NativeInterop.godot_variant_call_error*, Godot.NativeInterop.godot_variant*) (/root/godot/modules/mono/glue/GodotSharp/GodotSharp/Core/Bridge/CSharpInstanceBridge.cs:24)
       [28] void Godot.NativeInterop.NativeFuncs.godotsharp_method_bind_ptrcall(nint, nint, System.Void**, System.Void*) (/root/godot/modules/mono/glue/GodotSharp/GodotSharp/Godot.SourceGenerators.Internal/Godot.SourceGenerators.Internal.UnmanagedCallbacksGenerator/Godot.NativeInterop.NativeFuncs.generated.cs:380)
       [29] void Godot.NativeCalls.godot_icall_3_912(nint, nint, nint, Godot.NativeInterop.godot_bool, int) (/root/godot/modules/mono/glue/GodotSharp/GodotSharp/Generated/NativeCalls.cs:8061)
       [30] void Godot.Node.AddChild(Godot.Node, bool, Godot.Node+InternalMode) (/root/godot/modules/mono/glue/GodotSharp/GodotSharp/Generated/GodotObjects/Node.cs:848)
       [31] void Urman.Godot.Tests.Act1MosqueLayoutSmokeTest+<_Ready>d__2.MoveNext() (/Users/kadyrahunov/Projects/URMAN/game/tests/Act1MosqueLayoutSmokeTest.cs:18)
       [32] void System.Runtime.CompilerServices.AsyncMethodBuilderCore.Start<TStateMachine>(TStateMachine&)
       [33] void Urman.Godot.Tests.Act1MosqueLayoutSmokeTest._Ready()
       [34] bool Godot.Node.InvokeGodotClassMethod(Godot.NativeInterop.godot_string_name&, Godot.NativeInterop.NativeVariantPtrArgs, Godot.NativeInterop.godot_variant&) (/root/godot/modules/mono/glue/GodotSharp/GodotSharp/Generated/GodotObjects/Node.cs:2660)
       [35] bool Urman.Godot.Tests.Act1MosqueLayoutSmokeTest.InvokeGodotClassMethod(Godot.NativeInterop.godot_string_name&, Godot.NativeInterop.NativeVariantPtrArgs, Godot.NativeInterop.godot_variant&) (/Users/kadyrahunov/Projects/URMAN/game/.godot/mono/temp/obj/Debug/Godot.SourceGenerators/Godot.SourceGenerators.ScriptMethodsGenerator/Urman.Godot.Tests.Act1MosqueLayoutSmokeTest_ScriptMethods.generated.cs:50)
       [36] Godot.NativeInterop.godot_bool Godot.Bridge.CSharpInstanceBridge.Call(nint, Godot.NativeInterop.godot_string_name*, Godot.NativeInterop.godot_variant**, int, Godot.NativeInterop.godot_variant_call_error*, Godot.NativeInterop.godot_variant*) (/root/godot/modules/mono/glue/GodotSharp/GodotSharp/Core/Bridge/CSharpInstanceBridge.cs:24)
ERROR: Resource file not found: res://assets/textures/painterly/frost_window_v1_albedo.png (expected type: unknown)
   at: _load (core/io/resource_loader.cpp:325)
   C# backtrace (most recent call first):
       [0] Godot.GodotObject Godot.NativeCalls.godot_icall_3_1268(nint, nint, string, string, int) (/root/godot/modules/mono/glue/GodotSharp/GodotSharp/Generated/NativeCalls.cs:11611)
       [1] Godot.Resource Godot.ResourceLoader.Load(string, string, Godot.ResourceLoader+CacheMode) (/root/godot/modules/mono/glue/GodotSharp/GodotSharp/Generated/GodotObjects/ResourceLoader.cs:120)
       [2] T Godot.ResourceLoader.Load<T>(string, string, Godot.ResourceLoader+CacheMode) (/root/godot/modules/mono/glue/GodotSharp/GodotSharp/Core/Extensions/ResourceLoaderExtensions.cs:27)
       [3] void Urman.Godot.Act1ConnectedWorld.ApplyHeroWarmWindow(Godot.Node3D) (/Users/kadyrahunov/Projects/URMAN/game/scripts/Act1ConnectedWorld.cs:5985)
       [4] void Urman.Godot.Act1ConnectedWorld.BuildAct1AuthoredExteriorKit(Godot.Node3D) (/Users/kadyrahunov/Projects/URMAN/game/scripts/Act1ConnectedWorld.cs:3756)
       [5] void Urman.Godot.Act1ConnectedWorld.BuildAct1CoreWorldGreybox() (/Users/kadyrahunov/Projects/URMAN/game/scripts/Act1ConnectedWorld.cs:1163)
       [6] void Urman.Godot.Act1ConnectedWorld.Build() (/Users/kadyrahunov/Projects/URMAN/game/scripts/Act1ConnectedWorld.cs:401)
       [7] void Urman.Godot.Act1ConnectedWorld._Ready() (/Users/kadyrahunov/Projects/URMAN/game/scripts/Act1ConnectedWorld.cs:303)
       [8] bool Godot.Node.InvokeGodotClassMethod(Godot.NativeInterop.godot_string_name&, Godot.NativeInterop.NativeVariantPtrArgs, Godot.NativeInterop.godot_variant&) (/root/godot/modules/mono/glue/GodotSharp/GodotSharp/Generated/GodotObjects/Node.cs:2660)
       [9] bool Godot.Node3D.InvokeGodotClassMethod(Godot.NativeInterop.godot_string_name&, Godot.NativeInterop.NativeVariantPtrArgs, Godot.NativeInterop.godot_variant&) (/root/godot/modules/mono/glue/GodotSharp/GodotSharp/Generated/GodotObjects/Node3D.cs:1127)
       [10] bool Urman.Godot.Act1ConnectedWorld.InvokeGodotClassMethod(Godot.NativeInterop.godot_string_name&, Godot.NativeInterop.NativeVariantPtrArgs, Godot.NativeInterop.godot_variant&) (/Users/kadyrahunov/Projects/URMAN/game/.godot/mono/temp/obj/Debug/Godot.SourceGenerators/Godot.SourceGenerators.ScriptMethodsGenerator/Urman.Godot.Act1ConnectedWorld_ScriptMethods.generated.cs:5046)
       [11] Godot.NativeInterop.godot_bool Godot.Bridge.CSharpInstanceBridge.Call(nint, Godot.NativeInterop.godot_string_name*, Godot.NativeInterop.godot_variant**, int, Godot.NativeInterop.godot_variant_call_error*, Godot.NativeInterop.godot_variant*) (/root/godot/modules/mono/glue/GodotSharp/GodotSharp/Core/Bridge/CSharpInstanceBridge.cs:24)
       [12] void Godot.NativeInterop.NativeFuncs.godotsharp_method_bind_ptrcall(nint, nint, System.Void**, System.Void*) (/root/godot/modules/mono/glue/GodotSharp/GodotSharp/Godot.SourceGenerators.Internal/Godot.SourceGenerators.Internal.UnmanagedCallbacksGenerator/Godot.NativeInterop.NativeFuncs.generated.cs:380)
       [13] void Godot.NativeCalls.godot_icall_3_912(nint, nint, nint, Godot.NativeInterop.godot_bool, int) (/root/godot/modules/mono/glue/GodotSharp/GodotSharp/Generated/NativeCalls.cs:8061)
       [14] void Godot.Node.AddChild(Godot.Node, bool, Godot.Node+InternalMode) (/root/godot/modules/mono/glue/GodotSharp/GodotSharp/Generated/GodotObjects/Node.cs:848)
       [15] void Urman.Godot.Main._Ready() (/Users/kadyrahunov/Projects/URMAN/game/scripts/Main.cs:83)
       [16] bool Godot.Node.InvokeGodotClassMethod(Godot.NativeInterop.godot_string_name&, Godot.NativeInterop.NativeVariantPtrArgs, Godot.NativeInterop.godot_variant&) (/root/godot/modules/mono/glue/GodotSharp/GodotSharp/Generated/GodotObjects/Node.cs:2660)
       [17] bool Godot.Node3D.InvokeGodotClassMethod(Godot.NativeInterop.godot_string_name&, Godot.NativeInterop.NativeVariantPtrArgs, Godot.NativeInterop.godot_variant&) (/root/godot/modules/mono/glue/GodotSharp/GodotSharp/Generated/GodotObjects/Node3D.cs:1127)
       [18] bool Urman.Godot.Main.InvokeGodotClassMethod(Godot.NativeInterop.godot_string_name&, Godot.NativeInterop.NativeVariantPtrArgs, Godot.NativeInterop.godot_variant&) (/Users/kadyrahunov/Projects/URMAN/game/.godot/mono/temp/obj/Debug/Godot.SourceGenerators/Godot.SourceGenerators.ScriptMethodsGenerator/Urman.Godot.Main_ScriptMethods.generated.cs:70)
       [19] Godot.NativeInterop.godot_bool Godot.Bridge.CSharpInstanceBridge.Call(nint, Godot.NativeInterop.godot_string_name*, Godot.NativeInterop.godot_variant**, int, Godot.NativeInterop.godot_variant_call_error*, Godot.NativeInterop.godot_variant*) (/root/godot/modules/mono/glue/GodotSharp/GodotSharp/Core/Bridge/CSharpInstanceBridge.cs:24)
       [20] void Godot.NativeInterop.NativeFuncs.godotsharp_method_bind_ptrcall(nint, nint, System.Void**, System.Void*) (/root/godot/modules/mono/glue/GodotSharp/GodotSharp/Godot.SourceGenerators.Internal/Godot.SourceGenerators.Internal.UnmanagedCallbacksGenerator/Godot.NativeInterop.NativeFuncs.generated.cs:380)
       [21] void Godot.NativeCalls.godot_icall_3_912(nint, nint, nint, Godot.NativeInterop.godot_bool, int) (/root/godot/modules/mono/glue/GodotSharp/GodotSharp/Generated/NativeCalls.cs:8061)
       [22] void Godot.Node.AddChild(Godot.Node, bool, Godot.Node+InternalMode) (/root/godot/modules/mono/glue/GodotSharp/GodotSharp/Generated/GodotObjects/Node.cs:848)
       [23] void Urman.Godot.Act1DemoRoot.InitializeDemo() (/Users/kadyrahunov/Projects/URMAN/game/scripts/Act1DemoRoot.cs:245)
       [24] void Urman.Godot.Act1DemoRoot._Ready() (/Users/kadyrahunov/Projects/URMAN/game/scripts/Act1DemoRoot.cs:194)
       [25] bool Godot.Node.InvokeGodotClassMethod(Godot.NativeInterop.godot_string_name&, Godot.NativeInterop.NativeVariantPtrArgs, Godot.NativeInterop.godot_variant&) (/root/godot/modules/mono/glue/GodotSharp/GodotSharp/Generated/GodotObjects/Node.cs:2660)
       [26] bool Urman.Godot.Act1DemoRoot.InvokeGodotClassMethod(Godot.NativeInterop.godot_string_name&, Godot.NativeInterop.NativeVariantPtrArgs, Godot.NativeInterop.godot_variant&) (/Users/kadyrahunov/Projects/URMAN/game/.godot/mono/temp/obj/Debug/Godot.SourceGenerators/Godot.SourceGenerators.ScriptMethodsGenerator/Urman.Godot.Act1DemoRoot_ScriptMethods.generated.cs:1040)
       [27] Godot.NativeInterop.godot_bool Godot.Bridge.CSharpInstanceBridge.Call(nint, Godot.NativeInterop.godot_string_name*, Godot.NativeInterop.godot_variant**, int, Godot.NativeInterop.godot_variant_call_error*, Godot.NativeInterop.godot_variant*) (/root/godot/modules/mono/glue/GodotSharp/GodotSharp/Core/Bridge/CSharpInstanceBridge.cs:24)
       [28] void Godot.NativeInterop.NativeFuncs.godotsharp_method_bind_ptrcall(nint, nint, System.Void**, System.Void*) (/root/godot/modules/mono/glue/GodotSharp/GodotSharp/Godot.SourceGenerators.Internal/Godot.SourceGenerators.Internal.UnmanagedCallbacksGenerator/Godot.NativeInterop.NativeFuncs.generated.cs:380)
       [29] void Godot.NativeCalls.godot_icall_3_912(nint, nint, nint, Godot.NativeInterop.godot_bool, int) (/root/godot/modules/mono/glue/GodotSharp/GodotSharp/Generated/NativeCalls.cs:8061)
       [30] void Godot.Node.AddChild(Godot.Node, bool, Godot.Node+InternalMode) (/root/godot/modules/mono/glue/GodotSharp/GodotSharp/Generated/GodotObjects/Node.cs:848)
       [31] void Urman.Godot.Tests.Act1MosqueLayoutSmokeTest+<_Ready>d__2.MoveNext() (/Users/kadyrahunov/Projects/URMAN/game/tests/Act1MosqueLayoutSmokeTest.cs:18)
       [32] void System.Runtime.CompilerServices.AsyncMethodBuilderCore.Start<TStateMachine>(TStateMachine&)
       [33] void Urman.Godot.Tests.Act1MosqueLayoutSmokeTest._Ready()
       [34] bool Godot.Node.InvokeGodotClassMethod(Godot.NativeInterop.godot_string_name&, Godot.NativeInterop.NativeVariantPtrArgs, Godot.NativeInterop.godot_variant&) (/root/godot/modules/mono/glue/GodotSharp/GodotSharp/Generated/GodotObjects/Node.cs:2660)
       [35] bool Urman.Godot.Tests.Act1MosqueLayoutSmokeTest.InvokeGodotClassMethod(Godot.NativeInterop.godot_string_name&, Godot.NativeInterop.NativeVariantPtrArgs, Godot.NativeInterop.godot_variant&) (/Users/kadyrahunov/Projects/URMAN/game/.godot/mono/temp/obj/Debug/Godot.SourceGenerators/Godot.SourceGenerators.ScriptMethodsGenerator/Urman.Godot.Tests.Act1MosqueLayoutSmokeTest_ScriptMethods.generated.cs:50)
       [36] Godot.NativeInterop.godot_bool Godot.Bridge.CSharpInstanceBridge.Call(nint, Godot.NativeInterop.godot_string_name*, Godot.NativeInterop.godot_variant**, int, Godot.NativeInterop.godot_variant_call_error*, Godot.NativeInterop.godot_variant*) (/root/godot/modules/mono/glue/GodotSharp/GodotSharp/Core/Bridge/CSharpInstanceBridge.cs:24)
ERROR: Error loading resource: 'res://assets/textures/painterly/frost_window_v1_albedo.png'.
   at: load (core/core_bind.cpp:82)
   C# backtrace (most recent call first):
       [0] Godot.GodotObject Godot.NativeCalls.godot_icall_3_1268(nint, nint, string, string, int) (/root/godot/modules/mono/glue/GodotSharp/GodotSharp/Generated/NativeCalls.cs:11611)
       [1] Godot.Resource Godot.ResourceLoader.Load(string, string, Godot.ResourceLoader+CacheMode) (/root/godot/modules/mono/glue/GodotSharp/GodotSharp/Generated/GodotObjects/ResourceLoader.cs:120)
       [2] T Godot.ResourceLoader.Load<T>(string, string, Godot.ResourceLoader+CacheMode) (/root/godot/modules/mono/glue/GodotSharp/GodotSharp/Core/Extensions/ResourceLoaderExtensions.cs:27)
       [3] void Urman.Godot.Act1ConnectedWorld.ApplyHeroWarmWindow(Godot.Node3D) (/Users/kadyrahunov/Projects/URMAN/game/scripts/Act1ConnectedWorld.cs:5985)
       [4] void Urman.Godot.Act1ConnectedWorld.BuildAct1AuthoredExteriorKit(Godot.Node3D) (/Users/kadyrahunov/Projects/URMAN/game/scripts/Act1ConnectedWorld.cs:3756)
       [5] void Urman.Godot.Act1ConnectedWorld.BuildAct1CoreWorldGreybox() (/Users/kadyrahunov/Projects/URMAN/game/scripts/Act1ConnectedWorld.cs:1163)
       [6] void Urman.Godot.Act1ConnectedWorld.Build() (/Users/kadyrahunov/Projects/URMAN/game/scripts/Act1ConnectedWorld.cs:401)
       [7] void Urman.Godot.Act1ConnectedWorld._Ready() (/Users/kadyrahunov/Projects/URMAN/game/scripts/Act1ConnectedWorld.cs:303)
       [8] bool Godot.Node.InvokeGodotClassMethod(Godot.NativeInterop.godot_string_name&, Godot.NativeInterop.NativeVariantPtrArgs, Godot.NativeInterop.godot_variant&) (/root/godot/modules/mono/glue/GodotSharp/GodotSharp/Generated/GodotObjects/Node.cs:2660)
       [9] bool Godot.Node3D.InvokeGodotClassMethod(Godot.NativeInterop.godot_string_name&, Godot.NativeInterop.NativeVariantPtrArgs, Godot.NativeInterop.godot_variant&) (/root/godot/modules/mono/glue/GodotSharp/GodotSharp/Generated/GodotObjects/Node3D.cs:1127)
       [10] bool Urman.Godot.Act1ConnectedWorld.InvokeGodotClassMethod(Godot.NativeInterop.godot_string_name&, Godot.NativeInterop.NativeVariantPtrArgs, Godot.NativeInterop.godot_variant&) (/Users/kadyrahunov/Projects/URMAN/game/.godot/mono/temp/obj/Debug/Godot.SourceGenerators/Godot.SourceGenerators.ScriptMethodsGenerator/Urman.Godot.Act1ConnectedWorld_ScriptMethods.generated.cs:5046)
       [11] Godot.NativeInterop.godot_bool Godot.Bridge.CSharpInstanceBridge.Call(nint, Godot.NativeInterop.godot_string_name*, Godot.NativeInterop.godot_variant**, int, Godot.NativeInterop.godot_variant_call_error*, Godot.NativeInterop.godot_variant*) (/root/godot/modules/mono/glue/GodotSharp/GodotSharp/Core/Bridge/CSharpInstanceBridge.cs:24)
       [12] void Godot.NativeInterop.NativeFuncs.godotsharp_method_bind_ptrcall(nint, nint, System.Void**, System.Void*) (/root/godot/modules/mono/glue/GodotSharp/GodotSharp/Godot.SourceGenerators.Internal/Godot.SourceGenerators.Internal.UnmanagedCallbacksGenerator/Godot.NativeInterop.NativeFuncs.generated.cs:380)
       [13] void Godot.NativeCalls.godot_icall_3_912(nint, nint, nint, Godot.NativeInterop.godot_bool, int) (/root/godot/modules/mono/glue/GodotSharp/GodotSharp/Generated/NativeCalls.cs:8061)
       [14] void Godot.Node.AddChild(Godot.Node, bool, Godot.Node+InternalMode) (/root/godot/modules/mono/glue/GodotSharp/GodotSharp/Generated/GodotObjects/Node.cs:848)
       [15] void Urman.Godot.Main._Ready() (/Users/kadyrahunov/Projects/URMAN/game/scripts/Main.cs:83)
       [16] bool Godot.Node.InvokeGodotClassMethod(Godot.NativeInterop.godot_string_name&, Godot.NativeInterop.NativeVariantPtrArgs, Godot.NativeInterop.godot_variant&) (/root/godot/modules/mono/glue/GodotSharp/GodotSharp/Generated/GodotObjects/Node.cs:2660)
       [17] bool Godot.Node3D.InvokeGodotClassMethod(Godot.NativeInterop.godot_string_name&, Godot.NativeInterop.NativeVariantPtrArgs, Godot.NativeInterop.godot_variant&) (/root/godot/modules/mono/glue/GodotSharp/GodotSharp/Generated/GodotObjects/Node3D.cs:1127)
       [18] bool Urman.Godot.Main.InvokeGodotClassMethod(Godot.NativeInterop.godot_string_name&, Godot.NativeInterop.NativeVariantPtrArgs, Godot.NativeInterop.godot_variant&) (/Users/kadyrahunov/Projects/URMAN/game/.godot/mono/temp/obj/Debug/Godot.SourceGenerators/Godot.SourceGenerators.ScriptMethodsGenerator/Urman.Godot.Main_ScriptMethods.generated.cs:70)
       [19] Godot.NativeInterop.godot_bool Godot.Bridge.CSharpInstanceBridge.Call(nint, Godot.NativeInterop.godot_string_name*, Godot.NativeInterop.godot_variant**, int, Godot.NativeInterop.godot_variant_call_error*, Godot.NativeInterop.godot_variant*) (/root/godot/modules/mono/glue/GodotSharp/GodotSharp/Core/Bridge/CSharpInstanceBridge.cs:24)
       [20] void Godot.NativeInterop.NativeFuncs.godotsharp_method_bind_ptrcall(nint, nint, System.Void**, System.Void*) (/root/godot/modules/mono/glue/GodotSharp/GodotSharp/Godot.SourceGenerators.Internal/Godot.SourceGenerators.Internal.UnmanagedCallbacksGenerator/Godot.NativeInterop.NativeFuncs.generated.cs:380)
       [21] void Godot.NativeCalls.godot_icall_3_912(nint, nint, nint, Godot.NativeInterop.godot_bool, int) (/root/godot/modules/mono/glue/GodotSharp/GodotSharp/Generated/NativeCalls.cs:8061)
       [22] void Godot.Node.AddChild(Godot.Node, bool, Godot.Node+InternalMode) (/root/godot/modules/mono/glue/GodotSharp/GodotSharp/Generated/GodotObjects/Node.cs:848)
       [23] void Urman.Godot.Act1DemoRoot.InitializeDemo() (/Users/kadyrahunov/Projects/URMAN/game/scripts/Act1DemoRoot.cs:245)
       [24] void Urman.Godot.Act1DemoRoot._Ready() (/Users/kadyrahunov/Projects/URMAN/game/scripts/Act1DemoRoot.cs:194)
       [25] bool Godot.Node.InvokeGodotClassMethod(Godot.NativeInterop.godot_string_name&, Godot.NativeInterop.NativeVariantPtrArgs, Godot.NativeInterop.godot_variant&) (/root/godot/modules/mono/glue/GodotSharp/GodotSharp/Generated/GodotObjects/Node.cs:2660)
       [26] bool Urman.Godot.Act1DemoRoot.InvokeGodotClassMethod(Godot.NativeInterop.godot_string_name&, Godot.NativeInterop.NativeVariantPtrArgs, Godot.NativeInterop.godot_variant&) (/Users/kadyrahunov/Projects/URMAN/game/.godot/mono/temp/obj/Debug/Godot.SourceGenerators/Godot.SourceGenerators.ScriptMethodsGenerator/Urman.Godot.Act1DemoRoot_ScriptMethods.generated.cs:1040)
       [27] Godot.NativeInterop.godot_bool Godot.Bridge.CSharpInstanceBridge.Call(nint, Godot.NativeInterop.godot_string_name*, Godot.NativeInterop.godot_variant**, int, Godot.NativeInterop.godot_variant_call_error*, Godot.NativeInterop.godot_variant*) (/root/godot/modules/mono/glue/GodotSharp/GodotSharp/Core/Bridge/CSharpInstanceBridge.cs:24)
       [28] void Godot.NativeInterop.NativeFuncs.godotsharp_method_bind_ptrcall(nint, nint, System.Void**, System.Void*) (/root/godot/modules/mono/glue/GodotSharp/GodotSharp/Godot.SourceGenerators.Internal/Godot.SourceGenerators.Internal.UnmanagedCallbacksGenerator/Godot.NativeInterop.NativeFuncs.generated.cs:380)
       [29] void Godot.NativeCalls.godot_icall_3_912(nint, nint, nint, Godot.NativeInterop.godot_bool, int) (/root/godot/modules/mono/glue/GodotSharp/GodotSharp/Generated/NativeCalls.cs:8061)
       [30] void Godot.Node.AddChild(Godot.Node, bool, Godot.Node+InternalMode) (/root/godot/modules/mono/glue/GodotSharp/GodotSharp/Generated/GodotObjects/Node.cs:848)
       [31] void Urman.Godot.Tests.Act1MosqueLayoutSmokeTest+<_Ready>d__2.MoveNext() (/Users/kadyrahunov/Projects/URMAN/game/tests/Act1MosqueLayoutSmokeTest.cs:18)
       [32] void System.Runtime.CompilerServices.AsyncMethodBuilderCore.Start<TStateMachine>(TStateMachine&)
       [33] void Urman.Godot.Tests.Act1MosqueLayoutSmokeTest._Ready()
       [34] bool Godot.Node.InvokeGodotClassMethod(Godot.NativeInterop.godot_string_name&, Godot.NativeInterop.NativeVariantPtrArgs, Godot.NativeInterop.godot_variant&) (/root/godot/modules/mono/glue/GodotSharp/GodotSharp/Generated/GodotObjects/Node.cs:2660)
       [35] bool Urman.Godot.Tests.Act1MosqueLayoutSmokeTest.InvokeGodotClassMethod(Godot.NativeInterop.godot_string_name&, Godot.NativeInterop.NativeVariantPtrArgs, Godot.NativeInterop.godot_variant&) (/Users/kadyrahunov/Projects/URMAN/game/.godot/mono/temp/obj/Debug/Godot.SourceGenerators/Godot.SourceGenerators.ScriptMethodsGenerator/Urman.Godot.Tests.Act1MosqueLayoutSmokeTest_ScriptMethods.generated.cs:50)
       [36] Godot.NativeInterop.godot_bool Godot.Bridge.CSharpInstanceBridge.Call(nint, Godot.NativeInterop.godot_string_name*, Godot.NativeInterop.godot_variant**, int, Godot.NativeInterop.godot_variant_call_error*, Godot.NativeInterop.godot_variant*) (/root/godot/modules/mono/glue/GodotSharp/GodotSharp/Core/Bridge/CSharpInstanceBridge.cs:24)
ERROR: Resource file not found: res://assets/textures/painterly/frost_window_v1_albedo.png (expected type: unknown)
   at: _load (core/io/resource_loader.cpp:325)
   C# backtrace (most recent call first):
       [0] Godot.GodotObject Godot.NativeCalls.godot_icall_3_1268(nint, nint, string, string, int) (/root/godot/modules/mono/glue/GodotSharp/GodotSharp/Generated/NativeCalls.cs:11611)
       [1] Godot.Resource Godot.ResourceLoader.Load(string, string, Godot.ResourceLoader+CacheMode) (/root/godot/modules/mono/glue/GodotSharp/GodotSharp/Generated/GodotObjects/ResourceLoader.cs:120)
       [2] T Godot.ResourceLoader.Load<T>(string, string, Godot.ResourceLoader+CacheMode) (/root/godot/modules/mono/glue/GodotSharp/GodotSharp/Core/Extensions/ResourceLoaderExtensions.cs:27)
       [3] void Urman.Godot.Act1ConnectedWorld.ApplyHeroWarmWindow(Godot.Node3D) (/Users/kadyrahunov/Projects/URMAN/game/scripts/Act1ConnectedWorld.cs:5985)
       [4] void Urman.Godot.Act1ConnectedWorld.AddAct1AuthoredExteriorParcel(Godot.Node3D, Urman.Godot.Act1ConnectedWorld+Act1ExteriorParcelComponentPlacement[]) (/Users/kadyrahunov/Projects/URMAN/game/scripts/Act1ConnectedWorld.cs:5293)
       [5] void Urman.Godot.Act1ConnectedWorld.BuildAct1AuthoredExteriorKit(Godot.Node3D) (/Users/kadyrahunov/Projects/URMAN/game/scripts/Act1ConnectedWorld.cs:3880)
       [6] void Urman.Godot.Act1ConnectedWorld.BuildAct1CoreWorldGreybox() (/Users/kadyrahunov/Projects/URMAN/game/scripts/Act1ConnectedWorld.cs:1163)
       [7] void Urman.Godot.Act1ConnectedWorld.Build() (/Users/kadyrahunov/Projects/URMAN/game/scripts/Act1ConnectedWorld.cs:401)
       [8] void Urman.Godot.Act1ConnectedWorld._Ready() (/Users/kadyrahunov/Projects/URMAN/game/scripts/Act1ConnectedWorld.cs:303)
       [9] bool Godot.Node.InvokeGodotClassMethod(Godot.NativeInterop.godot_string_name&, Godot.NativeInterop.NativeVariantPtrArgs, Godot.NativeInterop.godot_variant&) (/root/godot/modules/mono/glue/GodotSharp/GodotSharp/Generated/GodotObjects/Node.cs:2660)
       [10] bool Godot.Node3D.InvokeGodotClassMethod(Godot.NativeInterop.godot_string_name&, Godot.NativeInterop.NativeVariantPtrArgs, Godot.NativeInterop.godot_variant&) (/root/godot/modules/mono/glue/GodotSharp/GodotSharp/Generated/GodotObjects/Node3D.cs:1127)
       [11] bool Urman.Godot.Act1ConnectedWorld.InvokeGodotClassMethod(Godot.NativeInterop.godot_string_name&, Godot.NativeInterop.NativeVariantPtrArgs, Godot.NativeInterop.godot_variant&) (/Users/kadyrahunov/Projects/URMAN/game/.godot/mono/temp/obj/Debug/Godot.SourceGenerators/Godot.SourceGenerators.ScriptMethodsGenerator/Urman.Godot.Act1ConnectedWorld_ScriptMethods.generated.cs:5046)
       [12] Godot.NativeInterop.godot_bool Godot.Bridge.CSharpInstanceBridge.Call(nint, Godot.NativeInterop.godot_string_name*, Godot.NativeInterop.godot_variant**, int, Godot.NativeInterop.godot_variant_call_error*, Godot.NativeInterop.godot_variant*) (/root/godot/modules/mono/glue/GodotSharp/GodotSharp/Core/Bridge/CSharpInstanceBridge.cs:24)
       [13] void Godot.NativeInterop.NativeFuncs.godotsharp_method_bind_ptrcall(nint, nint, System.Void**, System.Void*) (/root/godot/modules/mono/glue/GodotSharp/GodotSharp/Godot.SourceGenerators.Internal/Godot.SourceGenerators.Internal.UnmanagedCallbacksGenerator/Godot.NativeInterop.NativeFuncs.generated.cs:380)
       [14] void Godot.NativeCalls.godot_icall_3_912(nint, nint, nint, Godot.NativeInterop.godot_bool, int) (/root/godot/modules/mono/glue/GodotSharp/GodotSharp/Generated/NativeCalls.cs:8061)
       [15] void Godot.Node.AddChild(Godot.Node, bool, Godot.Node+InternalMode) (/root/godot/modules/mono/glue/GodotSharp/GodotSharp/Generated/GodotObjects/Node.cs:848)
       [16] void Urman.Godot.Main._Ready() (/Users/kadyrahunov/Projects/URMAN/game/scripts/Main.cs:83)
       [17] bool Godot.Node.InvokeGodotClassMethod(Godot.NativeInterop.godot_string_name&, Godot.NativeInterop.NativeVariantPtrArgs, Godot.NativeInterop.godot_variant&) (/root/godot/modules/mono/glue/GodotSharp/GodotSharp/Generated/GodotObjects/Node.cs:2660)
       [18] bool Godot.Node3D.InvokeGodotClassMethod(Godot.NativeInterop.godot_string_name&, Godot.NativeInterop.NativeVariantPtrArgs, Godot.NativeInterop.godot_variant&) (/root/godot/modules/mono/glue/GodotSharp/GodotSharp/Generated/GodotObjects/Node3D.cs:1127)
       [19] bool Urman.Godot.Main.InvokeGodotClassMethod(Godot.NativeInterop.godot_string_name&, Godot.NativeInterop.NativeVariantPtrArgs, Godot.NativeInterop.godot_variant&) (/Users/kadyrahunov/Projects/URMAN/game/.godot/mono/temp/obj/Debug/Godot.SourceGenerators/Godot.SourceGenerators.ScriptMethodsGenerator/Urman.Godot.Main_ScriptMethods.generated.cs:70)
       [20] Godot.NativeInterop.godot_bool Godot.Bridge.CSharpInstanceBridge.Call(nint, Godot.NativeInterop.godot_string_name*, Godot.NativeInterop.godot_variant**, int, Godot.NativeInterop.godot_variant_call_error*, Godot.NativeInterop.godot_variant*) (/root/godot/modules/mono/glue/GodotSharp/GodotSharp/Core/Bridge/CSharpInstanceBridge.cs:24)
       [21] void Godot.NativeInterop.NativeFuncs.godotsharp_method_bind_ptrcall(nint, nint, System.Void**, System.Void*) (/root/godot/modules/mono/glue/GodotSharp/GodotSharp/Godot.SourceGenerators.Internal/Godot.SourceGenerators.Internal.UnmanagedCallbacksGenerator/Godot.NativeInterop.NativeFuncs.generated.cs:380)
       [22] void Godot.NativeCalls.godot_icall_3_912(nint, nint, nint, Godot.NativeInterop.godot_bool, int) (/root/godot/modules/mono/glue/GodotSharp/GodotSharp/Generated/NativeCalls.cs:8061)
       [23] void Godot.Node.AddChild(Godot.Node, bool, Godot.Node+InternalMode) (/root/godot/modules/mono/glue/GodotSharp/GodotSharp/Generated/GodotObjects/Node.cs:848)
       [24] void Urman.Godot.Act1DemoRoot.InitializeDemo() (/Users/kadyrahunov/Projects/URMAN/game/scripts/Act1DemoRoot.cs:245)
       [25] void Urman.Godot.Act1DemoRoot._Ready() (/Users/kadyrahunov/Projects/URMAN/game/scripts/Act1DemoRoot.cs:194)
       [26] bool Godot.Node.InvokeGodotClassMethod(Godot.NativeInterop.godot_string_name&, Godot.NativeInterop.NativeVariantPtrArgs, Godot.NativeInterop.godot_variant&) (/root/godot/modules/mono/glue/GodotSharp/GodotSharp/Generated/GodotObjects/Node.cs:2660)
       [27] bool Urman.Godot.Act1DemoRoot.InvokeGodotClassMethod(Godot.NativeInterop.godot_string_name&, Godot.NativeInterop.NativeVariantPtrArgs, Godot.NativeInterop.godot_variant&) (/Users/kadyrahunov/Projects/URMAN/game/.godot/mono/temp/obj/Debug/Godot.SourceGenerators/Godot.SourceGenerators.ScriptMethodsGenerator/Urman.Godot.Act1DemoRoot_ScriptMethods.generated.cs:1040)
       [28] Godot.NativeInterop.godot_bool Godot.Bridge.CSharpInstanceBridge.Call(nint, Godot.NativeInterop.godot_string_name*, Godot.NativeInterop.godot_variant**, int, Godot.NativeInterop.godot_variant_call_error*, Godot.NativeInterop.godot_variant*) (/root/godot/modules/mono/glue/GodotSharp/GodotSharp/Core/Bridge/CSharpInstanceBridge.cs:24)
       [29] void Godot.NativeInterop.NativeFuncs.godotsharp_method_bind_ptrcall(nint, nint, System.Void**, System.Void*) (/root/godot/modules/mono/glue/GodotSharp/GodotSharp/Godot.SourceGenerators.Internal/Godot.SourceGenerators.Internal.UnmanagedCallbacksGenerator/Godot.NativeInterop.NativeFuncs.generated.cs:380)
       [30] void Godot.NativeCalls.godot_icall_3_912(nint, nint, nint, Godot.NativeInterop.godot_bool, int) (/root/godot/modules/mono/glue/GodotSharp/GodotSharp/Generated/NativeCalls.cs:8061)
       [31] void Godot.Node.AddChild(Godot.Node, bool, Godot.Node+InternalMode) (/root/godot/modules/mono/glue/GodotSharp/GodotSharp/Generated/GodotObjects/Node.cs:848)
       [32] void Urman.Godot.Tests.Act1MosqueLayoutSmokeTest+<_Ready>d__2.MoveNext() (/Users/kadyrahunov/Projects/URMAN/game/tests/Act1MosqueLayoutSmokeTest.cs:18)
       [33] void System.Runtime.CompilerServices.AsyncMethodBuilderCore.Start<TStateMachine>(TStateMachine&)
       [34] void Urman.Godot.Tests.Act1MosqueLayoutSmokeTest._Ready()
       [35] bool Godot.Node.InvokeGodotClassMethod(Godot.NativeInterop.godot_string_name&, Godot.NativeInterop.NativeVariantPtrArgs, Godot.NativeInterop.godot_variant&) (/root/godot/modules/mono/glue/GodotSharp/GodotSharp/Generated/GodotObjects/Node.cs:2660)
       [36] bool Urman.Godot.Tests.Act1MosqueLayoutSmokeTest.InvokeGodotClassMethod(Godot.NativeInterop.godot_string_name&, Godot.NativeInterop.NativeVariantPtrArgs, Godot.NativeInterop.godot_variant&) (/Users/kadyrahunov/Projects/URMAN/game/.godot/mono/temp/obj/Debug/Godot.SourceGenerators/Godot.SourceGenerators.ScriptMethodsGenerator/Urman.Godot.Tests.Act1MosqueLayoutSmokeTest_ScriptMethods.generated.cs:50)
       [37] Godot.NativeInterop.godot_bool Godot.Bridge.CSharpInstanceBridge.Call(nint, Godot.NativeInterop.godot_string_name*, Godot.NativeInterop.godot_variant**, int, Godot.NativeInterop.godot_variant_call_error*, Godot.NativeInterop.godot_variant*) (/root/godot/modules/mono/glue/GodotSharp/GodotSharp/Core/Bridge/CSharpInstanceBridge.cs:24)
ERROR: Error loading resource: 'res://assets/textures/painterly/frost_window_v1_albedo.png'.
   at: load (core/core_bind.cpp:82)
   C# backtrace (most recent call first):
       [0] Godot.GodotObject Godot.NativeCalls.godot_icall_3_1268(nint, nint, string, string, int) (/root/godot/modules/mono/glue/GodotSharp/GodotSharp/Generated/NativeCalls.cs:11611)
       [1] Godot.Resource Godot.ResourceLoader.Load(string, string, Godot.ResourceLoader+CacheMode) (/root/godot/modules/mono/glue/GodotSharp/GodotSharp/Generated/GodotObjects/ResourceLoader.cs:120)
       [2] T Godot.ResourceLoader.Load<T>(string, string, Godot.ResourceLoader+CacheMode) (/root/godot/modules/mono/glue/GodotSharp/GodotSharp/Core/Extensions/ResourceLoaderExtensions.cs:27)
       [3] void Urman.Godot.Act1ConnectedWorld.ApplyHeroWarmWindow(Godot.Node3D) (/Users/kadyrahunov/Projects/URMAN/game/scripts/Act1ConnectedWorld.cs:5985)
       [4] void Urman.Godot.Act1ConnectedWorld.AddAct1AuthoredExteriorParcel(Godot.Node3D, Urman.Godot.Act1ConnectedWorld+Act1ExteriorParcelComponentPlacement[]) (/Users/kadyrahunov/Projects/URMAN/game/scripts/Act1ConnectedWorld.cs:5293)
       [5] void Urman.Godot.Act1ConnectedWorld.BuildAct1AuthoredExteriorKit(Godot.Node3D) (/Users/kadyrahunov/Projects/URMAN/game/scripts/Act1ConnectedWorld.cs:3880)
       [6] void Urman.Godot.Act1ConnectedWorld.BuildAct1CoreWorldGreybox() (/Users/kadyrahunov/Projects/URMAN/game/scripts/Act1ConnectedWorld.cs:1163)
       [7] void Urman.Godot.Act1ConnectedWorld.Build() (/Users/kadyrahunov/Projects/URMAN/game/scripts/Act1ConnectedWorld.cs:401)
       [8] void Urman.Godot.Act1ConnectedWorld._Ready() (/Users/kadyrahunov/Projects/URMAN/game/scripts/Act1ConnectedWorld.cs:303)
       [9] bool Godot.Node.InvokeGodotClassMethod(Godot.NativeInterop.godot_string_name&, Godot.NativeInterop.NativeVariantPtrArgs, Godot.NativeInterop.godot_variant&) (/root/godot/modules/mono/glue/GodotSharp/GodotSharp/Generated/GodotObjects/Node.cs:2660)
       [10] bool Godot.Node3D.InvokeGodotClassMethod(Godot.NativeInterop.godot_string_name&, Godot.NativeInterop.NativeVariantPtrArgs, Godot.NativeInterop.godot_variant&) (/root/godot/modules/mono/glue/GodotSharp/GodotSharp/Generated/GodotObjects/Node3D.cs:1127)
       [11] bool Urman.Godot.Act1ConnectedWorld.InvokeGodotClassMethod(Godot.NativeInterop.godot_string_name&, Godot.NativeInterop.NativeVariantPtrArgs, Godot.NativeInterop.godot_variant&) (/Users/kadyrahunov/Projects/URMAN/game/.godot/mono/temp/obj/Debug/Godot.SourceGenerators/Godot.SourceGenerators.ScriptMethodsGenerator/Urman.Godot.Act1ConnectedWorld_ScriptMethods.generated.cs:5046)
       [12] Godot.NativeInterop.godot_bool Godot.Bridge.CSharpInstanceBridge.Call(nint, Godot.NativeInterop.godot_string_name*, Godot.NativeInterop.godot_variant**, int, Godot.NativeInterop.godot_variant_call_error*, Godot.NativeInterop.godot_variant*) (/root/godot/modules/mono/glue/GodotSharp/GodotSharp/Core/Bridge/CSharpInstanceBridge.cs:24)
       [13] void Godot.NativeInterop.NativeFuncs.godotsharp_method_bind_ptrcall(nint, nint, System.Void**, System.Void*) (/root/godot/modules/mono/glue/GodotSharp/GodotSharp/Godot.SourceGenerators.Internal/Godot.SourceGenerators.Internal.UnmanagedCallbacksGenerator/Godot.NativeInterop.NativeFuncs.generated.cs:380)
       [14] void Godot.NativeCalls.godot_icall_3_912(nint, nint, nint, Godot.NativeInterop.godot_bool, int) (/root/godot/modules/mono/glue/GodotSharp/GodotSharp/Generated/NativeCalls.cs:8061)
       [15] void Godot.Node.AddChild(Godot.Node, bool, Godot.Node+InternalMode) (/root/godot/modules/mono/glue/GodotSharp/GodotSharp/Generated/GodotObjects/Node.cs:848)
       [16] void Urman.Godot.Main._Ready() (/Users/kadyrahunov/Projects/URMAN/game/scripts/Main.cs:83)
       [17] bool Godot.Node.InvokeGodotClassMethod(Godot.NativeInterop.godot_string_name&, Godot.NativeInterop.NativeVariantPtrArgs, Godot.NativeInterop.godot_variant&) (/root/godot/modules/mono/glue/GodotSharp/GodotSharp/Generated/GodotObjects/Node.cs:2660)
       [18] bool Godot.Node3D.InvokeGodotClassMethod(Godot.NativeInterop.godot_string_name&, Godot.NativeInterop.NativeVariantPtrArgs, Godot.NativeInterop.godot_variant&) (/root/godot/modules/mono/glue/GodotSharp/GodotSharp/Generated/GodotObjects/Node3D.cs:1127)
       [19] bool Urman.Godot.Main.InvokeGodotClassMethod(Godot.NativeInterop.godot_string_name&, Godot.NativeInterop.NativeVariantPtrArgs, Godot.NativeInterop.godot_variant&) (/Users/kadyrahunov/Projects/URMAN/game/.godot/mono/temp/obj/Debug/Godot.SourceGenerators/Godot.SourceGenerators.ScriptMethodsGenerator/Urman.Godot.Main_ScriptMethods.generated.cs:70)
       [20] Godot.NativeInterop.godot_bool Godot.Bridge.CSharpInstanceBridge.Call(nint, Godot.NativeInterop.godot_string_name*, Godot.NativeInterop.godot_variant**, int, Godot.NativeInterop.godot_variant_call_error*, Godot.NativeInterop.godot_variant*) (/root/godot/modules/mono/glue/GodotSharp/GodotSharp/Core/Bridge/CSharpInstanceBridge.cs:24)
       [21] void Godot.NativeInterop.NativeFuncs.godotsharp_method_bind_ptrcall(nint, nint, System.Void**, System.Void*) (/root/godot/modules/mono/glue/GodotSharp/GodotSharp/Godot.SourceGenerators.Internal/Godot.SourceGenerators.Internal.UnmanagedCallbacksGenerator/Godot.NativeInterop.NativeFuncs.generated.cs:380)
       [22] void Godot.NativeCalls.godot_icall_3_912(nint, nint, nint, Godot.NativeInterop.godot_bool, int) (/root/godot/modules/mono/glue/GodotSharp/GodotSharp/Generated/NativeCalls.cs:8061)
       [23] void Godot.Node.AddChild(Godot.Node, bool, Godot.Node+InternalMode) (/root/godot/modules/mono/glue/GodotSharp/GodotSharp/Generated/GodotObjects/Node.cs:848)
       [24] void Urman.Godot.Act1DemoRoot.InitializeDemo() (/Users/kadyrahunov/Projects/URMAN/game/scripts/Act1DemoRoot.cs:245)
       [25] void Urman.Godot.Act1DemoRoot._Ready() (/Users/kadyrahunov/Projects/URMAN/game/scripts/Act1DemoRoot.cs:194)
       [26] bool Godot.Node.InvokeGodotClassMethod(Godot.NativeInterop.godot_string_name&, Godot.NativeInterop.NativeVariantPtrArgs, Godot.NativeInterop.godot_variant&) (/root/godot/modules/mono/glue/GodotSharp/GodotSharp/Generated/GodotObjects/Node.cs:2660)
       [27] bool Urman.Godot.Act1DemoRoot.InvokeGodotClassMethod(Godot.NativeInterop.godot_string_name&, Godot.NativeInterop.NativeVariantPtrArgs, Godot.NativeInterop.godot_variant&) (/Users/kadyrahunov/Projects/URMAN/game/.godot/mono/temp/obj/Debug/Godot.SourceGenerators/Godot.SourceGenerators.ScriptMethodsGenerator/Urman.Godot.Act1DemoRoot_ScriptMethods.generated.cs:1040)
       [28] Godot.NativeInterop.godot_bool Godot.Bridge.CSharpInstanceBridge.Call(nint, Godot.NativeInterop.godot_string_name*, Godot.NativeInterop.godot_variant**, int, Godot.NativeInterop.godot_variant_call_error*, Godot.NativeInterop.godot_variant*) (/root/godot/modules/mono/glue/GodotSharp/GodotSharp/Core/Bridge/CSharpInstanceBridge.cs:24)
       [29] void Godot.NativeInterop.NativeFuncs.godotsharp_method_bind_ptrcall(nint, nint, System.Void**, System.Void*) (/root/godot/modules/mono/glue/GodotSharp/GodotSharp/Godot.SourceGenerators.Internal/Godot.SourceGenerators.Internal.UnmanagedCallbacksGenerator/Godot.NativeInterop.NativeFuncs.generated.cs:380)
       [30] void Godot.NativeCalls.godot_icall_3_912(nint, nint, nint, Godot.NativeInterop.godot_bool, int) (/root/godot/modules/mono/glue/GodotSharp/GodotSharp/Generated/NativeCalls.cs:8061)
       [31] void Godot.Node.AddChild(Godot.Node, bool, Godot.Node+InternalMode) (/root/godot/modules/mono/glue/GodotSharp/GodotSharp/Generated/GodotObjects/Node.cs:848)
       [32] void Urman.Godot.Tests.Act1MosqueLayoutSmokeTest+<_Ready>d__2.MoveNext() (/Users/kadyrahunov/Projects/URMAN/game/tests/Act1MosqueLayoutSmokeTest.cs:18)
       [33] void System.Runtime.CompilerServices.AsyncMethodBuilderCore.Start<TStateMachine>(TStateMachine&)
       [34] void Urman.Godot.Tests.Act1MosqueLayoutSmokeTest._Ready()
       [35] bool Godot.Node.InvokeGodotClassMethod(Godot.NativeInterop.godot_string_name&, Godot.NativeInterop.NativeVariantPtrArgs, Godot.NativeInterop.godot_variant&) (/root/godot/modules/mono/glue/GodotSharp/GodotSharp/Generated/GodotObjects/Node.cs:2660)
       [36] bool Urman.Godot.Tests.Act1MosqueLayoutSmokeTest.InvokeGodotClassMethod(Godot.NativeInterop.godot_string_name&, Godot.NativeInterop.NativeVariantPtrArgs, Godot.NativeInterop.godot_variant&) (/Users/kadyrahunov/Projects/URMAN/game/.godot/mono/temp/obj/Debug/Godot.SourceGenerators/Godot.SourceGenerators.ScriptMethodsGenerator/Urman.Godot.Tests.Act1MosqueLayoutSmokeTest_ScriptMethods.generated.cs:50)
       [37] Godot.NativeInterop.godot_bool Godot.Bridge.CSharpInstanceBridge.Call(nint, Godot.NativeInterop.godot_string_name*, Godot.NativeInterop.godot_variant**, int, Godot.NativeInterop.godot_variant_call_error*, Godot.NativeInterop.godot_variant*) (/root/godot/modules/mono/glue/GodotSharp/GodotSharp/Core/Bridge/CSharpInstanceBridge.cs:24)
ERROR: Resource file not found: res://assets/textures/painterly/frost_window_v1_albedo.png (expected type: unknown)
   at: _load (core/io/resource_loader.cpp:325)
   C# backtrace (most recent call first):
       [0] Godot.GodotObject Godot.NativeCalls.godot_icall_3_1268(nint, nint, string, string, int) (/root/godot/modules/mono/glue/GodotSharp/GodotSharp/Generated/NativeCalls.cs:11611)
       [1] Godot.Resource Godot.ResourceLoader.Load(string, string, Godot.ResourceLoader+CacheMode) (/root/godot/modules/mono/glue/GodotSharp/GodotSharp/Generated/GodotObjects/ResourceLoader.cs:120)
       [2] T Godot.ResourceLoader.Load<T>(string, string, Godot.ResourceLoader+CacheMode) (/root/godot/modules/mono/glue/GodotSharp/GodotSharp/Core/Extensions/ResourceLoaderExtensions.cs:27)
       [3] void Urman.Godot.Act1ConnectedWorld.ApplyHeroWarmWindow(Godot.Node3D) (/Users/kadyrahunov/Projects/URMAN/game/scripts/Act1ConnectedWorld.cs:5985)
       [4] void Urman.Godot.Act1ConnectedWorld.AddAct1AuthoredExteriorParcel(Godot.Node3D, Urman.Godot.Act1ConnectedWorld+Act1ExteriorParcelComponentPlacement[]) (/Users/kadyrahunov/Projects/URMAN/game/scripts/Act1ConnectedWorld.cs:5293)
       [5] void Urman.Godot.Act1ConnectedWorld.BuildAct1AuthoredExteriorKit(Godot.Node3D) (/Users/kadyrahunov/Projects/URMAN/game/scripts/Act1ConnectedWorld.cs:3880)
       [6] void Urman.Godot.Act1ConnectedWorld.BuildAct1CoreWorldGreybox() (/Users/kadyrahunov/Projects/URMAN/game/scripts/Act1ConnectedWorld.cs:1163)
       [7] void Urman.Godot.Act1ConnectedWorld.Build() (/Users/kadyrahunov/Projects/URMAN/game/scripts/Act1ConnectedWorld.cs:401)
       [8] void Urman.Godot.Act1ConnectedWorld._Ready() (/Users/kadyrahunov/Projects/URMAN/game/scripts/Act1ConnectedWorld.cs:303)
       [9] bool Godot.Node.InvokeGodotClassMethod(Godot.NativeInterop.godot_string_name&, Godot.NativeInterop.NativeVariantPtrArgs, Godot.NativeInterop.godot_variant&) (/root/godot/modules/mono/glue/GodotSharp/GodotSharp/Generated/GodotObjects/Node.cs:2660)
       [10] bool Godot.Node3D.InvokeGodotClassMethod(Godot.NativeInterop.godot_string_name&, Godot.NativeInterop.NativeVariantPtrArgs, Godot.NativeInterop.godot_variant&) (/root/godot/modules/mono/glue/GodotSharp/GodotSharp/Generated/GodotObjects/Node3D.cs:1127)
       [11] bool Urman.Godot.Act1ConnectedWorld.InvokeGodotClassMethod(Godot.NativeInterop.godot_string_name&, Godot.NativeInterop.NativeVariantPtrArgs, Godot.NativeInterop.godot_variant&) (/Users/kadyrahunov/Projects/URMAN/game/.godot/mono/temp/obj/Debug/Godot.SourceGenerators/Godot.SourceGenerators.ScriptMethodsGenerator/Urman.Godot.Act1ConnectedWorld_ScriptMethods.generated.cs:5046)
       [12] Godot.NativeInterop.godot_bool Godot.Bridge.CSharpInstanceBridge.Call(nint, Godot.NativeInterop.godot_string_name*, Godot.NativeInterop.godot_variant**, int, Godot.NativeInterop.godot_variant_call_error*, Godot.NativeInterop.godot_variant*) (/root/godot/modules/mono/glue/GodotSharp/GodotSharp/Core/Bridge/CSharpInstanceBridge.cs:24)
       [13] void Godot.NativeInterop.NativeFuncs.godotsharp_method_bind_ptrcall(nint, nint, System.Void**, System.Void*) (/root/godot/modules/mono/glue/GodotSharp/GodotSharp/Godot.SourceGenerators.Internal/Godot.SourceGenerators.Internal.UnmanagedCallbacksGenerator/Godot.NativeInterop.NativeFuncs.generated.cs:380)
       [14] void Godot.NativeCalls.godot_icall_3_912(nint, nint, nint, Godot.NativeInterop.godot_bool, int) (/root/godot/modules/mono/glue/GodotSharp/GodotSharp/Generated/NativeCalls.cs:8061)
       [15] void Godot.Node.AddChild(Godot.Node, bool, Godot.Node+InternalMode) (/root/godot/modules/mono/glue/GodotSharp/GodotSharp/Generated/GodotObjects/Node.cs:848)
       [16] void Urman.Godot.Main._Ready() (/Users/kadyrahunov/Projects/URMAN/game/scripts/Main.cs:83)
       [17] bool Godot.Node.InvokeGodotClassMethod(Godot.NativeInterop.godot_string_name&, Godot.NativeInterop.NativeVariantPtrArgs, Godot.NativeInterop.godot_variant&) (/root/godot/modules/mono/glue/GodotSharp/GodotSharp/Generated/GodotObjects/Node.cs:2660)
       [18] bool Godot.Node3D.InvokeGodotClassMethod(Godot.NativeInterop.godot_string_name&, Godot.NativeInterop.NativeVariantPtrArgs, Godot.NativeInterop.godot_variant&) (/root/godot/modules/mono/glue/GodotSharp/GodotSharp/Generated/GodotObjects/Node3D.cs:1127)
       [19] bool Urman.Godot.Main.InvokeGodotClassMethod(Godot.NativeInterop.godot_string_name&, Godot.NativeInterop.NativeVariantPtrArgs, Godot.NativeInterop.godot_variant&) (/Users/kadyrahunov/Projects/URMAN/game/.godot/mono/temp/obj/Debug/Godot.SourceGenerators/Godot.SourceGenerators.ScriptMethodsGenerator/Urman.Godot.Main_ScriptMethods.generated.cs:70)
       [20] Godot.NativeInterop.godot_bool Godot.Bridge.CSharpInstanceBridge.Call(nint, Godot.NativeInterop.godot_string_name*, Godot.NativeInterop.godot_variant**, int, Godot.NativeInterop.godot_variant_call_error*, Godot.NativeInterop.godot_variant*) (/root/godot/modules/mono/glue/GodotSharp/GodotSharp/Core/Bridge/CSharpInstanceBridge.cs:24)
       [21] void Godot.NativeInterop.NativeFuncs.godotsharp_method_bind_ptrcall(nint, nint, System.Void**, System.Void*) (/root/godot/modules/mono/glue/GodotSharp/GodotSharp/Godot.SourceGenerators.Internal/Godot.SourceGenerators.Internal.UnmanagedCallbacksGenerator/Godot.NativeInterop.NativeFuncs.generated.cs:380)
       [22] void Godot.NativeCalls.godot_icall_3_912(nint, nint, nint, Godot.NativeInterop.godot_bool, int) (/root/godot/modules/mono/glue/GodotSharp/GodotSharp/Generated/NativeCalls.cs:8061)
       [23] void Godot.Node.AddChild(Godot.Node, bool, Godot.Node+InternalMode) (/root/godot/modules/mono/glue/GodotSharp/GodotSharp/Generated/GodotObjects/Node.cs:848)
       [24] void Urman.Godot.Act1DemoRoot.InitializeDemo() (/Users/kadyrahunov/Projects/URMAN/game/scripts/Act1DemoRoot.cs:245)
       [25] void Urman.Godot.Act1DemoRoot._Ready() (/Users/kadyrahunov/Projects/URMAN/game/scripts/Act1DemoRoot.cs:194)
       [26] bool Godot.Node.InvokeGodotClassMethod(Godot.NativeInterop.godot_string_name&, Godot.NativeInterop.NativeVariantPtrArgs, Godot.NativeInterop.godot_variant&) (/root/godot/modules/mono/glue/GodotSharp/GodotSharp/Generated/GodotObjects/Node.cs:2660)
       [27] bool Urman.Godot.Act1DemoRoot.InvokeGodotClassMethod(Godot.NativeInterop.godot_string_name&, Godot.NativeInterop.NativeVariantPtrArgs, Godot.NativeInterop.godot_variant&) (/Users/kadyrahunov/Projects/URMAN/game/.godot/mono/temp/obj/Debug/Godot.SourceGenerators/Godot.SourceGenerators.ScriptMethodsGenerator/Urman.Godot.Act1DemoRoot_ScriptMethods.generated.cs:1040)
       [28] Godot.NativeInterop.godot_bool Godot.Bridge.CSharpInstanceBridge.Call(nint, Godot.NativeInterop.godot_string_name*, Godot.NativeInterop.godot_variant**, int, Godot.NativeInterop.godot_variant_call_error*, Godot.NativeInterop.godot_variant*) (/root/godot/modules/mono/glue/GodotSharp/GodotSharp/Core/Bridge/CSharpInstanceBridge.cs:24)
       [29] void Godot.NativeInterop.NativeFuncs.godotsharp_method_bind_ptrcall(nint, nint, System.Void**, System.Void*) (/root/godot/modules/mono/glue/GodotSharp/GodotSharp/Godot.SourceGenerators.Internal/Godot.SourceGenerators.Internal.UnmanagedCallbacksGenerator/Godot.NativeInterop.NativeFuncs.generated.cs:380)
       [30] void Godot.NativeCalls.godot_icall_3_912(nint, nint, nint, Godot.NativeInterop.godot_bool, int) (/root/godot/modules/mono/glue/GodotSharp/GodotSharp/Generated/NativeCalls.cs:8061)
       [31] void Godot.Node.AddChild(Godot.Node, bool, Godot.Node+InternalMode) (/root/godot/modules/mono/glue/GodotSharp/GodotSharp/Generated/GodotObjects/Node.cs:848)
       [32] void Urman.Godot.Tests.Act1MosqueLayoutSmokeTest+<_Ready>d__2.MoveNext() (/Users/kadyrahunov/Projects/URMAN/game/tests/Act1MosqueLayoutSmokeTest.cs:18)
       [33] void System.Runtime.CompilerServices.AsyncMethodBuilderCore.Start<TStateMachine>(TStateMachine&)
       [34] void Urman.Godot.Tests.Act1MosqueLayoutSmokeTest._Ready()
       [35] bool Godot.Node.InvokeGodotClassMethod(Godot.NativeInterop.godot_string_name&, Godot.NativeInterop.NativeVariantPtrArgs, Godot.NativeInterop.godot_variant&) (/root/godot/modules/mono/glue/GodotSharp/GodotSharp/Generated/GodotObjects/Node.cs:2660)
       [36] bool Urman.Godot.Tests.Act1MosqueLayoutSmokeTest.InvokeGodotClassMethod(Godot.NativeInterop.godot_string_name&, Godot.NativeInterop.NativeVariantPtrArgs, Godot.NativeInterop.godot_variant&) (/Users/kadyrahunov/Projects/URMAN/game/.godot/mono/temp/obj/Debug/Godot.SourceGenerators/Godot.SourceGenerators.ScriptMethodsGenerator/Urman.Godot.Tests.Act1MosqueLayoutSmokeTest_ScriptMethods.generated.cs:50)
       [37] Godot.NativeInterop.godot_bool Godot.Bridge.CSharpInstanceBridge.Call(nint, Godot.NativeInterop.godot_string_name*, Godot.NativeInterop.godot_variant**, int, Godot.NativeInterop.godot_variant_call_error*, Godot.NativeInterop.godot_variant*) (/root/godot/modules/mono/glue/GodotSharp/GodotSharp/Core/Bridge/CSharpInstanceBridge.cs:24)
ERROR: Error loading resource: 'res://assets/textures/painterly/frost_window_v1_albedo.png'.
   at: load (core/core_bind.cpp:82)
   C# backtrace (most recent call first):
       [0] Godot.GodotObject Godot.NativeCalls.godot_icall_3_1268(nint, nint, string, string, int) (/root/godot/modules/mono/glue/GodotSharp/GodotSharp/Generated/NativeCalls.cs:11611)
       [1] Godot.Resource Godot.ResourceLoader.Load(string, string, Godot.ResourceLoader+CacheMode) (/root/godot/modules/mono/glue/GodotSharp/GodotSharp/Generated/GodotObjects/ResourceLoader.cs:120)
       [2] T Godot.ResourceLoader.Load<T>(string, string, Godot.ResourceLoader+CacheMode) (/root/godot/modules/mono/glue/GodotSharp/GodotSharp/Core/Extensions/ResourceLoaderExtensions.cs:27)
       [3] void Urman.Godot.Act1ConnectedWorld.ApplyHeroWarmWindow(Godot.Node3D) (/Users/kadyrahunov/Projects/URMAN/game/scripts/Act1ConnectedWorld.cs:5985)
       [4] void Urman.Godot.Act1ConnectedWorld.AddAct1AuthoredExteriorParcel(Godot.Node3D, Urman.Godot.Act1ConnectedWorld+Act1ExteriorParcelComponentPlacement[]) (/Users/kadyrahunov/Projects/URMAN/game/scripts/Act1ConnectedWorld.cs:5293)
       [5] void Urman.Godot.Act1ConnectedWorld.BuildAct1AuthoredExteriorKit(Godot.Node3D) (/Users/kadyrahunov/Projects/URMAN/game/scripts/Act1ConnectedWorld.cs:3880)
       [6] void Urman.Godot.Act1ConnectedWorld.BuildAct1CoreWorldGreybox() (/Users/kadyrahunov/Projects/URMAN/game/scripts/Act1ConnectedWorld.cs:1163)
       [7] void Urman.Godot.Act1ConnectedWorld.Build() (/Users/kadyrahunov/Projects/URMAN/game/scripts/Act1ConnectedWorld.cs:401)
       [8] void Urman.Godot.Act1ConnectedWorld._Ready() (/Users/kadyrahunov/Projects/URMAN/game/scripts/Act1ConnectedWorld.cs:303)
       [9] bool Godot.Node.InvokeGodotClassMethod(Godot.NativeInterop.godot_string_name&, Godot.NativeInterop.NativeVariantPtrArgs, Godot.NativeInterop.godot_variant&) (/root/godot/modules/mono/glue/GodotSharp/GodotSharp/Generated/GodotObjects/Node.cs:2660)
       [10] bool Godot.Node3D.InvokeGodotClassMethod(Godot.NativeInterop.godot_string_name&, Godot.NativeInterop.NativeVariantPtrArgs, Godot.NativeInterop.godot_variant&) (/root/godot/modules/mono/glue/GodotSharp/GodotSharp/Generated/GodotObjects/Node3D.cs:1127)
       [11] bool Urman.Godot.Act1ConnectedWorld.InvokeGodotClassMethod(Godot.NativeInterop.godot_string_name&, Godot.NativeInterop.NativeVariantPtrArgs, Godot.NativeInterop.godot_variant&) (/Users/kadyrahunov/Projects/URMAN/game/.godot/mono/temp/obj/Debug/Godot.SourceGenerators/Godot.SourceGenerators.ScriptMethodsGenerator/Urman.Godot.Act1ConnectedWorld_ScriptMethods.generated.cs:5046)
       [12] Godot.NativeInterop.godot_bool Godot.Bridge.CSharpInstanceBridge.Call(nint, Godot.NativeInterop.godot_string_name*, Godot.NativeInterop.godot_variant**, int, Godot.NativeInterop.godot_variant_call_error*, Godot.NativeInterop.godot_variant*) (/root/godot/modules/mono/glue/GodotSharp/GodotSharp/Core/Bridge/CSharpInstanceBridge.cs:24)
       [13] void Godot.NativeInterop.NativeFuncs.godotsharp_method_bind_ptrcall(nint, nint, System.Void**, System.Void*) (/root/godot/modules/mono/glue/GodotSharp/GodotSharp/Godot.SourceGenerators.Internal/Godot.SourceGenerators.Internal.UnmanagedCallbacksGenerator/Godot.NativeInterop.NativeFuncs.generated.cs:380)
       [14] void Godot.NativeCalls.godot_icall_3_912(nint, nint, nint, Godot.NativeInterop.godot_bool, int) (/root/godot/modules/mono/glue/GodotSharp/GodotSharp/Generated/NativeCalls.cs:8061)
       [15] void Godot.Node.AddChild(Godot.Node, bool, Godot.Node+InternalMode) (/root/godot/modules/mono/glue/GodotSharp/GodotSharp/Generated/GodotObjects/Node.cs:848)
       [16] void Urman.Godot.Main._Ready() (/Users/kadyrahunov/Projects/URMAN/game/scripts/Main.cs:83)
       [17] bool Godot.Node.InvokeGodotClassMethod(Godot.NativeInterop.godot_string_name&, Godot.NativeInterop.NativeVariantPtrArgs, Godot.NativeInterop.godot_variant&) (/root/godot/modules/mono/glue/GodotSharp/GodotSharp/Generated/GodotObjects/Node.cs:2660)
       [18] bool Godot.Node3D.InvokeGodotClassMethod(Godot.NativeInterop.godot_string_name&, Godot.NativeInterop.NativeVariantPtrArgs, Godot.NativeInterop.godot_variant&) (/root/godot/modules/mono/glue/GodotSharp/GodotSharp/Generated/GodotObjects/Node3D.cs:1127)
       [19] bool Urman.Godot.Main.InvokeGodotClassMethod(Godot.NativeInterop.godot_string_name&, Godot.NativeInterop.NativeVariantPtrArgs, Godot.NativeInterop.godot_variant&) (/Users/kadyrahunov/Projects/URMAN/game/.godot/mono/temp/obj/Debug/Godot.SourceGenerators/Godot.SourceGenerators.ScriptMethodsGenerator/Urman.Godot.Main_ScriptMethods.generated.cs:70)
       [20] Godot.NativeInterop.godot_bool Godot.Bridge.CSharpInstanceBridge.Call(nint, Godot.NativeInterop.godot_string_name*, Godot.NativeInterop.godot_variant**, int, Godot.NativeInterop.godot_variant_call_error*, Godot.NativeInterop.godot_variant*) (/root/godot/modules/mono/glue/GodotSharp/GodotSharp/Core/Bridge/CSharpInstanceBridge.cs:24)
       [21] void Godot.NativeInterop.NativeFuncs.godotsharp_method_bind_ptrcall(nint, nint, System.Void**, System.Void*) (/root/godot/modules/mono/glue/GodotSharp/GodotSharp/Godot.SourceGenerators.Internal/Godot.SourceGenerators.Internal.UnmanagedCallbacksGenerator/Godot.NativeInterop.NativeFuncs.generated.cs:380)
       [22] void Godot.NativeCalls.godot_icall_3_912(nint, nint, nint, Godot.NativeInterop.godot_bool, int) (/root/godot/modules/mono/glue/GodotSharp/GodotSharp/Generated/NativeCalls.cs:8061)
       [23] void Godot.Node.AddChild(Godot.Node, bool, Godot.Node+InternalMode) (/root/godot/modules/mono/glue/GodotSharp/GodotSharp/Generated/GodotObjects/Node.cs:848)
       [24] void Urman.Godot.Act1DemoRoot.InitializeDemo() (/Users/kadyrahunov/Projects/URMAN/game/scripts/Act1DemoRoot.cs:245)
       [25] void Urman.Godot.Act1DemoRoot._Ready() (/Users/kadyrahunov/Projects/URMAN/game/scripts/Act1DemoRoot.cs:194)
       [26] bool Godot.Node.InvokeGodotClassMethod(Godot.NativeInterop.godot_string_name&, Godot.NativeInterop.NativeVariantPtrArgs, Godot.NativeInterop.godot_variant&) (/root/godot/modules/mono/glue/GodotSharp/GodotSharp/Generated/GodotObjects/Node.cs:2660)
       [27] bool Urman.Godot.Act1DemoRoot.InvokeGodotClassMethod(Godot.NativeInterop.godot_string_name&, Godot.NativeInterop.NativeVariantPtrArgs, Godot.NativeInterop.godot_variant&) (/Users/kadyrahunov/Projects/URMAN/game/.godot/mono/temp/obj/Debug/Godot.SourceGenerators/Godot.SourceGenerators.ScriptMethodsGenerator/Urman.Godot.Act1DemoRoot_ScriptMethods.generated.cs:1040)
       [28] Godot.NativeInterop.godot_bool Godot.Bridge.CSharpInstanceBridge.Call(nint, Godot.NativeInterop.godot_string_name*, Godot.NativeInterop.godot_variant**, int, Godot.NativeInterop.godot_variant_call_error*, Godot.NativeInterop.godot_variant*) (/root/godot/modules/mono/glue/GodotSharp/GodotSharp/Core/Bridge/CSharpInstanceBridge.cs:24)
       [29] void Godot.NativeInterop.NativeFuncs.godotsharp_method_bind_ptrcall(nint, nint, System.Void**, System.Void*) (/root/godot/modules/mono/glue/GodotSharp/GodotSharp/Godot.SourceGenerators.Internal/Godot.SourceGenerators.Internal.UnmanagedCallbacksGenerator/Godot.NativeInterop.NativeFuncs.generated.cs:380)
       [30] void Godot.NativeCalls.godot_icall_3_912(nint, nint, nint, Godot.NativeInterop.godot_bool, int) (/root/godot/modules/mono/glue/GodotSharp/GodotSharp/Generated/NativeCalls.cs:8061)
       [31] void Godot.Node.AddChild(Godot.Node, bool, Godot.Node+InternalMode) (/root/godot/modules/mono/glue/GodotSharp/GodotSharp/Generated/GodotObjects/Node.cs:848)
       [32] void Urman.Godot.Tests.Act1MosqueLayoutSmokeTest+<_Ready>d__2.MoveNext() (/Users/kadyrahunov/Projects/URMAN/game/tests/Act1MosqueLayoutSmokeTest.cs:18)
       [33] void System.Runtime.CompilerServices.AsyncMethodBuilderCore.Start<TStateMachine>(TStateMachine&)
       [34] void Urman.Godot.Tests.Act1MosqueLayoutSmokeTest._Ready()
       [35] bool Godot.Node.InvokeGodotClassMethod(Godot.NativeInterop.godot_string_name&, Godot.NativeInterop.NativeVariantPtrArgs, Godot.NativeInterop.godot_variant&) (/root/godot/modules/mono/glue/GodotSharp/GodotSharp/Generated/GodotObjects/Node.cs:2660)
       [36] bool Urman.Godot.Tests.Act1MosqueLayoutSmokeTest.InvokeGodotClassMethod(Godot.NativeInterop.godot_string_name&, Godot.NativeInterop.NativeVariantPtrArgs, Godot.NativeInterop.godot_variant&) (/Users/kadyrahunov/Projects/URMAN/game/.godot/mono/temp/obj/Debug/Godot.SourceGenerators/Godot.SourceGenerators.ScriptMethodsGenerator/Urman.Godot.Tests.Act1MosqueLayoutSmokeTest_ScriptMethods.generated.cs:50)
       [37] Godot.NativeInterop.godot_bool Godot.Bridge.CSharpInstanceBridge.Call(nint, Godot.NativeInterop.godot_string_name*, Godot.NativeInterop.godot_variant**, int, Godot.NativeInterop.godot_variant_call_error*, Godot.NativeInterop.godot_variant*) (/root/godot/modules/mono/glue/GodotSharp/GodotSharp/Core/Bridge/CSharpInstanceBridge.cs:24)
ERROR: Resource file not found: res://assets/textures/painterly/frost_window_v1_albedo.png (expected type: unknown)
   at: _load (core/io/resource_loader.cpp:325)
   C# backtrace (most recent call first):
       [0] Godot.GodotObject Godot.NativeCalls.godot_icall_3_1268(nint, nint, string, string, int) (/root/godot/modules/mono/glue/GodotSharp/GodotSharp/Generated/NativeCalls.cs:11611)
       [1] Godot.Resource Godot.ResourceLoader.Load(string, string, Godot.ResourceLoader+CacheMode) (/root/godot/modules/mono/glue/GodotSharp/GodotSharp/Generated/GodotObjects/ResourceLoader.cs:120)
       [2] T Godot.ResourceLoader.Load<T>(string, string, Godot.ResourceLoader+CacheMode) (/root/godot/modules/mono/glue/GodotSharp/GodotSharp/Core/Extensions/ResourceLoaderExtensions.cs:27)
       [3] void Urman.Godot.Act1ConnectedWorld.ApplyHeroWarmWindow(Godot.Node3D) (/Users/kadyrahunov/Projects/URMAN/game/scripts/Act1ConnectedWorld.cs:5985)
       [4] void Urman.Godot.Act1ConnectedWorld.AddAct1AuthoredExteriorParcel(Godot.Node3D, Urman.Godot.Act1ConnectedWorld+Act1ExteriorParcelComponentPlacement[]) (/Users/kadyrahunov/Projects/URMAN/game/scripts/Act1ConnectedWorld.cs:5293)
       [5] void Urman.Godot.Act1ConnectedWorld.BuildAct1AuthoredExteriorKit(Godot.Node3D) (/Users/kadyrahunov/Projects/URMAN/game/scripts/Act1ConnectedWorld.cs:3880)
       [6] void Urman.Godot.Act1ConnectedWorld.BuildAct1CoreWorldGreybox() (/Users/kadyrahunov/Projects/URMAN/game/scripts/Act1ConnectedWorld.cs:1163)
       [7] void Urman.Godot.Act1ConnectedWorld.Build() (/Users/kadyrahunov/Projects/URMAN/game/scripts/Act1ConnectedWorld.cs:401)
       [8] void Urman.Godot.Act1ConnectedWorld._Ready() (/Users/kadyrahunov/Projects/URMAN/game/scripts/Act1ConnectedWorld.cs:303)
       [9] bool Godot.Node.InvokeGodotClassMethod(Godot.NativeInterop.godot_string_name&, Godot.NativeInterop.NativeVariantPtrArgs, Godot.NativeInterop.godot_variant&) (/root/godot/modules/mono/glue/GodotSharp/GodotSharp/Generated/GodotObjects/Node.cs:2660)
       [10] bool Godot.Node3D.InvokeGodotClassMethod(Godot.NativeInterop.godot_string_name&, Godot.NativeInterop.NativeVariantPtrArgs, Godot.NativeInterop.godot_variant&) (/root/godot/modules/mono/glue/GodotSharp/GodotSharp/Generated/GodotObjects/Node3D.cs:1127)
       [11] bool Urman.Godot.Act1ConnectedWorld.InvokeGodotClassMethod(Godot.NativeInterop.godot_string_name&, Godot.NativeInterop.NativeVariantPtrArgs, Godot.NativeInterop.godot_variant&) (/Users/kadyrahunov/Projects/URMAN/game/.godot/mono/temp/obj/Debug/Godot.SourceGenerators/Godot.SourceGenerators.ScriptMethodsGenerator/Urman.Godot.Act1ConnectedWorld_ScriptMethods.generated.cs:5046)
       [12] Godot.NativeInterop.godot_bool Godot.Bridge.CSharpInstanceBridge.Call(nint, Godot.NativeInterop.godot_string_name*, Godot.NativeInterop.godot_variant**, int, Godot.NativeInterop.godot_variant_call_error*, Godot.NativeInterop.godot_variant*) (/root/godot/modules/mono/glue/GodotSharp/GodotSharp/Core/Bridge/CSharpInstanceBridge.cs:24)
       [13] void Godot.NativeInterop.NativeFuncs.godotsharp_method_bind_ptrcall(nint, nint, System.Void**, System.Void*) (/root/godot/modules/mono/glue/GodotSharp/GodotSharp/Godot.SourceGenerators.Internal/Godot.SourceGenerators.Internal.UnmanagedCallbacksGenerator/Godot.NativeInterop.NativeFuncs.generated.cs:380)
       [14] void Godot.NativeCalls.godot_icall_3_912(nint, nint, nint, Godot.NativeInterop.godot_bool, int) (/root/godot/modules/mono/glue/GodotSharp/GodotSharp/Generated/NativeCalls.cs:8061)
       [15] void Godot.Node.AddChild(Godot.Node, bool, Godot.Node+InternalMode) (/root/godot/modules/mono/glue/GodotSharp/GodotSharp/Generated/GodotObjects/Node.cs:848)
       [16] void Urman.Godot.Main._Ready() (/Users/kadyrahunov/Projects/URMAN/game/scripts/Main.cs:83)
       [17] bool Godot.Node.InvokeGodotClassMethod(Godot.NativeInterop.godot_string_name&, Godot.NativeInterop.NativeVariantPtrArgs, Godot.NativeInterop.godot_variant&) (/root/godot/modules/mono/glue/GodotSharp/GodotSharp/Generated/GodotObjects/Node.cs:2660)
       [18] bool Godot.Node3D.InvokeGodotClassMethod(Godot.NativeInterop.godot_string_name&, Godot.NativeInterop.NativeVariantPtrArgs, Godot.NativeInterop.godot_variant&) (/root/godot/modules/mono/glue/GodotSharp/GodotSharp/Generated/GodotObjects/Node3D.cs:1127)
       [19] bool Urman.Godot.Main.InvokeGodotClassMethod(Godot.NativeInterop.godot_string_name&, Godot.NativeInterop.NativeVariantPtrArgs, Godot.NativeInterop.godot_variant&) (/Users/kadyrahunov/Projects/URMAN/game/.godot/mono/temp/obj/Debug/Godot.SourceGenerators/Godot.SourceGenerators.ScriptMethodsGenerator/Urman.Godot.Main_ScriptMethods.generated.cs:70)
       [20] Godot.NativeInterop.godot_bool Godot.Bridge.CSharpInstanceBridge.Call(nint, Godot.NativeInterop.godot_string_name*, Godot.NativeInterop.godot_variant**, int, Godot.NativeInterop.godot_variant_call_error*, Godot.NativeInterop.godot_variant*) (/root/godot/modules/mono/glue/GodotSharp/GodotSharp/Core/Bridge/CSharpInstanceBridge.cs:24)
       [21] void Godot.NativeInterop.NativeFuncs.godotsharp_method_bind_ptrcall(nint, nint, System.Void**, System.Void*) (/root/godot/modules/mono/glue/GodotSharp/GodotSharp/Godot.SourceGenerators.Internal/Godot.SourceGenerators.Internal.UnmanagedCallbacksGenerator/Godot.NativeInterop.NativeFuncs.generated.cs:380)
       [22] void Godot.NativeCalls.godot_icall_3_912(nint, nint, nint, Godot.NativeInterop.godot_bool, int) (/root/godot/modules/mono/glue/GodotSharp/GodotSharp/Generated/NativeCalls.cs:8061)
       [23] void Godot.Node.AddChild(Godot.Node, bool, Godot.Node+InternalMode) (/root/godot/modules/mono/glue/GodotSharp/GodotSharp/Generated/GodotObjects/Node.cs:848)
       [24] void Urman.Godot.Act1DemoRoot.InitializeDemo() (/Users/kadyrahunov/Projects/URMAN/game/scripts/Act1DemoRoot.cs:245)
       [25] void Urman.Godot.Act1DemoRoot._Ready() (/Users/kadyrahunov/Projects/URMAN/game/scripts/Act1DemoRoot.cs:194)
       [26] bool Godot.Node.InvokeGodotClassMethod(Godot.NativeInterop.godot_string_name&, Godot.NativeInterop.NativeVariantPtrArgs, Godot.NativeInterop.godot_variant&) (/root/godot/modules/mono/glue/GodotSharp/GodotSharp/Generated/GodotObjects/Node.cs:2660)
       [27] bool Urman.Godot.Act1DemoRoot.InvokeGodotClassMethod(Godot.NativeInterop.godot_string_name&, Godot.NativeInterop.NativeVariantPtrArgs, Godot.NativeInterop.godot_variant&) (/Users/kadyrahunov/Projects/URMAN/game/.godot/mono/temp/obj/Debug/Godot.SourceGenerators/Godot.SourceGenerators.ScriptMethodsGenerator/Urman.Godot.Act1DemoRoot_ScriptMethods.generated.cs:1040)
       [28] Godot.NativeInterop.godot_bool Godot.Bridge.CSharpInstanceBridge.Call(nint, Godot.NativeInterop.godot_string_name*, Godot.NativeInterop.godot_variant**, int, Godot.NativeInterop.godot_variant_call_error*, Godot.NativeInterop.godot_variant*) (/root/godot/modules/mono/glue/GodotSharp/GodotSharp/Core/Bridge/CSharpInstanceBridge.cs:24)
       [29] void Godot.NativeInterop.NativeFuncs.godotsharp_method_bind_ptrcall(nint, nint, System.Void**, System.Void*) (/root/godot/modules/mono/glue/GodotSharp/GodotSharp/Godot.SourceGenerators.Internal/Godot.SourceGenerators.Internal.UnmanagedCallbacksGenerator/Godot.NativeInterop.NativeFuncs.generated.cs:380)
       [30] void Godot.NativeCalls.godot_icall_3_912(nint, nint, nint, Godot.NativeInterop.godot_bool, int) (/root/godot/modules/mono/glue/GodotSharp/GodotSharp/Generated/NativeCalls.cs:8061)
       [31] void Godot.Node.AddChild(Godot.Node, bool, Godot.Node+InternalMode) (/root/godot/modules/mono/glue/GodotSharp/GodotSharp/Generated/GodotObjects/Node.cs:848)
       [32] void Urman.Godot.Tests.Act1MosqueLayoutSmokeTest+<_Ready>d__2.MoveNext() (/Users/kadyrahunov/Projects/URMAN/game/tests/Act1MosqueLayoutSmokeTest.cs:18)
       [33] void System.Runtime.CompilerServices.AsyncMethodBuilderCore.Start<TStateMachine>(TStateMachine&)
       [34] void Urman.Godot.Tests.Act1MosqueLayoutSmokeTest._Ready()
       [35] bool Godot.Node.InvokeGodotClassMethod(Godot.NativeInterop.godot_string_name&, Godot.NativeInterop.NativeVariantPtrArgs, Godot.NativeInterop.godot_variant&) (/root/godot/modules/mono/glue/GodotSharp/GodotSharp/Generated/GodotObjects/Node.cs:2660)
       [36] bool Urman.Godot.Tests.Act1MosqueLayoutSmokeTest.InvokeGodotClassMethod(Godot.NativeInterop.godot_string_name&, Godot.NativeInterop.NativeVariantPtrArgs, Godot.NativeInterop.godot_variant&) (/Users/kadyrahunov/Projects/URMAN/game/.godot/mono/temp/obj/Debug/Godot.SourceGenerators/Godot.SourceGenerators.ScriptMethodsGenerator/Urman.Godot.Tests.Act1MosqueLayoutSmokeTest_ScriptMethods.generated.cs:50)
       [37] Godot.NativeInterop.godot_bool Godot.Bridge.CSharpInstanceBridge.Call(nint, Godot.NativeInterop.godot_string_name*, Godot.NativeInterop.godot_variant**, int, Godot.NativeInterop.godot_variant_call_error*, Godot.NativeInterop.godot_variant*) (/root/godot/modules/mono/glue/GodotSharp/GodotSharp/Core/Bridge/CSharpInstanceBridge.cs:24)
ERROR: Error loading resource: 'res://assets/textures/painterly/frost_window_v1_albedo.png'.
   at: load (core/core_bind.cpp:82)
   C# backtrace (most recent call first):
       [0] Godot.GodotObject Godot.NativeCalls.godot_icall_3_1268(nint, nint, string, string, int) (/root/godot/modules/mono/glue/GodotSharp/GodotSharp/Generated/NativeCalls.cs:11611)
       [1] Godot.Resource Godot.ResourceLoader.Load(string, string, Godot.ResourceLoader+CacheMode) (/root/godot/modules/mono/glue/GodotSharp/GodotSharp/Generated/GodotObjects/ResourceLoader.cs:120)
       [2] T Godot.ResourceLoader.Load<T>(string, string, Godot.ResourceLoader+CacheMode) (/root/godot/modules/mono/glue/GodotSharp/GodotSharp/Core/Extensions/ResourceLoaderExtensions.cs:27)
       [3] void Urman.Godot.Act1ConnectedWorld.ApplyHeroWarmWindow(Godot.Node3D) (/Users/kadyrahunov/Projects/URMAN/game/scripts/Act1ConnectedWorld.cs:5985)
       [4] void Urman.Godot.Act1ConnectedWorld.AddAct1AuthoredExteriorParcel(Godot.Node3D, Urman.Godot.Act1ConnectedWorld+Act1ExteriorParcelComponentPlacement[]) (/Users/kadyrahunov/Projects/URMAN/game/scripts/Act1ConnectedWorld.cs:5293)
       [5] void Urman.Godot.Act1ConnectedWorld.BuildAct1AuthoredExteriorKit(Godot.Node3D) (/Users/kadyrahunov/Projects/URMAN/game/scripts/Act1ConnectedWorld.cs:3880)
       [6] void Urman.Godot.Act1ConnectedWorld.BuildAct1CoreWorldGreybox() (/Users/kadyrahunov/Projects/URMAN/game/scripts/Act1ConnectedWorld.cs:1163)
       [7] void Urman.Godot.Act1ConnectedWorld.Build() (/Users/kadyrahunov/Projects/URMAN/game/scripts/Act1ConnectedWorld.cs:401)
       [8] void Urman.Godot.Act1ConnectedWorld._Ready() (/Users/kadyrahunov/Projects/URMAN/game/scripts/Act1ConnectedWorld.cs:303)
       [9] bool Godot.Node.InvokeGodotClassMethod(Godot.NativeInterop.godot_string_name&, Godot.NativeInterop.NativeVariantPtrArgs, Godot.NativeInterop.godot_variant&) (/root/godot/modules/mono/glue/GodotSharp/GodotSharp/Generated/GodotObjects/Node.cs:2660)
       [10] bool Godot.Node3D.InvokeGodotClassMethod(Godot.NativeInterop.godot_string_name&, Godot.NativeInterop.NativeVariantPtrArgs, Godot.NativeInterop.godot_variant&) (/root/godot/modules/mono/glue/GodotSharp/GodotSharp/Generated/GodotObjects/Node3D.cs:1127)
       [11] bool Urman.Godot.Act1ConnectedWorld.InvokeGodotClassMethod(Godot.NativeInterop.godot_string_name&, Godot.NativeInterop.NativeVariantPtrArgs, Godot.NativeInterop.godot_variant&) (/Users/kadyrahunov/Projects/URMAN/game/.godot/mono/temp/obj/Debug/Godot.SourceGenerators/Godot.SourceGenerators.ScriptMethodsGenerator/Urman.Godot.Act1ConnectedWorld_ScriptMethods.generated.cs:5046)
       [12] Godot.NativeInterop.godot_bool Godot.Bridge.CSharpInstanceBridge.Call(nint, Godot.NativeInterop.godot_string_name*, Godot.NativeInterop.godot_variant**, int, Godot.NativeInterop.godot_variant_call_error*, Godot.NativeInterop.godot_variant*) (/root/godot/modules/mono/glue/GodotSharp/GodotSharp/Core/Bridge/CSharpInstanceBridge.cs:24)
       [13] void Godot.NativeInterop.NativeFuncs.godotsharp_method_bind_ptrcall(nint, nint, System.Void**, System.Void*) (/root/godot/modules/mono/glue/GodotSharp/GodotSharp/Godot.SourceGenerators.Internal/Godot.SourceGenerators.Internal.UnmanagedCallbacksGenerator/Godot.NativeInterop.NativeFuncs.generated.cs:380)
       [14] void Godot.NativeCalls.godot_icall_3_912(nint, nint, nint, Godot.NativeInterop.godot_bool, int) (/root/godot/modules/mono/glue/GodotSharp/GodotSharp/Generated/NativeCalls.cs:8061)
       [15] void Godot.Node.AddChild(Godot.Node, bool, Godot.Node+InternalMode) (/root/godot/modules/mono/glue/GodotSharp/GodotSharp/Generated/GodotObjects/Node.cs:848)
       [16] void Urman.Godot.Main._Ready() (/Users/kadyrahunov/Projects/URMAN/game/scripts/Main.cs:83)
       [17] bool Godot.Node.InvokeGodotClassMethod(Godot.NativeInterop.godot_string_name&, Godot.NativeInterop.NativeVariantPtrArgs, Godot.NativeInterop.godot_variant&) (/root/godot/modules/mono/glue/GodotSharp/GodotSharp/Generated/GodotObjects/Node.cs:2660)
       [18] bool Godot.Node3D.InvokeGodotClassMethod(Godot.NativeInterop.godot_string_name&, Godot.NativeInterop.NativeVariantPtrArgs, Godot.NativeInterop.godot_variant&) (/root/godot/modules/mono/glue/GodotSharp/GodotSharp/Generated/GodotObjects/Node3D.cs:1127)
       [19] bool Urman.Godot.Main.InvokeGodotClassMethod(Godot.NativeInterop.godot_string_name&, Godot.NativeInterop.NativeVariantPtrArgs, Godot.NativeInterop.godot_variant&) (/Users/kadyrahunov/Projects/URMAN/game/.godot/mono/temp/obj/Debug/Godot.SourceGenerators/Godot.SourceGenerators.ScriptMethodsGenerator/Urman.Godot.Main_ScriptMethods.generated.cs:70)
       [20] Godot.NativeInterop.godot_bool Godot.Bridge.CSharpInstanceBridge.Call(nint, Godot.NativeInterop.godot_string_name*, Godot.NativeInterop.godot_variant**, int, Godot.NativeInterop.godot_variant_call_error*, Godot.NativeInterop.godot_variant*) (/root/godot/modules/mono/glue/GodotSharp/GodotSharp/Core/Bridge/CSharpInstanceBridge.cs:24)
       [21] void Godot.NativeInterop.NativeFuncs.godotsharp_method_bind_ptrcall(nint, nint, System.Void**, System.Void*) (/root/godot/modules/mono/glue/GodotSharp/GodotSharp/Godot.SourceGenerators.Internal/Godot.SourceGenerators.Internal.UnmanagedCallbacksGenerator/Godot.NativeInterop.NativeFuncs.generated.cs:380)
       [22] void Godot.NativeCalls.godot_icall_3_912(nint, nint, nint, Godot.NativeInterop.godot_bool, int) (/root/godot/modules/mono/glue/GodotSharp/GodotSharp/Generated/NativeCalls.cs:8061)
       [23] void Godot.Node.AddChild(Godot.Node, bool, Godot.Node+InternalMode) (/root/godot/modules/mono/glue/GodotSharp/GodotSharp/Generated/GodotObjects/Node.cs:848)
       [24] void Urman.Godot.Act1DemoRoot.InitializeDemo() (/Users/kadyrahunov/Projects/URMAN/game/scripts/Act1DemoRoot.cs:245)
       [25] void Urman.Godot.Act1DemoRoot._Ready() (/Users/kadyrahunov/Projects/URMAN/game/scripts/Act1DemoRoot.cs:194)
       [26] bool Godot.Node.InvokeGodotClassMethod(Godot.NativeInterop.godot_string_name&, Godot.NativeInterop.NativeVariantPtrArgs, Godot.NativeInterop.godot_variant&) (/root/godot/modules/mono/glue/GodotSharp/GodotSharp/Generated/GodotObjects/Node.cs:2660)
       [27] bool Urman.Godot.Act1DemoRoot.InvokeGodotClassMethod(Godot.NativeInterop.godot_string_name&, Godot.NativeInterop.NativeVariantPtrArgs, Godot.NativeInterop.godot_variant&) (/Users/kadyrahunov/Projects/URMAN/game/.godot/mono/temp/obj/Debug/Godot.SourceGenerators/Godot.SourceGenerators.ScriptMethodsGenerator/Urman.Godot.Act1DemoRoot_ScriptMethods.generated.cs:1040)
       [28] Godot.NativeInterop.godot_bool Godot.Bridge.CSharpInstanceBridge.Call(nint, Godot.NativeInterop.godot_string_name*, Godot.NativeInterop.godot_variant**, int, Godot.NativeInterop.godot_variant_call_error*, Godot.NativeInterop.godot_variant*) (/root/godot/modules/mono/glue/GodotSharp/GodotSharp/Core/Bridge/CSharpInstanceBridge.cs:24)
       [29] void Godot.NativeInterop.NativeFuncs.godotsharp_method_bind_ptrcall(nint, nint, System.Void**, System.Void*) (/root/godot/modules/mono/glue/GodotSharp/GodotSharp/Godot.SourceGenerators.Internal/Godot.SourceGenerators.Internal.UnmanagedCallbacksGenerator/Godot.NativeInterop.NativeFuncs.generated.cs:380)
       [30] void Godot.NativeCalls.godot_icall_3_912(nint, nint, nint, Godot.NativeInterop.godot_bool, int) (/root/godot/modules/mono/glue/GodotSharp/GodotSharp/Generated/NativeCalls.cs:8061)
       [31] void Godot.Node.AddChild(Godot.Node, bool, Godot.Node+InternalMode) (/root/godot/modules/mono/glue/GodotSharp/GodotSharp/Generated/GodotObjects/Node.cs:848)
       [32] void Urman.Godot.Tests.Act1MosqueLayoutSmokeTest+<_Ready>d__2.MoveNext() (/Users/kadyrahunov/Projects/URMAN/game/tests/Act1MosqueLayoutSmokeTest.cs:18)
       [33] void System.Runtime.CompilerServices.AsyncMethodBuilderCore.Start<TStateMachine>(TStateMachine&)
       [34] void Urman.Godot.Tests.Act1MosqueLayoutSmokeTest._Ready()
       [35] bool Godot.Node.InvokeGodotClassMethod(Godot.NativeInterop.godot_string_name&, Godot.NativeInterop.NativeVariantPtrArgs, Godot.NativeInterop.godot_variant&) (/root/godot/modules/mono/glue/GodotSharp/GodotSharp/Generated/GodotObjects/Node.cs:2660)
       [36] bool Urman.Godot.Tests.Act1MosqueLayoutSmokeTest.InvokeGodotClassMethod(Godot.NativeInterop.godot_string_name&, Godot.NativeInterop.NativeVariantPtrArgs, Godot.NativeInterop.godot_variant&) (/Users/kadyrahunov/Projects/URMAN/game/.godot/mono/temp/obj/Debug/Godot.SourceGenerators/Godot.SourceGenerators.ScriptMethodsGenerator/Urman.Godot.Tests.Act1MosqueLayoutSmokeTest_ScriptMethods.generated.cs:50)
       [37] Godot.NativeInterop.godot_bool Godot.Bridge.CSharpInstanceBridge.Call(nint, Godot.NativeInterop.godot_string_name*, Godot.NativeInterop.godot_variant**, int, Godot.NativeInterop.godot_variant_call_error*, Godot.NativeInterop.godot_variant*) (/root/godot/modules/mono/glue/GodotSharp/GodotSharp/Core/Bridge/CSharpInstanceBridge.cs:24)
ERROR: Resource file not found: res://assets/textures/painterly/frost_window_v1_albedo.png (expected type: unknown)
   at: _load (core/io/resource_loader.cpp:325)
   C# backtrace (most recent call first):
       [0] Godot.GodotObject Godot.NativeCalls.godot_icall_3_1268(nint, nint, string, string, int) (/root/godot/modules/mono/glue/GodotSharp/GodotSharp/Generated/NativeCalls.cs:11611)
       [1] Godot.Resource Godot.ResourceLoader.Load(string, string, Godot.ResourceLoader+CacheMode) (/root/godot/modules/mono/glue/GodotSharp/GodotSharp/Generated/GodotObjects/ResourceLoader.cs:120)
       [2] T Godot.ResourceLoader.Load<T>(string, string, Godot.ResourceLoader+CacheMode) (/root/godot/modules/mono/glue/GodotSharp/GodotSharp/Core/Extensions/ResourceLoaderExtensions.cs:27)
       [3] void Urman.Godot.Act1ConnectedWorld.ApplyHeroWarmWindow(Godot.Node3D) (/Users/kadyrahunov/Projects/URMAN/game/scripts/Act1ConnectedWorld.cs:5985)
       [4] void Urman.Godot.Act1ConnectedWorld.AddAct1AuthoredExteriorParcel(Godot.Node3D, Urman.Godot.Act1ConnectedWorld+Act1ExteriorParcelComponentPlacement[]) (/Users/kadyrahunov/Projects/URMAN/game/scripts/Act1ConnectedWorld.cs:5293)
       [5] void Urman.Godot.Act1ConnectedWorld.BuildAct1AuthoredExteriorKit(Godot.Node3D) (/Users/kadyrahunov/Projects/URMAN/game/scripts/Act1ConnectedWorld.cs:3880)
       [6] void Urman.Godot.Act1ConnectedWorld.BuildAct1CoreWorldGreybox() (/Users/kadyrahunov/Projects/URMAN/game/scripts/Act1ConnectedWorld.cs:1163)
       [7] void Urman.Godot.Act1ConnectedWorld.Build() (/Users/kadyrahunov/Projects/URMAN/game/scripts/Act1ConnectedWorld.cs:401)
       [8] void Urman.Godot.Act1ConnectedWorld._Ready() (/Users/kadyrahunov/Projects/URMAN/game/scripts/Act1ConnectedWorld.cs:303)
       [9] bool Godot.Node.InvokeGodotClassMethod(Godot.NativeInterop.godot_string_name&, Godot.NativeInterop.NativeVariantPtrArgs, Godot.NativeInterop.godot_variant&) (/root/godot/modules/mono/glue/GodotSharp/GodotSharp/Generated/GodotObjects/Node.cs:2660)
       [10] bool Godot.Node3D.InvokeGodotClassMethod(Godot.NativeInterop.godot_string_name&, Godot.NativeInterop.NativeVariantPtrArgs, Godot.NativeInterop.godot_variant&) (/root/godot/modules/mono/glue/GodotSharp/GodotSharp/Generated/GodotObjects/Node3D.cs:1127)
       [11] bool Urman.Godot.Act1ConnectedWorld.InvokeGodotClassMethod(Godot.NativeInterop.godot_string_name&, Godot.NativeInterop.NativeVariantPtrArgs, Godot.NativeInterop.godot_variant&) (/Users/kadyrahunov/Projects/URMAN/game/.godot/mono/temp/obj/Debug/Godot.SourceGenerators/Godot.SourceGenerators.ScriptMethodsGenerator/Urman.Godot.Act1ConnectedWorld_ScriptMethods.generated.cs:5046)
       [12] Godot.NativeInterop.godot_bool Godot.Bridge.CSharpInstanceBridge.Call(nint, Godot.NativeInterop.godot_string_name*, Godot.NativeInterop.godot_variant**, int, Godot.NativeInterop.godot_variant_call_error*, Godot.NativeInterop.godot_variant*) (/root/godot/modules/mono/glue/GodotSharp/GodotSharp/Core/Bridge/CSharpInstanceBridge.cs:24)
       [13] void Godot.NativeInterop.NativeFuncs.godotsharp_method_bind_ptrcall(nint, nint, System.Void**, System.Void*) (/root/godot/modules/mono/glue/GodotSharp/GodotSharp/Godot.SourceGenerators.Internal/Godot.SourceGenerators.Internal.UnmanagedCallbacksGenerator/Godot.NativeInterop.NativeFuncs.generated.cs:380)
       [14] void Godot.NativeCalls.godot_icall_3_912(nint, nint, nint, Godot.NativeInterop.godot_bool, int) (/root/godot/modules/mono/glue/GodotSharp/GodotSharp/Generated/NativeCalls.cs:8061)
       [15] void Godot.Node.AddChild(Godot.Node, bool, Godot.Node+InternalMode) (/root/godot/modules/mono/glue/GodotSharp/GodotSharp/Generated/GodotObjects/Node.cs:848)
       [16] void Urman.Godot.Main._Ready() (/Users/kadyrahunov/Projects/URMAN/game/scripts/Main.cs:83)
       [17] bool Godot.Node.InvokeGodotClassMethod(Godot.NativeInterop.godot_string_name&, Godot.NativeInterop.NativeVariantPtrArgs, Godot.NativeInterop.godot_variant&) (/root/godot/modules/mono/glue/GodotSharp/GodotSharp/Generated/GodotObjects/Node.cs:2660)
       [18] bool Godot.Node3D.InvokeGodotClassMethod(Godot.NativeInterop.godot_string_name&, Godot.NativeInterop.NativeVariantPtrArgs, Godot.NativeInterop.godot_variant&) (/root/godot/modules/mono/glue/GodotSharp/GodotSharp/Generated/GodotObjects/Node3D.cs:1127)
       [19] bool Urman.Godot.Main.InvokeGodotClassMethod(Godot.NativeInterop.godot_string_name&, Godot.NativeInterop.NativeVariantPtrArgs, Godot.NativeInterop.godot_variant&) (/Users/kadyrahunov/Projects/URMAN/game/.godot/mono/temp/obj/Debug/Godot.SourceGenerators/Godot.SourceGenerators.ScriptMethodsGenerator/Urman.Godot.Main_ScriptMethods.generated.cs:70)
       [20] Godot.NativeInterop.godot_bool Godot.Bridge.CSharpInstanceBridge.Call(nint, Godot.NativeInterop.godot_string_name*, Godot.NativeInterop.godot_variant**, int, Godot.NativeInterop.godot_variant_call_error*, Godot.NativeInterop.godot_variant*) (/root/godot/modules/mono/glue/GodotSharp/GodotSharp/Core/Bridge/CSharpInstanceBridge.cs:24)
       [21] void Godot.NativeInterop.NativeFuncs.godotsharp_method_bind_ptrcall(nint, nint, System.Void**, System.Void*) (/root/godot/modules/mono/glue/GodotSharp/GodotSharp/Godot.SourceGenerators.Internal/Godot.SourceGenerators.Internal.UnmanagedCallbacksGenerator/Godot.NativeInterop.NativeFuncs.generated.cs:380)
       [22] void Godot.NativeCalls.godot_icall_3_912(nint, nint, nint, Godot.NativeInterop.godot_bool, int) (/root/godot/modules/mono/glue/GodotSharp/GodotSharp/Generated/NativeCalls.cs:8061)
       [23] void Godot.Node.AddChild(Godot.Node, bool, Godot.Node+InternalMode) (/root/godot/modules/mono/glue/GodotSharp/GodotSharp/Generated/GodotObjects/Node.cs:848)
       [24] void Urman.Godot.Act1DemoRoot.InitializeDemo() (/Users/kadyrahunov/Projects/URMAN/game/scripts/Act1DemoRoot.cs:245)
       [25] void Urman.Godot.Act1DemoRoot._Ready() (/Users/kadyrahunov/Projects/URMAN/game/scripts/Act1DemoRoot.cs:194)
       [26] bool Godot.Node.InvokeGodotClassMethod(Godot.NativeInterop.godot_string_name&, Godot.NativeInterop.NativeVariantPtrArgs, Godot.NativeInterop.godot_variant&) (/root/godot/modules/mono/glue/GodotSharp/GodotSharp/Generated/GodotObjects/Node.cs:2660)
       [27] bool Urman.Godot.Act1DemoRoot.InvokeGodotClassMethod(Godot.NativeInterop.godot_string_name&, Godot.NativeInterop.NativeVariantPtrArgs, Godot.NativeInterop.godot_variant&) (/Users/kadyrahunov/Projects/URMAN/game/.godot/mono/temp/obj/Debug/Godot.SourceGenerators/Godot.SourceGenerators.ScriptMethodsGenerator/Urman.Godot.Act1DemoRoot_ScriptMethods.generated.cs:1040)
       [28] Godot.NativeInterop.godot_bool Godot.Bridge.CSharpInstanceBridge.Call(nint, Godot.NativeInterop.godot_string_name*, Godot.NativeInterop.godot_variant**, int, Godot.NativeInterop.godot_variant_call_error*, Godot.NativeInterop.godot_variant*) (/root/godot/modules/mono/glue/GodotSharp/GodotSharp/Core/Bridge/CSharpInstanceBridge.cs:24)
       [29] void Godot.NativeInterop.NativeFuncs.godotsharp_method_bind_ptrcall(nint, nint, System.Void**, System.Void*) (/root/godot/modules/mono/glue/GodotSharp/GodotSharp/Godot.SourceGenerators.Internal/Godot.SourceGenerators.Internal.UnmanagedCallbacksGenerator/Godot.NativeInterop.NativeFuncs.generated.cs:380)
       [30] void Godot.NativeCalls.godot_icall_3_912(nint, nint, nint, Godot.NativeInterop.godot_bool, int) (/root/godot/modules/mono/glue/GodotSharp/GodotSharp/Generated/NativeCalls.cs:8061)
       [31] void Godot.Node.AddChild(Godot.Node, bool, Godot.Node+InternalMode) (/root/godot/modules/mono/glue/GodotSharp/GodotSharp/Generated/GodotObjects/Node.cs:848)
       [32] void Urman.Godot.Tests.Act1MosqueLayoutSmokeTest+<_Ready>d__2.MoveNext() (/Users/kadyrahunov/Projects/URMAN/game/tests/Act1MosqueLayoutSmokeTest.cs:18)
       [33] void System.Runtime.CompilerServices.AsyncMethodBuilderCore.Start<TStateMachine>(TStateMachine&)
       [34] void Urman.Godot.Tests.Act1MosqueLayoutSmokeTest._Ready()
       [35] bool Godot.Node.InvokeGodotClassMethod(Godot.NativeInterop.godot_string_name&, Godot.NativeInterop.NativeVariantPtrArgs, Godot.NativeInterop.godot_variant&) (/root/godot/modules/mono/glue/GodotSharp/GodotSharp/Generated/GodotObjects/Node.cs:2660)
       [36] bool Urman.Godot.Tests.Act1MosqueLayoutSmokeTest.InvokeGodotClassMethod(Godot.NativeInterop.godot_string_name&, Godot.NativeInterop.NativeVariantPtrArgs, Godot.NativeInterop.godot_variant&) (/Users/kadyrahunov/Projects/URMAN/game/.godot/mono/temp/obj/Debug/Godot.SourceGenerators/Godot.SourceGenerators.ScriptMethodsGenerator/Urman.Godot.Tests.Act1MosqueLayoutSmokeTest_ScriptMethods.generated.cs:50)
       [37] Godot.NativeInterop.godot_bool Godot.Bridge.CSharpInstanceBridge.Call(nint, Godot.NativeInterop.godot_string_name*, Godot.NativeInterop.godot_variant**, int, Godot.NativeInterop.godot_variant_call_error*, Godot.NativeInterop.godot_variant*) (/root/godot/modules/mono/glue/GodotSharp/GodotSharp/Core/Bridge/CSharpInstanceBridge.cs:24)
ERROR: Error loading resource: 'res://assets/textures/painterly/frost_window_v1_albedo.png'.
   at: load (core/core_bind.cpp:82)
   C# backtrace (most recent call first):
       [0] Godot.GodotObject Godot.NativeCalls.godot_icall_3_1268(nint, nint, string, string, int) (/root/godot/modules/mono/glue/GodotSharp/GodotSharp/Generated/NativeCalls.cs:11611)
       [1] Godot.Resource Godot.ResourceLoader.Load(string, string, Godot.ResourceLoader+CacheMode) (/root/godot/modules/mono/glue/GodotSharp/GodotSharp/Generated/GodotObjects/ResourceLoader.cs:120)
       [2] T Godot.ResourceLoader.Load<T>(string, string, Godot.ResourceLoader+CacheMode) (/root/godot/modules/mono/glue/GodotSharp/GodotSharp/Core/Extensions/ResourceLoaderExtensions.cs:27)
       [3] void Urman.Godot.Act1ConnectedWorld.ApplyHeroWarmWindow(Godot.Node3D) (/Users/kadyrahunov/Projects/URMAN/game/scripts/Act1ConnectedWorld.cs:5985)
       [4] void Urman.Godot.Act1ConnectedWorld.AddAct1AuthoredExteriorParcel(Godot.Node3D, Urman.Godot.Act1ConnectedWorld+Act1ExteriorParcelComponentPlacement[]) (/Users/kadyrahunov/Projects/URMAN/game/scripts/Act1ConnectedWorld.cs:5293)
       [5] void Urman.Godot.Act1ConnectedWorld.BuildAct1AuthoredExteriorKit(Godot.Node3D) (/Users/kadyrahunov/Projects/URMAN/game/scripts/Act1ConnectedWorld.cs:3880)
       [6] void Urman.Godot.Act1ConnectedWorld.BuildAct1CoreWorldGreybox() (/Users/kadyrahunov/Projects/URMAN/game/scripts/Act1ConnectedWorld.cs:1163)
       [7] void Urman.Godot.Act1ConnectedWorld.Build() (/Users/kadyrahunov/Projects/URMAN/game/scripts/Act1ConnectedWorld.cs:401)
       [8] void Urman.Godot.Act1ConnectedWorld._Ready() (/Users/kadyrahunov/Projects/URMAN/game/scripts/Act1ConnectedWorld.cs:303)
       [9] bool Godot.Node.InvokeGodotClassMethod(Godot.NativeInterop.godot_string_name&, Godot.NativeInterop.NativeVariantPtrArgs, Godot.NativeInterop.godot_variant&) (/root/godot/modules/mono/glue/GodotSharp/GodotSharp/Generated/GodotObjects/Node.cs:2660)
       [10] bool Godot.Node3D.InvokeGodotClassMethod(Godot.NativeInterop.godot_string_name&, Godot.NativeInterop.NativeVariantPtrArgs, Godot.NativeInterop.godot_variant&) (/root/godot/modules/mono/glue/GodotSharp/GodotSharp/Generated/GodotObjects/Node3D.cs:1127)
       [11] bool Urman.Godot.Act1ConnectedWorld.InvokeGodotClassMethod(Godot.NativeInterop.godot_string_name&, Godot.NativeInterop.NativeVariantPtrArgs, Godot.NativeInterop.godot_variant&) (/Users/kadyrahunov/Projects/URMAN/game/.godot/mono/temp/obj/Debug/Godot.SourceGenerators/Godot.SourceGenerators.ScriptMethodsGenerator/Urman.Godot.Act1ConnectedWorld_ScriptMethods.generated.cs:5046)
       [12] Godot.NativeInterop.godot_bool Godot.Bridge.CSharpInstanceBridge.Call(nint, Godot.NativeInterop.godot_string_name*, Godot.NativeInterop.godot_variant**, int, Godot.NativeInterop.godot_variant_call_error*, Godot.NativeInterop.godot_variant*) (/root/godot/modules/mono/glue/GodotSharp/GodotSharp/Core/Bridge/CSharpInstanceBridge.cs:24)
       [13] void Godot.NativeInterop.NativeFuncs.godotsharp_method_bind_ptrcall(nint, nint, System.Void**, System.Void*) (/root/godot/modules/mono/glue/GodotSharp/GodotSharp/Godot.SourceGenerators.Internal/Godot.SourceGenerators.Internal.UnmanagedCallbacksGenerator/Godot.NativeInterop.NativeFuncs.generated.cs:380)
       [14] void Godot.NativeCalls.godot_icall_3_912(nint, nint, nint, Godot.NativeInterop.godot_bool, int) (/root/godot/modules/mono/glue/GodotSharp/GodotSharp/Generated/NativeCalls.cs:8061)
       [15] void Godot.Node.AddChild(Godot.Node, bool, Godot.Node+InternalMode) (/root/godot/modules/mono/glue/GodotSharp/GodotSharp/Generated/GodotObjects/Node.cs:848)
       [16] void Urman.Godot.Main._Ready() (/Users/kadyrahunov/Projects/URMAN/game/scripts/Main.cs:83)
       [17] bool Godot.Node.InvokeGodotClassMethod(Godot.NativeInterop.godot_string_name&, Godot.NativeInterop.NativeVariantPtrArgs, Godot.NativeInterop.godot_variant&) (/root/godot/modules/mono/glue/GodotSharp/GodotSharp/Generated/GodotObjects/Node.cs:2660)
       [18] bool Godot.Node3D.InvokeGodotClassMethod(Godot.NativeInterop.godot_string_name&, Godot.NativeInterop.NativeVariantPtrArgs, Godot.NativeInterop.godot_variant&) (/root/godot/modules/mono/glue/GodotSharp/GodotSharp/Generated/GodotObjects/Node3D.cs:1127)
       [19] bool Urman.Godot.Main.InvokeGodotClassMethod(Godot.NativeInterop.godot_string_name&, Godot.NativeInterop.NativeVariantPtrArgs, Godot.NativeInterop.godot_variant&) (/Users/kadyrahunov/Projects/URMAN/game/.godot/mono/temp/obj/Debug/Godot.SourceGenerators/Godot.SourceGenerators.ScriptMethodsGenerator/Urman.Godot.Main_ScriptMethods.generated.cs:70)
       [20] Godot.NativeInterop.godot_bool Godot.Bridge.CSharpInstanceBridge.Call(nint, Godot.NativeInterop.godot_string_name*, Godot.NativeInterop.godot_variant**, int, Godot.NativeInterop.godot_variant_call_error*, Godot.NativeInterop.godot_variant*) (/root/godot/modules/mono/glue/GodotSharp/GodotSharp/Core/Bridge/CSharpInstanceBridge.cs:24)
       [21] void Godot.NativeInterop.NativeFuncs.godotsharp_method_bind_ptrcall(nint, nint, System.Void**, System.Void*) (/root/godot/modules/mono/glue/GodotSharp/GodotSharp/Godot.SourceGenerators.Internal/Godot.SourceGenerators.Internal.UnmanagedCallbacksGenerator/Godot.NativeInterop.NativeFuncs.generated.cs:380)
       [22] void Godot.NativeCalls.godot_icall_3_912(nint, nint, nint, Godot.NativeInterop.godot_bool, int) (/root/godot/modules/mono/glue/GodotSharp/GodotSharp/Generated/NativeCalls.cs:8061)
       [23] void Godot.Node.AddChild(Godot.Node, bool, Godot.Node+InternalMode) (/root/godot/modules/mono/glue/GodotSharp/GodotSharp/Generated/GodotObjects/Node.cs:848)
       [24] void Urman.Godot.Act1DemoRoot.InitializeDemo() (/Users/kadyrahunov/Projects/URMAN/game/scripts/Act1DemoRoot.cs:245)
       [25] void Urman.Godot.Act1DemoRoot._Ready() (/Users/kadyrahunov/Projects/URMAN/game/scripts/Act1DemoRoot.cs:194)
       [26] bool Godot.Node.InvokeGodotClassMethod(Godot.NativeInterop.godot_string_name&, Godot.NativeInterop.NativeVariantPtrArgs, Godot.NativeInterop.godot_variant&) (/root/godot/modules/mono/glue/GodotSharp/GodotSharp/Generated/GodotObjects/Node.cs:2660)
       [27] bool Urman.Godot.Act1DemoRoot.InvokeGodotClassMethod(Godot.NativeInterop.godot_string_name&, Godot.NativeInterop.NativeVariantPtrArgs, Godot.NativeInterop.godot_variant&) (/Users/kadyrahunov/Projects/URMAN/game/.godot/mono/temp/obj/Debug/Godot.SourceGenerators/Godot.SourceGenerators.ScriptMethodsGenerator/Urman.Godot.Act1DemoRoot_ScriptMethods.generated.cs:1040)
       [28] Godot.NativeInterop.godot_bool Godot.Bridge.CSharpInstanceBridge.Call(nint, Godot.NativeInterop.godot_string_name*, Godot.NativeInterop.godot_variant**, int, Godot.NativeInterop.godot_variant_call_error*, Godot.NativeInterop.godot_variant*) (/root/godot/modules/mono/glue/GodotSharp/GodotSharp/Core/Bridge/CSharpInstanceBridge.cs:24)
       [29] void Godot.NativeInterop.NativeFuncs.godotsharp_method_bind_ptrcall(nint, nint, System.Void**, System.Void*) (/root/godot/modules/mono/glue/GodotSharp/GodotSharp/Godot.SourceGenerators.Internal/Godot.SourceGenerators.Internal.UnmanagedCallbacksGenerator/Godot.NativeInterop.NativeFuncs.generated.cs:380)
       [30] void Godot.NativeCalls.godot_icall_3_912(nint, nint, nint, Godot.NativeInterop.godot_bool, int) (/root/godot/modules/mono/glue/GodotSharp/GodotSharp/Generated/NativeCalls.cs:8061)
       [31] void Godot.Node.AddChild(Godot.Node, bool, Godot.Node+InternalMode) (/root/godot/modules/mono/glue/GodotSharp/GodotSharp/Generated/GodotObjects/Node.cs:848)
       [32] void Urman.Godot.Tests.Act1MosqueLayoutSmokeTest+<_Ready>d__2.MoveNext() (/Users/kadyrahunov/Projects/URMAN/game/tests/Act1MosqueLayoutSmokeTest.cs:18)
       [33] void System.Runtime.CompilerServices.AsyncMethodBuilderCore.Start<TStateMachine>(TStateMachine&)
       [34] void Urman.Godot.Tests.Act1MosqueLayoutSmokeTest._Ready()
       [35] bool Godot.Node.InvokeGodotClassMethod(Godot.NativeInterop.godot_string_name&, Godot.NativeInterop.NativeVariantPtrArgs, Godot.NativeInterop.godot_variant&) (/root/godot/modules/mono/glue/GodotSharp/GodotSharp/Generated/GodotObjects/Node.cs:2660)
       [36] bool Urman.Godot.Tests.Act1MosqueLayoutSmokeTest.InvokeGodotClassMethod(Godot.NativeInterop.godot_string_name&, Godot.NativeInterop.NativeVariantPtrArgs, Godot.NativeInterop.godot_variant&) (/Users/kadyrahunov/Projects/URMAN/game/.godot/mono/temp/obj/Debug/Godot.SourceGenerators/Godot.SourceGenerators.ScriptMethodsGenerator/Urman.Godot.Tests.Act1MosqueLayoutSmokeTest_ScriptMethods.generated.cs:50)
       [37] Godot.NativeInterop.godot_bool Godot.Bridge.CSharpInstanceBridge.Call(nint, Godot.NativeInterop.godot_string_name*, Godot.NativeInterop.godot_variant**, int, Godot.NativeInterop.godot_variant_call_error*, Godot.NativeInterop.godot_variant*) (/root/godot/modules/mono/glue/GodotSharp/GodotSharp/Core/Bridge/CSharpInstanceBridge.cs:24)
ERROR: Resource file not found: res://assets/textures/painterly/frost_window_v1_albedo.png (expected type: unknown)
   at: _load (core/io/resource_loader.cpp:325)
   C# backtrace (most recent call first):
       [0] Godot.GodotObject Godot.NativeCalls.godot_icall_3_1268(nint, nint, string, string, int) (/root/godot/modules/mono/glue/GodotSharp/GodotSharp/Generated/NativeCalls.cs:11611)
       [1] Godot.Resource Godot.ResourceLoader.Load(string, string, Godot.ResourceLoader+CacheMode) (/root/godot/modules/mono/glue/GodotSharp/GodotSharp/Generated/GodotObjects/ResourceLoader.cs:120)
       [2] T Godot.ResourceLoader.Load<T>(string, string, Godot.ResourceLoader+CacheMode) (/root/godot/modules/mono/glue/GodotSharp/GodotSharp/Core/Extensions/ResourceLoaderExtensions.cs:27)
       [3] void Urman.Godot.Act1ConnectedWorld.ApplyHeroWarmWindow(Godot.Node3D) (/Users/kadyrahunov/Projects/URMAN/game/scripts/Act1ConnectedWorld.cs:5985)
       [4] void Urman.Godot.Act1ConnectedWorld.AddAct1AuthoredExteriorParcel(Godot.Node3D, Urman.Godot.Act1ConnectedWorld+Act1ExteriorParcelComponentPlacement[]) (/Users/kadyrahunov/Projects/URMAN/game/scripts/Act1ConnectedWorld.cs:5293)
       [5] void Urman.Godot.Act1ConnectedWorld.BuildAct1AuthoredExteriorKit(Godot.Node3D) (/Users/kadyrahunov/Projects/URMAN/game/scripts/Act1ConnectedWorld.cs:3880)
       [6] void Urman.Godot.Act1ConnectedWorld.BuildAct1CoreWorldGreybox() (/Users/kadyrahunov/Projects/URMAN/game/scripts/Act1ConnectedWorld.cs:1163)
       [7] void Urman.Godot.Act1ConnectedWorld.Build() (/Users/kadyrahunov/Projects/URMAN/game/scripts/Act1ConnectedWorld.cs:401)
       [8] void Urman.Godot.Act1ConnectedWorld._Ready() (/Users/kadyrahunov/Projects/URMAN/game/scripts/Act1ConnectedWorld.cs:303)
       [9] bool Godot.Node.InvokeGodotClassMethod(Godot.NativeInterop.godot_string_name&, Godot.NativeInterop.NativeVariantPtrArgs, Godot.NativeInterop.godot_variant&) (/root/godot/modules/mono/glue/GodotSharp/GodotSharp/Generated/GodotObjects/Node.cs:2660)
       [10] bool Godot.Node3D.InvokeGodotClassMethod(Godot.NativeInterop.godot_string_name&, Godot.NativeInterop.NativeVariantPtrArgs, Godot.NativeInterop.godot_variant&) (/root/godot/modules/mono/glue/GodotSharp/GodotSharp/Generated/GodotObjects/Node3D.cs:1127)
       [11] bool Urman.Godot.Act1ConnectedWorld.InvokeGodotClassMethod(Godot.NativeInterop.godot_string_name&, Godot.NativeInterop.NativeVariantPtrArgs, Godot.NativeInterop.godot_variant&) (/Users/kadyrahunov/Projects/URMAN/game/.godot/mono/temp/obj/Debug/Godot.SourceGenerators/Godot.SourceGenerators.ScriptMethodsGenerator/Urman.Godot.Act1ConnectedWorld_ScriptMethods.generated.cs:5046)
       [12] Godot.NativeInterop.godot_bool Godot.Bridge.CSharpInstanceBridge.Call(nint, Godot.NativeInterop.godot_string_name*, Godot.NativeInterop.godot_variant**, int, Godot.NativeInterop.godot_variant_call_error*, Godot.NativeInterop.godot_variant*) (/root/godot/modules/mono/glue/GodotSharp/GodotSharp/Core/Bridge/CSharpInstanceBridge.cs:24)
       [13] void Godot.NativeInterop.NativeFuncs.godotsharp_method_bind_ptrcall(nint, nint, System.Void**, System.Void*) (/root/godot/modules/mono/glue/GodotSharp/GodotSharp/Godot.SourceGenerators.Internal/Godot.SourceGenerators.Internal.UnmanagedCallbacksGenerator/Godot.NativeInterop.NativeFuncs.generated.cs:380)
       [14] void Godot.NativeCalls.godot_icall_3_912(nint, nint, nint, Godot.NativeInterop.godot_bool, int) (/root/godot/modules/mono/glue/GodotSharp/GodotSharp/Generated/NativeCalls.cs:8061)
       [15] void Godot.Node.AddChild(Godot.Node, bool, Godot.Node+InternalMode) (/root/godot/modules/mono/glue/GodotSharp/GodotSharp/Generated/GodotObjects/Node.cs:848)
       [16] void Urman.Godot.Main._Ready() (/Users/kadyrahunov/Projects/URMAN/game/scripts/Main.cs:83)
       [17] bool Godot.Node.InvokeGodotClassMethod(Godot.NativeInterop.godot_string_name&, Godot.NativeInterop.NativeVariantPtrArgs, Godot.NativeInterop.godot_variant&) (/root/godot/modules/mono/glue/GodotSharp/GodotSharp/Generated/GodotObjects/Node.cs:2660)
       [18] bool Godot.Node3D.InvokeGodotClassMethod(Godot.NativeInterop.godot_string_name&, Godot.NativeInterop.NativeVariantPtrArgs, Godot.NativeInterop.godot_variant&) (/root/godot/modules/mono/glue/GodotSharp/GodotSharp/Generated/GodotObjects/Node3D.cs:1127)
       [19] bool Urman.Godot.Main.InvokeGodotClassMethod(Godot.NativeInterop.godot_string_name&, Godot.NativeInterop.NativeVariantPtrArgs, Godot.NativeInterop.godot_variant&) (/Users/kadyrahunov/Projects/URMAN/game/.godot/mono/temp/obj/Debug/Godot.SourceGenerators/Godot.SourceGenerators.ScriptMethodsGenerator/Urman.Godot.Main_ScriptMethods.generated.cs:70)
       [20] Godot.NativeInterop.godot_bool Godot.Bridge.CSharpInstanceBridge.Call(nint, Godot.NativeInterop.godot_string_name*, Godot.NativeInterop.godot_variant**, int, Godot.NativeInterop.godot_variant_call_error*, Godot.NativeInterop.godot_variant*) (/root/godot/modules/mono/glue/GodotSharp/GodotSharp/Core/Bridge/CSharpInstanceBridge.cs:24)
       [21] void Godot.NativeInterop.NativeFuncs.godotsharp_method_bind_ptrcall(nint, nint, System.Void**, System.Void*) (/root/godot/modules/mono/glue/GodotSharp/GodotSharp/Godot.SourceGenerators.Internal/Godot.SourceGenerators.Internal.UnmanagedCallbacksGenerator/Godot.NativeInterop.NativeFuncs.generated.cs:380)
       [22] void Godot.NativeCalls.godot_icall_3_912(nint, nint, nint, Godot.NativeInterop.godot_bool, int) (/root/godot/modules/mono/glue/GodotSharp/GodotSharp/Generated/NativeCalls.cs:8061)
       [23] void Godot.Node.AddChild(Godot.Node, bool, Godot.Node+InternalMode) (/root/godot/modules/mono/glue/GodotSharp/GodotSharp/Generated/GodotObjects/Node.cs:848)
       [24] void Urman.Godot.Act1DemoRoot.InitializeDemo() (/Users/kadyrahunov/Projects/URMAN/game/scripts/Act1DemoRoot.cs:245)
       [25] void Urman.Godot.Act1DemoRoot._Ready() (/Users/kadyrahunov/Projects/URMAN/game/scripts/Act1DemoRoot.cs:194)
       [26] bool Godot.Node.InvokeGodotClassMethod(Godot.NativeInterop.godot_string_name&, Godot.NativeInterop.NativeVariantPtrArgs, Godot.NativeInterop.godot_variant&) (/root/godot/modules/mono/glue/GodotSharp/GodotSharp/Generated/GodotObjects/Node.cs:2660)
       [27] bool Urman.Godot.Act1DemoRoot.InvokeGodotClassMethod(Godot.NativeInterop.godot_string_name&, Godot.NativeInterop.NativeVariantPtrArgs, Godot.NativeInterop.godot_variant&) (/Users/kadyrahunov/Projects/URMAN/game/.godot/mono/temp/obj/Debug/Godot.SourceGenerators/Godot.SourceGenerators.ScriptMethodsGenerator/Urman.Godot.Act1DemoRoot_ScriptMethods.generated.cs:1040)
       [28] Godot.NativeInterop.godot_bool Godot.Bridge.CSharpInstanceBridge.Call(nint, Godot.NativeInterop.godot_string_name*, Godot.NativeInterop.godot_variant**, int, Godot.NativeInterop.godot_variant_call_error*, Godot.NativeInterop.godot_variant*) (/root/godot/modules/mono/glue/GodotSharp/GodotSharp/Core/Bridge/CSharpInstanceBridge.cs:24)
       [29] void Godot.NativeInterop.NativeFuncs.godotsharp_method_bind_ptrcall(nint, nint, System.Void**, System.Void*) (/root/godot/modules/mono/glue/GodotSharp/GodotSharp/Godot.SourceGenerators.Internal/Godot.SourceGenerators.Internal.UnmanagedCallbacksGenerator/Godot.NativeInterop.NativeFuncs.generated.cs:380)
       [30] void Godot.NativeCalls.godot_icall_3_912(nint, nint, nint, Godot.NativeInterop.godot_bool, int) (/root/godot/modules/mono/glue/GodotSharp/GodotSharp/Generated/NativeCalls.cs:8061)
       [31] void Godot.Node.AddChild(Godot.Node, bool, Godot.Node+InternalMode) (/root/godot/modules/mono/glue/GodotSharp/GodotSharp/Generated/GodotObjects/Node.cs:848)
       [32] void Urman.Godot.Tests.Act1MosqueLayoutSmokeTest+<_Ready>d__2.MoveNext() (/Users/kadyrahunov/Projects/URMAN/game/tests/Act1MosqueLayoutSmokeTest.cs:18)
       [33] void System.Runtime.CompilerServices.AsyncMethodBuilderCore.Start<TStateMachine>(TStateMachine&)
       [34] void Urman.Godot.Tests.Act1MosqueLayoutSmokeTest._Ready()
       [35] bool Godot.Node.InvokeGodotClassMethod(Godot.NativeInterop.godot_string_name&, Godot.NativeInterop.NativeVariantPtrArgs, Godot.NativeInterop.godot_variant&) (/root/godot/modules/mono/glue/GodotSharp/GodotSharp/Generated/GodotObjects/Node.cs:2660)
       [36] bool Urman.Godot.Tests.Act1MosqueLayoutSmokeTest.InvokeGodotClassMethod(Godot.NativeInterop.godot_string_name&, Godot.NativeInterop.NativeVariantPtrArgs, Godot.NativeInterop.godot_variant&) (/Users/kadyrahunov/Projects/URMAN/game/.godot/mono/temp/obj/Debug/Godot.SourceGenerators/Godot.SourceGenerators.ScriptMethodsGenerator/Urman.Godot.Tests.Act1MosqueLayoutSmokeTest_ScriptMethods.generated.cs:50)
       [37] Godot.NativeInterop.godot_bool Godot.Bridge.CSharpInstanceBridge.Call(nint, Godot.NativeInterop.godot_string_name*, Godot.NativeInterop.godot_variant**, int, Godot.NativeInterop.godot_variant_call_error*, Godot.NativeInterop.godot_variant*) (/root/godot/modules/mono/glue/GodotSharp/GodotSharp/Core/Bridge/CSharpInstanceBridge.cs:24)
ERROR: Error loading resource: 'res://assets/textures/painterly/frost_window_v1_albedo.png'.
   at: load (core/core_bind.cpp:82)
   C# backtrace (most recent call first):
       [0] Godot.GodotObject Godot.NativeCalls.godot_icall_3_1268(nint, nint, string, string, int) (/root/godot/modules/mono/glue/GodotSharp/GodotSharp/Generated/NativeCalls.cs:11611)
       [1] Godot.Resource Godot.ResourceLoader.Load(string, string, Godot.ResourceLoader+CacheMode) (/root/godot/modules/mono/glue/GodotSharp/GodotSharp/Generated/GodotObjects/ResourceLoader.cs:120)
       [2] T Godot.ResourceLoader.Load<T>(string, string, Godot.ResourceLoader+CacheMode) (/root/godot/modules/mono/glue/GodotSharp/GodotSharp/Core/Extensions/ResourceLoaderExtensions.cs:27)
       [3] void Urman.Godot.Act1ConnectedWorld.ApplyHeroWarmWindow(Godot.Node3D) (/Users/kadyrahunov/Projects/URMAN/game/scripts/Act1ConnectedWorld.cs:5985)
       [4] void Urman.Godot.Act1ConnectedWorld.AddAct1AuthoredExteriorParcel(Godot.Node3D, Urman.Godot.Act1ConnectedWorld+Act1ExteriorParcelComponentPlacement[]) (/Users/kadyrahunov/Projects/URMAN/game/scripts/Act1ConnectedWorld.cs:5293)
       [5] void Urman.Godot.Act1ConnectedWorld.BuildAct1AuthoredExteriorKit(Godot.Node3D) (/Users/kadyrahunov/Projects/URMAN/game/scripts/Act1ConnectedWorld.cs:3880)
       [6] void Urman.Godot.Act1ConnectedWorld.BuildAct1CoreWorldGreybox() (/Users/kadyrahunov/Projects/URMAN/game/scripts/Act1ConnectedWorld.cs:1163)
       [7] void Urman.Godot.Act1ConnectedWorld.Build() (/Users/kadyrahunov/Projects/URMAN/game/scripts/Act1ConnectedWorld.cs:401)
       [8] void Urman.Godot.Act1ConnectedWorld._Ready() (/Users/kadyrahunov/Projects/URMAN/game/scripts/Act1ConnectedWorld.cs:303)
       [9] bool Godot.Node.InvokeGodotClassMethod(Godot.NativeInterop.godot_string_name&, Godot.NativeInterop.NativeVariantPtrArgs, Godot.NativeInterop.godot_variant&) (/root/godot/modules/mono/glue/GodotSharp/GodotSharp/Generated/GodotObjects/Node.cs:2660)
       [10] bool Godot.Node3D.InvokeGodotClassMethod(Godot.NativeInterop.godot_string_name&, Godot.NativeInterop.NativeVariantPtrArgs, Godot.NativeInterop.godot_variant&) (/root/godot/modules/mono/glue/GodotSharp/GodotSharp/Generated/GodotObjects/Node3D.cs:1127)
       [11] bool Urman.Godot.Act1ConnectedWorld.InvokeGodotClassMethod(Godot.NativeInterop.godot_string_name&, Godot.NativeInterop.NativeVariantPtrArgs, Godot.NativeInterop.godot_variant&) (/Users/kadyrahunov/Projects/URMAN/game/.godot/mono/temp/obj/Debug/Godot.SourceGenerators/Godot.SourceGenerators.ScriptMethodsGenerator/Urman.Godot.Act1ConnectedWorld_ScriptMethods.generated.cs:5046)
       [12] Godot.NativeInterop.godot_bool Godot.Bridge.CSharpInstanceBridge.Call(nint, Godot.NativeInterop.godot_string_name*, Godot.NativeInterop.godot_variant**, int, Godot.NativeInterop.godot_variant_call_error*, Godot.NativeInterop.godot_variant*) (/root/godot/modules/mono/glue/GodotSharp/GodotSharp/Core/Bridge/CSharpInstanceBridge.cs:24)
       [13] void Godot.NativeInterop.NativeFuncs.godotsharp_method_bind_ptrcall(nint, nint, System.Void**, System.Void*) (/root/godot/modules/mono/glue/GodotSharp/GodotSharp/Godot.SourceGenerators.Internal/Godot.SourceGenerators.Internal.UnmanagedCallbacksGenerator/Godot.NativeInterop.NativeFuncs.generated.cs:380)
       [14] void Godot.NativeCalls.godot_icall_3_912(nint, nint, nint, Godot.NativeInterop.godot_bool, int) (/root/godot/modules/mono/glue/GodotSharp/GodotSharp/Generated/NativeCalls.cs:8061)
       [15] void Godot.Node.AddChild(Godot.Node, bool, Godot.Node+InternalMode) (/root/godot/modules/mono/glue/GodotSharp/GodotSharp/Generated/GodotObjects/Node.cs:848)
       [16] void Urman.Godot.Main._Ready() (/Users/kadyrahunov/Projects/URMAN/game/scripts/Main.cs:83)
       [17] bool Godot.Node.InvokeGodotClassMethod(Godot.NativeInterop.godot_string_name&, Godot.NativeInterop.NativeVariantPtrArgs, Godot.NativeInterop.godot_variant&) (/root/godot/modules/mono/glue/GodotSharp/GodotSharp/Generated/GodotObjects/Node.cs:2660)
       [18] bool Godot.Node3D.InvokeGodotClassMethod(Godot.NativeInterop.godot_string_name&, Godot.NativeInterop.NativeVariantPtrArgs, Godot.NativeInterop.godot_variant&) (/root/godot/modules/mono/glue/GodotSharp/GodotSharp/Generated/GodotObjects/Node3D.cs:1127)
       [19] bool Urman.Godot.Main.InvokeGodotClassMethod(Godot.NativeInterop.godot_string_name&, Godot.NativeInterop.NativeVariantPtrArgs, Godot.NativeInterop.godot_variant&) (/Users/kadyrahunov/Projects/URMAN/game/.godot/mono/temp/obj/Debug/Godot.SourceGenerators/Godot.SourceGenerators.ScriptMethodsGenerator/Urman.Godot.Main_ScriptMethods.generated.cs:70)
       [20] Godot.NativeInterop.godot_bool Godot.Bridge.CSharpInstanceBridge.Call(nint, Godot.NativeInterop.godot_string_name*, Godot.NativeInterop.godot_variant**, int, Godot.NativeInterop.godot_variant_call_error*, Godot.NativeInterop.godot_variant*) (/root/godot/modules/mono/glue/GodotSharp/GodotSharp/Core/Bridge/CSharpInstanceBridge.cs:24)
       [21] void Godot.NativeInterop.NativeFuncs.godotsharp_method_bind_ptrcall(nint, nint, System.Void**, System.Void*) (/root/godot/modules/mono/glue/GodotSharp/GodotSharp/Godot.SourceGenerators.Internal/Godot.SourceGenerators.Internal.UnmanagedCallbacksGenerator/Godot.NativeInterop.NativeFuncs.generated.cs:380)
       [22] void Godot.NativeCalls.godot_icall_3_912(nint, nint, nint, Godot.NativeInterop.godot_bool, int) (/root/godot/modules/mono/glue/GodotSharp/GodotSharp/Generated/NativeCalls.cs:8061)
       [23] void Godot.Node.AddChild(Godot.Node, bool, Godot.Node+InternalMode) (/root/godot/modules/mono/glue/GodotSharp/GodotSharp/Generated/GodotObjects/Node.cs:848)
       [24] void Urman.Godot.Act1DemoRoot.InitializeDemo() (/Users/kadyrahunov/Projects/URMAN/game/scripts/Act1DemoRoot.cs:245)
       [25] void Urman.Godot.Act1DemoRoot._Ready() (/Users/kadyrahunov/Projects/URMAN/game/scripts/Act1DemoRoot.cs:194)
       [26] bool Godot.Node.InvokeGodotClassMethod(Godot.NativeInterop.godot_string_name&, Godot.NativeInterop.NativeVariantPtrArgs, Godot.NativeInterop.godot_variant&) (/root/godot/modules/mono/glue/GodotSharp/GodotSharp/Generated/GodotObjects/Node.cs:2660)
       [27] bool Urman.Godot.Act1DemoRoot.InvokeGodotClassMethod(Godot.NativeInterop.godot_string_name&, Godot.NativeInterop.NativeVariantPtrArgs, Godot.NativeInterop.godot_variant&) (/Users/kadyrahunov/Projects/URMAN/game/.godot/mono/temp/obj/Debug/Godot.SourceGenerators/Godot.SourceGenerators.ScriptMethodsGenerator/Urman.Godot.Act1DemoRoot_ScriptMethods.generated.cs:1040)
       [28] Godot.NativeInterop.godot_bool Godot.Bridge.CSharpInstanceBridge.Call(nint, Godot.NativeInterop.godot_string_name*, Godot.NativeInterop.godot_variant**, int, Godot.NativeInterop.godot_variant_call_error*, Godot.NativeInterop.godot_variant*) (/root/godot/modules/mono/glue/GodotSharp/GodotSharp/Core/Bridge/CSharpInstanceBridge.cs:24)
       [29] void Godot.NativeInterop.NativeFuncs.godotsharp_method_bind_ptrcall(nint, nint, System.Void**, System.Void*) (/root/godot/modules/mono/glue/GodotSharp/GodotSharp/Godot.SourceGenerators.Internal/Godot.SourceGenerators.Internal.UnmanagedCallbacksGenerator/Godot.NativeInterop.NativeFuncs.generated.cs:380)
       [30] void Godot.NativeCalls.godot_icall_3_912(nint, nint, nint, Godot.NativeInterop.godot_bool, int) (/root/godot/modules/mono/glue/GodotSharp/GodotSharp/Generated/NativeCalls.cs:8061)
       [31] void Godot.Node.AddChild(Godot.Node, bool, Godot.Node+InternalMode) (/root/godot/modules/mono/glue/GodotSharp/GodotSharp/Generated/GodotObjects/Node.cs:848)
       [32] void Urman.Godot.Tests.Act1MosqueLayoutSmokeTest+<_Ready>d__2.MoveNext() (/Users/kadyrahunov/Projects/URMAN/game/tests/Act1MosqueLayoutSmokeTest.cs:18)
       [33] void System.Runtime.CompilerServices.AsyncMethodBuilderCore.Start<TStateMachine>(TStateMachine&)
       [34] void Urman.Godot.Tests.Act1MosqueLayoutSmokeTest._Ready()
       [35] bool Godot.Node.InvokeGodotClassMethod(Godot.NativeInterop.godot_string_name&, Godot.NativeInterop.NativeVariantPtrArgs, Godot.NativeInterop.godot_variant&) (/root/godot/modules/mono/glue/GodotSharp/GodotSharp/Generated/GodotObjects/Node.cs:2660)
       [36] bool Urman.Godot.Tests.Act1MosqueLayoutSmokeTest.InvokeGodotClassMethod(Godot.NativeInterop.godot_string_name&, Godot.NativeInterop.NativeVariantPtrArgs, Godot.NativeInterop.godot_variant&) (/Users/kadyrahunov/Projects/URMAN/game/.godot/mono/temp/obj/Debug/Godot.SourceGenerators/Godot.SourceGenerators.ScriptMethodsGenerator/Urman.Godot.Tests.Act1MosqueLayoutSmokeTest_ScriptMethods.generated.cs:50)
       [37] Godot.NativeInterop.godot_bool Godot.Bridge.CSharpInstanceBridge.Call(nint, Godot.NativeInterop.godot_string_name*, Godot.NativeInterop.godot_variant**, int, Godot.NativeInterop.godot_variant_call_error*, Godot.NativeInterop.godot_variant*) (/root/godot/modules/mono/glue/GodotSharp/GodotSharp/Core/Bridge/CSharpInstanceBridge.cs:24)
ERROR: Resource file not found: res://assets/textures/painterly/frost_window_v1_albedo.png (expected type: unknown)
   at: _load (core/io/resource_loader.cpp:325)
   C# backtrace (most recent call first):
       [0] Godot.GodotObject Godot.NativeCalls.godot_icall_3_1268(nint, nint, string, string, int) (/root/godot/modules/mono/glue/GodotSharp/GodotSharp/Generated/NativeCalls.cs:11611)
       [1] Godot.Resource Godot.ResourceLoader.Load(string, string, Godot.ResourceLoader+CacheMode) (/root/godot/modules/mono/glue/GodotSharp/GodotSharp/Generated/GodotObjects/ResourceLoader.cs:120)
       [2] T Godot.ResourceLoader.Load<T>(string, string, Godot.ResourceLoader+CacheMode) (/root/godot/modules/mono/glue/GodotSharp/GodotSharp/Core/Extensions/ResourceLoaderExtensions.cs:27)
       [3] void Urman.Godot.Act1ConnectedWorld.ApplyHeroWarmWindow(Godot.Node3D) (/Users/kadyrahunov/Projects/URMAN/game/scripts/Act1ConnectedWorld.cs:5985)
       [4] void Urman.Godot.Act1ConnectedWorld.AddAct1AuthoredExteriorParcel(Godot.Node3D, Urman.Godot.Act1ConnectedWorld+Act1ExteriorParcelComponentPlacement[]) (/Users/kadyrahunov/Projects/URMAN/game/scripts/Act1ConnectedWorld.cs:5293)
       [5] void Urman.Godot.Act1ConnectedWorld.BuildAct1AuthoredExteriorKit(Godot.Node3D) (/Users/kadyrahunov/Projects/URMAN/game/scripts/Act1ConnectedWorld.cs:3880)
       [6] void Urman.Godot.Act1ConnectedWorld.BuildAct1CoreWorldGreybox() (/Users/kadyrahunov/Projects/URMAN/game/scripts/Act1ConnectedWorld.cs:1163)
       [7] void Urman.Godot.Act1ConnectedWorld.Build() (/Users/kadyrahunov/Projects/URMAN/game/scripts/Act1ConnectedWorld.cs:401)
       [8] void Urman.Godot.Act1ConnectedWorld._Ready() (/Users/kadyrahunov/Projects/URMAN/game/scripts/Act1ConnectedWorld.cs:303)
       [9] bool Godot.Node.InvokeGodotClassMethod(Godot.NativeInterop.godot_string_name&, Godot.NativeInterop.NativeVariantPtrArgs, Godot.NativeInterop.godot_variant&) (/root/godot/modules/mono/glue/GodotSharp/GodotSharp/Generated/GodotObjects/Node.cs:2660)
       [10] bool Godot.Node3D.InvokeGodotClassMethod(Godot.NativeInterop.godot_string_name&, Godot.NativeInterop.NativeVariantPtrArgs, Godot.NativeInterop.godot_variant&) (/root/godot/modules/mono/glue/GodotSharp/GodotSharp/Generated/GodotObjects/Node3D.cs:1127)
       [11] bool Urman.Godot.Act1ConnectedWorld.InvokeGodotClassMethod(Godot.NativeInterop.godot_string_name&, Godot.NativeInterop.NativeVariantPtrArgs, Godot.NativeInterop.godot_variant&) (/Users/kadyrahunov/Projects/URMAN/game/.godot/mono/temp/obj/Debug/Godot.SourceGenerators/Godot.SourceGenerators.ScriptMethodsGenerator/Urman.Godot.Act1ConnectedWorld_ScriptMethods.generated.cs:5046)
       [12] Godot.NativeInterop.godot_bool Godot.Bridge.CSharpInstanceBridge.Call(nint, Godot.NativeInterop.godot_string_name*, Godot.NativeInterop.godot_variant**, int, Godot.NativeInterop.godot_variant_call_error*, Godot.NativeInterop.godot_variant*) (/root/godot/modules/mono/glue/GodotSharp/GodotSharp/Core/Bridge/CSharpInstanceBridge.cs:24)
       [13] void Godot.NativeInterop.NativeFuncs.godotsharp_method_bind_ptrcall(nint, nint, System.Void**, System.Void*) (/root/godot/modules/mono/glue/GodotSharp/GodotSharp/Godot.SourceGenerators.Internal/Godot.SourceGenerators.Internal.UnmanagedCallbacksGenerator/Godot.NativeInterop.NativeFuncs.generated.cs:380)
       [14] void Godot.NativeCalls.godot_icall_3_912(nint, nint, nint, Godot.NativeInterop.godot_bool, int) (/root/godot/modules/mono/glue/GodotSharp/GodotSharp/Generated/NativeCalls.cs:8061)
       [15] void Godot.Node.AddChild(Godot.Node, bool, Godot.Node+InternalMode) (/root/godot/modules/mono/glue/GodotSharp/GodotSharp/Generated/GodotObjects/Node.cs:848)
       [16] void Urman.Godot.Main._Ready() (/Users/kadyrahunov/Projects/URMAN/game/scripts/Main.cs:83)
       [17] bool Godot.Node.InvokeGodotClassMethod(Godot.NativeInterop.godot_string_name&, Godot.NativeInterop.NativeVariantPtrArgs, Godot.NativeInterop.godot_variant&) (/root/godot/modules/mono/glue/GodotSharp/GodotSharp/Generated/GodotObjects/Node.cs:2660)
       [18] bool Godot.Node3D.InvokeGodotClassMethod(Godot.NativeInterop.godot_string_name&, Godot.NativeInterop.NativeVariantPtrArgs, Godot.NativeInterop.godot_variant&) (/root/godot/modules/mono/glue/GodotSharp/GodotSharp/Generated/GodotObjects/Node3D.cs:1127)
       [19] bool Urman.Godot.Main.InvokeGodotClassMethod(Godot.NativeInterop.godot_string_name&, Godot.NativeInterop.NativeVariantPtrArgs, Godot.NativeInterop.godot_variant&) (/Users/kadyrahunov/Projects/URMAN/game/.godot/mono/temp/obj/Debug/Godot.SourceGenerators/Godot.SourceGenerators.ScriptMethodsGenerator/Urman.Godot.Main_ScriptMethods.generated.cs:70)
       [20] Godot.NativeInterop.godot_bool Godot.Bridge.CSharpInstanceBridge.Call(nint, Godot.NativeInterop.godot_string_name*, Godot.NativeInterop.godot_variant**, int, Godot.NativeInterop.godot_variant_call_error*, Godot.NativeInterop.godot_variant*) (/root/godot/modules/mono/glue/GodotSharp/GodotSharp/Core/Bridge/CSharpInstanceBridge.cs:24)
       [21] void Godot.NativeInterop.NativeFuncs.godotsharp_method_bind_ptrcall(nint, nint, System.Void**, System.Void*) (/root/godot/modules/mono/glue/GodotSharp/GodotSharp/Godot.SourceGenerators.Internal/Godot.SourceGenerators.Internal.UnmanagedCallbacksGenerator/Godot.NativeInterop.NativeFuncs.generated.cs:380)
       [22] void Godot.NativeCalls.godot_icall_3_912(nint, nint, nint, Godot.NativeInterop.godot_bool, int) (/root/godot/modules/mono/glue/GodotSharp/GodotSharp/Generated/NativeCalls.cs:8061)
       [23] void Godot.Node.AddChild(Godot.Node, bool, Godot.Node+InternalMode) (/root/godot/modules/mono/glue/GodotSharp/GodotSharp/Generated/GodotObjects/Node.cs:848)
       [24] void Urman.Godot.Act1DemoRoot.InitializeDemo() (/Users/kadyrahunov/Projects/URMAN/game/scripts/Act1DemoRoot.cs:245)
       [25] void Urman.Godot.Act1DemoRoot._Ready() (/Users/kadyrahunov/Projects/URMAN/game/scripts/Act1DemoRoot.cs:194)
       [26] bool Godot.Node.InvokeGodotClassMethod(Godot.NativeInterop.godot_string_name&, Godot.NativeInterop.NativeVariantPtrArgs, Godot.NativeInterop.godot_variant&) (/root/godot/modules/mono/glue/GodotSharp/GodotSharp/Generated/GodotObjects/Node.cs:2660)
       [27] bool Urman.Godot.Act1DemoRoot.InvokeGodotClassMethod(Godot.NativeInterop.godot_string_name&, Godot.NativeInterop.NativeVariantPtrArgs, Godot.NativeInterop.godot_variant&) (/Users/kadyrahunov/Projects/URMAN/game/.godot/mono/temp/obj/Debug/Godot.SourceGenerators/Godot.SourceGenerators.ScriptMethodsGenerator/Urman.Godot.Act1DemoRoot_ScriptMethods.generated.cs:1040)
       [28] Godot.NativeInterop.godot_bool Godot.Bridge.CSharpInstanceBridge.Call(nint, Godot.NativeInterop.godot_string_name*, Godot.NativeInterop.godot_variant**, int, Godot.NativeInterop.godot_variant_call_error*, Godot.NativeInterop.godot_variant*) (/root/godot/modules/mono/glue/GodotSharp/GodotSharp/Core/Bridge/CSharpInstanceBridge.cs:24)
       [29] void Godot.NativeInterop.NativeFuncs.godotsharp_method_bind_ptrcall(nint, nint, System.Void**, System.Void*) (/root/godot/modules/mono/glue/GodotSharp/GodotSharp/Godot.SourceGenerators.Internal/Godot.SourceGenerators.Internal.UnmanagedCallbacksGenerator/Godot.NativeInterop.NativeFuncs.generated.cs:380)
       [30] void Godot.NativeCalls.godot_icall_3_912(nint, nint, nint, Godot.NativeInterop.godot_bool, int) (/root/godot/modules/mono/glue/GodotSharp/GodotSharp/Generated/NativeCalls.cs:8061)
       [31] void Godot.Node.AddChild(Godot.Node, bool, Godot.Node+InternalMode) (/root/godot/modules/mono/glue/GodotSharp/GodotSharp/Generated/GodotObjects/Node.cs:848)
       [32] void Urman.Godot.Tests.Act1MosqueLayoutSmokeTest+<_Ready>d__2.MoveNext() (/Users/kadyrahunov/Projects/URMAN/game/tests/Act1MosqueLayoutSmokeTest.cs:18)
       [33] void System.Runtime.CompilerServices.AsyncMethodBuilderCore.Start<TStateMachine>(TStateMachine&)
       [34] void Urman.Godot.Tests.Act1MosqueLayoutSmokeTest._Ready()
       [35] bool Godot.Node.InvokeGodotClassMethod(Godot.NativeInterop.godot_string_name&, Godot.NativeInterop.NativeVariantPtrArgs, Godot.NativeInterop.godot_variant&) (/root/godot/modules/mono/glue/GodotSharp/GodotSharp/Generated/GodotObjects/Node.cs:2660)
       [36] bool Urman.Godot.Tests.Act1MosqueLayoutSmokeTest.InvokeGodotClassMethod(Godot.NativeInterop.godot_string_name&, Godot.NativeInterop.NativeVariantPtrArgs, Godot.NativeInterop.godot_variant&) (/Users/kadyrahunov/Projects/URMAN/game/.godot/mono/temp/obj/Debug/Godot.SourceGenerators/Godot.SourceGenerators.ScriptMethodsGenerator/Urman.Godot.Tests.Act1MosqueLayoutSmokeTest_ScriptMethods.generated.cs:50)
       [37] Godot.NativeInterop.godot_bool Godot.Bridge.CSharpInstanceBridge.Call(nint, Godot.NativeInterop.godot_string_name*, Godot.NativeInterop.godot_variant**, int, Godot.NativeInterop.godot_variant_call_error*, Godot.NativeInterop.godot_variant*) (/root/godot/modules/mono/glue/GodotSharp/GodotSharp/Core/Bridge/CSharpInstanceBridge.cs:24)
ERROR: Error loading resource: 'res://assets/textures/painterly/frost_window_v1_albedo.png'.
   at: load (core/core_bind.cpp:82)
   C# backtrace (most recent call first):
       [0] Godot.GodotObject Godot.NativeCalls.godot_icall_3_1268(nint, nint, string, string, int) (/root/godot/modules/mono/glue/GodotSharp/GodotSharp/Generated/NativeCalls.cs:11611)
       [1] Godot.Resource Godot.ResourceLoader.Load(string, string, Godot.ResourceLoader+CacheMode) (/root/godot/modules/mono/glue/GodotSharp/GodotSharp/Generated/GodotObjects/ResourceLoader.cs:120)
       [2] T Godot.ResourceLoader.Load<T>(string, string, Godot.ResourceLoader+CacheMode) (/root/godot/modules/mono/glue/GodotSharp/GodotSharp/Core/Extensions/ResourceLoaderExtensions.cs:27)
       [3] void Urman.Godot.Act1ConnectedWorld.ApplyHeroWarmWindow(Godot.Node3D) (/Users/kadyrahunov/Projects/URMAN/game/scripts/Act1ConnectedWorld.cs:5985)
       [4] void Urman.Godot.Act1ConnectedWorld.AddAct1AuthoredExteriorParcel(Godot.Node3D, Urman.Godot.Act1ConnectedWorld+Act1ExteriorParcelComponentPlacement[]) (/Users/kadyrahunov/Projects/URMAN/game/scripts/Act1ConnectedWorld.cs:5293)
       [5] void Urman.Godot.Act1ConnectedWorld.BuildAct1AuthoredExteriorKit(Godot.Node3D) (/Users/kadyrahunov/Projects/URMAN/game/scripts/Act1ConnectedWorld.cs:3880)
       [6] void Urman.Godot.Act1ConnectedWorld.BuildAct1CoreWorldGreybox() (/Users/kadyrahunov/Projects/URMAN/game/scripts/Act1ConnectedWorld.cs:1163)
       [7] void Urman.Godot.Act1ConnectedWorld.Build() (/Users/kadyrahunov/Projects/URMAN/game/scripts/Act1ConnectedWorld.cs:401)
       [8] void Urman.Godot.Act1ConnectedWorld._Ready() (/Users/kadyrahunov/Projects/URMAN/game/scripts/Act1ConnectedWorld.cs:303)
       [9] bool Godot.Node.InvokeGodotClassMethod(Godot.NativeInterop.godot_string_name&, Godot.NativeInterop.NativeVariantPtrArgs, Godot.NativeInterop.godot_variant&) (/root/godot/modules/mono/glue/GodotSharp/GodotSharp/Generated/GodotObjects/Node.cs:2660)
       [10] bool Godot.Node3D.InvokeGodotClassMethod(Godot.NativeInterop.godot_string_name&, Godot.NativeInterop.NativeVariantPtrArgs, Godot.NativeInterop.godot_variant&) (/root/godot/modules/mono/glue/GodotSharp/GodotSharp/Generated/GodotObjects/Node3D.cs:1127)
       [11] bool Urman.Godot.Act1ConnectedWorld.InvokeGodotClassMethod(Godot.NativeInterop.godot_string_name&, Godot.NativeInterop.NativeVariantPtrArgs, Godot.NativeInterop.godot_variant&) (/Users/kadyrahunov/Projects/URMAN/game/.godot/mono/temp/obj/Debug/Godot.SourceGenerators/Godot.SourceGenerators.ScriptMethodsGenerator/Urman.Godot.Act1ConnectedWorld_ScriptMethods.generated.cs:5046)
       [12] Godot.NativeInterop.godot_bool Godot.Bridge.CSharpInstanceBridge.Call(nint, Godot.NativeInterop.godot_string_name*, Godot.NativeInterop.godot_variant**, int, Godot.NativeInterop.godot_variant_call_error*, Godot.NativeInterop.godot_variant*) (/root/godot/modules/mono/glue/GodotSharp/GodotSharp/Core/Bridge/CSharpInstanceBridge.cs:24)
       [13] void Godot.NativeInterop.NativeFuncs.godotsharp_method_bind_ptrcall(nint, nint, System.Void**, System.Void*) (/root/godot/modules/mono/glue/GodotSharp/GodotSharp/Godot.SourceGenerators.Internal/Godot.SourceGenerators.Internal.UnmanagedCallbacksGenerator/Godot.NativeInterop.NativeFuncs.generated.cs:380)
       [14] void Godot.NativeCalls.godot_icall_3_912(nint, nint, nint, Godot.NativeInterop.godot_bool, int) (/root/godot/modules/mono/glue/GodotSharp/GodotSharp/Generated/NativeCalls.cs:8061)
       [15] void Godot.Node.AddChild(Godot.Node, bool, Godot.Node+InternalMode) (/root/godot/modules/mono/glue/GodotSharp/GodotSharp/Generated/GodotObjects/Node.cs:848)
       [16] void Urman.Godot.Main._Ready() (/Users/kadyrahunov/Projects/URMAN/game/scripts/Main.cs:83)
       [17] bool Godot.Node.InvokeGodotClassMethod(Godot.NativeInterop.godot_string_name&, Godot.NativeInterop.NativeVariantPtrArgs, Godot.NativeInterop.godot_variant&) (/root/godot/modules/mono/glue/GodotSharp/GodotSharp/Generated/GodotObjects/Node.cs:2660)
       [18] bool Godot.Node3D.InvokeGodotClassMethod(Godot.NativeInterop.godot_string_name&, Godot.NativeInterop.NativeVariantPtrArgs, Godot.NativeInterop.godot_variant&) (/root/godot/modules/mono/glue/GodotSharp/GodotSharp/Generated/GodotObjects/Node3D.cs:1127)
       [19] bool Urman.Godot.Main.InvokeGodotClassMethod(Godot.NativeInterop.godot_string_name&, Godot.NativeInterop.NativeVariantPtrArgs, Godot.NativeInterop.godot_variant&) (/Users/kadyrahunov/Projects/URMAN/game/.godot/mono/temp/obj/Debug/Godot.SourceGenerators/Godot.SourceGenerators.ScriptMethodsGenerator/Urman.Godot.Main_ScriptMethods.generated.cs:70)
       [20] Godot.NativeInterop.godot_bool Godot.Bridge.CSharpInstanceBridge.Call(nint, Godot.NativeInterop.godot_string_name*, Godot.NativeInterop.godot_variant**, int, Godot.NativeInterop.godot_variant_call_error*, Godot.NativeInterop.godot_variant*) (/root/godot/modules/mono/glue/GodotSharp/GodotSharp/Core/Bridge/CSharpInstanceBridge.cs:24)
       [21] void Godot.NativeInterop.NativeFuncs.godotsharp_method_bind_ptrcall(nint, nint, System.Void**, System.Void*) (/root/godot/modules/mono/glue/GodotSharp/GodotSharp/Godot.SourceGenerators.Internal/Godot.SourceGenerators.Internal.UnmanagedCallbacksGenerator/Godot.NativeInterop.NativeFuncs.generated.cs:380)
       [22] void Godot.NativeCalls.godot_icall_3_912(nint, nint, nint, Godot.NativeInterop.godot_bool, int) (/root/godot/modules/mono/glue/GodotSharp/GodotSharp/Generated/NativeCalls.cs:8061)
       [23] void Godot.Node.AddChild(Godot.Node, bool, Godot.Node+InternalMode) (/root/godot/modules/mono/glue/GodotSharp/GodotSharp/Generated/GodotObjects/Node.cs:848)
       [24] void Urman.Godot.Act1DemoRoot.InitializeDemo() (/Users/kadyrahunov/Projects/URMAN/game/scripts/Act1DemoRoot.cs:245)
       [25] void Urman.Godot.Act1DemoRoot._Ready() (/Users/kadyrahunov/Projects/URMAN/game/scripts/Act1DemoRoot.cs:194)
       [26] bool Godot.Node.InvokeGodotClassMethod(Godot.NativeInterop.godot_string_name&, Godot.NativeInterop.NativeVariantPtrArgs, Godot.NativeInterop.godot_variant&) (/root/godot/modules/mono/glue/GodotSharp/GodotSharp/Generated/GodotObjects/Node.cs:2660)
       [27] bool Urman.Godot.Act1DemoRoot.InvokeGodotClassMethod(Godot.NativeInterop.godot_string_name&, Godot.NativeInterop.NativeVariantPtrArgs, Godot.NativeInterop.godot_variant&) (/Users/kadyrahunov/Projects/URMAN/game/.godot/mono/temp/obj/Debug/Godot.SourceGenerators/Godot.SourceGenerators.ScriptMethodsGenerator/Urman.Godot.Act1DemoRoot_ScriptMethods.generated.cs:1040)
       [28] Godot.NativeInterop.godot_bool Godot.Bridge.CSharpInstanceBridge.Call(nint, Godot.NativeInterop.godot_string_name*, Godot.NativeInterop.godot_variant**, int, Godot.NativeInterop.godot_variant_call_error*, Godot.NativeInterop.godot_variant*) (/root/godot/modules/mono/glue/GodotSharp/GodotSharp/Core/Bridge/CSharpInstanceBridge.cs:24)
       [29] void Godot.NativeInterop.NativeFuncs.godotsharp_method_bind_ptrcall(nint, nint, System.Void**, System.Void*) (/root/godot/modules/mono/glue/GodotSharp/GodotSharp/Godot.SourceGenerators.Internal/Godot.SourceGenerators.Internal.UnmanagedCallbacksGenerator/Godot.NativeInterop.NativeFuncs.generated.cs:380)
       [30] void Godot.NativeCalls.godot_icall_3_912(nint, nint, nint, Godot.NativeInterop.godot_bool, int) (/root/godot/modules/mono/glue/GodotSharp/GodotSharp/Generated/NativeCalls.cs:8061)
       [31] void Godot.Node.AddChild(Godot.Node, bool, Godot.Node+InternalMode) (/root/godot/modules/mono/glue/GodotSharp/GodotSharp/Generated/GodotObjects/Node.cs:848)
       [32] void Urman.Godot.Tests.Act1MosqueLayoutSmokeTest+<_Ready>d__2.MoveNext() (/Users/kadyrahunov/Projects/URMAN/game/tests/Act1MosqueLayoutSmokeTest.cs:18)
       [33] void System.Runtime.CompilerServices.AsyncMethodBuilderCore.Start<TStateMachine>(TStateMachine&)
       [34] void Urman.Godot.Tests.Act1MosqueLayoutSmokeTest._Ready()
       [35] bool Godot.Node.InvokeGodotClassMethod(Godot.NativeInterop.godot_string_name&, Godot.NativeInterop.NativeVariantPtrArgs, Godot.NativeInterop.godot_variant&) (/root/godot/modules/mono/glue/GodotSharp/GodotSharp/Generated/GodotObjects/Node.cs:2660)
       [36] bool Urman.Godot.Tests.Act1MosqueLayoutSmokeTest.InvokeGodotClassMethod(Godot.NativeInterop.godot_string_name&, Godot.NativeInterop.NativeVariantPtrArgs, Godot.NativeInterop.godot_variant&) (/Users/kadyrahunov/Projects/URMAN/game/.godot/mono/temp/obj/Debug/Godot.SourceGenerators/Godot.SourceGenerators.ScriptMethodsGenerator/Urman.Godot.Tests.Act1MosqueLayoutSmokeTest_ScriptMethods.generated.cs:50)
       [37] Godot.NativeInterop.godot_bool Godot.Bridge.CSharpInstanceBridge.Call(nint, Godot.NativeInterop.godot_string_name*, Godot.NativeInterop.godot_variant**, int, Godot.NativeInterop.godot_variant_call_error*, Godot.NativeInterop.godot_variant*) (/root/godot/modules/mono/glue/GodotSharp/GodotSharp/Core/Bridge/CSharpInstanceBridge.cs:24)
ERROR: Resource file not found: res://assets/textures/painterly/frost_window_v1_albedo.png (expected type: unknown)
   at: _load (core/io/resource_loader.cpp:325)
   C# backtrace (most recent call first):
       [0] Godot.GodotObject Godot.NativeCalls.godot_icall_3_1268(nint, nint, string, string, int) (/root/godot/modules/mono/glue/GodotSharp/GodotSharp/Generated/NativeCalls.cs:11611)
       [1] Godot.Resource Godot.ResourceLoader.Load(string, string, Godot.ResourceLoader+CacheMode) (/root/godot/modules/mono/glue/GodotSharp/GodotSharp/Generated/GodotObjects/ResourceLoader.cs:120)
       [2] T Godot.ResourceLoader.Load<T>(string, string, Godot.ResourceLoader+CacheMode) (/root/godot/modules/mono/glue/GodotSharp/GodotSharp/Core/Extensions/ResourceLoaderExtensions.cs:27)
       [3] void Urman.Godot.Act1ConnectedWorld.ApplyHeroWarmWindow(Godot.Node3D) (/Users/kadyrahunov/Projects/URMAN/game/scripts/Act1ConnectedWorld.cs:5985)
       [4] void Urman.Godot.Act1ConnectedWorld.AddAct1AuthoredExteriorParcel(Godot.Node3D, Urman.Godot.Act1ConnectedWorld+Act1ExteriorParcelComponentPlacement[]) (/Users/kadyrahunov/Projects/URMAN/game/scripts/Act1ConnectedWorld.cs:5293)
       [5] void Urman.Godot.Act1ConnectedWorld.BuildAct1AuthoredExteriorKit(Godot.Node3D) (/Users/kadyrahunov/Projects/URMAN/game/scripts/Act1ConnectedWorld.cs:3880)
       [6] void Urman.Godot.Act1ConnectedWorld.BuildAct1CoreWorldGreybox() (/Users/kadyrahunov/Projects/URMAN/game/scripts/Act1ConnectedWorld.cs:1163)
       [7] void Urman.Godot.Act1ConnectedWorld.Build() (/Users/kadyrahunov/Projects/URMAN/game/scripts/Act1ConnectedWorld.cs:401)
       [8] void Urman.Godot.Act1ConnectedWorld._Ready() (/Users/kadyrahunov/Projects/URMAN/game/scripts/Act1ConnectedWorld.cs:303)
       [9] bool Godot.Node.InvokeGodotClassMethod(Godot.NativeInterop.godot_string_name&, Godot.NativeInterop.NativeVariantPtrArgs, Godot.NativeInterop.godot_variant&) (/root/godot/modules/mono/glue/GodotSharp/GodotSharp/Generated/GodotObjects/Node.cs:2660)
       [10] bool Godot.Node3D.InvokeGodotClassMethod(Godot.NativeInterop.godot_string_name&, Godot.NativeInterop.NativeVariantPtrArgs, Godot.NativeInterop.godot_variant&) (/root/godot/modules/mono/glue/GodotSharp/GodotSharp/Generated/GodotObjects/Node3D.cs:1127)
       [11] bool Urman.Godot.Act1ConnectedWorld.InvokeGodotClassMethod(Godot.NativeInterop.godot_string_name&, Godot.NativeInterop.NativeVariantPtrArgs, Godot.NativeInterop.godot_variant&) (/Users/kadyrahunov/Projects/URMAN/game/.godot/mono/temp/obj/Debug/Godot.SourceGenerators/Godot.SourceGenerators.ScriptMethodsGenerator/Urman.Godot.Act1ConnectedWorld_ScriptMethods.generated.cs:5046)
       [12] Godot.NativeInterop.godot_bool Godot.Bridge.CSharpInstanceBridge.Call(nint, Godot.NativeInterop.godot_string_name*, Godot.NativeInterop.godot_variant**, int, Godot.NativeInterop.godot_variant_call_error*, Godot.NativeInterop.godot_variant*) (/root/godot/modules/mono/glue/GodotSharp/GodotSharp/Core/Bridge/CSharpInstanceBridge.cs:24)
       [13] void Godot.NativeInterop.NativeFuncs.godotsharp_method_bind_ptrcall(nint, nint, System.Void**, System.Void*) (/root/godot/modules/mono/glue/GodotSharp/GodotSharp/Godot.SourceGenerators.Internal/Godot.SourceGenerators.Internal.UnmanagedCallbacksGenerator/Godot.NativeInterop.NativeFuncs.generated.cs:380)
       [14] void Godot.NativeCalls.godot_icall_3_912(nint, nint, nint, Godot.NativeInterop.godot_bool, int) (/root/godot/modules/mono/glue/GodotSharp/GodotSharp/Generated/NativeCalls.cs:8061)
       [15] void Godot.Node.AddChild(Godot.Node, bool, Godot.Node+InternalMode) (/root/godot/modules/mono/glue/GodotSharp/GodotSharp/Generated/GodotObjects/Node.cs:848)
       [16] void Urman.Godot.Main._Ready() (/Users/kadyrahunov/Projects/URMAN/game/scripts/Main.cs:83)
       [17] bool Godot.Node.InvokeGodotClassMethod(Godot.NativeInterop.godot_string_name&, Godot.NativeInterop.NativeVariantPtrArgs, Godot.NativeInterop.godot_variant&) (/root/godot/modules/mono/glue/GodotSharp/GodotSharp/Generated/GodotObjects/Node.cs:2660)
       [18] bool Godot.Node3D.InvokeGodotClassMethod(Godot.NativeInterop.godot_string_name&, Godot.NativeInterop.NativeVariantPtrArgs, Godot.NativeInterop.godot_variant&) (/root/godot/modules/mono/glue/GodotSharp/GodotSharp/Generated/GodotObjects/Node3D.cs:1127)
       [19] bool Urman.Godot.Main.InvokeGodotClassMethod(Godot.NativeInterop.godot_string_name&, Godot.NativeInterop.NativeVariantPtrArgs, Godot.NativeInterop.godot_variant&) (/Users/kadyrahunov/Projects/URMAN/game/.godot/mono/temp/obj/Debug/Godot.SourceGenerators/Godot.SourceGenerators.ScriptMethodsGenerator/Urman.Godot.Main_ScriptMethods.generated.cs:70)
       [20] Godot.NativeInterop.godot_bool Godot.Bridge.CSharpInstanceBridge.Call(nint, Godot.NativeInterop.godot_string_name*, Godot.NativeInterop.godot_variant**, int, Godot.NativeInterop.godot_variant_call_error*, Godot.NativeInterop.godot_variant*) (/root/godot/modules/mono/glue/GodotSharp/GodotSharp/Core/Bridge/CSharpInstanceBridge.cs:24)
       [21] void Godot.NativeInterop.NativeFuncs.godotsharp_method_bind_ptrcall(nint, nint, System.Void**, System.Void*) (/root/godot/modules/mono/glue/GodotSharp/GodotSharp/Godot.SourceGenerators.Internal/Godot.SourceGenerators.Internal.UnmanagedCallbacksGenerator/Godot.NativeInterop.NativeFuncs.generated.cs:380)
       [22] void Godot.NativeCalls.godot_icall_3_912(nint, nint, nint, Godot.NativeInterop.godot_bool, int) (/root/godot/modules/mono/glue/GodotSharp/GodotSharp/Generated/NativeCalls.cs:8061)
       [23] void Godot.Node.AddChild(Godot.Node, bool, Godot.Node+InternalMode) (/root/godot/modules/mono/glue/GodotSharp/GodotSharp/Generated/GodotObjects/Node.cs:848)
       [24] void Urman.Godot.Act1DemoRoot.InitializeDemo() (/Users/kadyrahunov/Projects/URMAN/game/scripts/Act1DemoRoot.cs:245)
       [25] void Urman.Godot.Act1DemoRoot._Ready() (/Users/kadyrahunov/Projects/URMAN/game/scripts/Act1DemoRoot.cs:194)
       [26] bool Godot.Node.InvokeGodotClassMethod(Godot.NativeInterop.godot_string_name&, Godot.NativeInterop.NativeVariantPtrArgs, Godot.NativeInterop.godot_variant&) (/root/godot/modules/mono/glue/GodotSharp/GodotSharp/Generated/GodotObjects/Node.cs:2660)
       [27] bool Urman.Godot.Act1DemoRoot.InvokeGodotClassMethod(Godot.NativeInterop.godot_string_name&, Godot.NativeInterop.NativeVariantPtrArgs, Godot.NativeInterop.godot_variant&) (/Users/kadyrahunov/Projects/URMAN/game/.godot/mono/temp/obj/Debug/Godot.SourceGenerators/Godot.SourceGenerators.ScriptMethodsGenerator/Urman.Godot.Act1DemoRoot_ScriptMethods.generated.cs:1040)
       [28] Godot.NativeInterop.godot_bool Godot.Bridge.CSharpInstanceBridge.Call(nint, Godot.NativeInterop.godot_string_name*, Godot.NativeInterop.godot_variant**, int, Godot.NativeInterop.godot_variant_call_error*, Godot.NativeInterop.godot_variant*) (/root/godot/modules/mono/glue/GodotSharp/GodotSharp/Core/Bridge/CSharpInstanceBridge.cs:24)
       [29] void Godot.NativeInterop.NativeFuncs.godotsharp_method_bind_ptrcall(nint, nint, System.Void**, System.Void*) (/root/godot/modules/mono/glue/GodotSharp/GodotSharp/Godot.SourceGenerators.Internal/Godot.SourceGenerators.Internal.UnmanagedCallbacksGenerator/Godot.NativeInterop.NativeFuncs.generated.cs:380)
       [30] void Godot.NativeCalls.godot_icall_3_912(nint, nint, nint, Godot.NativeInterop.godot_bool, int) (/root/godot/modules/mono/glue/GodotSharp/GodotSharp/Generated/NativeCalls.cs:8061)
       [31] void Godot.Node.AddChild(Godot.Node, bool, Godot.Node+InternalMode) (/root/godot/modules/mono/glue/GodotSharp/GodotSharp/Generated/GodotObjects/Node.cs:848)
       [32] void Urman.Godot.Tests.Act1MosqueLayoutSmokeTest+<_Ready>d__2.MoveNext() (/Users/kadyrahunov/Projects/URMAN/game/tests/Act1MosqueLayoutSmokeTest.cs:18)
       [33] void System.Runtime.CompilerServices.AsyncMethodBuilderCore.Start<TStateMachine>(TStateMachine&)
       [34] void Urman.Godot.Tests.Act1MosqueLayoutSmokeTest._Ready()
       [35] bool Godot.Node.InvokeGodotClassMethod(Godot.NativeInterop.godot_string_name&, Godot.NativeInterop.NativeVariantPtrArgs, Godot.NativeInterop.godot_variant&) (/root/godot/modules/mono/glue/GodotSharp/GodotSharp/Generated/GodotObjects/Node.cs:2660)
       [36] bool Urman.Godot.Tests.Act1MosqueLayoutSmokeTest.InvokeGodotClassMethod(Godot.NativeInterop.godot_string_name&, Godot.NativeInterop.NativeVariantPtrArgs, Godot.NativeInterop.godot_variant&) (/Users/kadyrahunov/Projects/URMAN/game/.godot/mono/temp/obj/Debug/Godot.SourceGenerators/Godot.SourceGenerators.ScriptMethodsGenerator/Urman.Godot.Tests.Act1MosqueLayoutSmokeTest_ScriptMethods.generated.cs:50)
       [37] Godot.NativeInterop.godot_bool Godot.Bridge.CSharpInstanceBridge.Call(nint, Godot.NativeInterop.godot_string_name*, Godot.NativeInterop.godot_variant**, int, Godot.NativeInterop.godot_variant_call_error*, Godot.NativeInterop.godot_variant*) (/root/godot/modules/mono/glue/GodotSharp/GodotSharp/Core/Bridge/CSharpInstanceBridge.cs:24)
ERROR: Error loading resource: 'res://assets/textures/painterly/frost_window_v1_albedo.png'.
   at: load (core/core_bind.cpp:82)
   C# backtrace (most recent call first):
       [0] Godot.GodotObject Godot.NativeCalls.godot_icall_3_1268(nint, nint, string, string, int) (/root/godot/modules/mono/glue/GodotSharp/GodotSharp/Generated/NativeCalls.cs:11611)
       [1] Godot.Resource Godot.ResourceLoader.Load(string, string, Godot.ResourceLoader+CacheMode) (/root/godot/modules/mono/glue/GodotSharp/GodotSharp/Generated/GodotObjects/ResourceLoader.cs:120)
       [2] T Godot.ResourceLoader.Load<T>(string, string, Godot.ResourceLoader+CacheMode) (/root/godot/modules/mono/glue/GodotSharp/GodotSharp/Core/Extensions/ResourceLoaderExtensions.cs:27)
       [3] void Urman.Godot.Act1ConnectedWorld.ApplyHeroWarmWindow(Godot.Node3D) (/Users/kadyrahunov/Projects/URMAN/game/scripts/Act1ConnectedWorld.cs:5985)
       [4] void Urman.Godot.Act1ConnectedWorld.AddAct1AuthoredExteriorParcel(Godot.Node3D, Urman.Godot.Act1ConnectedWorld+Act1ExteriorParcelComponentPlacement[]) (/Users/kadyrahunov/Projects/URMAN/game/scripts/Act1ConnectedWorld.cs:5293)
       [5] void Urman.Godot.Act1ConnectedWorld.BuildAct1AuthoredExteriorKit(Godot.Node3D) (/Users/kadyrahunov/Projects/URMAN/game/scripts/Act1ConnectedWorld.cs:3880)
       [6] void Urman.Godot.Act1ConnectedWorld.BuildAct1CoreWorldGreybox() (/Users/kadyrahunov/Projects/URMAN/game/scripts/Act1ConnectedWorld.cs:1163)
       [7] void Urman.Godot.Act1ConnectedWorld.Build() (/Users/kadyrahunov/Projects/URMAN/game/scripts/Act1ConnectedWorld.cs:401)
       [8] void Urman.Godot.Act1ConnectedWorld._Ready() (/Users/kadyrahunov/Projects/URMAN/game/scripts/Act1ConnectedWorld.cs:303)
       [9] bool Godot.Node.InvokeGodotClassMethod(Godot.NativeInterop.godot_string_name&, Godot.NativeInterop.NativeVariantPtrArgs, Godot.NativeInterop.godot_variant&) (/root/godot/modules/mono/glue/GodotSharp/GodotSharp/Generated/GodotObjects/Node.cs:2660)
       [10] bool Godot.Node3D.InvokeGodotClassMethod(Godot.NativeInterop.godot_string_name&, Godot.NativeInterop.NativeVariantPtrArgs, Godot.NativeInterop.godot_variant&) (/root/godot/modules/mono/glue/GodotSharp/GodotSharp/Generated/GodotObjects/Node3D.cs:1127)
       [11] bool Urman.Godot.Act1ConnectedWorld.InvokeGodotClassMethod(Godot.NativeInterop.godot_string_name&, Godot.NativeInterop.NativeVariantPtrArgs, Godot.NativeInterop.godot_variant&) (/Users/kadyrahunov/Projects/URMAN/game/.godot/mono/temp/obj/Debug/Godot.SourceGenerators/Godot.SourceGenerators.ScriptMethodsGenerator/Urman.Godot.Act1ConnectedWorld_ScriptMethods.generated.cs:5046)
       [12] Godot.NativeInterop.godot_bool Godot.Bridge.CSharpInstanceBridge.Call(nint, Godot.NativeInterop.godot_string_name*, Godot.NativeInterop.godot_variant**, int, Godot.NativeInterop.godot_variant_call_error*, Godot.NativeInterop.godot_variant*) (/root/godot/modules/mono/glue/GodotSharp/GodotSharp/Core/Bridge/CSharpInstanceBridge.cs:24)
       [13] void Godot.NativeInterop.NativeFuncs.godotsharp_method_bind_ptrcall(nint, nint, System.Void**, System.Void*) (/root/godot/modules/mono/glue/GodotSharp/GodotSharp/Godot.SourceGenerators.Internal/Godot.SourceGenerators.Internal.UnmanagedCallbacksGenerator/Godot.NativeInterop.NativeFuncs.generated.cs:380)
       [14] void Godot.NativeCalls.godot_icall_3_912(nint, nint, nint, Godot.NativeInterop.godot_bool, int) (/root/godot/modules/mono/glue/GodotSharp/GodotSharp/Generated/NativeCalls.cs:8061)
       [15] void Godot.Node.AddChild(Godot.Node, bool, Godot.Node+InternalMode) (/root/godot/modules/mono/glue/GodotSharp/GodotSharp/Generated/GodotObjects/Node.cs:848)
       [16] void Urman.Godot.Main._Ready() (/Users/kadyrahunov/Projects/URMAN/game/scripts/Main.cs:83)
       [17] bool Godot.Node.InvokeGodotClassMethod(Godot.NativeInterop.godot_string_name&, Godot.NativeInterop.NativeVariantPtrArgs, Godot.NativeInterop.godot_variant&) (/root/godot/modules/mono/glue/GodotSharp/GodotSharp/Generated/GodotObjects/Node.cs:2660)
       [18] bool Godot.Node3D.InvokeGodotClassMethod(Godot.NativeInterop.godot_string_name&, Godot.NativeInterop.NativeVariantPtrArgs, Godot.NativeInterop.godot_variant&) (/root/godot/modules/mono/glue/GodotSharp/GodotSharp/Generated/GodotObjects/Node3D.cs:1127)
       [19] bool Urman.Godot.Main.InvokeGodotClassMethod(Godot.NativeInterop.godot_string_name&, Godot.NativeInterop.NativeVariantPtrArgs, Godot.NativeInterop.godot_variant&) (/Users/kadyrahunov/Projects/URMAN/game/.godot/mono/temp/obj/Debug/Godot.SourceGenerators/Godot.SourceGenerators.ScriptMethodsGenerator/Urman.Godot.Main_ScriptMethods.generated.cs:70)
       [20] Godot.NativeInterop.godot_bool Godot.Bridge.CSharpInstanceBridge.Call(nint, Godot.NativeInterop.godot_string_name*, Godot.NativeInterop.godot_variant**, int, Godot.NativeInterop.godot_variant_call_error*, Godot.NativeInterop.godot_variant*) (/root/godot/modules/mono/glue/GodotSharp/GodotSharp/Core/Bridge/CSharpInstanceBridge.cs:24)
       [21] void Godot.NativeInterop.NativeFuncs.godotsharp_method_bind_ptrcall(nint, nint, System.Void**, System.Void*) (/root/godot/modules/mono/glue/GodotSharp/GodotSharp/Godot.SourceGenerators.Internal/Godot.SourceGenerators.Internal.UnmanagedCallbacksGenerator/Godot.NativeInterop.NativeFuncs.generated.cs:380)
       [22] void Godot.NativeCalls.godot_icall_3_912(nint, nint, nint, Godot.NativeInterop.godot_bool, int) (/root/godot/modules/mono/glue/GodotSharp/GodotSharp/Generated/NativeCalls.cs:8061)
       [23] void Godot.Node.AddChild(Godot.Node, bool, Godot.Node+InternalMode) (/root/godot/modules/mono/glue/GodotSharp/GodotSharp/Generated/GodotObjects/Node.cs:848)
       [24] void Urman.Godot.Act1DemoRoot.InitializeDemo() (/Users/kadyrahunov/Projects/URMAN/game/scripts/Act1DemoRoot.cs:245)
       [25] void Urman.Godot.Act1DemoRoot._Ready() (/Users/kadyrahunov/Projects/URMAN/game/scripts/Act1DemoRoot.cs:194)
       [26] bool Godot.Node.InvokeGodotClassMethod(Godot.NativeInterop.godot_string_name&, Godot.NativeInterop.NativeVariantPtrArgs, Godot.NativeInterop.godot_variant&) (/root/godot/modules/mono/glue/GodotSharp/GodotSharp/Generated/GodotObjects/Node.cs:2660)
       [27] bool Urman.Godot.Act1DemoRoot.InvokeGodotClassMethod(Godot.NativeInterop.godot_string_name&, Godot.NativeInterop.NativeVariantPtrArgs, Godot.NativeInterop.godot_variant&) (/Users/kadyrahunov/Projects/URMAN/game/.godot/mono/temp/obj/Debug/Godot.SourceGenerators/Godot.SourceGenerators.ScriptMethodsGenerator/Urman.Godot.Act1DemoRoot_ScriptMethods.generated.cs:1040)
       [28] Godot.NativeInterop.godot_bool Godot.Bridge.CSharpInstanceBridge.Call(nint, Godot.NativeInterop.godot_string_name*, Godot.NativeInterop.godot_variant**, int, Godot.NativeInterop.godot_variant_call_error*, Godot.NativeInterop.godot_variant*) (/root/godot/modules/mono/glue/GodotSharp/GodotSharp/Core/Bridge/CSharpInstanceBridge.cs:24)
       [29] void Godot.NativeInterop.NativeFuncs.godotsharp_method_bind_ptrcall(nint, nint, System.Void**, System.Void*) (/root/godot/modules/mono/glue/GodotSharp/GodotSharp/Godot.SourceGenerators.Internal/Godot.SourceGenerators.Internal.UnmanagedCallbacksGenerator/Godot.NativeInterop.NativeFuncs.generated.cs:380)
       [30] void Godot.NativeCalls.godot_icall_3_912(nint, nint, nint, Godot.NativeInterop.godot_bool, int) (/root/godot/modules/mono/glue/GodotSharp/GodotSharp/Generated/NativeCalls.cs:8061)
       [31] void Godot.Node.AddChild(Godot.Node, bool, Godot.Node+InternalMode) (/root/godot/modules/mono/glue/GodotSharp/GodotSharp/Generated/GodotObjects/Node.cs:848)
       [32] void Urman.Godot.Tests.Act1MosqueLayoutSmokeTest+<_Ready>d__2.MoveNext() (/Users/kadyrahunov/Projects/URMAN/game/tests/Act1MosqueLayoutSmokeTest.cs:18)
       [33] void System.Runtime.CompilerServices.AsyncMethodBuilderCore.Start<TStateMachine>(TStateMachine&)
       [34] void Urman.Godot.Tests.Act1MosqueLayoutSmokeTest._Ready()
       [35] bool Godot.Node.InvokeGodotClassMethod(Godot.NativeInterop.godot_string_name&, Godot.NativeInterop.NativeVariantPtrArgs, Godot.NativeInterop.godot_variant&) (/root/godot/modules/mono/glue/GodotSharp/GodotSharp/Generated/GodotObjects/Node.cs:2660)
       [36] bool Urman.Godot.Tests.Act1MosqueLayoutSmokeTest.InvokeGodotClassMethod(Godot.NativeInterop.godot_string_name&, Godot.NativeInterop.NativeVariantPtrArgs, Godot.NativeInterop.godot_variant&) (/Users/kadyrahunov/Projects/URMAN/game/.godot/mono/temp/obj/Debug/Godot.SourceGenerators/Godot.SourceGenerators.ScriptMethodsGenerator/Urman.Godot.Tests.Act1MosqueLayoutSmokeTest_ScriptMethods.generated.cs:50)
       [37] Godot.NativeInterop.godot_bool Godot.Bridge.CSharpInstanceBridge.Call(nint, Godot.NativeInterop.godot_string_name*, Godot.NativeInterop.godot_variant**, int, Godot.NativeInterop.godot_variant_call_error*, Godot.NativeInterop.godot_variant*) (/root/godot/modules/mono/glue/GodotSharp/GodotSharp/Core/Bridge/CSharpInstanceBridge.cs:24)
ERROR: Resource file not found: res://assets/textures/painterly/frost_window_v1_albedo.png (expected type: unknown)
   at: _load (core/io/resource_loader.cpp:325)
   C# backtrace (most recent call first):
       [0] Godot.GodotObject Godot.NativeCalls.godot_icall_3_1268(nint, nint, string, string, int) (/root/godot/modules/mono/glue/GodotSharp/GodotSharp/Generated/NativeCalls.cs:11611)
       [1] Godot.Resource Godot.ResourceLoader.Load(string, string, Godot.ResourceLoader+CacheMode) (/root/godot/modules/mono/glue/GodotSharp/GodotSharp/Generated/GodotObjects/ResourceLoader.cs:120)
       [2] T Godot.ResourceLoader.Load<T>(string, string, Godot.ResourceLoader+CacheMode) (/root/godot/modules/mono/glue/GodotSharp/GodotSharp/Core/Extensions/ResourceLoaderExtensions.cs:27)
       [3] void Urman.Godot.Act1ConnectedWorld.ApplyHeroWarmWindow(Godot.Node3D) (/Users/kadyrahunov/Projects/URMAN/game/scripts/Act1ConnectedWorld.cs:5985)
       [4] void Urman.Godot.Act1ConnectedWorld.AddAct1AuthoredExteriorParcel(Godot.Node3D, Urman.Godot.Act1ConnectedWorld+Act1ExteriorParcelComponentPlacement[]) (/Users/kadyrahunov/Projects/URMAN/game/scripts/Act1ConnectedWorld.cs:5293)
       [5] void Urman.Godot.Act1ConnectedWorld.BuildAct1AuthoredExteriorKit(Godot.Node3D) (/Users/kadyrahunov/Projects/URMAN/game/scripts/Act1ConnectedWorld.cs:3880)
       [6] void Urman.Godot.Act1ConnectedWorld.BuildAct1CoreWorldGreybox() (/Users/kadyrahunov/Projects/URMAN/game/scripts/Act1ConnectedWorld.cs:1163)
       [7] void Urman.Godot.Act1ConnectedWorld.Build() (/Users/kadyrahunov/Projects/URMAN/game/scripts/Act1ConnectedWorld.cs:401)
       [8] void Urman.Godot.Act1ConnectedWorld._Ready() (/Users/kadyrahunov/Projects/URMAN/game/scripts/Act1ConnectedWorld.cs:303)
       [9] bool Godot.Node.InvokeGodotClassMethod(Godot.NativeInterop.godot_string_name&, Godot.NativeInterop.NativeVariantPtrArgs, Godot.NativeInterop.godot_variant&) (/root/godot/modules/mono/glue/GodotSharp/GodotSharp/Generated/GodotObjects/Node.cs:2660)
       [10] bool Godot.Node3D.InvokeGodotClassMethod(Godot.NativeInterop.godot_string_name&, Godot.NativeInterop.NativeVariantPtrArgs, Godot.NativeInterop.godot_variant&) (/root/godot/modules/mono/glue/GodotSharp/GodotSharp/Generated/GodotObjects/Node3D.cs:1127)
       [11] bool Urman.Godot.Act1ConnectedWorld.InvokeGodotClassMethod(Godot.NativeInterop.godot_string_name&, Godot.NativeInterop.NativeVariantPtrArgs, Godot.NativeInterop.godot_variant&) (/Users/kadyrahunov/Projects/URMAN/game/.godot/mono/temp/obj/Debug/Godot.SourceGenerators/Godot.SourceGenerators.ScriptMethodsGenerator/Urman.Godot.Act1ConnectedWorld_ScriptMethods.generated.cs:5046)
       [12] Godot.NativeInterop.godot_bool Godot.Bridge.CSharpInstanceBridge.Call(nint, Godot.NativeInterop.godot_string_name*, Godot.NativeInterop.godot_variant**, int, Godot.NativeInterop.godot_variant_call_error*, Godot.NativeInterop.godot_variant*) (/root/godot/modules/mono/glue/GodotSharp/GodotSharp/Core/Bridge/CSharpInstanceBridge.cs:24)
       [13] void Godot.NativeInterop.NativeFuncs.godotsharp_method_bind_ptrcall(nint, nint, System.Void**, System.Void*) (/root/godot/modules/mono/glue/GodotSharp/GodotSharp/Godot.SourceGenerators.Internal/Godot.SourceGenerators.Internal.UnmanagedCallbacksGenerator/Godot.NativeInterop.NativeFuncs.generated.cs:380)
       [14] void Godot.NativeCalls.godot_icall_3_912(nint, nint, nint, Godot.NativeInterop.godot_bool, int) (/root/godot/modules/mono/glue/GodotSharp/GodotSharp/Generated/NativeCalls.cs:8061)
       [15] void Godot.Node.AddChild(Godot.Node, bool, Godot.Node+InternalMode) (/root/godot/modules/mono/glue/GodotSharp/GodotSharp/Generated/GodotObjects/Node.cs:848)
       [16] void Urman.Godot.Main._Ready() (/Users/kadyrahunov/Projects/URMAN/game/scripts/Main.cs:83)
       [17] bool Godot.Node.InvokeGodotClassMethod(Godot.NativeInterop.godot_string_name&, Godot.NativeInterop.NativeVariantPtrArgs, Godot.NativeInterop.godot_variant&) (/root/godot/modules/mono/glue/GodotSharp/GodotSharp/Generated/GodotObjects/Node.cs:2660)
       [18] bool Godot.Node3D.InvokeGodotClassMethod(Godot.NativeInterop.godot_string_name&, Godot.NativeInterop.NativeVariantPtrArgs, Godot.NativeInterop.godot_variant&) (/root/godot/modules/mono/glue/GodotSharp/GodotSharp/Generated/GodotObjects/Node3D.cs:1127)
       [19] bool Urman.Godot.Main.InvokeGodotClassMethod(Godot.NativeInterop.godot_string_name&, Godot.NativeInterop.NativeVariantPtrArgs, Godot.NativeInterop.godot_variant&) (/Users/kadyrahunov/Projects/URMAN/game/.godot/mono/temp/obj/Debug/Godot.SourceGenerators/Godot.SourceGenerators.ScriptMethodsGenerator/Urman.Godot.Main_ScriptMethods.generated.cs:70)
       [20] Godot.NativeInterop.godot_bool Godot.Bridge.CSharpInstanceBridge.Call(nint, Godot.NativeInterop.godot_string_name*, Godot.NativeInterop.godot_variant**, int, Godot.NativeInterop.godot_variant_call_error*, Godot.NativeInterop.godot_variant*) (/root/godot/modules/mono/glue/GodotSharp/GodotSharp/Core/Bridge/CSharpInstanceBridge.cs:24)
       [21] void Godot.NativeInterop.NativeFuncs.godotsharp_method_bind_ptrcall(nint, nint, System.Void**, System.Void*) (/root/godot/modules/mono/glue/GodotSharp/GodotSharp/Godot.SourceGenerators.Internal/Godot.SourceGenerators.Internal.UnmanagedCallbacksGenerator/Godot.NativeInterop.NativeFuncs.generated.cs:380)
       [22] void Godot.NativeCalls.godot_icall_3_912(nint, nint, nint, Godot.NativeInterop.godot_bool, int) (/root/godot/modules/mono/glue/GodotSharp/GodotSharp/Generated/NativeCalls.cs:8061)
       [23] void Godot.Node.AddChild(Godot.Node, bool, Godot.Node+InternalMode) (/root/godot/modules/mono/glue/GodotSharp/GodotSharp/Generated/GodotObjects/Node.cs:848)
       [24] void Urman.Godot.Act1DemoRoot.InitializeDemo() (/Users/kadyrahunov/Projects/URMAN/game/scripts/Act1DemoRoot.cs:245)
       [25] void Urman.Godot.Act1DemoRoot._Ready() (/Users/kadyrahunov/Projects/URMAN/game/scripts/Act1DemoRoot.cs:194)
       [26] bool Godot.Node.InvokeGodotClassMethod(Godot.NativeInterop.godot_string_name&, Godot.NativeInterop.NativeVariantPtrArgs, Godot.NativeInterop.godot_variant&) (/root/godot/modules/mono/glue/GodotSharp/GodotSharp/Generated/GodotObjects/Node.cs:2660)
       [27] bool Urman.Godot.Act1DemoRoot.InvokeGodotClassMethod(Godot.NativeInterop.godot_string_name&, Godot.NativeInterop.NativeVariantPtrArgs, Godot.NativeInterop.godot_variant&) (/Users/kadyrahunov/Projects/URMAN/game/.godot/mono/temp/obj/Debug/Godot.SourceGenerators/Godot.SourceGenerators.ScriptMethodsGenerator/Urman.Godot.Act1DemoRoot_ScriptMethods.generated.cs:1040)
       [28] Godot.NativeInterop.godot_bool Godot.Bridge.CSharpInstanceBridge.Call(nint, Godot.NativeInterop.godot_string_name*, Godot.NativeInterop.godot_variant**, int, Godot.NativeInterop.godot_variant_call_error*, Godot.NativeInterop.godot_variant*) (/root/godot/modules/mono/glue/GodotSharp/GodotSharp/Core/Bridge/CSharpInstanceBridge.cs:24)
       [29] void Godot.NativeInterop.NativeFuncs.godotsharp_method_bind_ptrcall(nint, nint, System.Void**, System.Void*) (/root/godot/modules/mono/glue/GodotSharp/GodotSharp/Godot.SourceGenerators.Internal/Godot.SourceGenerators.Internal.UnmanagedCallbacksGenerator/Godot.NativeInterop.NativeFuncs.generated.cs:380)
       [30] void Godot.NativeCalls.godot_icall_3_912(nint, nint, nint, Godot.NativeInterop.godot_bool, int) (/root/godot/modules/mono/glue/GodotSharp/GodotSharp/Generated/NativeCalls.cs:8061)
       [31] void Godot.Node.AddChild(Godot.Node, bool, Godot.Node+InternalMode) (/root/godot/modules/mono/glue/GodotSharp/GodotSharp/Generated/GodotObjects/Node.cs:848)
       [32] void Urman.Godot.Tests.Act1MosqueLayoutSmokeTest+<_Ready>d__2.MoveNext() (/Users/kadyrahunov/Projects/URMAN/game/tests/Act1MosqueLayoutSmokeTest.cs:18)
       [33] void System.Runtime.CompilerServices.AsyncMethodBuilderCore.Start<TStateMachine>(TStateMachine&)
       [34] void Urman.Godot.Tests.Act1MosqueLayoutSmokeTest._Ready()
       [35] bool Godot.Node.InvokeGodotClassMethod(Godot.NativeInterop.godot_string_name&, Godot.NativeInterop.NativeVariantPtrArgs, Godot.NativeInterop.godot_variant&) (/root/godot/modules/mono/glue/GodotSharp/GodotSharp/Generated/GodotObjects/Node.cs:2660)
       [36] bool Urman.Godot.Tests.Act1MosqueLayoutSmokeTest.InvokeGodotClassMethod(Godot.NativeInterop.godot_string_name&, Godot.NativeInterop.NativeVariantPtrArgs, Godot.NativeInterop.godot_variant&) (/Users/kadyrahunov/Projects/URMAN/game/.godot/mono/temp/obj/Debug/Godot.SourceGenerators/Godot.SourceGenerators.ScriptMethodsGenerator/Urman.Godot.Tests.Act1MosqueLayoutSmokeTest_ScriptMethods.generated.cs:50)
       [37] Godot.NativeInterop.godot_bool Godot.Bridge.CSharpInstanceBridge.Call(nint, Godot.NativeInterop.godot_string_name*, Godot.NativeInterop.godot_variant**, int, Godot.NativeInterop.godot_variant_call_error*, Godot.NativeInterop.godot_variant*) (/root/godot/modules/mono/glue/GodotSharp/GodotSharp/Core/Bridge/CSharpInstanceBridge.cs:24)
ERROR: Error loading resource: 'res://assets/textures/painterly/frost_window_v1_albedo.png'.
   at: load (core/core_bind.cpp:82)
   C# backtrace (most recent call first):
       [0] Godot.GodotObject Godot.NativeCalls.godot_icall_3_1268(nint, nint, string, string, int) (/root/godot/modules/mono/glue/GodotSharp/GodotSharp/Generated/NativeCalls.cs:11611)
       [1] Godot.Resource Godot.ResourceLoader.Load(string, string, Godot.ResourceLoader+CacheMode) (/root/godot/modules/mono/glue/GodotSharp/GodotSharp/Generated/GodotObjects/ResourceLoader.cs:120)
       [2] T Godot.ResourceLoader.Load<T>(string, string, Godot.ResourceLoader+CacheMode) (/root/godot/modules/mono/glue/GodotSharp/GodotSharp/Core/Extensions/ResourceLoaderExtensions.cs:27)
       [3] void Urman.Godot.Act1ConnectedWorld.ApplyHeroWarmWindow(Godot.Node3D) (/Users/kadyrahunov/Projects/URMAN/game/scripts/Act1ConnectedWorld.cs:5985)
       [4] void Urman.Godot.Act1ConnectedWorld.AddAct1AuthoredExteriorParcel(Godot.Node3D, Urman.Godot.Act1ConnectedWorld+Act1ExteriorParcelComponentPlacement[]) (/Users/kadyrahunov/Projects/URMAN/game/scripts/Act1ConnectedWorld.cs:5293)
       [5] void Urman.Godot.Act1ConnectedWorld.BuildAct1AuthoredExteriorKit(Godot.Node3D) (/Users/kadyrahunov/Projects/URMAN/game/scripts/Act1ConnectedWorld.cs:3880)
       [6] void Urman.Godot.Act1ConnectedWorld.BuildAct1CoreWorldGreybox() (/Users/kadyrahunov/Projects/URMAN/game/scripts/Act1ConnectedWorld.cs:1163)
       [7] void Urman.Godot.Act1ConnectedWorld.Build() (/Users/kadyrahunov/Projects/URMAN/game/scripts/Act1ConnectedWorld.cs:401)
       [8] void Urman.Godot.Act1ConnectedWorld._Ready() (/Users/kadyrahunov/Projects/URMAN/game/scripts/Act1ConnectedWorld.cs:303)
       [9] bool Godot.Node.InvokeGodotClassMethod(Godot.NativeInterop.godot_string_name&, Godot.NativeInterop.NativeVariantPtrArgs, Godot.NativeInterop.godot_variant&) (/root/godot/modules/mono/glue/GodotSharp/GodotSharp/Generated/GodotObjects/Node.cs:2660)
       [10] bool Godot.Node3D.InvokeGodotClassMethod(Godot.NativeInterop.godot_string_name&, Godot.NativeInterop.NativeVariantPtrArgs, Godot.NativeInterop.godot_variant&) (/root/godot/modules/mono/glue/GodotSharp/GodotSharp/Generated/GodotObjects/Node3D.cs:1127)
       [11] bool Urman.Godot.Act1ConnectedWorld.InvokeGodotClassMethod(Godot.NativeInterop.godot_string_name&, Godot.NativeInterop.NativeVariantPtrArgs, Godot.NativeInterop.godot_variant&) (/Users/kadyrahunov/Projects/URMAN/game/.godot/mono/temp/obj/Debug/Godot.SourceGenerators/Godot.SourceGenerators.ScriptMethodsGenerator/Urman.Godot.Act1ConnectedWorld_ScriptMethods.generated.cs:5046)
       [12] Godot.NativeInterop.godot_bool Godot.Bridge.CSharpInstanceBridge.Call(nint, Godot.NativeInterop.godot_string_name*, Godot.NativeInterop.godot_variant**, int, Godot.NativeInterop.godot_variant_call_error*, Godot.NativeInterop.godot_variant*) (/root/godot/modules/mono/glue/GodotSharp/GodotSharp/Core/Bridge/CSharpInstanceBridge.cs:24)
       [13] void Godot.NativeInterop.NativeFuncs.godotsharp_method_bind_ptrcall(nint, nint, System.Void**, System.Void*) (/root/godot/modules/mono/glue/GodotSharp/GodotSharp/Godot.SourceGenerators.Internal/Godot.SourceGenerators.Internal.UnmanagedCallbacksGenerator/Godot.NativeInterop.NativeFuncs.generated.cs:380)
       [14] void Godot.NativeCalls.godot_icall_3_912(nint, nint, nint, Godot.NativeInterop.godot_bool, int) (/root/godot/modules/mono/glue/GodotSharp/GodotSharp/Generated/NativeCalls.cs:8061)
       [15] void Godot.Node.AddChild(Godot.Node, bool, Godot.Node+InternalMode) (/root/godot/modules/mono/glue/GodotSharp/GodotSharp/Generated/GodotObjects/Node.cs:848)
       [16] void Urman.Godot.Main._Ready() (/Users/kadyrahunov/Projects/URMAN/game/scripts/Main.cs:83)
       [17] bool Godot.Node.InvokeGodotClassMethod(Godot.NativeInterop.godot_string_name&, Godot.NativeInterop.NativeVariantPtrArgs, Godot.NativeInterop.godot_variant&) (/root/godot/modules/mono/glue/GodotSharp/GodotSharp/Generated/GodotObjects/Node.cs:2660)
       [18] bool Godot.Node3D.InvokeGodotClassMethod(Godot.NativeInterop.godot_string_name&, Godot.NativeInterop.NativeVariantPtrArgs, Godot.NativeInterop.godot_variant&) (/root/godot/modules/mono/glue/GodotSharp/GodotSharp/Generated/GodotObjects/Node3D.cs:1127)
       [19] bool Urman.Godot.Main.InvokeGodotClassMethod(Godot.NativeInterop.godot_string_name&, Godot.NativeInterop.NativeVariantPtrArgs, Godot.NativeInterop.godot_variant&) (/Users/kadyrahunov/Projects/URMAN/game/.godot/mono/temp/obj/Debug/Godot.SourceGenerators/Godot.SourceGenerators.ScriptMethodsGenerator/Urman.Godot.Main_ScriptMethods.generated.cs:70)
       [20] Godot.NativeInterop.godot_bool Godot.Bridge.CSharpInstanceBridge.Call(nint, Godot.NativeInterop.godot_string_name*, Godot.NativeInterop.godot_variant**, int, Godot.NativeInterop.godot_variant_call_error*, Godot.NativeInterop.godot_variant*) (/root/godot/modules/mono/glue/GodotSharp/GodotSharp/Core/Bridge/CSharpInstanceBridge.cs:24)
       [21] void Godot.NativeInterop.NativeFuncs.godotsharp_method_bind_ptrcall(nint, nint, System.Void**, System.Void*) (/root/godot/modules/mono/glue/GodotSharp/GodotSharp/Godot.SourceGenerators.Internal/Godot.SourceGenerators.Internal.UnmanagedCallbacksGenerator/Godot.NativeInterop.NativeFuncs.generated.cs:380)
       [22] void Godot.NativeCalls.godot_icall_3_912(nint, nint, nint, Godot.NativeInterop.godot_bool, int) (/root/godot/modules/mono/glue/GodotSharp/GodotSharp/Generated/NativeCalls.cs:8061)
       [23] void Godot.Node.AddChild(Godot.Node, bool, Godot.Node+InternalMode) (/root/godot/modules/mono/glue/GodotSharp/GodotSharp/Generated/GodotObjects/Node.cs:848)
       [24] void Urman.Godot.Act1DemoRoot.InitializeDemo() (/Users/kadyrahunov/Projects/URMAN/game/scripts/Act1DemoRoot.cs:245)
       [25] void Urman.Godot.Act1DemoRoot._Ready() (/Users/kadyrahunov/Projects/URMAN/game/scripts/Act1DemoRoot.cs:194)
       [26] bool Godot.Node.InvokeGodotClassMethod(Godot.NativeInterop.godot_string_name&, Godot.NativeInterop.NativeVariantPtrArgs, Godot.NativeInterop.godot_variant&) (/root/godot/modules/mono/glue/GodotSharp/GodotSharp/Generated/GodotObjects/Node.cs:2660)
       [27] bool Urman.Godot.Act1DemoRoot.InvokeGodotClassMethod(Godot.NativeInterop.godot_string_name&, Godot.NativeInterop.NativeVariantPtrArgs, Godot.NativeInterop.godot_variant&) (/Users/kadyrahunov/Projects/URMAN/game/.godot/mono/temp/obj/Debug/Godot.SourceGenerators/Godot.SourceGenerators.ScriptMethodsGenerator/Urman.Godot.Act1DemoRoot_ScriptMethods.generated.cs:1040)
       [28] Godot.NativeInterop.godot_bool Godot.Bridge.CSharpInstanceBridge.Call(nint, Godot.NativeInterop.godot_string_name*, Godot.NativeInterop.godot_variant**, int, Godot.NativeInterop.godot_variant_call_error*, Godot.NativeInterop.godot_variant*) (/root/godot/modules/mono/glue/GodotSharp/GodotSharp/Core/Bridge/CSharpInstanceBridge.cs:24)
       [29] void Godot.NativeInterop.NativeFuncs.godotsharp_method_bind_ptrcall(nint, nint, System.Void**, System.Void*) (/root/godot/modules/mono/glue/GodotSharp/GodotSharp/Godot.SourceGenerators.Internal/Godot.SourceGenerators.Internal.UnmanagedCallbacksGenerator/Godot.NativeInterop.NativeFuncs.generated.cs:380)
       [30] void Godot.NativeCalls.godot_icall_3_912(nint, nint, nint, Godot.NativeInterop.godot_bool, int) (/root/godot/modules/mono/glue/GodotSharp/GodotSharp/Generated/NativeCalls.cs:8061)
       [31] void Godot.Node.AddChild(Godot.Node, bool, Godot.Node+InternalMode) (/root/godot/modules/mono/glue/GodotSharp/GodotSharp/Generated/GodotObjects/Node.cs:848)
       [32] void Urman.Godot.Tests.Act1MosqueLayoutSmokeTest+<_Ready>d__2.MoveNext() (/Users/kadyrahunov/Projects/URMAN/game/tests/Act1MosqueLayoutSmokeTest.cs:18)
       [33] void System.Runtime.CompilerServices.AsyncMethodBuilderCore.Start<TStateMachine>(TStateMachine&)
       [34] void Urman.Godot.Tests.Act1MosqueLayoutSmokeTest._Ready()
       [35] bool Godot.Node.InvokeGodotClassMethod(Godot.NativeInterop.godot_string_name&, Godot.NativeInterop.NativeVariantPtrArgs, Godot.NativeInterop.godot_variant&) (/root/godot/modules/mono/glue/GodotSharp/GodotSharp/Generated/GodotObjects/Node.cs:2660)
       [36] bool Urman.Godot.Tests.Act1MosqueLayoutSmokeTest.InvokeGodotClassMethod(Godot.NativeInterop.godot_string_name&, Godot.NativeInterop.NativeVariantPtrArgs, Godot.NativeInterop.godot_variant&) (/Users/kadyrahunov/Projects/URMAN/game/.godot/mono/temp/obj/Debug/Godot.SourceGenerators/Godot.SourceGenerators.ScriptMethodsGenerator/Urman.Godot.Tests.Act1MosqueLayoutSmokeTest_ScriptMethods.generated.cs:50)
       [37] Godot.NativeInterop.godot_bool Godot.Bridge.CSharpInstanceBridge.Call(nint, Godot.NativeInterop.godot_string_name*, Godot.NativeInterop.godot_variant**, int, Godot.NativeInterop.godot_variant_call_error*, Godot.NativeInterop.godot_variant*) (/root/godot/modules/mono/glue/GodotSharp/GodotSharp/Core/Bridge/CSharpInstanceBridge.cs:24)
village-chimney: /root/Act1MosqueLayoutSmokeTest/Act1Demo/Main/ZoneHost/Act1ConnectedWorld/Act1CoreWorldGreybox/Act1AuthoredExteriorKitPresentation/BabaiApproachDwellingFacade/HeroHouse_TimberPlaster/HeroHouse_ChimneyCap_LOD0 top=(-31.425797, 5.598152, -3.367765)
village-chimney: /root/Act1MosqueLayoutSmokeTest/Act1Demo/Main/ZoneHost/Act1ConnectedWorld/Act1CoreWorldGreybox/Act1AuthoredExteriorKitPresentation/DistantPerimeterParcels/WestReturnMidParcel/WestReturnMidFacade/VillageParcel_VariantB_PlasterAnnex_Dwelling/VariantB_PlasterAnnex_Dwelling_ChimneyCap_LOD0 top=(13.285, 4.224752, 39.610004)
act1-terrain-room-cut: room=/root/Act1MosqueLayoutSmokeTest/Act1Demo/Main/ZoneHost/Act1ConnectedWorld/babay-abi-house half=(4, 3.5) affectedTriangles=48 clippedVertices=123318 publishedVertices=123318 physicsVertices=123318 visualAndPhysics=shared-published-faces
act1-apron-room-cut: mesh=/root/Act1MosqueLayoutSmokeTest/Act1Demo/Main/ZoneHost/Act1ConnectedWorld/Act1CoreWorldGreybox/AgentBExteriorWorld/AgentB_TerrainRoadKit/URMAN_AgentB_TerrainRoadKit/Apron_BabaiYard affectedTriangles=11 clippedVertices=123 surfaces=1 collision=existing-terrain-owner
act1-south-fence-house-junction: wallX=-33.5880 retainedMembers=13 retiredPostsAndCaps=10 supportedWestWing=2.4920m
act1-drain-bank-conform: mesh=/root/Act1MosqueLayoutSmokeTest/Act1Demo/Main/ZoneHost/Act1ConnectedWorld/Act1CoreWorldGreybox/AgentBExteriorWorld/AgentB_TerrainRoadKit/URMAN_AgentB_TerrainRoadKit/BabaiYard_EastFenceSwale originalTriangles=78 affectedTriangles=35 outputTriangles=3543 groundOwner=unchanged
act1-rear-gate: retired_meshes=15 disabled_shapes=15 bypass=/root/Act1MosqueLayoutSmokeTest/Act1Demo/Main/ZoneHost/Act1ConnectedWorld/village-main-road/Act1BypassCollision
act1-mosque-terrain-cut: affectedTriangles=79 publishedVertices=123330 physicsVertices=123330 sameOwner=true
act1-shop-storefront: reskinned=75 gableSign=(8.815001, 2.7757518, 38.800003) entry=(12.295, 0.06675188, 41.950005)
act1-school-bank-cut: the field bank does not meet the school footprint (relayout v3); no cut
act1-council-fence-format: source=urman_village_exterior_kit_Cube_040 vertices=96 normals=96 uv=96 tangents=384 colors=0 uv2=0 lods=0 sourceFormat=536875031 publishedFormat=4119
act1-council-fence-format: source=urman_village_exterior_kit_FenceSegment_RailMiddle_Crooked_LOD0Mesh vertices=48 normals=48 uv=0 tangents=192 colors=0 uv2=0 lods=0 sourceFormat=536875015 publishedFormat=4103
act1-council-fence-format: source=urman_village_exterior_kit_Cube_039 vertices=96 normals=96 uv=96 tangents=384 colors=0 uv2=0 lods=0 sourceFormat=536875031 publishedFormat=4119
act1-council-fence-junction: fence=/root/Act1MosqueLayoutSmokeTest/Act1Demo/Main/ZoneHost/Act1ConnectedWorld/Act1CoreWorldGreybox/Act1AuthoredExteriorKitPresentation/DistantPerimeterParcels/EastStreetHorizonParcel/EastStreetHorizonFence wall=/root/Act1MosqueLayoutSmokeTest/Act1Demo/Main/ZoneHost/Act1ConnectedWorld/Act1CoreWorldGreybox/Act1AuthoredExteriorKitPresentation/DistantPerimeterParcels/EastStreetHorizonParcel/EastStreetHorizonFacade/VillageParcel_VariantA_TimberGable_Dwelling/VariantA_TimberGable_Dwelling_SeniRear_Wall_LOD0 localCutZ=-4.4 hiddenMembers=4 trimmedRails=3 retainedMembers=8 sourceAsset=unchanged
act1-fap-plate: at=(25.390001, 1.8616334, -28.118002) outward=(0, 0, 1)
userdata guard: original files and permissions restored and verified
