
Сборка успешно завершена.
    Предупреждений: 0
    Ошибок: 0

Прошло времени 00:00:07.88
document-image: game\assets\images\arrival_marat_childhood_existing_v1.png sha256=c4647904f1aad0ea492858547e3f3493c9356c6ef87270d34d244f4fb882ac20
document-image: game\assets\images\council-sabantuy-2005.png sha256=5847783c6f7e9127bac529c803fc606b4ab53ed29fad64fa83ecd97db2390617
document-image: game\assets\images\first_snow_existing_v1.png sha256=8c31f2105170e876e36c02a790c2476cf3aa7d1769c20c98c5ab2ce5c72a0d7b
document-image: game\assets\images\kara_urman_edge_sketch_candidate_v1.png sha256=04b129ef18b34cc6ef49ee839bdc82e2a4c61f5e9567c1b742d69557079ee92a
document-image: game\assets\images\school-class-2005.png sha256=e1bb3bc6b854c5fdeddabdf7fa6777d7b5b6255221aa677eda24a2628bcfef3c
document-images: 5 declared raster files packaged

Сборка успешно завершена.
    Предупреждений: 0
    Ошибок: 0

Прошло времени 00:00:30.47
Godot Engine v4.7.1.stable.mono.official.a13da4feb - https://godotengine.org

[   0% ] [90m[1mfirst_scan_filesystem[22m | Started Инициализация проекта (5 steps)[39m[0m
[   0% ] [90m[1mfirst_scan_filesystem[22m | Сканирование структуры файлов…[39m[0m
[  16% ] [90m[1mfirst_scan_filesystem[22m | Загрузка глобальных имен классов…[39m[0m
[  33% ] [90m[1mfirst_scan_filesystem[22m | Проверка GDExtensions…[39m[0m
[  50% ] [90m[1mfirst_scan_filesystem[22m | Создание скриптов автозагрузки…[39m[0m
[  66% ] [90m[1mfirst_scan_filesystem[22m | Инициализация плагинов…[39m[0m
[  83% ] [90m[1mfirst_scan_filesystem[22m | Начало сканирование файлов…[39m[0m
[92m[ DONE ][39m [1mfirst_scan_filesystem[22m
[0m
[   0% ] [90m[1mupdate_scripts_classes[22m | Started Регистрация глобальных классов… (449 steps)[39m[0m
[   0% ] [90m[1mupdate_scripts_classes[22m | [39m[0m
[   0% ] [90m[1mupdate_scripts_classes[22m | [39m[0m
[   0% ] [90m[1mupdate_scripts_classes[22m | DebugUI[39m[0m
[   0% ] [90m[1mupdate_scripts_classes[22m | [39m[0m
[   0% ] [90m[1mupdate_scripts_classes[22m | [39m[0m
[   1% ] [90m[1mupdate_scripts_classes[22m | Vehicle[39m[0m
[   1% ] [90m[1mupdate_scripts_classes[22m | VehicleController[39m[0m
[   1% ] [90m[1mupdate_scripts_classes[22m | Wheel[39m[0m
[   1% ] [90m[1mupdate_scripts_classes[22m | [39m[0m
[   2% ] [90m[1mupdate_scripts_classes[22m | [39m[0m
[   2% ] [90m[1mupdate_scripts_classes[22m | [39m[0m
[   2% ] [90m[1mupdate_scripts_classes[22m | [39m[0m
[   2% ] [90m[1mupdate_scripts_classes[22m | [39m[0m
[   2% ] [90m[1mupdate_scripts_classes[22m | [39m[0m
[   3% ] [90m[1mupdate_scripts_classes[22m | [39m[0m
[   3% ] [90m[1mupdate_scripts_classes[22m | [39m[0m
[   3% ] [90m[1mupdate_scripts_classes[22m | [39m[0m
[   3% ] [90m[1mupdate_scripts_classes[22m | [39m[0m
[   4% ] [90m[1mupdate_scripts_classes[22m | [39m[0m
[   4% ] [90m[1mupdate_scripts_classes[22m | [39m[0m
[   4% ] [90m[1mupdate_scripts_classes[22m | [39m[0m
[   4% ] [90m[1mupdate_scripts_classes[22m | [39m[0m
[   4% ] [90m[1mupdate_scripts_classes[22m | [39m[0m
[   5% ] [90m[1mupdate_scripts_classes[22m | [39m[0m
[   5% ] [90m[1mupdate_scripts_classes[22m | [39m[0m
[   5% ] [90m[1mupdate_scripts_classes[22m | [39m[0m
[   5% ] [90m[1mupdate_scripts_classes[22m | [39m[0m
[   6% ] [90m[1mupdate_scripts_classes[22m | [39m[0m
[   6% ] [90m[1mupdate_scripts_classes[22m | [39m[0m
[   6% ] [90m[1mupdate_scripts_classes[22m | [39m[0m
[   6% ] [90m[1mupdate_scripts_classes[22m | [39m[0m
[   6% ] [90m[1mupdate_scripts_classes[22m | [39m[0m
[   7% ] [90m[1mupdate_scripts_classes[22m | [39m[0m
[   7% ] [90m[1mupdate_scripts_classes[22m | [39m[0m
[   7% ] [90m[1mupdate_scripts_classes[22m | [39m[0m
[   7% ] [90m[1mupdate_scripts_classes[22m | [39m[0m
[   8% ] [90m[1mupdate_scripts_classes[22m | [39m[0m
[   8% ] [90m[1mupdate_scripts_classes[22m | [39m[0m
[   8% ] [90m[1mupdate_scripts_classes[22m | [39m[0m
[   8% ] [90m[1mupdate_scripts_classes[22m | [39m[0m
[   8% ] [90m[1mupdate_scripts_classes[22m | [39m[0m
[   9% ] [90m[1mupdate_scripts_classes[22m | [39m[0m
[   9% ] [90m[1mupdate_scripts_classes[22m | [39m[0m
[   9% ] [90m[1mupdate_scripts_classes[22m | [39m[0m
[   9% ] [90m[1mupdate_scripts_classes[22m | [39m[0m
[  10% ] [90m[1mupdate_scripts_classes[22m | [39m[0m
[  10% ] [90m[1mupdate_scripts_classes[22m | [39m[0m
[  10% ] [90m[1mupdate_scripts_classes[22m | [39m[0m
[  10% ] [90m[1mupdate_scripts_classes[22m | [39m[0m
[  10% ] [90m[1mupdate_scripts_classes[22m | [39m[0m
[  11% ] [90m[1mupdate_scripts_classes[22m | [39m[0m
[  11% ] [90m[1mupdate_scripts_classes[22m | [39m[0m
[  11% ] [90m[1mupdate_scripts_classes[22m | [39m[0m
[  11% ] [90m[1mupdate_scripts_classes[22m | [39m[0m
[  12% ] [90m[1mupdate_scripts_classes[22m | [39m[0m
[  12% ] [90m[1mupdate_scripts_classes[22m | [39m[0m
[  12% ] [90m[1mupdate_scripts_classes[22m | [39m[0m
[  12% ] [90m[1mupdate_scripts_classes[22m | [39m[0m
[  12% ] [90m[1mupdate_scripts_classes[22m | [39m[0m
[  13% ] [90m[1mupdate_scripts_classes[22m | [39m[0m
[  13% ] [90m[1mupdate_scripts_classes[22m | [39m[0m
[  13% ] [90m[1mupdate_scripts_classes[22m | [39m[0m
[  13% ] [90m[1mupdate_scripts_classes[22m | [39m[0m
[  14% ] [90m[1mupdate_scripts_classes[22m | [39m[0m
[  14% ] [90m[1mupdate_scripts_classes[22m | [39m[0m
[  14% ] [90m[1mupdate_scripts_classes[22m | [39m[0m
[  14% ] [90m[1mupdate_scripts_classes[22m | [39m[0m
[  14% ] [90m[1mupdate_scripts_classes[22m | [39m[0m
[  15% ] [90m[1mupdate_scripts_classes[22m | [39m[0m
[  15% ] [90m[1mupdate_scripts_classes[22m | [39m[0m
[  15% ] [90m[1mupdate_scripts_classes[22m | [39m[0m
[  15% ] [90m[1mupdate_scripts_classes[22m | [39m[0m
[  16% ] [90m[1mupdate_scripts_classes[22m | [39m[0m
[  16% ] [90m[1mupdate_scripts_classes[22m | [39m[0m
[  16% ] [90m[1mupdate_scripts_classes[22m | [39m[0m
[  16% ] [90m[1mupdate_scripts_classes[22m | [39m[0m
[  16% ] [90m[1mupdate_scripts_classes[22m | [39m[0m
[  17% ] [90m[1mupdate_scripts_classes[22m | [39m[0m
[  17% ] [90m[1mupdate_scripts_classes[22m | [39m[0m
[  17% ] [90m[1mupdate_scripts_classes[22m | [39m[0m
[  17% ] [90m[1mupdate_scripts_classes[22m | [39m[0m
[  18% ] [90m[1mupdate_scripts_classes[22m | [39m[0m
[  18% ] [90m[1mupdate_scripts_classes[22m | [39m[0m
[  18% ] [90m[1mupdate_scripts_classes[22m | [39m[0m
[  18% ] [90m[1mupdate_scripts_classes[22m | [39m[0m
[  18% ] [90m[1mupdate_scripts_classes[22m | [39m[0m
[  19% ] [90m[1mupdate_scripts_classes[22m | [39m[0m
[  19% ] [90m[1mupdate_scripts_classes[22m | [39m[0m
[  19% ] [90m[1mupdate_scripts_classes[22m | [39m[0m
[  19% ] [90m[1mupdate_scripts_classes[22m | [39m[0m
[  20% ] [90m[1mupdate_scripts_classes[22m | [39m[0m
[  20% ] [90m[1mupdate_scripts_classes[22m | [39m[0m
[  20% ] [90m[1mupdate_scripts_classes[22m | [39m[0m
[  20% ] [90m[1mupdate_scripts_classes[22m | [39m[0m
[  20% ] [90m[1mupdate_scripts_classes[22m | [39m[0m
[  21% ] [90m[1mupdate_scripts_classes[22m | [39m[0m
[  21% ] [90m[1mupdate_scripts_classes[22m | [39m[0m
[  21% ] [90m[1mupdate_scripts_classes[22m | [39m[0m
[  21% ] [90m[1mupdate_scripts_classes[22m | [39m[0m
[  22% ] [90m[1mupdate_scripts_classes[22m | [39m[0m
[  22% ] [90m[1mupdate_scripts_classes[22m | [39m[0m
[  22% ] [90m[1mupdate_scripts_classes[22m | [39m[0m
[  22% ] [90m[1mupdate_scripts_classes[22m | [39m[0m
[  22% ] [90m[1mupdate_scripts_classes[22m | [39m[0m
[  23% ] [90m[1mupdate_scripts_classes[22m | [39m[0m
[  23% ] [90m[1mupdate_scripts_classes[22m | [39m[0m
[  23% ] [90m[1mupdate_scripts_classes[22m | [39m[0m
[  23% ] [90m[1mupdate_scripts_classes[22m | [39m[0m
[  24% ] [90m[1mupdate_scripts_classes[22m | [39m[0m
[  24% ] [90m[1mupdate_scripts_classes[22m | [39m[0m
[  24% ] [90m[1mupdate_scripts_classes[22m | [39m[0m
[  24% ] [90m[1mupdate_scripts_classes[22m | [39m[0m
[  24% ] [90m[1mupdate_scripts_classes[22m | [39m[0m
[  25% ] [90m[1mupdate_scripts_classes[22m | [39m[0m
[  25% ] [90m[1mupdate_scripts_classes[22m | [39m[0m
[  25% ] [90m[1mupdate_scripts_classes[22m | [39m[0m
[  25% ] [90m[1mupdate_scripts_classes[22m | [39m[0m
[  26% ] [90m[1mupdate_scripts_classes[22m | [39m[0m
[  26% ] [90m[1mupdate_scripts_classes[22m | [39m[0m
[  26% ] [90m[1mupdate_scripts_classes[22m | [39m[0m
[  26% ] [90m[1mupdate_scripts_classes[22m | [39m[0m
[  26% ] [90m[1mupdate_scripts_classes[22m | [39m[0m
[  27% ] [90m[1mupdate_scripts_classes[22m | [39m[0m
[  27% ] [90m[1mupdate_scripts_classes[22m | [39m[0m
[  27% ] [90m[1mupdate_scripts_classes[22m | [39m[0m
[  27% ] [90m[1mupdate_scripts_classes[22m | [39m[0m
[  28% ] [90m[1mupdate_scripts_classes[22m | [39m[0m
[  28% ] [90m[1mupdate_scripts_classes[22m | [39m[0m
[  28% ] [90m[1mupdate_scripts_classes[22m | [39m[0m
[  28% ] [90m[1mupdate_scripts_classes[22m | [39m[0m
[  28% ] [90m[1mupdate_scripts_classes[22m | [39m[0m
[  29% ] [90m[1mupdate_scripts_classes[22m | [39m[0m
[  29% ] [90m[1mupdate_scripts_classes[22m | [39m[0m
[  29% ] [90m[1mupdate_scripts_classes[22m | [39m[0m
[  29% ] [90m[1mupdate_scripts_classes[22m | [39m[0m
[  30% ] [90m[1mupdate_scripts_classes[22m | [39m[0m
[  30% ] [90m[1mupdate_scripts_classes[22m | [39m[0m
[  30% ] [90m[1mupdate_scripts_classes[22m | [39m[0m
[  30% ] [90m[1mupdate_scripts_classes[22m | [39m[0m
[  30% ] [90m[1mupdate_scripts_classes[22m | [39m[0m
[  31% ] [90m[1mupdate_scripts_classes[22m | [39m[0m
[  31% ] [90m[1mupdate_scripts_classes[22m | [39m[0m
[  31% ] [90m[1mupdate_scripts_classes[22m | [39m[0m
[  31% ] [90m[1mupdate_scripts_classes[22m | [39m[0m
[  32% ] [90m[1mupdate_scripts_classes[22m | [39m[0m
[  32% ] [90m[1mupdate_scripts_classes[22m | [39m[0m
[  32% ] [90m[1mupdate_scripts_classes[22m | [39m[0m
[  32% ] [90m[1mupdate_scripts_classes[22m | [39m[0m
[  32% ] [90m[1mupdate_scripts_classes[22m | [39m[0m
[  33% ] [90m[1mupdate_scripts_classes[22m | [39m[0m
[  33% ] [90m[1mupdate_scripts_classes[22m | [39m[0m
[  33% ] [90m[1mupdate_scripts_classes[22m | [39m[0m
[  33% ] [90m[1mupdate_scripts_classes[22m | [39m[0m
[  34% ] [90m[1mupdate_scripts_classes[22m | [39m[0m
[  34% ] [90m[1mupdate_scripts_classes[22m | [39m[0m
[  34% ] [90m[1mupdate_scripts_classes[22m | [39m[0m
[  34% ] [90m[1mupdate_scripts_classes[22m | [39m[0m
[  34% ] [90m[1mupdate_scripts_classes[22m | [39m[0m
[  35% ] [90m[1mupdate_scripts_classes[22m | [39m[0m
[  35% ] [90m[1mupdate_scripts_classes[22m | [39m[0m
[  35% ] [90m[1mupdate_scripts_classes[22m | [39m[0m
[  35% ] [90m[1mupdate_scripts_classes[22m | [39m[0m
[  36% ] [90m[1mupdate_scripts_classes[22m | [39m[0m
[  36% ] [90m[1mupdate_scripts_classes[22m | [39m[0m
[  36% ] [90m[1mupdate_scripts_classes[22m | [39m[0m
[  36% ] [90m[1mupdate_scripts_classes[22m | [39m[0m
[  36% ] [90m[1mupdate_scripts_classes[22m | [39m[0m
[  37% ] [90m[1mupdate_scripts_classes[22m | [39m[0m
[  37% ] [90m[1mupdate_scripts_classes[22m | [39m[0m
[  37% ] [90m[1mupdate_scripts_classes[22m | [39m[0m
[  37% ] [90m[1mupdate_scripts_classes[22m | [39m[0m
[  38% ] [90m[1mupdate_scripts_classes[22m | [39m[0m
[  38% ] [90m[1mupdate_scripts_classes[22m | [39m[0m
[  38% ] [90m[1mupdate_scripts_classes[22m | [39m[0m
[  38% ] [90m[1mupdate_scripts_classes[22m | [39m[0m
[  38% ] [90m[1mupdate_scripts_classes[22m | [39m[0m
[  39% ] [90m[1mupdate_scripts_classes[22m | [39m[0m
[  39% ] [90m[1mupdate_scripts_classes[22m | [39m[0m
[  39% ] [90m[1mupdate_scripts_classes[22m | [39m[0m
[  39% ] [90m[1mupdate_scripts_classes[22m | [39m[0m
[  40% ] [90m[1mupdate_scripts_classes[22m | [39m[0m
[  40% ] [90m[1mupdate_scripts_classes[22m | [39m[0m
[  40% ] [90m[1mupdate_scripts_classes[22m | [39m[0m
[  40% ] [90m[1mupdate_scripts_classes[22m | [39m[0m
[  40% ] [90m[1mupdate_scripts_classes[22m | [39m[0m
[  41% ] [90m[1mupdate_scripts_classes[22m | [39m[0m
[  41% ] [90m[1mupdate_scripts_classes[22m | [39m[0m
[  41% ] [90m[1mupdate_scripts_classes[22m | [39m[0m
[  41% ] [90m[1mupdate_scripts_classes[22m | [39m[0m
[  42% ] [90m[1mupdate_scripts_classes[22m | [39m[0m
[  42% ] [90m[1mupdate_scripts_classes[22m | [39m[0m
[  42% ] [90m[1mupdate_scripts_classes[22m | [39m[0m
[  42% ] [90m[1mupdate_scripts_classes[22m | [39m[0m
[  42% ] [90m[1mupdate_scripts_classes[22m | [39m[0m
[  43% ] [90m[1mupdate_scripts_classes[22m | [39m[0m
[  43% ] [90m[1mupdate_scripts_classes[22m | [39m[0m
[  43% ] [90m[1mupdate_scripts_classes[22m | [39m[0m
[  43% ] [90m[1mupdate_scripts_classes[22m | [39m[0m
[  44% ] [90m[1mupdate_scripts_classes[22m | [39m[0m
[  44% ] [90m[1mupdate_scripts_classes[22m | [39m[0m
[  44% ] [90m[1mupdate_scripts_classes[22m | [39m[0m
[  44% ] [90m[1mupdate_scripts_classes[22m | [39m[0m
[  44% ] [90m[1mupdate_scripts_classes[22m | [39m[0m
[  45% ] [90m[1mupdate_scripts_classes[22m | [39m[0m
[  45% ] [90m[1mupdate_scripts_classes[22m | [39m[0m
[  45% ] [90m[1mupdate_scripts_classes[22m | [39m[0m
[  45% ] [90m[1mupdate_scripts_classes[22m | [39m[0m
[  46% ] [90m[1mupdate_scripts_classes[22m | [39m[0m
[  46% ] [90m[1mupdate_scripts_classes[22m | [39m[0m
[  46% ] [90m[1mupdate_scripts_classes[22m | [39m[0m
[  46% ] [90m[1mupdate_scripts_classes[22m | [39m[0m
[  46% ] [90m[1mupdate_scripts_classes[22m | [39m[0m
[  47% ] [90m[1mupdate_scripts_classes[22m | [39m[0m
[  47% ] [90m[1mupdate_scripts_classes[22m | [39m[0m
[  47% ] [90m[1mupdate_scripts_classes[22m | [39m[0m
[  47% ] [90m[1mupdate_scripts_classes[22m | [39m[0m
[  48% ] [90m[1mupdate_scripts_classes[22m | [39m[0m
[  48% ] [90m[1mupdate_scripts_classes[22m | [39m[0m
[  48% ] [90m[1mupdate_scripts_classes[22m | [39m[0m
[  48% ] [90m[1mupdate_scripts_classes[22m | [39m[0m
[  48% ] [90m[1mupdate_scripts_classes[22m | [39m[0m
[  49% ] [90m[1mupdate_scripts_classes[22m | [39m[0m
[  49% ] [90m[1mupdate_scripts_classes[22m | [39m[0m
[  49% ] [90m[1mupdate_scripts_classes[22m | [39m[0m
[  49% ] [90m[1mupdate_scripts_classes[22m | [39m[0m
[  50% ] [90m[1mupdate_scripts_classes[22m | [39m[0m
[  50% ] [90m[1mupdate_scripts_classes[22m | [39m[0m
[  50% ] [90m[1mupdate_scripts_classes[22m | [39m[0m
[  50% ] [90m[1mupdate_scripts_classes[22m | [39m[0m
[  50% ] [90m[1mupdate_scripts_classes[22m | [39m[0m
[  51% ] [90m[1mupdate_scripts_classes[22m | [39m[0m
[  51% ] [90m[1mupdate_scripts_classes[22m | [39m[0m
[  51% ] [90m[1mupdate_scripts_classes[22m | [39m[0m
[  51% ] [90m[1mupdate_scripts_classes[22m | [39m[0m
[  52% ] [90m[1mupdate_scripts_classes[22m | [39m[0m
[  52% ] [90m[1mupdate_scripts_classes[22m | [39m[0m
[  52% ] [90m[1mupdate_scripts_classes[22m | [39m[0m
[  52% ] [90m[1mupdate_scripts_classes[22m | [39m[0m
[  52% ] [90m[1mupdate_scripts_classes[22m | [39m[0m
[  53% ] [90m[1mupdate_scripts_classes[22m | [39m[0m
[  53% ] [90m[1mupdate_scripts_classes[22m | [39m[0m
[  53% ] [90m[1mupdate_scripts_classes[22m | [39m[0m
[  53% ] [90m[1mupdate_scripts_classes[22m | [39m[0m
[  54% ] [90m[1mupdate_scripts_classes[22m | [39m[0m
[  54% ] [90m[1mupdate_scripts_classes[22m | [39m[0m
[  54% ] [90m[1mupdate_scripts_classes[22m | [39m[0m
[  54% ] [90m[1mupdate_scripts_classes[22m | [39m[0m
[  54% ] [90m[1mupdate_scripts_classes[22m | [39m[0m
[  55% ] [90m[1mupdate_scripts_classes[22m | [39m[0m
[  55% ] [90m[1mupdate_scripts_classes[22m | [39m[0m
[  55% ] [90m[1mupdate_scripts_classes[22m | [39m[0m
[  55% ] [90m[1mupdate_scripts_classes[22m | [39m[0m
[  56% ] [90m[1mupdate_scripts_classes[22m | [39m[0m
[  56% ] [90m[1mupdate_scripts_classes[22m | [39m[0m
[  56% ] [90m[1mupdate_scripts_classes[22m | [39m[0m
[  56% ] [90m[1mupdate_scripts_classes[22m | [39m[0m
[  56% ] [90m[1mupdate_scripts_classes[22m | [39m[0m
[  57% ] [90m[1mupdate_scripts_classes[22m | [39m[0m
[  57% ] [90m[1mupdate_scripts_classes[22m | [39m[0m
[  57% ] [90m[1mupdate_scripts_classes[22m | [39m[0m
[  57% ] [90m[1mupdate_scripts_classes[22m | [39m[0m
[  58% ] [90m[1mupdate_scripts_classes[22m | [39m[0m
[  58% ] [90m[1mupdate_scripts_classes[22m | [39m[0m
[  58% ] [90m[1mupdate_scripts_classes[22m | [39m[0m
[  58% ] [90m[1mupdate_scripts_classes[22m | [39m[0m
[  58% ] [90m[1mupdate_scripts_classes[22m | [39m[0m
[  59% ] [90m[1mupdate_scripts_classes[22m | [39m[0m
[  59% ] [90m[1mupdate_scripts_classes[22m | [39m[0m
[  59% ] [90m[1mupdate_scripts_classes[22m | [39m[0m
[  59% ] [90m[1mupdate_scripts_classes[22m | [39m[0m
[  60% ] [90m[1mupdate_scripts_classes[22m | [39m[0m
[  60% ] [90m[1mupdate_scripts_classes[22m | [39m[0m
[  60% ] [90m[1mupdate_scripts_classes[22m | [39m[0m
[  60% ] [90m[1mupdate_scripts_classes[22m | [39m[0m
[  60% ] [90m[1mupdate_scripts_classes[22m | [39m[0m
[  61% ] [90m[1mupdate_scripts_classes[22m | [39m[0m
[  61% ] [90m[1mupdate_scripts_classes[22m | [39m[0m
[  61% ] [90m[1mupdate_scripts_classes[22m | [39m[0m
[  61% ] [90m[1mupdate_scripts_classes[22m | [39m[0m
[  62% ] [90m[1mupdate_scripts_classes[22m | [39m[0m
[  62% ] [90m[1mupdate_scripts_classes[22m | [39m[0m
[  62% ] [90m[1mupdate_scripts_classes[22m | [39m[0m
[  62% ] [90m[1mupdate_scripts_classes[22m | [39m[0m
[  62% ] [90m[1mupdate_scripts_classes[22m | [39m[0m
[  63% ] [90m[1mupdate_scripts_classes[22m | [39m[0m
[  63% ] [90m[1mupdate_scripts_classes[22m | [39m[0m
[  63% ] [90m[1mupdate_scripts_classes[22m | [39m[0m
[  63% ] [90m[1mupdate_scripts_classes[22m | [39m[0m
[  64% ] [90m[1mupdate_scripts_classes[22m | [39m[0m
[  64% ] [90m[1mupdate_scripts_classes[22m | [39m[0m
[  64% ] [90m[1mupdate_scripts_classes[22m | [39m[0m
[  64% ] [90m[1mupdate_scripts_classes[22m | [39m[0m
[  64% ] [90m[1mupdate_scripts_classes[22m | [39m[0m
[  65% ] [90m[1mupdate_scripts_classes[22m | [39m[0m
[  65% ] [90m[1mupdate_scripts_classes[22m | [39m[0m
[  65% ] [90m[1mupdate_scripts_classes[22m | [39m[0m
[  65% ] [90m[1mupdate_scripts_classes[22m | [39m[0m
[  66% ] [90m[1mupdate_scripts_classes[22m | [39m[0m
[  66% ] [90m[1mupdate_scripts_classes[22m | [39m[0m
[  66% ] [90m[1mupdate_scripts_classes[22m | [39m[0m
[  66% ] [90m[1mupdate_scripts_classes[22m | [39m[0m
[  66% ] [90m[1mupdate_scripts_classes[22m | [39m[0m
[  67% ] [90m[1mupdate_scripts_classes[22m | [39m[0m
[  67% ] [90m[1mupdate_scripts_classes[22m | [39m[0m
[  67% ] [90m[1mupdate_scripts_classes[22m | [39m[0m
[  67% ] [90m[1mupdate_scripts_classes[22m | [39m[0m
[  68% ] [90m[1mupdate_scripts_classes[22m | [39m[0m
[  68% ] [90m[1mupdate_scripts_classes[22m | [39m[0m
[  68% ] [90m[1mupdate_scripts_classes[22m | [39m[0m
[  68% ] [90m[1mupdate_scripts_classes[22m | [39m[0m
[  68% ] [90m[1mupdate_scripts_classes[22m | [39m[0m
[  69% ] [90m[1mupdate_scripts_classes[22m | [39m[0m
[  69% ] [90m[1mupdate_scripts_classes[22m | [39m[0m
[  69% ] [90m[1mupdate_scripts_classes[22m | [39m[0m
[  69% ] [90m[1mupdate_scripts_classes[22m | [39m[0m
[  70% ] [90m[1mupdate_scripts_classes[22m | [39m[0m
[  70% ] [90m[1mupdate_scripts_classes[22m | [39m[0m
[  70% ] [90m[1mupdate_scripts_classes[22m | [39m[0m
[  70% ] [90m[1mupdate_scripts_classes[22m | [39m[0m
[  70% ] [90m[1mupdate_scripts_classes[22m | [39m[0m
[  71% ] [90m[1mupdate_scripts_classes[22m | [39m[0m
[  71% ] [90m[1mupdate_scripts_classes[22m | [39m[0m
[  71% ] [90m[1mupdate_scripts_classes[22m | [39m[0m
[  71% ] [90m[1mupdate_scripts_classes[22m | [39m[0m
[  72% ] [90m[1mupdate_scripts_classes[22m | [39m[0m
[  72% ] [90m[1mupdate_scripts_classes[22m | [39m[0m
[  72% ] [90m[1mupdate_scripts_classes[22m | [39m[0m
[  72% ] [90m[1mupdate_scripts_classes[22m | [39m[0m
[  72% ] [90m[1mupdate_scripts_classes[22m | [39m[0m
[  73% ] [90m[1mupdate_scripts_classes[22m | [39m[0m
[  73% ] [90m[1mupdate_scripts_classes[22m | [39m[0m
[  73% ] [90m[1mupdate_scripts_classes[22m | [39m[0m
[  73% ] [90m[1mupdate_scripts_classes[22m | [39m[0m
[  74% ] [90m[1mupdate_scripts_classes[22m | [39m[0m
[  74% ] [90m[1mupdate_scripts_classes[22m | [39m[0m
[  74% ] [90m[1mupdate_scripts_classes[22m | [39m[0m
[  74% ] [90m[1mupdate_scripts_classes[22m | [39m[0m
[  74% ] [90m[1mupdate_scripts_classes[22m | [39m[0m
[  75% ] [90m[1mupdate_scripts_classes[22m | [39m[0m
[  75% ] [90m[1mupdate_scripts_classes[22m | [39m[0m
[  75% ] [90m[1mupdate_scripts_classes[22m | [39m[0m
[  75% ] [90m[1mupdate_scripts_classes[22m | [39m[0m
[  76% ] [90m[1mupdate_scripts_classes[22m | [39m[0m
[  76% ] [90m[1mupdate_scripts_classes[22m | [39m[0m
[  76% ] [90m[1mupdate_scripts_classes[22m | [39m[0m
[  76% ] [90m[1mupdate_scripts_classes[22m | [39m[0m
[  76% ] [90m[1mupdate_scripts_classes[22m | [39m[0m
[  77% ] [90m[1mupdate_scripts_classes[22m | [39m[0m
[  77% ] [90m[1mupdate_scripts_classes[22m | [39m[0m
[  77% ] [90m[1mupdate_scripts_classes[22m | [39m[0m
[  77% ] [90m[1mupdate_scripts_classes[22m | [39m[0m
[  78% ] [90m[1mupdate_scripts_classes[22m | [39m[0m
[  78% ] [90m[1mupdate_scripts_classes[22m | [39m[0m
[  78% ] [90m[1mupdate_scripts_classes[22m | [39m[0m
[  78% ] [90m[1mupdate_scripts_classes[22m | [39m[0m
[  78% ] [90m[1mupdate_scripts_classes[22m | [39m[0m
[  79% ] [90m[1mupdate_scripts_classes[22m | [39m[0m
[  79% ] [90m[1mupdate_scripts_classes[22m | [39m[0m
[  79% ] [90m[1mupdate_scripts_classes[22m | [39m[0m
[  79% ] [90m[1mupdate_scripts_classes[22m | [39m[0m
[  80% ] [90m[1mupdate_scripts_classes[22m | [39m[0m
[  80% ] [90m[1mupdate_scripts_classes[22m | [39m[0m
[  80% ] [90m[1mupdate_scripts_classes[22m | [39m[0m
[  80% ] [90m[1mupdate_scripts_classes[22m | [39m[0m
[  80% ] [90m[1mupdate_scripts_classes[22m | [39m[0m
[  81% ] [90m[1mupdate_scripts_classes[22m | [39m[0m
[  81% ] [90m[1mupdate_scripts_classes[22m | [39m[0m
[  81% ] [90m[1mupdate_scripts_classes[22m | [39m[0m
[  81% ] [90m[1mupdate_scripts_classes[22m | [39m[0m
[  82% ] [90m[1mupdate_scripts_classes[22m | [39m[0m
[  82% ] [90m[1mupdate_scripts_classes[22m | [39m[0m
[  82% ] [90m[1mupdate_scripts_classes[22m | [39m[0m
[  82% ] [90m[1mupdate_scripts_classes[22m | [39m[0m
[  82% ] [90m[1mupdate_scripts_classes[22m | [39m[0m
[  83% ] [90m[1mupdate_scripts_classes[22m | [39m[0m
[  83% ] [90m[1mupdate_scripts_classes[22m | [39m[0m
[  83% ] [90m[1mupdate_scripts_classes[22m | [39m[0m
[  83% ] [90m[1mupdate_scripts_classes[22m | [39m[0m
[  84% ] [90m[1mupdate_scripts_classes[22m | [39m[0m
[  84% ] [90m[1mupdate_scripts_classes[22m | [39m[0m
[  84% ] [90m[1mupdate_scripts_classes[22m | [39m[0m
[  84% ] [90m[1mupdate_scripts_classes[22m | [39m[0m
[  84% ] [90m[1mupdate_scripts_classes[22m | [39m[0m
[  85% ] [90m[1mupdate_scripts_classes[22m | [39m[0m
[  85% ] [90m[1mupdate_scripts_classes[22m | [39m[0m
[  85% ] [90m[1mupdate_scripts_classes[22m | [39m[0m
[  85% ] [90m[1mupdate_scripts_classes[22m | [39m[0m
[  86% ] [90m[1mupdate_scripts_classes[22m | [39m[0m
[  86% ] [90m[1mupdate_scripts_classes[22m | [39m[0m
[  86% ] [90m[1mupdate_scripts_classes[22m | [39m[0m
[  86% ] [90m[1mupdate_scripts_classes[22m | [39m[0m
[  86% ] [90m[1mupdate_scripts_classes[22m | [39m[0m
[  87% ] [90m[1mupdate_scripts_classes[22m | [39m[0m
[  87% ] [90m[1mupdate_scripts_classes[22m | [39m[0m
[  87% ] [90m[1mupdate_scripts_classes[22m | [39m[0m
[  87% ] [90m[1mupdate_scripts_classes[22m | [39m[0m
[  88% ] [90m[1mupdate_scripts_classes[22m | [39m[0m
[  88% ] [90m[1mupdate_scripts_classes[22m | [39m[0m
[  88% ] [90m[1mupdate_scripts_classes[22m | [39m[0m
[  88% ] [90m[1mupdate_scripts_classes[22m | [39m[0m
[  88% ] [90m[1mupdate_scripts_classes[22m | [39m[0m
[  89% ] [90m[1mupdate_scripts_classes[22m | [39m[0m
[  89% ] [90m[1mupdate_scripts_classes[22m | [39m[0m
[  89% ] [90m[1mupdate_scripts_classes[22m | [39m[0m
[  89% ] [90m[1mupdate_scripts_classes[22m | [39m[0m
[  90% ] [90m[1mupdate_scripts_classes[22m | [39m[0m
[  90% ] [90m[1mupdate_scripts_classes[22m | [39m[0m
[  90% ] [90m[1mupdate_scripts_classes[22m | [39m[0m
[  90% ] [90m[1mupdate_scripts_classes[22m | [39m[0m
[  90% ] [90m[1mupdate_scripts_classes[22m | [39m[0m
[  91% ] [90m[1mupdate_scripts_classes[22m | [39m[0m
[  91% ] [90m[1mupdate_scripts_classes[22m | [39m[0m
[  91% ] [90m[1mupdate_scripts_classes[22m | [39m[0m
[  91% ] [90m[1mupdate_scripts_classes[22m | [39m[0m
[  92% ] [90m[1mupdate_scripts_classes[22m | [39m[0m
[  92% ] [90m[1mupdate_scripts_classes[22m | [39m[0m
[  92% ] [90m[1mupdate_scripts_classes[22m | [39m[0m
[  92% ] [90m[1mupdate_scripts_classes[22m | [39m[0m
[  92% ] [90m[1mupdate_scripts_classes[22m | [39m[0m
[  93% ] [90m[1mupdate_scripts_classes[22m | [39m[0m
[  93% ] [90m[1mupdate_scripts_classes[22m | [39m[0m
[  93% ] [90m[1mupdate_scripts_classes[22m | [39m[0m
[  93% ] [90m[1mupdate_scripts_classes[22m | [39m[0m
[  94% ] [90m[1mupdate_scripts_classes[22m | [39m[0m
[  94% ] [90m[1mupdate_scripts_classes[22m | [39m[0m
[  94% ] [90m[1mupdate_scripts_classes[22m | [39m[0m
[  94% ] [90m[1mupdate_scripts_classes[22m | [39m[0m
[  94% ] [90m[1mupdate_scripts_classes[22m | [39m[0m
[  95% ] [90m[1mupdate_scripts_classes[22m | [39m[0m
[  95% ] [90m[1mupdate_scripts_classes[22m | [39m[0m
[  95% ] [90m[1mupdate_scripts_classes[22m | [39m[0m
[  95% ] [90m[1mupdate_scripts_classes[22m | [39m[0m
[  96% ] [90m[1mupdate_scripts_classes[22m | [39m[0m
[  96% ] [90m[1mupdate_scripts_classes[22m | [39m[0m
[  96% ] [90m[1mupdate_scripts_classes[22m | [39m[0m
[  96% ] [90m[1mupdate_scripts_classes[22m | [39m[0m
[  96% ] [90m[1mupdate_scripts_classes[22m | [39m[0m
[  97% ] [90m[1mupdate_scripts_classes[22m | [39m[0m
[  97% ] [90m[1mupdate_scripts_classes[22m | [39m[0m
[  97% ] [90m[1mupdate_scripts_classes[22m | [39m[0m
[  97% ] [90m[1mupdate_scripts_classes[22m | [39m[0m
[  98% ] [90m[1mupdate_scripts_classes[22m | [39m[0m
[  98% ] [90m[1mupdate_scripts_classes[22m | [39m[0m
[  98% ] [90m[1mupdate_scripts_classes[22m | [39m[0m
[  98% ] [90m[1mupdate_scripts_classes[22m | [39m[0m
[  98% ] [90m[1mupdate_scripts_classes[22m | [39m[0m
[  99% ] [90m[1mupdate_scripts_classes[22m | [39m[0m
[  99% ] [90m[1mupdate_scripts_classes[22m | [39m[0m
[  99% ] [90m[1mupdate_scripts_classes[22m | [39m[0m
[92m[ DONE ][39m [1mupdate_scripts_classes[22m
[0m
[   0% ] [90m[1m_update_scan_actions[22m | Started Сканирование действий… (368 steps)[39m[0m
[   0% ] [90m[1m_update_scan_actions[22m | 4000.wav[39m[0m
[   0% ] [90m[1m_update_scan_actions[22m | icon.png[39m[0m
[   0% ] [90m[1m_update_scan_actions[22m | ual1_standard.glb[39m[0m
[   0% ] [90m[1m_update_scan_actions[22m | banya_room_loop.wav[39m[0m
[   1% ] [90m[1m_update_scan_actions[22m | drip_loop.wav[39m[0m
[   1% ] [90m[1m_update_scan_actions[22m | steam_burst.wav[39m[0m
[   1% ] [90m[1m_update_scan_actions[22m | water_scoop.wav[39m[0m
[   1% ] [90m[1m_update_scan_actions[22m | spirit_breath_loop.wav[39m[0m
[   2% ] [90m[1m_update_scan_actions[22m | spirit_creak.wav[39m[0m
[   2% ] [90m[1m_update_scan_actions[22m | spirit_exhale.wav[39m[0m
[   2% ] [90m[1m_update_scan_actions[22m | spirit_wet_step.wav[39m[0m
[   2% ] [90m[1m_update_scan_actions[22m | bridge_groan_loop.wav[39m[0m
[   3% ] [90m[1m_update_scan_actions[22m | bridge_rope_rattle.wav[39m[0m
[   3% ] [90m[1m_update_scan_actions[22m | body_fall.wav[39m[0m
[   3% ] [90m[1m_update_scan_actions[22m | branch_crack.wav[39m[0m
[   4% ] [90m[1m_update_scan_actions[22m | brush_rustle.wav[39m[0m
[   4% ] [90m[1m_update_scan_actions[22m | dread_drone.wav[39m[0m
[   4% ] [90m[1m_update_scan_actions[22m | fox_scream.wav[39m[0m
[   4% ] [90m[1m_update_scan_actions[22m | gasp.wav[39m[0m
[   5% ] [90m[1m_update_scan_actions[22m | heartbeat.wav[39m[0m
[   5% ] [90m[1m_update_scan_actions[22m | knockout_ring.wav[39m[0m
[   5% ] [90m[1m_update_scan_actions[22m | low_moan.wav[39m[0m
[   5% ] [90m[1m_update_scan_actions[22m | owl_eagle.wav[39m[0m
[   6% ] [90m[1m_update_scan_actions[22m | owl_tawny.wav[39m[0m
[   6% ] [90m[1m_update_scan_actions[22m | radio_evp.wav[39m[0m
[   6% ] [90m[1m_update_scan_actions[22m | runner_past.wav[39m[0m
[   7% ] [90m[1m_update_scan_actions[22m | rush_close.wav[39m[0m
[   7% ] [90m[1m_update_scan_actions[22m | scare_sting.wav[39m[0m
[   7% ] [90m[1m_update_scan_actions[22m | strange_clicks.wav[39m[0m
[   7% ] [90m[1m_update_scan_actions[22m | wind_gust.wav[39m[0m
[   8% ] [90m[1m_update_scan_actions[22m | wolf_far.wav[39m[0m
[   8% ] [90m[1m_update_scan_actions[22m | creak_00.wav[39m[0m
[   8% ] [90m[1m_update_scan_actions[22m | creak_01.wav[39m[0m
[   8% ] [90m[1m_update_scan_actions[22m | creak_02.wav[39m[0m
[   9% ] [90m[1m_update_scan_actions[22m | door_creak.wav[39m[0m
[   9% ] [90m[1m_update_scan_actions[22m | hollow_board.wav[39m[0m
[   9% ] [90m[1m_update_scan_actions[22m | keyboard_key.wav[39m[0m
[  10% ] [90m[1m_update_scan_actions[22m | metal_rattle.wav[39m[0m
[  10% ] [90m[1m_update_scan_actions[22m | paper_open.wav[39m[0m
[  10% ] [90m[1m_update_scan_actions[22m | ui_click.wav[39m[0m
[  10% ] [90m[1m_update_scan_actions[22m | wood_tap.wav[39m[0m
[  11% ] [90m[1m_update_scan_actions[22m | step_grass_00.wav[39m[0m
[  11% ] [90m[1m_update_scan_actions[22m | step_grass_01.wav[39m[0m
[  11% ] [90m[1m_update_scan_actions[22m | step_grass_02.wav[39m[0m
[  11% ] [90m[1m_update_scan_actions[22m | step_interior_floor_00.wav[39m[0m
[  12% ] [90m[1m_update_scan_actions[22m | step_interior_floor_01.wav[39m[0m
[  12% ] [90m[1m_update_scan_actions[22m | step_interior_floor_02.wav[39m[0m
[  12% ] [90m[1m_update_scan_actions[22m | step_mud_00.wav[39m[0m
[  13% ] [90m[1m_update_scan_actions[22m | step_mud_01.wav[39m[0m
[  13% ] [90m[1m_update_scan_actions[22m | step_mud_02.wav[39m[0m
[  13% ] [90m[1m_update_scan_actions[22m | step_snow_packed_00.wav[39m[0m
[  13% ] [90m[1m_update_scan_actions[22m | step_snow_packed_01.wav[39m[0m
[  14% ] [90m[1m_update_scan_actions[22m | step_snow_packed_02.wav[39m[0m
[  14% ] [90m[1m_update_scan_actions[22m | step_snow_soft_00.wav[39m[0m
[  14% ] [90m[1m_update_scan_actions[22m | step_snow_soft_01.wav[39m[0m
[  14% ] [90m[1m_update_scan_actions[22m | step_snow_soft_02.wav[39m[0m
[  15% ] [90m[1m_update_scan_actions[22m | step_wet_road_00.wav[39m[0m
[  15% ] [90m[1m_update_scan_actions[22m | step_wet_road_01.wav[39m[0m
[  15% ] [90m[1m_update_scan_actions[22m | step_wet_road_02.wav[39m[0m
[  15% ] [90m[1m_update_scan_actions[22m | step_wood_00.wav[39m[0m
[  16% ] [90m[1m_update_scan_actions[22m | step_wood_01.wav[39m[0m
[  16% ] [90m[1m_update_scan_actions[22m | step_wood_02.wav[39m[0m
[  16% ] [90m[1m_update_scan_actions[22m | avyl-ident.wav[39m[0m
[  17% ] [90m[1m_update_scan_actions[22m | family-salam.wav[39m[0m
[  17% ] [90m[1m_update_scan_actions[22m | local-workshop.wav[39m[0m
[  17% ] [90m[1m_update_scan_actions[22m | lost-glove.wav[39m[0m
[  17% ] [90m[1m_update_scan_actions[22m | nearby-villages.wav[39m[0m
[  18% ] [90m[1m_update_scan_actions[22m | night-repeat.wav[39m[0m
[  18% ] [90m[1m_update_scan_actions[22m | school-bus.wav[39m[0m
[  18% ] [90m[1m_update_scan_actions[22m | village-photos.wav[39m[0m
[  18% ] [90m[1m_update_scan_actions[22m | winter-congratulations.wav[39m[0m
[  19% ] [90m[1m_update_scan_actions[22m | winter-weather.wav[39m[0m
[  19% ] [90m[1m_update_scan_actions[22m | music-one.wav[39m[0m
[  19% ] [90m[1m_update_scan_actions[22m | adhan.wav[39m[0m
[  20% ] [90m[1m_update_scan_actions[22m | axe.wav[39m[0m
[  20% ] [90m[1m_update_scan_actions[22m | barn_hens.wav[39m[0m
[  20% ] [90m[1m_update_scan_actions[22m | boots_snow.wav[39m[0m
[  20% ] [90m[1m_update_scan_actions[22m | bullfinch.wav[39m[0m
[  21% ] [90m[1m_update_scan_actions[22m | chatter.wav[39m[0m
[  21% ] [90m[1m_update_scan_actions[22m | children.wav[39m[0m
[  21% ] [90m[1m_update_scan_actions[22m | cow.wav[39m[0m
[  21% ] [90m[1m_update_scan_actions[22m | cow_distant.wav[39m[0m
[  22% ] [90m[1m_update_scan_actions[22m | crows.wav[39m[0m
[  22% ] [90m[1m_update_scan_actions[22m | dog_distant.wav[39m[0m
[  22% ] [90m[1m_update_scan_actions[22m | forest_branch.wav[39m[0m
[  23% ] [90m[1m_update_scan_actions[22m | garmon.wav[39m[0m
[  23% ] [90m[1m_update_scan_actions[22m | gate.wav[39m[0m
[  23% ] [90m[1m_update_scan_actions[22m | gate_squeak.wav[39m[0m
[  23% ] [90m[1m_update_scan_actions[22m | gramophone_music.wav[39m[0m
[  24% ] [90m[1m_update_scan_actions[22m | horse.wav[39m[0m
[  24% ] [90m[1m_update_scan_actions[22m | house_hum.wav[39m[0m
[  24% ] [90m[1m_update_scan_actions[22m | laughter.wav[39m[0m
[  24% ] [90m[1m_update_scan_actions[22m | magpie.wav[39m[0m
[  25% ] [90m[1m_update_scan_actions[22m | pot.wav[39m[0m
[  25% ] [90m[1m_update_scan_actions[22m | raven.wav[39m[0m
[  25% ] [90m[1m_update_scan_actions[22m | saw.wav[39m[0m
[  26% ] [90m[1m_update_scan_actions[22m | song_ellar_chakyra.wav[39m[0m
[  26% ] [90m[1m_update_scan_actions[22m | song_iske_kara_urman.wav[39m[0m
[  26% ] [90m[1m_update_scan_actions[22m | song_kubalek.wav[39m[0m
[  26% ] [90m[1m_update_scan_actions[22m | song_tatarskoe_selo.wav[39m[0m
[  27% ] [90m[1m_update_scan_actions[22m | song_tynlarsynmy.wav[39m[0m
[  27% ] [90m[1m_update_scan_actions[22m | stove.wav[39m[0m
[  27% ] [90m[1m_update_scan_actions[22m | stove_kindling.wav[39m[0m
[  27% ] [90m[1m_update_scan_actions[22m | tit.wav[39m[0m
[  28% ] [90m[1m_update_scan_actions[22m | tv.wav[39m[0m
[  28% ] [90m[1m_update_scan_actions[22m | tv_movie.wav[39m[0m
[  28% ] [90m[1m_update_scan_actions[22m | tv_news.wav[39m[0m
[  28% ] [90m[1m_update_scan_actions[22m | tv_static.wav[39m[0m
[  29% ] [90m[1m_update_scan_actions[22m | tv_switch.wav[39m[0m
[  29% ] [90m[1m_update_scan_actions[22m | valenki.wav[39m[0m
[  29% ] [90m[1m_update_scan_actions[22m | village_dread_layer.wav[39m[0m
[  30% ] [90m[1m_update_scan_actions[22m | village_life_layer.wav[39m[0m
[  30% ] [90m[1m_update_scan_actions[22m | vinyl_crackle.wav[39m[0m
[  30% ] [90m[1m_update_scan_actions[22m | broom.wav[39m[0m
[  30% ] [90m[1m_update_scan_actions[22m | cat.wav[39m[0m
[  31% ] [90m[1m_update_scan_actions[22m | clock.wav[39m[0m
[  31% ] [90m[1m_update_scan_actions[22m | cutlery.wav[39m[0m
[  31% ] [90m[1m_update_scan_actions[22m | dog.wav[39m[0m
[  31% ] [90m[1m_update_scan_actions[22m | hens.wav[39m[0m
[  32% ] [90m[1m_update_scan_actions[22m | kettle.wav[39m[0m
[  32% ] [90m[1m_update_scan_actions[22m | music.wav[39m[0m
[  32% ] [90m[1m_update_scan_actions[22m | plates.wav[39m[0m
[  33% ] [90m[1m_update_scan_actions[22m | sewing.wav[39m[0m
[  33% ] [90m[1m_update_scan_actions[22m | shovel.wav[39m[0m
[  33% ] [90m[1m_update_scan_actions[22m | tap.wav[39m[0m
[  33% ] [90m[1m_update_scan_actions[22m | tea.wav[39m[0m
[  34% ] [90m[1m_update_scan_actions[22m | forest-babai-name-v2.wav[39m[0m
[  34% ] [90m[1m_update_scan_actions[22m | forest-call-far.wav[39m[0m
[  34% ] [90m[1m_update_scan_actions[22m | forest-call-hey.wav[39m[0m
[  34% ] [90m[1m_update_scan_actions[22m | forest-come-here.wav[39m[0m
[  35% ] [90m[1m_update_scan_actions[22m | forest-name-call.wav[39m[0m
[  35% ] [90m[1m_update_scan_actions[22m | forest-wake-muffled.wav[39m[0m
[  35% ] [90m[1m_update_scan_actions[22m | forest-wake-v2.wav[39m[0m
[  36% ] [90m[1m_update_scan_actions[22m | forest-wake.wav[39m[0m
[  36% ] [90m[1m_update_scan_actions[22m | prologue-niva-fluent-reply.wav[39m[0m
[  36% ] [90m[1m_update_scan_actions[22m | prologue-niva-none-reply.wav[39m[0m
[  36% ] [90m[1m_update_scan_actions[22m | prologue-niva-question.wav[39m[0m
[  37% ] [90m[1m_update_scan_actions[22m | prologue-niva-skip-reply.wav[39m[0m
[  37% ] [90m[1m_update_scan_actions[22m | prologue-niva-some-reply.wav[39m[0m
[  37% ] [90m[1m_update_scan_actions[22m | prologue-ride-bark-nightmare.lvl-fluent.wav[39m[0m
[  37% ] [90m[1m_update_scan_actions[22m | prologue-ride-bark-nightmare.lvl-some.wav[39m[0m
[  38% ] [90m[1m_update_scan_actions[22m | prologue-ride-bark-nightmare.wav[39m[0m
[  38% ] [90m[1m_update_scan_actions[22m | fap_institutional.wav[39m[0m
[  38% ] [90m[1m_update_scan_actions[22m | house_room_tone.wav[39m[0m
[  39% ] [90m[1m_update_scan_actions[22m | kara_urman_edge_ambience.wav[39m[0m
[  39% ] [90m[1m_update_scan_actions[22m | village_arrival.wav[39m[0m
[  39% ] [90m[1m_update_scan_actions[22m | village_day_ambience.wav[39m[0m
[  39% ] [90m[1m_update_scan_actions[22m | village_return.wav[39m[0m
[  40% ] [90m[1m_update_scan_actions[22m | village_yard.wav[39m[0m
[  40% ] [90m[1m_update_scan_actions[22m | water_edge_ambience.wav[39m[0m
[  40% ] [90m[1m_update_scan_actions[22m | zirat_wind.wav[39m[0m
[  40% ] [90m[1m_update_scan_actions[22m | PT_Sans-Narrow-Web-Bold.ttf[39m[0m
[  41% ] [90m[1m_update_scan_actions[22m | PT_Sans-Narrow-Web-Regular.ttf[39m[0m
[  41% ] [90m[1m_update_scan_actions[22m | PT_Sans-Web-Bold.ttf[39m[0m
[  41% ] [90m[1m_update_scan_actions[22m | PT_Sans-Web-Italic.ttf[39m[0m
[  42% ] [90m[1m_update_scan_actions[22m | PT_Sans-Web-Regular.ttf[39m[0m
[  42% ] [90m[1m_update_scan_actions[22m | urman_act1_village_landmark_kit.glb[39m[0m
[  42% ] [90m[1m_update_scan_actions[22m | urman_character_kit.glb[39m[0m
[  42% ] [90m[1m_update_scan_actions[22m | urman_character_kit_T_Eye_Brown.png[39m[0m
[  43% ] [90m[1m_update_scan_actions[22m | urman_character_kit_T_Eye_Normal.png[39m[0m
[  43% ] [90m[1m_update_scan_actions[22m | urman_character_kit_T_Superhero_Female_Dark_BaseColor.png[39m[0m
[  43% ] [90m[1m_update_scan_actions[22m | urman_character_kit_T_Superhero_Female_Normal.png[39m[0m
[  43% ] [90m[1m_update_scan_actions[22m | urman_character_kit_T_Superhero_Male_Dark.png[39m[0m
[  44% ] [90m[1m_update_scan_actions[22m | urman_character_kit_T_Superhero_Male_Normal.png[39m[0m
[  44% ] [90m[1m_update_scan_actions[22m | urman_character_kit_v2.glb[39m[0m
[  44% ] [90m[1m_update_scan_actions[22m | urman_character_kit_v2_old_lightskinned_female_diffuse.png[39m[0m
[  44% ] [90m[1m_update_scan_actions[22m | urman_character_kit_v2_TamaraPolkaDot.png[39m[0m
[  45% ] [90m[1m_update_scan_actions[22m | urman_character_kit_v2_T_Eye_Brown.png[39m[0m
[  45% ] [90m[1m_update_scan_actions[22m | urman_character_kit_v2_T_Eye_Normal_png.png[39m[0m
[  45% ] [90m[1m_update_scan_actions[22m | urman_character_kit_v2_T_Hair_1_BaseColor.png[39m[0m
[  46% ] [90m[1m_update_scan_actions[22m | urman_character_kit_v2_T_Hair_1_Normal_png.png[39m[0m
[  46% ] [90m[1m_update_scan_actions[22m | urman_character_kit_v2_T_Hair_2_BaseColor.png[39m[0m
[  46% ] [90m[1m_update_scan_actions[22m | urman_character_kit_v2_T_Hair_2_Normal.png[39m[0m
[  46% ] [90m[1m_update_scan_actions[22m | urman_character_kit_v2_T_Superhero_Female_Light_BaseColor.png[39m[0m
[  47% ] [90m[1m_update_scan_actions[22m | urman_character_kit_v2_T_Superhero_Female_Normal.png[39m[0m
[  47% ] [90m[1m_update_scan_actions[22m | urman_character_kit_v2_T_Superhero_Female_Roughness.png[39m[0m
[  47% ] [90m[1m_update_scan_actions[22m | urman_character_kit_v2_T_Superhero_Male_Ligh.png[39m[0m
[  47% ] [90m[1m_update_scan_actions[22m | urman_character_kit_v2_T_Superhero_Male_Normal.png[39m[0m
[  48% ] [90m[1m_update_scan_actions[22m | urman_character_kit_v2_T_Superhero_Male_Roughness.png[39m[0m
[  48% ] [90m[1m_update_scan_actions[22m | urman_forest_edge_kit.glb[39m[0m
[  48% ] [90m[1m_update_scan_actions[22m | urman_modular_kit.glb[39m[0m
[  49% ] [90m[1m_update_scan_actions[22m | urman_niva.glb[39m[0m
[  49% ] [90m[1m_update_scan_actions[22m | arrival_marat_childhood_existing_v1.png[39m[0m
[  49% ] [90m[1m_update_scan_actions[22m | council-sabantuy-2005.png[39m[0m
[  49% ] [90m[1m_update_scan_actions[22m | first_snow_existing_v1.png[39m[0m
[  50% ] [90m[1m_update_scan_actions[22m | kara_urman_edge_sketch_candidate_v1.png[39m[0m
[  50% ] [90m[1m_update_scan_actions[22m | school-class-2005.png[39m[0m
[  50% ] [90m[1m_update_scan_actions[22m | urman_fap_clinic_kit.glb[39m[0m
[  50% ] [90m[1m_update_scan_actions[22m | urman_kara_forest_edge_kit.glb[39m[0m
[  51% ] [90m[1m_update_scan_actions[22m | urman_village_exterior_kit.glb[39m[0m
[  51% ] [90m[1m_update_scan_actions[22m | urman_wet_village_road_kit.glb[39m[0m
[  51% ] [90m[1m_update_scan_actions[22m | urman_winter_dead_tree.glb[39m[0m
[  52% ] [90m[1m_update_scan_actions[22m | urman_winter_pine.glb[39m[0m
[  52% ] [90m[1m_update_scan_actions[22m | urman_winter_pine_Leaf_Pine_C.png[39m[0m
[  52% ] [90m[1m_update_scan_actions[22m | urman_zirat_roadside_kit.glb[39m[0m
[  52% ] [90m[1m_update_scan_actions[22m | agentb_foliage_kit.glb[39m[0m
[  53% ] [90m[1m_update_scan_actions[22m | agentb_kara_edge_kit.glb[39m[0m
[  53% ] [90m[1m_update_scan_actions[22m | agentb_terrain_road_kit.glb[39m[0m
[  53% ] [90m[1m_update_scan_actions[22m | agentb_village_buildings_kit.glb[39m[0m
[  53% ] [90m[1m_update_scan_actions[22m | agentb_zirat_kit.glb[39m[0m
[  54% ] [90m[1m_update_scan_actions[22m | karaurman_chakchak_box_preview_v1.png[39m[0m
[  54% ] [90m[1m_update_scan_actions[22m | karaurman_chakchak_box_v1.glb[39m[0m
[  54% ] [90m[1m_update_scan_actions[22m | karaurman_chakchak_box_v1_KaraUrmanChakchakContents.png[39m[0m
[  55% ] [90m[1m_update_scan_actions[22m | karaurman_chakchak_box_v1_KaraUrmanChakchakPrintAtlas.png[39m[0m
[  55% ] [90m[1m_update_scan_actions[22m | karaurman_milk_bottle_label_v1.png[39m[0m
[  55% ] [90m[1m_update_scan_actions[22m | karaurman_milk_bottle_preview_v1.png[39m[0m
[  55% ] [90m[1m_update_scan_actions[22m | karaurman_milk_bottle_v1.glb[39m[0m
[  56% ] [90m[1m_update_scan_actions[22m | karaurman_milk_bottle_v1_karaurman_milk_bottle_label_v1.png[39m[0m
[  56% ] [90m[1m_update_scan_actions[22m | chayan_magazine_animated_v1.glb[39m[0m
[  56% ] [90m[1m_update_scan_actions[22m | chayan_magazine_animated_v1_ChayanMagazine_PrintAtlas.png[39m[0m
[  56% ] [90m[1m_update_scan_actions[22m | chayan_magazine_preview_v1.png[39m[0m
[  57% ] [90m[1m_update_scan_actions[22m | council_plate_avyl_sovety_v1.png[39m[0m
[  57% ] [90m[1m_update_scan_actions[22m | fap_plate_kara_urman_v1.png[39m[0m
[  57% ] [90m[1m_update_scan_actions[22m | photo_first_snow_v1.png[39m[0m
[  57% ] [90m[1m_update_scan_actions[22m | school_plate_maktap_v1.png[39m[0m
[  58% ] [90m[1m_update_scan_actions[22m | shop_sign_ashamlyklar_v1.png[39m[0m
[  58% ] [90m[1m_update_scan_actions[22m | mansur_age_v1_albedo.png[39m[0m
[  58% ] [90m[1m_update_scan_actions[22m | mosque_prayer_carpet_v2_albedo.png[39m[0m
[  59% ] [90m[1m_update_scan_actions[22m | aged_plaster_albedo.png[39m[0m
[  59% ] [90m[1m_update_scan_actions[22m | aged_plaster_v2_albedo.png[39m[0m
[  59% ] [90m[1m_update_scan_actions[22m | aged_plaster_v3_albedo.png[39m[0m
[  59% ] [90m[1m_update_scan_actions[22m | bark_birch_v1_albedo.png[39m[0m
[  60% ] [90m[1m_update_scan_actions[22m | bark_birch_v2_albedo.png[39m[0m
[  60% ] [90m[1m_update_scan_actions[22m | bark_pine_v1_albedo.png[39m[0m
[  60% ] [90m[1m_update_scan_actions[22m | carpet_palas_v1_albedo.png[39m[0m
[  60% ] [90m[1m_update_scan_actions[22m | damp_earth_albedo.png[39m[0m
[  61% ] [90m[1m_update_scan_actions[22m | damp_earth_v2_albedo.png[39m[0m
[  61% ] [90m[1m_update_scan_actions[22m | damp_earth_v3_albedo.png[39m[0m
[  61% ] [90m[1m_update_scan_actions[22m | damp_earth_v4_albedo.png[39m[0m
[  62% ] [90m[1m_update_scan_actions[22m | damp_earth_v5_albedo.png[39m[0m
[  62% ] [90m[1m_update_scan_actions[22m | damp_earth_v6_albedo.png[39m[0m
[  62% ] [90m[1m_update_scan_actions[22m | fabric_chit_v1_albedo.png[39m[0m
[  62% ] [90m[1m_update_scan_actions[22m | frost_window_v1_albedo.png[39m[0m
[  63% ] [90m[1m_update_scan_actions[22m | grass_verge_v1_albedo.png[39m[0m
[  63% ] [90m[1m_update_scan_actions[22m | grass_verge_v2_albedo.png[39m[0m
[  63% ] [90m[1m_update_scan_actions[22m | hay_fibers_v1_albedo.png[39m[0m
[  63% ] [90m[1m_update_scan_actions[22m | ice_patch_v1_albedo.png[39m[0m
[  64% ] [90m[1m_update_scan_actions[22m | ice_patch_v2_albedo.png[39m[0m
[  64% ] [90m[1m_update_scan_actions[22m | leaf_birch_v1_albedo.png[39m[0m
[  64% ] [90m[1m_update_scan_actions[22m | leaf_birch_v2_albedo.png[39m[0m
[  65% ] [90m[1m_update_scan_actions[22m | log_wall_v1_albedo.png[39m[0m
[  65% ] [90m[1m_update_scan_actions[22m | log_wall_v2_albedo.png[39m[0m
[  65% ] [90m[1m_update_scan_actions[22m | mossy_stone_v2_albedo.png[39m[0m
[  65% ] [90m[1m_update_scan_actions[22m | mossy_stone_v3_albedo.png[39m[0m
[  66% ] [90m[1m_update_scan_actions[22m | old_fabric_v2_albedo.png[39m[0m
[  66% ] [90m[1m_update_scan_actions[22m | old_fabric_v3_albedo.png[39m[0m
[  66% ] [90m[1m_update_scan_actions[22m | ornament_trim_v1_albedo.png[39m[0m
[  66% ] [90m[1m_update_scan_actions[22m | pine_foliage_albedo.png[39m[0m
[  67% ] [90m[1m_update_scan_actions[22m | pine_foliage_v2_albedo.png[39m[0m
[  67% ] [90m[1m_update_scan_actions[22m | pine_foliage_v3_albedo.png[39m[0m
[  67% ] [90m[1m_update_scan_actions[22m | roof_metal_v2_albedo.png[39m[0m
[  68% ] [90m[1m_update_scan_actions[22m | roof_shingle_v3_albedo.png[39m[0m
[  68% ] [90m[1m_update_scan_actions[22m | roof_slate_v1_albedo.png[39m[0m
[  68% ] [90m[1m_update_scan_actions[22m | snow_fresh_v1_albedo.png[39m[0m
[  68% ] [90m[1m_update_scan_actions[22m | snow_fresh_v2_albedo.png[39m[0m
[  69% ] [90m[1m_update_scan_actions[22m | snow_grass_peek_v1_albedo.png[39m[0m
[  69% ] [90m[1m_update_scan_actions[22m | snow_micro_normal.png[39m[0m
[  69% ] [90m[1m_update_scan_actions[22m | snow_micro_response.png[39m[0m
[  69% ] [90m[1m_update_scan_actions[22m | snow_road_v1_albedo.png[39m[0m
[  70% ] [90m[1m_update_scan_actions[22m | snow_roof_v1_albedo.png[39m[0m
[  70% ] [90m[1m_update_scan_actions[22m | snow_trampled_v1_albedo.png[39m[0m
[  70% ] [90m[1m_update_scan_actions[22m | urman_b01_v01_basecolor.png[39m[0m
[  71% ] [90m[1m_update_scan_actions[22m | urman_b03_v01_basecolor.png[39m[0m
[  71% ] [90m[1m_update_scan_actions[22m | urman_b04_v01_basecolor.png[39m[0m
[  71% ] [90m[1m_update_scan_actions[22m | urman_b07_v02_basecolor.png[39m[0m
[  71% ] [90m[1m_update_scan_actions[22m | urman_f01_v03_basecolor.png[39m[0m
[  72% ] [90m[1m_update_scan_actions[22m | urman_f02_v02_basecolor.png[39m[0m
[  72% ] [90m[1m_update_scan_actions[22m | urman_m05_v01_basecolor.png[39m[0m
[  72% ] [90m[1m_update_scan_actions[22m | urman_s01_v01_basecolor.png[39m[0m
[  72% ] [90m[1m_update_scan_actions[22m | urman_s02_v02_basecolor.png[39m[0m
[  73% ] [90m[1m_update_scan_actions[22m | urman_t01_v02_basecolor.png[39m[0m
[  73% ] [90m[1m_update_scan_actions[22m | urman_t04_v01_basecolor.png[39m[0m
[  73% ] [90m[1m_update_scan_actions[22m | urman_t07_v01_basecolor.png[39m[0m
[  73% ] [90m[1m_update_scan_actions[22m | urman_t08_v01_basecolor.png[39m[0m
[  74% ] [90m[1m_update_scan_actions[22m | urman_t10_v02_basecolor.png[39m[0m
[  74% ] [90m[1m_update_scan_actions[22m | urman_w01_v01_basecolor.png[39m[0m
[  74% ] [90m[1m_update_scan_actions[22m | urman_w02_v02_basecolor.png[39m[0m
[  75% ] [90m[1m_update_scan_actions[22m | urman_w03_v01_basecolor.png[39m[0m
[  75% ] [90m[1m_update_scan_actions[22m | urman_w04_v02_basecolor.png[39m[0m
[  75% ] [90m[1m_update_scan_actions[22m | urman_w05_v02_basecolor.png[39m[0m
[  75% ] [90m[1m_update_scan_actions[22m | urman_w08_v01_basecolor.png[39m[0m
[  76% ] [90m[1m_update_scan_actions[22m | urman_w09_v01_basecolor.png[39m[0m
[  76% ] [90m[1m_update_scan_actions[22m | wallpaper_old_v1_albedo.png[39m[0m
[  76% ] [90m[1m_update_scan_actions[22m | wallpaper_old_v2_albedo.png[39m[0m
[  76% ] [90m[1m_update_scan_actions[22m | wall_institution_v1_albedo.png[39m[0m
[  77% ] [90m[1m_update_scan_actions[22m | weathered_wood_boards_albedo.png[39m[0m
[  77% ] [90m[1m_update_scan_actions[22m | weathered_wood_boards_v2_albedo.png[39m[0m
[  77% ] [90m[1m_update_scan_actions[22m | weathered_wood_boards_v3_albedo.png[39m[0m
[  78% ] [90m[1m_update_scan_actions[22m | weathered_wood_boards_v4_albedo.png[39m[0m
[  78% ] [90m[1m_update_scan_actions[22m | weathered_wood_boards_v5_albedo.png[39m[0m
[  78% ] [90m[1m_update_scan_actions[22m | weathered_wood_boards_v6_albedo.png[39m[0m
[  78% ] [90m[1m_update_scan_actions[22m | wood_carved_gate_v1_albedo.png[39m[0m
[  79% ] [90m[1m_update_scan_actions[22m | karaurman_chakchak_box_atlas_v1.png[39m[0m
[  79% ] [90m[1m_update_scan_actions[22m | karaurman_milk_bottle_label_v1.png[39m[0m
[  79% ] [90m[1m_update_scan_actions[22m | chayan_magazine_atlas_v1.png[39m[0m
[  79% ] [90m[1m_update_scan_actions[22m | birch_plywood_varnished_v1_basecolor.png[39m[0m
[  80% ] [90m[1m_update_scan_actions[22m | burgundy_stage_velvet_v1_basecolor.png[39m[0m
[  80% ] [90m[1m_update_scan_actions[22m | bus_wheat_sun_mosaic_v1_basecolor.png[39m[0m
[  80% ] [90m[1m_update_scan_actions[22m | galvanized_zinc_source_v1_basecolor.png[39m[0m
[  81% ] [90m[1m_update_scan_actions[22m | glazed_ceramic_cream_source_v1_basecolor.png[39m[0m
[  81% ] [90m[1m_update_scan_actions[22m | moulded_rubber_black_v1_basecolor.png[39m[0m
[  81% ] [90m[1m_update_scan_actions[22m | painted_steel_enamel_v1_basecolor.png[39m[0m
[  81% ] [90m[1m_update_scan_actions[22m | public_concrete_source_v1_basecolor.png[39m[0m
[  82% ] [90m[1m_update_scan_actions[22m | public_red_brick_source_v1_basecolor.png[39m[0m
[  82% ] [90m[1m_update_scan_actions[22m | samovar_brass_v1_basecolor.png[39m[0m
[  82% ] [90m[1m_update_scan_actions[22m | school_green_chalkboard_v1_basecolor.png[39m[0m
[  82% ] [90m[1m_update_scan_actions[22m | school_laminate_beige_source_v1_basecolor.png[39m[0m
[  83% ] [90m[1m_update_scan_actions[22m | school_laminate_beige_v1_basecolor.png[39m[0m
[  83% ] [90m[1m_update_scan_actions[22m | unglazed_earthenware_source_v1_basecolor.png[39m[0m
[  83% ] [90m[1m_update_scan_actions[22m | chalkboard_lessons_v1_atlas.png[39m[0m
[  84% ] [90m[1m_update_scan_actions[22m | children_drawings_v1_atlas.png[39m[0m
[  84% ] [90m[1m_update_scan_actions[22m | classroom_map_v1_basecolor.png[39m[0m
[  84% ] [90m[1m_update_scan_actions[22m | costume_tag_v1_basecolor.png[39m[0m
[  84% ] [90m[1m_update_scan_actions[22m | craft_details_v1_atlas.png[39m[0m
[  85% ] [90m[1m_update_scan_actions[22m | herringbone_oak_v1_basecolor.png[39m[0m
[  85% ] [90m[1m_update_scan_actions[22m | museum_towel_v1_basecolor.png[39m[0m
[  85% ] [90m[1m_update_scan_actions[22m | notices_v1_atlas.png[39m[0m
[  85% ] [90m[1m_update_scan_actions[22m | notices_v2_atlas.png[39m[0m
[  86% ] [90m[1m_update_scan_actions[22m | postal_closure_v1_basecolor.png[39m[0m
[  86% ] [90m[1m_update_scan_actions[22m | quest_papers_v1_atlas.png[39m[0m
[  86% ] [90m[1m_update_scan_actions[22m | quest_papers_v2_atlas.png[39m[0m
[  86% ] [90m[1m_update_scan_actions[22m | signs_civic_a_v1_atlas.png[39m[0m
[  87% ] [90m[1m_update_scan_actions[22m | signs_civic_b_v1_atlas.png[39m[0m
[  87% ] [90m[1m_update_scan_actions[22m | signs_civic_b_v2_atlas.png[39m[0m
[  87% ] [90m[1m_update_scan_actions[22m | signs_exterior_v1_atlas.png[39m[0m
[  88% ] [90m[1m_update_scan_actions[22m | tukay_portrait_v1_basecolor.png[39m[0m
[  88% ] [90m[1m_update_scan_actions[22m | act1_menu_winter_v1.png[39m[0m
[  88% ] [90m[1m_update_scan_actions[22m | urman_app_icon_v1.png[39m[0m
[  88% ] [90m[1m_update_scan_actions[22m | desk_lamp_arm_01.glb[39m[0m
[  89% ] [90m[1m_update_scan_actions[22m | desk_lamp_arm_01_desk_lamp_arm_01_arm_1k.jpg[39m[0m
[  89% ] [90m[1m_update_scan_actions[22m | desk_lamp_arm_01_desk_lamp_arm_01_diff_1k.jpg[39m[0m
[  89% ] [90m[1m_update_scan_actions[22m | desk_lamp_arm_01_desk_lamp_arm_01_nor_gl_1k.jpg[39m[0m
[  89% ] [90m[1m_update_scan_actions[22m | metal_office_desk.glb[39m[0m
[  90% ] [90m[1m_update_scan_actions[22m | metal_office_desk_metal_office_desk_arm_1k.jpg[39m[0m
[  90% ] [90m[1m_update_scan_actions[22m | metal_office_desk_metal_office_desk_diff_1k.jpg[39m[0m
[  90% ] [90m[1m_update_scan_actions[22m | metal_office_desk_metal_office_desk_nor_gl_1k.jpg[39m[0m
[  91% ] [90m[1m_update_scan_actions[22m | office_chair.glb[39m[0m
[  91% ] [90m[1m_update_scan_actions[22m | office_chair_chair.png[39m[0m
[  91% ] [90m[1m_update_scan_actions[22m | office_dining_chair.glb[39m[0m
[  91% ] [90m[1m_update_scan_actions[22m | office_dining_chair_dining_chair.png[39m[0m
[  92% ] [90m[1m_update_scan_actions[22m | painted_wooden_bench.glb[39m[0m
[  92% ] [90m[1m_update_scan_actions[22m | painted_wooden_bench_painted_wooden_bench_arm_1k.jpg[39m[0m
[  92% ] [90m[1m_update_scan_actions[22m | painted_wooden_bench_painted_wooden_bench_diff_1k.jpg[39m[0m
[  92% ] [90m[1m_update_scan_actions[22m | painted_wooden_bench_painted_wooden_bench_nor_gl_1k.jpg[39m[0m
[  93% ] [90m[1m_update_scan_actions[22m | painted_wooden_cabinet.glb[39m[0m
[  93% ] [90m[1m_update_scan_actions[22m | painted_wooden_cabinet_painted_wooden_cabinet_arm_1k.jpg[39m[0m
[  93% ] [90m[1m_update_scan_actions[22m | painted_wooden_cabinet_painted_wooden_cabinet_diff_1k.jpg[39m[0m
[  94% ] [90m[1m_update_scan_actions[22m | painted_wooden_cabinet_painted_wooden_cabinet_nor_gl_1k.jpg[39m[0m
[  94% ] [90m[1m_update_scan_actions[22m | rotary_phone.glb[39m[0m
[  94% ] [90m[1m_update_scan_actions[22m | rotary_phone_Image_0.png[39m[0m
[  94% ] [90m[1m_update_scan_actions[22m | rotary_phone_Image_1.png[39m[0m
[  95% ] [90m[1m_update_scan_actions[22m | rotary_phone_Image_2.png[39m[0m
[  95% ] [90m[1m_update_scan_actions[22m | rotary_phone_Image_3.png[39m[0m
[  95% ] [90m[1m_update_scan_actions[22m | rotary_phone_Image_4.png[39m[0m
[  95% ] [90m[1m_update_scan_actions[22m | rotary_phone_Image_5.png[39m[0m
[  96% ] [90m[1m_update_scan_actions[22m | vaz2106_static.glb[39m[0m
[  96% ] [90m[1m_update_scan_actions[22m | vaz2106_static_Image_0.png[39m[0m
[  96% ] [90m[1m_update_scan_actions[22m | vaz2106_static_Image_1.png[39m[0m
[  97% ] [90m[1m_update_scan_actions[22m | vaz2106_static_Image_2.png[39m[0m
[  97% ] [90m[1m_update_scan_actions[22m | vaz2106_static_Image_3.png[39m[0m
[  97% ] [90m[1m_update_scan_actions[22m | vaz2106_static_Image_4.png[39m[0m
[  97% ] [90m[1m_update_scan_actions[22m | vaz2106_static_Image_5.png[39m[0m
[  98% ] [90m[1m_update_scan_actions[22m | vaz2106_static_Image_6.png[39m[0m
[  98% ] [90m[1m_update_scan_actions[22m | vaz2106_static_Image_7.png[39m[0m
[  98% ] [90m[1m_update_scan_actions[22m | vaz2106_static_Image_8.png[39m[0m
[  98% ] [90m[1m_update_scan_actions[22m | vaz2106_static_Image_9.png[39m[0m
[  99% ] [90m[1m_update_scan_actions[22m | vaz2106_static_Image_10.jpg[39m[0m
[  99% ] [90m[1m_update_scan_actions[22m | document_notebook_sheet.png[39m[0m
[92m[ DONE ][39m [1m_update_scan_actions[22m
[0m
[   0% ] [90m[1mreimport[22m | Started Импорт или повторный импорт ассетов (368 steps)[39m[0m
[   0% ] [90m[1mreimport[22m | Подготовка файлов к повторному импорту…[39m[0m
[   0% ] [90m[1mreimport[22m | Подготовка файлов к повторному импорту…[39m[0m
[   0% ] [90m[1mreimport[22m | Подготовка файлов к повторному импорту…[39m[0m
[   0% ] [90m[1mreimport[22m | Подготовка файлов к повторному импорту…[39m[0m
[   1% ] [90m[1mreimport[22m | Подготовка файлов к повторному импорту…[39m[0m
[   1% ] [90m[1mreimport[22m | Подготовка файлов к повторному импорту…[39m[0m
[   1% ] [90m[1mreimport[22m | Подготовка файлов к повторному импорту…[39m[0m
[   1% ] [90m[1mreimport[22m | Подготовка файлов к повторному импорту…[39m[0m
[   2% ] [90m[1mreimport[22m | Подготовка файлов к повторному импорту…[39m[0m
[   2% ] [90m[1mreimport[22m | Подготовка файлов к повторному импорту…[39m[0m
[   2% ] [90m[1mreimport[22m | Подготовка файлов к повторному импорту…[39m[0m
[   2% ] [90m[1mreimport[22m | Подготовка файлов к повторному импорту…[39m[0m
[   3% ] [90m[1mreimport[22m | Подготовка файлов к повторному импорту…[39m[0m
[   3% ] [90m[1mreimport[22m | Подготовка файлов к повторному импорту…[39m[0m
[   3% ] [90m[1mreimport[22m | Подготовка файлов к повторному импорту…[39m[0m
[   4% ] [90m[1mreimport[22m | Подготовка файлов к повторному импорту…[39m[0m
[   4% ] [90m[1mreimport[22m | Подготовка файлов к повторному импорту…[39m[0m
[   4% ] [90m[1mreimport[22m | Подготовка файлов к повторному импорту…[39m[0m
[   4% ] [90m[1mreimport[22m | Подготовка файлов к повторному импорту…[39m[0m
[   5% ] [90m[1mreimport[22m | Подготовка файлов к повторному импорту…[39m[0m
[   5% ] [90m[1mreimport[22m | Подготовка файлов к повторному импорту…[39m[0m
[   5% ] [90m[1mreimport[22m | Подготовка файлов к повторному импорту…[39m[0m
[   5% ] [90m[1mreimport[22m | Подготовка файлов к повторному импорту…[39m[0m
[   6% ] [90m[1mreimport[22m | Подготовка файлов к повторному импорту…[39m[0m
[   6% ] [90m[1mreimport[22m | Подготовка файлов к повторному импорту…[39m[0m
[   6% ] [90m[1mreimport[22m | Подготовка файлов к повторному импорту…[39m[0m
[   7% ] [90m[1mreimport[22m | Подготовка файлов к повторному импорту…[39m[0m
[   7% ] [90m[1mreimport[22m | Подготовка файлов к повторному импорту…[39m[0m
[   7% ] [90m[1mreimport[22m | Подготовка файлов к повторному импорту…[39m[0m
[   7% ] [90m[1mreimport[22m | Подготовка файлов к повторному импорту…[39m[0m
[   8% ] [90m[1mreimport[22m | Подготовка файлов к повторному импорту…[39m[0m
[   8% ] [90m[1mreimport[22m | Подготовка файлов к повторному импорту…[39m[0m
[   8% ] [90m[1mreimport[22m | Подготовка файлов к повторному импорту…[39m[0m
[   8% ] [90m[1mreimport[22m | Подготовка файлов к повторному импорту…[39m[0m
[   9% ] [90m[1mreimport[22m | Подготовка файлов к повторному импорту…[39m[0m
[   9% ] [90m[1mreimport[22m | Подготовка файлов к повторному импорту…[39m[0m
[   9% ] [90m[1mreimport[22m | Подготовка файлов к повторному импорту…[39m[0m
[  10% ] [90m[1mreimport[22m | Подготовка файлов к повторному импорту…[39m[0m
[  10% ] [90m[1mreimport[22m | Подготовка файлов к повторному импорту…[39m[0m
[  10% ] [90m[1mreimport[22m | Подготовка файлов к повторному импорту…[39m[0m
[  10% ] [90m[1mreimport[22m | Подготовка файлов к повторному импорту…[39m[0m
[  11% ] [90m[1mreimport[22m | Подготовка файлов к повторному импорту…[39m[0m
[  11% ] [90m[1mreimport[22m | Подготовка файлов к повторному импорту…[39m[0m
[  11% ] [90m[1mreimport[22m | Подготовка файлов к повторному импорту…[39m[0m
[  11% ] [90m[1mreimport[22m | Подготовка файлов к повторному импорту…[39m[0m
[  12% ] [90m[1mreimport[22m | Подготовка файлов к повторному импорту…[39m[0m
[  12% ] [90m[1mreimport[22m | Подготовка файлов к повторному импорту…[39m[0m
[  12% ] [90m[1mreimport[22m | Подготовка файлов к повторному импорту…[39m[0m
[  13% ] [90m[1mreimport[22m | Подготовка файлов к повторному импорту…[39m[0m
[  13% ] [90m[1mreimport[22m | Подготовка файлов к повторному импорту…[39m[0m
[  13% ] [90m[1mreimport[22m | Подготовка файлов к повторному импорту…[39m[0m
[  13% ] [90m[1mreimport[22m | Подготовка файлов к повторному импорту…[39m[0m
[  14% ] [90m[1mreimport[22m | Подготовка файлов к повторному импорту…[39m[0m
[  14% ] [90m[1mreimport[22m | Подготовка файлов к повторному импорту…[39m[0m
[  14% ] [90m[1mreimport[22m | Подготовка файлов к повторному импорту…[39m[0m
[  14% ] [90m[1mreimport[22m | Подготовка файлов к повторному импорту…[39m[0m
[  15% ] [90m[1mreimport[22m | Подготовка файлов к повторному импорту…[39m[0m
[  15% ] [90m[1mreimport[22m | Подготовка файлов к повторному импорту…[39m[0m
[  15% ] [90m[1mreimport[22m | Подготовка файлов к повторному импорту…[39m[0m
[  15% ] [90m[1mreimport[22m | Подготовка файлов к повторному импорту…[39m[0m
[  16% ] [90m[1mreimport[22m | Подготовка файлов к повторному импорту…[39m[0m
[  16% ] [90m[1mreimport[22m | Подготовка файлов к повторному импорту…[39m[0m
[  16% ] [90m[1mreimport[22m | Подготовка файлов к повторному импорту…[39m[0m
[  17% ] [90m[1mreimport[22m | Подготовка файлов к повторному импорту…[39m[0m
[  17% ] [90m[1mreimport[22m | Подготовка файлов к повторному импорту…[39m[0m
[  17% ] [90m[1mreimport[22m | Подготовка файлов к повторному импорту…[39m[0m
[  17% ] [90m[1mreimport[22m | Подготовка файлов к повторному импорту…[39m[0m
[  18% ] [90m[1mreimport[22m | Подготовка файлов к повторному импорту…[39m[0m
[  18% ] [90m[1mreimport[22m | Подготовка файлов к повторному импорту…[39m[0m
[  18% ] [90m[1mreimport[22m | Подготовка файлов к повторному импорту…[39m[0m
[  18% ] [90m[1mreimport[22m | Подготовка файлов к повторному импорту…[39m[0m
[  19% ] [90m[1mreimport[22m | Подготовка файлов к повторному импорту…[39m[0m
[  19% ] [90m[1mreimport[22m | Подготовка файлов к повторному импорту…[39m[0m
[  19% ] [90m[1mreimport[22m | Подготовка файлов к повторному импорту…[39m[0m
[  20% ] [90m[1mreimport[22m | Подготовка файлов к повторному импорту…[39m[0m
[  20% ] [90m[1mreimport[22m | Подготовка файлов к повторному импорту…[39m[0m
[  20% ] [90m[1mreimport[22m | Подготовка файлов к повторному импорту…[39m[0m
[  20% ] [90m[1mreimport[22m | Подготовка файлов к повторному импорту…[39m[0m
[  21% ] [90m[1mreimport[22m | Подготовка файлов к повторному импорту…[39m[0m
[  21% ] [90m[1mreimport[22m | Подготовка файлов к повторному импорту…[39m[0m
[  21% ] [90m[1mreimport[22m | Подготовка файлов к повторному импорту…[39m[0m
[  21% ] [90m[1mreimport[22m | Подготовка файлов к повторному импорту…[39m[0m
[  22% ] [90m[1mreimport[22m | Подготовка файлов к повторному импорту…[39m[0m
[  22% ] [90m[1mreimport[22m | Подготовка файлов к повторному импорту…[39m[0m
[  22% ] [90m[1mreimport[22m | Подготовка файлов к повторному импорту…[39m[0m
[  23% ] [90m[1mreimport[22m | Подготовка файлов к повторному импорту…[39m[0m
[  23% ] [90m[1mreimport[22m | Подготовка файлов к повторному импорту…[39m[0m
[  23% ] [90m[1mreimport[22m | Подготовка файлов к повторному импорту…[39m[0m
[  23% ] [90m[1mreimport[22m | Подготовка файлов к повторному импорту…[39m[0m
[  24% ] [90m[1mreimport[22m | Подготовка файлов к повторному импорту…[39m[0m
[  24% ] [90m[1mreimport[22m | Подготовка файлов к повторному импорту…[39m[0m
[  24% ] [90m[1mreimport[22m | Подготовка файлов к повторному импорту…[39m[0m
[  24% ] [90m[1mreimport[22m | Подготовка файлов к повторному импорту…[39m[0m
[  25% ] [90m[1mreimport[22m | Подготовка файлов к повторному импорту…[39m[0m
[  25% ] [90m[1mreimport[22m | Подготовка файлов к повторному импорту…[39m[0m
[  25% ] [90m[1mreimport[22m | Подготовка файлов к повторному импорту…[39m[0m
[  26% ] [90m[1mreimport[22m | Подготовка файлов к повторному импорту…[39m[0m
[  26% ] [90m[1mreimport[22m | Подготовка файлов к повторному импорту…[39m[0m
[  26% ] [90m[1mreimport[22m | Подготовка файлов к повторному импорту…[39m[0m
[  26% ] [90m[1mreimport[22m | Подготовка файлов к повторному импорту…[39m[0m
[  27% ] [90m[1mreimport[22m | Подготовка файлов к повторному импорту…[39m[0m
[  27% ] [90m[1mreimport[22m | Подготовка файлов к повторному импорту…[39m[0m
[  27% ] [90m[1mreimport[22m | Подготовка файлов к повторному импорту…[39m[0m
[  27% ] [90m[1mreimport[22m | Подготовка файлов к повторному импорту…[39m[0m
[  28% ] [90m[1mreimport[22m | Подготовка файлов к повторному импорту…[39m[0m
[  28% ] [90m[1mreimport[22m | Подготовка файлов к повторному импорту…[39m[0m
[  28% ] [90m[1mreimport[22m | Подготовка файлов к повторному импорту…[39m[0m
[  28% ] [90m[1mreimport[22m | Подготовка файлов к повторному импорту…[39m[0m
[  29% ] [90m[1mreimport[22m | Подготовка файлов к повторному импорту…[39m[0m
[  29% ] [90m[1mreimport[22m | Подготовка файлов к повторному импорту…[39m[0m
[  29% ] [90m[1mreimport[22m | Подготовка файлов к повторному импорту…[39m[0m
[  30% ] [90m[1mreimport[22m | Подготовка файлов к повторному импорту…[39m[0m
[  30% ] [90m[1mreimport[22m | Подготовка файлов к повторному импорту…[39m[0m
[  30% ] [90m[1mreimport[22m | Подготовка файлов к повторному импорту…[39m[0m
[  30% ] [90m[1mreimport[22m | Подготовка файлов к повторному импорту…[39m[0m
[  31% ] [90m[1mreimport[22m | Подготовка файлов к повторному импорту…[39m[0m
[  31% ] [90m[1mreimport[22m | Подготовка файлов к повторному импорту…[39m[0m
[  31% ] [90m[1mreimport[22m | Подготовка файлов к повторному импорту…[39m[0m
[  31% ] [90m[1mreimport[22m | Подготовка файлов к повторному импорту…[39m[0m
[  32% ] [90m[1mreimport[22m | Подготовка файлов к повторному импорту…[39m[0m
[  32% ] [90m[1mreimport[22m | Подготовка файлов к повторному импорту…[39m[0m
[  32% ] [90m[1mreimport[22m | Подготовка файлов к повторному импорту…[39m[0m
[  33% ] [90m[1mreimport[22m | Подготовка файлов к повторному импорту…[39m[0m
[  33% ] [90m[1mreimport[22m | Подготовка файлов к повторному импорту…[39m[0m
[  33% ] [90m[1mreimport[22m | Подготовка файлов к повторному импорту…[39m[0m
[  33% ] [90m[1mreimport[22m | Подготовка файлов к повторному импорту…[39m[0m
[  34% ] [90m[1mreimport[22m | Подготовка файлов к повторному импорту…[39m[0m
[  34% ] [90m[1mreimport[22m | Подготовка файлов к повторному импорту…[39m[0m
[  34% ] [90m[1mreimport[22m | Подготовка файлов к повторному импорту…[39m[0m
[  34% ] [90m[1mreimport[22m | Подготовка файлов к повторному импорту…[39m[0m
[  35% ] [90m[1mreimport[22m | Подготовка файлов к повторному импорту…[39m[0m
[  35% ] [90m[1mreimport[22m | Подготовка файлов к повторному импорту…[39m[0m
[  35% ] [90m[1mreimport[22m | Подготовка файлов к повторному импорту…[39m[0m
[  36% ] [90m[1mreimport[22m | Подготовка файлов к повторному импорту…[39m[0m
[  36% ] [90m[1mreimport[22m | Подготовка файлов к повторному импорту…[39m[0m
[  36% ] [90m[1mreimport[22m | Подготовка файлов к повторному импорту…[39m[0m
[  36% ] [90m[1mreimport[22m | Подготовка файлов к повторному импорту…[39m[0m
[  37% ] [90m[1mreimport[22m | Подготовка файлов к повторному импорту…[39m[0m
[  37% ] [90m[1mreimport[22m | Подготовка файлов к повторному импорту…[39m[0m
[  37% ] [90m[1mreimport[22m | Подготовка файлов к повторному импорту…[39m[0m
[  37% ] [90m[1mreimport[22m | Подготовка файлов к повторному импорту…[39m[0m
[  38% ] [90m[1mreimport[22m | Подготовка файлов к повторному импорту…[39m[0m
[  38% ] [90m[1mreimport[22m | Подготовка файлов к повторному импорту…[39m[0m
[  38% ] [90m[1mreimport[22m | Подготовка файлов к повторному импорту…[39m[0m
[  39% ] [90m[1mreimport[22m | Подготовка файлов к повторному импорту…[39m[0m
[  39% ] [90m[1mreimport[22m | Подготовка файлов к повторному импорту…[39m[0m
[  39% ] [90m[1mreimport[22m | Подготовка файлов к повторному импорту…[39m[0m
[  39% ] [90m[1mreimport[22m | Подготовка файлов к повторному импорту…[39m[0m
[  40% ] [90m[1mreimport[22m | Подготовка файлов к повторному импорту…[39m[0m
[  40% ] [90m[1mreimport[22m | Подготовка файлов к повторному импорту…[39m[0m
[  40% ] [90m[1mreimport[22m | Подготовка файлов к повторному импорту…[39m[0m
[  40% ] [90m[1mreimport[22m | Подготовка файлов к повторному импорту…[39m[0m
[  41% ] [90m[1mreimport[22m | Подготовка файлов к повторному импорту…[39m[0m
[  41% ] [90m[1mreimport[22m | Подготовка файлов к повторному импорту…[39m[0m
[  41% ] [90m[1mreimport[22m | Подготовка файлов к повторному импорту…[39m[0m
[  42% ] [90m[1mreimport[22m | Подготовка файлов к повторному импорту…[39m[0m
[  42% ] [90m[1mreimport[22m | Подготовка файлов к повторному импорту…[39m[0m
[  42% ] [90m[1mreimport[22m | Подготовка файлов к повторному импорту…[39m[0m
[  42% ] [90m[1mreimport[22m | Подготовка файлов к повторному импорту…[39m[0m
[  43% ] [90m[1mreimport[22m | Подготовка файлов к повторному импорту…[39m[0m
[  43% ] [90m[1mreimport[22m | Подготовка файлов к повторному импорту…[39m[0m
[  43% ] [90m[1mreimport[22m | Подготовка файлов к повторному импорту…[39m[0m
[  43% ] [90m[1mreimport[22m | Подготовка файлов к повторному импорту…[39m[0m
[  44% ] [90m[1mreimport[22m | Подготовка файлов к повторному импорту…[39m[0m
[  44% ] [90m[1mreimport[22m | Подготовка файлов к повторному импорту…[39m[0m
[  44% ] [90m[1mreimport[22m | Подготовка файлов к повторному импорту…[39m[0m
[  44% ] [90m[1mreimport[22m | Подготовка файлов к повторному импорту…[39m[0m
[  45% ] [90m[1mreimport[22m | Подготовка файлов к повторному импорту…[39m[0m
[  45% ] [90m[1mreimport[22m | Подготовка файлов к повторному импорту…[39m[0m
[  45% ] [90m[1mreimport[22m | Подготовка файлов к повторному импорту…[39m[0m
[  46% ] [90m[1mreimport[22m | Подготовка файлов к повторному импорту…[39m[0m
[  46% ] [90m[1mreimport[22m | Подготовка файлов к повторному импорту…[39m[0m
[  46% ] [90m[1mreimport[22m | Подготовка файлов к повторному импорту…[39m[0m
[  46% ] [90m[1mreimport[22m | Подготовка файлов к повторному импорту…[39m[0m
[  47% ] [90m[1mreimport[22m | Подготовка файлов к повторному импорту…[39m[0m
[  47% ] [90m[1mreimport[22m | Подготовка файлов к повторному импорту…[39m[0m
[  47% ] [90m[1mreimport[22m | Подготовка файлов к повторному импорту…[39m[0m
[  47% ] [90m[1mreimport[22m | Подготовка файлов к повторному импорту…[39m[0m
[  48% ] [90m[1mreimport[22m | Подготовка файлов к повторному импорту…[39m[0m
[  48% ] [90m[1mreimport[22m | Подготовка файлов к повторному импорту…[39m[0m
[  48% ] [90m[1mreimport[22m | Подготовка файлов к повторному импорту…[39m[0m
[  49% ] [90m[1mreimport[22m | Подготовка файлов к повторному импорту…[39m[0m
[  49% ] [90m[1mreimport[22m | Подготовка файлов к повторному импорту…[39m[0m
[  49% ] [90m[1mreimport[22m | Подготовка файлов к повторному импорту…[39m[0m
[  49% ] [90m[1mreimport[22m | Подготовка файлов к повторному импорту…[39m[0m
[  50% ] [90m[1mreimport[22m | Подготовка файлов к повторному импорту…[39m[0m
[  50% ] [90m[1mreimport[22m | Подготовка файлов к повторному импорту…[39m[0m
[  50% ] [90m[1mreimport[22m | Подготовка файлов к повторному импорту…[39m[0m
[  50% ] [90m[1mreimport[22m | Подготовка файлов к повторному импорту…[39m[0m
[  51% ] [90m[1mreimport[22m | Подготовка файлов к повторному импорту…[39m[0m
[  51% ] [90m[1mreimport[22m | Подготовка файлов к повторному импорту…[39m[0m
[  51% ] [90m[1mreimport[22m | Подготовка файлов к повторному импорту…[39m[0m
[  52% ] [90m[1mreimport[22m | Подготовка файлов к повторному импорту…[39m[0m
[  52% ] [90m[1mreimport[22m | Подготовка файлов к повторному импорту…[39m[0m
[  52% ] [90m[1mreimport[22m | Подготовка файлов к повторному импорту…[39m[0m
[  52% ] [90m[1mreimport[22m | Подготовка файлов к повторному импорту…[39m[0m
[  53% ] [90m[1mreimport[22m | Подготовка файлов к повторному импорту…[39m[0m
[  53% ] [90m[1mreimport[22m | Подготовка файлов к повторному импорту…[39m[0m
[  53% ] [90m[1mreimport[22m | Подготовка файлов к повторному импорту…[39m[0m
[  53% ] [90m[1mreimport[22m | Подготовка файлов к повторному импорту…[39m[0m
[  54% ] [90m[1mreimport[22m | Подготовка файлов к повторному импорту…[39m[0m
[  54% ] [90m[1mreimport[22m | Подготовка файлов к повторному импорту…[39m[0m
[  54% ] [90m[1mreimport[22m | Подготовка файлов к повторному импорту…[39m[0m
[  55% ] [90m[1mreimport[22m | Подготовка файлов к повторному импорту…[39m[0m
[  55% ] [90m[1mreimport[22m | Подготовка файлов к повторному импорту…[39m[0m
[  55% ] [90m[1mreimport[22m | Подготовка файлов к повторному импорту…[39m[0m
[  55% ] [90m[1mreimport[22m | Подготовка файлов к повторному импорту…[39m[0m
[  56% ] [90m[1mreimport[22m | Подготовка файлов к повторному импорту…[39m[0m
[  56% ] [90m[1mreimport[22m | Подготовка файлов к повторному импорту…[39m[0m
[  56% ] [90m[1mreimport[22m | Подготовка файлов к повторному импорту…[39m[0m
[  56% ] [90m[1mreimport[22m | Подготовка файлов к повторному импорту…[39m[0m
[  57% ] [90m[1mreimport[22m | Подготовка файлов к повторному импорту…[39m[0m
[  57% ] [90m[1mreimport[22m | Подготовка файлов к повторному импорту…[39m[0m
[  57% ] [90m[1mreimport[22m | Подготовка файлов к повторному импорту…[39m[0m
[  57% ] [90m[1mreimport[22m | Подготовка файлов к повторному импорту…[39m[0m
[  58% ] [90m[1mreimport[22m | Подготовка файлов к повторному импорту…[39m[0m
[  58% ] [90m[1mreimport[22m | Подготовка файлов к повторному импорту…[39m[0m
[  58% ] [90m[1mreimport[22m | Подготовка файлов к повторному импорту…[39m[0m
[  59% ] [90m[1mreimport[22m | Подготовка файлов к повторному импорту…[39m[0m
[  59% ] [90m[1mreimport[22m | Подготовка файлов к повторному импорту…[39m[0m
[  59% ] [90m[1mreimport[22m | Подготовка файлов к повторному импорту…[39m[0m
[  59% ] [90m[1mreimport[22m | Подготовка файлов к повторному импорту…[39m[0m
[  60% ] [90m[1mreimport[22m | Подготовка файлов к повторному импорту…[39m[0m
[  60% ] [90m[1mreimport[22m | Подготовка файлов к повторному импорту…[39m[0m
[  60% ] [90m[1mreimport[22m | Подготовка файлов к повторному импорту…[39m[0m
[  60% ] [90m[1mreimport[22m | Подготовка файлов к повторному импорту…[39m[0m
[  61% ] [90m[1mreimport[22m | Подготовка файлов к повторному импорту…[39m[0m
[  61% ] [90m[1mreimport[22m | Подготовка файлов к повторному импорту…[39m[0m
[  61% ] [90m[1mreimport[22m | Подготовка файлов к повторному импорту…[39m[0m
[  62% ] [90m[1mreimport[22m | Подготовка файлов к повторному импорту…[39m[0m
[  62% ] [90m[1mreimport[22m | Подготовка файлов к повторному импорту…[39m[0m
[  62% ] [90m[1mreimport[22m | Подготовка файлов к повторному импорту…[39m[0m
[  62% ] [90m[1mreimport[22m | Подготовка файлов к повторному импорту…[39m[0m
[  63% ] [90m[1mreimport[22m | Подготовка файлов к повторному импорту…[39m[0m
[  63% ] [90m[1mreimport[22m | Подготовка файлов к повторному импорту…[39m[0m
[  63% ] [90m[1mreimport[22m | Подготовка файлов к повторному импорту…[39m[0m
[  63% ] [90m[1mreimport[22m | Подготовка файлов к повторному импорту…[39m[0m
[  64% ] [90m[1mreimport[22m | Подготовка файлов к повторному импорту…[39m[0m
[  64% ] [90m[1mreimport[22m | Подготовка файлов к повторному импорту…[39m[0m
[  64% ] [90m[1mreimport[22m | Подготовка файлов к повторному импорту…[39m[0m
[  65% ] [90m[1mreimport[22m | Подготовка файлов к повторному импорту…[39m[0m
[  65% ] [90m[1mreimport[22m | Подготовка файлов к повторному импорту…[39m[0m
[  65% ] [90m[1mreimport[22m | Подготовка файлов к повторному импорту…[39m[0m
[  65% ] [90m[1mreimport[22m | Подготовка файлов к повторному импорту…[39m[0m
[  66% ] [90m[1mreimport[22m | Подготовка файлов к повторному импорту…[39m[0m
[  66% ] [90m[1mreimport[22m | Подготовка файлов к повторному импорту…[39m[0m
[  66% ] [90m[1mreimport[22m | Подготовка файлов к повторному импорту…[39m[0m
[  66% ] [90m[1mreimport[22m | Подготовка файлов к повторному импорту…[39m[0m
[  67% ] [90m[1mreimport[22m | Подготовка файлов к повторному импорту…[39m[0m
[  67% ] [90m[1mreimport[22m | Подготовка файлов к повторному импорту…[39m[0m
[  67% ] [90m[1mreimport[22m | Подготовка файлов к повторному импорту…[39m[0m
[  68% ] [90m[1mreimport[22m | Подготовка файлов к повторному импорту…[39m[0m
[  68% ] [90m[1mreimport[22m | Подготовка файлов к повторному импорту…[39m[0m
[  68% ] [90m[1mreimport[22m | Подготовка файлов к повторному импорту…[39m[0m
[  68% ] [90m[1mreimport[22m | Подготовка файлов к повторному импорту…[39m[0m
[  69% ] [90m[1mreimport[22m | Подготовка файлов к повторному импорту…[39m[0m
[  69% ] [90m[1mreimport[22m | Подготовка файлов к повторному импорту…[39m[0m
[  69% ] [90m[1mreimport[22m | Подготовка файлов к повторному импорту…[39m[0m
[  69% ] [90m[1mreimport[22m | Подготовка файлов к повторному импорту…[39m[0m
[  70% ] [90m[1mreimport[22m | Подготовка файлов к повторному импорту…[39m[0m
[  70% ] [90m[1mreimport[22m | Подготовка файлов к повторному импорту…[39m[0m
[  70% ] [90m[1mreimport[22m | Подготовка файлов к повторному импорту…[39m[0m
[  71% ] [90m[1mreimport[22m | Подготовка файлов к повторному импорту…[39m[0m
[  71% ] [90m[1mreimport[22m | Подготовка файлов к повторному импорту…[39m[0m
[  71% ] [90m[1mreimport[22m | Подготовка файлов к повторному импорту…[39m[0m
[  71% ] [90m[1mreimport[22m | Подготовка файлов к повторному импорту…[39m[0m
[  72% ] [90m[1mreimport[22m | Подготовка файлов к повторному импорту…[39m[0m
[  72% ] [90m[1mreimport[22m | Подготовка файлов к повторному импорту…[39m[0m
[  72% ] [90m[1mreimport[22m | Подготовка файлов к повторному импорту…[39m[0m
[  72% ] [90m[1mreimport[22m | Подготовка файлов к повторному импорту…[39m[0m
[  73% ] [90m[1mreimport[22m | Подготовка файлов к повторному импорту…[39m[0m
[  73% ] [90m[1mreimport[22m | Подготовка файлов к повторному импорту…[39m[0m
[  73% ] [90m[1mreimport[22m | Подготовка файлов к повторному импорту…[39m[0m
[  73% ] [90m[1mreimport[22m | Подготовка файлов к повторному импорту…[39m[0m
[  74% ] [90m[1mreimport[22m | Подготовка файлов к повторному импорту…[39m[0m
[  74% ] [90m[1mreimport[22m | Подготовка файлов к повторному импорту…[39m[0m
[  74% ] [90m[1mreimport[22m | Подготовка файлов к повторному импорту…[39m[0m
[  75% ] [90m[1mreimport[22m | Подготовка файлов к повторному импорту…[39m[0m
[  75% ] [90m[1mreimport[22m | Подготовка файлов к повторному импорту…[39m[0m
[  75% ] [90m[1mreimport[22m | Подготовка файлов к повторному импорту…[39m[0m
[  75% ] [90m[1mreimport[22m | Подготовка файлов к повторному импорту…[39m[0m
[  76% ] [90m[1mreimport[22m | Подготовка файлов к повторному импорту…[39m[0m
[  76% ] [90m[1mreimport[22m | Подготовка файлов к повторному импорту…[39m[0m
[  76% ] [90m[1mreimport[22m | Подготовка файлов к повторному импорту…[39m[0m
[  76% ] [90m[1mreimport[22m | Подготовка файлов к повторному импорту…[39m[0m
[  77% ] [90m[1mreimport[22m | Подготовка файлов к повторному импорту…[39m[0m
[  77% ] [90m[1mreimport[22m | Подготовка файлов к повторному импорту…[39m[0m
[  77% ] [90m[1mreimport[22m | Подготовка файлов к повторному импорту…[39m[0m
[  78% ] [90m[1mreimport[22m | Подготовка файлов к повторному импорту…[39m[0m
[  78% ] [90m[1mreimport[22m | Подготовка файлов к повторному импорту…[39m[0m
[  78% ] [90m[1mreimport[22m | Подготовка файлов к повторному импорту…[39m[0m
[  78% ] [90m[1mreimport[22m | Подготовка файлов к повторному импорту…[39m[0m
[  79% ] [90m[1mreimport[22m | Подготовка файлов к повторному импорту…[39m[0m
[  79% ] [90m[1mreimport[22m | Подготовка файлов к повторному импорту…[39m[0m
[  79% ] [90m[1mreimport[22m | Подготовка файлов к повторному импорту…[39m[0m
[  79% ] [90m[1mreimport[22m | Подготовка файлов к повторному импорту…[39m[0m
[  80% ] [90m[1mreimport[22m | Подготовка файлов к повторному импорту…[39m[0m
[  80% ] [90m[1mreimport[22m | Подготовка файлов к повторному импорту…[39m[0m
[  80% ] [90m[1mreimport[22m | Подготовка файлов к повторному импорту…[39m[0m
[  81% ] [90m[1mreimport[22m | Подготовка файлов к повторному импорту…[39m[0m
[  81% ] [90m[1mreimport[22m | Подготовка файлов к повторному импорту…[39m[0m
[  81% ] [90m[1mreimport[22m | Подготовка файлов к повторному импорту…[39m[0m
[  81% ] [90m[1mreimport[22m | Подготовка файлов к повторному импорту…[39m[0m
[  82% ] [90m[1mreimport[22m | Подготовка файлов к повторному импорту…[39m[0m
[  82% ] [90m[1mreimport[22m | Подготовка файлов к повторному импорту…[39m[0m
[  82% ] [90m[1mreimport[22m | Подготовка файлов к повторному импорту…[39m[0m
[  82% ] [90m[1mreimport[22m | Подготовка файлов к повторному импорту…[39m[0m
[  83% ] [90m[1mreimport[22m | Подготовка файлов к повторному импорту…[39m[0m
[  83% ] [90m[1mreimport[22m | Подготовка файлов к повторному импорту…[39m[0m
[  83% ] [90m[1mreimport[22m | Подготовка файлов к повторному импорту…[39m[0m
[  84% ] [90m[1mreimport[22m | Подготовка файлов к повторному импорту…[39m[0m
[  84% ] [90m[1mreimport[22m | Подготовка файлов к повторному импорту…[39m[0m
[  84% ] [90m[1mreimport[22m | Подготовка файлов к повторному импорту…[39m[0m
[  84% ] [90m[1mreimport[22m | Подготовка файлов к повторному импорту…[39m[0m
[  85% ] [90m[1mreimport[22m | Подготовка файлов к повторному импорту…[39m[0m
[  85% ] [90m[1mreimport[22m | Подготовка файлов к повторному импорту…[39m[0m
[  85% ] [90m[1mreimport[22m | Подготовка файлов к повторному импорту…[39m[0m
[  85% ] [90m[1mreimport[22m | Подготовка файлов к повторному импорту…[39m[0m
[  86% ] [90m[1mreimport[22m | Подготовка файлов к повторному импорту…[39m[0m
[  86% ] [90m[1mreimport[22m | Подготовка файлов к повторному импорту…[39m[0m
[  86% ] [90m[1mreimport[22m | Подготовка файлов к повторному импорту…[39m[0m
[  86% ] [90m[1mreimport[22m | Подготовка файлов к повторному импорту…[39m[0m
[  87% ] [90m[1mreimport[22m | Подготовка файлов к повторному импорту…[39m[0m
[  87% ] [90m[1mreimport[22m | Подготовка файлов к повторному импорту…[39m[0m
[  87% ] [90m[1mreimport[22m | Подготовка файлов к повторному импорту…[39m[0m
[  88% ] [90m[1mreimport[22m | Подготовка файлов к повторному импорту…[39m[0m
[  88% ] [90m[1mreimport[22m | Подготовка файлов к повторному импорту…[39m[0m
[  88% ] [90m[1mreimport[22m | Подготовка файлов к повторному импорту…[39m[0m
[  88% ] [90m[1mreimport[22m | Подготовка файлов к повторному импорту…[39m[0m
[  89% ] [90m[1mreimport[22m | Подготовка файлов к повторному импорту…[39m[0m
[  89% ] [90m[1mreimport[22m | Подготовка файлов к повторному импорту…[39m[0m
[  89% ] [90m[1mreimport[22m | Подготовка файлов к повторному импорту…[39m[0m
[  89% ] [90m[1mreimport[22m | Подготовка файлов к повторному импорту…[39m[0m
[  90% ] [90m[1mreimport[22m | Подготовка файлов к повторному импорту…[39m[0m
[  90% ] [90m[1mreimport[22m | Подготовка файлов к повторному импорту…[39m[0m
[  90% ] [90m[1mreimport[22m | Подготовка файлов к повторному импорту…[39m[0m
[  91% ] [90m[1mreimport[22m | Подготовка файлов к повторному импорту…[39m[0m
[  91% ] [90m[1mreimport[22m | Подготовка файлов к повторному импорту…[39m[0m
[  91% ] [90m[1mreimport[22m | Подготовка файлов к повторному импорту…[39m[0m
[  91% ] [90m[1mreimport[22m | Подготовка файлов к повторному импорту…[39m[0m
[  92% ] [90m[1mreimport[22m | Подготовка файлов к повторному импорту…[39m[0m
[  92% ] [90m[1mreimport[22m | Подготовка файлов к повторному импорту…[39m[0m
[  92% ] [90m[1mreimport[22m | Подготовка файлов к повторному импорту…[39m[0m
[  92% ] [90m[1mreimport[22m | Подготовка файлов к повторному импорту…[39m[0m
[  93% ] [90m[1mreimport[22m | Подготовка файлов к повторному импорту…[39m[0m
[  93% ] [90m[1mreimport[22m | Подготовка файлов к повторному импорту…[39m[0m
[  93% ] [90m[1mreimport[22m | Подготовка файлов к повторному импорту…[39m[0m
[  94% ] [90m[1mreimport[22m | Подготовка файлов к повторному импорту…[39m[0m
[  94% ] [90m[1mreimport[22m | Подготовка файлов к повторному импорту…[39m[0m
[  94% ] [90m[1mreimport[22m | Подготовка файлов к повторному импорту…[39m[0m
[  94% ] [90m[1mreimport[22m | Подготовка файлов к повторному импорту…[39m[0m
[  95% ] [90m[1mreimport[22m | Подготовка файлов к повторному импорту…[39m[0m
[  95% ] [90m[1mreimport[22m | Подготовка файлов к повторному импорту…[39m[0m
[  95% ] [90m[1mreimport[22m | Подготовка файлов к повторному импорту…[39m[0m
[  95% ] [90m[1mreimport[22m | Подготовка файлов к повторному импорту…[39m[0m
[  96% ] [90m[1mreimport[22m | Подготовка файлов к повторному импорту…[39m[0m
[  96% ] [90m[1mreimport[22m | Подготовка файлов к повторному импорту…[39m[0m
[  96% ] [90m[1mreimport[22m | Подготовка файлов к повторному импорту…[39m[0m
[  97% ] [90m[1mreimport[22m | Подготовка файлов к повторному импорту…[39m[0m
[  97% ] [90m[1mreimport[22m | Подготовка файлов к повторному импорту…[39m[0m
[  97% ] [90m[1mreimport[22m | Подготовка файлов к повторному импорту…[39m[0m
[  97% ] [90m[1mreimport[22m | Подготовка файлов к повторному импорту…[39m[0m
[  98% ] [90m[1mreimport[22m | Подготовка файлов к повторному импорту…[39m[0m
[  98% ] [90m[1mreimport[22m | Подготовка файлов к повторному импорту…[39m[0m
[  98% ] [90m[1mreimport[22m | Подготовка файлов к повторному импорту…[39m[0m
[  98% ] [90m[1mreimport[22m | Подготовка файлов к повторному импорту…[39m[0m
[  99% ] [90m[1mreimport[22m | Подготовка файлов к повторному импорту…[39m[0m
[  99% ] [90m[1mreimport[22m | Подготовка файлов к повторному импорту…[39m[0m
[   0% ] [90m[1mreimport[22m | Выполнение предимпортных операций…[39m[0m
[   0% ] [90m[1mreimport[22m | PT_Sans-Narrow-Web-Bold.ttf[39m[0m
[   0% ] [90m[1mreimport[22m | PT_Sans-Narrow-Web-Regular.ttf[39m[0m
[   0% ] [90m[1mreimport[22m | PT_Sans-Web-Bold.ttf[39m[0m
[   0% ] [90m[1mreimport[22m | PT_Sans-Web-Italic.ttf[39m[0m
[   1% ] [90m[1mreimport[22m | PT_Sans-Web-Regular.ttf[39m[0m
[   1% ] [90m[1mreimport[22m | roof_slate_v1_albedo.png[39m[0m
[   1% ] [90m[1mreimport[22m | roof_shingle_v3_albedo.png[39m[0m
[   1% ] [90m[1mreimport[22m | roof_metal_v2_albedo.png[39m[0m
[   2% ] [90m[1mreimport[22m | pine_foliage_v3_albedo.png[39m[0m
[   2% ] [90m[1mreimport[22m | pine_foliage_v2_albedo.png[39m[0m
[   2% ] [90m[1mreimport[22m | pine_foliage_albedo.png[39m[0m
[   2% ] [90m[1mreimport[22m | ornament_trim_v1_albedo.png[39m[0m
[   3% ] [90m[1mreimport[22m | old_fabric_v3_albedo.png[39m[0m
[   3% ] [90m[1mreimport[22m | old_fabric_v2_albedo.png[39m[0m
[   3% ] [90m[1mreimport[22m | mossy_stone_v3_albedo.png[39m[0m
[   4% ] [90m[1mreimport[22m | mossy_stone_v2_albedo.png[39m[0m
[   4% ] [90m[1mreimport[22m | log_wall_v2_albedo.png[39m[0m
[   4% ] [90m[1mreimport[22m | log_wall_v1_albedo.png[39m[0m
[   4% ] [90m[1mreimport[22m | leaf_birch_v2_albedo.png[39m[0m
[   5% ] [90m[1mreimport[22m | leaf_birch_v1_albedo.png[39m[0m
[   5% ] [90m[1mreimport[22m | ice_patch_v2_albedo.png[39m[0m
[   5% ] [90m[1mreimport[22m | ice_patch_v1_albedo.png[39m[0m
[   5% ] [90m[1mreimport[22m | hay_fibers_v1_albedo.png[39m[0m
[   6% ] [90m[1mreimport[22m | grass_verge_v2_albedo.png[39m[0m
[   6% ] [90m[1mreimport[22m | grass_verge_v1_albedo.png[39m[0m
[   6% ] [90m[1mreimport[22m | urman_t07_v01_basecolor.png[39m[0m
[   7% ] [90m[1mreimport[22m | urman_t04_v01_basecolor.png[39m[0m
[   7% ] [90m[1mreimport[22m | urman_t01_v02_basecolor.png[39m[0m
[   7% ] [90m[1mreimport[22m | urman_s02_v02_basecolor.png[39m[0m
[   7% ] [90m[1mreimport[22m | urman_s01_v01_basecolor.png[39m[0m
[   8% ] [90m[1mreimport[22m | urman_m05_v01_basecolor.png[39m[0m
[   8% ] [90m[1mreimport[22m | urman_f02_v02_basecolor.png[39m[0m
[   8% ] [90m[1mreimport[22m | urman_f01_v03_basecolor.png[39m[0m
[   8% ] [90m[1mreimport[22m | urman_b07_v02_basecolor.png[39m[0m
[   9% ] [90m[1mreimport[22m | urman_b04_v01_basecolor.png[39m[0m
[   9% ] [90m[1mreimport[22m | urman_b03_v01_basecolor.png[39m[0m
[   9% ] [90m[1mreimport[22m | urman_b01_v01_basecolor.png[39m[0m
[  10% ] [90m[1mreimport[22m | snow_trampled_v1_albedo.png[39m[0m
[  10% ] [90m[1mreimport[22m | snow_roof_v1_albedo.png[39m[0m
[  10% ] [90m[1mreimport[22m | snow_road_v1_albedo.png[39m[0m
[  10% ] [90m[1mreimport[22m | snow_micro_response.png[39m[0m
[  11% ] [90m[1mreimport[22m | snow_micro_normal.png[39m[0m
[  11% ] [90m[1mreimport[22m | snow_grass_peek_v1_albedo.png[39m[0m
[  11% ] [90m[1mreimport[22m | snow_fresh_v2_albedo.png[39m[0m
[  11% ] [90m[1mreimport[22m | snow_fresh_v1_albedo.png[39m[0m
[  12% ] [90m[1mreimport[22m | council_plate_avyl_sovety_v1.png[39m[0m
[  12% ] [90m[1mreimport[22m | chayan_magazine_preview_v1.png[39m[0m
[  12% ] [90m[1mreimport[22m | chayan_magazine_animated_v1_ChayanMagazine_PrintAtlas.png[39m[0m
[  13% ] [90m[1mreimport[22m | karaurman_milk_bottle_v1_karaurman_milk_bottle_label_v1.png[39m[0m
[  13% ] [90m[1mreimport[22m | karaurman_milk_bottle_preview_v1.png[39m[0m
[  13% ] [90m[1mreimport[22m | karaurman_milk_bottle_label_v1.png[39m[0m
[  13% ] [90m[1mreimport[22m | karaurman_chakchak_box_v1_KaraUrmanChakchakPrintAtlas.png[39m[0m
[  14% ] [90m[1mreimport[22m | karaurman_chakchak_box_v1_KaraUrmanChakchakContents.png[39m[0m
[  14% ] [90m[1mreimport[22m | karaurman_chakchak_box_preview_v1.png[39m[0m
[  14% ] [90m[1mreimport[22m | urman_winter_pine_Leaf_Pine_C.png[39m[0m
[  14% ] [90m[1mreimport[22m | school-class-2005.png[39m[0m
[  15% ] [90m[1mreimport[22m | kara_urman_edge_sketch_candidate_v1.png[39m[0m
[  15% ] [90m[1mreimport[22m | first_snow_existing_v1.png[39m[0m
[  15% ] [90m[1mreimport[22m | council-sabantuy-2005.png[39m[0m
[  15% ] [90m[1mreimport[22m | arrival_marat_childhood_existing_v1.png[39m[0m
[  16% ] [90m[1mreimport[22m | urman_character_kit_v2_T_Superhero_Male_Roughness.png[39m[0m
[  16% ] [90m[1mreimport[22m | urman_character_kit_v2_T_Superhero_Male_Normal.png[39m[0m
[  16% ] [90m[1mreimport[22m | urman_character_kit_v2_T_Superhero_Male_Ligh.png[39m[0m
[  17% ] [90m[1mreimport[22m | urman_character_kit_v2_T_Superhero_Female_Roughness.png[39m[0m
[  17% ] [90m[1mreimport[22m | urman_character_kit_v2_T_Superhero_Female_Normal.png[39m[0m
[  17% ] [90m[1mreimport[22m | frost_window_v1_albedo.png[39m[0m
[  17% ] [90m[1mreimport[22m | fabric_chit_v1_albedo.png[39m[0m
[  18% ] [90m[1mreimport[22m | damp_earth_v6_albedo.png[39m[0m
[  18% ] [90m[1mreimport[22m | damp_earth_v5_albedo.png[39m[0m
[  18% ] [90m[1mreimport[22m | damp_earth_v4_albedo.png[39m[0m
[  18% ] [90m[1mreimport[22m | damp_earth_v3_albedo.png[39m[0m
[  19% ] [90m[1mreimport[22m | damp_earth_v2_albedo.png[39m[0m
[  19% ] [90m[1mreimport[22m | damp_earth_albedo.png[39m[0m
[  19% ] [90m[1mreimport[22m | carpet_palas_v1_albedo.png[39m[0m
[  20% ] [90m[1mreimport[22m | bark_pine_v1_albedo.png[39m[0m
[  20% ] [90m[1mreimport[22m | bark_birch_v2_albedo.png[39m[0m
[  20% ] [90m[1mreimport[22m | bark_birch_v1_albedo.png[39m[0m
[  20% ] [90m[1mreimport[22m | aged_plaster_v3_albedo.png[39m[0m
[  21% ] [90m[1mreimport[22m | aged_plaster_v2_albedo.png[39m[0m
[  21% ] [90m[1mreimport[22m | aged_plaster_albedo.png[39m[0m
[  21% ] [90m[1mreimport[22m | mosque_prayer_carpet_v2_albedo.png[39m[0m
[  21% ] [90m[1mreimport[22m | mansur_age_v1_albedo.png[39m[0m
[  22% ] [90m[1mreimport[22m | shop_sign_ashamlyklar_v1.png[39m[0m
[  22% ] [90m[1mreimport[22m | school_plate_maktap_v1.png[39m[0m
[  22% ] [90m[1mreimport[22m | photo_first_snow_v1.png[39m[0m
[  23% ] [90m[1mreimport[22m | fap_plate_kara_urman_v1.png[39m[0m
[  23% ] [90m[1mreimport[22m | painted_wooden_bench_painted_wooden_bench_diff_1k.jpg[39m[0m
[  23% ] [90m[1mreimport[22m | painted_wooden_bench_painted_wooden_bench_arm_1k.jpg[39m[0m
[  23% ] [90m[1mreimport[22m | office_dining_chair_dining_chair.png[39m[0m
[  24% ] [90m[1mreimport[22m | office_chair_chair.png[39m[0m
[  24% ] [90m[1mreimport[22m | metal_office_desk_metal_office_desk_nor_gl_1k.jpg[39m[0m
[  24% ] [90m[1mreimport[22m | metal_office_desk_metal_office_desk_diff_1k.jpg[39m[0m
[  24% ] [90m[1mreimport[22m | metal_office_desk_metal_office_desk_arm_1k.jpg[39m[0m
[  25% ] [90m[1mreimport[22m | desk_lamp_arm_01_desk_lamp_arm_01_nor_gl_1k.jpg[39m[0m
[  25% ] [90m[1mreimport[22m | desk_lamp_arm_01_desk_lamp_arm_01_diff_1k.jpg[39m[0m
[  25% ] [90m[1mreimport[22m | desk_lamp_arm_01_desk_lamp_arm_01_arm_1k.jpg[39m[0m
[  26% ] [90m[1mreimport[22m | urman_app_icon_v1.png[39m[0m
[  26% ] [90m[1mreimport[22m | act1_menu_winter_v1.png[39m[0m
[  26% ] [90m[1mreimport[22m | tukay_portrait_v1_basecolor.png[39m[0m
[  26% ] [90m[1mreimport[22m | signs_exterior_v1_atlas.png[39m[0m
[  27% ] [90m[1mreimport[22m | signs_civic_b_v2_atlas.png[39m[0m
[  27% ] [90m[1mreimport[22m | signs_civic_b_v1_atlas.png[39m[0m
[  27% ] [90m[1mreimport[22m | signs_civic_a_v1_atlas.png[39m[0m
[  27% ] [90m[1mreimport[22m | quest_papers_v2_atlas.png[39m[0m
[  28% ] [90m[1mreimport[22m | quest_papers_v1_atlas.png[39m[0m
[  28% ] [90m[1mreimport[22m | postal_closure_v1_basecolor.png[39m[0m
[  28% ] [90m[1mreimport[22m | notices_v2_atlas.png[39m[0m
[  28% ] [90m[1mreimport[22m | document_notebook_sheet.png[39m[0m
[  29% ] [90m[1mreimport[22m | vaz2106_static_Image_10.jpg[39m[0m
[  29% ] [90m[1mreimport[22m | vaz2106_static_Image_9.png[39m[0m
[  29% ] [90m[1mreimport[22m | vaz2106_static_Image_8.png[39m[0m
[  30% ] [90m[1mreimport[22m | vaz2106_static_Image_7.png[39m[0m
[  30% ] [90m[1mreimport[22m | vaz2106_static_Image_6.png[39m[0m
[  30% ] [90m[1mreimport[22m | vaz2106_static_Image_5.png[39m[0m
[  30% ] [90m[1mreimport[22m | vaz2106_static_Image_4.png[39m[0m
[  31% ] [90m[1mreimport[22m | vaz2106_static_Image_3.png[39m[0m
[  31% ] [90m[1mreimport[22m | vaz2106_static_Image_2.png[39m[0m
[  31% ] [90m[1mreimport[22m | vaz2106_static_Image_1.png[39m[0m
[  31% ] [90m[1mreimport[22m | vaz2106_static_Image_0.png[39m[0m
[  32% ] [90m[1mreimport[22m | rotary_phone_Image_5.png[39m[0m
[  32% ] [90m[1mreimport[22m | rotary_phone_Image_4.png[39m[0m
[  32% ] [90m[1mreimport[22m | rotary_phone_Image_3.png[39m[0m
[  33% ] [90m[1mreimport[22m | rotary_phone_Image_2.png[39m[0m
[  33% ] [90m[1mreimport[22m | rotary_phone_Image_1.png[39m[0m
[  33% ] [90m[1mreimport[22m | rotary_phone_Image_0.png[39m[0m
[  33% ] [90m[1mreimport[22m | painted_wooden_cabinet_painted_wooden_cabinet_nor_gl_1k.jpg[39m[0m
[  34% ] [90m[1mreimport[22m | painted_wooden_cabinet_painted_wooden_cabinet_diff_1k.jpg[39m[0m
[  34% ] [90m[1mreimport[22m | painted_wooden_cabinet_painted_wooden_cabinet_arm_1k.jpg[39m[0m
[  34% ] [90m[1mreimport[22m | painted_wooden_bench_painted_wooden_bench_nor_gl_1k.jpg[39m[0m
[  34% ] [90m[1mreimport[22m | chayan_magazine_atlas_v1.png[39m[0m
[  35% ] [90m[1mreimport[22m | karaurman_milk_bottle_label_v1.png[39m[0m
[  35% ] [90m[1mreimport[22m | karaurman_chakchak_box_atlas_v1.png[39m[0m
[  35% ] [90m[1mreimport[22m | wood_carved_gate_v1_albedo.png[39m[0m
[  36% ] [90m[1mreimport[22m | weathered_wood_boards_v6_albedo.png[39m[0m
[  36% ] [90m[1mreimport[22m | weathered_wood_boards_v5_albedo.png[39m[0m
[  36% ] [90m[1mreimport[22m | weathered_wood_boards_v4_albedo.png[39m[0m
[  36% ] [90m[1mreimport[22m | weathered_wood_boards_v3_albedo.png[39m[0m
[  37% ] [90m[1mreimport[22m | weathered_wood_boards_v2_albedo.png[39m[0m
[  37% ] [90m[1mreimport[22m | weathered_wood_boards_albedo.png[39m[0m
[  37% ] [90m[1mreimport[22m | wall_institution_v1_albedo.png[39m[0m
[  37% ] [90m[1mreimport[22m | wallpaper_old_v2_albedo.png[39m[0m
[  38% ] [90m[1mreimport[22m | wallpaper_old_v1_albedo.png[39m[0m
[  38% ] [90m[1mreimport[22m | urman_w09_v01_basecolor.png[39m[0m
[  38% ] [90m[1mreimport[22m | urman_w08_v01_basecolor.png[39m[0m
[  39% ] [90m[1mreimport[22m | urman_w05_v02_basecolor.png[39m[0m
[  39% ] [90m[1mreimport[22m | urman_w04_v02_basecolor.png[39m[0m
[  39% ] [90m[1mreimport[22m | urman_w03_v01_basecolor.png[39m[0m
[  39% ] [90m[1mreimport[22m | urman_w02_v02_basecolor.png[39m[0m
[  40% ] [90m[1mreimport[22m | urman_w01_v01_basecolor.png[39m[0m
[  40% ] [90m[1mreimport[22m | urman_t10_v02_basecolor.png[39m[0m
[  40% ] [90m[1mreimport[22m | urman_t08_v01_basecolor.png[39m[0m
[  40% ] [90m[1mreimport[22m | notices_v1_atlas.png[39m[0m
[  41% ] [90m[1mreimport[22m | museum_towel_v1_basecolor.png[39m[0m
[  41% ] [90m[1mreimport[22m | herringbone_oak_v1_basecolor.png[39m[0m
[  41% ] [90m[1mreimport[22m | craft_details_v1_atlas.png[39m[0m
[  42% ] [90m[1mreimport[22m | costume_tag_v1_basecolor.png[39m[0m
[  42% ] [90m[1mreimport[22m | classroom_map_v1_basecolor.png[39m[0m
[  42% ] [90m[1mreimport[22m | children_drawings_v1_atlas.png[39m[0m
[  42% ] [90m[1mreimport[22m | chalkboard_lessons_v1_atlas.png[39m[0m
[  43% ] [90m[1mreimport[22m | unglazed_earthenware_source_v1_basecolor.png[39m[0m
[  43% ] [90m[1mreimport[22m | school_laminate_beige_v1_basecolor.png[39m[0m
[  43% ] [90m[1mreimport[22m | school_laminate_beige_source_v1_basecolor.png[39m[0m
[  43% ] [90m[1mreimport[22m | school_green_chalkboard_v1_basecolor.png[39m[0m
[  44% ] [90m[1mreimport[22m | samovar_brass_v1_basecolor.png[39m[0m
[  44% ] [90m[1mreimport[22m | public_red_brick_source_v1_basecolor.png[39m[0m
[  44% ] [90m[1mreimport[22m | public_concrete_source_v1_basecolor.png[39m[0m
[  44% ] [90m[1mreimport[22m | painted_steel_enamel_v1_basecolor.png[39m[0m
[  45% ] [90m[1mreimport[22m | moulded_rubber_black_v1_basecolor.png[39m[0m
[  45% ] [90m[1mreimport[22m | glazed_ceramic_cream_source_v1_basecolor.png[39m[0m
[  45% ] [90m[1mreimport[22m | galvanized_zinc_source_v1_basecolor.png[39m[0m
[  46% ] [90m[1mreimport[22m | bus_wheat_sun_mosaic_v1_basecolor.png[39m[0m
[  46% ] [90m[1mreimport[22m | burgundy_stage_velvet_v1_basecolor.png[39m[0m
[  46% ] [90m[1mreimport[22m | birch_plywood_varnished_v1_basecolor.png[39m[0m
[  46% ] [90m[1mreimport[22m | urman_character_kit_T_Eye_Brown.png[39m[0m
[  47% ] [90m[1mreimport[22m | urman_character_kit_T_Eye_Normal.png[39m[0m
[  47% ] [90m[1mreimport[22m | urman_character_kit_T_Superhero_Female_Dark_BaseColor.png[39m[0m
[  47% ] [90m[1mreimport[22m | urman_character_kit_T_Superhero_Female_Normal.png[39m[0m
[  47% ] [90m[1mreimport[22m | urman_character_kit_T_Superhero_Male_Dark.png[39m[0m
[  48% ] [90m[1mreimport[22m | urman_character_kit_T_Superhero_Male_Normal.png[39m[0m
[  48% ] [90m[1mreimport[22m | urman_character_kit_v2_old_lightskinned_female_diffuse.png[39m[0m
[  48% ] [90m[1mreimport[22m | urman_character_kit_v2_TamaraPolkaDot.png[39m[0m
[  49% ] [90m[1mreimport[22m | urman_character_kit_v2_T_Eye_Brown.png[39m[0m
[  49% ] [90m[1mreimport[22m | icon.png[39m[0m
[  49% ] [90m[1mreimport[22m | urman_character_kit_v2_T_Eye_Normal_png.png[39m[0m
[  49% ] [90m[1mreimport[22m | urman_character_kit_v2_T_Superhero_Female_Light_BaseColor.png[39m[0m
[  50% ] [90m[1mreimport[22m | urman_character_kit_v2_T_Hair_2_Normal.png[39m[0m
[  50% ] [90m[1mreimport[22m | urman_character_kit_v2_T_Hair_2_BaseColor.png[39m[0m
[  50% ] [90m[1mreimport[22m | urman_character_kit_v2_T_Hair_1_BaseColor.png[39m[0m
[  50% ] [90m[1mreimport[22m | urman_character_kit_v2_T_Hair_1_Normal_png.png[39m[0m
[  51% ] [90m[1mreimport[22m | local-workshop.wav[39m[0m
[  51% ] [90m[1mreimport[22m | family-salam.wav[39m[0m
[  51% ] [90m[1mreimport[22m | avyl-ident.wav[39m[0m
[  52% ] [90m[1mreimport[22m | step_wood_02.wav[39m[0m
[  52% ] [90m[1mreimport[22m | step_wood_01.wav[39m[0m
[  52% ] [90m[1mreimport[22m | step_wood_00.wav[39m[0m
[  52% ] [90m[1mreimport[22m | step_wet_road_02.wav[39m[0m
[  53% ] [90m[1mreimport[22m | step_wet_road_01.wav[39m[0m
[  53% ] [90m[1mreimport[22m | step_wet_road_00.wav[39m[0m
[  53% ] [90m[1mreimport[22m | step_snow_soft_02.wav[39m[0m
[  53% ] [90m[1mreimport[22m | step_snow_soft_01.wav[39m[0m
[  54% ] [90m[1mreimport[22m | step_snow_soft_00.wav[39m[0m
[  54% ] [90m[1mreimport[22m | step_snow_packed_02.wav[39m[0m
[  54% ] [90m[1mreimport[22m | step_snow_packed_01.wav[39m[0m
[  55% ] [90m[1mreimport[22m | step_snow_packed_00.wav[39m[0m
[  55% ] [90m[1mreimport[22m | step_mud_02.wav[39m[0m
[  55% ] [90m[1mreimport[22m | step_mud_01.wav[39m[0m
[  55% ] [90m[1mreimport[22m | step_mud_00.wav[39m[0m
[  56% ] [90m[1mreimport[22m | step_interior_floor_02.wav[39m[0m
[  56% ] [90m[1mreimport[22m | step_interior_floor_01.wav[39m[0m
[  56% ] [90m[1mreimport[22m | step_interior_floor_00.wav[39m[0m
[  56% ] [90m[1mreimport[22m | forest_branch.wav[39m[0m
[  57% ] [90m[1mreimport[22m | garmon.wav[39m[0m
[  57% ] [90m[1mreimport[22m | dog_distant.wav[39m[0m
[  57% ] [90m[1mreimport[22m | crows.wav[39m[0m
[  57% ] [90m[1mreimport[22m | cow_distant.wav[39m[0m
[  58% ] [90m[1mreimport[22m | cow.wav[39m[0m
[  58% ] [90m[1mreimport[22m | children.wav[39m[0m
[  58% ] [90m[1mreimport[22m | chatter.wav[39m[0m
[  59% ] [90m[1mreimport[22m | bullfinch.wav[39m[0m
[  59% ] [90m[1mreimport[22m | boots_snow.wav[39m[0m
[  59% ] [90m[1mreimport[22m | barn_hens.wav[39m[0m
[  59% ] [90m[1mreimport[22m | axe.wav[39m[0m
[  60% ] [90m[1mreimport[22m | adhan.wav[39m[0m
[  60% ] [90m[1mreimport[22m | music-one.wav[39m[0m
[  60% ] [90m[1mreimport[22m | winter-weather.wav[39m[0m
[  60% ] [90m[1mreimport[22m | winter-congratulations.wav[39m[0m
[  61% ] [90m[1mreimport[22m | village-photos.wav[39m[0m
[  61% ] [90m[1mreimport[22m | school-bus.wav[39m[0m
[  61% ] [90m[1mreimport[22m | night-repeat.wav[39m[0m
[  62% ] [90m[1mreimport[22m | nearby-villages.wav[39m[0m
[  62% ] [90m[1mreimport[22m | lost-glove.wav[39m[0m
[  62% ] [90m[1mreimport[22m | owl_eagle.wav[39m[0m
[  62% ] [90m[1mreimport[22m | low_moan.wav[39m[0m
[  63% ] [90m[1mreimport[22m | knockout_ring.wav[39m[0m
[  63% ] [90m[1mreimport[22m | heartbeat.wav[39m[0m
[  63% ] [90m[1mreimport[22m | gasp.wav[39m[0m
[  63% ] [90m[1mreimport[22m | fox_scream.wav[39m[0m
[  64% ] [90m[1mreimport[22m | dread_drone.wav[39m[0m
[  64% ] [90m[1mreimport[22m | brush_rustle.wav[39m[0m
[  64% ] [90m[1mreimport[22m | branch_crack.wav[39m[0m
[  65% ] [90m[1mreimport[22m | body_fall.wav[39m[0m
[  65% ] [90m[1mreimport[22m | bridge_rope_rattle.wav[39m[0m
[  65% ] [90m[1mreimport[22m | bridge_groan_loop.wav[39m[0m
[  65% ] [90m[1mreimport[22m | spirit_wet_step.wav[39m[0m
[  66% ] [90m[1mreimport[22m | spirit_exhale.wav[39m[0m
[  66% ] [90m[1mreimport[22m | spirit_creak.wav[39m[0m
[  66% ] [90m[1mreimport[22m | spirit_breath_loop.wav[39m[0m
[  66% ] [90m[1mreimport[22m | water_scoop.wav[39m[0m
[  67% ] [90m[1mreimport[22m | steam_burst.wav[39m[0m
[  67% ] [90m[1mreimport[22m | drip_loop.wav[39m[0m
[  67% ] [90m[1mreimport[22m | banya_room_loop.wav[39m[0m
[  68% ] [90m[1mreimport[22m | 4000.wav[39m[0m
[  68% ] [90m[1mreimport[22m | step_grass_02.wav[39m[0m
[  68% ] [90m[1mreimport[22m | step_grass_01.wav[39m[0m
[  68% ] [90m[1mreimport[22m | step_grass_00.wav[39m[0m
[  69% ] [90m[1mreimport[22m | wood_tap.wav[39m[0m
[  69% ] [90m[1mreimport[22m | ui_click.wav[39m[0m
[  69% ] [90m[1mreimport[22m | paper_open.wav[39m[0m
[  69% ] [90m[1mreimport[22m | metal_rattle.wav[39m[0m
[  70% ] [90m[1mreimport[22m | keyboard_key.wav[39m[0m
[  70% ] [90m[1mreimport[22m | hollow_board.wav[39m[0m
[  70% ] [90m[1mreimport[22m | door_creak.wav[39m[0m
[  71% ] [90m[1mreimport[22m | creak_02.wav[39m[0m
[  71% ] [90m[1mreimport[22m | creak_01.wav[39m[0m
[  71% ] [90m[1mreimport[22m | creak_00.wav[39m[0m
[  71% ] [90m[1mreimport[22m | wolf_far.wav[39m[0m
[  72% ] [90m[1mreimport[22m | wind_gust.wav[39m[0m
[  72% ] [90m[1mreimport[22m | strange_clicks.wav[39m[0m
[  72% ] [90m[1mreimport[22m | scare_sting.wav[39m[0m
[  72% ] [90m[1mreimport[22m | rush_close.wav[39m[0m
[  73% ] [90m[1mreimport[22m | runner_past.wav[39m[0m
[  73% ] [90m[1mreimport[22m | radio_evp.wav[39m[0m
[  73% ] [90m[1mreimport[22m | owl_tawny.wav[39m[0m
[  73% ] [90m[1mreimport[22m | kettle.wav[39m[0m
[  74% ] [90m[1mreimport[22m | music.wav[39m[0m
[  74% ] [90m[1mreimport[22m | plates.wav[39m[0m
[  74% ] [90m[1mreimport[22m | sewing.wav[39m[0m
[  75% ] [90m[1mreimport[22m | shovel.wav[39m[0m
[  75% ] [90m[1mreimport[22m | tap.wav[39m[0m
[  75% ] [90m[1mreimport[22m | tea.wav[39m[0m
[  75% ] [90m[1mreimport[22m | forest-babai-name-v2.wav[39m[0m
[  76% ] [90m[1mreimport[22m | forest-call-far.wav[39m[0m
[  76% ] [90m[1mreimport[22m | forest-call-hey.wav[39m[0m
[  76% ] [90m[1mreimport[22m | forest-come-here.wav[39m[0m
[  76% ] [90m[1mreimport[22m | forest-name-call.wav[39m[0m
[  77% ] [90m[1mreimport[22m | forest-wake-muffled.wav[39m[0m
[  77% ] [90m[1mreimport[22m | forest-wake-v2.wav[39m[0m
[  77% ] [90m[1mreimport[22m | forest-wake.wav[39m[0m
[  78% ] [90m[1mreimport[22m | prologue-niva-fluent-reply.wav[39m[0m
[  78% ] [90m[1mreimport[22m | prologue-niva-none-reply.wav[39m[0m
[  78% ] [90m[1mreimport[22m | prologue-niva-question.wav[39m[0m
[  78% ] [90m[1mreimport[22m | prologue-niva-skip-reply.wav[39m[0m
[  79% ] [90m[1mreimport[22m | prologue-niva-some-reply.wav[39m[0m
[  79% ] [90m[1mreimport[22m | prologue-ride-bark-nightmare.lvl-fluent.wav[39m[0m
[  79% ] [90m[1mreimport[22m | prologue-ride-bark-nightmare.lvl-some.wav[39m[0m
[  79% ] [90m[1mreimport[22m | prologue-ride-bark-nightmare.wav[39m[0m
[  80% ] [90m[1mreimport[22m | fap_institutional.wav[39m[0m
[  80% ] [90m[1mreimport[22m | house_room_tone.wav[39m[0m
[  80% ] [90m[1mreimport[22m | kara_urman_edge_ambience.wav[39m[0m
[  81% ] [90m[1mreimport[22m | village_arrival.wav[39m[0m
[  81% ] [90m[1mreimport[22m | village_day_ambience.wav[39m[0m
[  81% ] [90m[1mreimport[22m | village_return.wav[39m[0m
[  81% ] [90m[1mreimport[22m | village_yard.wav[39m[0m
[  82% ] [90m[1mreimport[22m | water_edge_ambience.wav[39m[0m
[  82% ] [90m[1mreimport[22m | zirat_wind.wav[39m[0m
[  82% ] [90m[1mreimport[22m | gate.wav[39m[0m
[  82% ] [90m[1mreimport[22m | gate_squeak.wav[39m[0m
[  83% ] [90m[1mreimport[22m | gramophone_music.wav[39m[0m
[  83% ] [90m[1mreimport[22m | horse.wav[39m[0m
[  83% ] [90m[1mreimport[22m | house_hum.wav[39m[0m
[  84% ] [90m[1mreimport[22m | laughter.wav[39m[0m
[  84% ] [90m[1mreimport[22m | magpie.wav[39m[0m
[  84% ] [90m[1mreimport[22m | pot.wav[39m[0m
[  84% ] [90m[1mreimport[22m | raven.wav[39m[0m
[  85% ] [90m[1mreimport[22m | saw.wav[39m[0m
[  85% ] [90m[1mreimport[22m | song_ellar_chakyra.wav[39m[0m
[  85% ] [90m[1mreimport[22m | song_iske_kara_urman.wav[39m[0m
[  85% ] [90m[1mreimport[22m | song_kubalek.wav[39m[0m
[  86% ] [90m[1mreimport[22m | song_tatarskoe_selo.wav[39m[0m
[  86% ] [90m[1mreimport[22m | song_tynlarsynmy.wav[39m[0m
[  86% ] [90m[1mreimport[22m | stove.wav[39m[0m
[  86% ] [90m[1mreimport[22m | hens.wav[39m[0m
[  87% ] [90m[1mreimport[22m | dog.wav[39m[0m
[  87% ] [90m[1mreimport[22m | cutlery.wav[39m[0m
[  87% ] [90m[1mreimport[22m | clock.wav[39m[0m
[  88% ] [90m[1mreimport[22m | cat.wav[39m[0m
[  88% ] [90m[1mreimport[22m | broom.wav[39m[0m
[  88% ] [90m[1mreimport[22m | vinyl_crackle.wav[39m[0m
[  88% ] [90m[1mreimport[22m | village_life_layer.wav[39m[0m
[  89% ] [90m[1mreimport[22m | village_dread_layer.wav[39m[0m
[  89% ] [90m[1mreimport[22m | stove_kindling.wav[39m[0m
[  89% ] [90m[1mreimport[22m | tit.wav[39m[0m
[  89% ] [90m[1mreimport[22m | tv.wav[39m[0m
[  90% ] [90m[1mreimport[22m | tv_movie.wav[39m[0m
[  90% ] [90m[1mreimport[22m | tv_news.wav[39m[0m
[  90% ] [90m[1mreimport[22m | tv_static.wav[39m[0m
[  91% ] [90m[1mreimport[22m | tv_switch.wav[39m[0m
[  91% ] [90m[1mreimport[22m | valenki.wav[39m[0m
[  91% ] [90m[1mreimport[22m | agentb_kara_edge_kit.glb[39m[0m
[   0% ] [90m[1mimport[22m | Started Импортировать сцену (104 steps)[39m[0m
[   0% ] [90m[1mimport[22m | Импорт сцены…[39m[0m
[   1% ] [90m[1mimport[22m | Запуск пользовательского скрипта…[39m[0m
[  99% ] [90m[1mimport[22m | Сохранение…[39m[0m
[92m[ DONE ][39m [1mimport[22m
[0m
[  91% ] [90m[1mreimport[22m | agentb_foliage_kit.glb[39m[0m
[   0% ] [90m[1mimport[22m | Started Импортировать сцену (104 steps)[39m[0m
[   0% ] [90m[1mimport[22m | Импорт сцены…[39m[0m
[   1% ] [90m[1mimport[22m | Запуск пользовательского скрипта…[39m[0m
[  99% ] [90m[1mimport[22m | Сохранение…[39m[0m
[92m[ DONE ][39m [1mimport[22m
[0m
[  92% ] [90m[1mreimport[22m | vaz2106_static.glb[39m[0m
[   0% ] [90m[1mimport[22m | Started Импортировать сцену (104 steps)[39m[0m
[   0% ] [90m[1mimport[22m | Импорт сцены…[39m[0m
[   1% ] [90m[1mimport[22m | Запуск пользовательского скрипта…[39m[0m
[  99% ] [90m[1mimport[22m | Сохранение…[39m[0m
[92m[ DONE ][39m [1mimport[22m
[0m
[  92% ] [90m[1mreimport[22m | urman_zirat_roadside_kit.glb[39m[0m
[   0% ] [90m[1mimport[22m | Started Импортировать сцену (104 steps)[39m[0m
[   0% ] [90m[1mimport[22m | Импорт сцены…[39m[0m
[   1% ] [90m[1mimport[22m | Запуск пользовательского скрипта…[39m[0m
[  99% ] [90m[1mimport[22m | Сохранение…[39m[0m
[92m[ DONE ][39m [1mimport[22m
[0m
[  92% ] [90m[1mreimport[22m | urman_winter_pine.glb[39m[0m
[   0% ] [90m[1mimport[22m | Started Импортировать сцену (104 steps)[39m[0m
[   0% ] [90m[1mimport[22m | Импорт сцены…[39m[0m
[   1% ] [90m[1mimport[22m | Запуск пользовательского скрипта…[39m[0m
[  99% ] [90m[1mimport[22m | Сохранение…[39m[0m
[92m[ DONE ][39m [1mimport[22m
[0m
[  92% ] [90m[1mreimport[22m | urman_winter_dead_tree.glb[39m[0m
[   0% ] [90m[1mimport[22m | Started Импортировать сцену (104 steps)[39m[0m
[   0% ] [90m[1mimport[22m | Импорт сцены…[39m[0m
[   1% ] [90m[1mimport[22m | Запуск пользовательского скрипта…[39m[0m
[  99% ] [90m[1mimport[22m | Сохранение…[39m[0m
[92m[ DONE ][39m [1mimport[22m
[0m
[  93% ] [90m[1mreimport[22m | urman_wet_village_road_kit.glb[39m[0m
[   0% ] [90m[1mimport[22m | Started Импортировать сцену (104 steps)[39m[0m
[   0% ] [90m[1mimport[22m | Импорт сцены…[39m[0m
[   1% ] [90m[1mimport[22m | Запуск пользовательского скрипта…[39m[0m
[  99% ] [90m[1mimport[22m | Сохранение…[39m[0m
[92m[ DONE ][39m [1mimport[22m
[0m
[  93% ] [90m[1mreimport[22m | urman_village_exterior_kit.glb[39m[0m
[   0% ] [90m[1mimport[22m | Started Импортировать сцену (104 steps)[39m[0m
[   0% ] [90m[1mimport[22m | Импорт сцены…[39m[0m
[   1% ] [90m[1mimport[22m | Запуск пользовательского скрипта…[39m[0m
[  99% ] [90m[1mimport[22m | Сохранение…[39m[0m
[92m[ DONE ][39m [1mimport[22m
[0m
[  93% ] [90m[1mreimport[22m | urman_kara_forest_edge_kit.glb[39m[0m
[   0% ] [90m[1mimport[22m | Started Импортировать сцену (104 steps)[39m[0m
[   0% ] [90m[1mimport[22m | Импорт сцены…[39m[0m
[   1% ] [90m[1mimport[22m | Запуск пользовательского скрипта…[39m[0m
[  99% ] [90m[1mimport[22m | Сохранение…[39m[0m
[92m[ DONE ][39m [1mimport[22m
[0m
[  94% ] [90m[1mreimport[22m | urman_fap_clinic_kit.glb[39m[0m
[   0% ] [90m[1mimport[22m | Started Импортировать сцену (104 steps)[39m[0m
[   0% ] [90m[1mimport[22m | Импорт сцены…[39m[0m
[   1% ] [90m[1mimport[22m | Запуск пользовательского скрипта…[39m[0m
[  99% ] [90m[1mimport[22m | Сохранение…[39m[0m
[92m[ DONE ][39m [1mimport[22m
[0m
[  94% ] [90m[1mreimport[22m | urman_forest_edge_kit.glb[39m[0m
[   0% ] [90m[1mimport[22m | Started Импортировать сцену (104 steps)[39m[0m
[   0% ] [90m[1mimport[22m | Импорт сцены…[39m[0m
[   1% ] [90m[1mimport[22m | Запуск пользовательского скрипта…[39m[0m
[  99% ] [90m[1mimport[22m | Сохранение…[39m[0m
[92m[ DONE ][39m [1mimport[22m
[0m
[  94% ] [90m[1mreimport[22m | urman_character_kit_v2.glb[39m[0m
[   0% ] [90m[1mimport[22m | Started Импортировать сцену (104 steps)[39m[0m
[   0% ] [90m[1mimport[22m | Импорт сцены…[39m[0m
[   1% ] [90m[1mimport[22m | Запуск пользовательского скрипта…[39m[0m
[  99% ] [90m[1mimport[22m | Сохранение…[39m[0m
[92m[ DONE ][39m [1mimport[22m
[0m
[  94% ] [90m[1mreimport[22m | urman_modular_kit.glb[39m[0m
[   0% ] [90m[1mimport[22m | Started Импортировать сцену (104 steps)[39m[0m
[   0% ] [90m[1mimport[22m | Импорт сцены…[39m[0m
[   1% ] [90m[1mimport[22m | Запуск пользовательского скрипта…[39m[0m
[  99% ] [90m[1mimport[22m | Сохранение…[39m[0m
[92m[ DONE ][39m [1mimport[22m
[0m
[  95% ] [90m[1mreimport[22m | urman_niva.glb[39m[0m
[   0% ] [90m[1mimport[22m | Started Импортировать сцену (104 steps)[39m[0m
[   0% ] [90m[1mimport[22m | Импорт сцены…[39m[0m
[   1% ] [90m[1mimport[22m | Запуск пользовательского скрипта…[39m[0m
[  99% ] [90m[1mimport[22m | Сохранение…[39m[0m
[92m[ DONE ][39m [1mimport[22m
[0m
[  95% ] [90m[1mreimport[22m | ual1_standard.glb[39m[0m
[   0% ] [90m[1mimport[22m | Started Импортировать сцену (104 steps)[39m[0m
[   0% ] [90m[1mimport[22m | Импорт сцены…[39m[0m
[   1% ] [90m[1mimport[22m | Запуск пользовательского скрипта…[39m[0m
[  99% ] [90m[1mimport[22m | Сохранение…[39m[0m
[92m[ DONE ][39m [1mimport[22m
[0m
[  95% ] [90m[1mreimport[22m | agentb_terrain_road_kit.glb[39m[0m
[   0% ] [90m[1mimport[22m | Started Импортировать сцену (104 steps)[39m[0m
[   0% ] [90m[1mimport[22m | Импорт сцены…[39m[0m
[   1% ] [90m[1mimport[22m | Запуск пользовательского скрипта…[39m[0m
[  99% ] [90m[1mimport[22m | Сохранение…[39m[0m
[92m[ DONE ][39m [1mimport[22m
[0m
[  95% ] [90m[1mreimport[22m | agentb_village_buildings_kit.glb[39m[0m
[   0% ] [90m[1mimport[22m | Started Импортировать сцену (104 steps)[39m[0m
[   0% ] [90m[1mimport[22m | Импорт сцены…[39m[0m
[   1% ] [90m[1mimport[22m | Запуск пользовательского скрипта…[39m[0m
[  99% ] [90m[1mimport[22m | Сохранение…[39m[0m
[92m[ DONE ][39m [1mimport[22m
[0m
[  96% ] [90m[1mreimport[22m | agentb_zirat_kit.glb[39m[0m
[   0% ] [90m[1mimport[22m | Started Импортировать сцену (104 steps)[39m[0m
[   0% ] [90m[1mimport[22m | Импорт сцены…[39m[0m
[   1% ] [90m[1mimport[22m | Запуск пользовательского скрипта…[39m[0m
[  99% ] [90m[1mimport[22m | Сохранение…[39m[0m
[92m[ DONE ][39m [1mimport[22m
[0m
[  96% ] [90m[1mreimport[22m | karaurman_chakchak_box_v1.glb[39m[0m
[   0% ] [90m[1mimport[22m | Started Импортировать сцену (104 steps)[39m[0m
[   0% ] [90m[1mimport[22m | Импорт сцены…[39m[0m
[   1% ] [90m[1mimport[22m | Запуск пользовательского скрипта…[39m[0m
[  99% ] [90m[1mimport[22m | Сохранение…[39m[0m
[92m[ DONE ][39m [1mimport[22m
[0m
[  96% ] [90m[1mreimport[22m | rotary_phone.glb[39m[0m
[   0% ] [90m[1mimport[22m | Started Импортировать сцену (104 steps)[39m[0m
[   0% ] [90m[1mimport[22m | Импорт сцены…[39m[0m
[   1% ] [90m[1mimport[22m | Запуск пользовательского скрипта…[39m[0m
[  99% ] [90m[1mimport[22m | Сохранение…[39m[0m
[92m[ DONE ][39m [1mimport[22m
[0m
[  97% ] [90m[1mreimport[22m | urman_character_kit.glb[39m[0m
[   0% ] [90m[1mimport[22m | Started Импортировать сцену (104 steps)[39m[0m
[   0% ] [90m[1mimport[22m | Импорт сцены…[39m[0m
[   1% ] [90m[1mimport[22m | Запуск пользовательского скрипта…[39m[0m
[  99% ] [90m[1mimport[22m | Сохранение…[39m[0m
[92m[ DONE ][39m [1mimport[22m
[0m
[  97% ] [90m[1mreimport[22m | karaurman_milk_bottle_v1.glb[39m[0m
[   0% ] [90m[1mimport[22m | Started Импортировать сцену (104 steps)[39m[0m
[   0% ] [90m[1mimport[22m | Импорт сцены…[39m[0m
[   1% ] [90m[1mimport[22m | Запуск пользовательского скрипта…[39m[0m
[  99% ] [90m[1mimport[22m | Сохранение…[39m[0m
[92m[ DONE ][39m [1mimport[22m
[0m
[  97% ] [90m[1mreimport[22m | urman_act1_village_landmark_kit.glb[39m[0m
[   0% ] [90m[1mimport[22m | Started Импортировать сцену (104 steps)[39m[0m
[   0% ] [90m[1mimport[22m | Импорт сцены…[39m[0m
[   1% ] [90m[1mimport[22m | Запуск пользовательского скрипта…[39m[0m
[  99% ] [90m[1mimport[22m | Сохранение…[39m[0m
[92m[ DONE ][39m [1mimport[22m
[0m
[  97% ] [90m[1mreimport[22m | painted_wooden_cabinet.glb[39m[0m
[   0% ] [90m[1mimport[22m | Started Импортировать сцену (104 steps)[39m[0m
[   0% ] [90m[1mimport[22m | Импорт сцены…[39m[0m
[   1% ] [90m[1mimport[22m | Запуск пользовательского скрипта…[39m[0m
[  99% ] [90m[1mimport[22m | Сохранение…[39m[0m
[92m[ DONE ][39m [1mimport[22m
[0m
[  98% ] [90m[1mreimport[22m | chayan_magazine_animated_v1.glb[39m[0m
[   0% ] [90m[1mimport[22m | Started Импортировать сцену (104 steps)[39m[0m
[   0% ] [90m[1mimport[22m | Импорт сцены…[39m[0m
[   1% ] [90m[1mimport[22m | Запуск пользовательского скрипта…[39m[0m
[  99% ] [90m[1mimport[22m | Сохранение…[39m[0m
[92m[ DONE ][39m [1mimport[22m
[0m
[  98% ] [90m[1mreimport[22m | painted_wooden_bench.glb[39m[0m
[   0% ] [90m[1mimport[22m | Started Импортировать сцену (104 steps)[39m[0m
[   0% ] [90m[1mimport[22m | Импорт сцены…[39m[0m
[   1% ] [90m[1mimport[22m | Запуск пользовательского скрипта…[39m[0m
[  99% ] [90m[1mimport[22m | Сохранение…[39m[0m
[92m[ DONE ][39m [1mimport[22m
[0m
[  98% ] [90m[1mreimport[22m | office_dining_chair.glb[39m[0m
[   0% ] [90m[1mimport[22m | Started Импортировать сцену (104 steps)[39m[0m
[   0% ] [90m[1mimport[22m | Импорт сцены…[39m[0m
[   1% ] [90m[1mimport[22m | Запуск пользовательского скрипта…[39m[0m
[  99% ] [90m[1mimport[22m | Сохранение…[39m[0m
[92m[ DONE ][39m [1mimport[22m
[0m
[  98% ] [90m[1mreimport[22m | office_chair.glb[39m[0m
[   0% ] [90m[1mimport[22m | Started Импортировать сцену (104 steps)[39m[0m
[   0% ] [90m[1mimport[22m | Импорт сцены…[39m[0m
[   1% ] [90m[1mimport[22m | Запуск пользовательского скрипта…[39m[0m
[  99% ] [90m[1mimport[22m | Сохранение…[39m[0m
[92m[ DONE ][39m [1mimport[22m
[0m
[  99% ] [90m[1mreimport[22m | metal_office_desk.glb[39m[0m
[   0% ] [90m[1mimport[22m | Started Импортировать сцену (104 steps)[39m[0m
[   0% ] [90m[1mimport[22m | Импорт сцены…[39m[0m
[   1% ] [90m[1mimport[22m | Запуск пользовательского скрипта…[39m[0m
[  99% ] [90m[1mimport[22m | Сохранение…[39m[0m
[92m[ DONE ][39m [1mimport[22m
[0m
[  99% ] [90m[1mreimport[22m | desk_lamp_arm_01.glb[39m[0m
[   0% ] [90m[1mimport[22m | Started Импортировать сцену (104 steps)[39m[0m
[   0% ] [90m[1mimport[22m | Импорт сцены…[39m[0m
[   1% ] [90m[1mimport[22m | Запуск пользовательского скрипта…[39m[0m
[  99% ] [90m[1mimport[22m | Сохранение…[39m[0m
[92m[ DONE ][39m [1mimport[22m
[0m
[  99% ] [90m[1mreimport[22m | Завершение импорта активов…[39m[0m
[92m[ DONE ][39m [1mreimport[22m
[0m
[   0% ] [90m[1mreimport[22m | Started Импорт или повторный импорт ассетов (368 steps)[39m[0m
[   0% ] [90m[1mreimport[22m | Выполнение операций после реимпорта…[39m[0m
[92m[ DONE ][39m [1mreimport[22m
[0m
[   0% ] [90m[1mloading_editor_layout[22m | Started Загрузка редактора (5 steps)[39m[0m
[   0% ] [90m[1mloading_editor_layout[22m | Загрузка макета редактора…[39m[0m
[  16% ] [90m[1mloading_editor_layout[22m | Загрузка док-панели…[39m[0m
[92m[ DONE ][39m [1mloading_editor_layout[22m
[0m
userdata guard: original files restored by rename and verified (Windows ACLs not compared)
Godot Engine v4.7.1.stable.mono.official.a13da4feb - https://godotengine.org
Vulkan 1.3.280 - Forward+ - Using Device #0: NVIDIA - NVIDIA GeForce GTX 970

act1-kit-lod-parity-notice: /root/Act1FootstepLagProbe/Main/ZoneHost/Act1ConnectedWorld/village-main-road/GeneratedModularKit variant=style-day-house pairs=12 overTolerance=1 worstCrown=100.00% worstHeight=0.15% worstBase=1.70% rootOffset=0.0000m
act1-kit-lod-parity-notice: /root/Act1FootstepLagProbe/Main/ZoneHost/Act1ConnectedWorld/village-main-road/@Node3D@304 variant=style-day-well pairs=7 overTolerance=7 worstCrown=100.00% worstHeight=0.42% worstBase=100.00% rootOffset=0.0000m
act1-kit-lod-parity-notice: /root/Act1FootstepLagProbe/Main/ZoneHost/Act1ConnectedWorld/village-main-road/@Node3D@307 variant=style-day-woodpile pairs=4 overTolerance=4 worstCrown=2.20% worstHeight=0.00% worstBase=0.40% rootOffset=0.0000m
act1-kit-lod-parity-notice: /root/Act1FootstepLagProbe/Main/ZoneHost/Act1ConnectedWorld/babay-abi-house/GeneratedModularKit variant=style-house-interior-eight-by-seven pairs=46 overTolerance=25 worstCrown=9.89% worstHeight=13.92% worstBase=15.96% rootOffset=0.0000m
act1-kit-lod-parity-notice: /root/Act1FootstepLagProbe/Main/ZoneHost/Act1ConnectedWorld/babay-abi-house/GeneratedModularKit variant=style-house-old-pc pairs=8 overTolerance=3 worstCrown=2.55% worstHeight=7.22% worstBase=0.11% rootOffset=0.0000m
act1-kit-lod-parity-notice: /root/Act1FootstepLagProbe/Main/ZoneHost/Act1ConnectedWorld/kara-urman-edge/GeneratedModularKit variant=style-forest-pine pairs=2 overTolerance=2 worstCrown=4.26% worstHeight=0.45% worstBase=3.77% rootOffset=0.0000m
act1-kit-lod-parity-notice: /root/Act1FootstepLagProbe/Main/ZoneHost/Act1ConnectedWorld/kara-urman-edge/@Node3D@1228 variant=style-forest-pine pairs=2 overTolerance=2 worstCrown=4.26% worstHeight=0.45% worstBase=3.77% rootOffset=0.0000m
act1-kit-lod-parity-notice: /root/Act1FootstepLagProbe/Main/ZoneHost/Act1ConnectedWorld/kara-urman-edge/@Node3D@1229 variant=style-forest-pine pairs=2 overTolerance=2 worstCrown=4.26% worstHeight=0.45% worstBase=3.77% rootOffset=0.0000m
WARNING: PainterlyMaterialLibrary: surface 'snow_ground' has no declared mode; it gets the flat world-space default.
   at: Godot.Material Urman.Godot.PainterlyMaterialLibrary.ForColor(string, string, bool) (res://scripts/PainterlyMaterialLibrary.cs:1406)
   C# backtrace (most recent call first):
       [0] void Godot.GD.PushWarning(string) (/root/godot/modules/mono/glue/GodotSharp/GodotSharp/Core/GD.cs:396)
       [1] Godot.Material Urman.Godot.PainterlyMaterialLibrary.ForColor(string, string, bool) (D:\URMAN-STATION\data\runs\e7c0cdd0340c4fe195a2a7d0e2231fc6\source\game\scripts\PainterlyMaterialLibrary.cs:1406)
       [2] void Urman.Godot.Act1ConnectedWorld.BuildArrivalKitchenGardens(Godot.Node3D) (D:\URMAN-STATION\data\runs\e7c0cdd0340c4fe195a2a7d0e2231fc6\source\game\scripts\Act1ConnectedWorld.cs:6239)
       [3] void Urman.Godot.Act1ConnectedWorld.BuildCoreArrival(Godot.Node3D) (D:\URMAN-STATION\data\runs\e7c0cdd0340c4fe195a2a7d0e2231fc6\source\game\scripts\Act1ConnectedWorld.cs:5960)
       [4] void Urman.Godot.Act1ConnectedWorld.BuildAct1CoreWorldGreybox() (D:\URMAN-STATION\data\runs\e7c0cdd0340c4fe195a2a7d0e2231fc6\source\game\scripts\Act1ConnectedWorld.cs:1145)
       [5] void Urman.Godot.Act1ConnectedWorld.ProfileWorldBuildStep(string, System.Action) (D:\URMAN-STATION\data\runs\e7c0cdd0340c4fe195a2a7d0e2231fc6\source\game\scripts\Act1ConnectedWorld.cs:6348)
       [6] void Urman.Godot.Act1ConnectedWorld.Build() (D:\URMAN-STATION\data\runs\e7c0cdd0340c4fe195a2a7d0e2231fc6\source\game\scripts\Act1ConnectedWorld.cs:407)
       [7] void Urman.Godot.Act1ConnectedWorld._Ready() (D:\URMAN-STATION\data\runs\e7c0cdd0340c4fe195a2a7d0e2231fc6\source\game\scripts\Act1ConnectedWorld.cs:309)
       [8] bool Godot.Node.InvokeGodotClassMethod(Godot.NativeInterop.godot_string_name&, Godot.NativeInterop.NativeVariantPtrArgs, Godot.NativeInterop.godot_variant&) (/root/godot/modules/mono/glue/GodotSharp/GodotSharp/Generated/GodotObjects/Node.cs:2660)
       [9] bool Godot.Node3D.InvokeGodotClassMethod(Godot.NativeInterop.godot_string_name&, Godot.NativeInterop.NativeVariantPtrArgs, Godot.NativeInterop.godot_variant&) (/root/godot/modules/mono/glue/GodotSharp/GodotSharp/Generated/GodotObjects/Node3D.cs:1127)
       [10] bool Urman.Godot.Act1ConnectedWorld.InvokeGodotClassMethod(Godot.NativeInterop.godot_string_name&, Godot.NativeInterop.NativeVariantPtrArgs, Godot.NativeInterop.godot_variant&) (D:\URMAN-STATION\data\runs\e7c0cdd0340c4fe195a2a7d0e2231fc6\source\game\.godot\mono\temp\obj\Debug\Godot.SourceGenerators\Godot.SourceGenerators.ScriptMethodsGenerator\Urman.Godot.Act1ConnectedWorld_ScriptMethods.generated.cs:5726)
       [11] Godot.NativeInterop.godot_bool Godot.Bridge.CSharpInstanceBridge.Call(nint, Godot.NativeInterop.godot_string_name*, Godot.NativeInterop.godot_variant**, int, Godot.NativeInterop.godot_variant_call_error*, Godot.NativeInterop.godot_variant*) (/root/godot/modules/mono/glue/GodotSharp/GodotSharp/Core/Bridge/CSharpInstanceBridge.cs:24)
       [12] void Godot.NativeInterop.NativeFuncs.godotsharp_method_bind_ptrcall(nint, nint, System.Void**, System.Void*) (/root/godot/modules/mono/glue/GodotSharp/GodotSharp/Godot.SourceGenerators.Internal/Godot.SourceGenerators.Internal.UnmanagedCallbacksGenerator/Godot.NativeInterop.NativeFuncs.generated.cs:380)
       [13] void Godot.NativeCalls.godot_icall_3_912(nint, nint, nint, Godot.NativeInterop.godot_bool, int) (/root/godot/modules/mono/glue/GodotSharp/GodotSharp/Generated/NativeCalls.cs:8061)
       [14] void Godot.Node.AddChild(Godot.Node, bool, Godot.Node+InternalMode) (/root/godot/modules/mono/glue/GodotSharp/GodotSharp/Generated/GodotObjects/Node.cs:848)
       [15] void Urman.Godot.Main._Ready() (D:\URMAN-STATION\data\runs\e7c0cdd0340c4fe195a2a7d0e2231fc6\source\game\scripts\Main.cs:83)
       [16] bool Godot.Node.InvokeGodotClassMethod(Godot.NativeInterop.godot_string_name&, Godot.NativeInterop.NativeVariantPtrArgs, Godot.NativeInterop.godot_variant&) (/root/godot/modules/mono/glue/GodotSharp/GodotSharp/Generated/GodotObjects/Node.cs:2660)
       [17] bool Godot.Node3D.InvokeGodotClassMethod(Godot.NativeInterop.godot_string_name&, Godot.NativeInterop.NativeVariantPtrArgs, Godot.NativeInterop.godot_variant&) (/root/godot/modules/mono/glue/GodotSharp/GodotSharp/Generated/GodotObjects/Node3D.cs:1127)
       [18] bool Urman.Godot.Main.InvokeGodotClassMethod(Godot.NativeInterop.godot_string_name&, Godot.NativeInterop.NativeVariantPtrArgs, Godot.NativeInterop.godot_variant&) (D:\URMAN-STATION\data\runs\e7c0cdd0340c4fe195a2a7d0e2231fc6\source\game\.godot\mono\temp\obj\Debug\Godot.SourceGenerators\Godot.SourceGenerators.ScriptMethodsGenerator\Urman.Godot.Main_ScriptMethods.generated.cs:70)
       [19] Godot.NativeInterop.godot_bool Godot.Bridge.CSharpInstanceBridge.Call(nint, Godot.NativeInterop.godot_string_name*, Godot.NativeInterop.godot_variant**, int, Godot.NativeInterop.godot_variant_call_error*, Godot.NativeInterop.godot_variant*) (/root/godot/modules/mono/glue/GodotSharp/GodotSharp/Core/Bridge/CSharpInstanceBridge.cs:24)
       [20] void Godot.NativeInterop.NativeFuncs.godotsharp_method_bind_ptrcall(nint, nint, System.Void**, System.Void*) (/root/godot/modules/mono/glue/GodotSharp/GodotSharp/Godot.SourceGenerators.Internal/Godot.SourceGenerators.Internal.UnmanagedCallbacksGenerator/Godot.NativeInterop.NativeFuncs.generated.cs:380)
       [21] void Godot.NativeCalls.godot_icall_3_912(nint, nint, nint, Godot.NativeInterop.godot_bool, int) (/root/godot/modules/mono/glue/GodotSharp/GodotSharp/Generated/NativeCalls.cs:8061)
       [22] void Godot.Node.AddChild(Godot.Node, bool, Godot.Node+InternalMode) (/root/godot/modules/mono/glue/GodotSharp/GodotSharp/Generated/GodotObjects/Node.cs:848)
       [23] void Urman.Godot.Tests.Act1FootstepLagProbe+<_Ready>d__42.MoveNext() (D:\URMAN-STATION\data\runs\e7c0cdd0340c4fe195a2a7d0e2231fc6\source\game\tests\Act1FootstepLagProbe.cs:92)
       [24] void System.Runtime.CompilerServices.AsyncMethodBuilderCore.Start<TStateMachine>(TStateMachine&)
       [25] void Urman.Godot.Tests.Act1FootstepLagProbe._Ready()
       [26] bool Godot.Node.InvokeGodotClassMethod(Godot.NativeInterop.godot_string_name&, Godot.NativeInterop.NativeVariantPtrArgs, Godot.NativeInterop.godot_variant&) (/root/godot/modules/mono/glue/GodotSharp/GodotSharp/Generated/GodotObjects/Node.cs:2660)
       [27] bool Urman.Godot.Tests.Act1FootstepLagProbe.InvokeGodotClassMethod(Godot.NativeInterop.godot_string_name&, Godot.NativeInterop.NativeVariantPtrArgs, Godot.NativeInterop.godot_variant&) (D:\URMAN-STATION\data\runs\e7c0cdd0340c4fe195a2a7d0e2231fc6\source\game\.godot\mono\temp\obj\Debug\Godot.SourceGenerators\Godot.SourceGenerators.ScriptMethodsGenerator\Urman.Godot.Tests.Act1FootstepLagProbe_ScriptMethods.generated.cs:90)
       [28] Godot.NativeInterop.godot_bool Godot.Bridge.CSharpInstanceBridge.Call(nint, Godot.NativeInterop.godot_string_name*, Godot.NativeInterop.godot_variant**, int, Godot.NativeInterop.godot_variant_call_error*, Godot.NativeInterop.godot_variant*) (/root/godot/modules/mono/glue/GodotSharp/GodotSharp/Core/Bridge/CSharpInstanceBridge.cs:24)
WARNING: PainterlyMaterialLibrary: surface 'ice' has no declared mode; it gets the flat world-space default.
   at: Godot.Material Urman.Godot.PainterlyMaterialLibrary.ForColor(string, string, bool) (res://scripts/PainterlyMaterialLibrary.cs:1406)
   C# backtrace (most recent call first):
       [0] void Godot.GD.PushWarning(string) (/root/godot/modules/mono/glue/GodotSharp/GodotSharp/Core/GD.cs:396)
       [1] Godot.Material Urman.Godot.PainterlyMaterialLibrary.ForColor(string, string, bool) (D:\URMAN-STATION\data\runs\e7c0cdd0340c4fe195a2a7d0e2231fc6\source\game\scripts\PainterlyMaterialLibrary.cs:1406)
       [2] Godot.MeshInstance3D Urman.Godot.Act1ConnectedWorld.AddVisualBox(Godot.Node3D, string, Godot.Vector3, Godot.Vector3, string, string, float, float) (D:\URMAN-STATION\data\runs\e7c0cdd0340c4fe195a2a7d0e2231fc6\source\game\scripts\Act1ConnectedWorld.cs:10965)
       [3] void Urman.Godot.Act1ConnectedWorld.AddVisualSweepWell(Godot.Node3D, string, Godot.Vector3, float, float) (D:\URMAN-STATION\data\runs\e7c0cdd0340c4fe195a2a7d0e2231fc6\source\game\scripts\Act1ConnectedWorld.cs:8238)
       [4] void Urman.Godot.Act1ConnectedWorld.BuildCoreArrival(Godot.Node3D) (D:\URMAN-STATION\data\runs\e7c0cdd0340c4fe195a2a7d0e2231fc6\source\game\scripts\Act1ConnectedWorld.cs:5964)
       [5] void Urman.Godot.Act1ConnectedWorld.BuildAct1CoreWorldGreybox() (D:\URMAN-STATION\data\runs\e7c0cdd0340c4fe195a2a7d0e2231fc6\source\game\scripts\Act1ConnectedWorld.cs:1145)
       [6] void Urman.Godot.Act1ConnectedWorld.ProfileWorldBuildStep(string, System.Action) (D:\URMAN-STATION\data\runs\e7c0cdd0340c4fe195a2a7d0e2231fc6\source\game\scripts\Act1ConnectedWorld.cs:6348)
       [7] void Urman.Godot.Act1ConnectedWorld.Build() (D:\URMAN-STATION\data\runs\e7c0cdd0340c4fe195a2a7d0e2231fc6\source\game\scripts\Act1ConnectedWorld.cs:407)
       [8] void Urman.Godot.Act1ConnectedWorld._Ready() (D:\URMAN-STATION\data\runs\e7c0cdd0340c4fe195a2a7d0e2231fc6\source\game\scripts\Act1ConnectedWorld.cs:309)
       [9] bool Godot.Node.InvokeGodotClassMethod(Godot.NativeInterop.godot_string_name&, Godot.NativeInterop.NativeVariantPtrArgs, Godot.NativeInterop.godot_variant&) (/root/godot/modules/mono/glue/GodotSharp/GodotSharp/Generated/GodotObjects/Node.cs:2660)
       [10] bool Godot.Node3D.InvokeGodotClassMethod(Godot.NativeInterop.godot_string_name&, Godot.NativeInterop.NativeVariantPtrArgs, Godot.NativeInterop.godot_variant&) (/root/godot/modules/mono/glue/GodotSharp/GodotSharp/Generated/GodotObjects/Node3D.cs:1127)
       [11] bool Urman.Godot.Act1ConnectedWorld.InvokeGodotClassMethod(Godot.NativeInterop.godot_string_name&, Godot.NativeInterop.NativeVariantPtrArgs, Godot.NativeInterop.godot_variant&) (D:\URMAN-STATION\data\runs\e7c0cdd0340c4fe195a2a7d0e2231fc6\source\game\.godot\mono\temp\obj\Debug\Godot.SourceGenerators\Godot.SourceGenerators.ScriptMethodsGenerator\Urman.Godot.Act1ConnectedWorld_ScriptMethods.generated.cs:5726)
       [12] Godot.NativeInterop.godot_bool Godot.Bridge.CSharpInstanceBridge.Call(nint, Godot.NativeInterop.godot_string_name*, Godot.NativeInterop.godot_variant**, int, Godot.NativeInterop.godot_variant_call_error*, Godot.NativeInterop.godot_variant*) (/root/godot/modules/mono/glue/GodotSharp/GodotSharp/Core/Bridge/CSharpInstanceBridge.cs:24)
       [13] void Godot.NativeInterop.NativeFuncs.godotsharp_method_bind_ptrcall(nint, nint, System.Void**, System.Void*) (/root/godot/modules/mono/glue/GodotSharp/GodotSharp/Godot.SourceGenerators.Internal/Godot.SourceGenerators.Internal.UnmanagedCallbacksGenerator/Godot.NativeInterop.NativeFuncs.generated.cs:380)
       [14] void Godot.NativeCalls.godot_icall_3_912(nint, nint, nint, Godot.NativeInterop.godot_bool, int) (/root/godot/modules/mono/glue/GodotSharp/GodotSharp/Generated/NativeCalls.cs:8061)
       [15] void Godot.Node.AddChild(Godot.Node, bool, Godot.Node+InternalMode) (/root/godot/modules/mono/glue/GodotSharp/GodotSharp/Generated/GodotObjects/Node.cs:848)
       [16] void Urman.Godot.Main._Ready() (D:\URMAN-STATION\data\runs\e7c0cdd0340c4fe195a2a7d0e2231fc6\source\game\scripts\Main.cs:83)
       [17] bool Godot.Node.InvokeGodotClassMethod(Godot.NativeInterop.godot_string_name&, Godot.NativeInterop.NativeVariantPtrArgs, Godot.NativeInterop.godot_variant&) (/root/godot/modules/mono/glue/GodotSharp/GodotSharp/Generated/GodotObjects/Node.cs:2660)
       [18] bool Godot.Node3D.InvokeGodotClassMethod(Godot.NativeInterop.godot_string_name&, Godot.NativeInterop.NativeVariantPtrArgs, Godot.NativeInterop.godot_variant&) (/root/godot/modules/mono/glue/GodotSharp/GodotSharp/Generated/GodotObjects/Node3D.cs:1127)
       [19] bool Urman.Godot.Main.InvokeGodotClassMethod(Godot.NativeInterop.godot_string_name&, Godot.NativeInterop.NativeVariantPtrArgs, Godot.NativeInterop.godot_variant&) (D:\URMAN-STATION\data\runs\e7c0cdd0340c4fe195a2a7d0e2231fc6\source\game\.godot\mono\temp\obj\Debug\Godot.SourceGenerators\Godot.SourceGenerators.ScriptMethodsGenerator\Urman.Godot.Main_ScriptMethods.generated.cs:70)
       [20] Godot.NativeInterop.godot_bool Godot.Bridge.CSharpInstanceBridge.Call(nint, Godot.NativeInterop.godot_string_name*, Godot.NativeInterop.godot_variant**, int, Godot.NativeInterop.godot_variant_call_error*, Godot.NativeInterop.godot_variant*) (/root/godot/modules/mono/glue/GodotSharp/GodotSharp/Core/Bridge/CSharpInstanceBridge.cs:24)
       [21] void Godot.NativeInterop.NativeFuncs.godotsharp_method_bind_ptrcall(nint, nint, System.Void**, System.Void*) (/root/godot/modules/mono/glue/GodotSharp/GodotSharp/Godot.SourceGenerators.Internal/Godot.SourceGenerators.Internal.UnmanagedCallbacksGenerator/Godot.NativeInterop.NativeFuncs.generated.cs:380)
       [22] void Godot.NativeCalls.godot_icall_3_912(nint, nint, nint, Godot.NativeInterop.godot_bool, int) (/root/godot/modules/mono/glue/GodotSharp/GodotSharp/Generated/NativeCalls.cs:8061)
       [23] void Godot.Node.AddChild(Godot.Node, bool, Godot.Node+InternalMode) (/root/godot/modules/mono/glue/GodotSharp/GodotSharp/Generated/GodotObjects/Node.cs:848)
       [24] void Urman.Godot.Tests.Act1FootstepLagProbe+<_Ready>d__42.MoveNext() (D:\URMAN-STATION\data\runs\e7c0cdd0340c4fe195a2a7d0e2231fc6\source\game\tests\Act1FootstepLagProbe.cs:92)
       [25] void System.Runtime.CompilerServices.AsyncMethodBuilderCore.Start<TStateMachine>(TStateMachine&)
       [26] void Urman.Godot.Tests.Act1FootstepLagProbe._Ready()
       [27] bool Godot.Node.InvokeGodotClassMethod(Godot.NativeInterop.godot_string_name&, Godot.NativeInterop.NativeVariantPtrArgs, Godot.NativeInterop.godot_variant&) (/root/godot/modules/mono/glue/GodotSharp/GodotSharp/Generated/GodotObjects/Node.cs:2660)
       [28] bool Urman.Godot.Tests.Act1FootstepLagProbe.InvokeGodotClassMethod(Godot.NativeInterop.godot_string_name&, Godot.NativeInterop.NativeVariantPtrArgs, Godot.NativeInterop.godot_variant&) (D:\URMAN-STATION\data\runs\e7c0cdd0340c4fe195a2a7d0e2231fc6\source\game\.godot\mono\temp\obj\Debug\Godot.SourceGenerators\Godot.SourceGenerators.ScriptMethodsGenerator\Urman.Godot.Tests.Act1FootstepLagProbe_ScriptMethods.generated.cs:90)
       [29] Godot.NativeInterop.godot_bool Godot.Bridge.CSharpInstanceBridge.Call(nint, Godot.NativeInterop.godot_string_name*, Godot.NativeInterop.godot_variant**, int, Godot.NativeInterop.godot_variant_call_error*, Godot.NativeInterop.godot_variant*) (/root/godot/modules/mono/glue/GodotSharp/GodotSharp/Core/Bridge/CSharpInstanceBridge.cs:24)
WARNING: PainterlyMaterialLibrary: surface 'snow_trampled' has no declared mode; it gets the flat world-space default.
   at: Godot.Material Urman.Godot.PainterlyMaterialLibrary.ForColor(string, string, bool) (res://scripts/PainterlyMaterialLibrary.cs:1406)
   C# backtrace (most recent call first):
       [0] void Godot.GD.PushWarning(string) (/root/godot/modules/mono/glue/GodotSharp/GodotSharp/Core/GD.cs:396)
       [1] Godot.Material Urman.Godot.PainterlyMaterialLibrary.ForColor(string, string, bool) (D:\URMAN-STATION\data\runs\e7c0cdd0340c4fe195a2a7d0e2231fc6\source\game\scripts\PainterlyMaterialLibrary.cs:1406)
       [2] Godot.Material Urman.Godot.PainterlyMaterialLibrary.ForPath(string) (D:\URMAN-STATION\data\runs\e7c0cdd0340c4fe195a2a7d0e2231fc6\source\game\scripts\PainterlyMaterialLibrary.cs:1347)
       [3] Godot.MeshInstance3D Urman.Godot.Act1ConnectedWorld.AddVisualLandformSurface(Godot.Node3D, string, float, float, float, Godot.Vector3, string, string, float, bool, Godot.Curve3D, System.Func`2[System.Single,System.Single]) (D:\URMAN-STATION\data\runs\e7c0cdd0340c4fe195a2a7d0e2231fc6\source\game\scripts\Act1ConnectedWorld.cs:7872)
       [4] void Urman.Godot.Act1ConnectedWorld.BuildCoreZirat(Godot.Node3D) (D:\URMAN-STATION\data\runs\e7c0cdd0340c4fe195a2a7d0e2231fc6\source\game\scripts\Act1ConnectedWorld.cs:6638)
       [5] void Urman.Godot.Act1ConnectedWorld.BuildAct1CoreWorldGreybox() (D:\URMAN-STATION\data\runs\e7c0cdd0340c4fe195a2a7d0e2231fc6\source\game\scripts\Act1ConnectedWorld.cs:1151)
       [6] void Urman.Godot.Act1ConnectedWorld.ProfileWorldBuildStep(string, System.Action) (D:\URMAN-STATION\data\runs\e7c0cdd0340c4fe195a2a7d0e2231fc6\source\game\scripts\Act1ConnectedWorld.cs:6348)
       [7] void Urman.Godot.Act1ConnectedWorld.Build() (D:\URMAN-STATION\data\runs\e7c0cdd0340c4fe195a2a7d0e2231fc6\source\game\scripts\Act1ConnectedWorld.cs:407)
       [8] void Urman.Godot.Act1ConnectedWorld._Ready() (D:\URMAN-STATION\data\runs\e7c0cdd0340c4fe195a2a7d0e2231fc6\source\game\scripts\Act1ConnectedWorld.cs:309)
       [9] bool Godot.Node.InvokeGodotClassMethod(Godot.NativeInterop.godot_string_name&, Godot.NativeInterop.NativeVariantPtrArgs, Godot.NativeInterop.godot_variant&) (/root/godot/modules/mono/glue/GodotSharp/GodotSharp/Generated/GodotObjects/Node.cs:2660)
       [10] bool Godot.Node3D.InvokeGodotClassMethod(Godot.NativeInterop.godot_string_name&, Godot.NativeInterop.NativeVariantPtrArgs, Godot.NativeInterop.godot_variant&) (/root/godot/modules/mono/glue/GodotSharp/GodotSharp/Generated/GodotObjects/Node3D.cs:1127)
       [11] bool Urman.Godot.Act1ConnectedWorld.InvokeGodotClassMethod(Godot.NativeInterop.godot_string_name&, Godot.NativeInterop.NativeVariantPtrArgs, Godot.NativeInterop.godot_variant&) (D:\URMAN-STATION\data\runs\e7c0cdd0340c4fe195a2a7d0e2231fc6\source\game\.godot\mono\temp\obj\Debug\Godot.SourceGenerators\Godot.SourceGenerators.ScriptMethodsGenerator\Urman.Godot.Act1ConnectedWorld_ScriptMethods.generated.cs:5726)
       [12] Godot.NativeInterop.godot_bool Godot.Bridge.CSharpInstanceBridge.Call(nint, Godot.NativeInterop.godot_string_name*, Godot.NativeInterop.godot_variant**, int, Godot.NativeInterop.godot_variant_call_error*, Godot.NativeInterop.godot_variant*) (/root/godot/modules/mono/glue/GodotSharp/GodotSharp/Core/Bridge/CSharpInstanceBridge.cs:24)
       [13] void Godot.NativeInterop.NativeFuncs.godotsharp_method_bind_ptrcall(nint, nint, System.Void**, System.Void*) (/root/godot/modules/mono/glue/GodotSharp/GodotSharp/Godot.SourceGenerators.Internal/Godot.SourceGenerators.Internal.UnmanagedCallbacksGenerator/Godot.NativeInterop.NativeFuncs.generated.cs:380)
       [14] void Godot.NativeCalls.godot_icall_3_912(nint, nint, nint, Godot.NativeInterop.godot_bool, int) (/root/godot/modules/mono/glue/GodotSharp/GodotSharp/Generated/NativeCalls.cs:8061)
       [15] void Godot.Node.AddChild(Godot.Node, bool, Godot.Node+InternalMode) (/root/godot/modules/mono/glue/GodotSharp/GodotSharp/Generated/GodotObjects/Node.cs:848)
       [16] void Urman.Godot.Main._Ready() (D:\URMAN-STATION\data\runs\e7c0cdd0340c4fe195a2a7d0e2231fc6\source\game\scripts\Main.cs:83)
       [17] bool Godot.Node.InvokeGodotClassMethod(Godot.NativeInterop.godot_string_name&, Godot.NativeInterop.NativeVariantPtrArgs, Godot.NativeInterop.godot_variant&) (/root/godot/modules/mono/glue/GodotSharp/GodotSharp/Generated/GodotObjects/Node.cs:2660)
       [18] bool Godot.Node3D.InvokeGodotClassMethod(Godot.NativeInterop.godot_string_name&, Godot.NativeInterop.NativeVariantPtrArgs, Godot.NativeInterop.godot_variant&) (/root/godot/modules/mono/glue/GodotSharp/GodotSharp/Generated/GodotObjects/Node3D.cs:1127)
       [19] bool Urman.Godot.Main.InvokeGodotClassMethod(Godot.NativeInterop.godot_string_name&, Godot.NativeInterop.NativeVariantPtrArgs, Godot.NativeInterop.godot_variant&) (D:\URMAN-STATION\data\runs\e7c0cdd0340c4fe195a2a7d0e2231fc6\source\game\.godot\mono\temp\obj\Debug\Godot.SourceGenerators\Godot.SourceGenerators.ScriptMethodsGenerator\Urman.Godot.Main_ScriptMethods.generated.cs:70)
       [20] Godot.NativeInterop.godot_bool Godot.Bridge.CSharpInstanceBridge.Call(nint, Godot.NativeInterop.godot_string_name*, Godot.NativeInterop.godot_variant**, int, Godot.NativeInterop.godot_variant_call_error*, Godot.NativeInterop.godot_variant*) (/root/godot/modules/mono/glue/GodotSharp/GodotSharp/Core/Bridge/CSharpInstanceBridge.cs:24)
       [21] void Godot.NativeInterop.NativeFuncs.godotsharp_method_bind_ptrcall(nint, nint, System.Void**, System.Void*) (/root/godot/modules/mono/glue/GodotSharp/GodotSharp/Godot.SourceGenerators.Internal/Godot.SourceGenerators.Internal.UnmanagedCallbacksGenerator/Godot.NativeInterop.NativeFuncs.generated.cs:380)
       [22] void Godot.NativeCalls.godot_icall_3_912(nint, nint, nint, Godot.NativeInterop.godot_bool, int) (/root/godot/modules/mono/glue/GodotSharp/GodotSharp/Generated/NativeCalls.cs:8061)
       [23] void Godot.Node.AddChild(Godot.Node, bool, Godot.Node+InternalMode) (/root/godot/modules/mono/glue/GodotSharp/GodotSharp/Generated/GodotObjects/Node.cs:848)
       [24] void Urman.Godot.Tests.Act1FootstepLagProbe+<_Ready>d__42.MoveNext() (D:\URMAN-STATION\data\runs\e7c0cdd0340c4fe195a2a7d0e2231fc6\source\game\tests\Act1FootstepLagProbe.cs:92)
       [25] void System.Runtime.CompilerServices.AsyncMethodBuilderCore.Start<TStateMachine>(TStateMachine&)
       [26] void Urman.Godot.Tests.Act1FootstepLagProbe._Ready()
       [27] bool Godot.Node.InvokeGodotClassMethod(Godot.NativeInterop.godot_string_name&, Godot.NativeInterop.NativeVariantPtrArgs, Godot.NativeInterop.godot_variant&) (/root/godot/modules/mono/glue/GodotSharp/GodotSharp/Generated/GodotObjects/Node.cs:2660)
       [28] bool Urman.Godot.Tests.Act1FootstepLagProbe.InvokeGodotClassMethod(Godot.NativeInterop.godot_string_name&, Godot.NativeInterop.NativeVariantPtrArgs, Godot.NativeInterop.godot_variant&) (D:\URMAN-STATION\data\runs\e7c0cdd0340c4fe195a2a7d0e2231fc6\source\game\.godot\mono\temp\obj\Debug\Godot.SourceGenerators\Godot.SourceGenerators.ScriptMethodsGenerator\Urman.Godot.Tests.Act1FootstepLagProbe_ScriptMethods.generated.cs:90)
       [29] Godot.NativeInterop.godot_bool Godot.Bridge.CSharpInstanceBridge.Call(nint, Godot.NativeInterop.godot_string_name*, Godot.NativeInterop.godot_variant**, int, Godot.NativeInterop.godot_variant_call_error*, Godot.NativeInterop.godot_variant*) (/root/godot/modules/mono/glue/GodotSharp/GodotSharp/Core/Bridge/CSharpInstanceBridge.cs:24)
act1-bridge-joint: name=SuspensionRimBearing_near slotBefore=0.09 crestMax=0.11 gapAfter=0 target=0.01 cap=0.12
act1-bridge-joint: name=SuspensionRimBearing_far slotBefore=0.09 crestMax=0.08 gapAfter=0.01 target=0.01 cap=0.12
act1-gorge-joint: deckCollisionTopError=0.0832 planks=49 sections=14 apronBoards=10
suspension-bridge-dynamics: nodes=183 sections=14 span=17.4m maxAmpY=0.3 voices=3
act1-gorge: halfWidth=8 depth=9 bridge=suspension@(0,-97.0)
act1-gorge-bridge: planks=49 patchBoards=4 apronBoards=10 sections=14 deckHoles=0
act1-bridge-joint: name=BridgeNearLandBearing slotBefore=0.3 crestMax=0.12 gapAfter=0.0947 target=0.01 cap=0.12
act1-bridge-joint: name=BridgeFarLandBearing slotBefore=0.3 crestMax=0.12 gapAfter=0.0349 target=0.01 cap=0.12
WARNING: PainterlyMaterialLibrary: surface 'frost_window' has no declared mode; it gets the flat world-space default.
   at: Godot.Material Urman.Godot.PainterlyMaterialLibrary.ForColor(string, string, bool) (res://scripts/PainterlyMaterialLibrary.cs:1406)
   C# backtrace (most recent call first):
       [0] void Godot.GD.PushWarning(string) (/root/godot/modules/mono/glue/GodotSharp/GodotSharp/Core/GD.cs:396)
       [1] Godot.Material Urman.Godot.PainterlyMaterialLibrary.ForColor(string, string, bool) (D:\URMAN-STATION\data\runs\e7c0cdd0340c4fe195a2a7d0e2231fc6\source\game\scripts\PainterlyMaterialLibrary.cs:1406)
       [2] Godot.MeshInstance3D Urman.Godot.Act1ConnectedWorld.AddVisualBox(Godot.Node3D, string, Godot.Vector3, Godot.Vector3, string, string, float, float) (D:\URMAN-STATION\data\runs\e7c0cdd0340c4fe195a2a7d0e2231fc6\source\game\scripts\Act1ConnectedWorld.cs:10965)
       [3] void Urman.Godot.Act1ConnectedWorld.AddFarBankPublicBuilding(Godot.Node3D, Urman.Godot.Act1ConnectedWorld+FarBankPublic) (D:\URMAN-STATION\data\runs\e7c0cdd0340c4fe195a2a7d0e2231fc6\source\game\scripts\Act1ConnectedWorld.FarBank.cs:98)
       [4] void Urman.Godot.Act1ConnectedWorld.AddFarBankQuarter(Godot.Node3D) (D:\URMAN-STATION\data\runs\e7c0cdd0340c4fe195a2a7d0e2231fc6\source\game\scripts\Act1ConnectedWorld.FarBank.cs:58)
       [5] void Urman.Godot.Act1ConnectedWorld.AddRavineFarBank(Godot.Node3D) (D:\URMAN-STATION\data\runs\e7c0cdd0340c4fe195a2a7d0e2231fc6\source\game\scripts\Act1ConnectedWorld.Ravine.cs:314)
       [6] void Urman.Godot.Act1ConnectedWorld.AddVillageRavine(Godot.Node3D) (D:\URMAN-STATION\data\runs\e7c0cdd0340c4fe195a2a7d0e2231fc6\source\game\scripts\Act1ConnectedWorld.Ravine.cs:55)
       [7] void Urman.Godot.Act1ConnectedWorld.BuildAct1CoreWorldGreybox() (D:\URMAN-STATION\data\runs\e7c0cdd0340c4fe195a2a7d0e2231fc6\source\game\scripts\Act1ConnectedWorld.cs:1169)
       [8] void Urman.Godot.Act1ConnectedWorld.ProfileWorldBuildStep(string, System.Action) (D:\URMAN-STATION\data\runs\e7c0cdd0340c4fe195a2a7d0e2231fc6\source\game\scripts\Act1ConnectedWorld.cs:6348)
       [9] void Urman.Godot.Act1ConnectedWorld.Build() (D:\URMAN-STATION\data\runs\e7c0cdd0340c4fe195a2a7d0e2231fc6\source\game\scripts\Act1ConnectedWorld.cs:407)
       [10] void Urman.Godot.Act1ConnectedWorld._Ready() (D:\URMAN-STATION\data\runs\e7c0cdd0340c4fe195a2a7d0e2231fc6\source\game\scripts\Act1ConnectedWorld.cs:309)
       [11] bool Godot.Node.InvokeGodotClassMethod(Godot.NativeInterop.godot_string_name&, Godot.NativeInterop.NativeVariantPtrArgs, Godot.NativeInterop.godot_variant&) (/root/godot/modules/mono/glue/GodotSharp/GodotSharp/Generated/GodotObjects/Node.cs:2660)
       [12] bool Godot.Node3D.InvokeGodotClassMethod(Godot.NativeInterop.godot_string_name&, Godot.NativeInterop.NativeVariantPtrArgs, Godot.NativeInterop.godot_variant&) (/root/godot/modules/mono/glue/GodotSharp/GodotSharp/Generated/GodotObjects/Node3D.cs:1127)
       [13] bool Urman.Godot.Act1ConnectedWorld.InvokeGodotClassMethod(Godot.NativeInterop.godot_string_name&, Godot.NativeInterop.NativeVariantPtrArgs, Godot.NativeInterop.godot_variant&) (D:\URMAN-STATION\data\runs\e7c0cdd0340c4fe195a2a7d0e2231fc6\source\game\.godot\mono\temp\obj\Debug\Godot.SourceGenerators\Godot.SourceGenerators.ScriptMethodsGenerator\Urman.Godot.Act1ConnectedWorld_ScriptMethods.generated.cs:5726)
       [14] Godot.NativeInterop.godot_bool Godot.Bridge.CSharpInstanceBridge.Call(nint, Godot.NativeInterop.godot_string_name*, Godot.NativeInterop.godot_variant**, int, Godot.NativeInterop.godot_variant_call_error*, Godot.NativeInterop.godot_variant*) (/root/godot/modules/mono/glue/GodotSharp/GodotSharp/Core/Bridge/CSharpInstanceBridge.cs:24)
       [15] void Godot.NativeInterop.NativeFuncs.godotsharp_method_bind_ptrcall(nint, nint, System.Void**, System.Void*) (/root/godot/modules/mono/glue/GodotSharp/GodotSharp/Godot.SourceGenerators.Internal/Godot.SourceGenerators.Internal.UnmanagedCallbacksGenerator/Godot.NativeInterop.NativeFuncs.generated.cs:380)
       [16] void Godot.NativeCalls.godot_icall_3_912(nint, nint, nint, Godot.NativeInterop.godot_bool, int) (/root/godot/modules/mono/glue/GodotSharp/GodotSharp/Generated/NativeCalls.cs:8061)
       [17] void Godot.Node.AddChild(Godot.Node, bool, Godot.Node+InternalMode) (/root/godot/modules/mono/glue/GodotSharp/GodotSharp/Generated/GodotObjects/Node.cs:848)
       [18] void Urman.Godot.Main._Ready() (D:\URMAN-STATION\data\runs\e7c0cdd0340c4fe195a2a7d0e2231fc6\source\game\scripts\Main.cs:83)
       [19] bool Godot.Node.InvokeGodotClassMethod(Godot.NativeInterop.godot_string_name&, Godot.NativeInterop.NativeVariantPtrArgs, Godot.NativeInterop.godot_variant&) (/root/godot/modules/mono/glue/GodotSharp/GodotSharp/Generated/GodotObjects/Node.cs:2660)
       [20] bool Godot.Node3D.InvokeGodotClassMethod(Godot.NativeInterop.godot_string_name&, Godot.NativeInterop.NativeVariantPtrArgs, Godot.NativeInterop.godot_variant&) (/root/godot/modules/mono/glue/GodotSharp/GodotSharp/Generated/GodotObjects/Node3D.cs:1127)
       [21] bool Urman.Godot.Main.InvokeGodotClassMethod(Godot.NativeInterop.godot_string_name&, Godot.NativeInterop.NativeVariantPtrArgs, Godot.NativeInterop.godot_variant&) (D:\URMAN-STATION\data\runs\e7c0cdd0340c4fe195a2a7d0e2231fc6\source\game\.godot\mono\temp\obj\Debug\Godot.SourceGenerators\Godot.SourceGenerators.ScriptMethodsGenerator\Urman.Godot.Main_ScriptMethods.generated.cs:70)
       [22] Godot.NativeInterop.godot_bool Godot.Bridge.CSharpInstanceBridge.Call(nint, Godot.NativeInterop.godot_string_name*, Godot.NativeInterop.godot_variant**, int, Godot.NativeInterop.godot_variant_call_error*, Godot.NativeInterop.godot_variant*) (/root/godot/modules/mono/glue/GodotSharp/GodotSharp/Core/Bridge/CSharpInstanceBridge.cs:24)
       [23] void Godot.NativeInterop.NativeFuncs.godotsharp_method_bind_ptrcall(nint, nint, System.Void**, System.Void*) (/root/godot/modules/mono/glue/GodotSharp/GodotSharp/Godot.SourceGenerators.Internal/Godot.SourceGenerators.Internal.UnmanagedCallbacksGenerator/Godot.NativeInterop.NativeFuncs.generated.cs:380)
       [24] void Godot.NativeCalls.godot_icall_3_912(nint, nint, nint, Godot.NativeInterop.godot_bool, int) (/root/godot/modules/mono/glue/GodotSharp/GodotSharp/Generated/NativeCalls.cs:8061)
       [25] void Godot.Node.AddChild(Godot.Node, bool, Godot.Node+InternalMode) (/root/godot/modules/mono/glue/GodotSharp/GodotSharp/Generated/GodotObjects/Node.cs:848)
       [26] void Urman.Godot.Tests.Act1FootstepLagProbe+<_Ready>d__42.MoveNext() (D:\URMAN-STATION\data\runs\e7c0cdd0340c4fe195a2a7d0e2231fc6\source\game\tests\Act1FootstepLagProbe.cs:92)
       [27] void System.Runtime.CompilerServices.AsyncMethodBuilderCore.Start<TStateMachine>(TStateMachine&)
       [28] void Urman.Godot.Tests.Act1FootstepLagProbe._Ready()
       [29] bool Godot.Node.InvokeGodotClassMethod(Godot.NativeInterop.godot_string_name&, Godot.NativeInterop.NativeVariantPtrArgs, Godot.NativeInterop.godot_variant&) (/root/godot/modules/mono/glue/GodotSharp/GodotSharp/Generated/GodotObjects/Node.cs:2660)
       [30] bool Urman.Godot.Tests.Act1FootstepLagProbe.InvokeGodotClassMethod(Godot.NativeInterop.godot_string_name&, Godot.NativeInterop.NativeVariantPtrArgs, Godot.NativeInterop.godot_variant&) (D:\URMAN-STATION\data\runs\e7c0cdd0340c4fe195a2a7d0e2231fc6\source\game\.godot\mono\temp\obj\Debug\Godot.SourceGenerators\Godot.SourceGenerators.ScriptMethodsGenerator\Urman.Godot.Tests.Act1FootstepLagProbe_ScriptMethods.generated.cs:90)
       [31] Godot.NativeInterop.godot_bool Godot.Bridge.CSharpInstanceBridge.Call(nint, Godot.NativeInterop.godot_string_name*, Godot.NativeInterop.godot_variant**, int, Godot.NativeInterop.godot_variant_call_error*, Godot.NativeInterop.godot_variant*) (/root/godot/modules/mono/glue/GodotSharp/GodotSharp/Core/Bridge/CSharpInstanceBridge.cs:24)
WARNING: PainterlyMaterialLibrary: surface 'snow_roof' has no declared mode; it gets the flat world-space default.
   at: Godot.Material Urman.Godot.PainterlyMaterialLibrary.ForColor(string, string, bool) (res://scripts/PainterlyMaterialLibrary.cs:1406)
   C# backtrace (most recent call first):
       [0] void Godot.GD.PushWarning(string) (/root/godot/modules/mono/glue/GodotSharp/GodotSharp/Core/GD.cs:396)
       [1] Godot.Material Urman.Godot.PainterlyMaterialLibrary.ForColor(string, string, bool) (D:\URMAN-STATION\data\runs\e7c0cdd0340c4fe195a2a7d0e2231fc6\source\game\scripts\PainterlyMaterialLibrary.cs:1406)
       [2] Godot.MeshInstance3D Urman.Godot.Act1ConnectedWorld.AddVisualBox(Godot.Node3D, string, Godot.Vector3, Godot.Vector3, string, string, float, float) (D:\URMAN-STATION\data\runs\e7c0cdd0340c4fe195a2a7d0e2231fc6\source\game\scripts\Act1ConnectedWorld.cs:10965)
       [3] void Urman.Godot.Act1ConnectedWorld.AddFarBankPublicBuilding(Godot.Node3D, Urman.Godot.Act1ConnectedWorld+FarBankPublic) (D:\URMAN-STATION\data\runs\e7c0cdd0340c4fe195a2a7d0e2231fc6\source\game\scripts\Act1ConnectedWorld.FarBank.cs:120)
       [4] void Urman.Godot.Act1ConnectedWorld.AddFarBankQuarter(Godot.Node3D) (D:\URMAN-STATION\data\runs\e7c0cdd0340c4fe195a2a7d0e2231fc6\source\game\scripts\Act1ConnectedWorld.FarBank.cs:58)
       [5] void Urman.Godot.Act1ConnectedWorld.AddRavineFarBank(Godot.Node3D) (D:\URMAN-STATION\data\runs\e7c0cdd0340c4fe195a2a7d0e2231fc6\source\game\scripts\Act1ConnectedWorld.Ravine.cs:314)
       [6] void Urman.Godot.Act1ConnectedWorld.AddVillageRavine(Godot.Node3D) (D:\URMAN-STATION\data\runs\e7c0cdd0340c4fe195a2a7d0e2231fc6\source\game\scripts\Act1ConnectedWorld.Ravine.cs:55)
       [7] void Urman.Godot.Act1ConnectedWorld.BuildAct1CoreWorldGreybox() (D:\URMAN-STATION\data\runs\e7c0cdd0340c4fe195a2a7d0e2231fc6\source\game\scripts\Act1ConnectedWorld.cs:1169)
       [8] void Urman.Godot.Act1ConnectedWorld.ProfileWorldBuildStep(string, System.Action) (D:\URMAN-STATION\data\runs\e7c0cdd0340c4fe195a2a7d0e2231fc6\source\game\scripts\Act1ConnectedWorld.cs:6348)
       [9] void Urman.Godot.Act1ConnectedWorld.Build() (D:\URMAN-STATION\data\runs\e7c0cdd0340c4fe195a2a7d0e2231fc6\source\game\scripts\Act1ConnectedWorld.cs:407)
       [10] void Urman.Godot.Act1ConnectedWorld._Ready() (D:\URMAN-STATION\data\runs\e7c0cdd0340c4fe195a2a7d0e2231fc6\source\game\scripts\Act1ConnectedWorld.cs:309)
       [11] bool Godot.Node.InvokeGodotClassMethod(Godot.NativeInterop.godot_string_name&, Godot.NativeInterop.NativeVariantPtrArgs, Godot.NativeInterop.godot_variant&) (/root/godot/modules/mono/glue/GodotSharp/GodotSharp/Generated/GodotObjects/Node.cs:2660)
       [12] bool Godot.Node3D.InvokeGodotClassMethod(Godot.NativeInterop.godot_string_name&, Godot.NativeInterop.NativeVariantPtrArgs, Godot.NativeInterop.godot_variant&) (/root/godot/modules/mono/glue/GodotSharp/GodotSharp/Generated/GodotObjects/Node3D.cs:1127)
       [13] bool Urman.Godot.Act1ConnectedWorld.InvokeGodotClassMethod(Godot.NativeInterop.godot_string_name&, Godot.NativeInterop.NativeVariantPtrArgs, Godot.NativeInterop.godot_variant&) (D:\URMAN-STATION\data\runs\e7c0cdd0340c4fe195a2a7d0e2231fc6\source\game\.godot\mono\temp\obj\Debug\Godot.SourceGenerators\Godot.SourceGenerators.ScriptMethodsGenerator\Urman.Godot.Act1ConnectedWorld_ScriptMethods.generated.cs:5726)
       [14] Godot.NativeInterop.godot_bool Godot.Bridge.CSharpInstanceBridge.Call(nint, Godot.NativeInterop.godot_string_name*, Godot.NativeInterop.godot_variant**, int, Godot.NativeInterop.godot_variant_call_error*, Godot.NativeInterop.godot_variant*) (/root/godot/modules/mono/glue/GodotSharp/GodotSharp/Core/Bridge/CSharpInstanceBridge.cs:24)
       [15] void Godot.NativeInterop.NativeFuncs.godotsharp_method_bind_ptrcall(nint, nint, System.Void**, System.Void*) (/root/godot/modules/mono/glue/GodotSharp/GodotSharp/Godot.SourceGenerators.Internal/Godot.SourceGenerators.Internal.UnmanagedCallbacksGenerator/Godot.NativeInterop.NativeFuncs.generated.cs:380)
       [16] void Godot.NativeCalls.godot_icall_3_912(nint, nint, nint, Godot.NativeInterop.godot_bool, int) (/root/godot/modules/mono/glue/GodotSharp/GodotSharp/Generated/NativeCalls.cs:8061)
       [17] void Godot.Node.AddChild(Godot.Node, bool, Godot.Node+InternalMode) (/root/godot/modules/mono/glue/GodotSharp/GodotSharp/Generated/GodotObjects/Node.cs:848)
       [18] void Urman.Godot.Main._Ready() (D:\URMAN-STATION\data\runs\e7c0cdd0340c4fe195a2a7d0e2231fc6\source\game\scripts\Main.cs:83)
       [19] bool Godot.Node.InvokeGodotClassMethod(Godot.NativeInterop.godot_string_name&, Godot.NativeInterop.NativeVariantPtrArgs, Godot.NativeInterop.godot_variant&) (/root/godot/modules/mono/glue/GodotSharp/GodotSharp/Generated/GodotObjects/Node.cs:2660)
       [20] bool Godot.Node3D.InvokeGodotClassMethod(Godot.NativeInterop.godot_string_name&, Godot.NativeInterop.NativeVariantPtrArgs, Godot.NativeInterop.godot_variant&) (/root/godot/modules/mono/glue/GodotSharp/GodotSharp/Generated/GodotObjects/Node3D.cs:1127)
       [21] bool Urman.Godot.Main.InvokeGodotClassMethod(Godot.NativeInterop.godot_string_name&, Godot.NativeInterop.NativeVariantPtrArgs, Godot.NativeInterop.godot_variant&) (D:\URMAN-STATION\data\runs\e7c0cdd0340c4fe195a2a7d0e2231fc6\source\game\.godot\mono\temp\obj\Debug\Godot.SourceGenerators\Godot.SourceGenerators.ScriptMethodsGenerator\Urman.Godot.Main_ScriptMethods.generated.cs:70)
       [22] Godot.NativeInterop.godot_bool Godot.Bridge.CSharpInstanceBridge.Call(nint, Godot.NativeInterop.godot_string_name*, Godot.NativeInterop.godot_variant**, int, Godot.NativeInterop.godot_variant_call_error*, Godot.NativeInterop.godot_variant*) (/root/godot/modules/mono/glue/GodotSharp/GodotSharp/Core/Bridge/CSharpInstanceBridge.cs:24)
       [23] void Godot.NativeInterop.NativeFuncs.godotsharp_method_bind_ptrcall(nint, nint, System.Void**, System.Void*) (/root/godot/modules/mono/glue/GodotSharp/GodotSharp/Godot.SourceGenerators.Internal/Godot.SourceGenerators.Internal.UnmanagedCallbacksGenerator/Godot.NativeInterop.NativeFuncs.generated.cs:380)
       [24] void Godot.NativeCalls.godot_icall_3_912(nint, nint, nint, Godot.NativeInterop.godot_bool, int) (/root/godot/modules/mono/glue/GodotSharp/GodotSharp/Generated/NativeCalls.cs:8061)
       [25] void Godot.Node.AddChild(Godot.Node, bool, Godot.Node+InternalMode) (/root/godot/modules/mono/glue/GodotSharp/GodotSharp/Generated/GodotObjects/Node.cs:848)
       [26] void Urman.Godot.Tests.Act1FootstepLagProbe+<_Ready>d__42.MoveNext() (D:\URMAN-STATION\data\runs\e7c0cdd0340c4fe195a2a7d0e2231fc6\source\game\tests\Act1FootstepLagProbe.cs:92)
       [27] void System.Runtime.CompilerServices.AsyncMethodBuilderCore.Start<TStateMachine>(TStateMachine&)
       [28] void Urman.Godot.Tests.Act1FootstepLagProbe._Ready()
       [29] bool Godot.Node.InvokeGodotClassMethod(Godot.NativeInterop.godot_string_name&, Godot.NativeInterop.NativeVariantPtrArgs, Godot.NativeInterop.godot_variant&) (/root/godot/modules/mono/glue/GodotSharp/GodotSharp/Generated/GodotObjects/Node.cs:2660)
       [30] bool Urman.Godot.Tests.Act1FootstepLagProbe.InvokeGodotClassMethod(Godot.NativeInterop.godot_string_name&, Godot.NativeInterop.NativeVariantPtrArgs, Godot.NativeInterop.godot_variant&) (D:\URMAN-STATION\data\runs\e7c0cdd0340c4fe195a2a7d0e2231fc6\source\game\.godot\mono\temp\obj\Debug\Godot.SourceGenerators\Godot.SourceGenerators.ScriptMethodsGenerator\Urman.Godot.Tests.Act1FootstepLagProbe_ScriptMethods.generated.cs:90)
       [31] Godot.NativeInterop.godot_bool Godot.Bridge.CSharpInstanceBridge.Call(nint, Godot.NativeInterop.godot_string_name*, Godot.NativeInterop.godot_variant**, int, Godot.NativeInterop.godot_variant_call_error*, Godot.NativeInterop.godot_variant*) (/root/godot/modules/mono/glue/GodotSharp/GodotSharp/Core/Bridge/CSharpInstanceBridge.cs:24)
zirat-relocation: family stones=2 quiet stones=7 rows=2
WARNING: VIS-022 zirat grave axis: measured 87.5°, the project qibla parameter 195.1725° puts the row axis at 105.2° => 17.7° to be confirmed by the author and a cultural consultant (measured only: nothing was rotated).
   at: void Urman.Godot.Act1ConnectedWorld.AuditZiratCulturalContract(Godot.Node3D, Godot.Node3D, Godot.Node3D) (res://scripts/Act1ConnectedWorld.cs:3633)
   C# backtrace (most recent call first):
       [0] void Godot.GD.PushWarning(string) (/root/godot/modules/mono/glue/GodotSharp/GodotSharp/Core/GD.cs:396)
       [1] void Urman.Godot.Act1ConnectedWorld.AuditZiratCulturalContract(Godot.Node3D, Godot.Node3D, Godot.Node3D) (D:\URMAN-STATION\data\runs\e7c0cdd0340c4fe195a2a7d0e2231fc6\source\game\scripts\Act1ConnectedWorld.cs:3633)
       [2] void Urman.Godot.Act1ConnectedWorld.BuildAct1ZiratRoadsideKit(Godot.Node3D) (D:\URMAN-STATION\data\runs\e7c0cdd0340c4fe195a2a7d0e2231fc6\source\game\scripts\Act1ConnectedWorld.cs:3501)
       [3] void Urman.Godot.Act1ConnectedWorld.BuildAct1CoreWorldGreybox() (D:\URMAN-STATION\data\runs\e7c0cdd0340c4fe195a2a7d0e2231fc6\source\game\scripts\Act1ConnectedWorld.cs:1214)
       [4] void Urman.Godot.Act1ConnectedWorld.ProfileWorldBuildStep(string, System.Action) (D:\URMAN-STATION\data\runs\e7c0cdd0340c4fe195a2a7d0e2231fc6\source\game\scripts\Act1ConnectedWorld.cs:6348)
       [5] void Urman.Godot.Act1ConnectedWorld.Build() (D:\URMAN-STATION\data\runs\e7c0cdd0340c4fe195a2a7d0e2231fc6\source\game\scripts\Act1ConnectedWorld.cs:407)
       [6] void Urman.Godot.Act1ConnectedWorld._Ready() (D:\URMAN-STATION\data\runs\e7c0cdd0340c4fe195a2a7d0e2231fc6\source\game\scripts\Act1ConnectedWorld.cs:309)
       [7] bool Godot.Node.InvokeGodotClassMethod(Godot.NativeInterop.godot_string_name&, Godot.NativeInterop.NativeVariantPtrArgs, Godot.NativeInterop.godot_variant&) (/root/godot/modules/mono/glue/GodotSharp/GodotSharp/Generated/GodotObjects/Node.cs:2660)
       [8] bool Godot.Node3D.InvokeGodotClassMethod(Godot.NativeInterop.godot_string_name&, Godot.NativeInterop.NativeVariantPtrArgs, Godot.NativeInterop.godot_variant&) (/root/godot/modules/mono/glue/GodotSharp/GodotSharp/Generated/GodotObjects/Node3D.cs:1127)
       [9] bool Urman.Godot.Act1ConnectedWorld.InvokeGodotClassMethod(Godot.NativeInterop.godot_string_name&, Godot.NativeInterop.NativeVariantPtrArgs, Godot.NativeInterop.godot_variant&) (D:\URMAN-STATION\data\runs\e7c0cdd0340c4fe195a2a7d0e2231fc6\source\game\.godot\mono\temp\obj\Debug\Godot.SourceGenerators\Godot.SourceGenerators.ScriptMethodsGenerator\Urman.Godot.Act1ConnectedWorld_ScriptMethods.generated.cs:5726)
       [10] Godot.NativeInterop.godot_bool Godot.Bridge.CSharpInstanceBridge.Call(nint, Godot.NativeInterop.godot_string_name*, Godot.NativeInterop.godot_variant**, int, Godot.NativeInterop.godot_variant_call_error*, Godot.NativeInterop.godot_variant*) (/root/godot/modules/mono/glue/GodotSharp/GodotSharp/Core/Bridge/CSharpInstanceBridge.cs:24)
       [11] void Godot.NativeInterop.NativeFuncs.godotsharp_method_bind_ptrcall(nint, nint, System.Void**, System.Void*) (/root/godot/modules/mono/glue/GodotSharp/GodotSharp/Godot.SourceGenerators.Internal/Godot.SourceGenerators.Internal.UnmanagedCallbacksGenerator/Godot.NativeInterop.NativeFuncs.generated.cs:380)
       [12] void Godot.NativeCalls.godot_icall_3_912(nint, nint, nint, Godot.NativeInterop.godot_bool, int) (/root/godot/modules/mono/glue/GodotSharp/GodotSharp/Generated/NativeCalls.cs:8061)
       [13] void Godot.Node.AddChild(Godot.Node, bool, Godot.Node+InternalMode) (/root/godot/modules/mono/glue/GodotSharp/GodotSharp/Generated/GodotObjects/Node.cs:848)
       [14] void Urman.Godot.Main._Ready() (D:\URMAN-STATION\data\runs\e7c0cdd0340c4fe195a2a7d0e2231fc6\source\game\scripts\Main.cs:83)
       [15] bool Godot.Node.InvokeGodotClassMethod(Godot.NativeInterop.godot_string_name&, Godot.NativeInterop.NativeVariantPtrArgs, Godot.NativeInterop.godot_variant&) (/root/godot/modules/mono/glue/GodotSharp/GodotSharp/Generated/GodotObjects/Node.cs:2660)
       [16] bool Godot.Node3D.InvokeGodotClassMethod(Godot.NativeInterop.godot_string_name&, Godot.NativeInterop.NativeVariantPtrArgs, Godot.NativeInterop.godot_variant&) (/root/godot/modules/mono/glue/GodotSharp/GodotSharp/Generated/GodotObjects/Node3D.cs:1127)
       [17] bool Urman.Godot.Main.InvokeGodotClassMethod(Godot.NativeInterop.godot_string_name&, Godot.NativeInterop.NativeVariantPtrArgs, Godot.NativeInterop.godot_variant&) (D:\URMAN-STATION\data\runs\e7c0cdd0340c4fe195a2a7d0e2231fc6\source\game\.godot\mono\temp\obj\Debug\Godot.SourceGenerators\Godot.SourceGenerators.ScriptMethodsGenerator\Urman.Godot.Main_ScriptMethods.generated.cs:70)
       [18] Godot.NativeInterop.godot_bool Godot.Bridge.CSharpInstanceBridge.Call(nint, Godot.NativeInterop.godot_string_name*, Godot.NativeInterop.godot_variant**, int, Godot.NativeInterop.godot_variant_call_error*, Godot.NativeInterop.godot_variant*) (/root/godot/modules/mono/glue/GodotSharp/GodotSharp/Core/Bridge/CSharpInstanceBridge.cs:24)
       [19] void Godot.NativeInterop.NativeFuncs.godotsharp_method_bind_ptrcall(nint, nint, System.Void**, System.Void*) (/root/godot/modules/mono/glue/GodotSharp/GodotSharp/Godot.SourceGenerators.Internal/Godot.SourceGenerators.Internal.UnmanagedCallbacksGenerator/Godot.NativeInterop.NativeFuncs.generated.cs:380)
       [20] void Godot.NativeCalls.godot_icall_3_912(nint, nint, nint, Godot.NativeInterop.godot_bool, int) (/root/godot/modules/mono/glue/GodotSharp/GodotSharp/Generated/NativeCalls.cs:8061)
       [21] void Godot.Node.AddChild(Godot.Node, bool, Godot.Node+InternalMode) (/root/godot/modules/mono/glue/GodotSharp/GodotSharp/Generated/GodotObjects/Node.cs:848)
       [22] void Urman.Godot.Tests.Act1FootstepLagProbe+<_Ready>d__42.MoveNext() (D:\URMAN-STATION\data\runs\e7c0cdd0340c4fe195a2a7d0e2231fc6\source\game\tests\Act1FootstepLagProbe.cs:92)
       [23] void System.Runtime.CompilerServices.AsyncMethodBuilderCore.Start<TStateMachine>(TStateMachine&)
       [24] void Urman.Godot.Tests.Act1FootstepLagProbe._Ready()
       [25] bool Godot.Node.InvokeGodotClassMethod(Godot.NativeInterop.godot_string_name&, Godot.NativeInterop.NativeVariantPtrArgs, Godot.NativeInterop.godot_variant&) (/root/godot/modules/mono/glue/GodotSharp/GodotSharp/Generated/GodotObjects/Node.cs:2660)
       [26] bool Urman.Godot.Tests.Act1FootstepLagProbe.InvokeGodotClassMethod(Godot.NativeInterop.godot_string_name&, Godot.NativeInterop.NativeVariantPtrArgs, Godot.NativeInterop.godot_variant&) (D:\URMAN-STATION\data\runs\e7c0cdd0340c4fe195a2a7d0e2231fc6\source\game\.godot\mono\temp\obj\Debug\Godot.SourceGenerators\Godot.SourceGenerators.ScriptMethodsGenerator\Urman.Godot.Tests.Act1FootstepLagProbe_ScriptMethods.generated.cs:90)
       [27] Godot.NativeInterop.godot_bool Godot.Bridge.CSharpInstanceBridge.Call(nint, Godot.NativeInterop.godot_string_name*, Godot.NativeInterop.godot_variant**, int, Godot.NativeInterop.godot_variant_call_error*, Godot.NativeInterop.godot_variant*) (/root/godot/modules/mono/glue/GodotSharp/GodotSharp/Core/Bridge/CSharpInstanceBridge.cs:24)
zirat-cultural-audit: forbidden=0 fenceTop=1.03m gateTop=1.48m paths=1 stones=13/13 axis=87.5° expected=105.2° delta=17.7°
WARNING: PainterlyMaterialLibrary: surface 'snow_grass' has no declared mode; it gets the flat world-space default.
   at: Godot.Material Urman.Godot.PainterlyMaterialLibrary.ForColor(string, string, bool) (res://scripts/PainterlyMaterialLibrary.cs:1406)
   C# backtrace (most recent call first):
       [0] void Godot.GD.PushWarning(string) (/root/godot/modules/mono/glue/GodotSharp/GodotSharp/Core/GD.cs:396)
       [1] Godot.Material Urman.Godot.PainterlyMaterialLibrary.ForColor(string, string, bool) (D:\URMAN-STATION\data\runs\e7c0cdd0340c4fe195a2a7d0e2231fc6\source\game\scripts\PainterlyMaterialLibrary.cs:1406)
       [2] void Urman.Godot.Act1ConnectedWorld.RegradeKaraEdgeMaterials(Godot.Node3D) (D:\URMAN-STATION\data\runs\e7c0cdd0340c4fe195a2a7d0e2231fc6\source\game\scripts\Act1ConnectedWorld.cs:3949)
       [3] void Urman.Godot.Act1ConnectedWorld.BuildAct1KaraForestEdgeKit(Godot.Node3D) (D:\URMAN-STATION\data\runs\e7c0cdd0340c4fe195a2a7d0e2231fc6\source\game\scripts\Act1ConnectedWorld.cs:3895)
       [4] void Urman.Godot.Act1ConnectedWorld.BuildAct1CoreWorldGreybox() (D:\URMAN-STATION\data\runs\e7c0cdd0340c4fe195a2a7d0e2231fc6\source\game\scripts\Act1ConnectedWorld.cs:1215)
       [5] void Urman.Godot.Act1ConnectedWorld.ProfileWorldBuildStep(string, System.Action) (D:\URMAN-STATION\data\runs\e7c0cdd0340c4fe195a2a7d0e2231fc6\source\game\scripts\Act1ConnectedWorld.cs:6348)
       [6] void Urman.Godot.Act1ConnectedWorld.Build() (D:\URMAN-STATION\data\runs\e7c0cdd0340c4fe195a2a7d0e2231fc6\source\game\scripts\Act1ConnectedWorld.cs:407)
       [7] void Urman.Godot.Act1ConnectedWorld._Ready() (D:\URMAN-STATION\data\runs\e7c0cdd0340c4fe195a2a7d0e2231fc6\source\game\scripts\Act1ConnectedWorld.cs:309)
       [8] bool Godot.Node.InvokeGodotClassMethod(Godot.NativeInterop.godot_string_name&, Godot.NativeInterop.NativeVariantPtrArgs, Godot.NativeInterop.godot_variant&) (/root/godot/modules/mono/glue/GodotSharp/GodotSharp/Generated/GodotObjects/Node.cs:2660)
       [9] bool Godot.Node3D.InvokeGodotClassMethod(Godot.NativeInterop.godot_string_name&, Godot.NativeInterop.NativeVariantPtrArgs, Godot.NativeInterop.godot_variant&) (/root/godot/modules/mono/glue/GodotSharp/GodotSharp/Generated/GodotObjects/Node3D.cs:1127)
       [10] bool Urman.Godot.Act1ConnectedWorld.InvokeGodotClassMethod(Godot.NativeInterop.godot_string_name&, Godot.NativeInterop.NativeVariantPtrArgs, Godot.NativeInterop.godot_variant&) (D:\URMAN-STATION\data\runs\e7c0cdd0340c4fe195a2a7d0e2231fc6\source\game\.godot\mono\temp\obj\Debug\Godot.SourceGenerators\Godot.SourceGenerators.ScriptMethodsGenerator\Urman.Godot.Act1ConnectedWorld_ScriptMethods.generated.cs:5726)
       [11] Godot.NativeInterop.godot_bool Godot.Bridge.CSharpInstanceBridge.Call(nint, Godot.NativeInterop.godot_string_name*, Godot.NativeInterop.godot_variant**, int, Godot.NativeInterop.godot_variant_call_error*, Godot.NativeInterop.godot_variant*) (/root/godot/modules/mono/glue/GodotSharp/GodotSharp/Core/Bridge/CSharpInstanceBridge.cs:24)
       [12] void Godot.NativeInterop.NativeFuncs.godotsharp_method_bind_ptrcall(nint, nint, System.Void**, System.Void*) (/root/godot/modules/mono/glue/GodotSharp/GodotSharp/Godot.SourceGenerators.Internal/Godot.SourceGenerators.Internal.UnmanagedCallbacksGenerator/Godot.NativeInterop.NativeFuncs.generated.cs:380)
       [13] void Godot.NativeCalls.godot_icall_3_912(nint, nint, nint, Godot.NativeInterop.godot_bool, int) (/root/godot/modules/mono/glue/GodotSharp/GodotSharp/Generated/NativeCalls.cs:8061)
       [14] void Godot.Node.AddChild(Godot.Node, bool, Godot.Node+InternalMode) (/root/godot/modules/mono/glue/GodotSharp/GodotSharp/Generated/GodotObjects/Node.cs:848)
       [15] void Urman.Godot.Main._Ready() (D:\URMAN-STATION\data\runs\e7c0cdd0340c4fe195a2a7d0e2231fc6\source\game\scripts\Main.cs:83)
       [16] bool Godot.Node.InvokeGodotClassMethod(Godot.NativeInterop.godot_string_name&, Godot.NativeInterop.NativeVariantPtrArgs, Godot.NativeInterop.godot_variant&) (/root/godot/modules/mono/glue/GodotSharp/GodotSharp/Generated/GodotObjects/Node.cs:2660)
       [17] bool Godot.Node3D.InvokeGodotClassMethod(Godot.NativeInterop.godot_string_name&, Godot.NativeInterop.NativeVariantPtrArgs, Godot.NativeInterop.godot_variant&) (/root/godot/modules/mono/glue/GodotSharp/GodotSharp/Generated/GodotObjects/Node3D.cs:1127)
       [18] bool Urman.Godot.Main.InvokeGodotClassMethod(Godot.NativeInterop.godot_string_name&, Godot.NativeInterop.NativeVariantPtrArgs, Godot.NativeInterop.godot_variant&) (D:\URMAN-STATION\data\runs\e7c0cdd0340c4fe195a2a7d0e2231fc6\source\game\.godot\mono\temp\obj\Debug\Godot.SourceGenerators\Godot.SourceGenerators.ScriptMethodsGenerator\Urman.Godot.Main_ScriptMethods.generated.cs:70)
       [19] Godot.NativeInterop.godot_bool Godot.Bridge.CSharpInstanceBridge.Call(nint, Godot.NativeInterop.godot_string_name*, Godot.NativeInterop.godot_variant**, int, Godot.NativeInterop.godot_variant_call_error*, Godot.NativeInterop.godot_variant*) (/root/godot/modules/mono/glue/GodotSharp/GodotSharp/Core/Bridge/CSharpInstanceBridge.cs:24)
       [20] void Godot.NativeInterop.NativeFuncs.godotsharp_method_bind_ptrcall(nint, nint, System.Void**, System.Void*) (/root/godot/modules/mono/glue/GodotSharp/GodotSharp/Godot.SourceGenerators.Internal/Godot.SourceGenerators.Internal.UnmanagedCallbacksGenerator/Godot.NativeInterop.NativeFuncs.generated.cs:380)
       [21] void Godot.NativeCalls.godot_icall_3_912(nint, nint, nint, Godot.NativeInterop.godot_bool, int) (/root/godot/modules/mono/glue/GodotSharp/GodotSharp/Generated/NativeCalls.cs:8061)
       [22] void Godot.Node.AddChild(Godot.Node, bool, Godot.Node+InternalMode) (/root/godot/modules/mono/glue/GodotSharp/GodotSharp/Generated/GodotObjects/Node.cs:848)
       [23] void Urman.Godot.Tests.Act1FootstepLagProbe+<_Ready>d__42.MoveNext() (D:\URMAN-STATION\data\runs\e7c0cdd0340c4fe195a2a7d0e2231fc6\source\game\tests\Act1FootstepLagProbe.cs:92)
       [24] void System.Runtime.CompilerServices.AsyncMethodBuilderCore.Start<TStateMachine>(TStateMachine&)
       [25] void Urman.Godot.Tests.Act1FootstepLagProbe._Ready()
       [26] bool Godot.Node.InvokeGodotClassMethod(Godot.NativeInterop.godot_string_name&, Godot.NativeInterop.NativeVariantPtrArgs, Godot.NativeInterop.godot_variant&) (/root/godot/modules/mono/glue/GodotSharp/GodotSharp/Generated/GodotObjects/Node.cs:2660)
       [27] bool Urman.Godot.Tests.Act1FootstepLagProbe.InvokeGodotClassMethod(Godot.NativeInterop.godot_string_name&, Godot.NativeInterop.NativeVariantPtrArgs, Godot.NativeInterop.godot_variant&) (D:\URMAN-STATION\data\runs\e7c0cdd0340c4fe195a2a7d0e2231fc6\source\game\.godot\mono\temp\obj\Debug\Godot.SourceGenerators\Godot.SourceGenerators.ScriptMethodsGenerator\Urman.Godot.Tests.Act1FootstepLagProbe_ScriptMethods.generated.cs:90)
       [28] Godot.NativeInterop.godot_bool Godot.Bridge.CSharpInstanceBridge.Call(nint, Godot.NativeInterop.godot_string_name*, Godot.NativeInterop.godot_variant**, int, Godot.NativeInterop.godot_variant_call_error*, Godot.NativeInterop.godot_variant*) (/root/godot/modules/mono/glue/GodotSharp/GodotSharp/Core/Bridge/CSharpInstanceBridge.cs:24)
WARNING: PainterlyMaterialLibrary: surface 'rowan_berries' has no declared mode; it gets the flat world-space default.
   at: Godot.Material Urman.Godot.PainterlyMaterialLibrary.ForColor(string, string, bool) (res://scripts/PainterlyMaterialLibrary.cs:1406)
   C# backtrace (most recent call first):
       [0] void Godot.GD.PushWarning(string) (/root/godot/modules/mono/glue/GodotSharp/GodotSharp/Core/GD.cs:396)
       [1] Godot.Material Urman.Godot.PainterlyMaterialLibrary.ForColor(string, string, bool) (D:\URMAN-STATION\data\runs\e7c0cdd0340c4fe195a2a7d0e2231fc6\source\game\scripts\PainterlyMaterialLibrary.cs:1406)
       [2] Godot.Material Urman.Experiments.AgentBAct1.AgentBKitMaterials.MaterialFor(string) (D:\URMAN-STATION\data\runs\e7c0cdd0340c4fe195a2a7d0e2231fc6\source\game\scripts\experiments\agent_b_act1\AgentBKitMaterials.cs:109)
       [3] void Urman.Experiments.AgentBAct1.AgentBKitMaterials.RebindMaterials(Godot.Node3D) (D:\URMAN-STATION\data\runs\e7c0cdd0340c4fe195a2a7d0e2231fc6\source\game\scripts\experiments\agent_b_act1\AgentBKitMaterials.cs:153)
       [4] Godot.Node3D Urman.Experiments.AgentBAct1.AgentBKitMaterials.InstantiateKit(Godot.Node, string, string) (D:\URMAN-STATION\data\runs\e7c0cdd0340c4fe195a2a7d0e2231fc6\source\game\scripts\experiments\agent_b_act1\AgentBKitMaterials.cs:124)
       [5] void Urman.Godot.AgentBAct1ExteriorLayer.Build() (D:\URMAN-STATION\data\runs\e7c0cdd0340c4fe195a2a7d0e2231fc6\source\game\scripts\experiments\agent_b_act1\AgentBAct1ExteriorLayer.cs:145)
       [6] void Urman.Godot.Act1ConnectedWorld.BuildAgentBExteriorWorld(Godot.Node3D) (D:\URMAN-STATION\data\runs\e7c0cdd0340c4fe195a2a7d0e2231fc6\source\game\scripts\Act1ConnectedWorld.cs:1681)
       [7] void Urman.Godot.Act1ConnectedWorld.BuildAct1CoreWorldGreybox() (D:\URMAN-STATION\data\runs\e7c0cdd0340c4fe195a2a7d0e2231fc6\source\game\scripts\Act1ConnectedWorld.cs:1218)
       [8] void Urman.Godot.Act1ConnectedWorld.ProfileWorldBuildStep(string, System.Action) (D:\URMAN-STATION\data\runs\e7c0cdd0340c4fe195a2a7d0e2231fc6\source\game\scripts\Act1ConnectedWorld.cs:6348)
       [9] void Urman.Godot.Act1ConnectedWorld.Build() (D:\URMAN-STATION\data\runs\e7c0cdd0340c4fe195a2a7d0e2231fc6\source\game\scripts\Act1ConnectedWorld.cs:407)
       [10] void Urman.Godot.Act1ConnectedWorld._Ready() (D:\URMAN-STATION\data\runs\e7c0cdd0340c4fe195a2a7d0e2231fc6\source\game\scripts\Act1ConnectedWorld.cs:309)
       [11] bool Godot.Node.InvokeGodotClassMethod(Godot.NativeInterop.godot_string_name&, Godot.NativeInterop.NativeVariantPtrArgs, Godot.NativeInterop.godot_variant&) (/root/godot/modules/mono/glue/GodotSharp/GodotSharp/Generated/GodotObjects/Node.cs:2660)
       [12] bool Godot.Node3D.InvokeGodotClassMethod(Godot.NativeInterop.godot_string_name&, Godot.NativeInterop.NativeVariantPtrArgs, Godot.NativeInterop.godot_variant&) (/root/godot/modules/mono/glue/GodotSharp/GodotSharp/Generated/GodotObjects/Node3D.cs:1127)
       [13] bool Urman.Godot.Act1ConnectedWorld.InvokeGodotClassMethod(Godot.NativeInterop.godot_string_name&, Godot.NativeInterop.NativeVariantPtrArgs, Godot.NativeInterop.godot_variant&) (D:\URMAN-STATION\data\runs\e7c0cdd0340c4fe195a2a7d0e2231fc6\source\game\.godot\mono\temp\obj\Debug\Godot.SourceGenerators\Godot.SourceGenerators.ScriptMethodsGenerator\Urman.Godot.Act1ConnectedWorld_ScriptMethods.generated.cs:5726)
       [14] Godot.NativeInterop.godot_bool Godot.Bridge.CSharpInstanceBridge.Call(nint, Godot.NativeInterop.godot_string_name*, Godot.NativeInterop.godot_variant**, int, Godot.NativeInterop.godot_variant_call_error*, Godot.NativeInterop.godot_variant*) (/root/godot/modules/mono/glue/GodotSharp/GodotSharp/Core/Bridge/CSharpInstanceBridge.cs:24)
       [15] void Godot.NativeInterop.NativeFuncs.godotsharp_method_bind_ptrcall(nint, nint, System.Void**, System.Void*) (/root/godot/modules/mono/glue/GodotSharp/GodotSharp/Godot.SourceGenerators.Internal/Godot.SourceGenerators.Internal.UnmanagedCallbacksGenerator/Godot.NativeInterop.NativeFuncs.generated.cs:380)
       [16] void Godot.NativeCalls.godot_icall_3_912(nint, nint, nint, Godot.NativeInterop.godot_bool, int) (/root/godot/modules/mono/glue/GodotSharp/GodotSharp/Generated/NativeCalls.cs:8061)
       [17] void Godot.Node.AddChild(Godot.Node, bool, Godot.Node+InternalMode) (/root/godot/modules/mono/glue/GodotSharp/GodotSharp/Generated/GodotObjects/Node.cs:848)
       [18] void Urman.Godot.Main._Ready() (D:\URMAN-STATION\data\runs\e7c0cdd0340c4fe195a2a7d0e2231fc6\source\game\scripts\Main.cs:83)
       [19] bool Godot.Node.InvokeGodotClassMethod(Godot.NativeInterop.godot_string_name&, Godot.NativeInterop.NativeVariantPtrArgs, Godot.NativeInterop.godot_variant&) (/root/godot/modules/mono/glue/GodotSharp/GodotSharp/Generated/GodotObjects/Node.cs:2660)
       [20] bool Godot.Node3D.InvokeGodotClassMethod(Godot.NativeInterop.godot_string_name&, Godot.NativeInterop.NativeVariantPtrArgs, Godot.NativeInterop.godot_variant&) (/root/godot/modules/mono/glue/GodotSharp/GodotSharp/Generated/GodotObjects/Node3D.cs:1127)
       [21] bool Urman.Godot.Main.InvokeGodotClassMethod(Godot.NativeInterop.godot_string_name&, Godot.NativeInterop.NativeVariantPtrArgs, Godot.NativeInterop.godot_variant&) (D:\URMAN-STATION\data\runs\e7c0cdd0340c4fe195a2a7d0e2231fc6\source\game\.godot\mono\temp\obj\Debug\Godot.SourceGenerators\Godot.SourceGenerators.ScriptMethodsGenerator\Urman.Godot.Main_ScriptMethods.generated.cs:70)
       [22] Godot.NativeInterop.godot_bool Godot.Bridge.CSharpInstanceBridge.Call(nint, Godot.NativeInterop.godot_string_name*, Godot.NativeInterop.godot_variant**, int, Godot.NativeInterop.godot_variant_call_error*, Godot.NativeInterop.godot_variant*) (/root/godot/modules/mono/glue/GodotSharp/GodotSharp/Core/Bridge/CSharpInstanceBridge.cs:24)
       [23] void Godot.NativeInterop.NativeFuncs.godotsharp_method_bind_ptrcall(nint, nint, System.Void**, System.Void*) (/root/godot/modules/mono/glue/GodotSharp/GodotSharp/Godot.SourceGenerators.Internal/Godot.SourceGenerators.Internal.UnmanagedCallbacksGenerator/Godot.NativeInterop.NativeFuncs.generated.cs:380)
       [24] void Godot.NativeCalls.godot_icall_3_912(nint, nint, nint, Godot.NativeInterop.godot_bool, int) (/root/godot/modules/mono/glue/GodotSharp/GodotSharp/Generated/NativeCalls.cs:8061)
       [25] void Godot.Node.AddChild(Godot.Node, bool, Godot.Node+InternalMode) (/root/godot/modules/mono/glue/GodotSharp/GodotSharp/Generated/GodotObjects/Node.cs:848)
       [26] void Urman.Godot.Tests.Act1FootstepLagProbe+<_Ready>d__42.MoveNext() (D:\URMAN-STATION\data\runs\e7c0cdd0340c4fe195a2a7d0e2231fc6\source\game\tests\Act1FootstepLagProbe.cs:92)
       [27] void System.Runtime.CompilerServices.AsyncMethodBuilderCore.Start<TStateMachine>(TStateMachine&)
       [28] void Urman.Godot.Tests.Act1FootstepLagProbe._Ready()
       [29] bool Godot.Node.InvokeGodotClassMethod(Godot.NativeInterop.godot_string_name&, Godot.NativeInterop.NativeVariantPtrArgs, Godot.NativeInterop.godot_variant&) (/root/godot/modules/mono/glue/GodotSharp/GodotSharp/Generated/GodotObjects/Node.cs:2660)
       [30] bool Urman.Godot.Tests.Act1FootstepLagProbe.InvokeGodotClassMethod(Godot.NativeInterop.godot_string_name&, Godot.NativeInterop.NativeVariantPtrArgs, Godot.NativeInterop.godot_variant&) (D:\URMAN-STATION\data\runs\e7c0cdd0340c4fe195a2a7d0e2231fc6\source\game\.godot\mono\temp\obj\Debug\Godot.SourceGenerators\Godot.SourceGenerators.ScriptMethodsGenerator\Urman.Godot.Tests.Act1FootstepLagProbe_ScriptMethods.generated.cs:90)
       [31] Godot.NativeInterop.godot_bool Godot.Bridge.CSharpInstanceBridge.Call(nint, Godot.NativeInterop.godot_string_name*, Godot.NativeInterop.godot_variant**, int, Godot.NativeInterop.godot_variant_call_error*, Godot.NativeInterop.godot_variant*) (/root/godot/modules/mono/glue/GodotSharp/GodotSharp/Core/Bridge/CSharpInstanceBridge.cs:24)
WARNING: PainterlyMaterialLibrary: surface 'bark_birch_winter' has no declared mode; it gets the flat world-space default.
   at: Godot.Material Urman.Godot.PainterlyMaterialLibrary.ForColor(string, string, bool) (res://scripts/PainterlyMaterialLibrary.cs:1406)
   C# backtrace (most recent call first):
       [0] void Godot.GD.PushWarning(string) (/root/godot/modules/mono/glue/GodotSharp/GodotSharp/Core/GD.cs:396)
       [1] Godot.Material Urman.Godot.PainterlyMaterialLibrary.ForColor(string, string, bool) (D:\URMAN-STATION\data\runs\e7c0cdd0340c4fe195a2a7d0e2231fc6\source\game\scripts\PainterlyMaterialLibrary.cs:1406)
       [2] Godot.Material Urman.Godot.AgentBAct1ExteriorLayer.RegionalFoliageMaterial(string, string, string) (D:\URMAN-STATION\data\runs\e7c0cdd0340c4fe195a2a7d0e2231fc6\source\game\scripts\experiments\agent_b_act1\AgentBAct1ExteriorLayer.cs:1762)
       [3] Godot.ArrayMesh Urman.Godot.AgentBAct1ExteriorLayer+<>c__DisplayClass50_0.<PlantFoliage>g__RegionalMesh|5(string, string) (D:\URMAN-STATION\data\runs\e7c0cdd0340c4fe195a2a7d0e2231fc6\source\game\scripts\experiments\agent_b_act1\AgentBAct1ExteriorLayer.cs:1391)
       [4] void Urman.Godot.AgentBAct1ExteriorLayer.PlantFoliage() (D:\URMAN-STATION\data\runs\e7c0cdd0340c4fe195a2a7d0e2231fc6\source\game\scripts\experiments\agent_b_act1\AgentBAct1ExteriorLayer.cs:1565)
       [5] void Urman.Godot.AgentBAct1ExteriorLayer.Build() (D:\URMAN-STATION\data\runs\e7c0cdd0340c4fe195a2a7d0e2231fc6\source\game\scripts\experiments\agent_b_act1\AgentBAct1ExteriorLayer.cs:242)
       [6] void Urman.Godot.Act1ConnectedWorld.BuildAgentBExteriorWorld(Godot.Node3D) (D:\URMAN-STATION\data\runs\e7c0cdd0340c4fe195a2a7d0e2231fc6\source\game\scripts\Act1ConnectedWorld.cs:1681)
       [7] void Urman.Godot.Act1ConnectedWorld.BuildAct1CoreWorldGreybox() (D:\URMAN-STATION\data\runs\e7c0cdd0340c4fe195a2a7d0e2231fc6\source\game\scripts\Act1ConnectedWorld.cs:1218)
       [8] void Urman.Godot.Act1ConnectedWorld.ProfileWorldBuildStep(string, System.Action) (D:\URMAN-STATION\data\runs\e7c0cdd0340c4fe195a2a7d0e2231fc6\source\game\scripts\Act1ConnectedWorld.cs:6348)
       [9] void Urman.Godot.Act1ConnectedWorld.Build() (D:\URMAN-STATION\data\runs\e7c0cdd0340c4fe195a2a7d0e2231fc6\source\game\scripts\Act1ConnectedWorld.cs:407)
       [10] void Urman.Godot.Act1ConnectedWorld._Ready() (D:\URMAN-STATION\data\runs\e7c0cdd0340c4fe195a2a7d0e2231fc6\source\game\scripts\Act1ConnectedWorld.cs:309)
       [11] bool Godot.Node.InvokeGodotClassMethod(Godot.NativeInterop.godot_string_name&, Godot.NativeInterop.NativeVariantPtrArgs, Godot.NativeInterop.godot_variant&) (/root/godot/modules/mono/glue/GodotSharp/GodotSharp/Generated/GodotObjects/Node.cs:2660)
       [12] bool Godot.Node3D.InvokeGodotClassMethod(Godot.NativeInterop.godot_string_name&, Godot.NativeInterop.NativeVariantPtrArgs, Godot.NativeInterop.godot_variant&) (/root/godot/modules/mono/glue/GodotSharp/GodotSharp/Generated/GodotObjects/Node3D.cs:1127)
       [13] bool Urman.Godot.Act1ConnectedWorld.InvokeGodotClassMethod(Godot.NativeInterop.godot_string_name&, Godot.NativeInterop.NativeVariantPtrArgs, Godot.NativeInterop.godot_variant&) (D:\URMAN-STATION\data\runs\e7c0cdd0340c4fe195a2a7d0e2231fc6\source\game\.godot\mono\temp\obj\Debug\Godot.SourceGenerators\Godot.SourceGenerators.ScriptMethodsGenerator\Urman.Godot.Act1ConnectedWorld_ScriptMethods.generated.cs:5726)
       [14] Godot.NativeInterop.godot_bool Godot.Bridge.CSharpInstanceBridge.Call(nint, Godot.NativeInterop.godot_string_name*, Godot.NativeInterop.godot_variant**, int, Godot.NativeInterop.godot_variant_call_error*, Godot.NativeInterop.godot_variant*) (/root/godot/modules/mono/glue/GodotSharp/GodotSharp/Core/Bridge/CSharpInstanceBridge.cs:24)
       [15] void Godot.NativeInterop.NativeFuncs.godotsharp_method_bind_ptrcall(nint, nint, System.Void**, System.Void*) (/root/godot/modules/mono/glue/GodotSharp/GodotSharp/Godot.SourceGenerators.Internal/Godot.SourceGenerators.Internal.UnmanagedCallbacksGenerator/Godot.NativeInterop.NativeFuncs.generated.cs:380)
       [16] void Godot.NativeCalls.godot_icall_3_912(nint, nint, nint, Godot.NativeInterop.godot_bool, int) (/root/godot/modules/mono/glue/GodotSharp/GodotSharp/Generated/NativeCalls.cs:8061)
       [17] void Godot.Node.AddChild(Godot.Node, bool, Godot.Node+InternalMode) (/root/godot/modules/mono/glue/GodotSharp/GodotSharp/Generated/GodotObjects/Node.cs:848)
       [18] void Urman.Godot.Main._Ready() (D:\URMAN-STATION\data\runs\e7c0cdd0340c4fe195a2a7d0e2231fc6\source\game\scripts\Main.cs:83)
       [19] bool Godot.Node.InvokeGodotClassMethod(Godot.NativeInterop.godot_string_name&, Godot.NativeInterop.NativeVariantPtrArgs, Godot.NativeInterop.godot_variant&) (/root/godot/modules/mono/glue/GodotSharp/GodotSharp/Generated/GodotObjects/Node.cs:2660)
       [20] bool Godot.Node3D.InvokeGodotClassMethod(Godot.NativeInterop.godot_string_name&, Godot.NativeInterop.NativeVariantPtrArgs, Godot.NativeInterop.godot_variant&) (/root/godot/modules/mono/glue/GodotSharp/GodotSharp/Generated/GodotObjects/Node3D.cs:1127)
       [21] bool Urman.Godot.Main.InvokeGodotClassMethod(Godot.NativeInterop.godot_string_name&, Godot.NativeInterop.NativeVariantPtrArgs, Godot.NativeInterop.godot_variant&) (D:\URMAN-STATION\data\runs\e7c0cdd0340c4fe195a2a7d0e2231fc6\source\game\.godot\mono\temp\obj\Debug\Godot.SourceGenerators\Godot.SourceGenerators.ScriptMethodsGenerator\Urman.Godot.Main_ScriptMethods.generated.cs:70)
       [22] Godot.NativeInterop.godot_bool Godot.Bridge.CSharpInstanceBridge.Call(nint, Godot.NativeInterop.godot_string_name*, Godot.NativeInterop.godot_variant**, int, Godot.NativeInterop.godot_variant_call_error*, Godot.NativeInterop.godot_variant*) (/root/godot/modules/mono/glue/GodotSharp/GodotSharp/Core/Bridge/CSharpInstanceBridge.cs:24)
       [23] void Godot.NativeInterop.NativeFuncs.godotsharp_method_bind_ptrcall(nint, nint, System.Void**, System.Void*) (/root/godot/modules/mono/glue/GodotSharp/GodotSharp/Godot.SourceGenerators.Internal/Godot.SourceGenerators.Internal.UnmanagedCallbacksGenerator/Godot.NativeInterop.NativeFuncs.generated.cs:380)
       [24] void Godot.NativeCalls.godot_icall_3_912(nint, nint, nint, Godot.NativeInterop.godot_bool, int) (/root/godot/modules/mono/glue/GodotSharp/GodotSharp/Generated/NativeCalls.cs:8061)
       [25] void Godot.Node.AddChild(Godot.Node, bool, Godot.Node+InternalMode) (/root/godot/modules/mono/glue/GodotSharp/GodotSharp/Generated/GodotObjects/Node.cs:848)
       [26] void Urman.Godot.Tests.Act1FootstepLagProbe+<_Ready>d__42.MoveNext() (D:\URMAN-STATION\data\runs\e7c0cdd0340c4fe195a2a7d0e2231fc6\source\game\tests\Act1FootstepLagProbe.cs:92)
       [27] void System.Runtime.CompilerServices.AsyncMethodBuilderCore.Start<TStateMachine>(TStateMachine&)
       [28] void Urman.Godot.Tests.Act1FootstepLagProbe._Ready()
       [29] bool Godot.Node.InvokeGodotClassMethod(Godot.NativeInterop.godot_string_name&, Godot.NativeInterop.NativeVariantPtrArgs, Godot.NativeInterop.godot_variant&) (/root/godot/modules/mono/glue/GodotSharp/GodotSharp/Generated/GodotObjects/Node.cs:2660)
       [30] bool Urman.Godot.Tests.Act1FootstepLagProbe.InvokeGodotClassMethod(Godot.NativeInterop.godot_string_name&, Godot.NativeInterop.NativeVariantPtrArgs, Godot.NativeInterop.godot_variant&) (D:\URMAN-STATION\data\runs\e7c0cdd0340c4fe195a2a7d0e2231fc6\source\game\.godot\mono\temp\obj\Debug\Godot.SourceGenerators\Godot.SourceGenerators.ScriptMethodsGenerator\Urman.Godot.Tests.Act1FootstepLagProbe_ScriptMethods.generated.cs:90)
       [31] Godot.NativeInterop.godot_bool Godot.Bridge.CSharpInstanceBridge.Call(nint, Godot.NativeInterop.godot_string_name*, Godot.NativeInterop.godot_variant**, int, Godot.NativeInterop.godot_variant_call_error*, Godot.NativeInterop.godot_variant*) (/root/godot/modules/mono/glue/GodotSharp/GodotSharp/Core/Bridge/CSharpInstanceBridge.cs:24)
act1-foliage-lod: families=36 tolerance=2.0% worstCrown=14.03% worstHeight=0.55% worstBase=14.05% overTolerance=35 farAlphaSurfaces=1 cells=2444 cellInstances=7849 maxCellDiagonal=21.3m maxCellVolume=1467m3 overFootprint=0 swayReserve=0.427m treeSwayReserve=1.582m uncovered=0 bounds=measured budget=budget lodRangeScaleCeiling=1.60 tieredTrees=6037 sharedRootInstances=18236 rangeGaps=0 doubleFullBands=0 tiers=[6162,6037,6037] meshes=135 materials=13 surfaces=297 alphaSurfaces=3 shadowCasters=14643 skippedOuterUnderstory=1360 occlusion=False graphics=preset=medium,lod_threshold=1.50,scale=0.90,msaa=Msaa2X,shadow_filter=SoftLow,directional_shadow_distance=80,directional_shadow_atlas=4096,positional_shadow_atlas=2048,ssao_gate=authored,probe=none
act1-forest-rhythm: mode=broken trunks=3137 intervalShare=[39.8%->25.2%] modal=[3.80m->3.40m] gapSpreadAfter=[0.01,7.99]m nearBandTrunks=1587 nearestMin=0.01m nearestMedian=2.49m speciesRuns=238 longestRun=6 rows=[5,7,9]@15/25/40m
WARNING: PainterlyMaterialLibrary: surface 'snow_road' has no declared mode; it gets the flat world-space default.
   at: Godot.Material Urman.Godot.PainterlyMaterialLibrary.ForColor(string, string, bool) (res://scripts/PainterlyMaterialLibrary.cs:1406)
   C# backtrace (most recent call first):
       [0] void Godot.GD.PushWarning(string) (/root/godot/modules/mono/glue/GodotSharp/GodotSharp/Core/GD.cs:396)
       [1] Godot.Material Urman.Godot.PainterlyMaterialLibrary.ForColor(string, string, bool) (D:\URMAN-STATION\data\runs\e7c0cdd0340c4fe195a2a7d0e2231fc6\source\game\scripts\PainterlyMaterialLibrary.cs:1406)
       [2] int Urman.Godot.Act1ConnectedWorld.RegradeAct1DaylightKitMaterials(Godot.Node3D) (D:\URMAN-STATION\data\runs\e7c0cdd0340c4fe195a2a7d0e2231fc6\source\game\scripts\Act1ConnectedWorld.cs:2140)
       [3] void Urman.Godot.Act1ConnectedWorld.ApplyAct1DaylightPresentationPass(Godot.Node3D) (D:\URMAN-STATION\data\runs\e7c0cdd0340c4fe195a2a7d0e2231fc6\source\game\scripts\Act1ConnectedWorld.cs:2042)
       [4] void Urman.Godot.Act1ConnectedWorld.BuildAct1CoreWorldGreybox() (D:\URMAN-STATION\data\runs\e7c0cdd0340c4fe195a2a7d0e2231fc6\source\game\scripts\Act1ConnectedWorld.cs:1228)
       [5] void Urman.Godot.Act1ConnectedWorld.ProfileWorldBuildStep(string, System.Action) (D:\URMAN-STATION\data\runs\e7c0cdd0340c4fe195a2a7d0e2231fc6\source\game\scripts\Act1ConnectedWorld.cs:6348)
       [6] void Urman.Godot.Act1ConnectedWorld.Build() (D:\URMAN-STATION\data\runs\e7c0cdd0340c4fe195a2a7d0e2231fc6\source\game\scripts\Act1ConnectedWorld.cs:407)
       [7] void Urman.Godot.Act1ConnectedWorld._Ready() (D:\URMAN-STATION\data\runs\e7c0cdd0340c4fe195a2a7d0e2231fc6\source\game\scripts\Act1ConnectedWorld.cs:309)
       [8] bool Godot.Node.InvokeGodotClassMethod(Godot.NativeInterop.godot_string_name&, Godot.NativeInterop.NativeVariantPtrArgs, Godot.NativeInterop.godot_variant&) (/root/godot/modules/mono/glue/GodotSharp/GodotSharp/Generated/GodotObjects/Node.cs:2660)
       [9] bool Godot.Node3D.InvokeGodotClassMethod(Godot.NativeInterop.godot_string_name&, Godot.NativeInterop.NativeVariantPtrArgs, Godot.NativeInterop.godot_variant&) (/root/godot/modules/mono/glue/GodotSharp/GodotSharp/Generated/GodotObjects/Node3D.cs:1127)
       [10] bool Urman.Godot.Act1ConnectedWorld.InvokeGodotClassMethod(Godot.NativeInterop.godot_string_name&, Godot.NativeInterop.NativeVariantPtrArgs, Godot.NativeInterop.godot_variant&) (D:\URMAN-STATION\data\runs\e7c0cdd0340c4fe195a2a7d0e2231fc6\source\game\.godot\mono\temp\obj\Debug\Godot.SourceGenerators\Godot.SourceGenerators.ScriptMethodsGenerator\Urman.Godot.Act1ConnectedWorld_ScriptMethods.generated.cs:5726)
       [11] Godot.NativeInterop.godot_bool Godot.Bridge.CSharpInstanceBridge.Call(nint, Godot.NativeInterop.godot_string_name*, Godot.NativeInterop.godot_variant**, int, Godot.NativeInterop.godot_variant_call_error*, Godot.NativeInterop.godot_variant*) (/root/godot/modules/mono/glue/GodotSharp/GodotSharp/Core/Bridge/CSharpInstanceBridge.cs:24)
       [12] void Godot.NativeInterop.NativeFuncs.godotsharp_method_bind_ptrcall(nint, nint, System.Void**, System.Void*) (/root/godot/modules/mono/glue/GodotSharp/GodotSharp/Godot.SourceGenerators.Internal/Godot.SourceGenerators.Internal.UnmanagedCallbacksGenerator/Godot.NativeInterop.NativeFuncs.generated.cs:380)
       [13] void Godot.NativeCalls.godot_icall_3_912(nint, nint, nint, Godot.NativeInterop.godot_bool, int) (/root/godot/modules/mono/glue/GodotSharp/GodotSharp/Generated/NativeCalls.cs:8061)
       [14] void Godot.Node.AddChild(Godot.Node, bool, Godot.Node+InternalMode) (/root/godot/modules/mono/glue/GodotSharp/GodotSharp/Generated/GodotObjects/Node.cs:848)
       [15] void Urman.Godot.Main._Ready() (D:\URMAN-STATION\data\runs\e7c0cdd0340c4fe195a2a7d0e2231fc6\source\game\scripts\Main.cs:83)
       [16] bool Godot.Node.InvokeGodotClassMethod(Godot.NativeInterop.godot_string_name&, Godot.NativeInterop.NativeVariantPtrArgs, Godot.NativeInterop.godot_variant&) (/root/godot/modules/mono/glue/GodotSharp/GodotSharp/Generated/GodotObjects/Node.cs:2660)
       [17] bool Godot.Node3D.InvokeGodotClassMethod(Godot.NativeInterop.godot_string_name&, Godot.NativeInterop.NativeVariantPtrArgs, Godot.NativeInterop.godot_variant&) (/root/godot/modules/mono/glue/GodotSharp/GodotSharp/Generated/GodotObjects/Node3D.cs:1127)
       [18] bool Urman.Godot.Main.InvokeGodotClassMethod(Godot.NativeInterop.godot_string_name&, Godot.NativeInterop.NativeVariantPtrArgs, Godot.NativeInterop.godot_variant&) (D:\URMAN-STATION\data\runs\e7c0cdd0340c4fe195a2a7d0e2231fc6\source\game\.godot\mono\temp\obj\Debug\Godot.SourceGenerators\Godot.SourceGenerators.ScriptMethodsGenerator\Urman.Godot.Main_ScriptMethods.generated.cs:70)
       [19] Godot.NativeInterop.godot_bool Godot.Bridge.CSharpInstanceBridge.Call(nint, Godot.NativeInterop.godot_string_name*, Godot.NativeInterop.godot_variant**, int, Godot.NativeInterop.godot_variant_call_error*, Godot.NativeInterop.godot_variant*) (/root/godot/modules/mono/glue/GodotSharp/GodotSharp/Core/Bridge/CSharpInstanceBridge.cs:24)
       [20] void Godot.NativeInterop.NativeFuncs.godotsharp_method_bind_ptrcall(nint, nint, System.Void**, System.Void*) (/root/godot/modules/mono/glue/GodotSharp/GodotSharp/Godot.SourceGenerators.Internal/Godot.SourceGenerators.Internal.UnmanagedCallbacksGenerator/Godot.NativeInterop.NativeFuncs.generated.cs:380)
       [21] void Godot.NativeCalls.godot_icall_3_912(nint, nint, nint, Godot.NativeInterop.godot_bool, int) (/root/godot/modules/mono/glue/GodotSharp/GodotSharp/Generated/NativeCalls.cs:8061)
       [22] void Godot.Node.AddChild(Godot.Node, bool, Godot.Node+InternalMode) (/root/godot/modules/mono/glue/GodotSharp/GodotSharp/Generated/GodotObjects/Node.cs:848)
       [23] void Urman.Godot.Tests.Act1FootstepLagProbe+<_Ready>d__42.MoveNext() (D:\URMAN-STATION\data\runs\e7c0cdd0340c4fe195a2a7d0e2231fc6\source\game\tests\Act1FootstepLagProbe.cs:92)
       [24] void System.Runtime.CompilerServices.AsyncMethodBuilderCore.Start<TStateMachine>(TStateMachine&)
       [25] void Urman.Godot.Tests.Act1FootstepLagProbe._Ready()
       [26] bool Godot.Node.InvokeGodotClassMethod(Godot.NativeInterop.godot_string_name&, Godot.NativeInterop.NativeVariantPtrArgs, Godot.NativeInterop.godot_variant&) (/root/godot/modules/mono/glue/GodotSharp/GodotSharp/Generated/GodotObjects/Node.cs:2660)
       [27] bool Urman.Godot.Tests.Act1FootstepLagProbe.InvokeGodotClassMethod(Godot.NativeInterop.godot_string_name&, Godot.NativeInterop.NativeVariantPtrArgs, Godot.NativeInterop.godot_variant&) (D:\URMAN-STATION\data\runs\e7c0cdd0340c4fe195a2a7d0e2231fc6\source\game\.godot\mono\temp\obj\Debug\Godot.SourceGenerators\Godot.SourceGenerators.ScriptMethodsGenerator\Urman.Godot.Tests.Act1FootstepLagProbe_ScriptMethods.generated.cs:90)
       [28] Godot.NativeInterop.godot_bool Godot.Bridge.CSharpInstanceBridge.Call(nint, Godot.NativeInterop.godot_string_name*, Godot.NativeInterop.godot_variant**, int, Godot.NativeInterop.godot_variant_call_error*, Godot.NativeInterop.godot_variant*) (/root/godot/modules/mono/glue/GodotSharp/GodotSharp/Core/Bridge/CSharpInstanceBridge.cs:24)
village-chimney: /root/Act1FootstepLagProbe/Main/ZoneHost/Act1ConnectedWorld/Act1CoreWorldGreybox/Act1AuthoredExteriorKitPresentation/BabaiApproachDwellingFacade/HeroHouse_TimberPlaster/HeroHouse_ChimneyCap_LOD0 top=(-31.425797, 5.598152, -3.367765)
village-chimney: /root/Act1FootstepLagProbe/Main/ZoneHost/Act1ConnectedWorld/Act1CoreWorldGreybox/Act1AuthoredExteriorKitPresentation/DistantPerimeterParcels/WestReturnMidParcel/WestReturnMidFacade/VillageParcel_VariantB_PlasterAnnex_Dwelling/VariantB_PlasterAnnex_Dwelling_ChimneyCap_LOD0 top=(13.285, 4.224752, 39.610004)
act1-terrain-room-cut: room=/root/Act1FootstepLagProbe/Main/ZoneHost/Act1ConnectedWorld/babay-abi-house half=(4, 3.5) affectedTriangles=48 clippedVertices=123318 publishedVertices=123318 physicsVertices=123318 visualAndPhysics=shared-published-faces
act1-apron-room-cut: mesh=/root/Act1FootstepLagProbe/Main/ZoneHost/Act1ConnectedWorld/Act1CoreWorldGreybox/AgentBExteriorWorld/AgentB_TerrainRoadKit/URMAN_AgentB_TerrainRoadKit/Apron_BabaiYard affectedTriangles=11 clippedVertices=123 surfaces=1 collision=existing-terrain-owner
act1-south-fence-house-junction: wallX=-33.5880 retainedMembers=13 retiredPostsAndCaps=10 supportedWestWing=2.4920m
WARNING: PainterlyMaterialLibrary: surface 'snow' has no declared mode; it gets the flat world-space default.
   at: Godot.Material Urman.Godot.PainterlyMaterialLibrary.ForColor(string, string, bool) (res://scripts/PainterlyMaterialLibrary.cs:1406)
   C# backtrace (most recent call first):
       [0] void Godot.GD.PushWarning(string) (/root/godot/modules/mono/glue/GodotSharp/GodotSharp/Core/GD.cs:396)
       [1] Godot.Material Urman.Godot.PainterlyMaterialLibrary.ForColor(string, string, bool) (D:\URMAN-STATION\data\runs\e7c0cdd0340c4fe195a2a7d0e2231fc6\source\game\scripts\PainterlyMaterialLibrary.cs:1406)
       [2] Godot.MeshInstance3D Urman.Godot.Act1ConnectedWorld.MechanismVisual(Godot.Node3D, string, Godot.Vector3, Godot.Vector3, string, string) (D:\URMAN-STATION\data\runs\e7c0cdd0340c4fe195a2a7d0e2231fc6\source\game\scripts\Act1ConnectedWorld.YardMechanisms.cs:309)
       [3] void Urman.Godot.Act1ConnectedWorld.BuildYardMechanisms(Godot.Node3D, Urman.Godot.CarryCoordinator) (D:\URMAN-STATION\data\runs\e7c0cdd0340c4fe195a2a7d0e2231fc6\source\game\scripts\Act1ConnectedWorld.YardMechanisms.cs:22)
       [4] void Urman.Godot.Act1ConnectedWorld.BuildCarryables(Godot.Node3D) (D:\URMAN-STATION\data\runs\e7c0cdd0340c4fe195a2a7d0e2231fc6\source\game\scripts\Act1ConnectedWorld.cs:1366)
       [5] void Urman.Godot.Act1ConnectedWorld.Build() (D:\URMAN-STATION\data\runs\e7c0cdd0340c4fe195a2a7d0e2231fc6\source\game\scripts\Act1ConnectedWorld.cs:431)
       [6] void Urman.Godot.Act1ConnectedWorld._Ready() (D:\URMAN-STATION\data\runs\e7c0cdd0340c4fe195a2a7d0e2231fc6\source\game\scripts\Act1ConnectedWorld.cs:309)
       [7] bool Godot.Node.InvokeGodotClassMethod(Godot.NativeInterop.godot_string_name&, Godot.NativeInterop.NativeVariantPtrArgs, Godot.NativeInterop.godot_variant&) (/root/godot/modules/mono/glue/GodotSharp/GodotSharp/Generated/GodotObjects/Node.cs:2660)
       [8] bool Godot.Node3D.InvokeGodotClassMethod(Godot.NativeInterop.godot_string_name&, Godot.NativeInterop.NativeVariantPtrArgs, Godot.NativeInterop.godot_variant&) (/root/godot/modules/mono/glue/GodotSharp/GodotSharp/Generated/GodotObjects/Node3D.cs:1127)
       [9] bool Urman.Godot.Act1ConnectedWorld.InvokeGodotClassMethod(Godot.NativeInterop.godot_string_name&, Godot.NativeInterop.NativeVariantPtrArgs, Godot.NativeInterop.godot_variant&) (D:\URMAN-STATION\data\runs\e7c0cdd0340c4fe195a2a7d0e2231fc6\source\game\.godot\mono\temp\obj\Debug\Godot.SourceGenerators\Godot.SourceGenerators.ScriptMethodsGenerator\Urman.Godot.Act1ConnectedWorld_ScriptMethods.generated.cs:5726)
       [10] Godot.NativeInterop.godot_bool Godot.Bridge.CSharpInstanceBridge.Call(nint, Godot.NativeInterop.godot_string_name*, Godot.NativeInterop.godot_variant**, int, Godot.NativeInterop.godot_variant_call_error*, Godot.NativeInterop.godot_variant*) (/root/godot/modules/mono/glue/GodotSharp/GodotSharp/Core/Bridge/CSharpInstanceBridge.cs:24)
       [11] void Godot.NativeInterop.NativeFuncs.godotsharp_method_bind_ptrcall(nint, nint, System.Void**, System.Void*) (/root/godot/modules/mono/glue/GodotSharp/GodotSharp/Godot.SourceGenerators.Internal/Godot.SourceGenerators.Internal.UnmanagedCallbacksGenerator/Godot.NativeInterop.NativeFuncs.generated.cs:380)
       [12] void Godot.NativeCalls.godot_icall_3_912(nint, nint, nint, Godot.NativeInterop.godot_bool, int) (/root/godot/modules/mono/glue/GodotSharp/GodotSharp/Generated/NativeCalls.cs:8061)
       [13] void Godot.Node.AddChild(Godot.Node, bool, Godot.Node+InternalMode) (/root/godot/modules/mono/glue/GodotSharp/GodotSharp/Generated/GodotObjects/Node.cs:848)
       [14] void Urman.Godot.Main._Ready() (D:\URMAN-STATION\data\runs\e7c0cdd0340c4fe195a2a7d0e2231fc6\source\game\scripts\Main.cs:83)
       [15] bool Godot.Node.InvokeGodotClassMethod(Godot.NativeInterop.godot_string_name&, Godot.NativeInterop.NativeVariantPtrArgs, Godot.NativeInterop.godot_variant&) (/root/godot/modules/mono/glue/GodotSharp/GodotSharp/Generated/GodotObjects/Node.cs:2660)
       [16] bool Godot.Node3D.InvokeGodotClassMethod(Godot.NativeInterop.godot_string_name&, Godot.NativeInterop.NativeVariantPtrArgs, Godot.NativeInterop.godot_variant&) (/root/godot/modules/mono/glue/GodotSharp/GodotSharp/Generated/GodotObjects/Node3D.cs:1127)
       [17] bool Urman.Godot.Main.InvokeGodotClassMethod(Godot.NativeInterop.godot_string_name&, Godot.NativeInterop.NativeVariantPtrArgs, Godot.NativeInterop.godot_variant&) (D:\URMAN-STATION\data\runs\e7c0cdd0340c4fe195a2a7d0e2231fc6\source\game\.godot\mono\temp\obj\Debug\Godot.SourceGenerators\Godot.SourceGenerators.ScriptMethodsGenerator\Urman.Godot.Main_ScriptMethods.generated.cs:70)
       [18] Godot.NativeInterop.godot_bool Godot.Bridge.CSharpInstanceBridge.Call(nint, Godot.NativeInterop.godot_string_name*, Godot.NativeInterop.godot_variant**, int, Godot.NativeInterop.godot_variant_call_error*, Godot.NativeInterop.godot_variant*) (/root/godot/modules/mono/glue/GodotSharp/GodotSharp/Core/Bridge/CSharpInstanceBridge.cs:24)
       [19] void Godot.NativeInterop.NativeFuncs.godotsharp_method_bind_ptrcall(nint, nint, System.Void**, System.Void*) (/root/godot/modules/mono/glue/GodotSharp/GodotSharp/Godot.SourceGenerators.Internal/Godot.SourceGenerators.Internal.UnmanagedCallbacksGenerator/Godot.NativeInterop.NativeFuncs.generated.cs:380)
       [20] void Godot.NativeCalls.godot_icall_3_912(nint, nint, nint, Godot.NativeInterop.godot_bool, int) (/root/godot/modules/mono/glue/GodotSharp/GodotSharp/Generated/NativeCalls.cs:8061)
       [21] void Godot.Node.AddChild(Godot.Node, bool, Godot.Node+InternalMode) (/root/godot/modules/mono/glue/GodotSharp/GodotSharp/Generated/GodotObjects/Node.cs:848)
       [22] void Urman.Godot.Tests.Act1FootstepLagProbe+<_Ready>d__42.MoveNext() (D:\URMAN-STATION\data\runs\e7c0cdd0340c4fe195a2a7d0e2231fc6\source\game\tests\Act1FootstepLagProbe.cs:92)
       [23] void System.Runtime.CompilerServices.AsyncMethodBuilderCore.Start<TStateMachine>(TStateMachine&)
       [24] void Urman.Godot.Tests.Act1FootstepLagProbe._Ready()
       [25] bool Godot.Node.InvokeGodotClassMethod(Godot.NativeInterop.godot_string_name&, Godot.NativeInterop.NativeVariantPtrArgs, Godot.NativeInterop.godot_variant&) (/root/godot/modules/mono/glue/GodotSharp/GodotSharp/Generated/GodotObjects/Node.cs:2660)
       [26] bool Urman.Godot.Tests.Act1FootstepLagProbe.InvokeGodotClassMethod(Godot.NativeInterop.godot_string_name&, Godot.NativeInterop.NativeVariantPtrArgs, Godot.NativeInterop.godot_variant&) (D:\URMAN-STATION\data\runs\e7c0cdd0340c4fe195a2a7d0e2231fc6\source\game\.godot\mono\temp\obj\Debug\Godot.SourceGenerators\Godot.SourceGenerators.ScriptMethodsGenerator\Urman.Godot.Tests.Act1FootstepLagProbe_ScriptMethods.generated.cs:90)
       [27] Godot.NativeInterop.godot_bool Godot.Bridge.CSharpInstanceBridge.Call(nint, Godot.NativeInterop.godot_string_name*, Godot.NativeInterop.godot_variant**, int, Godot.NativeInterop.godot_variant_call_error*, Godot.NativeInterop.godot_variant*) (/root/godot/modules/mono/glue/GodotSharp/GodotSharp/Core/Bridge/CSharpInstanceBridge.cs:24)
act1-drain-bank-conform: mesh=/root/Act1FootstepLagProbe/Main/ZoneHost/Act1ConnectedWorld/Act1CoreWorldGreybox/AgentBExteriorWorld/AgentB_TerrainRoadKit/URMAN_AgentB_TerrainRoadKit/BabaiYard_EastFenceSwale originalTriangles=78 affectedTriangles=35 outputTriangles=3543 groundOwner=unchanged
act1-rear-gate: retired_meshes=15 disabled_shapes=15 bypass=/root/Act1FootstepLagProbe/Main/ZoneHost/Act1ConnectedWorld/village-main-road/Act1BypassCollision
act1-mosque-terrain-cut: affectedTriangles=86 publishedVertices=123324 physicsVertices=123324 sameOwner=true
mosque-address-mount available=True doorFound=True door=(-30.916079, 1.8232076, 24.329773) preferredOutward=(0.96514225, 0, -0.261726) point=(-30.976536, 1.9747816, 23.128733) outward=(0.96514225, 0, -0.261726) owner=/root/Act1FootstepLagProbe/Main/ZoneHost/Act1ConnectedWorld/Act1CoreWorldGreybox/VillageMosqueComplex/MosqueHallEastLeft failure=
act1-mosque-entrance: firstRise=-0.022 approachFeet=-0.448 lowerTop=-0.471 upperTop=0.000 innerRise=0.157 treadDepth=2.150 thresholdSlotBefore=0.025 firstStepAdded=False sillAdded=True
banya-atmosphere: emitters=3 particles=19 hazeQuads=2 voices=3 ready=True
act1-shop-storefront: reskinned=75 gableSign=(8.815001, 2.7757518, 38.800003) entry=(12.295, 0.06675188, 41.950005)
act1-school-bank-cut: the field bank does not meet the school footprint (relayout v3); no cut
act1-council-fence-format: source=urman_village_exterior_kit_Cube_040 vertices=96 normals=96 uv=96 tangents=384 colors=0 uv2=0 lods=0 sourceFormat=536875031 publishedFormat=4119
act1-council-fence-format: source=urman_village_exterior_kit_FenceSegment_RailMiddle_Crooked_LOD0Mesh vertices=48 normals=48 uv=0 tangents=192 colors=0 uv2=0 lods=0 sourceFormat=536875015 publishedFormat=4103
act1-council-fence-format: source=urman_village_exterior_kit_Cube_039 vertices=96 normals=96 uv=96 tangents=384 colors=0 uv2=0 lods=0 sourceFormat=536875031 publishedFormat=4119
act1-council-fence-junction: fence=/root/Act1FootstepLagProbe/Main/ZoneHost/Act1ConnectedWorld/Act1CoreWorldGreybox/Act1AuthoredExteriorKitPresentation/DistantPerimeterParcels/EastStreetHorizonParcel/EastStreetHorizonFence wall=/root/Act1FootstepLagProbe/Main/ZoneHost/Act1ConnectedWorld/Act1CoreWorldGreybox/Act1AuthoredExteriorKitPresentation/DistantPerimeterParcels/EastStreetHorizonParcel/EastStreetHorizonFacade/VillageParcel_VariantA_TimberGable_Dwelling/VariantA_TimberGable_Dwelling_SeniRear_Wall_LOD0 localCutZ=-4.4 hiddenMembers=4 trimmedRails=3 retainedMembers=8 sourceAsset=unchanged
act1-terrain-room-cut: room=/root/Act1FootstepLagProbe/Main/ZoneHost/Act1ConnectedWorld/Act1CoreWorldGreybox/VillageRavine/RavineFarBank/FarBankPublic_police half=(5.79, 4.29) affectedTriangles=72 clippedVertices=123330 publishedVertices=123330 physicsVertices=123330 visualAndPhysics=shared-published-faces
act1-apron-room-cut: mesh=/root/Act1FootstepLagProbe/Main/ZoneHost/Act1ConnectedWorld/Act1CoreWorldGreybox/AgentBExteriorWorld/AgentB_TerrainRoadKit/URMAN_AgentB_TerrainRoadKit/Apron_BabaiYard affectedTriangles=0 clippedVertices=123 surfaces=1 collision=existing-terrain-owner
police-seat: sourcePelvis=(-3.097206, 0.6009963, 1.0985031) mounted=(-3.1, 0.56, 1.43)
act1-fap-plate: at=(25.390001, 1.9432073, -28.118002) outward=(0, 0, 1)
act1-overlap-cleanup: hidden=4
act1-overlap-cleanup: legacyRelocated=0 authoredOwners=12
act1-yard-composition: hidden=27
authored-world: 127 objects from res://content/world
open-part-kept-near-interaction|/root/Act1FootstepLagProbe/Main/ZoneHost/Act1ConnectedWorld/village-main-road/@Node3D@904/@MeshInstance3D@901@6.1,7.2
open-part-kept-near-interaction|/root/Act1FootstepLagProbe/Main/ZoneHost/Act1ConnectedWorld/Act1CoreWorldGreybox/ConnectiveStreetReturn/ConnectiveReturnCareBench/BenchLegLeft@-5.1,-39.1
open-part-kept-near-interaction|/root/Act1FootstepLagProbe/Main/ZoneHost/Act1ConnectedWorld/Act1CoreWorldGreybox/ConnectiveStreetReturn/ConnectiveReturnCareBench/BenchBackPostLeft@-5.0,-39.3
open-part-kept-near-interaction|/root/Act1FootstepLagProbe/Main/ZoneHost/Act1ConnectedWorld/Act1CoreWorldGreybox/ConnectiveStreetReturn/ConnectiveReturnCareBench/BenchBackRest@-4.3,-39.0
open-part-kept-near-interaction|/root/Act1FootstepLagProbe/Main/ZoneHost/Act1ConnectedWorld/village-main-road/RestBenchCollision/Seat@-5.0,-52.0
open-part-kept-near-interaction|/root/Act1FootstepLagProbe/Main/ZoneHost/Act1ConnectedWorld/village-main-road/RestBenchCollision/Back@-5.0,-52.3
open-part-kept-near-interaction|/root/Act1FootstepLagProbe/Main/ZoneHost/Act1ConnectedWorld/village-main-road/ConnectiveReturnCareBenchCollision/Back@-4.3,-39.0
act1-open-part-clear: hiddenMeshes=778 disabledShapes=4 sunkInstances=106 keptNearInteraction=7
act1-babai-foliage: owners=0 contacts=0
act1-terrain-room-cut: room=/root/Act1FootstepLagProbe/Main/ZoneHost/Act1ConnectedWorld/babay-abi-house half=(4, 3.5) affectedTriangles=50 clippedVertices=123294 publishedVertices=123294 physicsVertices=123294 visualAndPhysics=shared-published-faces
act1-apron-room-cut: mesh=/root/Act1FootstepLagProbe/Main/ZoneHost/Act1ConnectedWorld/Act1CoreWorldGreybox/AgentBExteriorWorld/AgentB_TerrainRoadKit/URMAN_AgentB_TerrainRoadKit/Apron_BabaiYard affectedTriangles=0 clippedVertices=123 surfaces=1 collision=existing-terrain-owner
act1-babai-relocation: moved=601 cleared=932 door=(-9.5,-1.88315) yaw+=25.28
act1-gorge-clear: large mesh spans the gorge: /root/Act1FootstepLagProbe/Main/ZoneHost/Act1ConnectedWorld/Act1CoreWorldGreybox/BackdropGround box=(-420, -5.3091583, -420)..(420, 12.931662, 360)
act1-gorge-clear: hidden=595 shapesDisabled=16 foliageInstances=182
act1-street-frontage: rejected axis=39, footprint=2
act1-street-frontage: houses=1 runs=3 gates=0 wickets=0 wood_tris=1996 iron_tris=0 hidden_old_fence_pieces=0
act1-deck-seat: deck=/root/Act1FootstepLagProbe/Main/ZoneHost/Act1ConnectedWorld/Act1CoreWorldGreybox/BabaiStorageBarn/Floor topY=0.318 seats=8 trimmed=3 letDown=5 worst=88.9mm sawhorseFeet=4 undersidePiercing=0
act1-yard-biography: lot=ADR-H047 groups=2 moves=0 instances=23->23 corridor=0.00m (min 0.90m)
act1-yard-fences: lots=85 runs=329 gates=84 wickets=0 openings=70 holes=0 retired=477 designs=5
act1-clean-yards: removed=1817 owners=79; real fences, storage and interactions retained
vehicle-snow-tracks: segments=0 budget=512
act1-roadside-grounding: independent contact meshes=34; source meshes and usable footbridge preserved
act1-kit-blockers: placements=12 shapes=227 carved_door_slabs=26 flat_slab_skipped=313 exact_architecture_surfaces=123 hidden_skipped=108 road_clearance_skipped=0
act1-dwelling-threshold: placements=78 worst_analytic_vs_collision_delta=0.166m worst_placement=ZiratEastNearMidHouse
act1-building-supports: supported foundations=16; maximum ground drop=1.888m; level entrances preserved
act1-council-fence-contacts: retainedSourceContacts=0 hiddenMemberContacts=0 newBodyOwners=0
zone-loaded: village_day@arrival connected-world=131348829822
УРМАН Godot vertical slice ready: Painterly Low-Poly / first person
act1-window-surrounds: painted=952
act1-legacy-sign: suppressed=1
village-households: 86 homes, 777 warm panes, 47 events; budgets lights=6, voices=4, clips=8, PCM=2000000
village-sound-mood: layers village=True dread=True adhan=True defaultMood=0,90
forest-edge-presence: anchor=True pos=0,0,-115 voices=3 radius=60m
club-gramophone: anchor=True songs=5 crackle=True
village-pa: speakers=4 songs=5 bus=Loudspeaker
village-window-silhouettes: windows=777 pool=10 variants=5
mosque-sanctuary: room=True soundMood=True lamps=3 forest=True bathSpirit=True
village-chimney-smoke: chimneys=86 emitters=14 particles=140
WARNING: Vehicle forest-horse-cart placement rejected: the actual articulated hoof pose is blocked or unsupported: {"foot":1,"reason":"IK reached its unstretched joint limit","kind":"support-or-reach","vehicleShape":"HoofContactQuery1","colliderPath":"/root/Act1FootstepLagProbe/Main/ZoneHost/Act1ConnectedWorld/Act1CoreWorldGreybox/AgentBExteriorWorld/AgentB_TerrainCollision"}; recovered to physically checked parking.
   at: void Urman.Godot.VehicleFleet.FinishSessionProjection() (res://scripts/VehicleFleet.cs:211)
   C# backtrace (most recent call first):
       [0] void Godot.GD.PushWarning(string) (/root/godot/modules/mono/glue/GodotSharp/GodotSharp/Core/GD.cs:396)
       [1] void Urman.Godot.VehicleFleet.FinishSessionProjection() (D:\URMAN-STATION\data\runs\e7c0cdd0340c4fe195a2a7d0e2231fc6\source\game\scripts\VehicleFleet.cs:211)
       [2] void Urman.Godot.VehicleFleet._PhysicsProcess(double) (D:\URMAN-STATION\data\runs\e7c0cdd0340c4fe195a2a7d0e2231fc6\source\game\scripts\VehicleFleet.cs:124)
       [3] bool Godot.Node.InvokeGodotClassMethod(Godot.NativeInterop.godot_string_name&, Godot.NativeInterop.NativeVariantPtrArgs, Godot.NativeInterop.godot_variant&) (/root/godot/modules/mono/glue/GodotSharp/GodotSharp/Generated/GodotObjects/Node.cs:2648)
       [4] bool Godot.Node3D.InvokeGodotClassMethod(Godot.NativeInterop.godot_string_name&, Godot.NativeInterop.NativeVariantPtrArgs, Godot.NativeInterop.godot_variant&) (/root/godot/modules/mono/glue/GodotSharp/GodotSharp/Generated/GodotObjects/Node3D.cs:1127)
       [5] bool Urman.Godot.VehicleFleet.InvokeGodotClassMethod(Godot.NativeInterop.godot_string_name&, Godot.NativeInterop.NativeVariantPtrArgs, Godot.NativeInterop.godot_variant&) (D:\URMAN-STATION\data\runs\e7c0cdd0340c4fe195a2a7d0e2231fc6\source\game\.godot\mono\temp\obj\Debug\Godot.SourceGenerators\Godot.SourceGenerators.ScriptMethodsGenerator\Urman.Godot.VehicleFleet_ScriptMethods.generated.cs:180)
       [6] Godot.NativeInterop.godot_bool Godot.Bridge.CSharpInstanceBridge.Call(nint, Godot.NativeInterop.godot_string_name*, Godot.NativeInterop.godot_variant**, int, Godot.NativeInterop.godot_variant_call_error*, Godot.NativeInterop.godot_variant*) (/root/godot/modules/mono/glue/GodotSharp/GodotSharp/Core/Bridge/CSharpInstanceBridge.cs:24)
act1-snow-exclusions: corridors=92 solids=3574 footprints=96 totalCorridors=92
act1-snow-mass: drifts=12 vertices=2124 band=0,12 heightMin=0,18 heightMax=0,4
act1-street-banks: reworked=50 apertures=2 corridorCrossings=0 unparsed=0 corridors=92 solids=3574 footprints=96
act1-snow-relief: clipped meshes=14 triangles=662 solids=672 addedVertices=1743
act1-snow-elevation: meshes=109 levels=35 band=0,12 riseMin=-1,519 riseMax=4,777
act1-street-banks: reworked=0 apertures=0 corridorCrossings=0 unparsed=0 corridors=159 solids=3574 footprints=96
act1-street-banks: reworked=0 apertures=0 corridorCrossings=0 unparsed=0 corridors=182 solids=3574 footprints=96
SaveGameV3 written to C:\Users\ruste\AppData\Roaming\Godot\app_userdata\URMAN\savegames\checkpoint.savegame-v3.json
checkpoint: auto-saved at urman.chapter1:scene/arrival_vehicle_dusk
act1-footstep-lag-profile: {"probe":"act1-footstep-lag-profile","result":"data_complete","route_complete":true,"route_steps":{"road_band":37,"offroad":13},"elapsed_ms":12973.588,"frame_count":252,"preset":"medium","display_driver":"Windows","adapter":"NVIDIA GeForce GTX 970","route":{"outbound_offroad_m":4,"road_return_m":2.2,"transitions":[{"ElapsedMs":0,"Phase":"road_outbound","X":0,"Z":9,"RoadDistance":0,"RoadHalfWidth":2.25},{"ElapsedMs":8014.085,"Phase":"offroad_outbound","X":-6.9546685,"Z":2.6339152,"RoadDistance":2.060304437115145,"RoadHalfWidth":1.399999976158142},{"ElapsedMs":9286.999,"Phase":"turn_for_return","X":-8.099104,"Z":6.6725907,"RoadDistance":6.077586167593814,"RoadHalfWidth":1.399999976158142},{"ElapsedMs":11024.945,"Phase":"offroad_return","X":-8.099104,"Z":6.6725907,"RoadDistance":6.077586167593814,"RoadHalfWidth":1.399999976158142},{"ElapsedMs":12306.328,"Phase":"road_return","X":-6.9840493,"Z":2.5077977,"RoadDistance":1.9953437705696488,"RoadHalfWidth":1.399999976158142},{"ElapsedMs":12973.588,"Phase":"complete","X":-6.3387294,"Z":0.3938925,"RoadDistance":1.1565531203961366,"RoadHalfWidth":1.399999976158142}],"end":{"x":-6.3387294,"z":0.3938925}},"segment_definition":"continuous phase \u002B packed-band/offroad; packed band uses road.Distance \u003C road.HalfWidth \u002B 0.6m, actual audio surface is recorded separately","segments":[{"id":1,"phase":"road_outbound","location":"packed_band","frames":141,"elapsed_ms":{"start":3.515,"end":7964.009},"position":{"start_x":0,"start_z":9,"end_x":-6.89421,"end_z":2.4755147},"step_trigger_count":32,"step_intervals_ms":{"samples":31,"median":161.97899999999998,"p95":627.3230000000003,"max":2260.032},"frame_wall_ms":{"samples":141,"median":49.067,"p95":87.92,"max":189.238},"process_monitor_ms":{"samples":141,"median":46.654,"p95":172.08399999999997,"max":172.08399999999997},"physics_monitor_ms":{"samples":141,"median":23.666,"p95":145.922,"max":145.922},"gc":{"gen0":20,"gen1":20,"gen2":5,"allocated_bytes":262628288},"snow":{"stamp_delta":32,"timed_update_frames":32,"update_ms":{"samples":32,"median":7.8068,"p95":15.5316,"max":16.7395},"redraw_ms":{"samples":32,"median":0.8993,"p95":5.2993,"max":5.8439},"mesh_ms":{"samples":32,"median":6.3937,"p95":13.4643,"max":13.8878}},"last_step_surfaces":["snow_packed"]},{"id":2,"phase":"road_outbound","location":"offroad","frames":1,"elapsed_ms":{"start":8014.085,"end":8014.085},"position":{"start_x":-6.9546685,"start_z":2.6339152,"end_x":-6.9546685,"end_z":2.6339152},"step_trigger_count":0,"step_intervals_ms":{"samples":0,"median":null,"p95":null,"max":null},"frame_wall_ms":{"samples":1,"median":50.076,"p95":50.076,"max":50.076},"process_monitor_ms":{"samples":1,"median":108.269,"p95":108.269,"max":108.269},"physics_monitor_ms":{"samples":1,"median":14.167000000000002,"p95":14.167000000000002,"max":14.167000000000002},"gc":{"gen0":0,"gen1":0,"gen2":0,"allocated_bytes":483800},"snow":{"stamp_delta":0,"timed_update_frames":0,"update_ms":{"samples":0,"median":null,"p95":null,"max":null},"redraw_ms":{"samples":0,"median":null,"p95":null,"max":null},"mesh_ms":{"samples":0,"median":null,"p95":null,"max":null}},"last_step_surfaces":["snow_packed"]},{"id":3,"phase":"offroad_outbound","location":"offroad","frames":22,"elapsed_ms":{"start":8066.661,"end":9286.999},"position":{"start_x":-7.0102477,"start_z":2.7941055,"end_x":-8.099104,"end_z":6.6725907},"step_trigger_count":8,"step_intervals_ms":{"samples":7,"median":173.3819999999996,"p95":192.262999999999,"max":192.262999999999},"frame_wall_ms":{"samples":22,"median":56.592,"p95":70.898,"max":77.365},"process_monitor_ms":{"samples":22,"median":110.316,"p95":110.316,"max":110.316},"physics_monitor_ms":{"samples":22,"median":20.638,"p95":20.638,"max":20.638},"gc":{"gen0":3,"gen1":3,"gen2":1,"allocated_bytes":33032088},"snow":{"stamp_delta":8,"timed_update_frames":8,"update_ms":{"samples":8,"median":7.8641,"p95":15.6274,"max":15.6274},"redraw_ms":{"samples":8,"median":0.8486,"p95":6.8819,"max":6.8819},"mesh_ms":{"samples":8,"median":7.0264,"p95":8.7443,"max":8.7443}},"last_step_surfaces":["snow_packed","snow_soft","mud"]},{"id":4,"phase":"turn_for_return","location":"offroad","frames":45,"elapsed_ms":{"start":9335.837,"end":11024.945},"position":{"start_x":-8.099104,"start_z":6.6725907,"end_x":-8.099104,"end_z":6.6725907},"step_trigger_count":0,"step_intervals_ms":{"samples":0,"median":null,"p95":null,"max":null},"frame_wall_ms":{"samples":45,"median":37.286,"p95":48.439,"max":52.433},"process_monitor_ms":{"samples":45,"median":42.494,"p95":42.494,"max":110.316},"physics_monitor_ms":{"samples":45,"median":20.964,"p95":20.964,"max":20.964},"gc":{"gen0":2,"gen1":0,"gen2":0,"allocated_bytes":16550128},"snow":{"stamp_delta":0,"timed_update_frames":0,"update_ms":{"samples":0,"median":null,"p95":null,"max":null},"redraw_ms":{"samples":0,"median":null,"p95":null,"max":null},"mesh_ms":{"samples":0,"median":null,"p95":null,"max":null}},"last_step_surfaces":["mud"]},{"id":5,"phase":"offroad_return","location":"offroad","frames":27,"elapsed_ms":{"start":11070.769,"end":12258.968},"position":{"start_x":-8.049359,"start_z":6.509883,"end_x":-7.0337887,"end_z":2.670489},"step_trigger_count":5,"step_intervals_ms":{"samples":4,"median":180.04200000000128,"p95":478.52399999999943,"max":478.52399999999943},"frame_wall_ms":{"samples":27,"median":45.443,"p95":53.532,"max":67.464},"process_monitor_ms":{"samples":27,"median":31.97,"p95":33.14,"max":33.14},"physics_monitor_ms":{"samples":27,"median":15.439,"p95":15.968,"max":15.968},"gc":{"gen0":1,"gen1":1,"gen2":0,"allocated_bytes":17073136},"snow":{"stamp_delta":6,"timed_update_frames":6,"update_ms":{"samples":6,"median":1.8999,"p95":8.5978,"max":8.5978},"redraw_ms":{"samples":6,"median":0.8525,"p95":0.8713,"max":0.8713},"mesh_ms":{"samples":6,"median":1.0483,"p95":7.7252,"max":7.7252}},"last_step_surfaces":["mud","snow_soft"]},{"id":6,"phase":"offroad_return","location":"packed_band","frames":1,"elapsed_ms":{"start":12306.328,"end":12306.328},"position":{"start_x":-6.9840493,"start_z":2.5077977,"end_x":-6.9840493,"end_z":2.5077977},"step_trigger_count":1,"step_intervals_ms":{"samples":0,"median":null,"p95":null,"max":null},"frame_wall_ms":{"samples":1,"median":47.36,"p95":47.36,"max":47.36},"process_monitor_ms":{"samples":1,"median":31.97,"p95":31.97,"max":31.97},"physics_monitor_ms":{"samples":1,"median":15.439,"p95":15.439,"max":15.439},"gc":{"gen0":0,"gen1":0,"gen2":0,"allocated_bytes":489776},"snow":{"stamp_delta":1,"timed_update_frames":1,"update_ms":{"samples":1,"median":1.8919,"p95":1.8919,"max":1.8919},"redraw_ms":{"samples":1,"median":0.8453,"p95":0.8453,"max":0.8453},"mesh_ms":{"samples":1,"median":1.0455,"p95":1.0455,"max":1.0455}},"last_step_surfaces":["snow_packed"]},{"id":7,"phase":"road_return","location":"packed_band","frames":15,"elapsed_ms":{"start":12350.15,"end":12973.588},"position":{"start_x":-6.934312,"start_z":2.345113,"end_x":-6.3387294,"end_z":0.3938925},"step_trigger_count":4,"step_intervals_ms":{"samples":3,"median":175.99099999999999,"p95":189.16400000000067,"max":189.16400000000067},"frame_wall_ms":{"samples":15,"median":43.992,"p95":55.085,"max":55.085},"process_monitor_ms":{"samples":15,"median":32.467000000000006,"p95":32.467000000000006,"max":32.467000000000006},"physics_monitor_ms":{"samples":15,"median":26.396,"p95":26.396,"max":26.396},"gc":{"gen0":1,"gen1":1,"gen2":0,"allocated_bytes":6471896},"snow":{"stamp_delta":4,"timed_update_frames":4,"update_ms":{"samples":4,"median":1.8824,"p95":9.9157,"max":9.9157},"redraw_ms":{"samples":4,"median":0.8338,"p95":7.421,"max":7.421},"mesh_ms":{"samples":4,"median":1.0476,"p95":2.4937,"max":2.4937}},"last_step_surfaces":["snow_packed"]}],"step_events":[{"FrameIndex":2,"StampDelta":1,"SnowUpdateMs":16.7395,"SnowRedrawMs":5.0464,"SnowMeshMs":11.6877,"TriggerCount":1,"TriggerDelta":1,"ElapsedMs":190.929,"Phase":0,"SegmentId":1,"PackedBand":true,"Surface":"snow_packed","X":0.00016207175,"Z":8.150495,"Speed":3.4,"GapFromPreviousMs":null,"SameSegmentAsPrevious":false,"PlaybackPlaying":true,"HasStreamPlayback":true,"PlaybackPosition":0.00290249427780509},{"FrameIndex":3,"StampDelta":0,"SnowUpdateMs":null,"SnowRedrawMs":null,"SnowMeshMs":null,"TriggerCount":2,"TriggerDelta":1,"ElapsedMs":251.666,"Phase":0,"SegmentId":1,"PackedBand":true,"Surface":"snow_packed","X":0.00031061933,"Z":7.867406,"Speed":3.4,"GapFromPreviousMs":60.736999999999995,"SameSegmentAsPrevious":true,"PlaybackPlaying":true,"HasStreamPlayback":true,"PlaybackPosition":0.00290249427780509},{"FrameIndex":6,"StampDelta":0,"SnowUpdateMs":null,"SnowRedrawMs":null,"SnowMeshMs":null,"TriggerCount":3,"TriggerDelta":1,"ElapsedMs":413.645,"Phase":0,"SegmentId":1,"PackedBand":true,"Surface":"snow_packed","X":0.00065537123,"Z":7.301504,"Speed":3.4,"GapFromPreviousMs":161.97899999999998,"SameSegmentAsPrevious":true,"PlaybackPlaying":true,"HasStreamPlayback":true,"PlaybackPosition":0.00290249427780509},{"FrameIndex":9,"StampDelta":1,"SnowUpdateMs":0.918,"SnowRedrawMs":0.9098,"SnowMeshMs":0.0068,"TriggerCount":4,"TriggerDelta":1,"ElapsedMs":580.05,"Phase":0,"SegmentId":1,"PackedBand":true,"Surface":"snow_packed","X":0.00080491835,"Z":6.736539,"Speed":3.4,"GapFromPreviousMs":166.40499999999997,"SameSegmentAsPrevious":true,"PlaybackPlaying":true,"HasStreamPlayback":true,"PlaybackPosition":0.00290249427780509},{"FrameIndex":12,"StampDelta":0,"SnowUpdateMs":null,"SnowRedrawMs":null,"SnowMeshMs":null,"TriggerCount":5,"TriggerDelta":1,"ElapsedMs":722.966,"Phase":0,"SegmentId":1,"PackedBand":true,"Surface":"snow_packed","X":0.00080314686,"Z":6.228537,"Speed":3.4,"GapFromPreviousMs":142.91600000000005,"SameSegmentAsPrevious":true,"PlaybackPlaying":true,"HasStreamPlayback":true,"PlaybackPosition":0.00290249427780509},{"FrameIndex":15,"StampDelta":0,"SnowUpdateMs":null,"SnowRedrawMs":null,"SnowMeshMs":null,"TriggerCount":6,"TriggerDelta":1,"ElapsedMs":899.794,"Phase":0,"SegmentId":1,"PackedBand":true,"Surface":"snow_packed","X":0.0006939385,"Z":5.664248,"Speed":3.4,"GapFromPreviousMs":176.82799999999997,"SameSegmentAsPrevious":true,"PlaybackPlaying":true,"HasStreamPlayback":true,"PlaybackPosition":0.00290249427780509},{"FrameIndex":19,"StampDelta":1,"SnowUpdateMs":13.3769,"SnowRedrawMs":0.8249,"SnowMeshMs":12.5509,"TriggerCount":7,"TriggerDelta":1,"ElapsedMs":1116.319,"Phase":0,"SegmentId":1,"PackedBand":true,"Surface":"snow_packed","X":0.0008062659,"Z":4.9856377,"Speed":3.4,"GapFromPreviousMs":216.52499999999998,"SameSegmentAsPrevious":true,"PlaybackPlaying":true,"HasStreamPlayback":true,"PlaybackPosition":0.00290249427780509},{"FrameIndex":21,"StampDelta":0,"SnowUpdateMs":null,"SnowRedrawMs":null,"SnowMeshMs":null,"TriggerCount":8,"TriggerDelta":1,"ElapsedMs":1228.174,"Phase":0,"SegmentId":1,"PackedBand":true,"Surface":"snow_packed","X":0.0008415203,"Z":4.5897856,"Speed":3.4,"GapFromPreviousMs":111.85500000000002,"SameSegmentAsPrevious":true,"PlaybackPlaying":true,"HasStreamPlayback":true,"PlaybackPosition":0.00290249427780509},{"FrameIndex":24,"StampDelta":0,"SnowUpdateMs":null,"SnowRedrawMs":null,"SnowMeshMs":null,"TriggerCount":9,"TriggerDelta":1,"ElapsedMs":1381.432,"Phase":0,"SegmentId":1,"PackedBand":true,"Surface":"snow_packed","X":0.0008930984,"Z":4.0242825,"Speed":3.4,"GapFromPreviousMs":153.25800000000004,"SameSegmentAsPrevious":true,"PlaybackPlaying":true,"HasStreamPlayback":true,"PlaybackPosition":0.00290249427780509},{"FrameIndex":27,"StampDelta":0,"SnowUpdateMs":null,"SnowRedrawMs":null,"SnowMeshMs":null,"TriggerCount":10,"TriggerDelta":1,"ElapsedMs":1537.101,"Phase":0,"SegmentId":1,"PackedBand":true,"Surface":"snow_packed","X":0.0009888402,"Z":3.4583473,"Speed":3.4,"GapFromPreviousMs":155.6690000000001,"SameSegmentAsPrevious":true,"PlaybackPlaying":true,"HasStreamPlayback":true,"PlaybackPosition":0.00290249427780509},{"FrameIndex":30,"StampDelta":0,"SnowUpdateMs":null,"SnowRedrawMs":null,"SnowMeshMs":null,"TriggerCount":11,"TriggerDelta":1,"ElapsedMs":1704.381,"Phase":0,"SegmentId":1,"PackedBand":true,"Surface":"snow_packed","X":0.0010480288,"Z":2.9488797,"Speed":3.4,"GapFromPreviousMs":167.27999999999997,"SameSegmentAsPrevious":true,"PlaybackPlaying":true,"HasStreamPlayback":true,"PlaybackPosition":0.00290249427780509},{"FrameIndex":34,"StampDelta":1,"SnowUpdateMs":12.1506,"SnowRedrawMs":0.8202,"SnowMeshMs":11.3289,"TriggerCount":12,"TriggerDelta":1,"ElapsedMs":1914.211,"Phase":0,"SegmentId":1,"PackedBand":true,"Surface":"snow_packed","X":1.33026915E-05,"Z":2.2699242,"Speed":3.4,"GapFromPreviousMs":209.82999999999993,"SameSegmentAsPrevious":true,"PlaybackPlaying":true,"HasStreamPlayback":true,"PlaybackPosition":0.00290249427780509},{"FrameIndex":37,"StampDelta":1,"SnowUpdateMs":0.8275,"SnowRedrawMs":0.8228,"SnowMeshMs":0.0034,"TriggerCount":13,"TriggerDelta":1,"ElapsedMs":2056.497,"Phase":0,"SegmentId":1,"PackedBand":true,"Surface":"snow_packed","X":-0.00028781613,"Z":1.7035768,"Speed":3.4,"GapFromPreviousMs":142.28599999999983,"SameSegmentAsPrevious":true,"PlaybackPlaying":true,"HasStreamPlayback":true,"PlaybackPosition":0.00290249427780509},{"FrameIndex":40,"StampDelta":0,"SnowUpdateMs":null,"SnowRedrawMs":null,"SnowMeshMs":null,"TriggerCount":14,"TriggerDelta":1,"ElapsedMs":2189.649,"Phase":0,"SegmentId":1,"PackedBand":true,"Surface":"snow_packed","X":-0.00028781613,"Z":1.2502337,"Speed":3.4,"GapFromPreviousMs":133.15200000000004,"SameSegmentAsPrevious":true,"PlaybackPlaying":true,"HasStreamPlayback":true,"PlaybackPosition":0.00290249427780509},{"FrameIndex":43,"StampDelta":0,"SnowUpdateMs":null,"SnowRedrawMs":null,"SnowMeshMs":null,"TriggerCount":15,"TriggerDelta":1,"ElapsedMs":2338.097,"Phase":0,"SegmentId":1,"PackedBand":true,"Surface":"snow_packed","X":-0.000550759,"Z":0.7403833,"Speed":3.4,"GapFromPreviousMs":148.44800000000032,"SameSegmentAsPrevious":true,"PlaybackPlaying":true,"HasStreamPlayback":true,"PlaybackPosition":0.00290249427780509},{"FrameIndex":47,"StampDelta":0,"SnowUpdateMs":null,"SnowRedrawMs":null,"SnowMeshMs":null,"TriggerCount":16,"TriggerDelta":1,"ElapsedMs":2519.466,"Phase":0,"SegmentId":1,"PackedBand":true,"Surface":"snow_packed","X":-0.0014010913,"Z":0.17426324,"Speed":3.4,"GapFromPreviousMs":181.3689999999997,"SameSegmentAsPrevious":true,"PlaybackPlaying":true,"HasStreamPlayback":true,"PlaybackPosition":0.00290249427780509},{"FrameIndex":50,"StampDelta":1,"SnowUpdateMs":0.8334,"SnowRedrawMs":0.8146,"SnowMeshMs":0.004,"TriggerCount":17,"TriggerDelta":1,"ElapsedMs":2720.779,"Phase":0,"SegmentId":1,"PackedBand":true,"Surface":"snow_packed","X":-0.114528805,"Z":-0.43608117,"Speed":3.4,"GapFromPreviousMs":201.3130000000001,"SameSegmentAsPrevious":true,"PlaybackPlaying":true,"HasStreamPlayback":true,"PlaybackPosition":0.00290249427780509},{"FrameIndex":52,"StampDelta":0,"SnowUpdateMs":null,"SnowRedrawMs":null,"SnowMeshMs":null,"TriggerCount":18,"TriggerDelta":1,"ElapsedMs":2829.697,"Phase":0,"SegmentId":1,"PackedBand":true,"Surface":"snow_packed","X":-0.32086772,"Z":-0.838869,"Speed":3.4000006,"GapFromPreviousMs":108.91800000000012,"SameSegmentAsPrevious":true,"PlaybackPlaying":true,"HasStreamPlayback":true,"PlaybackPosition":0.00290249427780509},{"FrameIndex":89,"StampDelta":0,"SnowUpdateMs":null,"SnowRedrawMs":null,"SnowMeshMs":null,"TriggerCount":19,"TriggerDelta":1,"ElapsedMs":5089.729,"Phase":0,"SegmentId":1,"PackedBand":true,"Surface":"snow_packed","X":-0.79865164,"Z":-1.0352513,"Speed":3.4000006,"GapFromPreviousMs":2260.032,"SameSegmentAsPrevious":true,"PlaybackPlaying":true,"HasStreamPlayback":true,"PlaybackPosition":0.00290249427780509},{"FrameIndex":92,"StampDelta":1,"SnowUpdateMs":14.3662,"SnowRedrawMs":0.8993,"SnowMeshMs":13.4643,"TriggerCount":20,"TriggerDelta":1,"ElapsedMs":5257.475,"Phase":0,"SegmentId":1,"PackedBand":true,"Surface":"snow_packed","X":-1.364383,"Z":-1.0079736,"Speed":3.4000006,"GapFromPreviousMs":167.7460000000001,"SameSegmentAsPrevious":true,"PlaybackPlaying":true,"HasStreamPlayback":true,"PlaybackPosition":0.00290249427780509},{"FrameIndex":95,"StampDelta":0,"SnowUpdateMs":null,"SnowRedrawMs":null,"SnowMeshMs":null,"TriggerCount":21,"TriggerDelta":1,"ElapsedMs":5391.637,"Phase":0,"SegmentId":1,"PackedBand":true,"Surface":"snow_packed","X":-1.8723868,"Z":-0.983697,"Speed":3.4000006,"GapFromPreviousMs":134.16199999999935,"SameSegmentAsPrevious":true,"PlaybackPlaying":true,"HasStreamPlayback":true,"PlaybackPosition":0.00290249427780509},{"FrameIndex":99,"StampDelta":1,"SnowUpdateMs":0.837,"SnowRedrawMs":0.8309,"SnowMeshMs":0.0047,"TriggerCount":22,"TriggerDelta":1,"ElapsedMs":5604.764,"Phase":0,"SegmentId":1,"PackedBand":true,"Surface":"snow_packed","X":-2.5468132,"Z":-0.9516041,"Speed":3.4000006,"GapFromPreviousMs":213.1270000000004,"SameSegmentAsPrevious":true,"PlaybackPlaying":true,"HasStreamPlayback":true,"PlaybackPosition":0.00290249427780509},{"FrameIndex":102,"StampDelta":1,"SnowUpdateMs":14.7234,"SnowRedrawMs":0.8344,"SnowMeshMs":13.8878,"TriggerCount":23,"TriggerDelta":1,"ElapsedMs":5755.114,"Phase":0,"SegmentId":1,"PackedBand":true,"Surface":"snow_packed","X":-3.0498283,"Z":-0.927566,"Speed":3.4000006,"GapFromPreviousMs":150.34999999999945,"SameSegmentAsPrevious":true,"PlaybackPlaying":true,"HasStreamPlayback":true,"PlaybackPosition":0.00290249427780509},{"FrameIndex":105,"StampDelta":1,"SnowUpdateMs":0.9758,"SnowRedrawMs":0.9653,"SnowMeshMs":0.0092,"TriggerCount":24,"TriggerDelta":1,"ElapsedMs":5900.92,"Phase":0,"SegmentId":1,"PackedBand":true,"Surface":"snow_packed","X":-3.5529041,"Z":-0.86671793,"Speed":3.4,"GapFromPreviousMs":145.8060000000005,"SameSegmentAsPrevious":true,"PlaybackPlaying":true,"HasStreamPlayback":true,"PlaybackPosition":0.00290249427780509},{"FrameIndex":109,"StampDelta":1,"SnowUpdateMs":7.4284,"SnowRedrawMs":1.0332,"SnowMeshMs":6.3937,"TriggerCount":25,"TriggerDelta":1,"ElapsedMs":6085.906,"Phase":0,"SegmentId":1,"PackedBand":true,"Surface":"snow_packed","X":-4.118818,"Z":-0.6165346,"Speed":3.4,"GapFromPreviousMs":184.98599999999988,"SameSegmentAsPrevious":true,"PlaybackPlaying":true,"HasStreamPlayback":true,"PlaybackPosition":0.00290249427780509},{"FrameIndex":112,"StampDelta":1,"SnowUpdateMs":0.8746,"SnowRedrawMs":0.8666,"SnowMeshMs":0.0066,"TriggerCount":26,"TriggerDelta":1,"ElapsedMs":6224.62,"Phase":0,"SegmentId":1,"PackedBand":true,"Surface":"snow_packed","X":-4.547394,"Z":-0.34285897,"Speed":3.4,"GapFromPreviousMs":138.71399999999994,"SameSegmentAsPrevious":true,"PlaybackPlaying":true,"HasStreamPlayback":true,"PlaybackPosition":0.00290249427780509},{"FrameIndex":116,"StampDelta":1,"SnowUpdateMs":7.8343,"SnowRedrawMs":0.9757,"SnowMeshMs":6.8572,"TriggerCount":27,"TriggerDelta":1,"ElapsedMs":6436.787,"Phase":0,"SegmentId":1,"PackedBand":true,"Surface":"snow_packed","X":-5.0732136,"Z":-0.0078740455,"Speed":3.4,"GapFromPreviousMs":212.16700000000037,"SameSegmentAsPrevious":true,"PlaybackPlaying":true,"HasStreamPlayback":true,"PlaybackPosition":0.00290249427780509},{"FrameIndex":119,"StampDelta":1,"SnowUpdateMs":0.8142,"SnowRedrawMs":0.8096,"SnowMeshMs":0.0036,"TriggerCount":28,"TriggerDelta":1,"ElapsedMs":6572.793,"Phase":0,"SegmentId":1,"PackedBand":true,"Surface":"snow_packed","X":-5.442211,"Z":0.22720352,"Speed":0,"GapFromPreviousMs":136.0059999999994,"SameSegmentAsPrevious":true,"PlaybackPlaying":true,"HasStreamPlayback":true,"PlaybackPosition":0.00290249427780509},{"FrameIndex":131,"StampDelta":0,"SnowUpdateMs":null,"SnowRedrawMs":null,"SnowMeshMs":null,"TriggerCount":29,"TriggerDelta":1,"ElapsedMs":7200.116,"Phase":0,"SegmentId":1,"PackedBand":true,"Surface":"snow_packed","X":-5.4576473,"Z":0.7336633,"Speed":3.4000006,"GapFromPreviousMs":627.3230000000003,"SameSegmentAsPrevious":true,"PlaybackPlaying":true,"HasStreamPlayback":true,"PlaybackPosition":0.00290249427780509},{"FrameIndex":133,"StampDelta":1,"SnowUpdateMs":0.7949,"SnowRedrawMs":0.7891,"SnowMeshMs":0.0043,"TriggerCount":30,"TriggerDelta":1,"ElapsedMs":7423.129,"Phase":0,"SegmentId":1,"PackedBand":true,"Surface":"snow_packed","X":-5.7836804,"Z":1.4562749,"Speed":3.4000006,"GapFromPreviousMs":223.01299999999992,"SameSegmentAsPrevious":true,"PlaybackPlaying":true,"HasStreamPlayback":true,"PlaybackPosition":0.00290249427780509},{"FrameIndex":135,"StampDelta":1,"SnowUpdateMs":13.6456,"SnowRedrawMs":5.8439,"SnowMeshMs":7.7993,"TriggerCount":31,"TriggerDelta":1,"ElapsedMs":7547.49,"Phase":0,"SegmentId":1,"PackedBand":true,"Surface":"snow_packed","X":-5.968778,"Z":1.7708803,"Speed":2.586448,"GapFromPreviousMs":124.36099999999988,"SameSegmentAsPrevious":true,"PlaybackPlaying":true,"HasStreamPlayback":true,"PlaybackPosition":0.00290249427780509},{"FrameIndex":138,"StampDelta":1,"SnowUpdateMs":0.8243,"SnowRedrawMs":0.8184,"SnowMeshMs":0.0043,"TriggerCount":32,"TriggerDelta":1,"ElapsedMs":7841.177,"Phase":0,"SegmentId":1,"PackedBand":true,"Surface":"snow_packed","X":-6.5942907,"Z":2.0625033,"Speed":2.5864477,"GapFromPreviousMs":293.6869999999999,"SameSegmentAsPrevious":true,"PlaybackPlaying":true,"HasStreamPlayback":true,"PlaybackPosition":0.00290249427780509},{"FrameIndex":143,"StampDelta":1,"SnowUpdateMs":7.8641,"SnowRedrawMs":0.8366,"SnowMeshMs":7.0264,"TriggerCount":33,"TriggerDelta":1,"ElapsedMs":8131.954,"Phase":1,"SegmentId":3,"PackedBand":false,"Surface":"snow_soft","X":-7.084331,"Z":3.0076401,"Speed":3.4000006,"GapFromPreviousMs":290.77700000000004,"SameSegmentAsPrevious":false,"PlaybackPlaying":true,"HasStreamPlayback":true,"PlaybackPosition":0.00290249427780509},{"FrameIndex":146,"StampDelta":1,"SnowUpdateMs":0.8254,"SnowRedrawMs":0.8203,"SnowMeshMs":0.0032,"TriggerCount":34,"TriggerDelta":1,"ElapsedMs":8305.484,"Phase":1,"SegmentId":3,"PackedBand":false,"Surface":"snow_soft","X":-7.2693253,"Z":3.5410283,"Speed":3.4000006,"GapFromPreviousMs":173.53000000000065,"SameSegmentAsPrevious":true,"PlaybackPlaying":true,"HasStreamPlayback":true,"PlaybackPosition":0.00290249427780509},{"FrameIndex":149,"StampDelta":1,"SnowUpdateMs":8.1841,"SnowRedrawMs":0.8466,"SnowMeshMs":7.3358,"TriggerCount":35,"TriggerDelta":1,"ElapsedMs":8481.785,"Phase":1,"SegmentId":3,"PackedBand":false,"Surface":"snow_soft","X":-7.4544163,"Z":4.0744166,"Speed":3.4000006,"GapFromPreviousMs":176.30099999999948,"SameSegmentAsPrevious":true,"PlaybackPlaying":true,"HasStreamPlayback":true,"PlaybackPosition":0.00290249427780509},{"FrameIndex":152,"StampDelta":1,"SnowUpdateMs":0.8292,"SnowRedrawMs":0.8241,"SnowMeshMs":0.0039,"TriggerCount":36,"TriggerDelta":1,"ElapsedMs":8647.476,"Phase":1,"SegmentId":3,"PackedBand":false,"Surface":"mud","X":-7.6572995,"Z":4.659787,"Speed":3.4000006,"GapFromPreviousMs":165.6910000000007,"SameSegmentAsPrevious":true,"PlaybackPlaying":true,"HasStreamPlayback":true,"PlaybackPosition":0.005333333276212215},{"FrameIndex":155,"StampDelta":0,"SnowUpdateMs":null,"SnowRedrawMs":null,"SnowMeshMs":null,"TriggerCount":37,"TriggerDelta":1,"ElapsedMs":8820.858,"Phase":1,"SegmentId":3,"PackedBand":false,"Surface":"mud","X":-7.8409986,"Z":5.1903615,"Speed":3.4000006,"GapFromPreviousMs":173.3819999999996,"SameSegmentAsPrevious":true,"PlaybackPlaying":true,"HasStreamPlayback":true,"PlaybackPosition":0.005333333276212215},{"FrameIndex":158,"StampDelta":0,"SnowUpdateMs":null,"SnowRedrawMs":null,"SnowMeshMs":null,"TriggerCount":38,"TriggerDelta":1,"ElapsedMs":8983.742,"Phase":1,"SegmentId":3,"PackedBand":false,"Surface":"mud","X":-8.024995,"Z":5.721221,"Speed":3.4000006,"GapFromPreviousMs":162.88400000000001,"SameSegmentAsPrevious":true,"PlaybackPlaying":true,"HasStreamPlayback":true,"PlaybackPosition":0.005333333276212215},{"FrameIndex":161,"StampDelta":0,"SnowUpdateMs":null,"SnowRedrawMs":null,"SnowMeshMs":null,"TriggerCount":39,"TriggerDelta":1,"ElapsedMs":9176.005,"Phase":1,"SegmentId":3,"PackedBand":false,"Surface":"mud","X":-8.098845,"Z":6.3024487,"Speed":3.2147639,"GapFromPreviousMs":192.262999999999,"SameSegmentAsPrevious":true,"PlaybackPlaying":true,"HasStreamPlayback":true,"PlaybackPosition":0.005333333276212215},{"FrameIndex":163,"StampDelta":1,"SnowUpdateMs":0.8651,"SnowRedrawMs":0.8606,"SnowMeshMs":0.0035,"TriggerCount":40,"TriggerDelta":1,"ElapsedMs":9286.999,"Phase":1,"SegmentId":3,"PackedBand":false,"Surface":"mud","X":-8.099104,"Z":6.6725907,"Speed":3.2147639,"GapFromPreviousMs":110.9940000000006,"SameSegmentAsPrevious":true,"PlaybackPlaying":true,"HasStreamPlayback":true,"PlaybackPosition":0.01600000075995922},{"FrameIndex":212,"StampDelta":1,"SnowUpdateMs":8.5978,"SnowRedrawMs":0.8713,"SnowMeshMs":7.7252,"TriggerCount":41,"TriggerDelta":1,"ElapsedMs":11208.935,"Phase":3,"SegmentId":5,"PackedBand":false,"Surface":"mud","X":-7.9166937,"Z":6.075952,"Speed":3.4000015,"GapFromPreviousMs":1921.9359999999997,"SameSegmentAsPrevious":false,"PlaybackPlaying":true,"HasStreamPlayback":true,"PlaybackPosition":0.005333333276212215},{"FrameIndex":216,"StampDelta":0,"SnowUpdateMs":null,"SnowRedrawMs":null,"SnowMeshMs":null,"TriggerCount":42,"TriggerDelta":1,"ElapsedMs":11388.977,"Phase":3,"SegmentId":5,"PackedBand":false,"Surface":"mud","X":-7.7342896,"Z":5.479336,"Speed":3.4000015,"GapFromPreviousMs":180.04200000000128,"SameSegmentAsPrevious":true,"PlaybackPlaying":true,"HasStreamPlayback":true,"PlaybackPosition":0.005333333276212215},{"FrameIndex":226,"StampDelta":1,"SnowUpdateMs":0.8727,"SnowRedrawMs":0.8677,"SnowMeshMs":0.0039,"TriggerCount":43,"TriggerDelta":1,"ElapsedMs":11867.501,"Phase":3,"SegmentId":5,"PackedBand":false,"Surface":"snow_soft","X":-7.4316573,"Z":3.9718578,"Speed":3.4000015,"GapFromPreviousMs":478.52399999999943,"SameSegmentAsPrevious":true,"PlaybackPlaying":true,"HasStreamPlayback":true,"PlaybackPosition":0.00290249427780509},{"FrameIndex":229,"StampDelta":1,"SnowUpdateMs":1.8999,"SnowRedrawMs":0.8321,"SnowMeshMs":1.0665,"TriggerCount":44,"TriggerDelta":1,"ElapsedMs":12003.375,"Phase":3,"SegmentId":5,"PackedBand":false,"Surface":"snow_soft","X":-7.282454,"Z":3.4838362,"Speed":3.4000015,"GapFromPreviousMs":135.8739999999998,"SameSegmentAsPrevious":true,"PlaybackPlaying":true,"HasStreamPlayback":true,"PlaybackPosition":0.00290249427780509},{"FrameIndex":233,"StampDelta":1,"SnowUpdateMs":0.8322,"SnowRedrawMs":0.8283,"SnowMeshMs":0.0029,"TriggerCount":45,"TriggerDelta":1,"ElapsedMs":12173.619,"Phase":3,"SegmentId":5,"PackedBand":false,"Surface":"snow_soft","X":-7.116675,"Z":2.9415975,"Speed":3.4000015,"GapFromPreviousMs":170.2440000000006,"SameSegmentAsPrevious":true,"PlaybackPlaying":true,"HasStreamPlayback":true,"PlaybackPosition":0.00290249427780509},{"FrameIndex":236,"StampDelta":1,"SnowUpdateMs":1.8919,"SnowRedrawMs":0.8453,"SnowMeshMs":1.0455,"TriggerCount":46,"TriggerDelta":1,"ElapsedMs":12306.328,"Phase":3,"SegmentId":6,"PackedBand":true,"Surface":"snow_packed","X":-6.9840493,"Z":2.5077977,"Speed":3.4000015,"GapFromPreviousMs":132.70899999999892,"SameSegmentAsPrevious":false,"PlaybackPlaying":true,"HasStreamPlayback":true,"PlaybackPosition":0.00290249427780509},{"FrameIndex":240,"StampDelta":1,"SnowUpdateMs":0.8381,"SnowRedrawMs":0.8338,"SnowMeshMs":0.0033,"TriggerCount":47,"TriggerDelta":1,"ElapsedMs":12475.016,"Phase":4,"SegmentId":7,"PackedBand":true,"Surface":"snow_packed","X":-6.8185196,"Z":1.9656941,"Speed":3.4000015,"GapFromPreviousMs":168.6880000000001,"SameSegmentAsPrevious":false,"PlaybackPlaying":true,"HasStreamPlayback":true,"PlaybackPosition":0.00290249427780509},{"FrameIndex":244,"StampDelta":1,"SnowUpdateMs":1.8824,"SnowRedrawMs":0.8337,"SnowMeshMs":1.0476,"TriggerCount":48,"TriggerDelta":1,"ElapsedMs":12664.18,"Phase":4,"SegmentId":7,"PackedBand":true,"Surface":"snow_packed","X":-6.636711,"Z":1.36958,"Speed":3.4000015,"GapFromPreviousMs":189.16400000000067,"SameSegmentAsPrevious":true,"PlaybackPlaying":true,"HasStreamPlayback":true,"PlaybackPosition":0.00290249427780509},{"FrameIndex":248,"StampDelta":1,"SnowUpdateMs":9.9157,"SnowRedrawMs":7.421,"SnowMeshMs":2.4937,"TriggerCount":49,"TriggerDelta":1,"ElapsedMs":12840.171,"Phase":4,"SegmentId":7,"PackedBand":true,"Surface":"snow_packed","X":-6.4709888,"Z":0.8275266,"Speed":3.4000015,"GapFromPreviousMs":175.99099999999999,"SameSegmentAsPrevious":true,"PlaybackPlaying":true,"HasStreamPlayback":true,"PlaybackPosition":0.00290249427780509},{"FrameIndex":251,"StampDelta":1,"SnowUpdateMs":0.7923,"SnowRedrawMs":0.7879,"SnowMeshMs":0.0034,"TriggerCount":50,"TriggerDelta":1,"ElapsedMs":12973.588,"Phase":4,"SegmentId":7,"PackedBand":true,"Surface":"snow_packed","X":-6.3387294,"Z":0.3938925,"Speed":3.149458,"GapFromPreviousMs":133.41699999999946,"SameSegmentAsPrevious":true,"PlaybackPlaying":true,"HasStreamPlayback":true,"PlaybackPosition":0.00290249427780509}],"transition_gaps_ms":[{"ElapsedMs":8131.954,"GapFromPreviousMs":290.77700000000004,"Phase":1,"SegmentId":3,"Surface":"snow_soft"},{"ElapsedMs":11208.935,"GapFromPreviousMs":1921.9359999999997,"Phase":3,"SegmentId":5,"Surface":"mud"},{"ElapsedMs":12306.328,"GapFromPreviousMs":132.70899999999892,"Phase":3,"SegmentId":6,"Surface":"snow_packed"},{"ElapsedMs":12475.016,"GapFromPreviousMs":168.6880000000001,"Phase":4,"SegmentId":7,"Surface":"snow_packed"}],"last_step_surface_changes":[{"ElapsedMs":190.929,"Phase":0,"SegmentId":1,"From":"","To":"snow_packed","X":0.00016207175,"Z":8.150495},{"ElapsedMs":8131.954,"Phase":1,"SegmentId":3,"From":"snow_packed","To":"snow_soft","X":-7.084331,"Z":3.0076401},{"ElapsedMs":8647.476,"Phase":1,"SegmentId":3,"From":"snow_soft","To":"mud","X":-7.6572995,"Z":4.659787},{"ElapsedMs":11867.501,"Phase":3,"SegmentId":5,"From":"mud","To":"snow_soft","X":-7.4316573,"Z":3.9718578},{"ElapsedMs":12306.328,"Phase":3,"SegmentId":6,"From":"snow_soft","To":"snow_packed","X":-6.9840493,"Z":2.5077977}],"timing_notes":{"frame_ms":"monotonic Time.GetTicksUsec delta between ProcessPriority=100 samples; drawn frame counters accompany it","process_physics_ms":"Godot Performance monitors sampled after default-priority game/audio callbacks","snow":"update/redraw/mesh timings are included only on frames where snowTrampleStampCount advanced; a multi-stamp frame reports the stamp delta and latest timing once","playback":"Playing/HasStreamPlayback/GetPlaybackPosition describe the single AudioStreamPlayer; internal polyphonic voice count is unavailable","surface":"LastSurface is the last surface resolved by an actual step; trigger events carry its fresh value, while per-frame fields can carry it forward between steps","data_only":"capture status is not a diagnosis or task acceptance"},"hitches":{"threshold_ms":33.3,"threshold_is_diagnostic_only":true,"long_frame_count":242,"process_over_threshold_count":190,"physics_over_threshold_count":19,"gc_frame_count":24,"samples":[{"frame":1,"frame_index":1,"ElapsedMs":92.726,"FrameMs":89.211,"ProcessMonitorMs":34.639,"PhysicsMonitorMs":5.164000000000001,"Gen0Delta":1,"Gen1Delta":1,"Gen2Delta":0,"AllocatedBytesDelta":1348808,"stamp_delta":0,"snow_update_ms":null,"snow_redraw_ms":null,"snow_mesh_ms":null,"phase":"road_outbound","location":"packed_band","Surface":"","TriggerDelta":0,"DrawnFrame":10,"DrawDelta":1},{"frame":2,"frame_index":2,"ElapsedMs":190.929,"FrameMs":98.203,"ProcessMonitorMs":34.639,"PhysicsMonitorMs":5.164000000000001,"Gen0Delta":0,"Gen1Delta":0,"Gen2Delta":0,"AllocatedBytesDelta":11327016,"stamp_delta":1,"snow_update_ms":16.7395,"snow_redraw_ms":5.0464,"snow_mesh_ms":11.6877,"phase":"road_outbound","location":"packed_band","Surface":"snow_packed","TriggerDelta":1,"DrawnFrame":11,"DrawDelta":1},{"frame":13,"frame_index":13,"ElapsedMs":799.529,"FrameMs":76.563,"ProcessMonitorMs":172.08399999999997,"PhysicsMonitorMs":23.666,"Gen0Delta":1,"Gen1Delta":1,"Gen2Delta":0,"AllocatedBytesDelta":10412104,"stamp_delta":1,"snow_update_ms":12.9442,"snow_redraw_ms":0.981,"snow_mesh_ms":11.9619,"phase":"road_outbound","location":"packed_band","Surface":"snow_packed","TriggerDelta":0,"DrawnFrame":22,"DrawDelta":1},{"frame":19,"frame_index":19,"ElapsedMs":1116.319,"FrameMs":72.29,"ProcessMonitorMs":172.08399999999997,"PhysicsMonitorMs":23.666,"Gen0Delta":1,"Gen1Delta":1,"Gen2Delta":1,"AllocatedBytesDelta":10485104,"stamp_delta":1,"snow_update_ms":13.3769,"snow_redraw_ms":0.8249,"snow_mesh_ms":12.5509,"phase":"road_outbound","location":"packed_band","Surface":"snow_packed","TriggerDelta":1,"DrawnFrame":28,"DrawDelta":1},{"frame":68,"frame_index":68,"ElapsedMs":3768.638,"FrameMs":185.061,"ProcessMonitorMs":47.647,"PhysicsMonitorMs":18.675,"Gen0Delta":2,"Gen1Delta":2,"Gen2Delta":0,"AllocatedBytesDelta":23352944,"stamp_delta":0,"snow_update_ms":null,"snow_redraw_ms":null,"snow_mesh_ms":null,"phase":"road_outbound","location":"packed_band","Surface":"snow_packed","TriggerDelta":0,"DrawnFrame":77,"DrawDelta":1},{"frame":69,"frame_index":69,"ElapsedMs":3853.128,"FrameMs":84.49,"ProcessMonitorMs":47.647,"PhysicsMonitorMs":18.675,"Gen0Delta":1,"Gen1Delta":1,"Gen2Delta":0,"AllocatedBytesDelta":1260720,"stamp_delta":0,"snow_update_ms":null,"snow_redraw_ms":null,"snow_mesh_ms":null,"phase":"road_outbound","location":"packed_band","Surface":"snow_packed","TriggerDelta":0,"DrawnFrame":78,"DrawDelta":1},{"frame":70,"frame_index":70,"ElapsedMs":3931.374,"FrameMs":78.246,"ProcessMonitorMs":47.647,"PhysicsMonitorMs":18.675,"Gen0Delta":0,"Gen1Delta":0,"Gen2Delta":0,"AllocatedBytesDelta":910200,"stamp_delta":0,"snow_update_ms":null,"snow_redraw_ms":null,"snow_mesh_ms":null,"phase":"road_outbound","location":"packed_band","Surface":"snow_packed","TriggerDelta":0,"DrawnFrame":79,"DrawDelta":1},{"frame":74,"frame_index":74,"ElapsedMs":4279.435,"FrameMs":189.238,"ProcessMonitorMs":47.647,"PhysicsMonitorMs":18.675,"Gen0Delta":3,"Gen1Delta":3,"Gen2Delta":0,"AllocatedBytesDelta":22712456,"stamp_delta":0,"snow_update_ms":null,"snow_redraw_ms":null,"snow_mesh_ms":null,"phase":"road_outbound","location":"packed_band","Surface":"snow_packed","TriggerDelta":0,"DrawnFrame":83,"DrawDelta":1},{"frame":86,"frame_index":86,"ElapsedMs":4909.658,"FrameMs":93.842,"ProcessMonitorMs":46.654,"PhysicsMonitorMs":145.922,"Gen0Delta":0,"Gen1Delta":0,"Gen2Delta":0,"AllocatedBytesDelta":615000,"stamp_delta":0,"snow_update_ms":null,"snow_redraw_ms":null,"snow_mesh_ms":null,"phase":"road_outbound","location":"packed_band","Surface":"snow_packed","TriggerDelta":0,"DrawnFrame":95,"DrawDelta":1},{"frame":89,"frame_index":89,"ElapsedMs":5089.729,"FrameMs":71.203,"ProcessMonitorMs":46.654,"PhysicsMonitorMs":145.922,"Gen0Delta":1,"Gen1Delta":1,"Gen2Delta":0,"AllocatedBytesDelta":623336,"stamp_delta":0,"snow_update_ms":null,"snow_redraw_ms":null,"snow_mesh_ms":null,"phase":"road_outbound","location":"packed_band","Surface":"snow_packed","TriggerDelta":1,"DrawnFrame":98,"DrawDelta":1},{"frame":96,"frame_index":96,"ElapsedMs":5463.884,"FrameMs":72.247,"ProcessMonitorMs":68.339,"PhysicsMonitorMs":20.060000000000002,"Gen0Delta":1,"Gen1Delta":1,"Gen2Delta":1,"AllocatedBytesDelta":6450560,"stamp_delta":1,"snow_update_ms":15.5316,"snow_redraw_ms":5.2993,"snow_mesh_ms":10.231,"phase":"road_outbound","location":"packed_band","Surface":"snow_packed","TriggerDelta":0,"DrawnFrame":105,"DrawDelta":1},{"frame":116,"frame_index":116,"ElapsedMs":6436.787,"FrameMs":78.5,"ProcessMonitorMs":35.458000000000006,"PhysicsMonitorMs":20.717,"Gen0Delta":1,"Gen1Delta":1,"Gen2Delta":1,"AllocatedBytesDelta":5626648,"stamp_delta":1,"snow_update_ms":7.8343,"snow_redraw_ms":0.9757,"snow_mesh_ms":6.8572,"phase":"road_outbound","location":"packed_band","Surface":"snow_packed","TriggerDelta":1,"DrawnFrame":125,"DrawDelta":1},{"frame":131,"frame_index":131,"ElapsedMs":7200.116,"FrameMs":87.92,"ProcessMonitorMs":35.458000000000006,"PhysicsMonitorMs":20.717,"Gen0Delta":0,"Gen1Delta":0,"Gen2Delta":0,"AllocatedBytesDelta":721528,"stamp_delta":0,"snow_update_ms":null,"snow_redraw_ms":null,"snow_mesh_ms":null,"phase":"road_outbound","location":"packed_band","Surface":"snow_packed","TriggerDelta":1,"DrawnFrame":140,"DrawDelta":1},{"frame":132,"frame_index":132,"ElapsedMs":7351.61,"FrameMs":151.494,"ProcessMonitorMs":35.458000000000006,"PhysicsMonitorMs":20.717,"Gen0Delta":0,"Gen1Delta":0,"Gen2Delta":0,"AllocatedBytesDelta":6298392,"stamp_delta":1,"snow_update_ms":7.8068,"snow_redraw_ms":1.0162,"snow_mesh_ms":6.7893,"phase":"road_outbound","location":"packed_band","Surface":"snow_packed","TriggerDelta":0,"DrawnFrame":141,"DrawDelta":1},{"frame":136,"frame_index":136,"ElapsedMs":7621.385,"FrameMs":73.895,"ProcessMonitorMs":108.269,"PhysicsMonitorMs":14.167000000000002,"Gen0Delta":1,"Gen1Delta":1,"Gen2Delta":0,"AllocatedBytesDelta":634816,"stamp_delta":0,"snow_update_ms":null,"snow_redraw_ms":null,"snow_mesh_ms":null,"phase":"road_outbound","location":"packed_band","Surface":"snow_packed","TriggerDelta":0,"DrawnFrame":145,"DrawDelta":1},{"frame":138,"frame_index":138,"ElapsedMs":7841.177,"FrameMs":160.311,"ProcessMonitorMs":108.269,"PhysicsMonitorMs":14.167000000000002,"Gen0Delta":0,"Gen1Delta":0,"Gen2Delta":0,"AllocatedBytesDelta":3517320,"stamp_delta":1,"snow_update_ms":0.8243,"snow_redraw_ms":0.8184,"snow_mesh_ms":0.0043,"phase":"road_outbound","location":"packed_band","Surface":"snow_packed","TriggerDelta":1,"DrawnFrame":147,"DrawDelta":1},{"frame":145,"frame_index":145,"ElapsedMs":8254.59,"FrameMs":70.898,"ProcessMonitorMs":108.269,"PhysicsMonitorMs":14.167000000000002,"Gen0Delta":1,"Gen1Delta":1,"Gen2Delta":0,"AllocatedBytesDelta":608848,"stamp_delta":0,"snow_update_ms":null,"snow_redraw_ms":null,"snow_mesh_ms":null,"phase":"offroad_outbound","location":"offroad","Surface":"snow_soft","TriggerDelta":0,"DrawnFrame":154,"DrawDelta":1},{"frame":160,"frame_index":160,"ElapsedMs":9117.699,"FrameMs":77.365,"ProcessMonitorMs":110.316,"PhysicsMonitorMs":20.638,"Gen0Delta":1,"Gen1Delta":1,"Gen2Delta":0,"AllocatedBytesDelta":5906952,"stamp_delta":1,"snow_update_ms":15.6274,"snow_redraw_ms":6.8819,"snow_mesh_ms":8.7443,"phase":"offroad_outbound","location":"offroad","Surface":"mud","TriggerDelta":0,"DrawnFrame":169,"DrawDelta":1}]}}
act1-footstep-lag-profile: data route-complete; no diagnosis asserted
userdata guard: original files restored by rename and verified (Windows ACLs not compared)
Windows check: PASS; receipt: D:\URMAN-STATION\data\runs\e7c0cdd0340c4fe195a2a7d0e2231fc6\artifacts/receipt.json
