
Сборка успешно завершена.
    Предупреждений: 0
    Ошибок: 0

Прошло времени 00:00:07.89
document-image: game\assets\images\arrival_marat_childhood_existing_v1.png sha256=c4647904f1aad0ea492858547e3f3493c9356c6ef87270d34d244f4fb882ac20
document-image: game\assets\images\council-sabantuy-2005.png sha256=5847783c6f7e9127bac529c803fc606b4ab53ed29fad64fa83ecd97db2390617
document-image: game\assets\images\first_snow_existing_v1.png sha256=8c31f2105170e876e36c02a790c2476cf3aa7d1769c20c98c5ab2ce5c72a0d7b
document-image: game\assets\images\kara_urman_edge_sketch_candidate_v1.png sha256=04b129ef18b34cc6ef49ee839bdc82e2a4c61f5e9567c1b742d69557079ee92a
document-image: game\assets\images\school-class-2005.png sha256=e1bb3bc6b854c5fdeddabdf7fa6777d7b5b6255221aa677eda24a2628bcfef3c
document-images: 5 declared raster files packaged

Сборка успешно завершена.
    Предупреждений: 0
    Ошибок: 0

Прошло времени 00:00:30.08
Godot Engine v4.7.1.stable.mono.official.a13da4feb - https://godotengine.org

[   0% ] [90m[1mfirst_scan_filesystem[22m | Started Инициализация проекта (5 steps)[39m[0m
[   0% ] [90m[1mfirst_scan_filesystem[22m | Сканирование структуры файлов…[39m[0m
[  16% ] [90m[1mfirst_scan_filesystem[22m | Загрузка глобальных имен классов…[39m[0m
[  33% ] [90m[1mfirst_scan_filesystem[22m | Проверка GDExtensions…[39m[0m
[  50% ] [90m[1mfirst_scan_filesystem[22m | Создание скриптов автозагрузки…[39m[0m
[  66% ] [90m[1mfirst_scan_filesystem[22m | Инициализация плагинов…[39m[0m
[  83% ] [90m[1mfirst_scan_filesystem[22m | Начало сканирование файлов…[39m[0m
[92m[ DONE ][39m [1mfirst_scan_filesystem[22m
[0m
[   0% ] [90m[1mupdate_scripts_classes[22m | Started Регистрация глобальных классов… (449 steps)[39m[0m
[   0% ] [90m[1mupdate_scripts_classes[22m | [39m[0m
[   0% ] [90m[1mupdate_scripts_classes[22m | [39m[0m
[   0% ] [90m[1mupdate_scripts_classes[22m | DebugUI[39m[0m
[   0% ] [90m[1mupdate_scripts_classes[22m | [39m[0m
[   0% ] [90m[1mupdate_scripts_classes[22m | [39m[0m
[   1% ] [90m[1mupdate_scripts_classes[22m | Vehicle[39m[0m
[   1% ] [90m[1mupdate_scripts_classes[22m | VehicleController[39m[0m
[   1% ] [90m[1mupdate_scripts_classes[22m | Wheel[39m[0m
[   1% ] [90m[1mupdate_scripts_classes[22m | [39m[0m
[   2% ] [90m[1mupdate_scripts_classes[22m | [39m[0m
[   2% ] [90m[1mupdate_scripts_classes[22m | [39m[0m
[   2% ] [90m[1mupdate_scripts_classes[22m | [39m[0m
[   2% ] [90m[1mupdate_scripts_classes[22m | [39m[0m
[   2% ] [90m[1mupdate_scripts_classes[22m | [39m[0m
[   3% ] [90m[1mupdate_scripts_classes[22m | [39m[0m
[   3% ] [90m[1mupdate_scripts_classes[22m | [39m[0m
[   3% ] [90m[1mupdate_scripts_classes[22m | [39m[0m
[   3% ] [90m[1mupdate_scripts_classes[22m | [39m[0m
[   4% ] [90m[1mupdate_scripts_classes[22m | [39m[0m
[   4% ] [90m[1mupdate_scripts_classes[22m | [39m[0m
[   4% ] [90m[1mupdate_scripts_classes[22m | [39m[0m
[   4% ] [90m[1mupdate_scripts_classes[22m | [39m[0m
[   4% ] [90m[1mupdate_scripts_classes[22m | [39m[0m
[   5% ] [90m[1mupdate_scripts_classes[22m | [39m[0m
[   5% ] [90m[1mupdate_scripts_classes[22m | [39m[0m
[   5% ] [90m[1mupdate_scripts_classes[22m | [39m[0m
[   5% ] [90m[1mupdate_scripts_classes[22m | [39m[0m
[   6% ] [90m[1mupdate_scripts_classes[22m | [39m[0m
[   6% ] [90m[1mupdate_scripts_classes[22m | [39m[0m
[   6% ] [90m[1mupdate_scripts_classes[22m | [39m[0m
[   6% ] [90m[1mupdate_scripts_classes[22m | [39m[0m
[   6% ] [90m[1mupdate_scripts_classes[22m | [39m[0m
[   7% ] [90m[1mupdate_scripts_classes[22m | [39m[0m
[   7% ] [90m[1mupdate_scripts_classes[22m | [39m[0m
[   7% ] [90m[1mupdate_scripts_classes[22m | [39m[0m
[   7% ] [90m[1mupdate_scripts_classes[22m | [39m[0m
[   8% ] [90m[1mupdate_scripts_classes[22m | [39m[0m
[   8% ] [90m[1mupdate_scripts_classes[22m | [39m[0m
[   8% ] [90m[1mupdate_scripts_classes[22m | [39m[0m
[   8% ] [90m[1mupdate_scripts_classes[22m | [39m[0m
[   8% ] [90m[1mupdate_scripts_classes[22m | [39m[0m
[   9% ] [90m[1mupdate_scripts_classes[22m | [39m[0m
[   9% ] [90m[1mupdate_scripts_classes[22m | [39m[0m
[   9% ] [90m[1mupdate_scripts_classes[22m | [39m[0m
[   9% ] [90m[1mupdate_scripts_classes[22m | [39m[0m
[  10% ] [90m[1mupdate_scripts_classes[22m | [39m[0m
[  10% ] [90m[1mupdate_scripts_classes[22m | [39m[0m
[  10% ] [90m[1mupdate_scripts_classes[22m | [39m[0m
[  10% ] [90m[1mupdate_scripts_classes[22m | [39m[0m
[  10% ] [90m[1mupdate_scripts_classes[22m | [39m[0m
[  11% ] [90m[1mupdate_scripts_classes[22m | [39m[0m
[  11% ] [90m[1mupdate_scripts_classes[22m | [39m[0m
[  11% ] [90m[1mupdate_scripts_classes[22m | [39m[0m
[  11% ] [90m[1mupdate_scripts_classes[22m | [39m[0m
[  12% ] [90m[1mupdate_scripts_classes[22m | [39m[0m
[  12% ] [90m[1mupdate_scripts_classes[22m | [39m[0m
[  12% ] [90m[1mupdate_scripts_classes[22m | [39m[0m
[  12% ] [90m[1mupdate_scripts_classes[22m | [39m[0m
[  12% ] [90m[1mupdate_scripts_classes[22m | [39m[0m
[  13% ] [90m[1mupdate_scripts_classes[22m | [39m[0m
[  13% ] [90m[1mupdate_scripts_classes[22m | [39m[0m
[  13% ] [90m[1mupdate_scripts_classes[22m | [39m[0m
[  13% ] [90m[1mupdate_scripts_classes[22m | [39m[0m
[  14% ] [90m[1mupdate_scripts_classes[22m | [39m[0m
[  14% ] [90m[1mupdate_scripts_classes[22m | [39m[0m
[  14% ] [90m[1mupdate_scripts_classes[22m | [39m[0m
[  14% ] [90m[1mupdate_scripts_classes[22m | [39m[0m
[  14% ] [90m[1mupdate_scripts_classes[22m | [39m[0m
[  15% ] [90m[1mupdate_scripts_classes[22m | [39m[0m
[  15% ] [90m[1mupdate_scripts_classes[22m | [39m[0m
[  15% ] [90m[1mupdate_scripts_classes[22m | [39m[0m
[  15% ] [90m[1mupdate_scripts_classes[22m | [39m[0m
[  16% ] [90m[1mupdate_scripts_classes[22m | [39m[0m
[  16% ] [90m[1mupdate_scripts_classes[22m | [39m[0m
[  16% ] [90m[1mupdate_scripts_classes[22m | [39m[0m
[  16% ] [90m[1mupdate_scripts_classes[22m | [39m[0m
[  16% ] [90m[1mupdate_scripts_classes[22m | [39m[0m
[  17% ] [90m[1mupdate_scripts_classes[22m | [39m[0m
[  17% ] [90m[1mupdate_scripts_classes[22m | [39m[0m
[  17% ] [90m[1mupdate_scripts_classes[22m | [39m[0m
[  17% ] [90m[1mupdate_scripts_classes[22m | [39m[0m
[  18% ] [90m[1mupdate_scripts_classes[22m | [39m[0m
[  18% ] [90m[1mupdate_scripts_classes[22m | [39m[0m
[  18% ] [90m[1mupdate_scripts_classes[22m | [39m[0m
[  18% ] [90m[1mupdate_scripts_classes[22m | [39m[0m
[  18% ] [90m[1mupdate_scripts_classes[22m | [39m[0m
[  19% ] [90m[1mupdate_scripts_classes[22m | [39m[0m
[  19% ] [90m[1mupdate_scripts_classes[22m | [39m[0m
[  19% ] [90m[1mupdate_scripts_classes[22m | [39m[0m
[  19% ] [90m[1mupdate_scripts_classes[22m | [39m[0m
[  20% ] [90m[1mupdate_scripts_classes[22m | [39m[0m
[  20% ] [90m[1mupdate_scripts_classes[22m | [39m[0m
[  20% ] [90m[1mupdate_scripts_classes[22m | [39m[0m
[  20% ] [90m[1mupdate_scripts_classes[22m | [39m[0m
[  20% ] [90m[1mupdate_scripts_classes[22m | [39m[0m
[  21% ] [90m[1mupdate_scripts_classes[22m | [39m[0m
[  21% ] [90m[1mupdate_scripts_classes[22m | [39m[0m
[  21% ] [90m[1mupdate_scripts_classes[22m | [39m[0m
[  21% ] [90m[1mupdate_scripts_classes[22m | [39m[0m
[  22% ] [90m[1mupdate_scripts_classes[22m | [39m[0m
[  22% ] [90m[1mupdate_scripts_classes[22m | [39m[0m
[  22% ] [90m[1mupdate_scripts_classes[22m | [39m[0m
[  22% ] [90m[1mupdate_scripts_classes[22m | [39m[0m
[  22% ] [90m[1mupdate_scripts_classes[22m | [39m[0m
[  23% ] [90m[1mupdate_scripts_classes[22m | [39m[0m
[  23% ] [90m[1mupdate_scripts_classes[22m | [39m[0m
[  23% ] [90m[1mupdate_scripts_classes[22m | [39m[0m
[  23% ] [90m[1mupdate_scripts_classes[22m | [39m[0m
[  24% ] [90m[1mupdate_scripts_classes[22m | [39m[0m
[  24% ] [90m[1mupdate_scripts_classes[22m | [39m[0m
[  24% ] [90m[1mupdate_scripts_classes[22m | [39m[0m
[  24% ] [90m[1mupdate_scripts_classes[22m | [39m[0m
[  24% ] [90m[1mupdate_scripts_classes[22m | [39m[0m
[  25% ] [90m[1mupdate_scripts_classes[22m | [39m[0m
[  25% ] [90m[1mupdate_scripts_classes[22m | [39m[0m
[  25% ] [90m[1mupdate_scripts_classes[22m | [39m[0m
[  25% ] [90m[1mupdate_scripts_classes[22m | [39m[0m
[  26% ] [90m[1mupdate_scripts_classes[22m | [39m[0m
[  26% ] [90m[1mupdate_scripts_classes[22m | [39m[0m
[  26% ] [90m[1mupdate_scripts_classes[22m | [39m[0m
[  26% ] [90m[1mupdate_scripts_classes[22m | [39m[0m
[  26% ] [90m[1mupdate_scripts_classes[22m | [39m[0m
[  27% ] [90m[1mupdate_scripts_classes[22m | [39m[0m
[  27% ] [90m[1mupdate_scripts_classes[22m | [39m[0m
[  27% ] [90m[1mupdate_scripts_classes[22m | [39m[0m
[  27% ] [90m[1mupdate_scripts_classes[22m | [39m[0m
[  28% ] [90m[1mupdate_scripts_classes[22m | [39m[0m
[  28% ] [90m[1mupdate_scripts_classes[22m | [39m[0m
[  28% ] [90m[1mupdate_scripts_classes[22m | [39m[0m
[  28% ] [90m[1mupdate_scripts_classes[22m | [39m[0m
[  28% ] [90m[1mupdate_scripts_classes[22m | [39m[0m
[  29% ] [90m[1mupdate_scripts_classes[22m | [39m[0m
[  29% ] [90m[1mupdate_scripts_classes[22m | [39m[0m
[  29% ] [90m[1mupdate_scripts_classes[22m | [39m[0m
[  29% ] [90m[1mupdate_scripts_classes[22m | [39m[0m
[  30% ] [90m[1mupdate_scripts_classes[22m | [39m[0m
[  30% ] [90m[1mupdate_scripts_classes[22m | [39m[0m
[  30% ] [90m[1mupdate_scripts_classes[22m | [39m[0m
[  30% ] [90m[1mupdate_scripts_classes[22m | [39m[0m
[  30% ] [90m[1mupdate_scripts_classes[22m | [39m[0m
[  31% ] [90m[1mupdate_scripts_classes[22m | [39m[0m
[  31% ] [90m[1mupdate_scripts_classes[22m | [39m[0m
[  31% ] [90m[1mupdate_scripts_classes[22m | [39m[0m
[  31% ] [90m[1mupdate_scripts_classes[22m | [39m[0m
[  32% ] [90m[1mupdate_scripts_classes[22m | [39m[0m
[  32% ] [90m[1mupdate_scripts_classes[22m | [39m[0m
[  32% ] [90m[1mupdate_scripts_classes[22m | [39m[0m
[  32% ] [90m[1mupdate_scripts_classes[22m | [39m[0m
[  32% ] [90m[1mupdate_scripts_classes[22m | [39m[0m
[  33% ] [90m[1mupdate_scripts_classes[22m | [39m[0m
[  33% ] [90m[1mupdate_scripts_classes[22m | [39m[0m
[  33% ] [90m[1mupdate_scripts_classes[22m | [39m[0m
[  33% ] [90m[1mupdate_scripts_classes[22m | [39m[0m
[  34% ] [90m[1mupdate_scripts_classes[22m | [39m[0m
[  34% ] [90m[1mupdate_scripts_classes[22m | [39m[0m
[  34% ] [90m[1mupdate_scripts_classes[22m | [39m[0m
[  34% ] [90m[1mupdate_scripts_classes[22m | [39m[0m
[  34% ] [90m[1mupdate_scripts_classes[22m | [39m[0m
[  35% ] [90m[1mupdate_scripts_classes[22m | [39m[0m
[  35% ] [90m[1mupdate_scripts_classes[22m | [39m[0m
[  35% ] [90m[1mupdate_scripts_classes[22m | [39m[0m
[  35% ] [90m[1mupdate_scripts_classes[22m | [39m[0m
[  36% ] [90m[1mupdate_scripts_classes[22m | [39m[0m
[  36% ] [90m[1mupdate_scripts_classes[22m | [39m[0m
[  36% ] [90m[1mupdate_scripts_classes[22m | [39m[0m
[  36% ] [90m[1mupdate_scripts_classes[22m | [39m[0m
[  36% ] [90m[1mupdate_scripts_classes[22m | [39m[0m
[  37% ] [90m[1mupdate_scripts_classes[22m | [39m[0m
[  37% ] [90m[1mupdate_scripts_classes[22m | [39m[0m
[  37% ] [90m[1mupdate_scripts_classes[22m | [39m[0m
[  37% ] [90m[1mupdate_scripts_classes[22m | [39m[0m
[  38% ] [90m[1mupdate_scripts_classes[22m | [39m[0m
[  38% ] [90m[1mupdate_scripts_classes[22m | [39m[0m
[  38% ] [90m[1mupdate_scripts_classes[22m | [39m[0m
[  38% ] [90m[1mupdate_scripts_classes[22m | [39m[0m
[  38% ] [90m[1mupdate_scripts_classes[22m | [39m[0m
[  39% ] [90m[1mupdate_scripts_classes[22m | [39m[0m
[  39% ] [90m[1mupdate_scripts_classes[22m | [39m[0m
[  39% ] [90m[1mupdate_scripts_classes[22m | [39m[0m
[  39% ] [90m[1mupdate_scripts_classes[22m | [39m[0m
[  40% ] [90m[1mupdate_scripts_classes[22m | [39m[0m
[  40% ] [90m[1mupdate_scripts_classes[22m | [39m[0m
[  40% ] [90m[1mupdate_scripts_classes[22m | [39m[0m
[  40% ] [90m[1mupdate_scripts_classes[22m | [39m[0m
[  40% ] [90m[1mupdate_scripts_classes[22m | [39m[0m
[  41% ] [90m[1mupdate_scripts_classes[22m | [39m[0m
[  41% ] [90m[1mupdate_scripts_classes[22m | [39m[0m
[  41% ] [90m[1mupdate_scripts_classes[22m | [39m[0m
[  41% ] [90m[1mupdate_scripts_classes[22m | [39m[0m
[  42% ] [90m[1mupdate_scripts_classes[22m | [39m[0m
[  42% ] [90m[1mupdate_scripts_classes[22m | [39m[0m
[  42% ] [90m[1mupdate_scripts_classes[22m | [39m[0m
[  42% ] [90m[1mupdate_scripts_classes[22m | [39m[0m
[  42% ] [90m[1mupdate_scripts_classes[22m | [39m[0m
[  43% ] [90m[1mupdate_scripts_classes[22m | [39m[0m
[  43% ] [90m[1mupdate_scripts_classes[22m | [39m[0m
[  43% ] [90m[1mupdate_scripts_classes[22m | [39m[0m
[  43% ] [90m[1mupdate_scripts_classes[22m | [39m[0m
[  44% ] [90m[1mupdate_scripts_classes[22m | [39m[0m
[  44% ] [90m[1mupdate_scripts_classes[22m | [39m[0m
[  44% ] [90m[1mupdate_scripts_classes[22m | [39m[0m
[  44% ] [90m[1mupdate_scripts_classes[22m | [39m[0m
[  44% ] [90m[1mupdate_scripts_classes[22m | [39m[0m
[  45% ] [90m[1mupdate_scripts_classes[22m | [39m[0m
[  45% ] [90m[1mupdate_scripts_classes[22m | [39m[0m
[  45% ] [90m[1mupdate_scripts_classes[22m | [39m[0m
[  45% ] [90m[1mupdate_scripts_classes[22m | [39m[0m
[  46% ] [90m[1mupdate_scripts_classes[22m | [39m[0m
[  46% ] [90m[1mupdate_scripts_classes[22m | [39m[0m
[  46% ] [90m[1mupdate_scripts_classes[22m | [39m[0m
[  46% ] [90m[1mupdate_scripts_classes[22m | [39m[0m
[  46% ] [90m[1mupdate_scripts_classes[22m | [39m[0m
[  47% ] [90m[1mupdate_scripts_classes[22m | [39m[0m
[  47% ] [90m[1mupdate_scripts_classes[22m | [39m[0m
[  47% ] [90m[1mupdate_scripts_classes[22m | [39m[0m
[  47% ] [90m[1mupdate_scripts_classes[22m | [39m[0m
[  48% ] [90m[1mupdate_scripts_classes[22m | [39m[0m
[  48% ] [90m[1mupdate_scripts_classes[22m | [39m[0m
[  48% ] [90m[1mupdate_scripts_classes[22m | [39m[0m
[  48% ] [90m[1mupdate_scripts_classes[22m | [39m[0m
[  48% ] [90m[1mupdate_scripts_classes[22m | [39m[0m
[  49% ] [90m[1mupdate_scripts_classes[22m | [39m[0m
[  49% ] [90m[1mupdate_scripts_classes[22m | [39m[0m
[  49% ] [90m[1mupdate_scripts_classes[22m | [39m[0m
[  49% ] [90m[1mupdate_scripts_classes[22m | [39m[0m
[  50% ] [90m[1mupdate_scripts_classes[22m | [39m[0m
[  50% ] [90m[1mupdate_scripts_classes[22m | [39m[0m
[  50% ] [90m[1mupdate_scripts_classes[22m | [39m[0m
[  50% ] [90m[1mupdate_scripts_classes[22m | [39m[0m
[  50% ] [90m[1mupdate_scripts_classes[22m | [39m[0m
[  51% ] [90m[1mupdate_scripts_classes[22m | [39m[0m
[  51% ] [90m[1mupdate_scripts_classes[22m | [39m[0m
[  51% ] [90m[1mupdate_scripts_classes[22m | [39m[0m
[  51% ] [90m[1mupdate_scripts_classes[22m | [39m[0m
[  52% ] [90m[1mupdate_scripts_classes[22m | [39m[0m
[  52% ] [90m[1mupdate_scripts_classes[22m | [39m[0m
[  52% ] [90m[1mupdate_scripts_classes[22m | [39m[0m
[  52% ] [90m[1mupdate_scripts_classes[22m | [39m[0m
[  52% ] [90m[1mupdate_scripts_classes[22m | [39m[0m
[  53% ] [90m[1mupdate_scripts_classes[22m | [39m[0m
[  53% ] [90m[1mupdate_scripts_classes[22m | [39m[0m
[  53% ] [90m[1mupdate_scripts_classes[22m | [39m[0m
[  53% ] [90m[1mupdate_scripts_classes[22m | [39m[0m
[  54% ] [90m[1mupdate_scripts_classes[22m | [39m[0m
[  54% ] [90m[1mupdate_scripts_classes[22m | [39m[0m
[  54% ] [90m[1mupdate_scripts_classes[22m | [39m[0m
[  54% ] [90m[1mupdate_scripts_classes[22m | [39m[0m
[  54% ] [90m[1mupdate_scripts_classes[22m | [39m[0m
[  55% ] [90m[1mupdate_scripts_classes[22m | [39m[0m
[  55% ] [90m[1mupdate_scripts_classes[22m | [39m[0m
[  55% ] [90m[1mupdate_scripts_classes[22m | [39m[0m
[  55% ] [90m[1mupdate_scripts_classes[22m | [39m[0m
[  56% ] [90m[1mupdate_scripts_classes[22m | [39m[0m
[  56% ] [90m[1mupdate_scripts_classes[22m | [39m[0m
[  56% ] [90m[1mupdate_scripts_classes[22m | [39m[0m
[  56% ] [90m[1mupdate_scripts_classes[22m | [39m[0m
[  56% ] [90m[1mupdate_scripts_classes[22m | [39m[0m
[  57% ] [90m[1mupdate_scripts_classes[22m | [39m[0m
[  57% ] [90m[1mupdate_scripts_classes[22m | [39m[0m
[  57% ] [90m[1mupdate_scripts_classes[22m | [39m[0m
[  57% ] [90m[1mupdate_scripts_classes[22m | [39m[0m
[  58% ] [90m[1mupdate_scripts_classes[22m | [39m[0m
[  58% ] [90m[1mupdate_scripts_classes[22m | [39m[0m
[  58% ] [90m[1mupdate_scripts_classes[22m | [39m[0m
[  58% ] [90m[1mupdate_scripts_classes[22m | [39m[0m
[  58% ] [90m[1mupdate_scripts_classes[22m | [39m[0m
[  59% ] [90m[1mupdate_scripts_classes[22m | [39m[0m
[  59% ] [90m[1mupdate_scripts_classes[22m | [39m[0m
[  59% ] [90m[1mupdate_scripts_classes[22m | [39m[0m
[  59% ] [90m[1mupdate_scripts_classes[22m | [39m[0m
[  60% ] [90m[1mupdate_scripts_classes[22m | [39m[0m
[  60% ] [90m[1mupdate_scripts_classes[22m | [39m[0m
[  60% ] [90m[1mupdate_scripts_classes[22m | [39m[0m
[  60% ] [90m[1mupdate_scripts_classes[22m | [39m[0m
[  60% ] [90m[1mupdate_scripts_classes[22m | [39m[0m
[  61% ] [90m[1mupdate_scripts_classes[22m | [39m[0m
[  61% ] [90m[1mupdate_scripts_classes[22m | [39m[0m
[  61% ] [90m[1mupdate_scripts_classes[22m | [39m[0m
[  61% ] [90m[1mupdate_scripts_classes[22m | [39m[0m
[  62% ] [90m[1mupdate_scripts_classes[22m | [39m[0m
[  62% ] [90m[1mupdate_scripts_classes[22m | [39m[0m
[  62% ] [90m[1mupdate_scripts_classes[22m | [39m[0m
[  62% ] [90m[1mupdate_scripts_classes[22m | [39m[0m
[  62% ] [90m[1mupdate_scripts_classes[22m | [39m[0m
[  63% ] [90m[1mupdate_scripts_classes[22m | [39m[0m
[  63% ] [90m[1mupdate_scripts_classes[22m | [39m[0m
[  63% ] [90m[1mupdate_scripts_classes[22m | [39m[0m
[  63% ] [90m[1mupdate_scripts_classes[22m | [39m[0m
[  64% ] [90m[1mupdate_scripts_classes[22m | [39m[0m
[  64% ] [90m[1mupdate_scripts_classes[22m | [39m[0m
[  64% ] [90m[1mupdate_scripts_classes[22m | [39m[0m
[  64% ] [90m[1mupdate_scripts_classes[22m | [39m[0m
[  64% ] [90m[1mupdate_scripts_classes[22m | [39m[0m
[  65% ] [90m[1mupdate_scripts_classes[22m | [39m[0m
[  65% ] [90m[1mupdate_scripts_classes[22m | [39m[0m
[  65% ] [90m[1mupdate_scripts_classes[22m | [39m[0m
[  65% ] [90m[1mupdate_scripts_classes[22m | [39m[0m
[  66% ] [90m[1mupdate_scripts_classes[22m | [39m[0m
[  66% ] [90m[1mupdate_scripts_classes[22m | [39m[0m
[  66% ] [90m[1mupdate_scripts_classes[22m | [39m[0m
[  66% ] [90m[1mupdate_scripts_classes[22m | [39m[0m
[  66% ] [90m[1mupdate_scripts_classes[22m | [39m[0m
[  67% ] [90m[1mupdate_scripts_classes[22m | [39m[0m
[  67% ] [90m[1mupdate_scripts_classes[22m | [39m[0m
[  67% ] [90m[1mupdate_scripts_classes[22m | [39m[0m
[  67% ] [90m[1mupdate_scripts_classes[22m | [39m[0m
[  68% ] [90m[1mupdate_scripts_classes[22m | [39m[0m
[  68% ] [90m[1mupdate_scripts_classes[22m | [39m[0m
[  68% ] [90m[1mupdate_scripts_classes[22m | [39m[0m
[  68% ] [90m[1mupdate_scripts_classes[22m | [39m[0m
[  68% ] [90m[1mupdate_scripts_classes[22m | [39m[0m
[  69% ] [90m[1mupdate_scripts_classes[22m | [39m[0m
[  69% ] [90m[1mupdate_scripts_classes[22m | [39m[0m
[  69% ] [90m[1mupdate_scripts_classes[22m | [39m[0m
[  69% ] [90m[1mupdate_scripts_classes[22m | [39m[0m
[  70% ] [90m[1mupdate_scripts_classes[22m | [39m[0m
[  70% ] [90m[1mupdate_scripts_classes[22m | [39m[0m
[  70% ] [90m[1mupdate_scripts_classes[22m | [39m[0m
[  70% ] [90m[1mupdate_scripts_classes[22m | [39m[0m
[  70% ] [90m[1mupdate_scripts_classes[22m | [39m[0m
[  71% ] [90m[1mupdate_scripts_classes[22m | [39m[0m
[  71% ] [90m[1mupdate_scripts_classes[22m | [39m[0m
[  71% ] [90m[1mupdate_scripts_classes[22m | [39m[0m
[  71% ] [90m[1mupdate_scripts_classes[22m | [39m[0m
[  72% ] [90m[1mupdate_scripts_classes[22m | [39m[0m
[  72% ] [90m[1mupdate_scripts_classes[22m | [39m[0m
[  72% ] [90m[1mupdate_scripts_classes[22m | [39m[0m
[  72% ] [90m[1mupdate_scripts_classes[22m | [39m[0m
[  72% ] [90m[1mupdate_scripts_classes[22m | [39m[0m
[  73% ] [90m[1mupdate_scripts_classes[22m | [39m[0m
[  73% ] [90m[1mupdate_scripts_classes[22m | [39m[0m
[  73% ] [90m[1mupdate_scripts_classes[22m | [39m[0m
[  73% ] [90m[1mupdate_scripts_classes[22m | [39m[0m
[  74% ] [90m[1mupdate_scripts_classes[22m | [39m[0m
[  74% ] [90m[1mupdate_scripts_classes[22m | [39m[0m
[  74% ] [90m[1mupdate_scripts_classes[22m | [39m[0m
[  74% ] [90m[1mupdate_scripts_classes[22m | [39m[0m
[  74% ] [90m[1mupdate_scripts_classes[22m | [39m[0m
[  75% ] [90m[1mupdate_scripts_classes[22m | [39m[0m
[  75% ] [90m[1mupdate_scripts_classes[22m | [39m[0m
[  75% ] [90m[1mupdate_scripts_classes[22m | [39m[0m
[  75% ] [90m[1mupdate_scripts_classes[22m | [39m[0m
[  76% ] [90m[1mupdate_scripts_classes[22m | [39m[0m
[  76% ] [90m[1mupdate_scripts_classes[22m | [39m[0m
[  76% ] [90m[1mupdate_scripts_classes[22m | [39m[0m
[  76% ] [90m[1mupdate_scripts_classes[22m | [39m[0m
[  76% ] [90m[1mupdate_scripts_classes[22m | [39m[0m
[  77% ] [90m[1mupdate_scripts_classes[22m | [39m[0m
[  77% ] [90m[1mupdate_scripts_classes[22m | [39m[0m
[  77% ] [90m[1mupdate_scripts_classes[22m | [39m[0m
[  77% ] [90m[1mupdate_scripts_classes[22m | [39m[0m
[  78% ] [90m[1mupdate_scripts_classes[22m | [39m[0m
[  78% ] [90m[1mupdate_scripts_classes[22m | [39m[0m
[  78% ] [90m[1mupdate_scripts_classes[22m | [39m[0m
[  78% ] [90m[1mupdate_scripts_classes[22m | [39m[0m
[  78% ] [90m[1mupdate_scripts_classes[22m | [39m[0m
[  79% ] [90m[1mupdate_scripts_classes[22m | [39m[0m
[  79% ] [90m[1mupdate_scripts_classes[22m | [39m[0m
[  79% ] [90m[1mupdate_scripts_classes[22m | [39m[0m
[  79% ] [90m[1mupdate_scripts_classes[22m | [39m[0m
[  80% ] [90m[1mupdate_scripts_classes[22m | [39m[0m
[  80% ] [90m[1mupdate_scripts_classes[22m | [39m[0m
[  80% ] [90m[1mupdate_scripts_classes[22m | [39m[0m
[  80% ] [90m[1mupdate_scripts_classes[22m | [39m[0m
[  80% ] [90m[1mupdate_scripts_classes[22m | [39m[0m
[  81% ] [90m[1mupdate_scripts_classes[22m | [39m[0m
[  81% ] [90m[1mupdate_scripts_classes[22m | [39m[0m
[  81% ] [90m[1mupdate_scripts_classes[22m | [39m[0m
[  81% ] [90m[1mupdate_scripts_classes[22m | [39m[0m
[  82% ] [90m[1mupdate_scripts_classes[22m | [39m[0m
[  82% ] [90m[1mupdate_scripts_classes[22m | [39m[0m
[  82% ] [90m[1mupdate_scripts_classes[22m | [39m[0m
[  82% ] [90m[1mupdate_scripts_classes[22m | [39m[0m
[  82% ] [90m[1mupdate_scripts_classes[22m | [39m[0m
[  83% ] [90m[1mupdate_scripts_classes[22m | [39m[0m
[  83% ] [90m[1mupdate_scripts_classes[22m | [39m[0m
[  83% ] [90m[1mupdate_scripts_classes[22m | [39m[0m
[  83% ] [90m[1mupdate_scripts_classes[22m | [39m[0m
[  84% ] [90m[1mupdate_scripts_classes[22m | [39m[0m
[  84% ] [90m[1mupdate_scripts_classes[22m | [39m[0m
[  84% ] [90m[1mupdate_scripts_classes[22m | [39m[0m
[  84% ] [90m[1mupdate_scripts_classes[22m | [39m[0m
[  84% ] [90m[1mupdate_scripts_classes[22m | [39m[0m
[  85% ] [90m[1mupdate_scripts_classes[22m | [39m[0m
[  85% ] [90m[1mupdate_scripts_classes[22m | [39m[0m
[  85% ] [90m[1mupdate_scripts_classes[22m | [39m[0m
[  85% ] [90m[1mupdate_scripts_classes[22m | [39m[0m
[  86% ] [90m[1mupdate_scripts_classes[22m | [39m[0m
[  86% ] [90m[1mupdate_scripts_classes[22m | [39m[0m
[  86% ] [90m[1mupdate_scripts_classes[22m | [39m[0m
[  86% ] [90m[1mupdate_scripts_classes[22m | [39m[0m
[  86% ] [90m[1mupdate_scripts_classes[22m | [39m[0m
[  87% ] [90m[1mupdate_scripts_classes[22m | [39m[0m
[  87% ] [90m[1mupdate_scripts_classes[22m | [39m[0m
[  87% ] [90m[1mupdate_scripts_classes[22m | [39m[0m
[  87% ] [90m[1mupdate_scripts_classes[22m | [39m[0m
[  88% ] [90m[1mupdate_scripts_classes[22m | [39m[0m
[  88% ] [90m[1mupdate_scripts_classes[22m | [39m[0m
[  88% ] [90m[1mupdate_scripts_classes[22m | [39m[0m
[  88% ] [90m[1mupdate_scripts_classes[22m | [39m[0m
[  88% ] [90m[1mupdate_scripts_classes[22m | [39m[0m
[  89% ] [90m[1mupdate_scripts_classes[22m | [39m[0m
[  89% ] [90m[1mupdate_scripts_classes[22m | [39m[0m
[  89% ] [90m[1mupdate_scripts_classes[22m | [39m[0m
[  89% ] [90m[1mupdate_scripts_classes[22m | [39m[0m
[  90% ] [90m[1mupdate_scripts_classes[22m | [39m[0m
[  90% ] [90m[1mupdate_scripts_classes[22m | [39m[0m
[  90% ] [90m[1mupdate_scripts_classes[22m | [39m[0m
[  90% ] [90m[1mupdate_scripts_classes[22m | [39m[0m
[  90% ] [90m[1mupdate_scripts_classes[22m | [39m[0m
[  91% ] [90m[1mupdate_scripts_classes[22m | [39m[0m
[  91% ] [90m[1mupdate_scripts_classes[22m | [39m[0m
[  91% ] [90m[1mupdate_scripts_classes[22m | [39m[0m
[  91% ] [90m[1mupdate_scripts_classes[22m | [39m[0m
[  92% ] [90m[1mupdate_scripts_classes[22m | [39m[0m
[  92% ] [90m[1mupdate_scripts_classes[22m | [39m[0m
[  92% ] [90m[1mupdate_scripts_classes[22m | [39m[0m
[  92% ] [90m[1mupdate_scripts_classes[22m | [39m[0m
[  92% ] [90m[1mupdate_scripts_classes[22m | [39m[0m
[  93% ] [90m[1mupdate_scripts_classes[22m | [39m[0m
[  93% ] [90m[1mupdate_scripts_classes[22m | [39m[0m
[  93% ] [90m[1mupdate_scripts_classes[22m | [39m[0m
[  93% ] [90m[1mupdate_scripts_classes[22m | [39m[0m
[  94% ] [90m[1mupdate_scripts_classes[22m | [39m[0m
[  94% ] [90m[1mupdate_scripts_classes[22m | [39m[0m
[  94% ] [90m[1mupdate_scripts_classes[22m | [39m[0m
[  94% ] [90m[1mupdate_scripts_classes[22m | [39m[0m
[  94% ] [90m[1mupdate_scripts_classes[22m | [39m[0m
[  95% ] [90m[1mupdate_scripts_classes[22m | [39m[0m
[  95% ] [90m[1mupdate_scripts_classes[22m | [39m[0m
[  95% ] [90m[1mupdate_scripts_classes[22m | [39m[0m
[  95% ] [90m[1mupdate_scripts_classes[22m | [39m[0m
[  96% ] [90m[1mupdate_scripts_classes[22m | [39m[0m
[  96% ] [90m[1mupdate_scripts_classes[22m | [39m[0m
[  96% ] [90m[1mupdate_scripts_classes[22m | [39m[0m
[  96% ] [90m[1mupdate_scripts_classes[22m | [39m[0m
[  96% ] [90m[1mupdate_scripts_classes[22m | [39m[0m
[  97% ] [90m[1mupdate_scripts_classes[22m | [39m[0m
[  97% ] [90m[1mupdate_scripts_classes[22m | [39m[0m
[  97% ] [90m[1mupdate_scripts_classes[22m | [39m[0m
[  97% ] [90m[1mupdate_scripts_classes[22m | [39m[0m
[  98% ] [90m[1mupdate_scripts_classes[22m | [39m[0m
[  98% ] [90m[1mupdate_scripts_classes[22m | [39m[0m
[  98% ] [90m[1mupdate_scripts_classes[22m | [39m[0m
[  98% ] [90m[1mupdate_scripts_classes[22m | [39m[0m
[  98% ] [90m[1mupdate_scripts_classes[22m | [39m[0m
[  99% ] [90m[1mupdate_scripts_classes[22m | [39m[0m
[  99% ] [90m[1mupdate_scripts_classes[22m | [39m[0m
[  99% ] [90m[1mupdate_scripts_classes[22m | [39m[0m
[92m[ DONE ][39m [1mupdate_scripts_classes[22m
[0m
[   0% ] [90m[1m_update_scan_actions[22m | Started Сканирование действий… (368 steps)[39m[0m
[   0% ] [90m[1m_update_scan_actions[22m | 4000.wav[39m[0m
[   0% ] [90m[1m_update_scan_actions[22m | icon.png[39m[0m
[   0% ] [90m[1m_update_scan_actions[22m | ual1_standard.glb[39m[0m
[   0% ] [90m[1m_update_scan_actions[22m | banya_room_loop.wav[39m[0m
[   1% ] [90m[1m_update_scan_actions[22m | drip_loop.wav[39m[0m
[   1% ] [90m[1m_update_scan_actions[22m | steam_burst.wav[39m[0m
[   1% ] [90m[1m_update_scan_actions[22m | water_scoop.wav[39m[0m
[   1% ] [90m[1m_update_scan_actions[22m | spirit_breath_loop.wav[39m[0m
[   2% ] [90m[1m_update_scan_actions[22m | spirit_creak.wav[39m[0m
[   2% ] [90m[1m_update_scan_actions[22m | spirit_exhale.wav[39m[0m
[   2% ] [90m[1m_update_scan_actions[22m | spirit_wet_step.wav[39m[0m
[   2% ] [90m[1m_update_scan_actions[22m | bridge_groan_loop.wav[39m[0m
[   3% ] [90m[1m_update_scan_actions[22m | bridge_rope_rattle.wav[39m[0m
[   3% ] [90m[1m_update_scan_actions[22m | body_fall.wav[39m[0m
[   3% ] [90m[1m_update_scan_actions[22m | branch_crack.wav[39m[0m
[   4% ] [90m[1m_update_scan_actions[22m | brush_rustle.wav[39m[0m
[   4% ] [90m[1m_update_scan_actions[22m | dread_drone.wav[39m[0m
[   4% ] [90m[1m_update_scan_actions[22m | fox_scream.wav[39m[0m
[   4% ] [90m[1m_update_scan_actions[22m | gasp.wav[39m[0m
[   5% ] [90m[1m_update_scan_actions[22m | heartbeat.wav[39m[0m
[   5% ] [90m[1m_update_scan_actions[22m | knockout_ring.wav[39m[0m
[   5% ] [90m[1m_update_scan_actions[22m | low_moan.wav[39m[0m
[   5% ] [90m[1m_update_scan_actions[22m | owl_eagle.wav[39m[0m
[   6% ] [90m[1m_update_scan_actions[22m | owl_tawny.wav[39m[0m
[   6% ] [90m[1m_update_scan_actions[22m | radio_evp.wav[39m[0m
[   6% ] [90m[1m_update_scan_actions[22m | runner_past.wav[39m[0m
[   7% ] [90m[1m_update_scan_actions[22m | rush_close.wav[39m[0m
[   7% ] [90m[1m_update_scan_actions[22m | scare_sting.wav[39m[0m
[   7% ] [90m[1m_update_scan_actions[22m | strange_clicks.wav[39m[0m
[   7% ] [90m[1m_update_scan_actions[22m | wind_gust.wav[39m[0m
[   8% ] [90m[1m_update_scan_actions[22m | wolf_far.wav[39m[0m
[   8% ] [90m[1m_update_scan_actions[22m | creak_00.wav[39m[0m
[   8% ] [90m[1m_update_scan_actions[22m | creak_01.wav[39m[0m
[   8% ] [90m[1m_update_scan_actions[22m | creak_02.wav[39m[0m
[   9% ] [90m[1m_update_scan_actions[22m | door_creak.wav[39m[0m
[   9% ] [90m[1m_update_scan_actions[22m | hollow_board.wav[39m[0m
[   9% ] [90m[1m_update_scan_actions[22m | keyboard_key.wav[39m[0m
[  10% ] [90m[1m_update_scan_actions[22m | metal_rattle.wav[39m[0m
[  10% ] [90m[1m_update_scan_actions[22m | paper_open.wav[39m[0m
[  10% ] [90m[1m_update_scan_actions[22m | ui_click.wav[39m[0m
[  10% ] [90m[1m_update_scan_actions[22m | wood_tap.wav[39m[0m
[  11% ] [90m[1m_update_scan_actions[22m | step_grass_00.wav[39m[0m
[  11% ] [90m[1m_update_scan_actions[22m | step_grass_01.wav[39m[0m
[  11% ] [90m[1m_update_scan_actions[22m | step_grass_02.wav[39m[0m
[  11% ] [90m[1m_update_scan_actions[22m | step_interior_floor_00.wav[39m[0m
[  12% ] [90m[1m_update_scan_actions[22m | step_interior_floor_01.wav[39m[0m
[  12% ] [90m[1m_update_scan_actions[22m | step_interior_floor_02.wav[39m[0m
[  12% ] [90m[1m_update_scan_actions[22m | step_mud_00.wav[39m[0m
[  13% ] [90m[1m_update_scan_actions[22m | step_mud_01.wav[39m[0m
[  13% ] [90m[1m_update_scan_actions[22m | step_mud_02.wav[39m[0m
[  13% ] [90m[1m_update_scan_actions[22m | step_snow_packed_00.wav[39m[0m
[  13% ] [90m[1m_update_scan_actions[22m | step_snow_packed_01.wav[39m[0m
[  14% ] [90m[1m_update_scan_actions[22m | step_snow_packed_02.wav[39m[0m
[  14% ] [90m[1m_update_scan_actions[22m | step_snow_soft_00.wav[39m[0m
[  14% ] [90m[1m_update_scan_actions[22m | step_snow_soft_01.wav[39m[0m
[  14% ] [90m[1m_update_scan_actions[22m | step_snow_soft_02.wav[39m[0m
[  15% ] [90m[1m_update_scan_actions[22m | step_wet_road_00.wav[39m[0m
[  15% ] [90m[1m_update_scan_actions[22m | step_wet_road_01.wav[39m[0m
[  15% ] [90m[1m_update_scan_actions[22m | step_wet_road_02.wav[39m[0m
[  15% ] [90m[1m_update_scan_actions[22m | step_wood_00.wav[39m[0m
[  16% ] [90m[1m_update_scan_actions[22m | step_wood_01.wav[39m[0m
[  16% ] [90m[1m_update_scan_actions[22m | step_wood_02.wav[39m[0m
[  16% ] [90m[1m_update_scan_actions[22m | avyl-ident.wav[39m[0m
[  17% ] [90m[1m_update_scan_actions[22m | family-salam.wav[39m[0m
[  17% ] [90m[1m_update_scan_actions[22m | local-workshop.wav[39m[0m
[  17% ] [90m[1m_update_scan_actions[22m | lost-glove.wav[39m[0m
[  17% ] [90m[1m_update_scan_actions[22m | nearby-villages.wav[39m[0m
[  18% ] [90m[1m_update_scan_actions[22m | night-repeat.wav[39m[0m
[  18% ] [90m[1m_update_scan_actions[22m | school-bus.wav[39m[0m
[  18% ] [90m[1m_update_scan_actions[22m | village-photos.wav[39m[0m
[  18% ] [90m[1m_update_scan_actions[22m | winter-congratulations.wav[39m[0m
[  19% ] [90m[1m_update_scan_actions[22m | winter-weather.wav[39m[0m
[  19% ] [90m[1m_update_scan_actions[22m | music-one.wav[39m[0m
[  19% ] [90m[1m_update_scan_actions[22m | adhan.wav[39m[0m
[  20% ] [90m[1m_update_scan_actions[22m | axe.wav[39m[0m
[  20% ] [90m[1m_update_scan_actions[22m | barn_hens.wav[39m[0m
[  20% ] [90m[1m_update_scan_actions[22m | boots_snow.wav[39m[0m
[  20% ] [90m[1m_update_scan_actions[22m | bullfinch.wav[39m[0m
[  21% ] [90m[1m_update_scan_actions[22m | chatter.wav[39m[0m
[  21% ] [90m[1m_update_scan_actions[22m | children.wav[39m[0m
[  21% ] [90m[1m_update_scan_actions[22m | cow.wav[39m[0m
[  21% ] [90m[1m_update_scan_actions[22m | cow_distant.wav[39m[0m
[  22% ] [90m[1m_update_scan_actions[22m | crows.wav[39m[0m
[  22% ] [90m[1m_update_scan_actions[22m | dog_distant.wav[39m[0m
[  22% ] [90m[1m_update_scan_actions[22m | forest_branch.wav[39m[0m
[  23% ] [90m[1m_update_scan_actions[22m | garmon.wav[39m[0m
[  23% ] [90m[1m_update_scan_actions[22m | gate.wav[39m[0m
[  23% ] [90m[1m_update_scan_actions[22m | gate_squeak.wav[39m[0m
[  23% ] [90m[1m_update_scan_actions[22m | gramophone_music.wav[39m[0m
[  24% ] [90m[1m_update_scan_actions[22m | horse.wav[39m[0m
[  24% ] [90m[1m_update_scan_actions[22m | house_hum.wav[39m[0m
[  24% ] [90m[1m_update_scan_actions[22m | laughter.wav[39m[0m
[  24% ] [90m[1m_update_scan_actions[22m | magpie.wav[39m[0m
[  25% ] [90m[1m_update_scan_actions[22m | pot.wav[39m[0m
[  25% ] [90m[1m_update_scan_actions[22m | raven.wav[39m[0m
[  25% ] [90m[1m_update_scan_actions[22m | saw.wav[39m[0m
[  26% ] [90m[1m_update_scan_actions[22m | song_ellar_chakyra.wav[39m[0m
[  26% ] [90m[1m_update_scan_actions[22m | song_iske_kara_urman.wav[39m[0m
[  26% ] [90m[1m_update_scan_actions[22m | song_kubalek.wav[39m[0m
[  26% ] [90m[1m_update_scan_actions[22m | song_tatarskoe_selo.wav[39m[0m
[  27% ] [90m[1m_update_scan_actions[22m | song_tynlarsynmy.wav[39m[0m
[  27% ] [90m[1m_update_scan_actions[22m | stove.wav[39m[0m
[  27% ] [90m[1m_update_scan_actions[22m | stove_kindling.wav[39m[0m
[  27% ] [90m[1m_update_scan_actions[22m | tit.wav[39m[0m
[  28% ] [90m[1m_update_scan_actions[22m | tv.wav[39m[0m
[  28% ] [90m[1m_update_scan_actions[22m | tv_movie.wav[39m[0m
[  28% ] [90m[1m_update_scan_actions[22m | tv_news.wav[39m[0m
[  28% ] [90m[1m_update_scan_actions[22m | tv_static.wav[39m[0m
[  29% ] [90m[1m_update_scan_actions[22m | tv_switch.wav[39m[0m
[  29% ] [90m[1m_update_scan_actions[22m | valenki.wav[39m[0m
[  29% ] [90m[1m_update_scan_actions[22m | village_dread_layer.wav[39m[0m
[  30% ] [90m[1m_update_scan_actions[22m | village_life_layer.wav[39m[0m
[  30% ] [90m[1m_update_scan_actions[22m | vinyl_crackle.wav[39m[0m
[  30% ] [90m[1m_update_scan_actions[22m | broom.wav[39m[0m
[  30% ] [90m[1m_update_scan_actions[22m | cat.wav[39m[0m
[  31% ] [90m[1m_update_scan_actions[22m | clock.wav[39m[0m
[  31% ] [90m[1m_update_scan_actions[22m | cutlery.wav[39m[0m
[  31% ] [90m[1m_update_scan_actions[22m | dog.wav[39m[0m
[  31% ] [90m[1m_update_scan_actions[22m | hens.wav[39m[0m
[  32% ] [90m[1m_update_scan_actions[22m | kettle.wav[39m[0m
[  32% ] [90m[1m_update_scan_actions[22m | music.wav[39m[0m
[  32% ] [90m[1m_update_scan_actions[22m | plates.wav[39m[0m
[  33% ] [90m[1m_update_scan_actions[22m | sewing.wav[39m[0m
[  33% ] [90m[1m_update_scan_actions[22m | shovel.wav[39m[0m
[  33% ] [90m[1m_update_scan_actions[22m | tap.wav[39m[0m
[  33% ] [90m[1m_update_scan_actions[22m | tea.wav[39m[0m
[  34% ] [90m[1m_update_scan_actions[22m | forest-babai-name-v2.wav[39m[0m
[  34% ] [90m[1m_update_scan_actions[22m | forest-call-far.wav[39m[0m
[  34% ] [90m[1m_update_scan_actions[22m | forest-call-hey.wav[39m[0m
[  34% ] [90m[1m_update_scan_actions[22m | forest-come-here.wav[39m[0m
[  35% ] [90m[1m_update_scan_actions[22m | forest-name-call.wav[39m[0m
[  35% ] [90m[1m_update_scan_actions[22m | forest-wake-muffled.wav[39m[0m
[  35% ] [90m[1m_update_scan_actions[22m | forest-wake-v2.wav[39m[0m
[  36% ] [90m[1m_update_scan_actions[22m | forest-wake.wav[39m[0m
[  36% ] [90m[1m_update_scan_actions[22m | prologue-niva-fluent-reply.wav[39m[0m
[  36% ] [90m[1m_update_scan_actions[22m | prologue-niva-none-reply.wav[39m[0m
[  36% ] [90m[1m_update_scan_actions[22m | prologue-niva-question.wav[39m[0m
[  37% ] [90m[1m_update_scan_actions[22m | prologue-niva-skip-reply.wav[39m[0m
[  37% ] [90m[1m_update_scan_actions[22m | prologue-niva-some-reply.wav[39m[0m
[  37% ] [90m[1m_update_scan_actions[22m | prologue-ride-bark-nightmare.lvl-fluent.wav[39m[0m
[  37% ] [90m[1m_update_scan_actions[22m | prologue-ride-bark-nightmare.lvl-some.wav[39m[0m
[  38% ] [90m[1m_update_scan_actions[22m | prologue-ride-bark-nightmare.wav[39m[0m
[  38% ] [90m[1m_update_scan_actions[22m | fap_institutional.wav[39m[0m
[  38% ] [90m[1m_update_scan_actions[22m | house_room_tone.wav[39m[0m
[  39% ] [90m[1m_update_scan_actions[22m | kara_urman_edge_ambience.wav[39m[0m
[  39% ] [90m[1m_update_scan_actions[22m | village_arrival.wav[39m[0m
[  39% ] [90m[1m_update_scan_actions[22m | village_day_ambience.wav[39m[0m
[  39% ] [90m[1m_update_scan_actions[22m | village_return.wav[39m[0m
[  40% ] [90m[1m_update_scan_actions[22m | village_yard.wav[39m[0m
[  40% ] [90m[1m_update_scan_actions[22m | water_edge_ambience.wav[39m[0m
[  40% ] [90m[1m_update_scan_actions[22m | zirat_wind.wav[39m[0m
[  40% ] [90m[1m_update_scan_actions[22m | PT_Sans-Narrow-Web-Bold.ttf[39m[0m
[  41% ] [90m[1m_update_scan_actions[22m | PT_Sans-Narrow-Web-Regular.ttf[39m[0m
[  41% ] [90m[1m_update_scan_actions[22m | PT_Sans-Web-Bold.ttf[39m[0m
[  41% ] [90m[1m_update_scan_actions[22m | PT_Sans-Web-Italic.ttf[39m[0m
[  42% ] [90m[1m_update_scan_actions[22m | PT_Sans-Web-Regular.ttf[39m[0m
[  42% ] [90m[1m_update_scan_actions[22m | urman_act1_village_landmark_kit.glb[39m[0m
[  42% ] [90m[1m_update_scan_actions[22m | urman_character_kit.glb[39m[0m
[  42% ] [90m[1m_update_scan_actions[22m | urman_character_kit_T_Eye_Brown.png[39m[0m
[  43% ] [90m[1m_update_scan_actions[22m | urman_character_kit_T_Eye_Normal.png[39m[0m
[  43% ] [90m[1m_update_scan_actions[22m | urman_character_kit_T_Superhero_Female_Dark_BaseColor.png[39m[0m
[  43% ] [90m[1m_update_scan_actions[22m | urman_character_kit_T_Superhero_Female_Normal.png[39m[0m
[  43% ] [90m[1m_update_scan_actions[22m | urman_character_kit_T_Superhero_Male_Dark.png[39m[0m
[  44% ] [90m[1m_update_scan_actions[22m | urman_character_kit_T_Superhero_Male_Normal.png[39m[0m
[  44% ] [90m[1m_update_scan_actions[22m | urman_character_kit_v2.glb[39m[0m
[  44% ] [90m[1m_update_scan_actions[22m | urman_character_kit_v2_old_lightskinned_female_diffuse.png[39m[0m
[  44% ] [90m[1m_update_scan_actions[22m | urman_character_kit_v2_TamaraPolkaDot.png[39m[0m
[  45% ] [90m[1m_update_scan_actions[22m | urman_character_kit_v2_T_Eye_Brown.png[39m[0m
[  45% ] [90m[1m_update_scan_actions[22m | urman_character_kit_v2_T_Eye_Normal_png.png[39m[0m
[  45% ] [90m[1m_update_scan_actions[22m | urman_character_kit_v2_T_Hair_1_BaseColor.png[39m[0m
[  46% ] [90m[1m_update_scan_actions[22m | urman_character_kit_v2_T_Hair_1_Normal_png.png[39m[0m
[  46% ] [90m[1m_update_scan_actions[22m | urman_character_kit_v2_T_Hair_2_BaseColor.png[39m[0m
[  46% ] [90m[1m_update_scan_actions[22m | urman_character_kit_v2_T_Hair_2_Normal.png[39m[0m
[  46% ] [90m[1m_update_scan_actions[22m | urman_character_kit_v2_T_Superhero_Female_Light_BaseColor.png[39m[0m
[  47% ] [90m[1m_update_scan_actions[22m | urman_character_kit_v2_T_Superhero_Female_Normal.png[39m[0m
[  47% ] [90m[1m_update_scan_actions[22m | urman_character_kit_v2_T_Superhero_Female_Roughness.png[39m[0m
[  47% ] [90m[1m_update_scan_actions[22m | urman_character_kit_v2_T_Superhero_Male_Ligh.png[39m[0m
[  47% ] [90m[1m_update_scan_actions[22m | urman_character_kit_v2_T_Superhero_Male_Normal.png[39m[0m
[  48% ] [90m[1m_update_scan_actions[22m | urman_character_kit_v2_T_Superhero_Male_Roughness.png[39m[0m
[  48% ] [90m[1m_update_scan_actions[22m | urman_forest_edge_kit.glb[39m[0m
[  48% ] [90m[1m_update_scan_actions[22m | urman_modular_kit.glb[39m[0m
[  49% ] [90m[1m_update_scan_actions[22m | urman_niva.glb[39m[0m
[  49% ] [90m[1m_update_scan_actions[22m | arrival_marat_childhood_existing_v1.png[39m[0m
[  49% ] [90m[1m_update_scan_actions[22m | council-sabantuy-2005.png[39m[0m
[  49% ] [90m[1m_update_scan_actions[22m | first_snow_existing_v1.png[39m[0m
[  50% ] [90m[1m_update_scan_actions[22m | kara_urman_edge_sketch_candidate_v1.png[39m[0m
[  50% ] [90m[1m_update_scan_actions[22m | school-class-2005.png[39m[0m
[  50% ] [90m[1m_update_scan_actions[22m | urman_fap_clinic_kit.glb[39m[0m
[  50% ] [90m[1m_update_scan_actions[22m | urman_kara_forest_edge_kit.glb[39m[0m
[  51% ] [90m[1m_update_scan_actions[22m | urman_village_exterior_kit.glb[39m[0m
[  51% ] [90m[1m_update_scan_actions[22m | urman_wet_village_road_kit.glb[39m[0m
[  51% ] [90m[1m_update_scan_actions[22m | urman_winter_dead_tree.glb[39m[0m
[  52% ] [90m[1m_update_scan_actions[22m | urman_winter_pine.glb[39m[0m
[  52% ] [90m[1m_update_scan_actions[22m | urman_winter_pine_Leaf_Pine_C.png[39m[0m
[  52% ] [90m[1m_update_scan_actions[22m | urman_zirat_roadside_kit.glb[39m[0m
[  52% ] [90m[1m_update_scan_actions[22m | agentb_foliage_kit.glb[39m[0m
[  53% ] [90m[1m_update_scan_actions[22m | agentb_kara_edge_kit.glb[39m[0m
[  53% ] [90m[1m_update_scan_actions[22m | agentb_terrain_road_kit.glb[39m[0m
[  53% ] [90m[1m_update_scan_actions[22m | agentb_village_buildings_kit.glb[39m[0m
[  53% ] [90m[1m_update_scan_actions[22m | agentb_zirat_kit.glb[39m[0m
[  54% ] [90m[1m_update_scan_actions[22m | karaurman_chakchak_box_preview_v1.png[39m[0m
[  54% ] [90m[1m_update_scan_actions[22m | karaurman_chakchak_box_v1.glb[39m[0m
[  54% ] [90m[1m_update_scan_actions[22m | karaurman_chakchak_box_v1_KaraUrmanChakchakContents.png[39m[0m
[  55% ] [90m[1m_update_scan_actions[22m | karaurman_chakchak_box_v1_KaraUrmanChakchakPrintAtlas.png[39m[0m
[  55% ] [90m[1m_update_scan_actions[22m | karaurman_milk_bottle_label_v1.png[39m[0m
[  55% ] [90m[1m_update_scan_actions[22m | karaurman_milk_bottle_preview_v1.png[39m[0m
[  55% ] [90m[1m_update_scan_actions[22m | karaurman_milk_bottle_v1.glb[39m[0m
[  56% ] [90m[1m_update_scan_actions[22m | karaurman_milk_bottle_v1_karaurman_milk_bottle_label_v1.png[39m[0m
[  56% ] [90m[1m_update_scan_actions[22m | chayan_magazine_animated_v1.glb[39m[0m
[  56% ] [90m[1m_update_scan_actions[22m | chayan_magazine_animated_v1_ChayanMagazine_PrintAtlas.png[39m[0m
[  56% ] [90m[1m_update_scan_actions[22m | chayan_magazine_preview_v1.png[39m[0m
[  57% ] [90m[1m_update_scan_actions[22m | council_plate_avyl_sovety_v1.png[39m[0m
[  57% ] [90m[1m_update_scan_actions[22m | fap_plate_kara_urman_v1.png[39m[0m
[  57% ] [90m[1m_update_scan_actions[22m | photo_first_snow_v1.png[39m[0m
[  57% ] [90m[1m_update_scan_actions[22m | school_plate_maktap_v1.png[39m[0m
[  58% ] [90m[1m_update_scan_actions[22m | shop_sign_ashamlyklar_v1.png[39m[0m
[  58% ] [90m[1m_update_scan_actions[22m | mansur_age_v1_albedo.png[39m[0m
[  58% ] [90m[1m_update_scan_actions[22m | mosque_prayer_carpet_v2_albedo.png[39m[0m
[  59% ] [90m[1m_update_scan_actions[22m | aged_plaster_albedo.png[39m[0m
[  59% ] [90m[1m_update_scan_actions[22m | aged_plaster_v2_albedo.png[39m[0m
[  59% ] [90m[1m_update_scan_actions[22m | aged_plaster_v3_albedo.png[39m[0m
[  59% ] [90m[1m_update_scan_actions[22m | bark_birch_v1_albedo.png[39m[0m
[  60% ] [90m[1m_update_scan_actions[22m | bark_birch_v2_albedo.png[39m[0m
[  60% ] [90m[1m_update_scan_actions[22m | bark_pine_v1_albedo.png[39m[0m
[  60% ] [90m[1m_update_scan_actions[22m | carpet_palas_v1_albedo.png[39m[0m
[  60% ] [90m[1m_update_scan_actions[22m | damp_earth_albedo.png[39m[0m
[  61% ] [90m[1m_update_scan_actions[22m | damp_earth_v2_albedo.png[39m[0m
[  61% ] [90m[1m_update_scan_actions[22m | damp_earth_v3_albedo.png[39m[0m
[  61% ] [90m[1m_update_scan_actions[22m | damp_earth_v4_albedo.png[39m[0m
[  62% ] [90m[1m_update_scan_actions[22m | damp_earth_v5_albedo.png[39m[0m
[  62% ] [90m[1m_update_scan_actions[22m | damp_earth_v6_albedo.png[39m[0m
[  62% ] [90m[1m_update_scan_actions[22m | fabric_chit_v1_albedo.png[39m[0m
[  62% ] [90m[1m_update_scan_actions[22m | frost_window_v1_albedo.png[39m[0m
[  63% ] [90m[1m_update_scan_actions[22m | grass_verge_v1_albedo.png[39m[0m
[  63% ] [90m[1m_update_scan_actions[22m | grass_verge_v2_albedo.png[39m[0m
[  63% ] [90m[1m_update_scan_actions[22m | hay_fibers_v1_albedo.png[39m[0m
[  63% ] [90m[1m_update_scan_actions[22m | ice_patch_v1_albedo.png[39m[0m
[  64% ] [90m[1m_update_scan_actions[22m | ice_patch_v2_albedo.png[39m[0m
[  64% ] [90m[1m_update_scan_actions[22m | leaf_birch_v1_albedo.png[39m[0m
[  64% ] [90m[1m_update_scan_actions[22m | leaf_birch_v2_albedo.png[39m[0m
[  65% ] [90m[1m_update_scan_actions[22m | log_wall_v1_albedo.png[39m[0m
[  65% ] [90m[1m_update_scan_actions[22m | log_wall_v2_albedo.png[39m[0m
[  65% ] [90m[1m_update_scan_actions[22m | mossy_stone_v2_albedo.png[39m[0m
[  65% ] [90m[1m_update_scan_actions[22m | mossy_stone_v3_albedo.png[39m[0m
[  66% ] [90m[1m_update_scan_actions[22m | old_fabric_v2_albedo.png[39m[0m
[  66% ] [90m[1m_update_scan_actions[22m | old_fabric_v3_albedo.png[39m[0m
[  66% ] [90m[1m_update_scan_actions[22m | ornament_trim_v1_albedo.png[39m[0m
[  66% ] [90m[1m_update_scan_actions[22m | pine_foliage_albedo.png[39m[0m
[  67% ] [90m[1m_update_scan_actions[22m | pine_foliage_v2_albedo.png[39m[0m
[  67% ] [90m[1m_update_scan_actions[22m | pine_foliage_v3_albedo.png[39m[0m
[  67% ] [90m[1m_update_scan_actions[22m | roof_metal_v2_albedo.png[39m[0m
[  68% ] [90m[1m_update_scan_actions[22m | roof_shingle_v3_albedo.png[39m[0m
[  68% ] [90m[1m_update_scan_actions[22m | roof_slate_v1_albedo.png[39m[0m
[  68% ] [90m[1m_update_scan_actions[22m | snow_fresh_v1_albedo.png[39m[0m
[  68% ] [90m[1m_update_scan_actions[22m | snow_fresh_v2_albedo.png[39m[0m
[  69% ] [90m[1m_update_scan_actions[22m | snow_grass_peek_v1_albedo.png[39m[0m
[  69% ] [90m[1m_update_scan_actions[22m | snow_micro_normal.png[39m[0m
[  69% ] [90m[1m_update_scan_actions[22m | snow_micro_response.png[39m[0m
[  69% ] [90m[1m_update_scan_actions[22m | snow_road_v1_albedo.png[39m[0m
[  70% ] [90m[1m_update_scan_actions[22m | snow_roof_v1_albedo.png[39m[0m
[  70% ] [90m[1m_update_scan_actions[22m | snow_trampled_v1_albedo.png[39m[0m
[  70% ] [90m[1m_update_scan_actions[22m | urman_b01_v01_basecolor.png[39m[0m
[  71% ] [90m[1m_update_scan_actions[22m | urman_b03_v01_basecolor.png[39m[0m
[  71% ] [90m[1m_update_scan_actions[22m | urman_b04_v01_basecolor.png[39m[0m
[  71% ] [90m[1m_update_scan_actions[22m | urman_b07_v02_basecolor.png[39m[0m
[  71% ] [90m[1m_update_scan_actions[22m | urman_f01_v03_basecolor.png[39m[0m
[  72% ] [90m[1m_update_scan_actions[22m | urman_f02_v02_basecolor.png[39m[0m
[  72% ] [90m[1m_update_scan_actions[22m | urman_m05_v01_basecolor.png[39m[0m
[  72% ] [90m[1m_update_scan_actions[22m | urman_s01_v01_basecolor.png[39m[0m
[  72% ] [90m[1m_update_scan_actions[22m | urman_s02_v02_basecolor.png[39m[0m
[  73% ] [90m[1m_update_scan_actions[22m | urman_t01_v02_basecolor.png[39m[0m
[  73% ] [90m[1m_update_scan_actions[22m | urman_t04_v01_basecolor.png[39m[0m
[  73% ] [90m[1m_update_scan_actions[22m | urman_t07_v01_basecolor.png[39m[0m
[  73% ] [90m[1m_update_scan_actions[22m | urman_t08_v01_basecolor.png[39m[0m
[  74% ] [90m[1m_update_scan_actions[22m | urman_t10_v02_basecolor.png[39m[0m
[  74% ] [90m[1m_update_scan_actions[22m | urman_w01_v01_basecolor.png[39m[0m
[  74% ] [90m[1m_update_scan_actions[22m | urman_w02_v02_basecolor.png[39m[0m
[  75% ] [90m[1m_update_scan_actions[22m | urman_w03_v01_basecolor.png[39m[0m
[  75% ] [90m[1m_update_scan_actions[22m | urman_w04_v02_basecolor.png[39m[0m
[  75% ] [90m[1m_update_scan_actions[22m | urman_w05_v02_basecolor.png[39m[0m
[  75% ] [90m[1m_update_scan_actions[22m | urman_w08_v01_basecolor.png[39m[0m
[  76% ] [90m[1m_update_scan_actions[22m | urman_w09_v01_basecolor.png[39m[0m
[  76% ] [90m[1m_update_scan_actions[22m | wallpaper_old_v1_albedo.png[39m[0m
[  76% ] [90m[1m_update_scan_actions[22m | wallpaper_old_v2_albedo.png[39m[0m
[  76% ] [90m[1m_update_scan_actions[22m | wall_institution_v1_albedo.png[39m[0m
[  77% ] [90m[1m_update_scan_actions[22m | weathered_wood_boards_albedo.png[39m[0m
[  77% ] [90m[1m_update_scan_actions[22m | weathered_wood_boards_v2_albedo.png[39m[0m
[  77% ] [90m[1m_update_scan_actions[22m | weathered_wood_boards_v3_albedo.png[39m[0m
[  78% ] [90m[1m_update_scan_actions[22m | weathered_wood_boards_v4_albedo.png[39m[0m
[  78% ] [90m[1m_update_scan_actions[22m | weathered_wood_boards_v5_albedo.png[39m[0m
[  78% ] [90m[1m_update_scan_actions[22m | weathered_wood_boards_v6_albedo.png[39m[0m
[  78% ] [90m[1m_update_scan_actions[22m | wood_carved_gate_v1_albedo.png[39m[0m
[  79% ] [90m[1m_update_scan_actions[22m | karaurman_chakchak_box_atlas_v1.png[39m[0m
[  79% ] [90m[1m_update_scan_actions[22m | karaurman_milk_bottle_label_v1.png[39m[0m
[  79% ] [90m[1m_update_scan_actions[22m | chayan_magazine_atlas_v1.png[39m[0m
[  79% ] [90m[1m_update_scan_actions[22m | birch_plywood_varnished_v1_basecolor.png[39m[0m
[  80% ] [90m[1m_update_scan_actions[22m | burgundy_stage_velvet_v1_basecolor.png[39m[0m
[  80% ] [90m[1m_update_scan_actions[22m | bus_wheat_sun_mosaic_v1_basecolor.png[39m[0m
[  80% ] [90m[1m_update_scan_actions[22m | galvanized_zinc_source_v1_basecolor.png[39m[0m
[  81% ] [90m[1m_update_scan_actions[22m | glazed_ceramic_cream_source_v1_basecolor.png[39m[0m
[  81% ] [90m[1m_update_scan_actions[22m | moulded_rubber_black_v1_basecolor.png[39m[0m
[  81% ] [90m[1m_update_scan_actions[22m | painted_steel_enamel_v1_basecolor.png[39m[0m
[  81% ] [90m[1m_update_scan_actions[22m | public_concrete_source_v1_basecolor.png[39m[0m
[  82% ] [90m[1m_update_scan_actions[22m | public_red_brick_source_v1_basecolor.png[39m[0m
[  82% ] [90m[1m_update_scan_actions[22m | samovar_brass_v1_basecolor.png[39m[0m
[  82% ] [90m[1m_update_scan_actions[22m | school_green_chalkboard_v1_basecolor.png[39m[0m
[  82% ] [90m[1m_update_scan_actions[22m | school_laminate_beige_source_v1_basecolor.png[39m[0m
[  83% ] [90m[1m_update_scan_actions[22m | school_laminate_beige_v1_basecolor.png[39m[0m
[  83% ] [90m[1m_update_scan_actions[22m | unglazed_earthenware_source_v1_basecolor.png[39m[0m
[  83% ] [90m[1m_update_scan_actions[22m | chalkboard_lessons_v1_atlas.png[39m[0m
[  84% ] [90m[1m_update_scan_actions[22m | children_drawings_v1_atlas.png[39m[0m
[  84% ] [90m[1m_update_scan_actions[22m | classroom_map_v1_basecolor.png[39m[0m
[  84% ] [90m[1m_update_scan_actions[22m | costume_tag_v1_basecolor.png[39m[0m
[  84% ] [90m[1m_update_scan_actions[22m | craft_details_v1_atlas.png[39m[0m
[  85% ] [90m[1m_update_scan_actions[22m | herringbone_oak_v1_basecolor.png[39m[0m
[  85% ] [90m[1m_update_scan_actions[22m | museum_towel_v1_basecolor.png[39m[0m
[  85% ] [90m[1m_update_scan_actions[22m | notices_v1_atlas.png[39m[0m
[  85% ] [90m[1m_update_scan_actions[22m | notices_v2_atlas.png[39m[0m
[  86% ] [90m[1m_update_scan_actions[22m | postal_closure_v1_basecolor.png[39m[0m
[  86% ] [90m[1m_update_scan_actions[22m | quest_papers_v1_atlas.png[39m[0m
[  86% ] [90m[1m_update_scan_actions[22m | quest_papers_v2_atlas.png[39m[0m
[  86% ] [90m[1m_update_scan_actions[22m | signs_civic_a_v1_atlas.png[39m[0m
[  87% ] [90m[1m_update_scan_actions[22m | signs_civic_b_v1_atlas.png[39m[0m
[  87% ] [90m[1m_update_scan_actions[22m | signs_civic_b_v2_atlas.png[39m[0m
[  87% ] [90m[1m_update_scan_actions[22m | signs_exterior_v1_atlas.png[39m[0m
[  88% ] [90m[1m_update_scan_actions[22m | tukay_portrait_v1_basecolor.png[39m[0m
[  88% ] [90m[1m_update_scan_actions[22m | act1_menu_winter_v1.png[39m[0m
[  88% ] [90m[1m_update_scan_actions[22m | urman_app_icon_v1.png[39m[0m
[  88% ] [90m[1m_update_scan_actions[22m | desk_lamp_arm_01.glb[39m[0m
[  89% ] [90m[1m_update_scan_actions[22m | desk_lamp_arm_01_desk_lamp_arm_01_arm_1k.jpg[39m[0m
[  89% ] [90m[1m_update_scan_actions[22m | desk_lamp_arm_01_desk_lamp_arm_01_diff_1k.jpg[39m[0m
[  89% ] [90m[1m_update_scan_actions[22m | desk_lamp_arm_01_desk_lamp_arm_01_nor_gl_1k.jpg[39m[0m
[  89% ] [90m[1m_update_scan_actions[22m | metal_office_desk.glb[39m[0m
[  90% ] [90m[1m_update_scan_actions[22m | metal_office_desk_metal_office_desk_arm_1k.jpg[39m[0m
[  90% ] [90m[1m_update_scan_actions[22m | metal_office_desk_metal_office_desk_diff_1k.jpg[39m[0m
[  90% ] [90m[1m_update_scan_actions[22m | metal_office_desk_metal_office_desk_nor_gl_1k.jpg[39m[0m
[  91% ] [90m[1m_update_scan_actions[22m | office_chair.glb[39m[0m
[  91% ] [90m[1m_update_scan_actions[22m | office_chair_chair.png[39m[0m
[  91% ] [90m[1m_update_scan_actions[22m | office_dining_chair.glb[39m[0m
[  91% ] [90m[1m_update_scan_actions[22m | office_dining_chair_dining_chair.png[39m[0m
[  92% ] [90m[1m_update_scan_actions[22m | painted_wooden_bench.glb[39m[0m
[  92% ] [90m[1m_update_scan_actions[22m | painted_wooden_bench_painted_wooden_bench_arm_1k.jpg[39m[0m
[  92% ] [90m[1m_update_scan_actions[22m | painted_wooden_bench_painted_wooden_bench_diff_1k.jpg[39m[0m
[  92% ] [90m[1m_update_scan_actions[22m | painted_wooden_bench_painted_wooden_bench_nor_gl_1k.jpg[39m[0m
[  93% ] [90m[1m_update_scan_actions[22m | painted_wooden_cabinet.glb[39m[0m
[  93% ] [90m[1m_update_scan_actions[22m | painted_wooden_cabinet_painted_wooden_cabinet_arm_1k.jpg[39m[0m
[  93% ] [90m[1m_update_scan_actions[22m | painted_wooden_cabinet_painted_wooden_cabinet_diff_1k.jpg[39m[0m
[  94% ] [90m[1m_update_scan_actions[22m | painted_wooden_cabinet_painted_wooden_cabinet_nor_gl_1k.jpg[39m[0m
[  94% ] [90m[1m_update_scan_actions[22m | rotary_phone.glb[39m[0m
[  94% ] [90m[1m_update_scan_actions[22m | rotary_phone_Image_0.png[39m[0m
[  94% ] [90m[1m_update_scan_actions[22m | rotary_phone_Image_1.png[39m[0m
[  95% ] [90m[1m_update_scan_actions[22m | rotary_phone_Image_2.png[39m[0m
[  95% ] [90m[1m_update_scan_actions[22m | rotary_phone_Image_3.png[39m[0m
[  95% ] [90m[1m_update_scan_actions[22m | rotary_phone_Image_4.png[39m[0m
[  95% ] [90m[1m_update_scan_actions[22m | rotary_phone_Image_5.png[39m[0m
[  96% ] [90m[1m_update_scan_actions[22m | vaz2106_static.glb[39m[0m
[  96% ] [90m[1m_update_scan_actions[22m | vaz2106_static_Image_0.png[39m[0m
[  96% ] [90m[1m_update_scan_actions[22m | vaz2106_static_Image_1.png[39m[0m
[  97% ] [90m[1m_update_scan_actions[22m | vaz2106_static_Image_2.png[39m[0m
[  97% ] [90m[1m_update_scan_actions[22m | vaz2106_static_Image_3.png[39m[0m
[  97% ] [90m[1m_update_scan_actions[22m | vaz2106_static_Image_4.png[39m[0m
[  97% ] [90m[1m_update_scan_actions[22m | vaz2106_static_Image_5.png[39m[0m
[  98% ] [90m[1m_update_scan_actions[22m | vaz2106_static_Image_6.png[39m[0m
[  98% ] [90m[1m_update_scan_actions[22m | vaz2106_static_Image_7.png[39m[0m
[  98% ] [90m[1m_update_scan_actions[22m | vaz2106_static_Image_8.png[39m[0m
[  98% ] [90m[1m_update_scan_actions[22m | vaz2106_static_Image_9.png[39m[0m
[  99% ] [90m[1m_update_scan_actions[22m | vaz2106_static_Image_10.jpg[39m[0m
[  99% ] [90m[1m_update_scan_actions[22m | document_notebook_sheet.png[39m[0m
[92m[ DONE ][39m [1m_update_scan_actions[22m
[0m
[   0% ] [90m[1mreimport[22m | Started Импорт или повторный импорт ассетов (368 steps)[39m[0m
[   0% ] [90m[1mreimport[22m | Подготовка файлов к повторному импорту…[39m[0m
[   0% ] [90m[1mreimport[22m | Подготовка файлов к повторному импорту…[39m[0m
[   0% ] [90m[1mreimport[22m | Подготовка файлов к повторному импорту…[39m[0m
[   0% ] [90m[1mreimport[22m | Подготовка файлов к повторному импорту…[39m[0m
[   1% ] [90m[1mreimport[22m | Подготовка файлов к повторному импорту…[39m[0m
[   1% ] [90m[1mreimport[22m | Подготовка файлов к повторному импорту…[39m[0m
[   1% ] [90m[1mreimport[22m | Подготовка файлов к повторному импорту…[39m[0m
[   1% ] [90m[1mreimport[22m | Подготовка файлов к повторному импорту…[39m[0m
[   2% ] [90m[1mreimport[22m | Подготовка файлов к повторному импорту…[39m[0m
[   2% ] [90m[1mreimport[22m | Подготовка файлов к повторному импорту…[39m[0m
[   2% ] [90m[1mreimport[22m | Подготовка файлов к повторному импорту…[39m[0m
[   2% ] [90m[1mreimport[22m | Подготовка файлов к повторному импорту…[39m[0m
[   3% ] [90m[1mreimport[22m | Подготовка файлов к повторному импорту…[39m[0m
[   3% ] [90m[1mreimport[22m | Подготовка файлов к повторному импорту…[39m[0m
[   3% ] [90m[1mreimport[22m | Подготовка файлов к повторному импорту…[39m[0m
[   4% ] [90m[1mreimport[22m | Подготовка файлов к повторному импорту…[39m[0m
[   4% ] [90m[1mreimport[22m | Подготовка файлов к повторному импорту…[39m[0m
[   4% ] [90m[1mreimport[22m | Подготовка файлов к повторному импорту…[39m[0m
[   4% ] [90m[1mreimport[22m | Подготовка файлов к повторному импорту…[39m[0m
[   5% ] [90m[1mreimport[22m | Подготовка файлов к повторному импорту…[39m[0m
[   5% ] [90m[1mreimport[22m | Подготовка файлов к повторному импорту…[39m[0m
[   5% ] [90m[1mreimport[22m | Подготовка файлов к повторному импорту…[39m[0m
[   5% ] [90m[1mreimport[22m | Подготовка файлов к повторному импорту…[39m[0m
[   6% ] [90m[1mreimport[22m | Подготовка файлов к повторному импорту…[39m[0m
[   6% ] [90m[1mreimport[22m | Подготовка файлов к повторному импорту…[39m[0m
[   6% ] [90m[1mreimport[22m | Подготовка файлов к повторному импорту…[39m[0m
[   7% ] [90m[1mreimport[22m | Подготовка файлов к повторному импорту…[39m[0m
[   7% ] [90m[1mreimport[22m | Подготовка файлов к повторному импорту…[39m[0m
[   7% ] [90m[1mreimport[22m | Подготовка файлов к повторному импорту…[39m[0m
[   7% ] [90m[1mreimport[22m | Подготовка файлов к повторному импорту…[39m[0m
[   8% ] [90m[1mreimport[22m | Подготовка файлов к повторному импорту…[39m[0m
[   8% ] [90m[1mreimport[22m | Подготовка файлов к повторному импорту…[39m[0m
[   8% ] [90m[1mreimport[22m | Подготовка файлов к повторному импорту…[39m[0m
[   8% ] [90m[1mreimport[22m | Подготовка файлов к повторному импорту…[39m[0m
[   9% ] [90m[1mreimport[22m | Подготовка файлов к повторному импорту…[39m[0m
[   9% ] [90m[1mreimport[22m | Подготовка файлов к повторному импорту…[39m[0m
[   9% ] [90m[1mreimport[22m | Подготовка файлов к повторному импорту…[39m[0m
[  10% ] [90m[1mreimport[22m | Подготовка файлов к повторному импорту…[39m[0m
[  10% ] [90m[1mreimport[22m | Подготовка файлов к повторному импорту…[39m[0m
[  10% ] [90m[1mreimport[22m | Подготовка файлов к повторному импорту…[39m[0m
[  10% ] [90m[1mreimport[22m | Подготовка файлов к повторному импорту…[39m[0m
[  11% ] [90m[1mreimport[22m | Подготовка файлов к повторному импорту…[39m[0m
[  11% ] [90m[1mreimport[22m | Подготовка файлов к повторному импорту…[39m[0m
[  11% ] [90m[1mreimport[22m | Подготовка файлов к повторному импорту…[39m[0m
[  11% ] [90m[1mreimport[22m | Подготовка файлов к повторному импорту…[39m[0m
[  12% ] [90m[1mreimport[22m | Подготовка файлов к повторному импорту…[39m[0m
[  12% ] [90m[1mreimport[22m | Подготовка файлов к повторному импорту…[39m[0m
[  12% ] [90m[1mreimport[22m | Подготовка файлов к повторному импорту…[39m[0m
[  13% ] [90m[1mreimport[22m | Подготовка файлов к повторному импорту…[39m[0m
[  13% ] [90m[1mreimport[22m | Подготовка файлов к повторному импорту…[39m[0m
[  13% ] [90m[1mreimport[22m | Подготовка файлов к повторному импорту…[39m[0m
[  13% ] [90m[1mreimport[22m | Подготовка файлов к повторному импорту…[39m[0m
[  14% ] [90m[1mreimport[22m | Подготовка файлов к повторному импорту…[39m[0m
[  14% ] [90m[1mreimport[22m | Подготовка файлов к повторному импорту…[39m[0m
[  14% ] [90m[1mreimport[22m | Подготовка файлов к повторному импорту…[39m[0m
[  14% ] [90m[1mreimport[22m | Подготовка файлов к повторному импорту…[39m[0m
[  15% ] [90m[1mreimport[22m | Подготовка файлов к повторному импорту…[39m[0m
[  15% ] [90m[1mreimport[22m | Подготовка файлов к повторному импорту…[39m[0m
[  15% ] [90m[1mreimport[22m | Подготовка файлов к повторному импорту…[39m[0m
[  15% ] [90m[1mreimport[22m | Подготовка файлов к повторному импорту…[39m[0m
[  16% ] [90m[1mreimport[22m | Подготовка файлов к повторному импорту…[39m[0m
[  16% ] [90m[1mreimport[22m | Подготовка файлов к повторному импорту…[39m[0m
[  16% ] [90m[1mreimport[22m | Подготовка файлов к повторному импорту…[39m[0m
[  17% ] [90m[1mreimport[22m | Подготовка файлов к повторному импорту…[39m[0m
[  17% ] [90m[1mreimport[22m | Подготовка файлов к повторному импорту…[39m[0m
[  17% ] [90m[1mreimport[22m | Подготовка файлов к повторному импорту…[39m[0m
[  17% ] [90m[1mreimport[22m | Подготовка файлов к повторному импорту…[39m[0m
[  18% ] [90m[1mreimport[22m | Подготовка файлов к повторному импорту…[39m[0m
[  18% ] [90m[1mreimport[22m | Подготовка файлов к повторному импорту…[39m[0m
[  18% ] [90m[1mreimport[22m | Подготовка файлов к повторному импорту…[39m[0m
[  18% ] [90m[1mreimport[22m | Подготовка файлов к повторному импорту…[39m[0m
[  19% ] [90m[1mreimport[22m | Подготовка файлов к повторному импорту…[39m[0m
[  19% ] [90m[1mreimport[22m | Подготовка файлов к повторному импорту…[39m[0m
[  19% ] [90m[1mreimport[22m | Подготовка файлов к повторному импорту…[39m[0m
[  20% ] [90m[1mreimport[22m | Подготовка файлов к повторному импорту…[39m[0m
[  20% ] [90m[1mreimport[22m | Подготовка файлов к повторному импорту…[39m[0m
[  20% ] [90m[1mreimport[22m | Подготовка файлов к повторному импорту…[39m[0m
[  20% ] [90m[1mreimport[22m | Подготовка файлов к повторному импорту…[39m[0m
[  21% ] [90m[1mreimport[22m | Подготовка файлов к повторному импорту…[39m[0m
[  21% ] [90m[1mreimport[22m | Подготовка файлов к повторному импорту…[39m[0m
[  21% ] [90m[1mreimport[22m | Подготовка файлов к повторному импорту…[39m[0m
[  21% ] [90m[1mreimport[22m | Подготовка файлов к повторному импорту…[39m[0m
[  22% ] [90m[1mreimport[22m | Подготовка файлов к повторному импорту…[39m[0m
[  22% ] [90m[1mreimport[22m | Подготовка файлов к повторному импорту…[39m[0m
[  22% ] [90m[1mreimport[22m | Подготовка файлов к повторному импорту…[39m[0m
[  23% ] [90m[1mreimport[22m | Подготовка файлов к повторному импорту…[39m[0m
[  23% ] [90m[1mreimport[22m | Подготовка файлов к повторному импорту…[39m[0m
[  23% ] [90m[1mreimport[22m | Подготовка файлов к повторному импорту…[39m[0m
[  23% ] [90m[1mreimport[22m | Подготовка файлов к повторному импорту…[39m[0m
[  24% ] [90m[1mreimport[22m | Подготовка файлов к повторному импорту…[39m[0m
[  24% ] [90m[1mreimport[22m | Подготовка файлов к повторному импорту…[39m[0m
[  24% ] [90m[1mreimport[22m | Подготовка файлов к повторному импорту…[39m[0m
[  24% ] [90m[1mreimport[22m | Подготовка файлов к повторному импорту…[39m[0m
[  25% ] [90m[1mreimport[22m | Подготовка файлов к повторному импорту…[39m[0m
[  25% ] [90m[1mreimport[22m | Подготовка файлов к повторному импорту…[39m[0m
[  25% ] [90m[1mreimport[22m | Подготовка файлов к повторному импорту…[39m[0m
[  26% ] [90m[1mreimport[22m | Подготовка файлов к повторному импорту…[39m[0m
[  26% ] [90m[1mreimport[22m | Подготовка файлов к повторному импорту…[39m[0m
[  26% ] [90m[1mreimport[22m | Подготовка файлов к повторному импорту…[39m[0m
[  26% ] [90m[1mreimport[22m | Подготовка файлов к повторному импорту…[39m[0m
[  27% ] [90m[1mreimport[22m | Подготовка файлов к повторному импорту…[39m[0m
[  27% ] [90m[1mreimport[22m | Подготовка файлов к повторному импорту…[39m[0m
[  27% ] [90m[1mreimport[22m | Подготовка файлов к повторному импорту…[39m[0m
[  27% ] [90m[1mreimport[22m | Подготовка файлов к повторному импорту…[39m[0m
[  28% ] [90m[1mreimport[22m | Подготовка файлов к повторному импорту…[39m[0m
[  28% ] [90m[1mreimport[22m | Подготовка файлов к повторному импорту…[39m[0m
[  28% ] [90m[1mreimport[22m | Подготовка файлов к повторному импорту…[39m[0m
[  28% ] [90m[1mreimport[22m | Подготовка файлов к повторному импорту…[39m[0m
[  29% ] [90m[1mreimport[22m | Подготовка файлов к повторному импорту…[39m[0m
[  29% ] [90m[1mreimport[22m | Подготовка файлов к повторному импорту…[39m[0m
[  29% ] [90m[1mreimport[22m | Подготовка файлов к повторному импорту…[39m[0m
[  30% ] [90m[1mreimport[22m | Подготовка файлов к повторному импорту…[39m[0m
[  30% ] [90m[1mreimport[22m | Подготовка файлов к повторному импорту…[39m[0m
[  30% ] [90m[1mreimport[22m | Подготовка файлов к повторному импорту…[39m[0m
[  30% ] [90m[1mreimport[22m | Подготовка файлов к повторному импорту…[39m[0m
[  31% ] [90m[1mreimport[22m | Подготовка файлов к повторному импорту…[39m[0m
[  31% ] [90m[1mreimport[22m | Подготовка файлов к повторному импорту…[39m[0m
[  31% ] [90m[1mreimport[22m | Подготовка файлов к повторному импорту…[39m[0m
[  31% ] [90m[1mreimport[22m | Подготовка файлов к повторному импорту…[39m[0m
[  32% ] [90m[1mreimport[22m | Подготовка файлов к повторному импорту…[39m[0m
[  32% ] [90m[1mreimport[22m | Подготовка файлов к повторному импорту…[39m[0m
[  32% ] [90m[1mreimport[22m | Подготовка файлов к повторному импорту…[39m[0m
[  33% ] [90m[1mreimport[22m | Подготовка файлов к повторному импорту…[39m[0m
[  33% ] [90m[1mreimport[22m | Подготовка файлов к повторному импорту…[39m[0m
[  33% ] [90m[1mreimport[22m | Подготовка файлов к повторному импорту…[39m[0m
[  33% ] [90m[1mreimport[22m | Подготовка файлов к повторному импорту…[39m[0m
[  34% ] [90m[1mreimport[22m | Подготовка файлов к повторному импорту…[39m[0m
[  34% ] [90m[1mreimport[22m | Подготовка файлов к повторному импорту…[39m[0m
[  34% ] [90m[1mreimport[22m | Подготовка файлов к повторному импорту…[39m[0m
[  34% ] [90m[1mreimport[22m | Подготовка файлов к повторному импорту…[39m[0m
[  35% ] [90m[1mreimport[22m | Подготовка файлов к повторному импорту…[39m[0m
[  35% ] [90m[1mreimport[22m | Подготовка файлов к повторному импорту…[39m[0m
[  35% ] [90m[1mreimport[22m | Подготовка файлов к повторному импорту…[39m[0m
[  36% ] [90m[1mreimport[22m | Подготовка файлов к повторному импорту…[39m[0m
[  36% ] [90m[1mreimport[22m | Подготовка файлов к повторному импорту…[39m[0m
[  36% ] [90m[1mreimport[22m | Подготовка файлов к повторному импорту…[39m[0m
[  36% ] [90m[1mreimport[22m | Подготовка файлов к повторному импорту…[39m[0m
[  37% ] [90m[1mreimport[22m | Подготовка файлов к повторному импорту…[39m[0m
[  37% ] [90m[1mreimport[22m | Подготовка файлов к повторному импорту…[39m[0m
[  37% ] [90m[1mreimport[22m | Подготовка файлов к повторному импорту…[39m[0m
[  37% ] [90m[1mreimport[22m | Подготовка файлов к повторному импорту…[39m[0m
[  38% ] [90m[1mreimport[22m | Подготовка файлов к повторному импорту…[39m[0m
[  38% ] [90m[1mreimport[22m | Подготовка файлов к повторному импорту…[39m[0m
[  38% ] [90m[1mreimport[22m | Подготовка файлов к повторному импорту…[39m[0m
[  39% ] [90m[1mreimport[22m | Подготовка файлов к повторному импорту…[39m[0m
[  39% ] [90m[1mreimport[22m | Подготовка файлов к повторному импорту…[39m[0m
[  39% ] [90m[1mreimport[22m | Подготовка файлов к повторному импорту…[39m[0m
[  39% ] [90m[1mreimport[22m | Подготовка файлов к повторному импорту…[39m[0m
[  40% ] [90m[1mreimport[22m | Подготовка файлов к повторному импорту…[39m[0m
[  40% ] [90m[1mreimport[22m | Подготовка файлов к повторному импорту…[39m[0m
[  40% ] [90m[1mreimport[22m | Подготовка файлов к повторному импорту…[39m[0m
[  40% ] [90m[1mreimport[22m | Подготовка файлов к повторному импорту…[39m[0m
[  41% ] [90m[1mreimport[22m | Подготовка файлов к повторному импорту…[39m[0m
[  41% ] [90m[1mreimport[22m | Подготовка файлов к повторному импорту…[39m[0m
[  41% ] [90m[1mreimport[22m | Подготовка файлов к повторному импорту…[39m[0m
[  42% ] [90m[1mreimport[22m | Подготовка файлов к повторному импорту…[39m[0m
[  42% ] [90m[1mreimport[22m | Подготовка файлов к повторному импорту…[39m[0m
[  42% ] [90m[1mreimport[22m | Подготовка файлов к повторному импорту…[39m[0m
[  42% ] [90m[1mreimport[22m | Подготовка файлов к повторному импорту…[39m[0m
[  43% ] [90m[1mreimport[22m | Подготовка файлов к повторному импорту…[39m[0m
[  43% ] [90m[1mreimport[22m | Подготовка файлов к повторному импорту…[39m[0m
[  43% ] [90m[1mreimport[22m | Подготовка файлов к повторному импорту…[39m[0m
[  43% ] [90m[1mreimport[22m | Подготовка файлов к повторному импорту…[39m[0m
[  44% ] [90m[1mreimport[22m | Подготовка файлов к повторному импорту…[39m[0m
[  44% ] [90m[1mreimport[22m | Подготовка файлов к повторному импорту…[39m[0m
[  44% ] [90m[1mreimport[22m | Подготовка файлов к повторному импорту…[39m[0m
[  44% ] [90m[1mreimport[22m | Подготовка файлов к повторному импорту…[39m[0m
[  45% ] [90m[1mreimport[22m | Подготовка файлов к повторному импорту…[39m[0m
[  45% ] [90m[1mreimport[22m | Подготовка файлов к повторному импорту…[39m[0m
[  45% ] [90m[1mreimport[22m | Подготовка файлов к повторному импорту…[39m[0m
[  46% ] [90m[1mreimport[22m | Подготовка файлов к повторному импорту…[39m[0m
[  46% ] [90m[1mreimport[22m | Подготовка файлов к повторному импорту…[39m[0m
[  46% ] [90m[1mreimport[22m | Подготовка файлов к повторному импорту…[39m[0m
[  46% ] [90m[1mreimport[22m | Подготовка файлов к повторному импорту…[39m[0m
[  47% ] [90m[1mreimport[22m | Подготовка файлов к повторному импорту…[39m[0m
[  47% ] [90m[1mreimport[22m | Подготовка файлов к повторному импорту…[39m[0m
[  47% ] [90m[1mreimport[22m | Подготовка файлов к повторному импорту…[39m[0m
[  47% ] [90m[1mreimport[22m | Подготовка файлов к повторному импорту…[39m[0m
[  48% ] [90m[1mreimport[22m | Подготовка файлов к повторному импорту…[39m[0m
[  48% ] [90m[1mreimport[22m | Подготовка файлов к повторному импорту…[39m[0m
[  48% ] [90m[1mreimport[22m | Подготовка файлов к повторному импорту…[39m[0m
[  49% ] [90m[1mreimport[22m | Подготовка файлов к повторному импорту…[39m[0m
[  49% ] [90m[1mreimport[22m | Подготовка файлов к повторному импорту…[39m[0m
[  49% ] [90m[1mreimport[22m | Подготовка файлов к повторному импорту…[39m[0m
[  49% ] [90m[1mreimport[22m | Подготовка файлов к повторному импорту…[39m[0m
[  50% ] [90m[1mreimport[22m | Подготовка файлов к повторному импорту…[39m[0m
[  50% ] [90m[1mreimport[22m | Подготовка файлов к повторному импорту…[39m[0m
[  50% ] [90m[1mreimport[22m | Подготовка файлов к повторному импорту…[39m[0m
[  50% ] [90m[1mreimport[22m | Подготовка файлов к повторному импорту…[39m[0m
[  51% ] [90m[1mreimport[22m | Подготовка файлов к повторному импорту…[39m[0m
[  51% ] [90m[1mreimport[22m | Подготовка файлов к повторному импорту…[39m[0m
[  51% ] [90m[1mreimport[22m | Подготовка файлов к повторному импорту…[39m[0m
[  52% ] [90m[1mreimport[22m | Подготовка файлов к повторному импорту…[39m[0m
[  52% ] [90m[1mreimport[22m | Подготовка файлов к повторному импорту…[39m[0m
[  52% ] [90m[1mreimport[22m | Подготовка файлов к повторному импорту…[39m[0m
[  52% ] [90m[1mreimport[22m | Подготовка файлов к повторному импорту…[39m[0m
[  53% ] [90m[1mreimport[22m | Подготовка файлов к повторному импорту…[39m[0m
[  53% ] [90m[1mreimport[22m | Подготовка файлов к повторному импорту…[39m[0m
[  53% ] [90m[1mreimport[22m | Подготовка файлов к повторному импорту…[39m[0m
[  53% ] [90m[1mreimport[22m | Подготовка файлов к повторному импорту…[39m[0m
[  54% ] [90m[1mreimport[22m | Подготовка файлов к повторному импорту…[39m[0m
[  54% ] [90m[1mreimport[22m | Подготовка файлов к повторному импорту…[39m[0m
[  54% ] [90m[1mreimport[22m | Подготовка файлов к повторному импорту…[39m[0m
[  55% ] [90m[1mreimport[22m | Подготовка файлов к повторному импорту…[39m[0m
[  55% ] [90m[1mreimport[22m | Подготовка файлов к повторному импорту…[39m[0m
[  55% ] [90m[1mreimport[22m | Подготовка файлов к повторному импорту…[39m[0m
[  55% ] [90m[1mreimport[22m | Подготовка файлов к повторному импорту…[39m[0m
[  56% ] [90m[1mreimport[22m | Подготовка файлов к повторному импорту…[39m[0m
[  56% ] [90m[1mreimport[22m | Подготовка файлов к повторному импорту…[39m[0m
[  56% ] [90m[1mreimport[22m | Подготовка файлов к повторному импорту…[39m[0m
[  56% ] [90m[1mreimport[22m | Подготовка файлов к повторному импорту…[39m[0m
[  57% ] [90m[1mreimport[22m | Подготовка файлов к повторному импорту…[39m[0m
[  57% ] [90m[1mreimport[22m | Подготовка файлов к повторному импорту…[39m[0m
[  57% ] [90m[1mreimport[22m | Подготовка файлов к повторному импорту…[39m[0m
[  57% ] [90m[1mreimport[22m | Подготовка файлов к повторному импорту…[39m[0m
[  58% ] [90m[1mreimport[22m | Подготовка файлов к повторному импорту…[39m[0m
[  58% ] [90m[1mreimport[22m | Подготовка файлов к повторному импорту…[39m[0m
[  58% ] [90m[1mreimport[22m | Подготовка файлов к повторному импорту…[39m[0m
[  59% ] [90m[1mreimport[22m | Подготовка файлов к повторному импорту…[39m[0m
[  59% ] [90m[1mreimport[22m | Подготовка файлов к повторному импорту…[39m[0m
[  59% ] [90m[1mreimport[22m | Подготовка файлов к повторному импорту…[39m[0m
[  59% ] [90m[1mreimport[22m | Подготовка файлов к повторному импорту…[39m[0m
[  60% ] [90m[1mreimport[22m | Подготовка файлов к повторному импорту…[39m[0m
[  60% ] [90m[1mreimport[22m | Подготовка файлов к повторному импорту…[39m[0m
[  60% ] [90m[1mreimport[22m | Подготовка файлов к повторному импорту…[39m[0m
[  60% ] [90m[1mreimport[22m | Подготовка файлов к повторному импорту…[39m[0m
[  61% ] [90m[1mreimport[22m | Подготовка файлов к повторному импорту…[39m[0m
[  61% ] [90m[1mreimport[22m | Подготовка файлов к повторному импорту…[39m[0m
[  61% ] [90m[1mreimport[22m | Подготовка файлов к повторному импорту…[39m[0m
[  62% ] [90m[1mreimport[22m | Подготовка файлов к повторному импорту…[39m[0m
[  62% ] [90m[1mreimport[22m | Подготовка файлов к повторному импорту…[39m[0m
[  62% ] [90m[1mreimport[22m | Подготовка файлов к повторному импорту…[39m[0m
[  62% ] [90m[1mreimport[22m | Подготовка файлов к повторному импорту…[39m[0m
[  63% ] [90m[1mreimport[22m | Подготовка файлов к повторному импорту…[39m[0m
[  63% ] [90m[1mreimport[22m | Подготовка файлов к повторному импорту…[39m[0m
[  63% ] [90m[1mreimport[22m | Подготовка файлов к повторному импорту…[39m[0m
[  63% ] [90m[1mreimport[22m | Подготовка файлов к повторному импорту…[39m[0m
[  64% ] [90m[1mreimport[22m | Подготовка файлов к повторному импорту…[39m[0m
[  64% ] [90m[1mreimport[22m | Подготовка файлов к повторному импорту…[39m[0m
[  64% ] [90m[1mreimport[22m | Подготовка файлов к повторному импорту…[39m[0m
[  65% ] [90m[1mreimport[22m | Подготовка файлов к повторному импорту…[39m[0m
[  65% ] [90m[1mreimport[22m | Подготовка файлов к повторному импорту…[39m[0m
[  65% ] [90m[1mreimport[22m | Подготовка файлов к повторному импорту…[39m[0m
[  65% ] [90m[1mreimport[22m | Подготовка файлов к повторному импорту…[39m[0m
[  66% ] [90m[1mreimport[22m | Подготовка файлов к повторному импорту…[39m[0m
[  66% ] [90m[1mreimport[22m | Подготовка файлов к повторному импорту…[39m[0m
[  66% ] [90m[1mreimport[22m | Подготовка файлов к повторному импорту…[39m[0m
[  66% ] [90m[1mreimport[22m | Подготовка файлов к повторному импорту…[39m[0m
[  67% ] [90m[1mreimport[22m | Подготовка файлов к повторному импорту…[39m[0m
[  67% ] [90m[1mreimport[22m | Подготовка файлов к повторному импорту…[39m[0m
[  67% ] [90m[1mreimport[22m | Подготовка файлов к повторному импорту…[39m[0m
[  68% ] [90m[1mreimport[22m | Подготовка файлов к повторному импорту…[39m[0m
[  68% ] [90m[1mreimport[22m | Подготовка файлов к повторному импорту…[39m[0m
[  68% ] [90m[1mreimport[22m | Подготовка файлов к повторному импорту…[39m[0m
[  68% ] [90m[1mreimport[22m | Подготовка файлов к повторному импорту…[39m[0m
[  69% ] [90m[1mreimport[22m | Подготовка файлов к повторному импорту…[39m[0m
[  69% ] [90m[1mreimport[22m | Подготовка файлов к повторному импорту…[39m[0m
[  69% ] [90m[1mreimport[22m | Подготовка файлов к повторному импорту…[39m[0m
[  69% ] [90m[1mreimport[22m | Подготовка файлов к повторному импорту…[39m[0m
[  70% ] [90m[1mreimport[22m | Подготовка файлов к повторному импорту…[39m[0m
[  70% ] [90m[1mreimport[22m | Подготовка файлов к повторному импорту…[39m[0m
[  70% ] [90m[1mreimport[22m | Подготовка файлов к повторному импорту…[39m[0m
[  71% ] [90m[1mreimport[22m | Подготовка файлов к повторному импорту…[39m[0m
[  71% ] [90m[1mreimport[22m | Подготовка файлов к повторному импорту…[39m[0m
[  71% ] [90m[1mreimport[22m | Подготовка файлов к повторному импорту…[39m[0m
[  71% ] [90m[1mreimport[22m | Подготовка файлов к повторному импорту…[39m[0m
[  72% ] [90m[1mreimport[22m | Подготовка файлов к повторному импорту…[39m[0m
[  72% ] [90m[1mreimport[22m | Подготовка файлов к повторному импорту…[39m[0m
[  72% ] [90m[1mreimport[22m | Подготовка файлов к повторному импорту…[39m[0m
[  72% ] [90m[1mreimport[22m | Подготовка файлов к повторному импорту…[39m[0m
[  73% ] [90m[1mreimport[22m | Подготовка файлов к повторному импорту…[39m[0m
[  73% ] [90m[1mreimport[22m | Подготовка файлов к повторному импорту…[39m[0m
[  73% ] [90m[1mreimport[22m | Подготовка файлов к повторному импорту…[39m[0m
[  73% ] [90m[1mreimport[22m | Подготовка файлов к повторному импорту…[39m[0m
[  74% ] [90m[1mreimport[22m | Подготовка файлов к повторному импорту…[39m[0m
[  74% ] [90m[1mreimport[22m | Подготовка файлов к повторному импорту…[39m[0m
[  74% ] [90m[1mreimport[22m | Подготовка файлов к повторному импорту…[39m[0m
[  75% ] [90m[1mreimport[22m | Подготовка файлов к повторному импорту…[39m[0m
[  75% ] [90m[1mreimport[22m | Подготовка файлов к повторному импорту…[39m[0m
[  75% ] [90m[1mreimport[22m | Подготовка файлов к повторному импорту…[39m[0m
[  75% ] [90m[1mreimport[22m | Подготовка файлов к повторному импорту…[39m[0m
[  76% ] [90m[1mreimport[22m | Подготовка файлов к повторному импорту…[39m[0m
[  76% ] [90m[1mreimport[22m | Подготовка файлов к повторному импорту…[39m[0m
[  76% ] [90m[1mreimport[22m | Подготовка файлов к повторному импорту…[39m[0m
[  76% ] [90m[1mreimport[22m | Подготовка файлов к повторному импорту…[39m[0m
[  77% ] [90m[1mreimport[22m | Подготовка файлов к повторному импорту…[39m[0m
[  77% ] [90m[1mreimport[22m | Подготовка файлов к повторному импорту…[39m[0m
[  77% ] [90m[1mreimport[22m | Подготовка файлов к повторному импорту…[39m[0m
[  78% ] [90m[1mreimport[22m | Подготовка файлов к повторному импорту…[39m[0m
[  78% ] [90m[1mreimport[22m | Подготовка файлов к повторному импорту…[39m[0m
[  78% ] [90m[1mreimport[22m | Подготовка файлов к повторному импорту…[39m[0m
[  78% ] [90m[1mreimport[22m | Подготовка файлов к повторному импорту…[39m[0m
[  79% ] [90m[1mreimport[22m | Подготовка файлов к повторному импорту…[39m[0m
[  79% ] [90m[1mreimport[22m | Подготовка файлов к повторному импорту…[39m[0m
[  79% ] [90m[1mreimport[22m | Подготовка файлов к повторному импорту…[39m[0m
[  79% ] [90m[1mreimport[22m | Подготовка файлов к повторному импорту…[39m[0m
[  80% ] [90m[1mreimport[22m | Подготовка файлов к повторному импорту…[39m[0m
[  80% ] [90m[1mreimport[22m | Подготовка файлов к повторному импорту…[39m[0m
[  80% ] [90m[1mreimport[22m | Подготовка файлов к повторному импорту…[39m[0m
[  81% ] [90m[1mreimport[22m | Подготовка файлов к повторному импорту…[39m[0m
[  81% ] [90m[1mreimport[22m | Подготовка файлов к повторному импорту…[39m[0m
[  81% ] [90m[1mreimport[22m | Подготовка файлов к повторному импорту…[39m[0m
[  81% ] [90m[1mreimport[22m | Подготовка файлов к повторному импорту…[39m[0m
[  82% ] [90m[1mreimport[22m | Подготовка файлов к повторному импорту…[39m[0m
[  82% ] [90m[1mreimport[22m | Подготовка файлов к повторному импорту…[39m[0m
[  82% ] [90m[1mreimport[22m | Подготовка файлов к повторному импорту…[39m[0m
[  82% ] [90m[1mreimport[22m | Подготовка файлов к повторному импорту…[39m[0m
[  83% ] [90m[1mreimport[22m | Подготовка файлов к повторному импорту…[39m[0m
[  83% ] [90m[1mreimport[22m | Подготовка файлов к повторному импорту…[39m[0m
[  83% ] [90m[1mreimport[22m | Подготовка файлов к повторному импорту…[39m[0m
[  84% ] [90m[1mreimport[22m | Подготовка файлов к повторному импорту…[39m[0m
[  84% ] [90m[1mreimport[22m | Подготовка файлов к повторному импорту…[39m[0m
[  84% ] [90m[1mreimport[22m | Подготовка файлов к повторному импорту…[39m[0m
[  84% ] [90m[1mreimport[22m | Подготовка файлов к повторному импорту…[39m[0m
[  85% ] [90m[1mreimport[22m | Подготовка файлов к повторному импорту…[39m[0m
[  85% ] [90m[1mreimport[22m | Подготовка файлов к повторному импорту…[39m[0m
[  85% ] [90m[1mreimport[22m | Подготовка файлов к повторному импорту…[39m[0m
[  85% ] [90m[1mreimport[22m | Подготовка файлов к повторному импорту…[39m[0m
[  86% ] [90m[1mreimport[22m | Подготовка файлов к повторному импорту…[39m[0m
[  86% ] [90m[1mreimport[22m | Подготовка файлов к повторному импорту…[39m[0m
[  86% ] [90m[1mreimport[22m | Подготовка файлов к повторному импорту…[39m[0m
[  86% ] [90m[1mreimport[22m | Подготовка файлов к повторному импорту…[39m[0m
[  87% ] [90m[1mreimport[22m | Подготовка файлов к повторному импорту…[39m[0m
[  87% ] [90m[1mreimport[22m | Подготовка файлов к повторному импорту…[39m[0m
[  87% ] [90m[1mreimport[22m | Подготовка файлов к повторному импорту…[39m[0m
[  88% ] [90m[1mreimport[22m | Подготовка файлов к повторному импорту…[39m[0m
[  88% ] [90m[1mreimport[22m | Подготовка файлов к повторному импорту…[39m[0m
[  88% ] [90m[1mreimport[22m | Подготовка файлов к повторному импорту…[39m[0m
[  88% ] [90m[1mreimport[22m | Подготовка файлов к повторному импорту…[39m[0m
[  89% ] [90m[1mreimport[22m | Подготовка файлов к повторному импорту…[39m[0m
[  89% ] [90m[1mreimport[22m | Подготовка файлов к повторному импорту…[39m[0m
[  89% ] [90m[1mreimport[22m | Подготовка файлов к повторному импорту…[39m[0m
[  89% ] [90m[1mreimport[22m | Подготовка файлов к повторному импорту…[39m[0m
[  90% ] [90m[1mreimport[22m | Подготовка файлов к повторному импорту…[39m[0m
[  90% ] [90m[1mreimport[22m | Подготовка файлов к повторному импорту…[39m[0m
[  90% ] [90m[1mreimport[22m | Подготовка файлов к повторному импорту…[39m[0m
[  91% ] [90m[1mreimport[22m | Подготовка файлов к повторному импорту…[39m[0m
[  91% ] [90m[1mreimport[22m | Подготовка файлов к повторному импорту…[39m[0m
[  91% ] [90m[1mreimport[22m | Подготовка файлов к повторному импорту…[39m[0m
[  91% ] [90m[1mreimport[22m | Подготовка файлов к повторному импорту…[39m[0m
[  92% ] [90m[1mreimport[22m | Подготовка файлов к повторному импорту…[39m[0m
[  92% ] [90m[1mreimport[22m | Подготовка файлов к повторному импорту…[39m[0m
[  92% ] [90m[1mreimport[22m | Подготовка файлов к повторному импорту…[39m[0m
[  92% ] [90m[1mreimport[22m | Подготовка файлов к повторному импорту…[39m[0m
[  93% ] [90m[1mreimport[22m | Подготовка файлов к повторному импорту…[39m[0m
[  93% ] [90m[1mreimport[22m | Подготовка файлов к повторному импорту…[39m[0m
[  93% ] [90m[1mreimport[22m | Подготовка файлов к повторному импорту…[39m[0m
[  94% ] [90m[1mreimport[22m | Подготовка файлов к повторному импорту…[39m[0m
[  94% ] [90m[1mreimport[22m | Подготовка файлов к повторному импорту…[39m[0m
[  94% ] [90m[1mreimport[22m | Подготовка файлов к повторному импорту…[39m[0m
[  94% ] [90m[1mreimport[22m | Подготовка файлов к повторному импорту…[39m[0m
[  95% ] [90m[1mreimport[22m | Подготовка файлов к повторному импорту…[39m[0m
[  95% ] [90m[1mreimport[22m | Подготовка файлов к повторному импорту…[39m[0m
[  95% ] [90m[1mreimport[22m | Подготовка файлов к повторному импорту…[39m[0m
[  95% ] [90m[1mreimport[22m | Подготовка файлов к повторному импорту…[39m[0m
[  96% ] [90m[1mreimport[22m | Подготовка файлов к повторному импорту…[39m[0m
[  96% ] [90m[1mreimport[22m | Подготовка файлов к повторному импорту…[39m[0m
[  96% ] [90m[1mreimport[22m | Подготовка файлов к повторному импорту…[39m[0m
[  97% ] [90m[1mreimport[22m | Подготовка файлов к повторному импорту…[39m[0m
[  97% ] [90m[1mreimport[22m | Подготовка файлов к повторному импорту…[39m[0m
[  97% ] [90m[1mreimport[22m | Подготовка файлов к повторному импорту…[39m[0m
[  97% ] [90m[1mreimport[22m | Подготовка файлов к повторному импорту…[39m[0m
[  98% ] [90m[1mreimport[22m | Подготовка файлов к повторному импорту…[39m[0m
[  98% ] [90m[1mreimport[22m | Подготовка файлов к повторному импорту…[39m[0m
[  98% ] [90m[1mreimport[22m | Подготовка файлов к повторному импорту…[39m[0m
[  98% ] [90m[1mreimport[22m | Подготовка файлов к повторному импорту…[39m[0m
[  99% ] [90m[1mreimport[22m | Подготовка файлов к повторному импорту…[39m[0m
[  99% ] [90m[1mreimport[22m | Подготовка файлов к повторному импорту…[39m[0m
[   0% ] [90m[1mreimport[22m | Выполнение предимпортных операций…[39m[0m
[   0% ] [90m[1mreimport[22m | PT_Sans-Narrow-Web-Bold.ttf[39m[0m
[   0% ] [90m[1mreimport[22m | PT_Sans-Narrow-Web-Regular.ttf[39m[0m
[   0% ] [90m[1mreimport[22m | PT_Sans-Web-Bold.ttf[39m[0m
[   0% ] [90m[1mreimport[22m | PT_Sans-Web-Italic.ttf[39m[0m
[   1% ] [90m[1mreimport[22m | PT_Sans-Web-Regular.ttf[39m[0m
[   1% ] [90m[1mreimport[22m | roof_slate_v1_albedo.png[39m[0m
[   1% ] [90m[1mreimport[22m | roof_shingle_v3_albedo.png[39m[0m
[   1% ] [90m[1mreimport[22m | roof_metal_v2_albedo.png[39m[0m
[   2% ] [90m[1mreimport[22m | pine_foliage_v3_albedo.png[39m[0m
[   2% ] [90m[1mreimport[22m | pine_foliage_v2_albedo.png[39m[0m
[   2% ] [90m[1mreimport[22m | pine_foliage_albedo.png[39m[0m
[   2% ] [90m[1mreimport[22m | ornament_trim_v1_albedo.png[39m[0m
[   3% ] [90m[1mreimport[22m | old_fabric_v3_albedo.png[39m[0m
[   3% ] [90m[1mreimport[22m | old_fabric_v2_albedo.png[39m[0m
[   3% ] [90m[1mreimport[22m | mossy_stone_v3_albedo.png[39m[0m
[   4% ] [90m[1mreimport[22m | mossy_stone_v2_albedo.png[39m[0m
[   4% ] [90m[1mreimport[22m | log_wall_v2_albedo.png[39m[0m
[   4% ] [90m[1mreimport[22m | log_wall_v1_albedo.png[39m[0m
[   4% ] [90m[1mreimport[22m | leaf_birch_v2_albedo.png[39m[0m
[   5% ] [90m[1mreimport[22m | leaf_birch_v1_albedo.png[39m[0m
[   5% ] [90m[1mreimport[22m | ice_patch_v2_albedo.png[39m[0m
[   5% ] [90m[1mreimport[22m | ice_patch_v1_albedo.png[39m[0m
[   5% ] [90m[1mreimport[22m | hay_fibers_v1_albedo.png[39m[0m
[   6% ] [90m[1mreimport[22m | grass_verge_v2_albedo.png[39m[0m
[   6% ] [90m[1mreimport[22m | grass_verge_v1_albedo.png[39m[0m
[   6% ] [90m[1mreimport[22m | urman_t07_v01_basecolor.png[39m[0m
[   7% ] [90m[1mreimport[22m | urman_t04_v01_basecolor.png[39m[0m
[   7% ] [90m[1mreimport[22m | urman_t01_v02_basecolor.png[39m[0m
[   7% ] [90m[1mreimport[22m | urman_s02_v02_basecolor.png[39m[0m
[   7% ] [90m[1mreimport[22m | urman_s01_v01_basecolor.png[39m[0m
[   8% ] [90m[1mreimport[22m | urman_m05_v01_basecolor.png[39m[0m
[   8% ] [90m[1mreimport[22m | urman_f02_v02_basecolor.png[39m[0m
[   8% ] [90m[1mreimport[22m | urman_f01_v03_basecolor.png[39m[0m
[   8% ] [90m[1mreimport[22m | urman_b07_v02_basecolor.png[39m[0m
[   9% ] [90m[1mreimport[22m | urman_b04_v01_basecolor.png[39m[0m
[   9% ] [90m[1mreimport[22m | urman_b03_v01_basecolor.png[39m[0m
[   9% ] [90m[1mreimport[22m | urman_b01_v01_basecolor.png[39m[0m
[  10% ] [90m[1mreimport[22m | snow_trampled_v1_albedo.png[39m[0m
[  10% ] [90m[1mreimport[22m | snow_roof_v1_albedo.png[39m[0m
[  10% ] [90m[1mreimport[22m | snow_road_v1_albedo.png[39m[0m
[  10% ] [90m[1mreimport[22m | snow_micro_response.png[39m[0m
[  11% ] [90m[1mreimport[22m | snow_micro_normal.png[39m[0m
[  11% ] [90m[1mreimport[22m | snow_grass_peek_v1_albedo.png[39m[0m
[  11% ] [90m[1mreimport[22m | snow_fresh_v2_albedo.png[39m[0m
[  11% ] [90m[1mreimport[22m | snow_fresh_v1_albedo.png[39m[0m
[  12% ] [90m[1mreimport[22m | council_plate_avyl_sovety_v1.png[39m[0m
[  12% ] [90m[1mreimport[22m | chayan_magazine_preview_v1.png[39m[0m
[  12% ] [90m[1mreimport[22m | chayan_magazine_animated_v1_ChayanMagazine_PrintAtlas.png[39m[0m
[  13% ] [90m[1mreimport[22m | karaurman_milk_bottle_v1_karaurman_milk_bottle_label_v1.png[39m[0m
[  13% ] [90m[1mreimport[22m | karaurman_milk_bottle_preview_v1.png[39m[0m
[  13% ] [90m[1mreimport[22m | karaurman_milk_bottle_label_v1.png[39m[0m
[  13% ] [90m[1mreimport[22m | karaurman_chakchak_box_v1_KaraUrmanChakchakPrintAtlas.png[39m[0m
[  14% ] [90m[1mreimport[22m | karaurman_chakchak_box_v1_KaraUrmanChakchakContents.png[39m[0m
[  14% ] [90m[1mreimport[22m | karaurman_chakchak_box_preview_v1.png[39m[0m
[  14% ] [90m[1mreimport[22m | urman_winter_pine_Leaf_Pine_C.png[39m[0m
[  14% ] [90m[1mreimport[22m | school-class-2005.png[39m[0m
[  15% ] [90m[1mreimport[22m | kara_urman_edge_sketch_candidate_v1.png[39m[0m
[  15% ] [90m[1mreimport[22m | first_snow_existing_v1.png[39m[0m
[  15% ] [90m[1mreimport[22m | council-sabantuy-2005.png[39m[0m
[  15% ] [90m[1mreimport[22m | arrival_marat_childhood_existing_v1.png[39m[0m
[  16% ] [90m[1mreimport[22m | urman_character_kit_v2_T_Superhero_Male_Roughness.png[39m[0m
[  16% ] [90m[1mreimport[22m | urman_character_kit_v2_T_Superhero_Male_Normal.png[39m[0m
[  16% ] [90m[1mreimport[22m | urman_character_kit_v2_T_Superhero_Male_Ligh.png[39m[0m
[  17% ] [90m[1mreimport[22m | urman_character_kit_v2_T_Superhero_Female_Roughness.png[39m[0m
[  17% ] [90m[1mreimport[22m | urman_character_kit_v2_T_Superhero_Female_Normal.png[39m[0m
[  17% ] [90m[1mreimport[22m | frost_window_v1_albedo.png[39m[0m
[  17% ] [90m[1mreimport[22m | fabric_chit_v1_albedo.png[39m[0m
[  18% ] [90m[1mreimport[22m | damp_earth_v6_albedo.png[39m[0m
[  18% ] [90m[1mreimport[22m | damp_earth_v5_albedo.png[39m[0m
[  18% ] [90m[1mreimport[22m | damp_earth_v4_albedo.png[39m[0m
[  18% ] [90m[1mreimport[22m | damp_earth_v3_albedo.png[39m[0m
[  19% ] [90m[1mreimport[22m | damp_earth_v2_albedo.png[39m[0m
[  19% ] [90m[1mreimport[22m | damp_earth_albedo.png[39m[0m
[  19% ] [90m[1mreimport[22m | carpet_palas_v1_albedo.png[39m[0m
[  20% ] [90m[1mreimport[22m | bark_pine_v1_albedo.png[39m[0m
[  20% ] [90m[1mreimport[22m | bark_birch_v2_albedo.png[39m[0m
[  20% ] [90m[1mreimport[22m | bark_birch_v1_albedo.png[39m[0m
[  20% ] [90m[1mreimport[22m | aged_plaster_v3_albedo.png[39m[0m
[  21% ] [90m[1mreimport[22m | aged_plaster_v2_albedo.png[39m[0m
[  21% ] [90m[1mreimport[22m | aged_plaster_albedo.png[39m[0m
[  21% ] [90m[1mreimport[22m | mosque_prayer_carpet_v2_albedo.png[39m[0m
[  21% ] [90m[1mreimport[22m | mansur_age_v1_albedo.png[39m[0m
[  22% ] [90m[1mreimport[22m | shop_sign_ashamlyklar_v1.png[39m[0m
[  22% ] [90m[1mreimport[22m | school_plate_maktap_v1.png[39m[0m
[  22% ] [90m[1mreimport[22m | photo_first_snow_v1.png[39m[0m
[  23% ] [90m[1mreimport[22m | fap_plate_kara_urman_v1.png[39m[0m
[  23% ] [90m[1mreimport[22m | painted_wooden_bench_painted_wooden_bench_diff_1k.jpg[39m[0m
[  23% ] [90m[1mreimport[22m | painted_wooden_bench_painted_wooden_bench_arm_1k.jpg[39m[0m
[  23% ] [90m[1mreimport[22m | office_dining_chair_dining_chair.png[39m[0m
[  24% ] [90m[1mreimport[22m | office_chair_chair.png[39m[0m
[  24% ] [90m[1mreimport[22m | metal_office_desk_metal_office_desk_nor_gl_1k.jpg[39m[0m
[  24% ] [90m[1mreimport[22m | metal_office_desk_metal_office_desk_diff_1k.jpg[39m[0m
[  24% ] [90m[1mreimport[22m | metal_office_desk_metal_office_desk_arm_1k.jpg[39m[0m
[  25% ] [90m[1mreimport[22m | desk_lamp_arm_01_desk_lamp_arm_01_nor_gl_1k.jpg[39m[0m
[  25% ] [90m[1mreimport[22m | desk_lamp_arm_01_desk_lamp_arm_01_diff_1k.jpg[39m[0m
[  25% ] [90m[1mreimport[22m | desk_lamp_arm_01_desk_lamp_arm_01_arm_1k.jpg[39m[0m
[  26% ] [90m[1mreimport[22m | urman_app_icon_v1.png[39m[0m
[  26% ] [90m[1mreimport[22m | act1_menu_winter_v1.png[39m[0m
[  26% ] [90m[1mreimport[22m | tukay_portrait_v1_basecolor.png[39m[0m
[  26% ] [90m[1mreimport[22m | signs_exterior_v1_atlas.png[39m[0m
[  27% ] [90m[1mreimport[22m | signs_civic_b_v2_atlas.png[39m[0m
[  27% ] [90m[1mreimport[22m | signs_civic_b_v1_atlas.png[39m[0m
[  27% ] [90m[1mreimport[22m | signs_civic_a_v1_atlas.png[39m[0m
[  27% ] [90m[1mreimport[22m | quest_papers_v2_atlas.png[39m[0m
[  28% ] [90m[1mreimport[22m | quest_papers_v1_atlas.png[39m[0m
[  28% ] [90m[1mreimport[22m | postal_closure_v1_basecolor.png[39m[0m
[  28% ] [90m[1mreimport[22m | notices_v2_atlas.png[39m[0m
[  28% ] [90m[1mreimport[22m | document_notebook_sheet.png[39m[0m
[  29% ] [90m[1mreimport[22m | vaz2106_static_Image_10.jpg[39m[0m
[  29% ] [90m[1mreimport[22m | vaz2106_static_Image_9.png[39m[0m
[  29% ] [90m[1mreimport[22m | vaz2106_static_Image_8.png[39m[0m
[  30% ] [90m[1mreimport[22m | vaz2106_static_Image_7.png[39m[0m
[  30% ] [90m[1mreimport[22m | vaz2106_static_Image_6.png[39m[0m
[  30% ] [90m[1mreimport[22m | vaz2106_static_Image_5.png[39m[0m
[  30% ] [90m[1mreimport[22m | vaz2106_static_Image_4.png[39m[0m
[  31% ] [90m[1mreimport[22m | vaz2106_static_Image_3.png[39m[0m
[  31% ] [90m[1mreimport[22m | vaz2106_static_Image_2.png[39m[0m
[  31% ] [90m[1mreimport[22m | vaz2106_static_Image_1.png[39m[0m
[  31% ] [90m[1mreimport[22m | vaz2106_static_Image_0.png[39m[0m
[  32% ] [90m[1mreimport[22m | rotary_phone_Image_5.png[39m[0m
[  32% ] [90m[1mreimport[22m | rotary_phone_Image_4.png[39m[0m
[  32% ] [90m[1mreimport[22m | rotary_phone_Image_3.png[39m[0m
[  33% ] [90m[1mreimport[22m | rotary_phone_Image_2.png[39m[0m
[  33% ] [90m[1mreimport[22m | rotary_phone_Image_1.png[39m[0m
[  33% ] [90m[1mreimport[22m | rotary_phone_Image_0.png[39m[0m
[  33% ] [90m[1mreimport[22m | painted_wooden_cabinet_painted_wooden_cabinet_nor_gl_1k.jpg[39m[0m
[  34% ] [90m[1mreimport[22m | painted_wooden_cabinet_painted_wooden_cabinet_diff_1k.jpg[39m[0m
[  34% ] [90m[1mreimport[22m | painted_wooden_cabinet_painted_wooden_cabinet_arm_1k.jpg[39m[0m
[  34% ] [90m[1mreimport[22m | painted_wooden_bench_painted_wooden_bench_nor_gl_1k.jpg[39m[0m
[  34% ] [90m[1mreimport[22m | chayan_magazine_atlas_v1.png[39m[0m
[  35% ] [90m[1mreimport[22m | karaurman_milk_bottle_label_v1.png[39m[0m
[  35% ] [90m[1mreimport[22m | karaurman_chakchak_box_atlas_v1.png[39m[0m
[  35% ] [90m[1mreimport[22m | wood_carved_gate_v1_albedo.png[39m[0m
[  36% ] [90m[1mreimport[22m | weathered_wood_boards_v6_albedo.png[39m[0m
[  36% ] [90m[1mreimport[22m | weathered_wood_boards_v5_albedo.png[39m[0m
[  36% ] [90m[1mreimport[22m | weathered_wood_boards_v4_albedo.png[39m[0m
[  36% ] [90m[1mreimport[22m | weathered_wood_boards_v3_albedo.png[39m[0m
[  37% ] [90m[1mreimport[22m | weathered_wood_boards_v2_albedo.png[39m[0m
[  37% ] [90m[1mreimport[22m | weathered_wood_boards_albedo.png[39m[0m
[  37% ] [90m[1mreimport[22m | wall_institution_v1_albedo.png[39m[0m
[  37% ] [90m[1mreimport[22m | wallpaper_old_v2_albedo.png[39m[0m
[  38% ] [90m[1mreimport[22m | wallpaper_old_v1_albedo.png[39m[0m
[  38% ] [90m[1mreimport[22m | urman_w09_v01_basecolor.png[39m[0m
[  38% ] [90m[1mreimport[22m | urman_w08_v01_basecolor.png[39m[0m
[  39% ] [90m[1mreimport[22m | urman_w05_v02_basecolor.png[39m[0m
[  39% ] [90m[1mreimport[22m | urman_w04_v02_basecolor.png[39m[0m
[  39% ] [90m[1mreimport[22m | urman_w03_v01_basecolor.png[39m[0m
[  39% ] [90m[1mreimport[22m | urman_w02_v02_basecolor.png[39m[0m
[  40% ] [90m[1mreimport[22m | urman_w01_v01_basecolor.png[39m[0m
[  40% ] [90m[1mreimport[22m | urman_t10_v02_basecolor.png[39m[0m
[  40% ] [90m[1mreimport[22m | urman_t08_v01_basecolor.png[39m[0m
[  40% ] [90m[1mreimport[22m | notices_v1_atlas.png[39m[0m
[  41% ] [90m[1mreimport[22m | museum_towel_v1_basecolor.png[39m[0m
[  41% ] [90m[1mreimport[22m | herringbone_oak_v1_basecolor.png[39m[0m
[  41% ] [90m[1mreimport[22m | craft_details_v1_atlas.png[39m[0m
[  42% ] [90m[1mreimport[22m | costume_tag_v1_basecolor.png[39m[0m
[  42% ] [90m[1mreimport[22m | classroom_map_v1_basecolor.png[39m[0m
[  42% ] [90m[1mreimport[22m | children_drawings_v1_atlas.png[39m[0m
[  42% ] [90m[1mreimport[22m | chalkboard_lessons_v1_atlas.png[39m[0m
[  43% ] [90m[1mreimport[22m | unglazed_earthenware_source_v1_basecolor.png[39m[0m
[  43% ] [90m[1mreimport[22m | school_laminate_beige_v1_basecolor.png[39m[0m
[  43% ] [90m[1mreimport[22m | school_laminate_beige_source_v1_basecolor.png[39m[0m
[  43% ] [90m[1mreimport[22m | school_green_chalkboard_v1_basecolor.png[39m[0m
[  44% ] [90m[1mreimport[22m | samovar_brass_v1_basecolor.png[39m[0m
[  44% ] [90m[1mreimport[22m | public_red_brick_source_v1_basecolor.png[39m[0m
[  44% ] [90m[1mreimport[22m | public_concrete_source_v1_basecolor.png[39m[0m
[  44% ] [90m[1mreimport[22m | painted_steel_enamel_v1_basecolor.png[39m[0m
[  45% ] [90m[1mreimport[22m | moulded_rubber_black_v1_basecolor.png[39m[0m
[  45% ] [90m[1mreimport[22m | glazed_ceramic_cream_source_v1_basecolor.png[39m[0m
[  45% ] [90m[1mreimport[22m | galvanized_zinc_source_v1_basecolor.png[39m[0m
[  46% ] [90m[1mreimport[22m | bus_wheat_sun_mosaic_v1_basecolor.png[39m[0m
[  46% ] [90m[1mreimport[22m | burgundy_stage_velvet_v1_basecolor.png[39m[0m
[  46% ] [90m[1mreimport[22m | birch_plywood_varnished_v1_basecolor.png[39m[0m
[  46% ] [90m[1mreimport[22m | urman_character_kit_T_Eye_Brown.png[39m[0m
[  47% ] [90m[1mreimport[22m | urman_character_kit_T_Eye_Normal.png[39m[0m
[  47% ] [90m[1mreimport[22m | urman_character_kit_T_Superhero_Female_Dark_BaseColor.png[39m[0m
[  47% ] [90m[1mreimport[22m | urman_character_kit_T_Superhero_Female_Normal.png[39m[0m
[  47% ] [90m[1mreimport[22m | urman_character_kit_T_Superhero_Male_Dark.png[39m[0m
[  48% ] [90m[1mreimport[22m | urman_character_kit_T_Superhero_Male_Normal.png[39m[0m
[  48% ] [90m[1mreimport[22m | urman_character_kit_v2_old_lightskinned_female_diffuse.png[39m[0m
[  48% ] [90m[1mreimport[22m | urman_character_kit_v2_TamaraPolkaDot.png[39m[0m
[  49% ] [90m[1mreimport[22m | urman_character_kit_v2_T_Eye_Brown.png[39m[0m
[  49% ] [90m[1mreimport[22m | icon.png[39m[0m
[  49% ] [90m[1mreimport[22m | urman_character_kit_v2_T_Eye_Normal_png.png[39m[0m
[  49% ] [90m[1mreimport[22m | urman_character_kit_v2_T_Superhero_Female_Light_BaseColor.png[39m[0m
[  50% ] [90m[1mreimport[22m | urman_character_kit_v2_T_Hair_2_Normal.png[39m[0m
[  50% ] [90m[1mreimport[22m | urman_character_kit_v2_T_Hair_2_BaseColor.png[39m[0m
[  50% ] [90m[1mreimport[22m | urman_character_kit_v2_T_Hair_1_BaseColor.png[39m[0m
[  50% ] [90m[1mreimport[22m | urman_character_kit_v2_T_Hair_1_Normal_png.png[39m[0m
[  51% ] [90m[1mreimport[22m | local-workshop.wav[39m[0m
[  51% ] [90m[1mreimport[22m | family-salam.wav[39m[0m
[  51% ] [90m[1mreimport[22m | avyl-ident.wav[39m[0m
[  52% ] [90m[1mreimport[22m | step_wood_02.wav[39m[0m
[  52% ] [90m[1mreimport[22m | step_wood_01.wav[39m[0m
[  52% ] [90m[1mreimport[22m | step_wood_00.wav[39m[0m
[  52% ] [90m[1mreimport[22m | step_wet_road_02.wav[39m[0m
[  53% ] [90m[1mreimport[22m | step_wet_road_01.wav[39m[0m
[  53% ] [90m[1mreimport[22m | step_wet_road_00.wav[39m[0m
[  53% ] [90m[1mreimport[22m | step_snow_soft_02.wav[39m[0m
[  53% ] [90m[1mreimport[22m | step_snow_soft_01.wav[39m[0m
[  54% ] [90m[1mreimport[22m | step_snow_soft_00.wav[39m[0m
[  54% ] [90m[1mreimport[22m | step_snow_packed_02.wav[39m[0m
[  54% ] [90m[1mreimport[22m | step_snow_packed_01.wav[39m[0m
[  55% ] [90m[1mreimport[22m | step_snow_packed_00.wav[39m[0m
[  55% ] [90m[1mreimport[22m | step_mud_02.wav[39m[0m
[  55% ] [90m[1mreimport[22m | step_mud_01.wav[39m[0m
[  55% ] [90m[1mreimport[22m | step_mud_00.wav[39m[0m
[  56% ] [90m[1mreimport[22m | step_interior_floor_02.wav[39m[0m
[  56% ] [90m[1mreimport[22m | step_interior_floor_01.wav[39m[0m
[  56% ] [90m[1mreimport[22m | step_interior_floor_00.wav[39m[0m
[  56% ] [90m[1mreimport[22m | forest_branch.wav[39m[0m
[  57% ] [90m[1mreimport[22m | garmon.wav[39m[0m
[  57% ] [90m[1mreimport[22m | dog_distant.wav[39m[0m
[  57% ] [90m[1mreimport[22m | crows.wav[39m[0m
[  57% ] [90m[1mreimport[22m | cow_distant.wav[39m[0m
[  58% ] [90m[1mreimport[22m | cow.wav[39m[0m
[  58% ] [90m[1mreimport[22m | children.wav[39m[0m
[  58% ] [90m[1mreimport[22m | chatter.wav[39m[0m
[  59% ] [90m[1mreimport[22m | bullfinch.wav[39m[0m
[  59% ] [90m[1mreimport[22m | boots_snow.wav[39m[0m
[  59% ] [90m[1mreimport[22m | barn_hens.wav[39m[0m
[  59% ] [90m[1mreimport[22m | axe.wav[39m[0m
[  60% ] [90m[1mreimport[22m | adhan.wav[39m[0m
[  60% ] [90m[1mreimport[22m | music-one.wav[39m[0m
[  60% ] [90m[1mreimport[22m | winter-weather.wav[39m[0m
[  60% ] [90m[1mreimport[22m | winter-congratulations.wav[39m[0m
[  61% ] [90m[1mreimport[22m | village-photos.wav[39m[0m
[  61% ] [90m[1mreimport[22m | school-bus.wav[39m[0m
[  61% ] [90m[1mreimport[22m | night-repeat.wav[39m[0m
[  62% ] [90m[1mreimport[22m | nearby-villages.wav[39m[0m
[  62% ] [90m[1mreimport[22m | lost-glove.wav[39m[0m
[  62% ] [90m[1mreimport[22m | owl_eagle.wav[39m[0m
[  62% ] [90m[1mreimport[22m | low_moan.wav[39m[0m
[  63% ] [90m[1mreimport[22m | knockout_ring.wav[39m[0m
[  63% ] [90m[1mreimport[22m | heartbeat.wav[39m[0m
[  63% ] [90m[1mreimport[22m | gasp.wav[39m[0m
[  63% ] [90m[1mreimport[22m | fox_scream.wav[39m[0m
[  64% ] [90m[1mreimport[22m | dread_drone.wav[39m[0m
[  64% ] [90m[1mreimport[22m | brush_rustle.wav[39m[0m
[  64% ] [90m[1mreimport[22m | branch_crack.wav[39m[0m
[  65% ] [90m[1mreimport[22m | body_fall.wav[39m[0m
[  65% ] [90m[1mreimport[22m | bridge_rope_rattle.wav[39m[0m
[  65% ] [90m[1mreimport[22m | bridge_groan_loop.wav[39m[0m
[  65% ] [90m[1mreimport[22m | spirit_wet_step.wav[39m[0m
[  66% ] [90m[1mreimport[22m | spirit_exhale.wav[39m[0m
[  66% ] [90m[1mreimport[22m | spirit_creak.wav[39m[0m
[  66% ] [90m[1mreimport[22m | spirit_breath_loop.wav[39m[0m
[  66% ] [90m[1mreimport[22m | water_scoop.wav[39m[0m
[  67% ] [90m[1mreimport[22m | steam_burst.wav[39m[0m
[  67% ] [90m[1mreimport[22m | drip_loop.wav[39m[0m
[  67% ] [90m[1mreimport[22m | banya_room_loop.wav[39m[0m
[  68% ] [90m[1mreimport[22m | 4000.wav[39m[0m
[  68% ] [90m[1mreimport[22m | step_grass_02.wav[39m[0m
[  68% ] [90m[1mreimport[22m | step_grass_01.wav[39m[0m
[  68% ] [90m[1mreimport[22m | step_grass_00.wav[39m[0m
[  69% ] [90m[1mreimport[22m | wood_tap.wav[39m[0m
[  69% ] [90m[1mreimport[22m | ui_click.wav[39m[0m
[  69% ] [90m[1mreimport[22m | paper_open.wav[39m[0m
[  69% ] [90m[1mreimport[22m | metal_rattle.wav[39m[0m
[  70% ] [90m[1mreimport[22m | keyboard_key.wav[39m[0m
[  70% ] [90m[1mreimport[22m | hollow_board.wav[39m[0m
[  70% ] [90m[1mreimport[22m | door_creak.wav[39m[0m
[  71% ] [90m[1mreimport[22m | creak_02.wav[39m[0m
[  71% ] [90m[1mreimport[22m | creak_01.wav[39m[0m
[  71% ] [90m[1mreimport[22m | creak_00.wav[39m[0m
[  71% ] [90m[1mreimport[22m | wolf_far.wav[39m[0m
[  72% ] [90m[1mreimport[22m | wind_gust.wav[39m[0m
[  72% ] [90m[1mreimport[22m | strange_clicks.wav[39m[0m
[  72% ] [90m[1mreimport[22m | scare_sting.wav[39m[0m
[  72% ] [90m[1mreimport[22m | rush_close.wav[39m[0m
[  73% ] [90m[1mreimport[22m | runner_past.wav[39m[0m
[  73% ] [90m[1mreimport[22m | radio_evp.wav[39m[0m
[  73% ] [90m[1mreimport[22m | owl_tawny.wav[39m[0m
[  73% ] [90m[1mreimport[22m | kettle.wav[39m[0m
[  74% ] [90m[1mreimport[22m | music.wav[39m[0m
[  74% ] [90m[1mreimport[22m | plates.wav[39m[0m
[  74% ] [90m[1mreimport[22m | sewing.wav[39m[0m
[  75% ] [90m[1mreimport[22m | shovel.wav[39m[0m
[  75% ] [90m[1mreimport[22m | tap.wav[39m[0m
[  75% ] [90m[1mreimport[22m | tea.wav[39m[0m
[  75% ] [90m[1mreimport[22m | forest-babai-name-v2.wav[39m[0m
[  76% ] [90m[1mreimport[22m | forest-call-far.wav[39m[0m
[  76% ] [90m[1mreimport[22m | forest-call-hey.wav[39m[0m
[  76% ] [90m[1mreimport[22m | forest-come-here.wav[39m[0m
[  76% ] [90m[1mreimport[22m | forest-name-call.wav[39m[0m
[  77% ] [90m[1mreimport[22m | forest-wake-muffled.wav[39m[0m
[  77% ] [90m[1mreimport[22m | forest-wake-v2.wav[39m[0m
[  77% ] [90m[1mreimport[22m | forest-wake.wav[39m[0m
[  78% ] [90m[1mreimport[22m | prologue-niva-fluent-reply.wav[39m[0m
[  78% ] [90m[1mreimport[22m | prologue-niva-none-reply.wav[39m[0m
[  78% ] [90m[1mreimport[22m | prologue-niva-question.wav[39m[0m
[  78% ] [90m[1mreimport[22m | prologue-niva-skip-reply.wav[39m[0m
[  79% ] [90m[1mreimport[22m | prologue-niva-some-reply.wav[39m[0m
[  79% ] [90m[1mreimport[22m | prologue-ride-bark-nightmare.lvl-fluent.wav[39m[0m
[  79% ] [90m[1mreimport[22m | prologue-ride-bark-nightmare.lvl-some.wav[39m[0m
[  79% ] [90m[1mreimport[22m | prologue-ride-bark-nightmare.wav[39m[0m
[  80% ] [90m[1mreimport[22m | fap_institutional.wav[39m[0m
[  80% ] [90m[1mreimport[22m | house_room_tone.wav[39m[0m
[  80% ] [90m[1mreimport[22m | kara_urman_edge_ambience.wav[39m[0m
[  81% ] [90m[1mreimport[22m | village_arrival.wav[39m[0m
[  81% ] [90m[1mreimport[22m | village_day_ambience.wav[39m[0m
[  81% ] [90m[1mreimport[22m | village_return.wav[39m[0m
[  81% ] [90m[1mreimport[22m | village_yard.wav[39m[0m
[  82% ] [90m[1mreimport[22m | water_edge_ambience.wav[39m[0m
[  82% ] [90m[1mreimport[22m | zirat_wind.wav[39m[0m
[  82% ] [90m[1mreimport[22m | gate.wav[39m[0m
[  82% ] [90m[1mreimport[22m | gate_squeak.wav[39m[0m
[  83% ] [90m[1mreimport[22m | gramophone_music.wav[39m[0m
[  83% ] [90m[1mreimport[22m | horse.wav[39m[0m
[  83% ] [90m[1mreimport[22m | house_hum.wav[39m[0m
[  84% ] [90m[1mreimport[22m | laughter.wav[39m[0m
[  84% ] [90m[1mreimport[22m | magpie.wav[39m[0m
[  84% ] [90m[1mreimport[22m | pot.wav[39m[0m
[  84% ] [90m[1mreimport[22m | raven.wav[39m[0m
[  85% ] [90m[1mreimport[22m | saw.wav[39m[0m
[  85% ] [90m[1mreimport[22m | song_ellar_chakyra.wav[39m[0m
[  85% ] [90m[1mreimport[22m | song_iske_kara_urman.wav[39m[0m
[  85% ] [90m[1mreimport[22m | song_kubalek.wav[39m[0m
[  86% ] [90m[1mreimport[22m | song_tatarskoe_selo.wav[39m[0m
[  86% ] [90m[1mreimport[22m | song_tynlarsynmy.wav[39m[0m
[  86% ] [90m[1mreimport[22m | stove.wav[39m[0m
[  86% ] [90m[1mreimport[22m | hens.wav[39m[0m
[  87% ] [90m[1mreimport[22m | dog.wav[39m[0m
[  87% ] [90m[1mreimport[22m | cutlery.wav[39m[0m
[  87% ] [90m[1mreimport[22m | clock.wav[39m[0m
[  88% ] [90m[1mreimport[22m | cat.wav[39m[0m
[  88% ] [90m[1mreimport[22m | broom.wav[39m[0m
[  88% ] [90m[1mreimport[22m | vinyl_crackle.wav[39m[0m
[  88% ] [90m[1mreimport[22m | village_life_layer.wav[39m[0m
[  89% ] [90m[1mreimport[22m | village_dread_layer.wav[39m[0m
[  89% ] [90m[1mreimport[22m | stove_kindling.wav[39m[0m
[  89% ] [90m[1mreimport[22m | tit.wav[39m[0m
[  89% ] [90m[1mreimport[22m | tv.wav[39m[0m
[  90% ] [90m[1mreimport[22m | tv_movie.wav[39m[0m
[  90% ] [90m[1mreimport[22m | tv_news.wav[39m[0m
[  90% ] [90m[1mreimport[22m | tv_static.wav[39m[0m
[  91% ] [90m[1mreimport[22m | tv_switch.wav[39m[0m
[  91% ] [90m[1mreimport[22m | valenki.wav[39m[0m
[  91% ] [90m[1mreimport[22m | agentb_kara_edge_kit.glb[39m[0m
[   0% ] [90m[1mimport[22m | Started Импортировать сцену (104 steps)[39m[0m
[   0% ] [90m[1mimport[22m | Импорт сцены…[39m[0m
[   1% ] [90m[1mimport[22m | Запуск пользовательского скрипта…[39m[0m
[  99% ] [90m[1mimport[22m | Сохранение…[39m[0m
[92m[ DONE ][39m [1mimport[22m
[0m
[  91% ] [90m[1mreimport[22m | agentb_foliage_kit.glb[39m[0m
[   0% ] [90m[1mimport[22m | Started Импортировать сцену (104 steps)[39m[0m
[   0% ] [90m[1mimport[22m | Импорт сцены…[39m[0m
[   1% ] [90m[1mimport[22m | Запуск пользовательского скрипта…[39m[0m
[  99% ] [90m[1mimport[22m | Сохранение…[39m[0m
[92m[ DONE ][39m [1mimport[22m
[0m
[  92% ] [90m[1mreimport[22m | vaz2106_static.glb[39m[0m
[   0% ] [90m[1mimport[22m | Started Импортировать сцену (104 steps)[39m[0m
[   0% ] [90m[1mimport[22m | Импорт сцены…[39m[0m
[   1% ] [90m[1mimport[22m | Запуск пользовательского скрипта…[39m[0m
[  99% ] [90m[1mimport[22m | Сохранение…[39m[0m
[92m[ DONE ][39m [1mimport[22m
[0m
[  92% ] [90m[1mreimport[22m | urman_zirat_roadside_kit.glb[39m[0m
[   0% ] [90m[1mimport[22m | Started Импортировать сцену (104 steps)[39m[0m
[   0% ] [90m[1mimport[22m | Импорт сцены…[39m[0m
[   1% ] [90m[1mimport[22m | Запуск пользовательского скрипта…[39m[0m
[  99% ] [90m[1mimport[22m | Сохранение…[39m[0m
[92m[ DONE ][39m [1mimport[22m
[0m
[  92% ] [90m[1mreimport[22m | urman_winter_pine.glb[39m[0m
[   0% ] [90m[1mimport[22m | Started Импортировать сцену (104 steps)[39m[0m
[   0% ] [90m[1mimport[22m | Импорт сцены…[39m[0m
[   1% ] [90m[1mimport[22m | Запуск пользовательского скрипта…[39m[0m
[  99% ] [90m[1mimport[22m | Сохранение…[39m[0m
[92m[ DONE ][39m [1mimport[22m
[0m
[  92% ] [90m[1mreimport[22m | urman_winter_dead_tree.glb[39m[0m
[   0% ] [90m[1mimport[22m | Started Импортировать сцену (104 steps)[39m[0m
[   0% ] [90m[1mimport[22m | Импорт сцены…[39m[0m
[   1% ] [90m[1mimport[22m | Запуск пользовательского скрипта…[39m[0m
[  99% ] [90m[1mimport[22m | Сохранение…[39m[0m
[92m[ DONE ][39m [1mimport[22m
[0m
[  93% ] [90m[1mreimport[22m | urman_wet_village_road_kit.glb[39m[0m
[   0% ] [90m[1mimport[22m | Started Импортировать сцену (104 steps)[39m[0m
[   0% ] [90m[1mimport[22m | Импорт сцены…[39m[0m
[   1% ] [90m[1mimport[22m | Запуск пользовательского скрипта…[39m[0m
[  99% ] [90m[1mimport[22m | Сохранение…[39m[0m
[92m[ DONE ][39m [1mimport[22m
[0m
[  93% ] [90m[1mreimport[22m | urman_village_exterior_kit.glb[39m[0m
[   0% ] [90m[1mimport[22m | Started Импортировать сцену (104 steps)[39m[0m
[   0% ] [90m[1mimport[22m | Импорт сцены…[39m[0m
[   1% ] [90m[1mimport[22m | Запуск пользовательского скрипта…[39m[0m
[  99% ] [90m[1mimport[22m | Сохранение…[39m[0m
[92m[ DONE ][39m [1mimport[22m
[0m
[  93% ] [90m[1mreimport[22m | urman_kara_forest_edge_kit.glb[39m[0m
[   0% ] [90m[1mimport[22m | Started Импортировать сцену (104 steps)[39m[0m
[   0% ] [90m[1mimport[22m | Импорт сцены…[39m[0m
[   1% ] [90m[1mimport[22m | Запуск пользовательского скрипта…[39m[0m
[  99% ] [90m[1mimport[22m | Сохранение…[39m[0m
[92m[ DONE ][39m [1mimport[22m
[0m
[  94% ] [90m[1mreimport[22m | urman_fap_clinic_kit.glb[39m[0m
[   0% ] [90m[1mimport[22m | Started Импортировать сцену (104 steps)[39m[0m
[   0% ] [90m[1mimport[22m | Импорт сцены…[39m[0m
[   1% ] [90m[1mimport[22m | Запуск пользовательского скрипта…[39m[0m
[  99% ] [90m[1mimport[22m | Сохранение…[39m[0m
[92m[ DONE ][39m [1mimport[22m
[0m
[  94% ] [90m[1mreimport[22m | urman_forest_edge_kit.glb[39m[0m
[   0% ] [90m[1mimport[22m | Started Импортировать сцену (104 steps)[39m[0m
[   0% ] [90m[1mimport[22m | Импорт сцены…[39m[0m
[   1% ] [90m[1mimport[22m | Запуск пользовательского скрипта…[39m[0m
[  99% ] [90m[1mimport[22m | Сохранение…[39m[0m
[92m[ DONE ][39m [1mimport[22m
[0m
[  94% ] [90m[1mreimport[22m | urman_character_kit_v2.glb[39m[0m
[   0% ] [90m[1mimport[22m | Started Импортировать сцену (104 steps)[39m[0m
[   0% ] [90m[1mimport[22m | Импорт сцены…[39m[0m
[   1% ] [90m[1mimport[22m | Запуск пользовательского скрипта…[39m[0m
[  99% ] [90m[1mimport[22m | Сохранение…[39m[0m
[92m[ DONE ][39m [1mimport[22m
[0m
[  94% ] [90m[1mreimport[22m | urman_modular_kit.glb[39m[0m
[   0% ] [90m[1mimport[22m | Started Импортировать сцену (104 steps)[39m[0m
[   0% ] [90m[1mimport[22m | Импорт сцены…[39m[0m
[   1% ] [90m[1mimport[22m | Запуск пользовательского скрипта…[39m[0m
[  99% ] [90m[1mimport[22m | Сохранение…[39m[0m
[92m[ DONE ][39m [1mimport[22m
[0m
[  95% ] [90m[1mreimport[22m | urman_niva.glb[39m[0m
[   0% ] [90m[1mimport[22m | Started Импортировать сцену (104 steps)[39m[0m
[   0% ] [90m[1mimport[22m | Импорт сцены…[39m[0m
[   1% ] [90m[1mimport[22m | Запуск пользовательского скрипта…[39m[0m
[  99% ] [90m[1mimport[22m | Сохранение…[39m[0m
[92m[ DONE ][39m [1mimport[22m
[0m
[  95% ] [90m[1mreimport[22m | ual1_standard.glb[39m[0m
[   0% ] [90m[1mimport[22m | Started Импортировать сцену (104 steps)[39m[0m
[   0% ] [90m[1mimport[22m | Импорт сцены…[39m[0m
[   1% ] [90m[1mimport[22m | Запуск пользовательского скрипта…[39m[0m
[  99% ] [90m[1mimport[22m | Сохранение…[39m[0m
[92m[ DONE ][39m [1mimport[22m
[0m
[  95% ] [90m[1mreimport[22m | agentb_terrain_road_kit.glb[39m[0m
[   0% ] [90m[1mimport[22m | Started Импортировать сцену (104 steps)[39m[0m
[   0% ] [90m[1mimport[22m | Импорт сцены…[39m[0m
[   1% ] [90m[1mimport[22m | Запуск пользовательского скрипта…[39m[0m
[  99% ] [90m[1mimport[22m | Сохранение…[39m[0m
[92m[ DONE ][39m [1mimport[22m
[0m
[  95% ] [90m[1mreimport[22m | agentb_village_buildings_kit.glb[39m[0m
[   0% ] [90m[1mimport[22m | Started Импортировать сцену (104 steps)[39m[0m
[   0% ] [90m[1mimport[22m | Импорт сцены…[39m[0m
[   1% ] [90m[1mimport[22m | Запуск пользовательского скрипта…[39m[0m
[  99% ] [90m[1mimport[22m | Сохранение…[39m[0m
[92m[ DONE ][39m [1mimport[22m
[0m
[  96% ] [90m[1mreimport[22m | agentb_zirat_kit.glb[39m[0m
[   0% ] [90m[1mimport[22m | Started Импортировать сцену (104 steps)[39m[0m
[   0% ] [90m[1mimport[22m | Импорт сцены…[39m[0m
[   1% ] [90m[1mimport[22m | Запуск пользовательского скрипта…[39m[0m
[  99% ] [90m[1mimport[22m | Сохранение…[39m[0m
[92m[ DONE ][39m [1mimport[22m
[0m
[  96% ] [90m[1mreimport[22m | karaurman_chakchak_box_v1.glb[39m[0m
[   0% ] [90m[1mimport[22m | Started Импортировать сцену (104 steps)[39m[0m
[   0% ] [90m[1mimport[22m | Импорт сцены…[39m[0m
[   1% ] [90m[1mimport[22m | Запуск пользовательского скрипта…[39m[0m
[  99% ] [90m[1mimport[22m | Сохранение…[39m[0m
[92m[ DONE ][39m [1mimport[22m
[0m
[  96% ] [90m[1mreimport[22m | rotary_phone.glb[39m[0m
[   0% ] [90m[1mimport[22m | Started Импортировать сцену (104 steps)[39m[0m
[   0% ] [90m[1mimport[22m | Импорт сцены…[39m[0m
[   1% ] [90m[1mimport[22m | Запуск пользовательского скрипта…[39m[0m
[  99% ] [90m[1mimport[22m | Сохранение…[39m[0m
[92m[ DONE ][39m [1mimport[22m
[0m
[  97% ] [90m[1mreimport[22m | urman_character_kit.glb[39m[0m
[   0% ] [90m[1mimport[22m | Started Импортировать сцену (104 steps)[39m[0m
[   0% ] [90m[1mimport[22m | Импорт сцены…[39m[0m
[   1% ] [90m[1mimport[22m | Запуск пользовательского скрипта…[39m[0m
[  99% ] [90m[1mimport[22m | Сохранение…[39m[0m
[92m[ DONE ][39m [1mimport[22m
[0m
[  97% ] [90m[1mreimport[22m | karaurman_milk_bottle_v1.glb[39m[0m
[   0% ] [90m[1mimport[22m | Started Импортировать сцену (104 steps)[39m[0m
[   0% ] [90m[1mimport[22m | Импорт сцены…[39m[0m
[   1% ] [90m[1mimport[22m | Запуск пользовательского скрипта…[39m[0m
[  99% ] [90m[1mimport[22m | Сохранение…[39m[0m
[92m[ DONE ][39m [1mimport[22m
[0m
[  97% ] [90m[1mreimport[22m | urman_act1_village_landmark_kit.glb[39m[0m
[   0% ] [90m[1mimport[22m | Started Импортировать сцену (104 steps)[39m[0m
[   0% ] [90m[1mimport[22m | Импорт сцены…[39m[0m
[   1% ] [90m[1mimport[22m | Запуск пользовательского скрипта…[39m[0m
[  99% ] [90m[1mimport[22m | Сохранение…[39m[0m
[92m[ DONE ][39m [1mimport[22m
[0m
[  97% ] [90m[1mreimport[22m | painted_wooden_cabinet.glb[39m[0m
[   0% ] [90m[1mimport[22m | Started Импортировать сцену (104 steps)[39m[0m
[   0% ] [90m[1mimport[22m | Импорт сцены…[39m[0m
[   1% ] [90m[1mimport[22m | Запуск пользовательского скрипта…[39m[0m
[  99% ] [90m[1mimport[22m | Сохранение…[39m[0m
[92m[ DONE ][39m [1mimport[22m
[0m
[  98% ] [90m[1mreimport[22m | chayan_magazine_animated_v1.glb[39m[0m
[   0% ] [90m[1mimport[22m | Started Импортировать сцену (104 steps)[39m[0m
[   0% ] [90m[1mimport[22m | Импорт сцены…[39m[0m
[   1% ] [90m[1mimport[22m | Запуск пользовательского скрипта…[39m[0m
[  99% ] [90m[1mimport[22m | Сохранение…[39m[0m
[92m[ DONE ][39m [1mimport[22m
[0m
[  98% ] [90m[1mreimport[22m | painted_wooden_bench.glb[39m[0m
[   0% ] [90m[1mimport[22m | Started Импортировать сцену (104 steps)[39m[0m
[   0% ] [90m[1mimport[22m | Импорт сцены…[39m[0m
[   1% ] [90m[1mimport[22m | Запуск пользовательского скрипта…[39m[0m
[  99% ] [90m[1mimport[22m | Сохранение…[39m[0m
[92m[ DONE ][39m [1mimport[22m
[0m
[  98% ] [90m[1mreimport[22m | office_dining_chair.glb[39m[0m
[   0% ] [90m[1mimport[22m | Started Импортировать сцену (104 steps)[39m[0m
[   0% ] [90m[1mimport[22m | Импорт сцены…[39m[0m
[   1% ] [90m[1mimport[22m | Запуск пользовательского скрипта…[39m[0m
[  99% ] [90m[1mimport[22m | Сохранение…[39m[0m
[92m[ DONE ][39m [1mimport[22m
[0m
[  98% ] [90m[1mreimport[22m | office_chair.glb[39m[0m
[   0% ] [90m[1mimport[22m | Started Импортировать сцену (104 steps)[39m[0m
[   0% ] [90m[1mimport[22m | Импорт сцены…[39m[0m
[   1% ] [90m[1mimport[22m | Запуск пользовательского скрипта…[39m[0m
[  99% ] [90m[1mimport[22m | Сохранение…[39m[0m
[92m[ DONE ][39m [1mimport[22m
[0m
[  99% ] [90m[1mreimport[22m | metal_office_desk.glb[39m[0m
[   0% ] [90m[1mimport[22m | Started Импортировать сцену (104 steps)[39m[0m
[   0% ] [90m[1mimport[22m | Импорт сцены…[39m[0m
[   1% ] [90m[1mimport[22m | Запуск пользовательского скрипта…[39m[0m
[  99% ] [90m[1mimport[22m | Сохранение…[39m[0m
[92m[ DONE ][39m [1mimport[22m
[0m
[  99% ] [90m[1mreimport[22m | desk_lamp_arm_01.glb[39m[0m
[   0% ] [90m[1mimport[22m | Started Импортировать сцену (104 steps)[39m[0m
[   0% ] [90m[1mimport[22m | Импорт сцены…[39m[0m
[   1% ] [90m[1mimport[22m | Запуск пользовательского скрипта…[39m[0m
[  99% ] [90m[1mimport[22m | Сохранение…[39m[0m
[92m[ DONE ][39m [1mimport[22m
[0m
[  99% ] [90m[1mreimport[22m | Завершение импорта активов…[39m[0m
[92m[ DONE ][39m [1mreimport[22m
[0m
[   0% ] [90m[1mreimport[22m | Started Импорт или повторный импорт ассетов (368 steps)[39m[0m
[   0% ] [90m[1mreimport[22m | Выполнение операций после реимпорта…[39m[0m
[92m[ DONE ][39m [1mreimport[22m
[0m
[   0% ] [90m[1mloading_editor_layout[22m | Started Загрузка редактора (5 steps)[39m[0m
[   0% ] [90m[1mloading_editor_layout[22m | Загрузка макета редактора…[39m[0m
[  16% ] [90m[1mloading_editor_layout[22m | Загрузка док-панели…[39m[0m
[92m[ DONE ][39m [1mloading_editor_layout[22m
[0m
userdata guard: original files restored by rename and verified (Windows ACLs not compared)
Godot Engine v4.7.1.stable.mono.official.a13da4feb - https://godotengine.org
Vulkan 1.3.280 - Forward+ - Using Device #0: NVIDIA - NVIDIA GeForce GTX 970

act1-kit-lod-parity-notice: /root/Act1FootstepLagProbe/Main/ZoneHost/Act1ConnectedWorld/village-main-road/GeneratedModularKit variant=style-day-house pairs=12 overTolerance=1 worstCrown=100.00% worstHeight=0.15% worstBase=1.70% rootOffset=0.0000m
act1-kit-lod-parity-notice: /root/Act1FootstepLagProbe/Main/ZoneHost/Act1ConnectedWorld/village-main-road/@Node3D@304 variant=style-day-well pairs=7 overTolerance=7 worstCrown=100.00% worstHeight=0.42% worstBase=100.00% rootOffset=0.0000m
act1-kit-lod-parity-notice: /root/Act1FootstepLagProbe/Main/ZoneHost/Act1ConnectedWorld/village-main-road/@Node3D@307 variant=style-day-woodpile pairs=4 overTolerance=4 worstCrown=2.20% worstHeight=0.00% worstBase=0.40% rootOffset=0.0000m
act1-kit-lod-parity-notice: /root/Act1FootstepLagProbe/Main/ZoneHost/Act1ConnectedWorld/babay-abi-house/GeneratedModularKit variant=style-house-interior-eight-by-seven pairs=46 overTolerance=25 worstCrown=9.89% worstHeight=13.92% worstBase=15.96% rootOffset=0.0000m
act1-kit-lod-parity-notice: /root/Act1FootstepLagProbe/Main/ZoneHost/Act1ConnectedWorld/babay-abi-house/GeneratedModularKit variant=style-house-old-pc pairs=8 overTolerance=3 worstCrown=2.55% worstHeight=7.22% worstBase=0.11% rootOffset=0.0000m
act1-kit-lod-parity-notice: /root/Act1FootstepLagProbe/Main/ZoneHost/Act1ConnectedWorld/kara-urman-edge/GeneratedModularKit variant=style-forest-pine pairs=2 overTolerance=2 worstCrown=4.26% worstHeight=0.45% worstBase=3.77% rootOffset=0.0000m
act1-kit-lod-parity-notice: /root/Act1FootstepLagProbe/Main/ZoneHost/Act1ConnectedWorld/kara-urman-edge/@Node3D@1228 variant=style-forest-pine pairs=2 overTolerance=2 worstCrown=4.26% worstHeight=0.45% worstBase=3.77% rootOffset=0.0000m
act1-kit-lod-parity-notice: /root/Act1FootstepLagProbe/Main/ZoneHost/Act1ConnectedWorld/kara-urman-edge/@Node3D@1229 variant=style-forest-pine pairs=2 overTolerance=2 worstCrown=4.26% worstHeight=0.45% worstBase=3.77% rootOffset=0.0000m
WARNING: PainterlyMaterialLibrary: surface 'snow_ground' has no declared mode; it gets the flat world-space default.
   at: Godot.Material Urman.Godot.PainterlyMaterialLibrary.ForColor(string, string, bool) (res://scripts/PainterlyMaterialLibrary.cs:1406)
   C# backtrace (most recent call first):
       [0] void Godot.GD.PushWarning(string) (/root/godot/modules/mono/glue/GodotSharp/GodotSharp/Core/GD.cs:396)
       [1] Godot.Material Urman.Godot.PainterlyMaterialLibrary.ForColor(string, string, bool) (D:\URMAN-STATION\data\runs\2cf68876477348b5a2ed2157ba415b77\source\game\scripts\PainterlyMaterialLibrary.cs:1406)
       [2] void Urman.Godot.Act1ConnectedWorld.BuildArrivalKitchenGardens(Godot.Node3D) (D:\URMAN-STATION\data\runs\2cf68876477348b5a2ed2157ba415b77\source\game\scripts\Act1ConnectedWorld.cs:6239)
       [3] void Urman.Godot.Act1ConnectedWorld.BuildCoreArrival(Godot.Node3D) (D:\URMAN-STATION\data\runs\2cf68876477348b5a2ed2157ba415b77\source\game\scripts\Act1ConnectedWorld.cs:5960)
       [4] void Urman.Godot.Act1ConnectedWorld.BuildAct1CoreWorldGreybox() (D:\URMAN-STATION\data\runs\2cf68876477348b5a2ed2157ba415b77\source\game\scripts\Act1ConnectedWorld.cs:1145)
       [5] void Urman.Godot.Act1ConnectedWorld.ProfileWorldBuildStep(string, System.Action) (D:\URMAN-STATION\data\runs\2cf68876477348b5a2ed2157ba415b77\source\game\scripts\Act1ConnectedWorld.cs:6348)
       [6] void Urman.Godot.Act1ConnectedWorld.Build() (D:\URMAN-STATION\data\runs\2cf68876477348b5a2ed2157ba415b77\source\game\scripts\Act1ConnectedWorld.cs:407)
       [7] void Urman.Godot.Act1ConnectedWorld._Ready() (D:\URMAN-STATION\data\runs\2cf68876477348b5a2ed2157ba415b77\source\game\scripts\Act1ConnectedWorld.cs:309)
       [8] bool Godot.Node.InvokeGodotClassMethod(Godot.NativeInterop.godot_string_name&, Godot.NativeInterop.NativeVariantPtrArgs, Godot.NativeInterop.godot_variant&) (/root/godot/modules/mono/glue/GodotSharp/GodotSharp/Generated/GodotObjects/Node.cs:2660)
       [9] bool Godot.Node3D.InvokeGodotClassMethod(Godot.NativeInterop.godot_string_name&, Godot.NativeInterop.NativeVariantPtrArgs, Godot.NativeInterop.godot_variant&) (/root/godot/modules/mono/glue/GodotSharp/GodotSharp/Generated/GodotObjects/Node3D.cs:1127)
       [10] bool Urman.Godot.Act1ConnectedWorld.InvokeGodotClassMethod(Godot.NativeInterop.godot_string_name&, Godot.NativeInterop.NativeVariantPtrArgs, Godot.NativeInterop.godot_variant&) (D:\URMAN-STATION\data\runs\2cf68876477348b5a2ed2157ba415b77\source\game\.godot\mono\temp\obj\Debug\Godot.SourceGenerators\Godot.SourceGenerators.ScriptMethodsGenerator\Urman.Godot.Act1ConnectedWorld_ScriptMethods.generated.cs:5726)
       [11] Godot.NativeInterop.godot_bool Godot.Bridge.CSharpInstanceBridge.Call(nint, Godot.NativeInterop.godot_string_name*, Godot.NativeInterop.godot_variant**, int, Godot.NativeInterop.godot_variant_call_error*, Godot.NativeInterop.godot_variant*) (/root/godot/modules/mono/glue/GodotSharp/GodotSharp/Core/Bridge/CSharpInstanceBridge.cs:24)
       [12] void Godot.NativeInterop.NativeFuncs.godotsharp_method_bind_ptrcall(nint, nint, System.Void**, System.Void*) (/root/godot/modules/mono/glue/GodotSharp/GodotSharp/Godot.SourceGenerators.Internal/Godot.SourceGenerators.Internal.UnmanagedCallbacksGenerator/Godot.NativeInterop.NativeFuncs.generated.cs:380)
       [13] void Godot.NativeCalls.godot_icall_3_912(nint, nint, nint, Godot.NativeInterop.godot_bool, int) (/root/godot/modules/mono/glue/GodotSharp/GodotSharp/Generated/NativeCalls.cs:8061)
       [14] void Godot.Node.AddChild(Godot.Node, bool, Godot.Node+InternalMode) (/root/godot/modules/mono/glue/GodotSharp/GodotSharp/Generated/GodotObjects/Node.cs:848)
       [15] void Urman.Godot.Main._Ready() (D:\URMAN-STATION\data\runs\2cf68876477348b5a2ed2157ba415b77\source\game\scripts\Main.cs:83)
       [16] bool Godot.Node.InvokeGodotClassMethod(Godot.NativeInterop.godot_string_name&, Godot.NativeInterop.NativeVariantPtrArgs, Godot.NativeInterop.godot_variant&) (/root/godot/modules/mono/glue/GodotSharp/GodotSharp/Generated/GodotObjects/Node.cs:2660)
       [17] bool Godot.Node3D.InvokeGodotClassMethod(Godot.NativeInterop.godot_string_name&, Godot.NativeInterop.NativeVariantPtrArgs, Godot.NativeInterop.godot_variant&) (/root/godot/modules/mono/glue/GodotSharp/GodotSharp/Generated/GodotObjects/Node3D.cs:1127)
       [18] bool Urman.Godot.Main.InvokeGodotClassMethod(Godot.NativeInterop.godot_string_name&, Godot.NativeInterop.NativeVariantPtrArgs, Godot.NativeInterop.godot_variant&) (D:\URMAN-STATION\data\runs\2cf68876477348b5a2ed2157ba415b77\source\game\.godot\mono\temp\obj\Debug\Godot.SourceGenerators\Godot.SourceGenerators.ScriptMethodsGenerator\Urman.Godot.Main_ScriptMethods.generated.cs:70)
       [19] Godot.NativeInterop.godot_bool Godot.Bridge.CSharpInstanceBridge.Call(nint, Godot.NativeInterop.godot_string_name*, Godot.NativeInterop.godot_variant**, int, Godot.NativeInterop.godot_variant_call_error*, Godot.NativeInterop.godot_variant*) (/root/godot/modules/mono/glue/GodotSharp/GodotSharp/Core/Bridge/CSharpInstanceBridge.cs:24)
       [20] void Godot.NativeInterop.NativeFuncs.godotsharp_method_bind_ptrcall(nint, nint, System.Void**, System.Void*) (/root/godot/modules/mono/glue/GodotSharp/GodotSharp/Godot.SourceGenerators.Internal/Godot.SourceGenerators.Internal.UnmanagedCallbacksGenerator/Godot.NativeInterop.NativeFuncs.generated.cs:380)
       [21] void Godot.NativeCalls.godot_icall_3_912(nint, nint, nint, Godot.NativeInterop.godot_bool, int) (/root/godot/modules/mono/glue/GodotSharp/GodotSharp/Generated/NativeCalls.cs:8061)
       [22] void Godot.Node.AddChild(Godot.Node, bool, Godot.Node+InternalMode) (/root/godot/modules/mono/glue/GodotSharp/GodotSharp/Generated/GodotObjects/Node.cs:848)
       [23] void Urman.Godot.Tests.Act1FootstepLagProbe+<_Ready>d__42.MoveNext() (D:\URMAN-STATION\data\runs\2cf68876477348b5a2ed2157ba415b77\source\game\tests\Act1FootstepLagProbe.cs:92)
       [24] void System.Runtime.CompilerServices.AsyncMethodBuilderCore.Start<TStateMachine>(TStateMachine&)
       [25] void Urman.Godot.Tests.Act1FootstepLagProbe._Ready()
       [26] bool Godot.Node.InvokeGodotClassMethod(Godot.NativeInterop.godot_string_name&, Godot.NativeInterop.NativeVariantPtrArgs, Godot.NativeInterop.godot_variant&) (/root/godot/modules/mono/glue/GodotSharp/GodotSharp/Generated/GodotObjects/Node.cs:2660)
       [27] bool Urman.Godot.Tests.Act1FootstepLagProbe.InvokeGodotClassMethod(Godot.NativeInterop.godot_string_name&, Godot.NativeInterop.NativeVariantPtrArgs, Godot.NativeInterop.godot_variant&) (D:\URMAN-STATION\data\runs\2cf68876477348b5a2ed2157ba415b77\source\game\.godot\mono\temp\obj\Debug\Godot.SourceGenerators\Godot.SourceGenerators.ScriptMethodsGenerator\Urman.Godot.Tests.Act1FootstepLagProbe_ScriptMethods.generated.cs:90)
       [28] Godot.NativeInterop.godot_bool Godot.Bridge.CSharpInstanceBridge.Call(nint, Godot.NativeInterop.godot_string_name*, Godot.NativeInterop.godot_variant**, int, Godot.NativeInterop.godot_variant_call_error*, Godot.NativeInterop.godot_variant*) (/root/godot/modules/mono/glue/GodotSharp/GodotSharp/Core/Bridge/CSharpInstanceBridge.cs:24)
WARNING: PainterlyMaterialLibrary: surface 'ice' has no declared mode; it gets the flat world-space default.
   at: Godot.Material Urman.Godot.PainterlyMaterialLibrary.ForColor(string, string, bool) (res://scripts/PainterlyMaterialLibrary.cs:1406)
   C# backtrace (most recent call first):
       [0] void Godot.GD.PushWarning(string) (/root/godot/modules/mono/glue/GodotSharp/GodotSharp/Core/GD.cs:396)
       [1] Godot.Material Urman.Godot.PainterlyMaterialLibrary.ForColor(string, string, bool) (D:\URMAN-STATION\data\runs\2cf68876477348b5a2ed2157ba415b77\source\game\scripts\PainterlyMaterialLibrary.cs:1406)
       [2] Godot.MeshInstance3D Urman.Godot.Act1ConnectedWorld.AddVisualBox(Godot.Node3D, string, Godot.Vector3, Godot.Vector3, string, string, float, float) (D:\URMAN-STATION\data\runs\2cf68876477348b5a2ed2157ba415b77\source\game\scripts\Act1ConnectedWorld.cs:10965)
       [3] void Urman.Godot.Act1ConnectedWorld.AddVisualSweepWell(Godot.Node3D, string, Godot.Vector3, float, float) (D:\URMAN-STATION\data\runs\2cf68876477348b5a2ed2157ba415b77\source\game\scripts\Act1ConnectedWorld.cs:8238)
       [4] void Urman.Godot.Act1ConnectedWorld.BuildCoreArrival(Godot.Node3D) (D:\URMAN-STATION\data\runs\2cf68876477348b5a2ed2157ba415b77\source\game\scripts\Act1ConnectedWorld.cs:5964)
       [5] void Urman.Godot.Act1ConnectedWorld.BuildAct1CoreWorldGreybox() (D:\URMAN-STATION\data\runs\2cf68876477348b5a2ed2157ba415b77\source\game\scripts\Act1ConnectedWorld.cs:1145)
       [6] void Urman.Godot.Act1ConnectedWorld.ProfileWorldBuildStep(string, System.Action) (D:\URMAN-STATION\data\runs\2cf68876477348b5a2ed2157ba415b77\source\game\scripts\Act1ConnectedWorld.cs:6348)
       [7] void Urman.Godot.Act1ConnectedWorld.Build() (D:\URMAN-STATION\data\runs\2cf68876477348b5a2ed2157ba415b77\source\game\scripts\Act1ConnectedWorld.cs:407)
       [8] void Urman.Godot.Act1ConnectedWorld._Ready() (D:\URMAN-STATION\data\runs\2cf68876477348b5a2ed2157ba415b77\source\game\scripts\Act1ConnectedWorld.cs:309)
       [9] bool Godot.Node.InvokeGodotClassMethod(Godot.NativeInterop.godot_string_name&, Godot.NativeInterop.NativeVariantPtrArgs, Godot.NativeInterop.godot_variant&) (/root/godot/modules/mono/glue/GodotSharp/GodotSharp/Generated/GodotObjects/Node.cs:2660)
       [10] bool Godot.Node3D.InvokeGodotClassMethod(Godot.NativeInterop.godot_string_name&, Godot.NativeInterop.NativeVariantPtrArgs, Godot.NativeInterop.godot_variant&) (/root/godot/modules/mono/glue/GodotSharp/GodotSharp/Generated/GodotObjects/Node3D.cs:1127)
       [11] bool Urman.Godot.Act1ConnectedWorld.InvokeGodotClassMethod(Godot.NativeInterop.godot_string_name&, Godot.NativeInterop.NativeVariantPtrArgs, Godot.NativeInterop.godot_variant&) (D:\URMAN-STATION\data\runs\2cf68876477348b5a2ed2157ba415b77\source\game\.godot\mono\temp\obj\Debug\Godot.SourceGenerators\Godot.SourceGenerators.ScriptMethodsGenerator\Urman.Godot.Act1ConnectedWorld_ScriptMethods.generated.cs:5726)
       [12] Godot.NativeInterop.godot_bool Godot.Bridge.CSharpInstanceBridge.Call(nint, Godot.NativeInterop.godot_string_name*, Godot.NativeInterop.godot_variant**, int, Godot.NativeInterop.godot_variant_call_error*, Godot.NativeInterop.godot_variant*) (/root/godot/modules/mono/glue/GodotSharp/GodotSharp/Core/Bridge/CSharpInstanceBridge.cs:24)
       [13] void Godot.NativeInterop.NativeFuncs.godotsharp_method_bind_ptrcall(nint, nint, System.Void**, System.Void*) (/root/godot/modules/mono/glue/GodotSharp/GodotSharp/Godot.SourceGenerators.Internal/Godot.SourceGenerators.Internal.UnmanagedCallbacksGenerator/Godot.NativeInterop.NativeFuncs.generated.cs:380)
       [14] void Godot.NativeCalls.godot_icall_3_912(nint, nint, nint, Godot.NativeInterop.godot_bool, int) (/root/godot/modules/mono/glue/GodotSharp/GodotSharp/Generated/NativeCalls.cs:8061)
       [15] void Godot.Node.AddChild(Godot.Node, bool, Godot.Node+InternalMode) (/root/godot/modules/mono/glue/GodotSharp/GodotSharp/Generated/GodotObjects/Node.cs:848)
       [16] void Urman.Godot.Main._Ready() (D:\URMAN-STATION\data\runs\2cf68876477348b5a2ed2157ba415b77\source\game\scripts\Main.cs:83)
       [17] bool Godot.Node.InvokeGodotClassMethod(Godot.NativeInterop.godot_string_name&, Godot.NativeInterop.NativeVariantPtrArgs, Godot.NativeInterop.godot_variant&) (/root/godot/modules/mono/glue/GodotSharp/GodotSharp/Generated/GodotObjects/Node.cs:2660)
       [18] bool Godot.Node3D.InvokeGodotClassMethod(Godot.NativeInterop.godot_string_name&, Godot.NativeInterop.NativeVariantPtrArgs, Godot.NativeInterop.godot_variant&) (/root/godot/modules/mono/glue/GodotSharp/GodotSharp/Generated/GodotObjects/Node3D.cs:1127)
       [19] bool Urman.Godot.Main.InvokeGodotClassMethod(Godot.NativeInterop.godot_string_name&, Godot.NativeInterop.NativeVariantPtrArgs, Godot.NativeInterop.godot_variant&) (D:\URMAN-STATION\data\runs\2cf68876477348b5a2ed2157ba415b77\source\game\.godot\mono\temp\obj\Debug\Godot.SourceGenerators\Godot.SourceGenerators.ScriptMethodsGenerator\Urman.Godot.Main_ScriptMethods.generated.cs:70)
       [20] Godot.NativeInterop.godot_bool Godot.Bridge.CSharpInstanceBridge.Call(nint, Godot.NativeInterop.godot_string_name*, Godot.NativeInterop.godot_variant**, int, Godot.NativeInterop.godot_variant_call_error*, Godot.NativeInterop.godot_variant*) (/root/godot/modules/mono/glue/GodotSharp/GodotSharp/Core/Bridge/CSharpInstanceBridge.cs:24)
       [21] void Godot.NativeInterop.NativeFuncs.godotsharp_method_bind_ptrcall(nint, nint, System.Void**, System.Void*) (/root/godot/modules/mono/glue/GodotSharp/GodotSharp/Godot.SourceGenerators.Internal/Godot.SourceGenerators.Internal.UnmanagedCallbacksGenerator/Godot.NativeInterop.NativeFuncs.generated.cs:380)
       [22] void Godot.NativeCalls.godot_icall_3_912(nint, nint, nint, Godot.NativeInterop.godot_bool, int) (/root/godot/modules/mono/glue/GodotSharp/GodotSharp/Generated/NativeCalls.cs:8061)
       [23] void Godot.Node.AddChild(Godot.Node, bool, Godot.Node+InternalMode) (/root/godot/modules/mono/glue/GodotSharp/GodotSharp/Generated/GodotObjects/Node.cs:848)
       [24] void Urman.Godot.Tests.Act1FootstepLagProbe+<_Ready>d__42.MoveNext() (D:\URMAN-STATION\data\runs\2cf68876477348b5a2ed2157ba415b77\source\game\tests\Act1FootstepLagProbe.cs:92)
       [25] void System.Runtime.CompilerServices.AsyncMethodBuilderCore.Start<TStateMachine>(TStateMachine&)
       [26] void Urman.Godot.Tests.Act1FootstepLagProbe._Ready()
       [27] bool Godot.Node.InvokeGodotClassMethod(Godot.NativeInterop.godot_string_name&, Godot.NativeInterop.NativeVariantPtrArgs, Godot.NativeInterop.godot_variant&) (/root/godot/modules/mono/glue/GodotSharp/GodotSharp/Generated/GodotObjects/Node.cs:2660)
       [28] bool Urman.Godot.Tests.Act1FootstepLagProbe.InvokeGodotClassMethod(Godot.NativeInterop.godot_string_name&, Godot.NativeInterop.NativeVariantPtrArgs, Godot.NativeInterop.godot_variant&) (D:\URMAN-STATION\data\runs\2cf68876477348b5a2ed2157ba415b77\source\game\.godot\mono\temp\obj\Debug\Godot.SourceGenerators\Godot.SourceGenerators.ScriptMethodsGenerator\Urman.Godot.Tests.Act1FootstepLagProbe_ScriptMethods.generated.cs:90)
       [29] Godot.NativeInterop.godot_bool Godot.Bridge.CSharpInstanceBridge.Call(nint, Godot.NativeInterop.godot_string_name*, Godot.NativeInterop.godot_variant**, int, Godot.NativeInterop.godot_variant_call_error*, Godot.NativeInterop.godot_variant*) (/root/godot/modules/mono/glue/GodotSharp/GodotSharp/Core/Bridge/CSharpInstanceBridge.cs:24)
WARNING: PainterlyMaterialLibrary: surface 'snow_trampled' has no declared mode; it gets the flat world-space default.
   at: Godot.Material Urman.Godot.PainterlyMaterialLibrary.ForColor(string, string, bool) (res://scripts/PainterlyMaterialLibrary.cs:1406)
   C# backtrace (most recent call first):
       [0] void Godot.GD.PushWarning(string) (/root/godot/modules/mono/glue/GodotSharp/GodotSharp/Core/GD.cs:396)
       [1] Godot.Material Urman.Godot.PainterlyMaterialLibrary.ForColor(string, string, bool) (D:\URMAN-STATION\data\runs\2cf68876477348b5a2ed2157ba415b77\source\game\scripts\PainterlyMaterialLibrary.cs:1406)
       [2] Godot.Material Urman.Godot.PainterlyMaterialLibrary.ForPath(string) (D:\URMAN-STATION\data\runs\2cf68876477348b5a2ed2157ba415b77\source\game\scripts\PainterlyMaterialLibrary.cs:1347)
       [3] Godot.MeshInstance3D Urman.Godot.Act1ConnectedWorld.AddVisualLandformSurface(Godot.Node3D, string, float, float, float, Godot.Vector3, string, string, float, bool, Godot.Curve3D, System.Func`2[System.Single,System.Single]) (D:\URMAN-STATION\data\runs\2cf68876477348b5a2ed2157ba415b77\source\game\scripts\Act1ConnectedWorld.cs:7872)
       [4] void Urman.Godot.Act1ConnectedWorld.BuildCoreZirat(Godot.Node3D) (D:\URMAN-STATION\data\runs\2cf68876477348b5a2ed2157ba415b77\source\game\scripts\Act1ConnectedWorld.cs:6638)
       [5] void Urman.Godot.Act1ConnectedWorld.BuildAct1CoreWorldGreybox() (D:\URMAN-STATION\data\runs\2cf68876477348b5a2ed2157ba415b77\source\game\scripts\Act1ConnectedWorld.cs:1151)
       [6] void Urman.Godot.Act1ConnectedWorld.ProfileWorldBuildStep(string, System.Action) (D:\URMAN-STATION\data\runs\2cf68876477348b5a2ed2157ba415b77\source\game\scripts\Act1ConnectedWorld.cs:6348)
       [7] void Urman.Godot.Act1ConnectedWorld.Build() (D:\URMAN-STATION\data\runs\2cf68876477348b5a2ed2157ba415b77\source\game\scripts\Act1ConnectedWorld.cs:407)
       [8] void Urman.Godot.Act1ConnectedWorld._Ready() (D:\URMAN-STATION\data\runs\2cf68876477348b5a2ed2157ba415b77\source\game\scripts\Act1ConnectedWorld.cs:309)
       [9] bool Godot.Node.InvokeGodotClassMethod(Godot.NativeInterop.godot_string_name&, Godot.NativeInterop.NativeVariantPtrArgs, Godot.NativeInterop.godot_variant&) (/root/godot/modules/mono/glue/GodotSharp/GodotSharp/Generated/GodotObjects/Node.cs:2660)
       [10] bool Godot.Node3D.InvokeGodotClassMethod(Godot.NativeInterop.godot_string_name&, Godot.NativeInterop.NativeVariantPtrArgs, Godot.NativeInterop.godot_variant&) (/root/godot/modules/mono/glue/GodotSharp/GodotSharp/Generated/GodotObjects/Node3D.cs:1127)
       [11] bool Urman.Godot.Act1ConnectedWorld.InvokeGodotClassMethod(Godot.NativeInterop.godot_string_name&, Godot.NativeInterop.NativeVariantPtrArgs, Godot.NativeInterop.godot_variant&) (D:\URMAN-STATION\data\runs\2cf68876477348b5a2ed2157ba415b77\source\game\.godot\mono\temp\obj\Debug\Godot.SourceGenerators\Godot.SourceGenerators.ScriptMethodsGenerator\Urman.Godot.Act1ConnectedWorld_ScriptMethods.generated.cs:5726)
       [12] Godot.NativeInterop.godot_bool Godot.Bridge.CSharpInstanceBridge.Call(nint, Godot.NativeInterop.godot_string_name*, Godot.NativeInterop.godot_variant**, int, Godot.NativeInterop.godot_variant_call_error*, Godot.NativeInterop.godot_variant*) (/root/godot/modules/mono/glue/GodotSharp/GodotSharp/Core/Bridge/CSharpInstanceBridge.cs:24)
       [13] void Godot.NativeInterop.NativeFuncs.godotsharp_method_bind_ptrcall(nint, nint, System.Void**, System.Void*) (/root/godot/modules/mono/glue/GodotSharp/GodotSharp/Godot.SourceGenerators.Internal/Godot.SourceGenerators.Internal.UnmanagedCallbacksGenerator/Godot.NativeInterop.NativeFuncs.generated.cs:380)
       [14] void Godot.NativeCalls.godot_icall_3_912(nint, nint, nint, Godot.NativeInterop.godot_bool, int) (/root/godot/modules/mono/glue/GodotSharp/GodotSharp/Generated/NativeCalls.cs:8061)
       [15] void Godot.Node.AddChild(Godot.Node, bool, Godot.Node+InternalMode) (/root/godot/modules/mono/glue/GodotSharp/GodotSharp/Generated/GodotObjects/Node.cs:848)
       [16] void Urman.Godot.Main._Ready() (D:\URMAN-STATION\data\runs\2cf68876477348b5a2ed2157ba415b77\source\game\scripts\Main.cs:83)
       [17] bool Godot.Node.InvokeGodotClassMethod(Godot.NativeInterop.godot_string_name&, Godot.NativeInterop.NativeVariantPtrArgs, Godot.NativeInterop.godot_variant&) (/root/godot/modules/mono/glue/GodotSharp/GodotSharp/Generated/GodotObjects/Node.cs:2660)
       [18] bool Godot.Node3D.InvokeGodotClassMethod(Godot.NativeInterop.godot_string_name&, Godot.NativeInterop.NativeVariantPtrArgs, Godot.NativeInterop.godot_variant&) (/root/godot/modules/mono/glue/GodotSharp/GodotSharp/Generated/GodotObjects/Node3D.cs:1127)
       [19] bool Urman.Godot.Main.InvokeGodotClassMethod(Godot.NativeInterop.godot_string_name&, Godot.NativeInterop.NativeVariantPtrArgs, Godot.NativeInterop.godot_variant&) (D:\URMAN-STATION\data\runs\2cf68876477348b5a2ed2157ba415b77\source\game\.godot\mono\temp\obj\Debug\Godot.SourceGenerators\Godot.SourceGenerators.ScriptMethodsGenerator\Urman.Godot.Main_ScriptMethods.generated.cs:70)
       [20] Godot.NativeInterop.godot_bool Godot.Bridge.CSharpInstanceBridge.Call(nint, Godot.NativeInterop.godot_string_name*, Godot.NativeInterop.godot_variant**, int, Godot.NativeInterop.godot_variant_call_error*, Godot.NativeInterop.godot_variant*) (/root/godot/modules/mono/glue/GodotSharp/GodotSharp/Core/Bridge/CSharpInstanceBridge.cs:24)
       [21] void Godot.NativeInterop.NativeFuncs.godotsharp_method_bind_ptrcall(nint, nint, System.Void**, System.Void*) (/root/godot/modules/mono/glue/GodotSharp/GodotSharp/Godot.SourceGenerators.Internal/Godot.SourceGenerators.Internal.UnmanagedCallbacksGenerator/Godot.NativeInterop.NativeFuncs.generated.cs:380)
       [22] void Godot.NativeCalls.godot_icall_3_912(nint, nint, nint, Godot.NativeInterop.godot_bool, int) (/root/godot/modules/mono/glue/GodotSharp/GodotSharp/Generated/NativeCalls.cs:8061)
       [23] void Godot.Node.AddChild(Godot.Node, bool, Godot.Node+InternalMode) (/root/godot/modules/mono/glue/GodotSharp/GodotSharp/Generated/GodotObjects/Node.cs:848)
       [24] void Urman.Godot.Tests.Act1FootstepLagProbe+<_Ready>d__42.MoveNext() (D:\URMAN-STATION\data\runs\2cf68876477348b5a2ed2157ba415b77\source\game\tests\Act1FootstepLagProbe.cs:92)
       [25] void System.Runtime.CompilerServices.AsyncMethodBuilderCore.Start<TStateMachine>(TStateMachine&)
       [26] void Urman.Godot.Tests.Act1FootstepLagProbe._Ready()
       [27] bool Godot.Node.InvokeGodotClassMethod(Godot.NativeInterop.godot_string_name&, Godot.NativeInterop.NativeVariantPtrArgs, Godot.NativeInterop.godot_variant&) (/root/godot/modules/mono/glue/GodotSharp/GodotSharp/Generated/GodotObjects/Node.cs:2660)
       [28] bool Urman.Godot.Tests.Act1FootstepLagProbe.InvokeGodotClassMethod(Godot.NativeInterop.godot_string_name&, Godot.NativeInterop.NativeVariantPtrArgs, Godot.NativeInterop.godot_variant&) (D:\URMAN-STATION\data\runs\2cf68876477348b5a2ed2157ba415b77\source\game\.godot\mono\temp\obj\Debug\Godot.SourceGenerators\Godot.SourceGenerators.ScriptMethodsGenerator\Urman.Godot.Tests.Act1FootstepLagProbe_ScriptMethods.generated.cs:90)
       [29] Godot.NativeInterop.godot_bool Godot.Bridge.CSharpInstanceBridge.Call(nint, Godot.NativeInterop.godot_string_name*, Godot.NativeInterop.godot_variant**, int, Godot.NativeInterop.godot_variant_call_error*, Godot.NativeInterop.godot_variant*) (/root/godot/modules/mono/glue/GodotSharp/GodotSharp/Core/Bridge/CSharpInstanceBridge.cs:24)
act1-bridge-joint: name=SuspensionRimBearing_near slotBefore=0.09 crestMax=0.11 gapAfter=0 target=0.01 cap=0.12
act1-bridge-joint: name=SuspensionRimBearing_far slotBefore=0.09 crestMax=0.08 gapAfter=0.01 target=0.01 cap=0.12
act1-gorge-joint: deckCollisionTopError=0.0832 planks=49 sections=14 apronBoards=10
suspension-bridge-dynamics: nodes=183 sections=14 span=17.4m maxAmpY=0.3 voices=3
act1-gorge: halfWidth=8 depth=9 bridge=suspension@(0,-97.0)
act1-gorge-bridge: planks=49 patchBoards=4 apronBoards=10 sections=14 deckHoles=0
act1-bridge-joint: name=BridgeNearLandBearing slotBefore=0.3 crestMax=0.12 gapAfter=0.0947 target=0.01 cap=0.12
act1-bridge-joint: name=BridgeFarLandBearing slotBefore=0.3 crestMax=0.12 gapAfter=0.0349 target=0.01 cap=0.12
WARNING: PainterlyMaterialLibrary: surface 'frost_window' has no declared mode; it gets the flat world-space default.
   at: Godot.Material Urman.Godot.PainterlyMaterialLibrary.ForColor(string, string, bool) (res://scripts/PainterlyMaterialLibrary.cs:1406)
   C# backtrace (most recent call first):
       [0] void Godot.GD.PushWarning(string) (/root/godot/modules/mono/glue/GodotSharp/GodotSharp/Core/GD.cs:396)
       [1] Godot.Material Urman.Godot.PainterlyMaterialLibrary.ForColor(string, string, bool) (D:\URMAN-STATION\data\runs\2cf68876477348b5a2ed2157ba415b77\source\game\scripts\PainterlyMaterialLibrary.cs:1406)
       [2] Godot.MeshInstance3D Urman.Godot.Act1ConnectedWorld.AddVisualBox(Godot.Node3D, string, Godot.Vector3, Godot.Vector3, string, string, float, float) (D:\URMAN-STATION\data\runs\2cf68876477348b5a2ed2157ba415b77\source\game\scripts\Act1ConnectedWorld.cs:10965)
       [3] void Urman.Godot.Act1ConnectedWorld.AddFarBankPublicBuilding(Godot.Node3D, Urman.Godot.Act1ConnectedWorld+FarBankPublic) (D:\URMAN-STATION\data\runs\2cf68876477348b5a2ed2157ba415b77\source\game\scripts\Act1ConnectedWorld.FarBank.cs:98)
       [4] void Urman.Godot.Act1ConnectedWorld.AddFarBankQuarter(Godot.Node3D) (D:\URMAN-STATION\data\runs\2cf68876477348b5a2ed2157ba415b77\source\game\scripts\Act1ConnectedWorld.FarBank.cs:58)
       [5] void Urman.Godot.Act1ConnectedWorld.AddRavineFarBank(Godot.Node3D) (D:\URMAN-STATION\data\runs\2cf68876477348b5a2ed2157ba415b77\source\game\scripts\Act1ConnectedWorld.Ravine.cs:314)
       [6] void Urman.Godot.Act1ConnectedWorld.AddVillageRavine(Godot.Node3D) (D:\URMAN-STATION\data\runs\2cf68876477348b5a2ed2157ba415b77\source\game\scripts\Act1ConnectedWorld.Ravine.cs:55)
       [7] void Urman.Godot.Act1ConnectedWorld.BuildAct1CoreWorldGreybox() (D:\URMAN-STATION\data\runs\2cf68876477348b5a2ed2157ba415b77\source\game\scripts\Act1ConnectedWorld.cs:1169)
       [8] void Urman.Godot.Act1ConnectedWorld.ProfileWorldBuildStep(string, System.Action) (D:\URMAN-STATION\data\runs\2cf68876477348b5a2ed2157ba415b77\source\game\scripts\Act1ConnectedWorld.cs:6348)
       [9] void Urman.Godot.Act1ConnectedWorld.Build() (D:\URMAN-STATION\data\runs\2cf68876477348b5a2ed2157ba415b77\source\game\scripts\Act1ConnectedWorld.cs:407)
       [10] void Urman.Godot.Act1ConnectedWorld._Ready() (D:\URMAN-STATION\data\runs\2cf68876477348b5a2ed2157ba415b77\source\game\scripts\Act1ConnectedWorld.cs:309)
       [11] bool Godot.Node.InvokeGodotClassMethod(Godot.NativeInterop.godot_string_name&, Godot.NativeInterop.NativeVariantPtrArgs, Godot.NativeInterop.godot_variant&) (/root/godot/modules/mono/glue/GodotSharp/GodotSharp/Generated/GodotObjects/Node.cs:2660)
       [12] bool Godot.Node3D.InvokeGodotClassMethod(Godot.NativeInterop.godot_string_name&, Godot.NativeInterop.NativeVariantPtrArgs, Godot.NativeInterop.godot_variant&) (/root/godot/modules/mono/glue/GodotSharp/GodotSharp/Generated/GodotObjects/Node3D.cs:1127)
       [13] bool Urman.Godot.Act1ConnectedWorld.InvokeGodotClassMethod(Godot.NativeInterop.godot_string_name&, Godot.NativeInterop.NativeVariantPtrArgs, Godot.NativeInterop.godot_variant&) (D:\URMAN-STATION\data\runs\2cf68876477348b5a2ed2157ba415b77\source\game\.godot\mono\temp\obj\Debug\Godot.SourceGenerators\Godot.SourceGenerators.ScriptMethodsGenerator\Urman.Godot.Act1ConnectedWorld_ScriptMethods.generated.cs:5726)
       [14] Godot.NativeInterop.godot_bool Godot.Bridge.CSharpInstanceBridge.Call(nint, Godot.NativeInterop.godot_string_name*, Godot.NativeInterop.godot_variant**, int, Godot.NativeInterop.godot_variant_call_error*, Godot.NativeInterop.godot_variant*) (/root/godot/modules/mono/glue/GodotSharp/GodotSharp/Core/Bridge/CSharpInstanceBridge.cs:24)
       [15] void Godot.NativeInterop.NativeFuncs.godotsharp_method_bind_ptrcall(nint, nint, System.Void**, System.Void*) (/root/godot/modules/mono/glue/GodotSharp/GodotSharp/Godot.SourceGenerators.Internal/Godot.SourceGenerators.Internal.UnmanagedCallbacksGenerator/Godot.NativeInterop.NativeFuncs.generated.cs:380)
       [16] void Godot.NativeCalls.godot_icall_3_912(nint, nint, nint, Godot.NativeInterop.godot_bool, int) (/root/godot/modules/mono/glue/GodotSharp/GodotSharp/Generated/NativeCalls.cs:8061)
       [17] void Godot.Node.AddChild(Godot.Node, bool, Godot.Node+InternalMode) (/root/godot/modules/mono/glue/GodotSharp/GodotSharp/Generated/GodotObjects/Node.cs:848)
       [18] void Urman.Godot.Main._Ready() (D:\URMAN-STATION\data\runs\2cf68876477348b5a2ed2157ba415b77\source\game\scripts\Main.cs:83)
       [19] bool Godot.Node.InvokeGodotClassMethod(Godot.NativeInterop.godot_string_name&, Godot.NativeInterop.NativeVariantPtrArgs, Godot.NativeInterop.godot_variant&) (/root/godot/modules/mono/glue/GodotSharp/GodotSharp/Generated/GodotObjects/Node.cs:2660)
       [20] bool Godot.Node3D.InvokeGodotClassMethod(Godot.NativeInterop.godot_string_name&, Godot.NativeInterop.NativeVariantPtrArgs, Godot.NativeInterop.godot_variant&) (/root/godot/modules/mono/glue/GodotSharp/GodotSharp/Generated/GodotObjects/Node3D.cs:1127)
       [21] bool Urman.Godot.Main.InvokeGodotClassMethod(Godot.NativeInterop.godot_string_name&, Godot.NativeInterop.NativeVariantPtrArgs, Godot.NativeInterop.godot_variant&) (D:\URMAN-STATION\data\runs\2cf68876477348b5a2ed2157ba415b77\source\game\.godot\mono\temp\obj\Debug\Godot.SourceGenerators\Godot.SourceGenerators.ScriptMethodsGenerator\Urman.Godot.Main_ScriptMethods.generated.cs:70)
       [22] Godot.NativeInterop.godot_bool Godot.Bridge.CSharpInstanceBridge.Call(nint, Godot.NativeInterop.godot_string_name*, Godot.NativeInterop.godot_variant**, int, Godot.NativeInterop.godot_variant_call_error*, Godot.NativeInterop.godot_variant*) (/root/godot/modules/mono/glue/GodotSharp/GodotSharp/Core/Bridge/CSharpInstanceBridge.cs:24)
       [23] void Godot.NativeInterop.NativeFuncs.godotsharp_method_bind_ptrcall(nint, nint, System.Void**, System.Void*) (/root/godot/modules/mono/glue/GodotSharp/GodotSharp/Godot.SourceGenerators.Internal/Godot.SourceGenerators.Internal.UnmanagedCallbacksGenerator/Godot.NativeInterop.NativeFuncs.generated.cs:380)
       [24] void Godot.NativeCalls.godot_icall_3_912(nint, nint, nint, Godot.NativeInterop.godot_bool, int) (/root/godot/modules/mono/glue/GodotSharp/GodotSharp/Generated/NativeCalls.cs:8061)
       [25] void Godot.Node.AddChild(Godot.Node, bool, Godot.Node+InternalMode) (/root/godot/modules/mono/glue/GodotSharp/GodotSharp/Generated/GodotObjects/Node.cs:848)
       [26] void Urman.Godot.Tests.Act1FootstepLagProbe+<_Ready>d__42.MoveNext() (D:\URMAN-STATION\data\runs\2cf68876477348b5a2ed2157ba415b77\source\game\tests\Act1FootstepLagProbe.cs:92)
       [27] void System.Runtime.CompilerServices.AsyncMethodBuilderCore.Start<TStateMachine>(TStateMachine&)
       [28] void Urman.Godot.Tests.Act1FootstepLagProbe._Ready()
       [29] bool Godot.Node.InvokeGodotClassMethod(Godot.NativeInterop.godot_string_name&, Godot.NativeInterop.NativeVariantPtrArgs, Godot.NativeInterop.godot_variant&) (/root/godot/modules/mono/glue/GodotSharp/GodotSharp/Generated/GodotObjects/Node.cs:2660)
       [30] bool Urman.Godot.Tests.Act1FootstepLagProbe.InvokeGodotClassMethod(Godot.NativeInterop.godot_string_name&, Godot.NativeInterop.NativeVariantPtrArgs, Godot.NativeInterop.godot_variant&) (D:\URMAN-STATION\data\runs\2cf68876477348b5a2ed2157ba415b77\source\game\.godot\mono\temp\obj\Debug\Godot.SourceGenerators\Godot.SourceGenerators.ScriptMethodsGenerator\Urman.Godot.Tests.Act1FootstepLagProbe_ScriptMethods.generated.cs:90)
       [31] Godot.NativeInterop.godot_bool Godot.Bridge.CSharpInstanceBridge.Call(nint, Godot.NativeInterop.godot_string_name*, Godot.NativeInterop.godot_variant**, int, Godot.NativeInterop.godot_variant_call_error*, Godot.NativeInterop.godot_variant*) (/root/godot/modules/mono/glue/GodotSharp/GodotSharp/Core/Bridge/CSharpInstanceBridge.cs:24)
WARNING: PainterlyMaterialLibrary: surface 'snow_roof' has no declared mode; it gets the flat world-space default.
   at: Godot.Material Urman.Godot.PainterlyMaterialLibrary.ForColor(string, string, bool) (res://scripts/PainterlyMaterialLibrary.cs:1406)
   C# backtrace (most recent call first):
       [0] void Godot.GD.PushWarning(string) (/root/godot/modules/mono/glue/GodotSharp/GodotSharp/Core/GD.cs:396)
       [1] Godot.Material Urman.Godot.PainterlyMaterialLibrary.ForColor(string, string, bool) (D:\URMAN-STATION\data\runs\2cf68876477348b5a2ed2157ba415b77\source\game\scripts\PainterlyMaterialLibrary.cs:1406)
       [2] Godot.MeshInstance3D Urman.Godot.Act1ConnectedWorld.AddVisualBox(Godot.Node3D, string, Godot.Vector3, Godot.Vector3, string, string, float, float) (D:\URMAN-STATION\data\runs\2cf68876477348b5a2ed2157ba415b77\source\game\scripts\Act1ConnectedWorld.cs:10965)
       [3] void Urman.Godot.Act1ConnectedWorld.AddFarBankPublicBuilding(Godot.Node3D, Urman.Godot.Act1ConnectedWorld+FarBankPublic) (D:\URMAN-STATION\data\runs\2cf68876477348b5a2ed2157ba415b77\source\game\scripts\Act1ConnectedWorld.FarBank.cs:120)
       [4] void Urman.Godot.Act1ConnectedWorld.AddFarBankQuarter(Godot.Node3D) (D:\URMAN-STATION\data\runs\2cf68876477348b5a2ed2157ba415b77\source\game\scripts\Act1ConnectedWorld.FarBank.cs:58)
       [5] void Urman.Godot.Act1ConnectedWorld.AddRavineFarBank(Godot.Node3D) (D:\URMAN-STATION\data\runs\2cf68876477348b5a2ed2157ba415b77\source\game\scripts\Act1ConnectedWorld.Ravine.cs:314)
       [6] void Urman.Godot.Act1ConnectedWorld.AddVillageRavine(Godot.Node3D) (D:\URMAN-STATION\data\runs\2cf68876477348b5a2ed2157ba415b77\source\game\scripts\Act1ConnectedWorld.Ravine.cs:55)
       [7] void Urman.Godot.Act1ConnectedWorld.BuildAct1CoreWorldGreybox() (D:\URMAN-STATION\data\runs\2cf68876477348b5a2ed2157ba415b77\source\game\scripts\Act1ConnectedWorld.cs:1169)
       [8] void Urman.Godot.Act1ConnectedWorld.ProfileWorldBuildStep(string, System.Action) (D:\URMAN-STATION\data\runs\2cf68876477348b5a2ed2157ba415b77\source\game\scripts\Act1ConnectedWorld.cs:6348)
       [9] void Urman.Godot.Act1ConnectedWorld.Build() (D:\URMAN-STATION\data\runs\2cf68876477348b5a2ed2157ba415b77\source\game\scripts\Act1ConnectedWorld.cs:407)
       [10] void Urman.Godot.Act1ConnectedWorld._Ready() (D:\URMAN-STATION\data\runs\2cf68876477348b5a2ed2157ba415b77\source\game\scripts\Act1ConnectedWorld.cs:309)
       [11] bool Godot.Node.InvokeGodotClassMethod(Godot.NativeInterop.godot_string_name&, Godot.NativeInterop.NativeVariantPtrArgs, Godot.NativeInterop.godot_variant&) (/root/godot/modules/mono/glue/GodotSharp/GodotSharp/Generated/GodotObjects/Node.cs:2660)
       [12] bool Godot.Node3D.InvokeGodotClassMethod(Godot.NativeInterop.godot_string_name&, Godot.NativeInterop.NativeVariantPtrArgs, Godot.NativeInterop.godot_variant&) (/root/godot/modules/mono/glue/GodotSharp/GodotSharp/Generated/GodotObjects/Node3D.cs:1127)
       [13] bool Urman.Godot.Act1ConnectedWorld.InvokeGodotClassMethod(Godot.NativeInterop.godot_string_name&, Godot.NativeInterop.NativeVariantPtrArgs, Godot.NativeInterop.godot_variant&) (D:\URMAN-STATION\data\runs\2cf68876477348b5a2ed2157ba415b77\source\game\.godot\mono\temp\obj\Debug\Godot.SourceGenerators\Godot.SourceGenerators.ScriptMethodsGenerator\Urman.Godot.Act1ConnectedWorld_ScriptMethods.generated.cs:5726)
       [14] Godot.NativeInterop.godot_bool Godot.Bridge.CSharpInstanceBridge.Call(nint, Godot.NativeInterop.godot_string_name*, Godot.NativeInterop.godot_variant**, int, Godot.NativeInterop.godot_variant_call_error*, Godot.NativeInterop.godot_variant*) (/root/godot/modules/mono/glue/GodotSharp/GodotSharp/Core/Bridge/CSharpInstanceBridge.cs:24)
       [15] void Godot.NativeInterop.NativeFuncs.godotsharp_method_bind_ptrcall(nint, nint, System.Void**, System.Void*) (/root/godot/modules/mono/glue/GodotSharp/GodotSharp/Godot.SourceGenerators.Internal/Godot.SourceGenerators.Internal.UnmanagedCallbacksGenerator/Godot.NativeInterop.NativeFuncs.generated.cs:380)
       [16] void Godot.NativeCalls.godot_icall_3_912(nint, nint, nint, Godot.NativeInterop.godot_bool, int) (/root/godot/modules/mono/glue/GodotSharp/GodotSharp/Generated/NativeCalls.cs:8061)
       [17] void Godot.Node.AddChild(Godot.Node, bool, Godot.Node+InternalMode) (/root/godot/modules/mono/glue/GodotSharp/GodotSharp/Generated/GodotObjects/Node.cs:848)
       [18] void Urman.Godot.Main._Ready() (D:\URMAN-STATION\data\runs\2cf68876477348b5a2ed2157ba415b77\source\game\scripts\Main.cs:83)
       [19] bool Godot.Node.InvokeGodotClassMethod(Godot.NativeInterop.godot_string_name&, Godot.NativeInterop.NativeVariantPtrArgs, Godot.NativeInterop.godot_variant&) (/root/godot/modules/mono/glue/GodotSharp/GodotSharp/Generated/GodotObjects/Node.cs:2660)
       [20] bool Godot.Node3D.InvokeGodotClassMethod(Godot.NativeInterop.godot_string_name&, Godot.NativeInterop.NativeVariantPtrArgs, Godot.NativeInterop.godot_variant&) (/root/godot/modules/mono/glue/GodotSharp/GodotSharp/Generated/GodotObjects/Node3D.cs:1127)
       [21] bool Urman.Godot.Main.InvokeGodotClassMethod(Godot.NativeInterop.godot_string_name&, Godot.NativeInterop.NativeVariantPtrArgs, Godot.NativeInterop.godot_variant&) (D:\URMAN-STATION\data\runs\2cf68876477348b5a2ed2157ba415b77\source\game\.godot\mono\temp\obj\Debug\Godot.SourceGenerators\Godot.SourceGenerators.ScriptMethodsGenerator\Urman.Godot.Main_ScriptMethods.generated.cs:70)
       [22] Godot.NativeInterop.godot_bool Godot.Bridge.CSharpInstanceBridge.Call(nint, Godot.NativeInterop.godot_string_name*, Godot.NativeInterop.godot_variant**, int, Godot.NativeInterop.godot_variant_call_error*, Godot.NativeInterop.godot_variant*) (/root/godot/modules/mono/glue/GodotSharp/GodotSharp/Core/Bridge/CSharpInstanceBridge.cs:24)
       [23] void Godot.NativeInterop.NativeFuncs.godotsharp_method_bind_ptrcall(nint, nint, System.Void**, System.Void*) (/root/godot/modules/mono/glue/GodotSharp/GodotSharp/Godot.SourceGenerators.Internal/Godot.SourceGenerators.Internal.UnmanagedCallbacksGenerator/Godot.NativeInterop.NativeFuncs.generated.cs:380)
       [24] void Godot.NativeCalls.godot_icall_3_912(nint, nint, nint, Godot.NativeInterop.godot_bool, int) (/root/godot/modules/mono/glue/GodotSharp/GodotSharp/Generated/NativeCalls.cs:8061)
       [25] void Godot.Node.AddChild(Godot.Node, bool, Godot.Node+InternalMode) (/root/godot/modules/mono/glue/GodotSharp/GodotSharp/Generated/GodotObjects/Node.cs:848)
       [26] void Urman.Godot.Tests.Act1FootstepLagProbe+<_Ready>d__42.MoveNext() (D:\URMAN-STATION\data\runs\2cf68876477348b5a2ed2157ba415b77\source\game\tests\Act1FootstepLagProbe.cs:92)
       [27] void System.Runtime.CompilerServices.AsyncMethodBuilderCore.Start<TStateMachine>(TStateMachine&)
       [28] void Urman.Godot.Tests.Act1FootstepLagProbe._Ready()
       [29] bool Godot.Node.InvokeGodotClassMethod(Godot.NativeInterop.godot_string_name&, Godot.NativeInterop.NativeVariantPtrArgs, Godot.NativeInterop.godot_variant&) (/root/godot/modules/mono/glue/GodotSharp/GodotSharp/Generated/GodotObjects/Node.cs:2660)
       [30] bool Urman.Godot.Tests.Act1FootstepLagProbe.InvokeGodotClassMethod(Godot.NativeInterop.godot_string_name&, Godot.NativeInterop.NativeVariantPtrArgs, Godot.NativeInterop.godot_variant&) (D:\URMAN-STATION\data\runs\2cf68876477348b5a2ed2157ba415b77\source\game\.godot\mono\temp\obj\Debug\Godot.SourceGenerators\Godot.SourceGenerators.ScriptMethodsGenerator\Urman.Godot.Tests.Act1FootstepLagProbe_ScriptMethods.generated.cs:90)
       [31] Godot.NativeInterop.godot_bool Godot.Bridge.CSharpInstanceBridge.Call(nint, Godot.NativeInterop.godot_string_name*, Godot.NativeInterop.godot_variant**, int, Godot.NativeInterop.godot_variant_call_error*, Godot.NativeInterop.godot_variant*) (/root/godot/modules/mono/glue/GodotSharp/GodotSharp/Core/Bridge/CSharpInstanceBridge.cs:24)
zirat-relocation: family stones=2 quiet stones=7 rows=2
WARNING: VIS-022 zirat grave axis: measured 87.5°, the project qibla parameter 195.1725° puts the row axis at 105.2° => 17.7° to be confirmed by the author and a cultural consultant (measured only: nothing was rotated).
   at: void Urman.Godot.Act1ConnectedWorld.AuditZiratCulturalContract(Godot.Node3D, Godot.Node3D, Godot.Node3D) (res://scripts/Act1ConnectedWorld.cs:3633)
   C# backtrace (most recent call first):
       [0] void Godot.GD.PushWarning(string) (/root/godot/modules/mono/glue/GodotSharp/GodotSharp/Core/GD.cs:396)
       [1] void Urman.Godot.Act1ConnectedWorld.AuditZiratCulturalContract(Godot.Node3D, Godot.Node3D, Godot.Node3D) (D:\URMAN-STATION\data\runs\2cf68876477348b5a2ed2157ba415b77\source\game\scripts\Act1ConnectedWorld.cs:3633)
       [2] void Urman.Godot.Act1ConnectedWorld.BuildAct1ZiratRoadsideKit(Godot.Node3D) (D:\URMAN-STATION\data\runs\2cf68876477348b5a2ed2157ba415b77\source\game\scripts\Act1ConnectedWorld.cs:3501)
       [3] void Urman.Godot.Act1ConnectedWorld.BuildAct1CoreWorldGreybox() (D:\URMAN-STATION\data\runs\2cf68876477348b5a2ed2157ba415b77\source\game\scripts\Act1ConnectedWorld.cs:1214)
       [4] void Urman.Godot.Act1ConnectedWorld.ProfileWorldBuildStep(string, System.Action) (D:\URMAN-STATION\data\runs\2cf68876477348b5a2ed2157ba415b77\source\game\scripts\Act1ConnectedWorld.cs:6348)
       [5] void Urman.Godot.Act1ConnectedWorld.Build() (D:\URMAN-STATION\data\runs\2cf68876477348b5a2ed2157ba415b77\source\game\scripts\Act1ConnectedWorld.cs:407)
       [6] void Urman.Godot.Act1ConnectedWorld._Ready() (D:\URMAN-STATION\data\runs\2cf68876477348b5a2ed2157ba415b77\source\game\scripts\Act1ConnectedWorld.cs:309)
       [7] bool Godot.Node.InvokeGodotClassMethod(Godot.NativeInterop.godot_string_name&, Godot.NativeInterop.NativeVariantPtrArgs, Godot.NativeInterop.godot_variant&) (/root/godot/modules/mono/glue/GodotSharp/GodotSharp/Generated/GodotObjects/Node.cs:2660)
       [8] bool Godot.Node3D.InvokeGodotClassMethod(Godot.NativeInterop.godot_string_name&, Godot.NativeInterop.NativeVariantPtrArgs, Godot.NativeInterop.godot_variant&) (/root/godot/modules/mono/glue/GodotSharp/GodotSharp/Generated/GodotObjects/Node3D.cs:1127)
       [9] bool Urman.Godot.Act1ConnectedWorld.InvokeGodotClassMethod(Godot.NativeInterop.godot_string_name&, Godot.NativeInterop.NativeVariantPtrArgs, Godot.NativeInterop.godot_variant&) (D:\URMAN-STATION\data\runs\2cf68876477348b5a2ed2157ba415b77\source\game\.godot\mono\temp\obj\Debug\Godot.SourceGenerators\Godot.SourceGenerators.ScriptMethodsGenerator\Urman.Godot.Act1ConnectedWorld_ScriptMethods.generated.cs:5726)
       [10] Godot.NativeInterop.godot_bool Godot.Bridge.CSharpInstanceBridge.Call(nint, Godot.NativeInterop.godot_string_name*, Godot.NativeInterop.godot_variant**, int, Godot.NativeInterop.godot_variant_call_error*, Godot.NativeInterop.godot_variant*) (/root/godot/modules/mono/glue/GodotSharp/GodotSharp/Core/Bridge/CSharpInstanceBridge.cs:24)
       [11] void Godot.NativeInterop.NativeFuncs.godotsharp_method_bind_ptrcall(nint, nint, System.Void**, System.Void*) (/root/godot/modules/mono/glue/GodotSharp/GodotSharp/Godot.SourceGenerators.Internal/Godot.SourceGenerators.Internal.UnmanagedCallbacksGenerator/Godot.NativeInterop.NativeFuncs.generated.cs:380)
       [12] void Godot.NativeCalls.godot_icall_3_912(nint, nint, nint, Godot.NativeInterop.godot_bool, int) (/root/godot/modules/mono/glue/GodotSharp/GodotSharp/Generated/NativeCalls.cs:8061)
       [13] void Godot.Node.AddChild(Godot.Node, bool, Godot.Node+InternalMode) (/root/godot/modules/mono/glue/GodotSharp/GodotSharp/Generated/GodotObjects/Node.cs:848)
       [14] void Urman.Godot.Main._Ready() (D:\URMAN-STATION\data\runs\2cf68876477348b5a2ed2157ba415b77\source\game\scripts\Main.cs:83)
       [15] bool Godot.Node.InvokeGodotClassMethod(Godot.NativeInterop.godot_string_name&, Godot.NativeInterop.NativeVariantPtrArgs, Godot.NativeInterop.godot_variant&) (/root/godot/modules/mono/glue/GodotSharp/GodotSharp/Generated/GodotObjects/Node.cs:2660)
       [16] bool Godot.Node3D.InvokeGodotClassMethod(Godot.NativeInterop.godot_string_name&, Godot.NativeInterop.NativeVariantPtrArgs, Godot.NativeInterop.godot_variant&) (/root/godot/modules/mono/glue/GodotSharp/GodotSharp/Generated/GodotObjects/Node3D.cs:1127)
       [17] bool Urman.Godot.Main.InvokeGodotClassMethod(Godot.NativeInterop.godot_string_name&, Godot.NativeInterop.NativeVariantPtrArgs, Godot.NativeInterop.godot_variant&) (D:\URMAN-STATION\data\runs\2cf68876477348b5a2ed2157ba415b77\source\game\.godot\mono\temp\obj\Debug\Godot.SourceGenerators\Godot.SourceGenerators.ScriptMethodsGenerator\Urman.Godot.Main_ScriptMethods.generated.cs:70)
       [18] Godot.NativeInterop.godot_bool Godot.Bridge.CSharpInstanceBridge.Call(nint, Godot.NativeInterop.godot_string_name*, Godot.NativeInterop.godot_variant**, int, Godot.NativeInterop.godot_variant_call_error*, Godot.NativeInterop.godot_variant*) (/root/godot/modules/mono/glue/GodotSharp/GodotSharp/Core/Bridge/CSharpInstanceBridge.cs:24)
       [19] void Godot.NativeInterop.NativeFuncs.godotsharp_method_bind_ptrcall(nint, nint, System.Void**, System.Void*) (/root/godot/modules/mono/glue/GodotSharp/GodotSharp/Godot.SourceGenerators.Internal/Godot.SourceGenerators.Internal.UnmanagedCallbacksGenerator/Godot.NativeInterop.NativeFuncs.generated.cs:380)
       [20] void Godot.NativeCalls.godot_icall_3_912(nint, nint, nint, Godot.NativeInterop.godot_bool, int) (/root/godot/modules/mono/glue/GodotSharp/GodotSharp/Generated/NativeCalls.cs:8061)
       [21] void Godot.Node.AddChild(Godot.Node, bool, Godot.Node+InternalMode) (/root/godot/modules/mono/glue/GodotSharp/GodotSharp/Generated/GodotObjects/Node.cs:848)
       [22] void Urman.Godot.Tests.Act1FootstepLagProbe+<_Ready>d__42.MoveNext() (D:\URMAN-STATION\data\runs\2cf68876477348b5a2ed2157ba415b77\source\game\tests\Act1FootstepLagProbe.cs:92)
       [23] void System.Runtime.CompilerServices.AsyncMethodBuilderCore.Start<TStateMachine>(TStateMachine&)
       [24] void Urman.Godot.Tests.Act1FootstepLagProbe._Ready()
       [25] bool Godot.Node.InvokeGodotClassMethod(Godot.NativeInterop.godot_string_name&, Godot.NativeInterop.NativeVariantPtrArgs, Godot.NativeInterop.godot_variant&) (/root/godot/modules/mono/glue/GodotSharp/GodotSharp/Generated/GodotObjects/Node.cs:2660)
       [26] bool Urman.Godot.Tests.Act1FootstepLagProbe.InvokeGodotClassMethod(Godot.NativeInterop.godot_string_name&, Godot.NativeInterop.NativeVariantPtrArgs, Godot.NativeInterop.godot_variant&) (D:\URMAN-STATION\data\runs\2cf68876477348b5a2ed2157ba415b77\source\game\.godot\mono\temp\obj\Debug\Godot.SourceGenerators\Godot.SourceGenerators.ScriptMethodsGenerator\Urman.Godot.Tests.Act1FootstepLagProbe_ScriptMethods.generated.cs:90)
       [27] Godot.NativeInterop.godot_bool Godot.Bridge.CSharpInstanceBridge.Call(nint, Godot.NativeInterop.godot_string_name*, Godot.NativeInterop.godot_variant**, int, Godot.NativeInterop.godot_variant_call_error*, Godot.NativeInterop.godot_variant*) (/root/godot/modules/mono/glue/GodotSharp/GodotSharp/Core/Bridge/CSharpInstanceBridge.cs:24)
zirat-cultural-audit: forbidden=0 fenceTop=1.03m gateTop=1.48m paths=1 stones=13/13 axis=87.5° expected=105.2° delta=17.7°
WARNING: PainterlyMaterialLibrary: surface 'snow_grass' has no declared mode; it gets the flat world-space default.
   at: Godot.Material Urman.Godot.PainterlyMaterialLibrary.ForColor(string, string, bool) (res://scripts/PainterlyMaterialLibrary.cs:1406)
   C# backtrace (most recent call first):
       [0] void Godot.GD.PushWarning(string) (/root/godot/modules/mono/glue/GodotSharp/GodotSharp/Core/GD.cs:396)
       [1] Godot.Material Urman.Godot.PainterlyMaterialLibrary.ForColor(string, string, bool) (D:\URMAN-STATION\data\runs\2cf68876477348b5a2ed2157ba415b77\source\game\scripts\PainterlyMaterialLibrary.cs:1406)
       [2] void Urman.Godot.Act1ConnectedWorld.RegradeKaraEdgeMaterials(Godot.Node3D) (D:\URMAN-STATION\data\runs\2cf68876477348b5a2ed2157ba415b77\source\game\scripts\Act1ConnectedWorld.cs:3949)
       [3] void Urman.Godot.Act1ConnectedWorld.BuildAct1KaraForestEdgeKit(Godot.Node3D) (D:\URMAN-STATION\data\runs\2cf68876477348b5a2ed2157ba415b77\source\game\scripts\Act1ConnectedWorld.cs:3895)
       [4] void Urman.Godot.Act1ConnectedWorld.BuildAct1CoreWorldGreybox() (D:\URMAN-STATION\data\runs\2cf68876477348b5a2ed2157ba415b77\source\game\scripts\Act1ConnectedWorld.cs:1215)
       [5] void Urman.Godot.Act1ConnectedWorld.ProfileWorldBuildStep(string, System.Action) (D:\URMAN-STATION\data\runs\2cf68876477348b5a2ed2157ba415b77\source\game\scripts\Act1ConnectedWorld.cs:6348)
       [6] void Urman.Godot.Act1ConnectedWorld.Build() (D:\URMAN-STATION\data\runs\2cf68876477348b5a2ed2157ba415b77\source\game\scripts\Act1ConnectedWorld.cs:407)
       [7] void Urman.Godot.Act1ConnectedWorld._Ready() (D:\URMAN-STATION\data\runs\2cf68876477348b5a2ed2157ba415b77\source\game\scripts\Act1ConnectedWorld.cs:309)
       [8] bool Godot.Node.InvokeGodotClassMethod(Godot.NativeInterop.godot_string_name&, Godot.NativeInterop.NativeVariantPtrArgs, Godot.NativeInterop.godot_variant&) (/root/godot/modules/mono/glue/GodotSharp/GodotSharp/Generated/GodotObjects/Node.cs:2660)
       [9] bool Godot.Node3D.InvokeGodotClassMethod(Godot.NativeInterop.godot_string_name&, Godot.NativeInterop.NativeVariantPtrArgs, Godot.NativeInterop.godot_variant&) (/root/godot/modules/mono/glue/GodotSharp/GodotSharp/Generated/GodotObjects/Node3D.cs:1127)
       [10] bool Urman.Godot.Act1ConnectedWorld.InvokeGodotClassMethod(Godot.NativeInterop.godot_string_name&, Godot.NativeInterop.NativeVariantPtrArgs, Godot.NativeInterop.godot_variant&) (D:\URMAN-STATION\data\runs\2cf68876477348b5a2ed2157ba415b77\source\game\.godot\mono\temp\obj\Debug\Godot.SourceGenerators\Godot.SourceGenerators.ScriptMethodsGenerator\Urman.Godot.Act1ConnectedWorld_ScriptMethods.generated.cs:5726)
       [11] Godot.NativeInterop.godot_bool Godot.Bridge.CSharpInstanceBridge.Call(nint, Godot.NativeInterop.godot_string_name*, Godot.NativeInterop.godot_variant**, int, Godot.NativeInterop.godot_variant_call_error*, Godot.NativeInterop.godot_variant*) (/root/godot/modules/mono/glue/GodotSharp/GodotSharp/Core/Bridge/CSharpInstanceBridge.cs:24)
       [12] void Godot.NativeInterop.NativeFuncs.godotsharp_method_bind_ptrcall(nint, nint, System.Void**, System.Void*) (/root/godot/modules/mono/glue/GodotSharp/GodotSharp/Godot.SourceGenerators.Internal/Godot.SourceGenerators.Internal.UnmanagedCallbacksGenerator/Godot.NativeInterop.NativeFuncs.generated.cs:380)
       [13] void Godot.NativeCalls.godot_icall_3_912(nint, nint, nint, Godot.NativeInterop.godot_bool, int) (/root/godot/modules/mono/glue/GodotSharp/GodotSharp/Generated/NativeCalls.cs:8061)
       [14] void Godot.Node.AddChild(Godot.Node, bool, Godot.Node+InternalMode) (/root/godot/modules/mono/glue/GodotSharp/GodotSharp/Generated/GodotObjects/Node.cs:848)
       [15] void Urman.Godot.Main._Ready() (D:\URMAN-STATION\data\runs\2cf68876477348b5a2ed2157ba415b77\source\game\scripts\Main.cs:83)
       [16] bool Godot.Node.InvokeGodotClassMethod(Godot.NativeInterop.godot_string_name&, Godot.NativeInterop.NativeVariantPtrArgs, Godot.NativeInterop.godot_variant&) (/root/godot/modules/mono/glue/GodotSharp/GodotSharp/Generated/GodotObjects/Node.cs:2660)
       [17] bool Godot.Node3D.InvokeGodotClassMethod(Godot.NativeInterop.godot_string_name&, Godot.NativeInterop.NativeVariantPtrArgs, Godot.NativeInterop.godot_variant&) (/root/godot/modules/mono/glue/GodotSharp/GodotSharp/Generated/GodotObjects/Node3D.cs:1127)
       [18] bool Urman.Godot.Main.InvokeGodotClassMethod(Godot.NativeInterop.godot_string_name&, Godot.NativeInterop.NativeVariantPtrArgs, Godot.NativeInterop.godot_variant&) (D:\URMAN-STATION\data\runs\2cf68876477348b5a2ed2157ba415b77\source\game\.godot\mono\temp\obj\Debug\Godot.SourceGenerators\Godot.SourceGenerators.ScriptMethodsGenerator\Urman.Godot.Main_ScriptMethods.generated.cs:70)
       [19] Godot.NativeInterop.godot_bool Godot.Bridge.CSharpInstanceBridge.Call(nint, Godot.NativeInterop.godot_string_name*, Godot.NativeInterop.godot_variant**, int, Godot.NativeInterop.godot_variant_call_error*, Godot.NativeInterop.godot_variant*) (/root/godot/modules/mono/glue/GodotSharp/GodotSharp/Core/Bridge/CSharpInstanceBridge.cs:24)
       [20] void Godot.NativeInterop.NativeFuncs.godotsharp_method_bind_ptrcall(nint, nint, System.Void**, System.Void*) (/root/godot/modules/mono/glue/GodotSharp/GodotSharp/Godot.SourceGenerators.Internal/Godot.SourceGenerators.Internal.UnmanagedCallbacksGenerator/Godot.NativeInterop.NativeFuncs.generated.cs:380)
       [21] void Godot.NativeCalls.godot_icall_3_912(nint, nint, nint, Godot.NativeInterop.godot_bool, int) (/root/godot/modules/mono/glue/GodotSharp/GodotSharp/Generated/NativeCalls.cs:8061)
       [22] void Godot.Node.AddChild(Godot.Node, bool, Godot.Node+InternalMode) (/root/godot/modules/mono/glue/GodotSharp/GodotSharp/Generated/GodotObjects/Node.cs:848)
       [23] void Urman.Godot.Tests.Act1FootstepLagProbe+<_Ready>d__42.MoveNext() (D:\URMAN-STATION\data\runs\2cf68876477348b5a2ed2157ba415b77\source\game\tests\Act1FootstepLagProbe.cs:92)
       [24] void System.Runtime.CompilerServices.AsyncMethodBuilderCore.Start<TStateMachine>(TStateMachine&)
       [25] void Urman.Godot.Tests.Act1FootstepLagProbe._Ready()
       [26] bool Godot.Node.InvokeGodotClassMethod(Godot.NativeInterop.godot_string_name&, Godot.NativeInterop.NativeVariantPtrArgs, Godot.NativeInterop.godot_variant&) (/root/godot/modules/mono/glue/GodotSharp/GodotSharp/Generated/GodotObjects/Node.cs:2660)
       [27] bool Urman.Godot.Tests.Act1FootstepLagProbe.InvokeGodotClassMethod(Godot.NativeInterop.godot_string_name&, Godot.NativeInterop.NativeVariantPtrArgs, Godot.NativeInterop.godot_variant&) (D:\URMAN-STATION\data\runs\2cf68876477348b5a2ed2157ba415b77\source\game\.godot\mono\temp\obj\Debug\Godot.SourceGenerators\Godot.SourceGenerators.ScriptMethodsGenerator\Urman.Godot.Tests.Act1FootstepLagProbe_ScriptMethods.generated.cs:90)
       [28] Godot.NativeInterop.godot_bool Godot.Bridge.CSharpInstanceBridge.Call(nint, Godot.NativeInterop.godot_string_name*, Godot.NativeInterop.godot_variant**, int, Godot.NativeInterop.godot_variant_call_error*, Godot.NativeInterop.godot_variant*) (/root/godot/modules/mono/glue/GodotSharp/GodotSharp/Core/Bridge/CSharpInstanceBridge.cs:24)
WARNING: PainterlyMaterialLibrary: surface 'rowan_berries' has no declared mode; it gets the flat world-space default.
   at: Godot.Material Urman.Godot.PainterlyMaterialLibrary.ForColor(string, string, bool) (res://scripts/PainterlyMaterialLibrary.cs:1406)
   C# backtrace (most recent call first):
       [0] void Godot.GD.PushWarning(string) (/root/godot/modules/mono/glue/GodotSharp/GodotSharp/Core/GD.cs:396)
       [1] Godot.Material Urman.Godot.PainterlyMaterialLibrary.ForColor(string, string, bool) (D:\URMAN-STATION\data\runs\2cf68876477348b5a2ed2157ba415b77\source\game\scripts\PainterlyMaterialLibrary.cs:1406)
       [2] Godot.Material Urman.Experiments.AgentBAct1.AgentBKitMaterials.MaterialFor(string) (D:\URMAN-STATION\data\runs\2cf68876477348b5a2ed2157ba415b77\source\game\scripts\experiments\agent_b_act1\AgentBKitMaterials.cs:109)
       [3] void Urman.Experiments.AgentBAct1.AgentBKitMaterials.RebindMaterials(Godot.Node3D) (D:\URMAN-STATION\data\runs\2cf68876477348b5a2ed2157ba415b77\source\game\scripts\experiments\agent_b_act1\AgentBKitMaterials.cs:153)
       [4] Godot.Node3D Urman.Experiments.AgentBAct1.AgentBKitMaterials.InstantiateKit(Godot.Node, string, string) (D:\URMAN-STATION\data\runs\2cf68876477348b5a2ed2157ba415b77\source\game\scripts\experiments\agent_b_act1\AgentBKitMaterials.cs:124)
       [5] void Urman.Godot.AgentBAct1ExteriorLayer.Build() (D:\URMAN-STATION\data\runs\2cf68876477348b5a2ed2157ba415b77\source\game\scripts\experiments\agent_b_act1\AgentBAct1ExteriorLayer.cs:145)
       [6] void Urman.Godot.Act1ConnectedWorld.BuildAgentBExteriorWorld(Godot.Node3D) (D:\URMAN-STATION\data\runs\2cf68876477348b5a2ed2157ba415b77\source\game\scripts\Act1ConnectedWorld.cs:1681)
       [7] void Urman.Godot.Act1ConnectedWorld.BuildAct1CoreWorldGreybox() (D:\URMAN-STATION\data\runs\2cf68876477348b5a2ed2157ba415b77\source\game\scripts\Act1ConnectedWorld.cs:1218)
       [8] void Urman.Godot.Act1ConnectedWorld.ProfileWorldBuildStep(string, System.Action) (D:\URMAN-STATION\data\runs\2cf68876477348b5a2ed2157ba415b77\source\game\scripts\Act1ConnectedWorld.cs:6348)
       [9] void Urman.Godot.Act1ConnectedWorld.Build() (D:\URMAN-STATION\data\runs\2cf68876477348b5a2ed2157ba415b77\source\game\scripts\Act1ConnectedWorld.cs:407)
       [10] void Urman.Godot.Act1ConnectedWorld._Ready() (D:\URMAN-STATION\data\runs\2cf68876477348b5a2ed2157ba415b77\source\game\scripts\Act1ConnectedWorld.cs:309)
       [11] bool Godot.Node.InvokeGodotClassMethod(Godot.NativeInterop.godot_string_name&, Godot.NativeInterop.NativeVariantPtrArgs, Godot.NativeInterop.godot_variant&) (/root/godot/modules/mono/glue/GodotSharp/GodotSharp/Generated/GodotObjects/Node.cs:2660)
       [12] bool Godot.Node3D.InvokeGodotClassMethod(Godot.NativeInterop.godot_string_name&, Godot.NativeInterop.NativeVariantPtrArgs, Godot.NativeInterop.godot_variant&) (/root/godot/modules/mono/glue/GodotSharp/GodotSharp/Generated/GodotObjects/Node3D.cs:1127)
       [13] bool Urman.Godot.Act1ConnectedWorld.InvokeGodotClassMethod(Godot.NativeInterop.godot_string_name&, Godot.NativeInterop.NativeVariantPtrArgs, Godot.NativeInterop.godot_variant&) (D:\URMAN-STATION\data\runs\2cf68876477348b5a2ed2157ba415b77\source\game\.godot\mono\temp\obj\Debug\Godot.SourceGenerators\Godot.SourceGenerators.ScriptMethodsGenerator\Urman.Godot.Act1ConnectedWorld_ScriptMethods.generated.cs:5726)
       [14] Godot.NativeInterop.godot_bool Godot.Bridge.CSharpInstanceBridge.Call(nint, Godot.NativeInterop.godot_string_name*, Godot.NativeInterop.godot_variant**, int, Godot.NativeInterop.godot_variant_call_error*, Godot.NativeInterop.godot_variant*) (/root/godot/modules/mono/glue/GodotSharp/GodotSharp/Core/Bridge/CSharpInstanceBridge.cs:24)
       [15] void Godot.NativeInterop.NativeFuncs.godotsharp_method_bind_ptrcall(nint, nint, System.Void**, System.Void*) (/root/godot/modules/mono/glue/GodotSharp/GodotSharp/Godot.SourceGenerators.Internal/Godot.SourceGenerators.Internal.UnmanagedCallbacksGenerator/Godot.NativeInterop.NativeFuncs.generated.cs:380)
       [16] void Godot.NativeCalls.godot_icall_3_912(nint, nint, nint, Godot.NativeInterop.godot_bool, int) (/root/godot/modules/mono/glue/GodotSharp/GodotSharp/Generated/NativeCalls.cs:8061)
       [17] void Godot.Node.AddChild(Godot.Node, bool, Godot.Node+InternalMode) (/root/godot/modules/mono/glue/GodotSharp/GodotSharp/Generated/GodotObjects/Node.cs:848)
       [18] void Urman.Godot.Main._Ready() (D:\URMAN-STATION\data\runs\2cf68876477348b5a2ed2157ba415b77\source\game\scripts\Main.cs:83)
       [19] bool Godot.Node.InvokeGodotClassMethod(Godot.NativeInterop.godot_string_name&, Godot.NativeInterop.NativeVariantPtrArgs, Godot.NativeInterop.godot_variant&) (/root/godot/modules/mono/glue/GodotSharp/GodotSharp/Generated/GodotObjects/Node.cs:2660)
       [20] bool Godot.Node3D.InvokeGodotClassMethod(Godot.NativeInterop.godot_string_name&, Godot.NativeInterop.NativeVariantPtrArgs, Godot.NativeInterop.godot_variant&) (/root/godot/modules/mono/glue/GodotSharp/GodotSharp/Generated/GodotObjects/Node3D.cs:1127)
       [21] bool Urman.Godot.Main.InvokeGodotClassMethod(Godot.NativeInterop.godot_string_name&, Godot.NativeInterop.NativeVariantPtrArgs, Godot.NativeInterop.godot_variant&) (D:\URMAN-STATION\data\runs\2cf68876477348b5a2ed2157ba415b77\source\game\.godot\mono\temp\obj\Debug\Godot.SourceGenerators\Godot.SourceGenerators.ScriptMethodsGenerator\Urman.Godot.Main_ScriptMethods.generated.cs:70)
       [22] Godot.NativeInterop.godot_bool Godot.Bridge.CSharpInstanceBridge.Call(nint, Godot.NativeInterop.godot_string_name*, Godot.NativeInterop.godot_variant**, int, Godot.NativeInterop.godot_variant_call_error*, Godot.NativeInterop.godot_variant*) (/root/godot/modules/mono/glue/GodotSharp/GodotSharp/Core/Bridge/CSharpInstanceBridge.cs:24)
       [23] void Godot.NativeInterop.NativeFuncs.godotsharp_method_bind_ptrcall(nint, nint, System.Void**, System.Void*) (/root/godot/modules/mono/glue/GodotSharp/GodotSharp/Godot.SourceGenerators.Internal/Godot.SourceGenerators.Internal.UnmanagedCallbacksGenerator/Godot.NativeInterop.NativeFuncs.generated.cs:380)
       [24] void Godot.NativeCalls.godot_icall_3_912(nint, nint, nint, Godot.NativeInterop.godot_bool, int) (/root/godot/modules/mono/glue/GodotSharp/GodotSharp/Generated/NativeCalls.cs:8061)
       [25] void Godot.Node.AddChild(Godot.Node, bool, Godot.Node+InternalMode) (/root/godot/modules/mono/glue/GodotSharp/GodotSharp/Generated/GodotObjects/Node.cs:848)
       [26] void Urman.Godot.Tests.Act1FootstepLagProbe+<_Ready>d__42.MoveNext() (D:\URMAN-STATION\data\runs\2cf68876477348b5a2ed2157ba415b77\source\game\tests\Act1FootstepLagProbe.cs:92)
       [27] void System.Runtime.CompilerServices.AsyncMethodBuilderCore.Start<TStateMachine>(TStateMachine&)
       [28] void Urman.Godot.Tests.Act1FootstepLagProbe._Ready()
       [29] bool Godot.Node.InvokeGodotClassMethod(Godot.NativeInterop.godot_string_name&, Godot.NativeInterop.NativeVariantPtrArgs, Godot.NativeInterop.godot_variant&) (/root/godot/modules/mono/glue/GodotSharp/GodotSharp/Generated/GodotObjects/Node.cs:2660)
       [30] bool Urman.Godot.Tests.Act1FootstepLagProbe.InvokeGodotClassMethod(Godot.NativeInterop.godot_string_name&, Godot.NativeInterop.NativeVariantPtrArgs, Godot.NativeInterop.godot_variant&) (D:\URMAN-STATION\data\runs\2cf68876477348b5a2ed2157ba415b77\source\game\.godot\mono\temp\obj\Debug\Godot.SourceGenerators\Godot.SourceGenerators.ScriptMethodsGenerator\Urman.Godot.Tests.Act1FootstepLagProbe_ScriptMethods.generated.cs:90)
       [31] Godot.NativeInterop.godot_bool Godot.Bridge.CSharpInstanceBridge.Call(nint, Godot.NativeInterop.godot_string_name*, Godot.NativeInterop.godot_variant**, int, Godot.NativeInterop.godot_variant_call_error*, Godot.NativeInterop.godot_variant*) (/root/godot/modules/mono/glue/GodotSharp/GodotSharp/Core/Bridge/CSharpInstanceBridge.cs:24)
WARNING: PainterlyMaterialLibrary: surface 'bark_birch_winter' has no declared mode; it gets the flat world-space default.
   at: Godot.Material Urman.Godot.PainterlyMaterialLibrary.ForColor(string, string, bool) (res://scripts/PainterlyMaterialLibrary.cs:1406)
   C# backtrace (most recent call first):
       [0] void Godot.GD.PushWarning(string) (/root/godot/modules/mono/glue/GodotSharp/GodotSharp/Core/GD.cs:396)
       [1] Godot.Material Urman.Godot.PainterlyMaterialLibrary.ForColor(string, string, bool) (D:\URMAN-STATION\data\runs\2cf68876477348b5a2ed2157ba415b77\source\game\scripts\PainterlyMaterialLibrary.cs:1406)
       [2] Godot.Material Urman.Godot.AgentBAct1ExteriorLayer.RegionalFoliageMaterial(string, string, string) (D:\URMAN-STATION\data\runs\2cf68876477348b5a2ed2157ba415b77\source\game\scripts\experiments\agent_b_act1\AgentBAct1ExteriorLayer.cs:1762)
       [3] Godot.ArrayMesh Urman.Godot.AgentBAct1ExteriorLayer+<>c__DisplayClass50_0.<PlantFoliage>g__RegionalMesh|5(string, string) (D:\URMAN-STATION\data\runs\2cf68876477348b5a2ed2157ba415b77\source\game\scripts\experiments\agent_b_act1\AgentBAct1ExteriorLayer.cs:1391)
       [4] void Urman.Godot.AgentBAct1ExteriorLayer.PlantFoliage() (D:\URMAN-STATION\data\runs\2cf68876477348b5a2ed2157ba415b77\source\game\scripts\experiments\agent_b_act1\AgentBAct1ExteriorLayer.cs:1565)
       [5] void Urman.Godot.AgentBAct1ExteriorLayer.Build() (D:\URMAN-STATION\data\runs\2cf68876477348b5a2ed2157ba415b77\source\game\scripts\experiments\agent_b_act1\AgentBAct1ExteriorLayer.cs:242)
       [6] void Urman.Godot.Act1ConnectedWorld.BuildAgentBExteriorWorld(Godot.Node3D) (D:\URMAN-STATION\data\runs\2cf68876477348b5a2ed2157ba415b77\source\game\scripts\Act1ConnectedWorld.cs:1681)
       [7] void Urman.Godot.Act1ConnectedWorld.BuildAct1CoreWorldGreybox() (D:\URMAN-STATION\data\runs\2cf68876477348b5a2ed2157ba415b77\source\game\scripts\Act1ConnectedWorld.cs:1218)
       [8] void Urman.Godot.Act1ConnectedWorld.ProfileWorldBuildStep(string, System.Action) (D:\URMAN-STATION\data\runs\2cf68876477348b5a2ed2157ba415b77\source\game\scripts\Act1ConnectedWorld.cs:6348)
       [9] void Urman.Godot.Act1ConnectedWorld.Build() (D:\URMAN-STATION\data\runs\2cf68876477348b5a2ed2157ba415b77\source\game\scripts\Act1ConnectedWorld.cs:407)
       [10] void Urman.Godot.Act1ConnectedWorld._Ready() (D:\URMAN-STATION\data\runs\2cf68876477348b5a2ed2157ba415b77\source\game\scripts\Act1ConnectedWorld.cs:309)
       [11] bool Godot.Node.InvokeGodotClassMethod(Godot.NativeInterop.godot_string_name&, Godot.NativeInterop.NativeVariantPtrArgs, Godot.NativeInterop.godot_variant&) (/root/godot/modules/mono/glue/GodotSharp/GodotSharp/Generated/GodotObjects/Node.cs:2660)
       [12] bool Godot.Node3D.InvokeGodotClassMethod(Godot.NativeInterop.godot_string_name&, Godot.NativeInterop.NativeVariantPtrArgs, Godot.NativeInterop.godot_variant&) (/root/godot/modules/mono/glue/GodotSharp/GodotSharp/Generated/GodotObjects/Node3D.cs:1127)
       [13] bool Urman.Godot.Act1ConnectedWorld.InvokeGodotClassMethod(Godot.NativeInterop.godot_string_name&, Godot.NativeInterop.NativeVariantPtrArgs, Godot.NativeInterop.godot_variant&) (D:\URMAN-STATION\data\runs\2cf68876477348b5a2ed2157ba415b77\source\game\.godot\mono\temp\obj\Debug\Godot.SourceGenerators\Godot.SourceGenerators.ScriptMethodsGenerator\Urman.Godot.Act1ConnectedWorld_ScriptMethods.generated.cs:5726)
       [14] Godot.NativeInterop.godot_bool Godot.Bridge.CSharpInstanceBridge.Call(nint, Godot.NativeInterop.godot_string_name*, Godot.NativeInterop.godot_variant**, int, Godot.NativeInterop.godot_variant_call_error*, Godot.NativeInterop.godot_variant*) (/root/godot/modules/mono/glue/GodotSharp/GodotSharp/Core/Bridge/CSharpInstanceBridge.cs:24)
       [15] void Godot.NativeInterop.NativeFuncs.godotsharp_method_bind_ptrcall(nint, nint, System.Void**, System.Void*) (/root/godot/modules/mono/glue/GodotSharp/GodotSharp/Godot.SourceGenerators.Internal/Godot.SourceGenerators.Internal.UnmanagedCallbacksGenerator/Godot.NativeInterop.NativeFuncs.generated.cs:380)
       [16] void Godot.NativeCalls.godot_icall_3_912(nint, nint, nint, Godot.NativeInterop.godot_bool, int) (/root/godot/modules/mono/glue/GodotSharp/GodotSharp/Generated/NativeCalls.cs:8061)
       [17] void Godot.Node.AddChild(Godot.Node, bool, Godot.Node+InternalMode) (/root/godot/modules/mono/glue/GodotSharp/GodotSharp/Generated/GodotObjects/Node.cs:848)
       [18] void Urman.Godot.Main._Ready() (D:\URMAN-STATION\data\runs\2cf68876477348b5a2ed2157ba415b77\source\game\scripts\Main.cs:83)
       [19] bool Godot.Node.InvokeGodotClassMethod(Godot.NativeInterop.godot_string_name&, Godot.NativeInterop.NativeVariantPtrArgs, Godot.NativeInterop.godot_variant&) (/root/godot/modules/mono/glue/GodotSharp/GodotSharp/Generated/GodotObjects/Node.cs:2660)
       [20] bool Godot.Node3D.InvokeGodotClassMethod(Godot.NativeInterop.godot_string_name&, Godot.NativeInterop.NativeVariantPtrArgs, Godot.NativeInterop.godot_variant&) (/root/godot/modules/mono/glue/GodotSharp/GodotSharp/Generated/GodotObjects/Node3D.cs:1127)
       [21] bool Urman.Godot.Main.InvokeGodotClassMethod(Godot.NativeInterop.godot_string_name&, Godot.NativeInterop.NativeVariantPtrArgs, Godot.NativeInterop.godot_variant&) (D:\URMAN-STATION\data\runs\2cf68876477348b5a2ed2157ba415b77\source\game\.godot\mono\temp\obj\Debug\Godot.SourceGenerators\Godot.SourceGenerators.ScriptMethodsGenerator\Urman.Godot.Main_ScriptMethods.generated.cs:70)
       [22] Godot.NativeInterop.godot_bool Godot.Bridge.CSharpInstanceBridge.Call(nint, Godot.NativeInterop.godot_string_name*, Godot.NativeInterop.godot_variant**, int, Godot.NativeInterop.godot_variant_call_error*, Godot.NativeInterop.godot_variant*) (/root/godot/modules/mono/glue/GodotSharp/GodotSharp/Core/Bridge/CSharpInstanceBridge.cs:24)
       [23] void Godot.NativeInterop.NativeFuncs.godotsharp_method_bind_ptrcall(nint, nint, System.Void**, System.Void*) (/root/godot/modules/mono/glue/GodotSharp/GodotSharp/Godot.SourceGenerators.Internal/Godot.SourceGenerators.Internal.UnmanagedCallbacksGenerator/Godot.NativeInterop.NativeFuncs.generated.cs:380)
       [24] void Godot.NativeCalls.godot_icall_3_912(nint, nint, nint, Godot.NativeInterop.godot_bool, int) (/root/godot/modules/mono/glue/GodotSharp/GodotSharp/Generated/NativeCalls.cs:8061)
       [25] void Godot.Node.AddChild(Godot.Node, bool, Godot.Node+InternalMode) (/root/godot/modules/mono/glue/GodotSharp/GodotSharp/Generated/GodotObjects/Node.cs:848)
       [26] void Urman.Godot.Tests.Act1FootstepLagProbe+<_Ready>d__42.MoveNext() (D:\URMAN-STATION\data\runs\2cf68876477348b5a2ed2157ba415b77\source\game\tests\Act1FootstepLagProbe.cs:92)
       [27] void System.Runtime.CompilerServices.AsyncMethodBuilderCore.Start<TStateMachine>(TStateMachine&)
       [28] void Urman.Godot.Tests.Act1FootstepLagProbe._Ready()
       [29] bool Godot.Node.InvokeGodotClassMethod(Godot.NativeInterop.godot_string_name&, Godot.NativeInterop.NativeVariantPtrArgs, Godot.NativeInterop.godot_variant&) (/root/godot/modules/mono/glue/GodotSharp/GodotSharp/Generated/GodotObjects/Node.cs:2660)
       [30] bool Urman.Godot.Tests.Act1FootstepLagProbe.InvokeGodotClassMethod(Godot.NativeInterop.godot_string_name&, Godot.NativeInterop.NativeVariantPtrArgs, Godot.NativeInterop.godot_variant&) (D:\URMAN-STATION\data\runs\2cf68876477348b5a2ed2157ba415b77\source\game\.godot\mono\temp\obj\Debug\Godot.SourceGenerators\Godot.SourceGenerators.ScriptMethodsGenerator\Urman.Godot.Tests.Act1FootstepLagProbe_ScriptMethods.generated.cs:90)
       [31] Godot.NativeInterop.godot_bool Godot.Bridge.CSharpInstanceBridge.Call(nint, Godot.NativeInterop.godot_string_name*, Godot.NativeInterop.godot_variant**, int, Godot.NativeInterop.godot_variant_call_error*, Godot.NativeInterop.godot_variant*) (/root/godot/modules/mono/glue/GodotSharp/GodotSharp/Core/Bridge/CSharpInstanceBridge.cs:24)
act1-foliage-lod: families=36 tolerance=2.0% worstCrown=14.03% worstHeight=0.55% worstBase=14.05% overTolerance=35 farAlphaSurfaces=1 cells=2444 cellInstances=7849 maxCellDiagonal=21.3m maxCellVolume=1467m3 overFootprint=0 swayReserve=0.427m treeSwayReserve=1.582m uncovered=0 bounds=measured budget=budget lodRangeScaleCeiling=1.60 tieredTrees=6037 sharedRootInstances=18236 rangeGaps=0 doubleFullBands=0 tiers=[6162,6037,6037] meshes=135 materials=13 surfaces=297 alphaSurfaces=3 shadowCasters=14643 skippedOuterUnderstory=1360 occlusion=False graphics=preset=medium,lod_threshold=1.50,scale=0.90,msaa=Msaa2X,shadow_filter=SoftLow,directional_shadow_distance=80,directional_shadow_atlas=4096,positional_shadow_atlas=2048,ssao_gate=authored,probe=none
act1-forest-rhythm: mode=broken trunks=3137 intervalShare=[39.8%->25.2%] modal=[3.80m->3.40m] gapSpreadAfter=[0.01,7.99]m nearBandTrunks=1587 nearestMin=0.01m nearestMedian=2.49m speciesRuns=238 longestRun=6 rows=[5,7,9]@15/25/40m
WARNING: PainterlyMaterialLibrary: surface 'snow_road' has no declared mode; it gets the flat world-space default.
   at: Godot.Material Urman.Godot.PainterlyMaterialLibrary.ForColor(string, string, bool) (res://scripts/PainterlyMaterialLibrary.cs:1406)
   C# backtrace (most recent call first):
       [0] void Godot.GD.PushWarning(string) (/root/godot/modules/mono/glue/GodotSharp/GodotSharp/Core/GD.cs:396)
       [1] Godot.Material Urman.Godot.PainterlyMaterialLibrary.ForColor(string, string, bool) (D:\URMAN-STATION\data\runs\2cf68876477348b5a2ed2157ba415b77\source\game\scripts\PainterlyMaterialLibrary.cs:1406)
       [2] int Urman.Godot.Act1ConnectedWorld.RegradeAct1DaylightKitMaterials(Godot.Node3D) (D:\URMAN-STATION\data\runs\2cf68876477348b5a2ed2157ba415b77\source\game\scripts\Act1ConnectedWorld.cs:2140)
       [3] void Urman.Godot.Act1ConnectedWorld.ApplyAct1DaylightPresentationPass(Godot.Node3D) (D:\URMAN-STATION\data\runs\2cf68876477348b5a2ed2157ba415b77\source\game\scripts\Act1ConnectedWorld.cs:2042)
       [4] void Urman.Godot.Act1ConnectedWorld.BuildAct1CoreWorldGreybox() (D:\URMAN-STATION\data\runs\2cf68876477348b5a2ed2157ba415b77\source\game\scripts\Act1ConnectedWorld.cs:1228)
       [5] void Urman.Godot.Act1ConnectedWorld.ProfileWorldBuildStep(string, System.Action) (D:\URMAN-STATION\data\runs\2cf68876477348b5a2ed2157ba415b77\source\game\scripts\Act1ConnectedWorld.cs:6348)
       [6] void Urman.Godot.Act1ConnectedWorld.Build() (D:\URMAN-STATION\data\runs\2cf68876477348b5a2ed2157ba415b77\source\game\scripts\Act1ConnectedWorld.cs:407)
       [7] void Urman.Godot.Act1ConnectedWorld._Ready() (D:\URMAN-STATION\data\runs\2cf68876477348b5a2ed2157ba415b77\source\game\scripts\Act1ConnectedWorld.cs:309)
       [8] bool Godot.Node.InvokeGodotClassMethod(Godot.NativeInterop.godot_string_name&, Godot.NativeInterop.NativeVariantPtrArgs, Godot.NativeInterop.godot_variant&) (/root/godot/modules/mono/glue/GodotSharp/GodotSharp/Generated/GodotObjects/Node.cs:2660)
       [9] bool Godot.Node3D.InvokeGodotClassMethod(Godot.NativeInterop.godot_string_name&, Godot.NativeInterop.NativeVariantPtrArgs, Godot.NativeInterop.godot_variant&) (/root/godot/modules/mono/glue/GodotSharp/GodotSharp/Generated/GodotObjects/Node3D.cs:1127)
       [10] bool Urman.Godot.Act1ConnectedWorld.InvokeGodotClassMethod(Godot.NativeInterop.godot_string_name&, Godot.NativeInterop.NativeVariantPtrArgs, Godot.NativeInterop.godot_variant&) (D:\URMAN-STATION\data\runs\2cf68876477348b5a2ed2157ba415b77\source\game\.godot\mono\temp\obj\Debug\Godot.SourceGenerators\Godot.SourceGenerators.ScriptMethodsGenerator\Urman.Godot.Act1ConnectedWorld_ScriptMethods.generated.cs:5726)
       [11] Godot.NativeInterop.godot_bool Godot.Bridge.CSharpInstanceBridge.Call(nint, Godot.NativeInterop.godot_string_name*, Godot.NativeInterop.godot_variant**, int, Godot.NativeInterop.godot_variant_call_error*, Godot.NativeInterop.godot_variant*) (/root/godot/modules/mono/glue/GodotSharp/GodotSharp/Core/Bridge/CSharpInstanceBridge.cs:24)
       [12] void Godot.NativeInterop.NativeFuncs.godotsharp_method_bind_ptrcall(nint, nint, System.Void**, System.Void*) (/root/godot/modules/mono/glue/GodotSharp/GodotSharp/Godot.SourceGenerators.Internal/Godot.SourceGenerators.Internal.UnmanagedCallbacksGenerator/Godot.NativeInterop.NativeFuncs.generated.cs:380)
       [13] void Godot.NativeCalls.godot_icall_3_912(nint, nint, nint, Godot.NativeInterop.godot_bool, int) (/root/godot/modules/mono/glue/GodotSharp/GodotSharp/Generated/NativeCalls.cs:8061)
       [14] void Godot.Node.AddChild(Godot.Node, bool, Godot.Node+InternalMode) (/root/godot/modules/mono/glue/GodotSharp/GodotSharp/Generated/GodotObjects/Node.cs:848)
       [15] void Urman.Godot.Main._Ready() (D:\URMAN-STATION\data\runs\2cf68876477348b5a2ed2157ba415b77\source\game\scripts\Main.cs:83)
       [16] bool Godot.Node.InvokeGodotClassMethod(Godot.NativeInterop.godot_string_name&, Godot.NativeInterop.NativeVariantPtrArgs, Godot.NativeInterop.godot_variant&) (/root/godot/modules/mono/glue/GodotSharp/GodotSharp/Generated/GodotObjects/Node.cs:2660)
       [17] bool Godot.Node3D.InvokeGodotClassMethod(Godot.NativeInterop.godot_string_name&, Godot.NativeInterop.NativeVariantPtrArgs, Godot.NativeInterop.godot_variant&) (/root/godot/modules/mono/glue/GodotSharp/GodotSharp/Generated/GodotObjects/Node3D.cs:1127)
       [18] bool Urman.Godot.Main.InvokeGodotClassMethod(Godot.NativeInterop.godot_string_name&, Godot.NativeInterop.NativeVariantPtrArgs, Godot.NativeInterop.godot_variant&) (D:\URMAN-STATION\data\runs\2cf68876477348b5a2ed2157ba415b77\source\game\.godot\mono\temp\obj\Debug\Godot.SourceGenerators\Godot.SourceGenerators.ScriptMethodsGenerator\Urman.Godot.Main_ScriptMethods.generated.cs:70)
       [19] Godot.NativeInterop.godot_bool Godot.Bridge.CSharpInstanceBridge.Call(nint, Godot.NativeInterop.godot_string_name*, Godot.NativeInterop.godot_variant**, int, Godot.NativeInterop.godot_variant_call_error*, Godot.NativeInterop.godot_variant*) (/root/godot/modules/mono/glue/GodotSharp/GodotSharp/Core/Bridge/CSharpInstanceBridge.cs:24)
       [20] void Godot.NativeInterop.NativeFuncs.godotsharp_method_bind_ptrcall(nint, nint, System.Void**, System.Void*) (/root/godot/modules/mono/glue/GodotSharp/GodotSharp/Godot.SourceGenerators.Internal/Godot.SourceGenerators.Internal.UnmanagedCallbacksGenerator/Godot.NativeInterop.NativeFuncs.generated.cs:380)
       [21] void Godot.NativeCalls.godot_icall_3_912(nint, nint, nint, Godot.NativeInterop.godot_bool, int) (/root/godot/modules/mono/glue/GodotSharp/GodotSharp/Generated/NativeCalls.cs:8061)
       [22] void Godot.Node.AddChild(Godot.Node, bool, Godot.Node+InternalMode) (/root/godot/modules/mono/glue/GodotSharp/GodotSharp/Generated/GodotObjects/Node.cs:848)
       [23] void Urman.Godot.Tests.Act1FootstepLagProbe+<_Ready>d__42.MoveNext() (D:\URMAN-STATION\data\runs\2cf68876477348b5a2ed2157ba415b77\source\game\tests\Act1FootstepLagProbe.cs:92)
       [24] void System.Runtime.CompilerServices.AsyncMethodBuilderCore.Start<TStateMachine>(TStateMachine&)
       [25] void Urman.Godot.Tests.Act1FootstepLagProbe._Ready()
       [26] bool Godot.Node.InvokeGodotClassMethod(Godot.NativeInterop.godot_string_name&, Godot.NativeInterop.NativeVariantPtrArgs, Godot.NativeInterop.godot_variant&) (/root/godot/modules/mono/glue/GodotSharp/GodotSharp/Generated/GodotObjects/Node.cs:2660)
       [27] bool Urman.Godot.Tests.Act1FootstepLagProbe.InvokeGodotClassMethod(Godot.NativeInterop.godot_string_name&, Godot.NativeInterop.NativeVariantPtrArgs, Godot.NativeInterop.godot_variant&) (D:\URMAN-STATION\data\runs\2cf68876477348b5a2ed2157ba415b77\source\game\.godot\mono\temp\obj\Debug\Godot.SourceGenerators\Godot.SourceGenerators.ScriptMethodsGenerator\Urman.Godot.Tests.Act1FootstepLagProbe_ScriptMethods.generated.cs:90)
       [28] Godot.NativeInterop.godot_bool Godot.Bridge.CSharpInstanceBridge.Call(nint, Godot.NativeInterop.godot_string_name*, Godot.NativeInterop.godot_variant**, int, Godot.NativeInterop.godot_variant_call_error*, Godot.NativeInterop.godot_variant*) (/root/godot/modules/mono/glue/GodotSharp/GodotSharp/Core/Bridge/CSharpInstanceBridge.cs:24)
village-chimney: /root/Act1FootstepLagProbe/Main/ZoneHost/Act1ConnectedWorld/Act1CoreWorldGreybox/Act1AuthoredExteriorKitPresentation/BabaiApproachDwellingFacade/HeroHouse_TimberPlaster/HeroHouse_ChimneyCap_LOD0 top=(-31.425797, 5.598152, -3.367765)
village-chimney: /root/Act1FootstepLagProbe/Main/ZoneHost/Act1ConnectedWorld/Act1CoreWorldGreybox/Act1AuthoredExteriorKitPresentation/DistantPerimeterParcels/WestReturnMidParcel/WestReturnMidFacade/VillageParcel_VariantB_PlasterAnnex_Dwelling/VariantB_PlasterAnnex_Dwelling_ChimneyCap_LOD0 top=(13.285, 4.224752, 39.610004)
act1-terrain-room-cut: room=/root/Act1FootstepLagProbe/Main/ZoneHost/Act1ConnectedWorld/babay-abi-house half=(4, 3.5) affectedTriangles=48 clippedVertices=123318 publishedVertices=123318 physicsVertices=123318 visualAndPhysics=shared-published-faces
act1-apron-room-cut: mesh=/root/Act1FootstepLagProbe/Main/ZoneHost/Act1ConnectedWorld/Act1CoreWorldGreybox/AgentBExteriorWorld/AgentB_TerrainRoadKit/URMAN_AgentB_TerrainRoadKit/Apron_BabaiYard affectedTriangles=11 clippedVertices=123 surfaces=1 collision=existing-terrain-owner
act1-south-fence-house-junction: wallX=-33.5880 retainedMembers=13 retiredPostsAndCaps=10 supportedWestWing=2.4920m
WARNING: PainterlyMaterialLibrary: surface 'snow' has no declared mode; it gets the flat world-space default.
   at: Godot.Material Urman.Godot.PainterlyMaterialLibrary.ForColor(string, string, bool) (res://scripts/PainterlyMaterialLibrary.cs:1406)
   C# backtrace (most recent call first):
       [0] void Godot.GD.PushWarning(string) (/root/godot/modules/mono/glue/GodotSharp/GodotSharp/Core/GD.cs:396)
       [1] Godot.Material Urman.Godot.PainterlyMaterialLibrary.ForColor(string, string, bool) (D:\URMAN-STATION\data\runs\2cf68876477348b5a2ed2157ba415b77\source\game\scripts\PainterlyMaterialLibrary.cs:1406)
       [2] Godot.MeshInstance3D Urman.Godot.Act1ConnectedWorld.MechanismVisual(Godot.Node3D, string, Godot.Vector3, Godot.Vector3, string, string) (D:\URMAN-STATION\data\runs\2cf68876477348b5a2ed2157ba415b77\source\game\scripts\Act1ConnectedWorld.YardMechanisms.cs:309)
       [3] void Urman.Godot.Act1ConnectedWorld.BuildYardMechanisms(Godot.Node3D, Urman.Godot.CarryCoordinator) (D:\URMAN-STATION\data\runs\2cf68876477348b5a2ed2157ba415b77\source\game\scripts\Act1ConnectedWorld.YardMechanisms.cs:22)
       [4] void Urman.Godot.Act1ConnectedWorld.BuildCarryables(Godot.Node3D) (D:\URMAN-STATION\data\runs\2cf68876477348b5a2ed2157ba415b77\source\game\scripts\Act1ConnectedWorld.cs:1366)
       [5] void Urman.Godot.Act1ConnectedWorld.Build() (D:\URMAN-STATION\data\runs\2cf68876477348b5a2ed2157ba415b77\source\game\scripts\Act1ConnectedWorld.cs:431)
       [6] void Urman.Godot.Act1ConnectedWorld._Ready() (D:\URMAN-STATION\data\runs\2cf68876477348b5a2ed2157ba415b77\source\game\scripts\Act1ConnectedWorld.cs:309)
       [7] bool Godot.Node.InvokeGodotClassMethod(Godot.NativeInterop.godot_string_name&, Godot.NativeInterop.NativeVariantPtrArgs, Godot.NativeInterop.godot_variant&) (/root/godot/modules/mono/glue/GodotSharp/GodotSharp/Generated/GodotObjects/Node.cs:2660)
       [8] bool Godot.Node3D.InvokeGodotClassMethod(Godot.NativeInterop.godot_string_name&, Godot.NativeInterop.NativeVariantPtrArgs, Godot.NativeInterop.godot_variant&) (/root/godot/modules/mono/glue/GodotSharp/GodotSharp/Generated/GodotObjects/Node3D.cs:1127)
       [9] bool Urman.Godot.Act1ConnectedWorld.InvokeGodotClassMethod(Godot.NativeInterop.godot_string_name&, Godot.NativeInterop.NativeVariantPtrArgs, Godot.NativeInterop.godot_variant&) (D:\URMAN-STATION\data\runs\2cf68876477348b5a2ed2157ba415b77\source\game\.godot\mono\temp\obj\Debug\Godot.SourceGenerators\Godot.SourceGenerators.ScriptMethodsGenerator\Urman.Godot.Act1ConnectedWorld_ScriptMethods.generated.cs:5726)
       [10] Godot.NativeInterop.godot_bool Godot.Bridge.CSharpInstanceBridge.Call(nint, Godot.NativeInterop.godot_string_name*, Godot.NativeInterop.godot_variant**, int, Godot.NativeInterop.godot_variant_call_error*, Godot.NativeInterop.godot_variant*) (/root/godot/modules/mono/glue/GodotSharp/GodotSharp/Core/Bridge/CSharpInstanceBridge.cs:24)
       [11] void Godot.NativeInterop.NativeFuncs.godotsharp_method_bind_ptrcall(nint, nint, System.Void**, System.Void*) (/root/godot/modules/mono/glue/GodotSharp/GodotSharp/Godot.SourceGenerators.Internal/Godot.SourceGenerators.Internal.UnmanagedCallbacksGenerator/Godot.NativeInterop.NativeFuncs.generated.cs:380)
       [12] void Godot.NativeCalls.godot_icall_3_912(nint, nint, nint, Godot.NativeInterop.godot_bool, int) (/root/godot/modules/mono/glue/GodotSharp/GodotSharp/Generated/NativeCalls.cs:8061)
       [13] void Godot.Node.AddChild(Godot.Node, bool, Godot.Node+InternalMode) (/root/godot/modules/mono/glue/GodotSharp/GodotSharp/Generated/GodotObjects/Node.cs:848)
       [14] void Urman.Godot.Main._Ready() (D:\URMAN-STATION\data\runs\2cf68876477348b5a2ed2157ba415b77\source\game\scripts\Main.cs:83)
       [15] bool Godot.Node.InvokeGodotClassMethod(Godot.NativeInterop.godot_string_name&, Godot.NativeInterop.NativeVariantPtrArgs, Godot.NativeInterop.godot_variant&) (/root/godot/modules/mono/glue/GodotSharp/GodotSharp/Generated/GodotObjects/Node.cs:2660)
       [16] bool Godot.Node3D.InvokeGodotClassMethod(Godot.NativeInterop.godot_string_name&, Godot.NativeInterop.NativeVariantPtrArgs, Godot.NativeInterop.godot_variant&) (/root/godot/modules/mono/glue/GodotSharp/GodotSharp/Generated/GodotObjects/Node3D.cs:1127)
       [17] bool Urman.Godot.Main.InvokeGodotClassMethod(Godot.NativeInterop.godot_string_name&, Godot.NativeInterop.NativeVariantPtrArgs, Godot.NativeInterop.godot_variant&) (D:\URMAN-STATION\data\runs\2cf68876477348b5a2ed2157ba415b77\source\game\.godot\mono\temp\obj\Debug\Godot.SourceGenerators\Godot.SourceGenerators.ScriptMethodsGenerator\Urman.Godot.Main_ScriptMethods.generated.cs:70)
       [18] Godot.NativeInterop.godot_bool Godot.Bridge.CSharpInstanceBridge.Call(nint, Godot.NativeInterop.godot_string_name*, Godot.NativeInterop.godot_variant**, int, Godot.NativeInterop.godot_variant_call_error*, Godot.NativeInterop.godot_variant*) (/root/godot/modules/mono/glue/GodotSharp/GodotSharp/Core/Bridge/CSharpInstanceBridge.cs:24)
       [19] void Godot.NativeInterop.NativeFuncs.godotsharp_method_bind_ptrcall(nint, nint, System.Void**, System.Void*) (/root/godot/modules/mono/glue/GodotSharp/GodotSharp/Godot.SourceGenerators.Internal/Godot.SourceGenerators.Internal.UnmanagedCallbacksGenerator/Godot.NativeInterop.NativeFuncs.generated.cs:380)
       [20] void Godot.NativeCalls.godot_icall_3_912(nint, nint, nint, Godot.NativeInterop.godot_bool, int) (/root/godot/modules/mono/glue/GodotSharp/GodotSharp/Generated/NativeCalls.cs:8061)
       [21] void Godot.Node.AddChild(Godot.Node, bool, Godot.Node+InternalMode) (/root/godot/modules/mono/glue/GodotSharp/GodotSharp/Generated/GodotObjects/Node.cs:848)
       [22] void Urman.Godot.Tests.Act1FootstepLagProbe+<_Ready>d__42.MoveNext() (D:\URMAN-STATION\data\runs\2cf68876477348b5a2ed2157ba415b77\source\game\tests\Act1FootstepLagProbe.cs:92)
       [23] void System.Runtime.CompilerServices.AsyncMethodBuilderCore.Start<TStateMachine>(TStateMachine&)
       [24] void Urman.Godot.Tests.Act1FootstepLagProbe._Ready()
       [25] bool Godot.Node.InvokeGodotClassMethod(Godot.NativeInterop.godot_string_name&, Godot.NativeInterop.NativeVariantPtrArgs, Godot.NativeInterop.godot_variant&) (/root/godot/modules/mono/glue/GodotSharp/GodotSharp/Generated/GodotObjects/Node.cs:2660)
       [26] bool Urman.Godot.Tests.Act1FootstepLagProbe.InvokeGodotClassMethod(Godot.NativeInterop.godot_string_name&, Godot.NativeInterop.NativeVariantPtrArgs, Godot.NativeInterop.godot_variant&) (D:\URMAN-STATION\data\runs\2cf68876477348b5a2ed2157ba415b77\source\game\.godot\mono\temp\obj\Debug\Godot.SourceGenerators\Godot.SourceGenerators.ScriptMethodsGenerator\Urman.Godot.Tests.Act1FootstepLagProbe_ScriptMethods.generated.cs:90)
       [27] Godot.NativeInterop.godot_bool Godot.Bridge.CSharpInstanceBridge.Call(nint, Godot.NativeInterop.godot_string_name*, Godot.NativeInterop.godot_variant**, int, Godot.NativeInterop.godot_variant_call_error*, Godot.NativeInterop.godot_variant*) (/root/godot/modules/mono/glue/GodotSharp/GodotSharp/Core/Bridge/CSharpInstanceBridge.cs:24)
act1-drain-bank-conform: mesh=/root/Act1FootstepLagProbe/Main/ZoneHost/Act1ConnectedWorld/Act1CoreWorldGreybox/AgentBExteriorWorld/AgentB_TerrainRoadKit/URMAN_AgentB_TerrainRoadKit/BabaiYard_EastFenceSwale originalTriangles=78 affectedTriangles=35 outputTriangles=3543 groundOwner=unchanged
act1-rear-gate: retired_meshes=15 disabled_shapes=15 bypass=/root/Act1FootstepLagProbe/Main/ZoneHost/Act1ConnectedWorld/village-main-road/Act1BypassCollision
act1-mosque-terrain-cut: affectedTriangles=86 publishedVertices=123324 physicsVertices=123324 sameOwner=true
mosque-address-mount available=True doorFound=True door=(-30.916079, 1.8232076, 24.329773) preferredOutward=(0.96514225, 0, -0.261726) point=(-30.976536, 1.9747816, 23.128733) outward=(0.96514225, 0, -0.261726) owner=/root/Act1FootstepLagProbe/Main/ZoneHost/Act1ConnectedWorld/Act1CoreWorldGreybox/VillageMosqueComplex/MosqueHallEastLeft failure=
act1-mosque-entrance: firstRise=-0.022 approachFeet=-0.448 lowerTop=-0.471 upperTop=0.000 innerRise=0.157 treadDepth=2.150 thresholdSlotBefore=0.025 firstStepAdded=False sillAdded=True
banya-atmosphere: emitters=3 particles=19 hazeQuads=2 voices=3 ready=True
act1-shop-storefront: reskinned=75 gableSign=(8.815001, 2.7757518, 38.800003) entry=(12.295, 0.06675188, 41.950005)
act1-school-bank-cut: the field bank does not meet the school footprint (relayout v3); no cut
act1-council-fence-format: source=urman_village_exterior_kit_Cube_040 vertices=96 normals=96 uv=96 tangents=384 colors=0 uv2=0 lods=0 sourceFormat=536875031 publishedFormat=4119
act1-council-fence-format: source=urman_village_exterior_kit_FenceSegment_RailMiddle_Crooked_LOD0Mesh vertices=48 normals=48 uv=0 tangents=192 colors=0 uv2=0 lods=0 sourceFormat=536875015 publishedFormat=4103
act1-council-fence-format: source=urman_village_exterior_kit_Cube_039 vertices=96 normals=96 uv=96 tangents=384 colors=0 uv2=0 lods=0 sourceFormat=536875031 publishedFormat=4119
act1-council-fence-junction: fence=/root/Act1FootstepLagProbe/Main/ZoneHost/Act1ConnectedWorld/Act1CoreWorldGreybox/Act1AuthoredExteriorKitPresentation/DistantPerimeterParcels/EastStreetHorizonParcel/EastStreetHorizonFence wall=/root/Act1FootstepLagProbe/Main/ZoneHost/Act1ConnectedWorld/Act1CoreWorldGreybox/Act1AuthoredExteriorKitPresentation/DistantPerimeterParcels/EastStreetHorizonParcel/EastStreetHorizonFacade/VillageParcel_VariantA_TimberGable_Dwelling/VariantA_TimberGable_Dwelling_SeniRear_Wall_LOD0 localCutZ=-4.4 hiddenMembers=4 trimmedRails=3 retainedMembers=8 sourceAsset=unchanged
act1-terrain-room-cut: room=/root/Act1FootstepLagProbe/Main/ZoneHost/Act1ConnectedWorld/Act1CoreWorldGreybox/VillageRavine/RavineFarBank/FarBankPublic_police half=(5.79, 4.29) affectedTriangles=72 clippedVertices=123330 publishedVertices=123330 physicsVertices=123330 visualAndPhysics=shared-published-faces
act1-apron-room-cut: mesh=/root/Act1FootstepLagProbe/Main/ZoneHost/Act1ConnectedWorld/Act1CoreWorldGreybox/AgentBExteriorWorld/AgentB_TerrainRoadKit/URMAN_AgentB_TerrainRoadKit/Apron_BabaiYard affectedTriangles=0 clippedVertices=123 surfaces=1 collision=existing-terrain-owner
police-seat: sourcePelvis=(-3.097206, 0.6009963, 1.0985031) mounted=(-3.1, 0.56, 1.43)
act1-fap-plate: at=(25.390001, 1.9432073, -28.118002) outward=(0, 0, 1)
act1-overlap-cleanup: hidden=4
act1-overlap-cleanup: legacyRelocated=0 authoredOwners=12
act1-yard-composition: hidden=27
authored-world: 127 objects from res://content/world
open-part-kept-near-interaction|/root/Act1FootstepLagProbe/Main/ZoneHost/Act1ConnectedWorld/village-main-road/@Node3D@904/@MeshInstance3D@901@6.1,7.2
open-part-kept-near-interaction|/root/Act1FootstepLagProbe/Main/ZoneHost/Act1ConnectedWorld/Act1CoreWorldGreybox/ConnectiveStreetReturn/ConnectiveReturnCareBench/BenchLegLeft@-5.1,-39.1
open-part-kept-near-interaction|/root/Act1FootstepLagProbe/Main/ZoneHost/Act1ConnectedWorld/Act1CoreWorldGreybox/ConnectiveStreetReturn/ConnectiveReturnCareBench/BenchBackPostLeft@-5.0,-39.3
open-part-kept-near-interaction|/root/Act1FootstepLagProbe/Main/ZoneHost/Act1ConnectedWorld/Act1CoreWorldGreybox/ConnectiveStreetReturn/ConnectiveReturnCareBench/BenchBackRest@-4.3,-39.0
open-part-kept-near-interaction|/root/Act1FootstepLagProbe/Main/ZoneHost/Act1ConnectedWorld/village-main-road/RestBenchCollision/Seat@-5.0,-52.0
open-part-kept-near-interaction|/root/Act1FootstepLagProbe/Main/ZoneHost/Act1ConnectedWorld/village-main-road/RestBenchCollision/Back@-5.0,-52.3
open-part-kept-near-interaction|/root/Act1FootstepLagProbe/Main/ZoneHost/Act1ConnectedWorld/village-main-road/ConnectiveReturnCareBenchCollision/Back@-4.3,-39.0
act1-open-part-clear: hiddenMeshes=778 disabledShapes=4 sunkInstances=106 keptNearInteraction=7
act1-babai-foliage: owners=0 contacts=0
act1-terrain-room-cut: room=/root/Act1FootstepLagProbe/Main/ZoneHost/Act1ConnectedWorld/babay-abi-house half=(4, 3.5) affectedTriangles=50 clippedVertices=123294 publishedVertices=123294 physicsVertices=123294 visualAndPhysics=shared-published-faces
act1-apron-room-cut: mesh=/root/Act1FootstepLagProbe/Main/ZoneHost/Act1ConnectedWorld/Act1CoreWorldGreybox/AgentBExteriorWorld/AgentB_TerrainRoadKit/URMAN_AgentB_TerrainRoadKit/Apron_BabaiYard affectedTriangles=0 clippedVertices=123 surfaces=1 collision=existing-terrain-owner
act1-babai-relocation: moved=601 cleared=932 door=(-9.5,-1.88315) yaw+=25.28
act1-gorge-clear: large mesh spans the gorge: /root/Act1FootstepLagProbe/Main/ZoneHost/Act1ConnectedWorld/Act1CoreWorldGreybox/BackdropGround box=(-420, -5.3091583, -420)..(420, 12.931662, 360)
act1-gorge-clear: hidden=595 shapesDisabled=16 foliageInstances=182
act1-street-frontage: rejected axis=39, footprint=2
act1-street-frontage: houses=1 runs=3 gates=0 wickets=0 wood_tris=1996 iron_tris=0 hidden_old_fence_pieces=0
act1-deck-seat: deck=/root/Act1FootstepLagProbe/Main/ZoneHost/Act1ConnectedWorld/Act1CoreWorldGreybox/BabaiStorageBarn/Floor topY=0.318 seats=8 trimmed=3 letDown=5 worst=88.9mm sawhorseFeet=4 undersidePiercing=0
act1-yard-biography: lot=ADR-H047 groups=2 moves=0 instances=23->23 corridor=0.00m (min 0.90m)
act1-yard-fences: lots=85 runs=329 gates=84 wickets=0 openings=70 holes=0 retired=477 designs=5
act1-clean-yards: removed=1817 owners=79; real fences, storage and interactions retained
vehicle-snow-tracks: segments=0 budget=512
act1-roadside-grounding: independent contact meshes=34; source meshes and usable footbridge preserved
act1-kit-blockers: placements=12 shapes=227 carved_door_slabs=26 flat_slab_skipped=313 exact_architecture_surfaces=123 hidden_skipped=108 road_clearance_skipped=0
act1-dwelling-threshold: placements=78 worst_analytic_vs_collision_delta=0.166m worst_placement=ZiratEastNearMidHouse
act1-building-supports: supported foundations=16; maximum ground drop=1.888m; level entrances preserved
act1-council-fence-contacts: retainedSourceContacts=0 hiddenMemberContacts=0 newBodyOwners=0
zone-loaded: village_day@arrival connected-world=131348829822
УРМАН Godot vertical slice ready: Painterly Low-Poly / first person
act1-window-surrounds: painted=952
act1-legacy-sign: suppressed=1
village-households: 86 homes, 777 warm panes, 47 events; budgets lights=6, voices=4, clips=8, PCM=2000000
village-sound-mood: layers village=True dread=True adhan=True defaultMood=0,90
forest-edge-presence: anchor=True pos=0,0,-115 voices=3 radius=60m
club-gramophone: anchor=True songs=5 crackle=True
village-pa: speakers=4 songs=5 bus=Loudspeaker
village-window-silhouettes: windows=777 pool=10 variants=5
mosque-sanctuary: room=True soundMood=True lamps=3 forest=True bathSpirit=True
village-chimney-smoke: chimneys=86 emitters=14 particles=140
WARNING: Vehicle forest-horse-cart placement rejected: the actual articulated hoof pose is blocked or unsupported: {"foot":1,"reason":"IK reached its unstretched joint limit","kind":"support-or-reach","vehicleShape":"HoofContactQuery1","colliderPath":"/root/Act1FootstepLagProbe/Main/ZoneHost/Act1ConnectedWorld/Act1CoreWorldGreybox/AgentBExteriorWorld/AgentB_TerrainCollision"}; recovered to physically checked parking.
   at: void Urman.Godot.VehicleFleet.FinishSessionProjection() (res://scripts/VehicleFleet.cs:211)
   C# backtrace (most recent call first):
       [0] void Godot.GD.PushWarning(string) (/root/godot/modules/mono/glue/GodotSharp/GodotSharp/Core/GD.cs:396)
       [1] void Urman.Godot.VehicleFleet.FinishSessionProjection() (D:\URMAN-STATION\data\runs\2cf68876477348b5a2ed2157ba415b77\source\game\scripts\VehicleFleet.cs:211)
       [2] void Urman.Godot.VehicleFleet._PhysicsProcess(double) (D:\URMAN-STATION\data\runs\2cf68876477348b5a2ed2157ba415b77\source\game\scripts\VehicleFleet.cs:124)
       [3] bool Godot.Node.InvokeGodotClassMethod(Godot.NativeInterop.godot_string_name&, Godot.NativeInterop.NativeVariantPtrArgs, Godot.NativeInterop.godot_variant&) (/root/godot/modules/mono/glue/GodotSharp/GodotSharp/Generated/GodotObjects/Node.cs:2648)
       [4] bool Godot.Node3D.InvokeGodotClassMethod(Godot.NativeInterop.godot_string_name&, Godot.NativeInterop.NativeVariantPtrArgs, Godot.NativeInterop.godot_variant&) (/root/godot/modules/mono/glue/GodotSharp/GodotSharp/Generated/GodotObjects/Node3D.cs:1127)
       [5] bool Urman.Godot.VehicleFleet.InvokeGodotClassMethod(Godot.NativeInterop.godot_string_name&, Godot.NativeInterop.NativeVariantPtrArgs, Godot.NativeInterop.godot_variant&) (D:\URMAN-STATION\data\runs\2cf68876477348b5a2ed2157ba415b77\source\game\.godot\mono\temp\obj\Debug\Godot.SourceGenerators\Godot.SourceGenerators.ScriptMethodsGenerator\Urman.Godot.VehicleFleet_ScriptMethods.generated.cs:180)
       [6] Godot.NativeInterop.godot_bool Godot.Bridge.CSharpInstanceBridge.Call(nint, Godot.NativeInterop.godot_string_name*, Godot.NativeInterop.godot_variant**, int, Godot.NativeInterop.godot_variant_call_error*, Godot.NativeInterop.godot_variant*) (/root/godot/modules/mono/glue/GodotSharp/GodotSharp/Core/Bridge/CSharpInstanceBridge.cs:24)
act1-snow-exclusions: corridors=92 solids=3574 footprints=96 totalCorridors=92
act1-snow-mass: drifts=12 vertices=2124 band=0,12 heightMin=0,18 heightMax=0,4
act1-street-banks: reworked=50 apertures=2 corridorCrossings=0 unparsed=0 corridors=92 solids=3574 footprints=96
act1-snow-relief: clipped meshes=14 triangles=662 solids=672 addedVertices=1743
act1-snow-elevation: meshes=109 levels=35 band=0,12 riseMin=-1,519 riseMax=4,777
act1-street-banks: reworked=0 apertures=0 corridorCrossings=0 unparsed=0 corridors=159 solids=3574 footprints=96
act1-street-banks: reworked=0 apertures=0 corridorCrossings=0 unparsed=0 corridors=182 solids=3574 footprints=96
SaveGameV3 written to C:\Users\ruste\AppData\Roaming\Godot\app_userdata\URMAN\savegames\checkpoint.savegame-v3.json
checkpoint: auto-saved at urman.chapter1:scene/arrival_vehicle_dusk
ERROR: Can't play finished Tween, use stop() first to reset its state.
   at: play (scene/animation/tween.cpp:206)
   C# backtrace (most recent call first):
       [0] void Godot.NativeCalls.godot_icall_0_3(nint, nint) (/root/godot/modules/mono/glue/GodotSharp/GodotSharp/Generated/NativeCalls.cs:51)
       [1] void Godot.Tween.Play() (/root/godot/modules/mono/glue/GodotSharp/GodotSharp/Generated/GodotObjects/Tween.cs:411)
       [2] void Urman.Godot.ExplorationFeedbackUi._Process(double) (D:\URMAN-STATION\data\runs\2cf68876477348b5a2ed2157ba415b77\source\game\scripts\ExplorationFeedbackUi.cs:89)
       [3] bool Godot.Node.InvokeGodotClassMethod(Godot.NativeInterop.godot_string_name&, Godot.NativeInterop.NativeVariantPtrArgs, Godot.NativeInterop.godot_variant&) (/root/godot/modules/mono/glue/GodotSharp/GodotSharp/Generated/GodotObjects/Node.cs:2654)
       [4] bool Godot.CanvasLayer.InvokeGodotClassMethod(Godot.NativeInterop.godot_string_name&, Godot.NativeInterop.NativeVariantPtrArgs, Godot.NativeInterop.godot_variant&) (/root/godot/modules/mono/glue/GodotSharp/GodotSharp/Generated/GodotObjects/CanvasLayer.cs:417)
       [5] bool Urman.Godot.ExplorationFeedbackUi.InvokeGodotClassMethod(Godot.NativeInterop.godot_string_name&, Godot.NativeInterop.NativeVariantPtrArgs, Godot.NativeInterop.godot_variant&) (D:\URMAN-STATION\data\runs\2cf68876477348b5a2ed2157ba415b77\source\game\.godot\mono\temp\obj\Debug\Godot.SourceGenerators\Godot.SourceGenerators.ScriptMethodsGenerator\Urman.Godot.ExplorationFeedbackUi_ScriptMethods.generated.cs:80)
       [6] Godot.NativeInterop.godot_bool Godot.Bridge.CSharpInstanceBridge.Call(nint, Godot.NativeInterop.godot_string_name*, Godot.NativeInterop.godot_variant**, int, Godot.NativeInterop.godot_variant_call_error*, Godot.NativeInterop.godot_variant*) (/root/godot/modules/mono/glue/GodotSharp/GodotSharp/Core/Bridge/CSharpInstanceBridge.cs:24)
act1-footstep-lag-profile: {"probe":"act1-footstep-lag-profile","result":"data_complete","route_complete":true,"route_steps":{"road_band":37,"offroad":15},"elapsed_ms":12523.103,"frame_count":241,"preset":"medium","display_driver":"Windows","adapter":"NVIDIA GeForce GTX 970","route":{"outbound_offroad_m":4,"road_return_m":2.2,"transitions":[{"ElapsedMs":0,"Phase":"road_outbound","X":0,"Z":9,"RoadDistance":0,"RoadHalfWidth":2.25},{"ElapsedMs":7497.299,"Phase":"offroad_outbound","X":-6.940919,"Z":2.6091986,"RoadDistance":2.033148031875917,"RoadHalfWidth":1.399999976158142},{"ElapsedMs":8754.576,"Phase":"turn_for_return","X":-8.099103,"Z":6.596379,"RoadDistance":6.008827620220586,"RoadHalfWidth":1.399999976158142},{"ElapsedMs":10492.642,"Phase":"offroad_return","X":-8.099103,"Z":6.596379,"RoadDistance":6.008827620220586,"RoadHalfWidth":1.399999976158142},{"ElapsedMs":11785.331,"Phase":"road_return","X":-6.8709292,"Z":2.606806,"RoadDistance":1.9821776452511326,"RoadHalfWidth":1.399999976158142},{"ElapsedMs":12523.103,"Phase":"complete","X":-6.335451,"Z":0.4430012,"RoadDistance":1.1211832525735668,"RoadHalfWidth":1.399999976158142}],"end":{"x":-6.335451,"z":0.4430012}},"segment_definition":"continuous phase \u002B packed-band/offroad; packed band uses road.Distance \u003C road.HalfWidth \u002B 0.6m, actual audio surface is recorded separately","segments":[{"id":1,"phase":"road_outbound","location":"packed_band","frames":133,"elapsed_ms":{"start":3.594,"end":7408.303},"position":{"start_x":0,"start_z":9,"end_x":-6.787662,"end_z":2.244172},"step_trigger_count":32,"step_intervals_ms":{"samples":31,"median":159.40300000000025,"p95":256.09599999999955,"max":2310.475},"frame_wall_ms":{"samples":133,"median":48.642,"p95":80.342,"max":200.746},"process_monitor_ms":{"samples":133,"median":48.266000000000005,"p95":187.393,"max":187.393},"physics_monitor_ms":{"samples":133,"median":29.163,"p95":158.404,"max":158.404},"gc":{"gen0":19,"gen1":18,"gen2":6,"allocated_bytes":254103144},"snow":{"stamp_delta":32,"timed_update_frames":32,"update_ms":{"samples":32,"median":7.6029,"p95":19.5583,"max":33.0247},"redraw_ms":{"samples":32,"median":0.8842,"p95":5.9741,"max":6.099},"mesh_ms":{"samples":32,"median":6.4575,"p95":13.471,"max":27.4503}},"last_step_surfaces":["snow_packed"]},{"id":2,"phase":"road_outbound","location":"offroad","frames":1,"elapsed_ms":{"start":7497.299,"end":7497.299},"position":{"start_x":-6.940919,"start_z":2.6091986,"end_x":-6.940919,"end_z":2.6091986},"step_trigger_count":1,"step_intervals_ms":{"samples":0,"median":null,"p95":null,"max":null},"frame_wall_ms":{"samples":1,"median":88.996,"p95":88.996,"max":88.996},"process_monitor_ms":{"samples":1,"median":45.079,"p95":45.079,"max":45.079},"physics_monitor_ms":{"samples":1,"median":16.275000000000002,"p95":16.275000000000002,"max":16.275000000000002},"gc":{"gen0":1,"gen1":1,"gen2":0,"allocated_bytes":1098072},"snow":{"stamp_delta":1,"timed_update_frames":1,"update_ms":{"samples":1,"median":0.9708,"p95":0.9708,"max":0.9708},"redraw_ms":{"samples":1,"median":0.9646,"p95":0.9646,"max":0.9646},"mesh_ms":{"samples":1,"median":0.0048,"p95":0.0048,"max":0.0048}},"last_step_surfaces":["snow_soft"]},{"id":3,"phase":"offroad_outbound","location":"offroad","frames":18,"elapsed_ms":{"start":7563.002,"end":8754.576},"position":{"start_x":-7.0497737,"start_z":2.8701382,"end_x":-8.099103,"end_z":6.596379},"step_trigger_count":7,"step_intervals_ms":{"samples":6,"median":202.625,"p95":209.70299999999952,"max":209.70299999999952},"frame_wall_ms":{"samples":18,"median":65.067,"p95":157.589,"max":157.589},"process_monitor_ms":{"samples":18,"median":115.368,"p95":115.368,"max":115.368},"physics_monitor_ms":{"samples":18,"median":19.284,"p95":19.284,"max":19.284},"gc":{"gen0":2,"gen1":2,"gen2":1,"allocated_bytes":30096536},"snow":{"stamp_delta":7,"timed_update_frames":7,"update_ms":{"samples":7,"median":1.8792,"p95":9.1342,"max":9.1342},"redraw_ms":{"samples":7,"median":0.9333,"p95":1.2358,"max":1.2358},"mesh_ms":{"samples":7,"median":1.0585,"p95":8.1988,"max":8.1988}},"last_step_surfaces":["snow_soft","mud"]},{"id":4,"phase":"turn_for_return","location":"offroad","frames":44,"elapsed_ms":{"start":8806.365,"end":10492.642},"position":{"start_x":-8.099103,"start_z":6.596379,"end_x":-8.099103,"end_z":6.596379},"step_trigger_count":0,"step_intervals_ms":{"samples":0,"median":null,"p95":null,"max":null},"frame_wall_ms":{"samples":44,"median":37.75,"p95":51.789,"max":59.123},"process_monitor_ms":{"samples":44,"median":51.532000000000004,"p95":51.532000000000004,"max":51.532000000000004},"physics_monitor_ms":{"samples":44,"median":18.637,"p95":18.637,"max":18.637},"gc":{"gen0":2,"gen1":1,"gen2":0,"allocated_bytes":16586552},"snow":{"stamp_delta":0,"timed_update_frames":0,"update_ms":{"samples":0,"median":null,"p95":null,"max":null},"redraw_ms":{"samples":0,"median":null,"p95":null,"max":null},"mesh_ms":{"samples":0,"median":null,"p95":null,"max":null}},"last_step_surfaces":["mud"]},{"id":5,"phase":"offroad_return","location":"offroad","frames":27,"elapsed_ms":{"start":10535.509,"end":11741.489},"position":{"start_x":-8.059378,"start_z":6.490128,"end_x":-6.930502,"end_z":2.7661395},"step_trigger_count":7,"step_intervals_ms":{"samples":6,"median":193.96099999999933,"p95":265.5649999999987,"max":265.5649999999987},"frame_wall_ms":{"samples":27,"median":45.914,"p95":59.715,"max":66.451},"process_monitor_ms":{"samples":27,"median":33.513,"p95":38.303,"max":38.303},"physics_monitor_ms":{"samples":27,"median":15.876999999999999,"p95":15.876999999999999,"max":25.163999999999998},"gc":{"gen0":2,"gen1":1,"gen2":0,"allocated_bytes":11890704},"snow":{"stamp_delta":5,"timed_update_frames":5,"update_ms":{"samples":5,"median":0.8686,"p95":2.4645,"max":2.4645},"redraw_ms":{"samples":5,"median":0.8633,"p95":1.0654,"max":1.0654},"mesh_ms":{"samples":5,"median":0.0054,"p95":1.3978,"max":1.3978}},"last_step_surfaces":["mud","snow_soft"]},{"id":6,"phase":"offroad_return","location":"packed_band","frames":1,"elapsed_ms":{"start":11785.331,"end":11785.331},"position":{"start_x":-6.8709292,"start_z":2.606806,"end_x":-6.8709292,"end_z":2.606806},"step_trigger_count":0,"step_intervals_ms":{"samples":0,"median":null,"p95":null,"max":null},"frame_wall_ms":{"samples":1,"median":43.842,"p95":43.842,"max":43.842},"process_monitor_ms":{"samples":1,"median":33.098,"p95":33.098,"max":33.098},"physics_monitor_ms":{"samples":1,"median":25.163999999999998,"p95":25.163999999999998,"max":25.163999999999998},"gc":{"gen0":0,"gen1":0,"gen2":0,"allocated_bytes":467400},"snow":{"stamp_delta":0,"timed_update_frames":0,"update_ms":{"samples":0,"median":null,"p95":null,"max":null},"redraw_ms":{"samples":0,"median":null,"p95":null,"max":null},"mesh_ms":{"samples":0,"median":null,"p95":null,"max":null}},"last_step_surfaces":["snow_soft"]},{"id":7,"phase":"road_return","location":"packed_band","frames":17,"elapsed_ms":{"start":11831.612,"end":12523.103},"position":{"start_x":-6.815183,"start_z":2.4481568,"end_x":-6.335451,"end_z":0.4430012},"step_trigger_count":5,"step_intervals_ms":{"samples":4,"median":167.65400000000045,"p95":193.15499999999884,"max":193.15499999999884},"frame_wall_ms":{"samples":17,"median":43.98,"p95":59.088,"max":59.088},"process_monitor_ms":{"samples":17,"median":33.098,"p95":33.098,"max":33.098},"physics_monitor_ms":{"samples":17,"median":25.163999999999998,"p95":25.163999999999998,"max":25.163999999999998},"gc":{"gen0":1,"gen1":1,"gen2":0,"allocated_bytes":12050880},"snow":{"stamp_delta":5,"timed_update_frames":5,"update_ms":{"samples":5,"median":1.8681,"p95":8.5257,"max":8.5257},"redraw_ms":{"samples":5,"median":0.8277,"p95":0.8823,"max":0.8823},"mesh_ms":{"samples":5,"median":1.0543,"p95":7.6384,"max":7.6384}},"last_step_surfaces":["snow_packed"]}],"step_events":[{"FrameIndex":2,"StampDelta":1,"SnowUpdateMs":19.5583,"SnowRedrawMs":6.099,"SnowMeshMs":13.4526,"TriggerCount":1,"TriggerDelta":1,"ElapsedMs":176.001,"Phase":0,"SegmentId":1,"PackedBand":true,"Surface":"snow_packed","X":0.00013160685,"Z":8.207111,"Speed":3.4,"GapFromPreviousMs":null,"SameSegmentAsPrevious":false,"PlaybackPlaying":true,"HasStreamPlayback":true,"PlaybackPosition":0.00290249427780509},{"FrameIndex":3,"StampDelta":0,"SnowUpdateMs":null,"SnowRedrawMs":null,"SnowMeshMs":null,"TriggerCount":2,"TriggerDelta":1,"ElapsedMs":246.289,"Phase":0,"SegmentId":1,"PackedBand":true,"Surface":"snow_packed","X":0.00031061933,"Z":7.867406,"Speed":3.4,"GapFromPreviousMs":70.28799999999998,"SameSegmentAsPrevious":true,"PlaybackPlaying":true,"HasStreamPlayback":true,"PlaybackPosition":0.00290249427780509},{"FrameIndex":6,"StampDelta":1,"SnowUpdateMs":13.1883,"SnowRedrawMs":1.0338,"SnowMeshMs":12.1533,"TriggerCount":3,"TriggerDelta":1,"ElapsedMs":441.818,"Phase":0,"SegmentId":1,"PackedBand":true,"Surface":"snow_packed","X":0.00069211563,"Z":7.2449303,"Speed":3.4,"GapFromPreviousMs":195.529,"SameSegmentAsPrevious":true,"PlaybackPlaying":true,"HasStreamPlayback":true,"PlaybackPosition":0.00290249427780509},{"FrameIndex":8,"StampDelta":0,"SnowUpdateMs":null,"SnowRedrawMs":null,"SnowMeshMs":null,"TriggerCount":4,"TriggerDelta":1,"ElapsedMs":555.578,"Phase":0,"SegmentId":1,"PackedBand":true,"Surface":"snow_packed","X":0.0008050872,"Z":6.7929826,"Speed":3.4,"GapFromPreviousMs":113.75999999999999,"SameSegmentAsPrevious":true,"PlaybackPlaying":true,"HasStreamPlayback":true,"PlaybackPosition":0.00290249427780509},{"FrameIndex":11,"StampDelta":0,"SnowUpdateMs":null,"SnowRedrawMs":null,"SnowMeshMs":null,"TriggerCount":5,"TriggerDelta":1,"ElapsedMs":719.963,"Phase":0,"SegmentId":1,"PackedBand":true,"Surface":"snow_packed","X":0.00080314686,"Z":6.228537,"Speed":3.4,"GapFromPreviousMs":164.385,"SameSegmentAsPrevious":true,"PlaybackPlaying":true,"HasStreamPlayback":true,"PlaybackPosition":0.00290249427780509},{"FrameIndex":14,"StampDelta":0,"SnowUpdateMs":null,"SnowRedrawMs":null,"SnowMeshMs":null,"TriggerCount":6,"TriggerDelta":1,"ElapsedMs":882.906,"Phase":0,"SegmentId":1,"PackedBand":true,"Surface":"snow_packed","X":0.0006939385,"Z":5.664248,"Speed":3.4,"GapFromPreviousMs":162.94299999999998,"SameSegmentAsPrevious":true,"PlaybackPlaying":true,"HasStreamPlayback":true,"PlaybackPosition":0.00290249427780509},{"FrameIndex":18,"StampDelta":1,"SnowUpdateMs":11.2389,"SnowRedrawMs":0.9156,"SnowMeshMs":10.3219,"TriggerCount":7,"TriggerDelta":1,"ElapsedMs":1078.094,"Phase":0,"SegmentId":1,"PackedBand":true,"Surface":"snow_packed","X":0.0008016818,"Z":5.0421886,"Speed":3.4,"GapFromPreviousMs":195.1880000000001,"SameSegmentAsPrevious":true,"PlaybackPlaying":true,"HasStreamPlayback":true,"PlaybackPosition":0.00290249427780509},{"FrameIndex":21,"StampDelta":1,"SnowUpdateMs":0.846,"SnowRedrawMs":0.8386,"SnowMeshMs":0.0062,"TriggerCount":8,"TriggerDelta":1,"ElapsedMs":1238.298,"Phase":0,"SegmentId":1,"PackedBand":true,"Surface":"snow_packed","X":0.00084629765,"Z":4.5332355,"Speed":3.4,"GapFromPreviousMs":160.20399999999995,"SameSegmentAsPrevious":true,"PlaybackPlaying":true,"HasStreamPlayback":true,"PlaybackPosition":0.00290249427780509},{"FrameIndex":24,"StampDelta":0,"SnowUpdateMs":null,"SnowRedrawMs":null,"SnowMeshMs":null,"TriggerCount":9,"TriggerDelta":1,"ElapsedMs":1379.523,"Phase":0,"SegmentId":1,"PackedBand":true,"Surface":"snow_packed","X":0.0008930984,"Z":4.0242825,"Speed":3.4,"GapFromPreviousMs":141.2249999999999,"SameSegmentAsPrevious":true,"PlaybackPlaying":true,"HasStreamPlayback":true,"PlaybackPosition":0.00290249427780509},{"FrameIndex":28,"StampDelta":1,"SnowUpdateMs":10.5106,"SnowRedrawMs":4.0525,"SnowMeshMs":6.4551,"TriggerCount":10,"TriggerDelta":1,"ElapsedMs":1609.176,"Phase":0,"SegmentId":1,"PackedBand":true,"Surface":"snow_packed","X":0.001060803,"Z":3.288527,"Speed":3.4,"GapFromPreviousMs":229.65300000000002,"SameSegmentAsPrevious":true,"PlaybackPlaying":true,"HasStreamPlayback":true,"PlaybackPosition":0.00290249427780509},{"FrameIndex":30,"StampDelta":1,"SnowUpdateMs":0.8227,"SnowRedrawMs":0.8153,"SnowMeshMs":0.0059,"TriggerCount":11,"TriggerDelta":1,"ElapsedMs":1713.913,"Phase":0,"SegmentId":1,"PackedBand":true,"Surface":"snow_packed","X":0.00095113897,"Z":2.8922982,"Speed":3.4,"GapFromPreviousMs":104.73700000000008,"SameSegmentAsPrevious":true,"PlaybackPlaying":true,"HasStreamPlayback":true,"PlaybackPosition":0.00290249427780509},{"FrameIndex":33,"StampDelta":0,"SnowUpdateMs":null,"SnowRedrawMs":null,"SnowMeshMs":null,"TriggerCount":12,"TriggerDelta":1,"ElapsedMs":1854.452,"Phase":0,"SegmentId":1,"PackedBand":true,"Surface":"snow_packed","X":0.00019775155,"Z":2.3830833,"Speed":3.4,"GapFromPreviousMs":140.539,"SameSegmentAsPrevious":true,"PlaybackPlaying":true,"HasStreamPlayback":true,"PlaybackPosition":0.00290249427780509},{"FrameIndex":37,"StampDelta":1,"SnowUpdateMs":0.9244,"SnowRedrawMs":0.9195,"SnowMeshMs":0.0036,"TriggerCount":13,"TriggerDelta":1,"ElapsedMs":2063.778,"Phase":0,"SegmentId":1,"PackedBand":true,"Surface":"snow_packed","X":-0.00028781613,"Z":1.7035768,"Speed":3.4,"GapFromPreviousMs":209.3259999999998,"SameSegmentAsPrevious":true,"PlaybackPlaying":true,"HasStreamPlayback":true,"PlaybackPosition":0.00290249427780509},{"FrameIndex":40,"StampDelta":1,"SnowUpdateMs":12.7779,"SnowRedrawMs":0.8062,"SnowMeshMs":11.9705,"TriggerCount":14,"TriggerDelta":1,"ElapsedMs":2214.152,"Phase":0,"SegmentId":1,"PackedBand":true,"Surface":"snow_packed","X":-0.00028781613,"Z":1.1935642,"Speed":3.4,"GapFromPreviousMs":150.37400000000025,"SameSegmentAsPrevious":true,"PlaybackPlaying":true,"HasStreamPlayback":true,"PlaybackPosition":0.00290249427780509},{"FrameIndex":43,"StampDelta":1,"SnowUpdateMs":0.8744,"SnowRedrawMs":0.8645,"SnowMeshMs":0.0079,"TriggerCount":15,"TriggerDelta":1,"ElapsedMs":2361.153,"Phase":0,"SegmentId":1,"PackedBand":true,"Surface":"snow_packed","X":-0.0006841986,"Z":0.6837982,"Speed":3.4,"GapFromPreviousMs":147.00099999999975,"SameSegmentAsPrevious":true,"PlaybackPlaying":true,"HasStreamPlayback":true,"PlaybackPosition":0.01160997711122036},{"FrameIndex":46,"StampDelta":0,"SnowUpdateMs":null,"SnowRedrawMs":null,"SnowMeshMs":null,"TriggerCount":16,"TriggerDelta":1,"ElapsedMs":2497.873,"Phase":0,"SegmentId":1,"PackedBand":true,"Surface":"snow_packed","X":-0.0014010913,"Z":0.17426324,"Speed":3.4,"GapFromPreviousMs":136.72000000000025,"SameSegmentAsPrevious":true,"PlaybackPlaying":true,"HasStreamPlayback":true,"PlaybackPosition":0.00290249427780509},{"FrameIndex":49,"StampDelta":0,"SnowUpdateMs":null,"SnowRedrawMs":null,"SnowMeshMs":null,"TriggerCount":17,"TriggerDelta":1,"ElapsedMs":2683.112,"Phase":0,"SegmentId":1,"PackedBand":true,"Surface":"snow_packed","X":-0.04967311,"Z":-0.38892955,"Speed":3.4000003,"GapFromPreviousMs":185.23900000000003,"SameSegmentAsPrevious":true,"PlaybackPlaying":true,"HasStreamPlayback":true,"PlaybackPosition":0.00290249427780509},{"FrameIndex":52,"StampDelta":0,"SnowUpdateMs":null,"SnowRedrawMs":null,"SnowMeshMs":null,"TriggerCount":18,"TriggerDelta":1,"ElapsedMs":2831.792,"Phase":0,"SegmentId":1,"PackedBand":true,"Surface":"snow_packed","X":-0.23200099,"Z":-0.86389613,"Speed":3.4000006,"GapFromPreviousMs":148.67999999999984,"SameSegmentAsPrevious":true,"PlaybackPlaying":true,"HasStreamPlayback":true,"PlaybackPosition":0.00290249427780509},{"FrameIndex":91,"StampDelta":0,"SnowUpdateMs":null,"SnowRedrawMs":null,"SnowMeshMs":null,"TriggerCount":19,"TriggerDelta":1,"ElapsedMs":5142.267,"Phase":0,"SegmentId":1,"PackedBand":true,"Surface":"snow_packed","X":-0.68675745,"Z":-1.0283397,"Speed":3.4000006,"GapFromPreviousMs":2310.475,"SameSegmentAsPrevious":true,"PlaybackPlaying":true,"HasStreamPlayback":true,"PlaybackPosition":0.00290249427780509},{"FrameIndex":95,"StampDelta":1,"SnowUpdateMs":14.3137,"SnowRedrawMs":0.8403,"SnowMeshMs":13.471,"TriggerCount":20,"TriggerDelta":1,"ElapsedMs":5347.56,"Phase":0,"SegmentId":1,"PackedBand":true,"Surface":"snow_packed","X":-1.364328,"Z":-0.97488,"Speed":3.4000006,"GapFromPreviousMs":205.29300000000057,"SameSegmentAsPrevious":true,"PlaybackPlaying":true,"HasStreamPlayback":true,"PlaybackPosition":0.00290249427780509},{"FrameIndex":98,"StampDelta":0,"SnowUpdateMs":null,"SnowRedrawMs":null,"SnowMeshMs":null,"TriggerCount":21,"TriggerDelta":1,"ElapsedMs":5475.511,"Phase":0,"SegmentId":1,"PackedBand":true,"Surface":"snow_packed","X":-1.8150043,"Z":-0.9394993,"Speed":3.4000006,"GapFromPreviousMs":127.95100000000002,"SameSegmentAsPrevious":true,"PlaybackPlaying":true,"HasStreamPlayback":true,"PlaybackPosition":0.00290249427780509},{"FrameIndex":102,"StampDelta":1,"SnowUpdateMs":33.0247,"SnowRedrawMs":5.5726,"SnowMeshMs":27.4503,"TriggerCount":22,"TriggerDelta":1,"ElapsedMs":5693.666,"Phase":0,"SegmentId":1,"PackedBand":true,"Surface":"snow_packed","X":-2.433028,"Z":-0.89111584,"Speed":3.4000006,"GapFromPreviousMs":218.15499999999975,"SameSegmentAsPrevious":true,"PlaybackPlaying":true,"HasStreamPlayback":true,"PlaybackPosition":0.00290249427780509},{"FrameIndex":104,"StampDelta":1,"SnowUpdateMs":1.0729,"SnowRedrawMs":1.0625,"SnowMeshMs":0.0089,"TriggerCount":23,"TriggerDelta":1,"ElapsedMs":5817.536,"Phase":0,"SegmentId":1,"PackedBand":true,"Surface":"snow_packed","X":-2.9345095,"Z":-0.8517968,"Speed":3.4000006,"GapFromPreviousMs":123.86999999999989,"SameSegmentAsPrevious":true,"PlaybackPlaying":true,"HasStreamPlayback":true,"PlaybackPosition":0.00290249427780509},{"FrameIndex":107,"StampDelta":1,"SnowUpdateMs":7.3309,"SnowRedrawMs":0.8723,"SnowMeshMs":6.4575,"TriggerCount":24,"TriggerDelta":1,"ElapsedMs":5976.225,"Phase":0,"SegmentId":1,"PackedBand":true,"Surface":"snow_packed","X":-3.4918592,"Z":-0.77111095,"Speed":3.4,"GapFromPreviousMs":158.6890000000003,"SameSegmentAsPrevious":true,"PlaybackPlaying":true,"HasStreamPlayback":true,"PlaybackPosition":0.00290249427780509},{"FrameIndex":110,"StampDelta":0,"SnowUpdateMs":null,"SnowRedrawMs":null,"SnowMeshMs":null,"TriggerCount":25,"TriggerDelta":1,"ElapsedMs":6119.711,"Phase":0,"SegmentId":1,"PackedBand":true,"Surface":"snow_packed","X":-3.9556122,"Z":-0.56611824,"Speed":3.4000003,"GapFromPreviousMs":143.48599999999988,"SameSegmentAsPrevious":true,"PlaybackPlaying":true,"HasStreamPlayback":true,"PlaybackPosition":0.00290249427780509},{"FrameIndex":114,"StampDelta":1,"SnowUpdateMs":7.6029,"SnowRedrawMs":0.871,"SnowMeshMs":6.7308,"TriggerCount":26,"TriggerDelta":1,"ElapsedMs":6320.248,"Phase":0,"SegmentId":1,"PackedBand":true,"Surface":"snow_packed","X":-4.505812,"Z":-0.17197758,"Speed":3.4000006,"GapFromPreviousMs":200.53699999999935,"SameSegmentAsPrevious":true,"PlaybackPlaying":true,"HasStreamPlayback":true,"PlaybackPosition":0.00290249427780509},{"FrameIndex":117,"StampDelta":1,"SnowUpdateMs":0.8519,"SnowRedrawMs":0.8456,"SnowMeshMs":0.0048,"TriggerCount":27,"TriggerDelta":1,"ElapsedMs":6474.458,"Phase":0,"SegmentId":1,"PackedBand":true,"Surface":"snow_packed","X":-4.9184833,"Z":0.12784615,"Speed":3.4000006,"GapFromPreviousMs":154.21000000000004,"SameSegmentAsPrevious":true,"PlaybackPlaying":true,"HasStreamPlayback":true,"PlaybackPosition":0.00290249427780509},{"FrameIndex":120,"StampDelta":1,"SnowUpdateMs":7.8983,"SnowRedrawMs":0.961,"SnowMeshMs":6.9363,"TriggerCount":28,"TriggerDelta":1,"ElapsedMs":6633.861,"Phase":0,"SegmentId":1,"PackedBand":true,"Surface":"snow_packed","X":-5.3311377,"Z":0.42765814,"Speed":3.4000006,"GapFromPreviousMs":159.40300000000025,"SameSegmentAsPrevious":true,"PlaybackPlaying":true,"HasStreamPlayback":true,"PlaybackPosition":0.00290249427780509},{"FrameIndex":124,"StampDelta":1,"SnowUpdateMs":0.8432,"SnowRedrawMs":0.8382,"SnowMeshMs":0.0037,"TriggerCount":29,"TriggerDelta":1,"ElapsedMs":6838.736,"Phase":0,"SegmentId":1,"PackedBand":true,"Surface":"snow_packed","X":-5.68594,"Z":0.87352973,"Speed":3.4000006,"GapFromPreviousMs":204.875,"SameSegmentAsPrevious":true,"PlaybackPlaying":true,"HasStreamPlayback":true,"PlaybackPosition":0.00290249427780509},{"FrameIndex":127,"StampDelta":1,"SnowUpdateMs":7.9674,"SnowRedrawMs":0.9182,"SnowMeshMs":7.0478,"TriggerCount":30,"TriggerDelta":1,"ElapsedMs":6985.621,"Phase":0,"SegmentId":1,"PackedBand":true,"Surface":"snow_packed","X":-6.0921407,"Z":1.1812286,"Speed":3.4000006,"GapFromPreviousMs":146.88500000000022,"SameSegmentAsPrevious":true,"PlaybackPlaying":true,"HasStreamPlayback":true,"PlaybackPosition":0.01160997711122036},{"FrameIndex":130,"StampDelta":1,"SnowUpdateMs":0.8935,"SnowRedrawMs":0.8866,"SnowMeshMs":0.0054,"TriggerCount":31,"TriggerDelta":1,"ElapsedMs":7152.207,"Phase":0,"SegmentId":1,"PackedBand":true,"Surface":"snow_packed","X":-6.4484177,"Z":1.6190504,"Speed":3.4000006,"GapFromPreviousMs":166.58600000000024,"SameSegmentAsPrevious":true,"PlaybackPlaying":true,"HasStreamPlayback":true,"PlaybackPosition":0.00290249427780509},{"FrameIndex":132,"StampDelta":1,"SnowUpdateMs":14.0128,"SnowRedrawMs":5.9741,"SnowMeshMs":8.0302,"TriggerCount":32,"TriggerDelta":1,"ElapsedMs":7408.303,"Phase":0,"SegmentId":1,"PackedBand":true,"Surface":"snow_packed","X":-6.787662,"Z":2.244172,"Speed":3.4,"GapFromPreviousMs":256.09599999999955,"SameSegmentAsPrevious":true,"PlaybackPlaying":true,"HasStreamPlayback":true,"PlaybackPosition":0.00290249427780509},{"FrameIndex":133,"StampDelta":1,"SnowUpdateMs":0.9708,"SnowRedrawMs":0.9646,"SnowMeshMs":0.0048,"TriggerCount":33,"TriggerDelta":1,"ElapsedMs":7497.299,"Phase":0,"SegmentId":2,"PackedBand":false,"Surface":"snow_soft","X":-6.940919,"Z":2.6091986,"Speed":3.4,"GapFromPreviousMs":88.9960000000001,"SameSegmentAsPrevious":false,"PlaybackPlaying":true,"HasStreamPlayback":true,"PlaybackPosition":0.00290249427780509},{"FrameIndex":135,"StampDelta":1,"SnowUpdateMs":1.8792,"SnowRedrawMs":0.8193,"SnowMeshMs":1.0585,"TriggerCount":34,"TriggerDelta":1,"ElapsedMs":7620.551,"Phase":1,"SegmentId":3,"PackedBand":false,"Surface":"snow_soft","X":-7.1367955,"Z":3.0787518,"Speed":3.4,"GapFromPreviousMs":123.25200000000041,"SameSegmentAsPrevious":false,"PlaybackPlaying":true,"HasStreamPlayback":true,"PlaybackPosition":0.00290249427780509},{"FrameIndex":137,"StampDelta":1,"SnowUpdateMs":0.802,"SnowRedrawMs":0.7968,"SnowMeshMs":0.004,"TriggerCount":35,"TriggerDelta":1,"ElapsedMs":7830.254,"Phase":1,"SegmentId":3,"PackedBand":false,"Surface":"snow_soft","X":-7.354171,"Z":3.6001232,"Speed":3.4,"GapFromPreviousMs":209.70299999999952,"SameSegmentAsPrevious":true,"PlaybackPlaying":true,"HasStreamPlayback":true,"PlaybackPosition":0.00290249427780509},{"FrameIndex":139,"StampDelta":1,"SnowUpdateMs":8.1665,"SnowRedrawMs":0.9759,"SnowMeshMs":7.189,"TriggerCount":36,"TriggerDelta":1,"ElapsedMs":7965.158,"Phase":1,"SegmentId":3,"PackedBand":false,"Surface":"mud","X":-7.571654,"Z":4.1215024,"Speed":3.4,"GapFromPreviousMs":134.90400000000045,"SameSegmentAsPrevious":true,"PlaybackPlaying":true,"HasStreamPlayback":true,"PlaybackPosition":0.005333333276212215},{"FrameIndex":142,"StampDelta":1,"SnowUpdateMs":1.2446,"SnowRedrawMs":1.2358,"SnowMeshMs":0.007,"TriggerCount":37,"TriggerDelta":1,"ElapsedMs":8167.783,"Phase":1,"SegmentId":3,"PackedBand":false,"Surface":"mud","X":-7.8312984,"Z":4.7448387,"Speed":3.4,"GapFromPreviousMs":202.625,"SameSegmentAsPrevious":true,"PlaybackPlaying":true,"HasStreamPlayback":true,"PlaybackPosition":0.005333333276212215},{"FrameIndex":144,"StampDelta":1,"SnowUpdateMs":8.0942,"SnowRedrawMs":0.9593,"SnowMeshMs":7.1337,"TriggerCount":38,"TriggerDelta":1,"ElapsedMs":8306.892,"Phase":1,"SegmentId":3,"PackedBand":false,"Surface":"mud","X":-8.004266,"Z":5.1600084,"Speed":3.4,"GapFromPreviousMs":139.10899999999947,"SameSegmentAsPrevious":true,"PlaybackPlaying":true,"HasStreamPlayback":true,"PlaybackPosition":0.005333333276212215},{"FrameIndex":146,"StampDelta":0,"SnowUpdateMs":null,"SnowRedrawMs":null,"SnowMeshMs":null,"TriggerCount":39,"TriggerDelta":1,"ElapsedMs":8427.184,"Phase":1,"SegmentId":3,"PackedBand":false,"Surface":"mud","X":-8.099245,"Z":5.574582,"Speed":3.141191,"GapFromPreviousMs":120.29199999999946,"SameSegmentAsPrevious":true,"PlaybackPlaying":true,"HasStreamPlayback":true,"PlaybackPosition":0.005333333276212215},{"FrameIndex":149,"StampDelta":1,"SnowUpdateMs":9.1342,"SnowRedrawMs":0.9333,"SnowMeshMs":8.1988,"TriggerCount":40,"TriggerDelta":1,"ElapsedMs":8634.575,"Phase":1,"SegmentId":3,"PackedBand":false,"Surface":"mud","X":-8.099103,"Z":6.1830454,"Speed":3.141191,"GapFromPreviousMs":207.39100000000144,"SameSegmentAsPrevious":true,"PlaybackPlaying":true,"HasStreamPlayback":true,"PlaybackPosition":0.005333333276212215},{"FrameIndex":196,"StampDelta":1,"SnowUpdateMs":0.8219,"SnowRedrawMs":0.8171,"SnowMeshMs":0.0034,"TriggerCount":41,"TriggerDelta":1,"ElapsedMs":10535.509,"Phase":3,"SegmentId":5,"PackedBand":false,"Surface":"mud","X":-8.059378,"Z":6.490128,"Speed":3.4000013,"GapFromPreviousMs":1900.9339999999993,"SameSegmentAsPrevious":false,"PlaybackPlaying":true,"HasStreamPlayback":true,"PlaybackPosition":0.005333333276212215},{"FrameIndex":200,"StampDelta":1,"SnowUpdateMs":2.4645,"SnowRedrawMs":1.0654,"SnowMeshMs":1.3978,"TriggerCount":42,"TriggerDelta":1,"ElapsedMs":10729.554,"Phase":3,"SegmentId":5,"PackedBand":false,"Surface":"mud","X":-7.8408856,"Z":5.9057417,"Speed":3.4000013,"GapFromPreviousMs":194.04500000000007,"SameSegmentAsPrevious":true,"PlaybackPlaying":true,"HasStreamPlayback":true,"PlaybackPosition":0.005333333276212215},{"FrameIndex":203,"StampDelta":1,"SnowUpdateMs":0.8129,"SnowRedrawMs":0.8062,"SnowMeshMs":0.0054,"TriggerCount":43,"TriggerDelta":1,"ElapsedMs":10872.327,"Phase":3,"SegmentId":5,"PackedBand":false,"Surface":"mud","X":-7.6421943,"Z":5.3743167,"Speed":3.4000013,"GapFromPreviousMs":142.77299999999923,"SameSegmentAsPrevious":true,"PlaybackPlaying":true,"HasStreamPlayback":true,"PlaybackPosition":0.005333333276212215},{"FrameIndex":207,"StampDelta":0,"SnowUpdateMs":null,"SnowRedrawMs":null,"SnowMeshMs":null,"TriggerCount":44,"TriggerDelta":1,"ElapsedMs":11054.208,"Phase":3,"SegmentId":5,"PackedBand":false,"Surface":"mud","X":-7.6943846,"Z":4.9456573,"Speed":2.812239,"GapFromPreviousMs":181.88100000000122,"SameSegmentAsPrevious":true,"PlaybackPlaying":true,"HasStreamPlayback":true,"PlaybackPosition":0.005333333276212215},{"FrameIndex":213,"StampDelta":0,"SnowUpdateMs":null,"SnowRedrawMs":null,"SnowMeshMs":null,"TriggerCount":45,"TriggerDelta":1,"ElapsedMs":11319.773,"Phase":3,"SegmentId":5,"PackedBand":false,"Surface":"snow_soft","X":-7.426964,"Z":4.0939875,"Speed":3.4000013,"GapFromPreviousMs":265.5649999999987,"SameSegmentAsPrevious":true,"PlaybackPlaying":true,"HasStreamPlayback":true,"PlaybackPosition":0.00290249427780509},{"FrameIndex":217,"StampDelta":1,"SnowUpdateMs":2.3563,"SnowRedrawMs":0.977,"SnowMeshMs":1.3699,"TriggerCount":46,"TriggerDelta":1,"ElapsedMs":11502.521,"Phase":3,"SegmentId":5,"PackedBand":false,"Surface":"snow_soft","X":-7.208519,"Z":3.50973,"Speed":3.4000013,"GapFromPreviousMs":182.7480000000014,"SameSegmentAsPrevious":true,"PlaybackPlaying":true,"HasStreamPlayback":true,"PlaybackPosition":0.00290249427780509},{"FrameIndex":221,"StampDelta":1,"SnowUpdateMs":0.8686,"SnowRedrawMs":0.8633,"SnowMeshMs":0.0041,"TriggerCount":47,"TriggerDelta":1,"ElapsedMs":11696.482,"Phase":3,"SegmentId":5,"PackedBand":false,"Surface":"snow_soft","X":-6.9900723,"Z":2.925468,"Speed":3.4000013,"GapFromPreviousMs":193.96099999999933,"SameSegmentAsPrevious":true,"PlaybackPlaying":true,"HasStreamPlayback":true,"PlaybackPosition":0.00290249427780509},{"FrameIndex":224,"StampDelta":1,"SnowUpdateMs":1.8681,"SnowRedrawMs":0.8015,"SnowMeshMs":1.0648,"TriggerCount":48,"TriggerDelta":1,"ElapsedMs":11831.612,"Phase":4,"SegmentId":7,"PackedBand":true,"Surface":"snow_packed","X":-6.815183,"Z":2.4481568,"Speed":2.9228961,"GapFromPreviousMs":135.1299999999992,"SameSegmentAsPrevious":false,"PlaybackPlaying":true,"HasStreamPlayback":true,"PlaybackPosition":0.00290249427780509},{"FrameIndex":228,"StampDelta":1,"SnowUpdateMs":0.8517,"SnowRedrawMs":0.8474,"SnowMeshMs":0.0032,"TriggerCount":49,"TriggerDelta":1,"ElapsedMs":11997.451,"Phase":4,"SegmentId":7,"PackedBand":true,"Surface":"snow_packed","X":-6.668929,"Z":1.9206743,"Speed":3.4000013,"GapFromPreviousMs":165.83899999999994,"SameSegmentAsPrevious":true,"PlaybackPlaying":true,"HasStreamPlayback":true,"PlaybackPosition":0.00290249427780509},{"FrameIndex":232,"StampDelta":1,"SnowUpdateMs":1.8699,"SnowRedrawMs":0.8145,"SnowMeshMs":1.0543,"TriggerCount":50,"TriggerDelta":1,"ElapsedMs":12165.105,"Phase":4,"SegmentId":7,"PackedBand":true,"Surface":"snow_packed","X":-6.4708767,"Z":1.3898087,"Speed":3.4000013,"GapFromPreviousMs":167.65400000000045,"SameSegmentAsPrevious":true,"PlaybackPlaying":true,"HasStreamPlayback":true,"PlaybackPosition":0.00290249427780509},{"FrameIndex":236,"StampDelta":1,"SnowUpdateMs":0.8321,"SnowRedrawMs":0.8277,"SnowMeshMs":0.0033,"TriggerCount":51,"TriggerDelta":1,"ElapsedMs":12329.948,"Phase":4,"SegmentId":7,"PackedBand":true,"Surface":"snow_packed","X":-6.272381,"Z":0.8589054,"Speed":3.4000013,"GapFromPreviousMs":164.84300000000076,"SameSegmentAsPrevious":true,"PlaybackPlaying":true,"HasStreamPlayback":true,"PlaybackPosition":0.00290249427780509},{"FrameIndex":240,"StampDelta":1,"SnowUpdateMs":8.5257,"SnowRedrawMs":0.8823,"SnowMeshMs":7.6384,"TriggerCount":52,"TriggerDelta":1,"ElapsedMs":12523.103,"Phase":4,"SegmentId":7,"PackedBand":true,"Surface":"snow_packed","X":-6.335451,"Z":0.4430012,"Speed":2.6058424,"GapFromPreviousMs":193.15499999999884,"SameSegmentAsPrevious":true,"PlaybackPlaying":true,"HasStreamPlayback":true,"PlaybackPosition":0.00290249427780509}],"transition_gaps_ms":[{"ElapsedMs":7497.299,"GapFromPreviousMs":88.9960000000001,"Phase":0,"SegmentId":2,"Surface":"snow_soft"},{"ElapsedMs":7620.551,"GapFromPreviousMs":123.25200000000041,"Phase":1,"SegmentId":3,"Surface":"snow_soft"},{"ElapsedMs":10535.509,"GapFromPreviousMs":1900.9339999999993,"Phase":3,"SegmentId":5,"Surface":"mud"},{"ElapsedMs":11831.612,"GapFromPreviousMs":135.1299999999992,"Phase":4,"SegmentId":7,"Surface":"snow_packed"}],"last_step_surface_changes":[{"ElapsedMs":176.001,"Phase":0,"SegmentId":1,"From":"","To":"snow_packed","X":0.00013160685,"Z":8.207111},{"ElapsedMs":7497.299,"Phase":0,"SegmentId":2,"From":"snow_packed","To":"snow_soft","X":-6.940919,"Z":2.6091986},{"ElapsedMs":7965.158,"Phase":1,"SegmentId":3,"From":"snow_soft","To":"mud","X":-7.571654,"Z":4.1215024},{"ElapsedMs":11319.773,"Phase":3,"SegmentId":5,"From":"mud","To":"snow_soft","X":-7.426964,"Z":4.0939875},{"ElapsedMs":11831.612,"Phase":4,"SegmentId":7,"From":"snow_soft","To":"snow_packed","X":-6.815183,"Z":2.4481568}],"timing_notes":{"frame_ms":"monotonic Time.GetTicksUsec delta between ProcessPriority=100 samples; drawn frame counters accompany it","process_physics_ms":"Godot Performance monitors sampled after default-priority game/audio callbacks","snow":"update/redraw/mesh timings are included only on frames where snowTrampleStampCount advanced; a multi-stamp frame reports the stamp delta and latest timing once","playback":"Playing/HasStreamPlayback/GetPlaybackPosition describe the single AudioStreamPlayer; internal polyphonic voice count is unavailable","surface":"LastSurface is the last surface resolved by an actual step; trigger events carry its fresh value, while per-frame fields can carry it forward between steps","data_only":"capture status is not a diagnosis or task acceptance"},"hitches":{"threshold_ms":33.3,"threshold_is_diagnostic_only":true,"long_frame_count":234,"process_over_threshold_count":222,"physics_over_threshold_count":52,"gc_frame_count":23,"samples":[{"frame":2,"frame_index":2,"ElapsedMs":176.001,"FrameMs":100.142,"ProcessMonitorMs":37.143,"PhysicsMonitorMs":22.991,"Gen0Delta":0,"Gen1Delta":0,"Gen2Delta":0,"AllocatedBytesDelta":11179416,"stamp_delta":1,"snow_update_ms":19.5583,"snow_redraw_ms":6.099,"snow_mesh_ms":13.4526,"phase":"road_outbound","location":"packed_band","Surface":"snow_packed","TriggerDelta":1,"DrawnFrame":11,"DrawDelta":1},{"frame":6,"frame_index":6,"ElapsedMs":441.818,"FrameMs":77.125,"ProcessMonitorMs":37.143,"PhysicsMonitorMs":22.991,"Gen0Delta":1,"Gen1Delta":1,"Gen2Delta":1,"AllocatedBytesDelta":10344968,"stamp_delta":1,"snow_update_ms":13.1883,"snow_redraw_ms":1.0338,"snow_mesh_ms":12.1533,"phase":"road_outbound","location":"packed_band","Surface":"snow_packed","TriggerDelta":1,"DrawnFrame":15,"DrawDelta":1},{"frame":34,"frame_index":34,"ElapsedMs":1921.47,"FrameMs":67.018,"ProcessMonitorMs":48.266000000000005,"PhysicsMonitorMs":17.172,"Gen0Delta":1,"Gen1Delta":1,"Gen2Delta":1,"AllocatedBytesDelta":10733320,"stamp_delta":1,"snow_update_ms":12.558,"snow_redraw_ms":0.8842,"snow_mesh_ms":11.6725,"phase":"road_outbound","location":"packed_band","Surface":"snow_packed","TriggerDelta":0,"DrawnFrame":43,"DrawDelta":1},{"frame":47,"frame_index":47,"ElapsedMs":2567.444,"FrameMs":69.571,"ProcessMonitorMs":48.266000000000005,"PhysicsMonitorMs":17.172,"Gen0Delta":1,"Gen1Delta":1,"Gen2Delta":1,"AllocatedBytesDelta":10906624,"stamp_delta":1,"snow_update_ms":13.1643,"snow_redraw_ms":0.8563,"snow_mesh_ms":12.3067,"phase":"road_outbound","location":"packed_band","Surface":"snow_packed","TriggerDelta":0,"DrawnFrame":56,"DrawDelta":1},{"frame":70,"frame_index":70,"ElapsedMs":3864.592,"FrameMs":200.746,"ProcessMonitorMs":50.348,"PhysicsMonitorMs":25.45,"Gen0Delta":3,"Gen1Delta":3,"Gen2Delta":0,"AllocatedBytesDelta":23353112,"stamp_delta":0,"snow_update_ms":null,"snow_redraw_ms":null,"snow_mesh_ms":null,"phase":"road_outbound","location":"packed_band","Surface":"snow_packed","TriggerDelta":0,"DrawnFrame":79,"DrawDelta":1},{"frame":72,"frame_index":72,"ElapsedMs":4009.98,"FrameMs":75.472,"ProcessMonitorMs":35.366,"PhysicsMonitorMs":158.404,"Gen0Delta":0,"Gen1Delta":0,"Gen2Delta":0,"AllocatedBytesDelta":918400,"stamp_delta":0,"snow_update_ms":null,"snow_redraw_ms":null,"snow_mesh_ms":null,"phase":"road_outbound","location":"packed_band","Surface":"snow_packed","TriggerDelta":0,"DrawnFrame":81,"DrawDelta":1},{"frame":76,"frame_index":76,"ElapsedMs":4351.214,"FrameMs":185.607,"ProcessMonitorMs":35.366,"PhysicsMonitorMs":158.404,"Gen0Delta":3,"Gen1Delta":3,"Gen2Delta":0,"AllocatedBytesDelta":22719544,"stamp_delta":0,"snow_update_ms":null,"snow_redraw_ms":null,"snow_mesh_ms":null,"phase":"road_outbound","location":"packed_band","Surface":"snow_packed","TriggerDelta":0,"DrawnFrame":85,"DrawDelta":1},{"frame":87,"frame_index":87,"ElapsedMs":4930.291,"FrameMs":105.572,"ProcessMonitorMs":44.242,"PhysicsMonitorMs":143.446,"Gen0Delta":1,"Gen1Delta":1,"Gen2Delta":0,"AllocatedBytesDelta":608760,"stamp_delta":0,"snow_update_ms":null,"snow_redraw_ms":null,"snow_mesh_ms":null,"phase":"road_outbound","location":"packed_band","Surface":"snow_packed","TriggerDelta":0,"DrawnFrame":96,"DrawDelta":1},{"frame":102,"frame_index":102,"ElapsedMs":5693.666,"FrameMs":80.342,"ProcessMonitorMs":44.242,"PhysicsMonitorMs":143.446,"Gen0Delta":1,"Gen1Delta":1,"Gen2Delta":1,"AllocatedBytesDelta":11435928,"stamp_delta":1,"snow_update_ms":33.0247,"snow_redraw_ms":5.5726,"snow_mesh_ms":27.4503,"phase":"road_outbound","location":"packed_band","Surface":"snow_packed","TriggerDelta":1,"DrawnFrame":111,"DrawDelta":1},{"frame":103,"frame_index":103,"ElapsedMs":5760.591,"FrameMs":66.925,"ProcessMonitorMs":44.242,"PhysicsMonitorMs":143.446,"Gen0Delta":1,"Gen1Delta":1,"Gen2Delta":0,"AllocatedBytesDelta":792320,"stamp_delta":0,"snow_update_ms":null,"snow_redraw_ms":null,"snow_mesh_ms":null,"phase":"road_outbound","location":"packed_band","Surface":"snow_packed","TriggerDelta":0,"DrawnFrame":112,"DrawDelta":1},{"frame":131,"frame_index":131,"ElapsedMs":7254.904,"FrameMs":102.697,"ProcessMonitorMs":45.079,"PhysicsMonitorMs":16.275000000000002,"Gen0Delta":0,"Gen1Delta":0,"Gen2Delta":0,"AllocatedBytesDelta":781816,"stamp_delta":0,"snow_update_ms":null,"snow_redraw_ms":null,"snow_mesh_ms":null,"phase":"road_outbound","location":"packed_band","Surface":"snow_packed","TriggerDelta":0,"DrawnFrame":140,"DrawDelta":1},{"frame":132,"frame_index":132,"ElapsedMs":7408.303,"FrameMs":153.399,"ProcessMonitorMs":45.079,"PhysicsMonitorMs":16.275000000000002,"Gen0Delta":0,"Gen1Delta":0,"Gen2Delta":0,"AllocatedBytesDelta":6569832,"stamp_delta":1,"snow_update_ms":14.0128,"snow_redraw_ms":5.9741,"snow_mesh_ms":8.0302,"phase":"road_outbound","location":"packed_band","Surface":"snow_packed","TriggerDelta":1,"DrawnFrame":141,"DrawDelta":1},{"frame":133,"frame_index":133,"ElapsedMs":7497.299,"FrameMs":88.996,"ProcessMonitorMs":45.079,"PhysicsMonitorMs":16.275000000000002,"Gen0Delta":1,"Gen1Delta":1,"Gen2Delta":0,"AllocatedBytesDelta":1098072,"stamp_delta":1,"snow_update_ms":0.9708,"snow_redraw_ms":0.9646,"snow_mesh_ms":0.0048,"phase":"road_outbound","location":"offroad","Surface":"snow_soft","TriggerDelta":1,"DrawnFrame":142,"DrawDelta":1},{"frame":137,"frame_index":137,"ElapsedMs":7830.254,"FrameMs":157.589,"ProcessMonitorMs":45.079,"PhysicsMonitorMs":16.275000000000002,"Gen0Delta":0,"Gen1Delta":0,"Gen2Delta":0,"AllocatedBytesDelta":3365384,"stamp_delta":1,"snow_update_ms":0.802,"snow_redraw_ms":0.7968,"snow_mesh_ms":0.004,"phase":"offroad_outbound","location":"offroad","Surface":"snow_soft","TriggerDelta":1,"DrawnFrame":146,"DrawDelta":1},{"frame":141,"frame_index":141,"ElapsedMs":8102.716,"FrameMs":74.382,"ProcessMonitorMs":115.368,"PhysicsMonitorMs":19.284,"Gen0Delta":1,"Gen1Delta":1,"Gen2Delta":0,"AllocatedBytesDelta":614784,"stamp_delta":0,"snow_update_ms":null,"snow_redraw_ms":null,"snow_mesh_ms":null,"phase":"offroad_outbound","location":"offroad","Surface":"mud","TriggerDelta":0,"DrawnFrame":150,"DrawDelta":1},{"frame":149,"frame_index":149,"ElapsedMs":8634.575,"FrameMs":82.687,"ProcessMonitorMs":115.368,"PhysicsMonitorMs":19.284,"Gen0Delta":1,"Gen1Delta":1,"Gen2Delta":1,"AllocatedBytesDelta":5823360,"stamp_delta":1,"snow_update_ms":9.1342,"snow_redraw_ms":0.9333,"snow_mesh_ms":8.1988,"phase":"offroad_outbound","location":"offroad","Surface":"mud","TriggerDelta":1,"DrawnFrame":158,"DrawDelta":1},{"frame":218,"frame_index":218,"ElapsedMs":11568.972,"FrameMs":66.451,"ProcessMonitorMs":33.513,"PhysicsMonitorMs":15.876999999999999,"Gen0Delta":1,"Gen1Delta":1,"Gen2Delta":0,"AllocatedBytesDelta":462192,"stamp_delta":0,"snow_update_ms":null,"snow_redraw_ms":null,"snow_mesh_ms":null,"phase":"offroad_return","location":"offroad","Surface":"snow_soft","TriggerDelta":0,"DrawnFrame":227,"DrawDelta":1}]}}
act1-footstep-lag-profile: data route-complete; no diagnosis asserted
userdata guard: original files restored by rename and verified (Windows ACLs not compared)
game reported engine errors; inspect the log before accepting it.
Windows check: FAIL; receipt: D:\URMAN-STATION\data\runs\2cf68876477348b5a2ed2157ba415b77\artifacts/receipt.json
